# Created by Open3D 
# object name: InfoWheels Cab Seats
# number of vertices: 3469
# number of triangles: 6850
v 60.4872 -101.94 2.22519
vn 0.53277 -0.845802 -0.0278201
v 60.0411 -102.046 2.33595
vn 0.134602 -0.966953 0.216529
v 60.4522 -101.274 4.15396
vn 0.667037 -0.706157 0.237496
v 60.6977 -101.619 2.47745
vn 0.877407 -0.451316 0.162696
v 60.7102 -101.102 3.23137
vn 0.972331 -0.20407 0.113702
v 60.5304 -100.922 4.91635
vn 0.877088 -0.450693 0.166109
v 60.1904 -101.255 4.74795
vn 0.294706 -0.917076 0.268551
v 59.5412 -101.198 5.28981
vn 0.0686378 -0.965283 0.252026
v 59.0788 -101.475 4.3457
vn 0.00620938 -0.961387 0.275128
v 48.7653 -101.441 4.47496
vn -0.0151548 -0.961258 0.275233
v 59.1421 -102.085 2.38208
vn 0.014977 -0.969733 0.243709
v 60.2814 -99.6564 8.02163
vn 0.211258 -0.137221 0.96775
v 59.8866 -99.4575 8.10625
vn 0.0434708 -0.0552938 0.997523
v 59.7447 -100.136 8.01369
vn 0.0406042 -0.238553 0.97028
v 60.4292 -99.0718 8.03622
vn 0.620581 -0.0293216 0.783594
v 60.4059 -97.8669 7.99178
vn 0.708979 0.17943 0.682022
v 59.7812 -97.6269 8.06064
vn 0.0392381 0.143931 0.988809
v 59.8297 -98.4597 8.12746
vn 0.0249551 0.0202422 0.999484
v 47.998 -97.5095 8.04166
vn -0.0311815 0.191145 0.981066
v 47.9508 -98.0966 8.11151
vn -0.0464967 0.0458445 0.997866
v 48.363 -98.861 8.13285
vn -0.0056035 -0.00595456 0.999967
v 60.2577 -97.8961 4.36049
vn 0.395988 0.885881 -0.241679
v 59.9837 -97.5752 5.31549
vn 0.194994 0.947309 -0.254132
v 60.5005 -98.1749 4.00098
vn 0.79057 0.595948 -0.140871
v 60.0599 -98.6736 1.59636
vn 0.134528 0.940803 -0.311113
v 60.617 -98.4395 4.16635
vn 0.959071 0.280389 -0.0395668
v 60.6809 -99.1304 1.406
vn 0.918429 0.36947 -0.141348
v 59.22 -98.6766 1.44144
vn 0.0116461 0.93577 -0.35242
v 58.7342 -98.2879 2.63702
vn 0.00176312 0.953461 -0.301511
v 59.0783 -97.7473 4.41163
vn 0.00820238 0.96235 -0.271688
v 59.6047 -97.672 4.73762
vn 0.0690692 0.962325 -0.262982
v 60.0246 -99.53 0.986784
vn 0.0279672 -0.182824 -0.982748
v 60.6404 -99.8728 1.14031
vn 0.400147 -0.209834 -0.892105
v 60.0915 -100.123 1.13796
vn 0.02792 -0.300167 -0.953478
v 60.8092 -100.524 1.46575
vn 0.85478 -0.180236 -0.486689
v 60.6409 -101.111 1.577
vn 0.371618 -0.407452 -0.834196
v 59.9861 -101.407 1.65093
vn 0.0144033 -0.46217 -0.886674
v 60.0712 -101.817 1.90435
vn 0.0929469 -0.611534 -0.78574
v 60.0775 -100.796 1.37752
vn 0.0208543 -0.370234 -0.928704
v 47.6859 -101.643 1.7842
vn -0.0389683 -0.503909 -0.862877
v 60.8176 -99.6844 2.39134
vn 0.994171 0.107137 0.0120327
v 60.8565 -100.122 2.10967
vn 0.999325 0.0324564 0.0172023
v 60.8045 -99.62 1.3645
vn 0.95159 0.110366 -0.286872
v 60.6477 -98.5179 4.8315
vn 0.983879 0.178728 -0.00617971
v 60.5861 -99.191 7.68671
vn 0.988093 -0.0667331 0.138636
v 60.7919 -100.506 3.1543
vn 0.995451 -0.0603225 0.0737432
v 60.7887 -101.252 2.50563
vn 0.992101 -0.110824 0.0587613
v 60.8673 -100.791 1.97473
vn 0.997681 -0.0665977 -0.0140576
v 46.9668 -100.215 2.3179
vn -0.999116 0.0108314 0.0406152
v 47.0354 -101.416 2.48242
vn -0.982525 -0.169791 0.0762571
v 47.111 -100.996 3.55995
vn -0.976784 -0.185353 0.107413
v 47.2581 -99.354 7.81368
vn -0.943687 -0.0526118 0.32663
v 47.0178 -100.562 3.00201
vn -0.996104 -0.0523942 0.0709343
v 46.9928 -99.6296 1.65279
vn -0.991755 0.124179 -0.0316531
v 47.347 -97.4643 7.42009
vn -0.959379 0.28208 0.00469467
v 47.1044 -99.1559 1.39693
vn -0.953544 0.281369 -0.107631
v 47.2299 -98.8435 7.78911
vn -0.975518 0.027942 0.218137
v 47.2987 -99.974 7.41913
vn -0.977757 -0.185268 0.0983171
v 47.4121 -100.207 7.84011
vn -0.732881 -0.286789 0.616958
v 47.449 -99.3305 8.05769
vn -0.398629 -0.0707392 0.91438
v 47.3622 -98.4747 7.98199
vn -0.731248 0.0369502 0.68111
v 47.4272 -97.6721 7.98708
vn -0.547129 0.149469 0.823595
v 47.2466 -98.0595 7.50356
vn -0.99562 0.0811596 0.0464129
v 59.7435 -97.2522 7.96711
vn 0.0753791 0.374961 0.923971
v 60.2333 -97.2578 7.86859
vn 0.50341 0.540868 0.673825
v 60.4273 -97.4034 7.61194
vn 0.946987 0.318419 0.0427231
v 59.5983 -97.0249 7.80062
vn 0.10683 0.881559 0.459826
v 60.0451 -97.0591 7.50505
vn 0.254878 0.957478 -0.135177
v 60.2954 -97.2311 7.35049
vn 0.68652 0.71638 -0.124463
v 59.4783 -96.9716 7.52084
vn 0.0664966 0.987374 -0.143774
v 58.8976 -97.0022 7.2861
vn 0.00879712 0.975526 -0.219706
v 59.2774 -96.9791 7.69319
vn 0.0346119 0.973363 0.226642
v 59.242 -97.1133 7.89553
vn 0.0176777 0.591349 0.806222
v 60.575 -98.183 7.64241
vn 0.98789 0.121453 0.0965576
v 60.4902 -99.9254 7.74447
vn 0.924691 -0.193607 0.327817
v 59.2358 -100.688 7.55821
vn 0.0300934 -0.952768 0.302205
v 59.3711 -100.574 7.76525
vn 0.0346963 -0.812929 0.581328
v 59.9392 -100.802 6.74749
vn 0.198634 -0.951702 0.234109
v 60.1111 -100.524 7.64924
vn 0.285431 -0.876065 0.388637
v 59.6363 -100.432 7.89669
vn 0.0457833 -0.54412 0.837757
v 60.2762 -100.374 7.79036
vn 0.474038 -0.623335 0.621885
v 60.38 -100.211 7.82701
vn 0.628922 -0.381012 0.677708
v 47.7087 -102.049 2.32598
vn -0.139587 -0.979622 0.144419
v 48.601 -102.095 2.34827
vn -0.00978472 -0.97061 0.240457
v 47.8602 -101.176 5.2491
vn -0.115143 -0.959918 0.255536
v 47.3913 -101.183 4.65586
vn -0.582563 -0.777451 0.237044
v 47.378 -101.963 2.26687
vn -0.401955 -0.901136 0.162439
v 47.2621 -100.922 4.91635
vn -0.903284 -0.400993 0.152586
v 47.1719 -101.835 2.24154
vn -0.787116 -0.612893 0.0693559
v 47.6193 -99.7905 1.0424
vn -0.0290811 -0.233289 -0.971973
v 47.9445 -99.3281 0.960299
vn -0.0202233 -0.0131679 -0.999709
v 47.6344 -100.407 1.22983
vn -0.0194801 -0.326862 -0.944871
v 47.665 -100.998 1.46142
vn -0.0208488 -0.397482 -0.917373
v 47.0967 -101.06 1.57124
vn -0.457344 -0.415163 -0.786433
v 46.9695 -100.676 1.5711
vn -0.93105 -0.153254 -0.331149
v 47.1676 -99.6079 1.06694
vn -0.461313 -0.0617286 -0.885088
v 46.9996 -99.9729 1.3174
vn -0.925665 0.0116157 -0.378167
v 48.1326 -97.6716 4.73932
vn -0.0714841 0.962194 -0.262819
v 47.738 -97.7925 4.46859
vn -0.204091 0.944686 -0.256739
v 48.4725 -98.1199 3.16511
vn -0.00848046 0.956948 -0.290135
v 49.0362 -97.7302 4.48669
vn -0.00183452 0.962152 -0.272507
v 48.1873 -98.6736 1.46199
vn -0.0499764 0.943348 -0.32802
v 47.4661 -98.8605 1.22287
vn -0.277501 0.88444 -0.375178
v 47.2154 -99.0233 1.22952
vn -0.726752 0.506916 -0.463538
v 47.5013 -97.9723 4.10115
vn -0.419008 0.875138 -0.242002
v 47.3615 -97.9874 4.42256
vn -0.710498 0.684062 -0.165078
v 47.2592 -98.1828 4.34943
vn -0.903028 0.421598 -0.0824325
v 47.9965 -97.2547 7.96754
vn -0.0796318 0.371856 0.924869
v 47.9032 -97.1164 7.88951
vn -0.195099 0.638598 0.744398
v 48.269 -96.9985 7.7613
vn -0.0540837 0.920141 0.387834
v 47.6882 -97.0651 7.53697
vn -0.270631 0.959863 -0.0736393
v 48.3277 -96.9689 7.50324
vn -0.0268348 0.989281 -0.14354
v 49.1195 -97.0231 7.21104
vn -0.00189594 0.971696 -0.236227
v 47.481 -97.202 7.64899
vn -0.76398 0.617714 0.186448
v 47.9344 -99.5445 8.10086
vn -0.0222998 -0.0822571 0.996362
v 47.873 -100.081 8.02598
vn -0.0495729 -0.230409 0.97183
v 48.201 -100.617 7.70571
vn -0.0332216 -0.853225 0.520484
v 47.8155 -100.802 6.74749
vn -0.208283 -0.949622 0.23417
v 48.7228 -100.703 7.49239
vn -0.00896414 -0.966406 0.256865
v 47.6562 -100.501 7.72381
vn -0.269917 -0.772928 0.574218
v 48.4854 -100.418 7.90758
vn -0.0130202 -0.564413 0.82539
v 47.4877 -100.381 7.72085
vn -0.692565 -0.543235 0.474605
v 60.5076 -101.875 2.05359
vn 0.328177 -0.729006 -0.600708
v 60.7449 -101.404 1.96343
vn 0.929656 -0.308493 -0.201424
v 59.7025 -101.993 2.06701
vn 0.0197413 -0.823613 -0.566808
v 59.6044 -102.084 2.24022
vn 0.0142773 -0.976767 -0.213828
v 60.3516 -98.8646 1.28638
vn 0.280029 0.854966 -0.436597
v 60.5662 -99.0263 1.22808
vn 0.690578 0.530625 -0.491466
v 59.8458 -98.9521 1.0351
vn 0.0923357 0.593097 -0.799819
v 60.5068 -99.2143 1.04333
vn 0.389989 0.241474 -0.888594
v 60.0091 -99.2394 0.962309
vn 0.0692464 0.0259609 -0.997262
v 59.1882 -99.0857 0.983248
vn 0.0154778 0.249061 -0.968364
v 59.504 -98.8198 1.15496
vn 0.0217346 0.841023 -0.540563
v 48.2227 -98.8199 1.1549
vn -0.0224414 0.839596 -0.542748
v 47.6685 -99.0973 0.981013
vn -0.133213 0.191269 -0.972456
v 47.8462 -98.9557 1.04109
vn -0.0641735 0.55553 -0.829017
v 47.0768 -101.587 2.02099
vn -0.902826 -0.387375 -0.186669
v 48.641 -101.885 1.96385
vn -0.0057174 -0.668695 -0.743515
v 47.9685 -102.036 2.13155
vn -0.0412262 -0.825401 -0.56304
v 47.2785 -101.869 2.0357
vn -0.329559 -0.723745 -0.606287
v 59.0059 -101.04 6.01057
vn 0.00972918 -0.972356 0.233303
v 48.6686 -101.056 5.93818
vn -0.00959885 -0.973224 0.229659
v 49.0613 -97.5051 5.30616
vn -0.00188709 0.967709 -0.252062
v 49.653 -100.101 8.4896
vn -0.0125923 -0.25877 -0.965857
v 48.7515 -99.9432 8.51361
vn -0.270358 -0.212502 -0.939015
v 49.3828 -100.468 8.66755
vn -0.079202 -0.604436 -0.792707
v 58.7383 -100.368 8.60124
vn 0.128088 -0.52197 -0.843292
v 49.6513 -100.601 8.82026
vn -0.0292982 -0.885687 -0.463357
v 48.8289 -100.507 8.94613
vn -0.531052 -0.822733 -0.202717
v 58.228 -100.63 8.86584
vn 0.0283306 -0.861872 -0.506333
v 49.7004 -100.723 9.14463
vn -0.0324472 -0.984803 -0.17062
v 57.9046 -100.731 9.18963
vn 0.010495 -0.97659 -0.214854
v 49.1501 -100.65 9.1861
vn -0.237624 -0.960288 -0.146228
v 48.6573 -100.195 9.89267
vn -0.945354 -0.312418 0.0932737
v 48.6033 -100.251 8.89754
vn -0.809157 -0.566863 -0.154697
v 48.6506 -100.149 8.65181
vn -0.564309 -0.486804 -0.666766
v 48.5287 -99.1417 8.49156
vn -0.638372 -0.0764998 -0.765917
v 50.3841 -100.687 15.6891
vn -0.0539152 -0.525803 0.848896
v 50.4414 -101.174 15.3277
vn -0.0382304 -0.681473 0.730844
v 57.3614 -100.94 15.5213
vn 0.0169102 -0.571713 0.820279
v 50.3745 -100.043 16.0433
vn -0.0355429 -0.451651 0.891486
v 57.4788 -100.405 15.8557
vn 0.0508948 -0.484503 0.873308
v 50.4068 -99.362 16.3397
vn -0.0273258 -0.329108 0.943897
v 50.3848 -98.9103 16.4606
vn -0.0677734 -0.0994701 0.99273
v 49.8604 -98.8935 16.3314
vn -0.601995 -0.041886 0.797401
v 49.9166 -99.8943 16.05
vn -0.345163 -0.409963 0.844271
v 49.7317 -99.8996 15.8938
vn -0.786822 -0.256482 0.561363
v 49.9196 -100.96 15.411
vn -0.41941 -0.575275 0.70225
v 49.6311 -96.8454 9.58587
vn -0.060293 0.988641 0.137676
v 49.0585 -96.8938 9.19058
vn -0.312144 0.948663 -0.0510269
v 49.9029 -97.1604 11.626
vn -0.0685872 0.980701 0.18309
v 49.5984 -96.8287 9.16381
vn -0.0429126 0.992056 -0.11825
v 49.3914 -96.9583 8.81964
vn -0.05335 0.801999 -0.594938
v 49.3308 -97.4602 8.54602
vn -0.0199595 0.285876 -0.958059
v 49.3905 -97.1449 8.67205
vn -0.0420274 0.50974 -0.859302
v 48.7261 -97.1706 8.79934
vn -0.611821 0.612401 -0.500639
v 48.7114 -97.4832 8.6228
vn -0.333125 0.370639 -0.86698
v 48.4198 -98.2644 8.6498
vn -0.887612 0.0806625 -0.453473
v 48.4495 -97.6446 8.98224
vn -0.975475 0.219565 0.0154934
v 48.699 -97.1023 9.19047
vn -0.741188 0.667555 0.0707867
v 48.6552 -97.4002 9.94349
vn -0.913936 0.37245 0.161253
v 48.9311 -96.9952 9.52835
vn -0.45049 0.877186 0.166142
v 49.3587 -98.0592 8.43476
vn -0.0261995 0.113489 -0.993194
v 49.7542 -98.6371 8.39441
vn -0.0109553 0.0404949 -0.99912
v 48.68 -98.4435 8.4482
vn -0.183073 0.0708833 -0.98054
v 49.3355 -99.2861 8.39034
vn -0.0167863 -0.0282782 -0.999459
v 58.6394 -98.8279 8.38402
vn 0.0221161 0.00991287 -0.999706
v 49.1336 -99.655 8.41891
vn -0.0559678 -0.0950845 -0.993895
v 59.3808 -97.8586 8.70478
vn 0.906906 0.158086 -0.390552
v 59.4368 -98.8445 8.69605
vn 0.975253 -0.00809458 -0.220945
v 59.316 -99.0121 8.48862
vn 0.594807 -0.011891 -0.803781
v 59.2547 -97.2688 9.27104
vn 0.924828 0.357604 0.129661
v 59.3724 -97.8173 9.26617
vn 0.984241 0.151146 0.0917876
v 59.4606 -98.331 9.08035
vn 0.993831 0.0386178 0.103966
v 59.0634 -99.0901 11.8909
vn 0.984593 -0.0203734 0.173673
v 59.4504 -99.3785 8.8633
vn 0.993995 -0.104393 0.0328048
v 59.2749 -100.18 9.05976
vn 0.941283 -0.33472 0.0441556
v 59.2738 -99.892 9.74282
vn 0.975806 -0.190923 0.106545
v 59.2429 -99.9786 8.57809
vn 0.625845 -0.2897 -0.724149
v 48.4437 -99.478 8.71999
vn -0.951722 -0.143045 -0.271593
v 48.4376 -99.6671 9.10106
vn -0.986286 -0.14993 0.0690053
v 48.3806 -98.9772 8.89186
vn -0.998483 -0.0374426 -0.0403683
v 48.3696 -98.2979 9.04193
vn -0.997443 0.0369511 0.0611717
v 48.4856 -99.2263 9.82663
vn -0.989773 -0.0696862 0.124475
v 48.597 -98.8104 10.7285
vn -0.989282 -0.000121804 0.146016
v 48.8787 -99.809 12.1749
vn -0.976551 -0.128885 0.172444
v 48.9417 -99.1561 12.7198
vn -0.98093 -0.0296851 0.192083
v 49.0119 -100.479 12.1666
vn -0.949581 -0.269413 0.160352
v 49.2754 -99.6231 14.2056
vn -0.974877 -0.0761382 0.209329
v 49.6959 -100.797 15.2134
vn -0.906875 -0.320666 0.273408
v 49.6025 -100.244 15.3824
vn -0.956258 -0.149904 0.251196
v 49.5928 -99.3148 15.6931
vn -0.963795 0.015366 0.266201
v 49.4969 -98.7422 15.116
vn -0.957303 0.139383 0.253266
v 49.2568 -98.3043 13.9263
vn -0.946243 0.208644 0.247166
v 48.8478 -98.3744 12.228
vn -0.978857 0.0808881 0.187874
v 48.9594 -97.9524 12.3523
vn -0.948613 0.238295 0.208206
v 50.4795 -98.2603 15.9773
vn -0.0634876 0.95067 0.303638
v 50.1612 -98.3285 16.0264
vn -0.222847 0.911477 0.345759
v 57.1504 -98.2882 16.0789
vn 0.0197068 0.948287 0.316802
v 50.4763 -97.7345 14.1747
vn -0.0139627 0.963893 0.265923
v 57.7765 -97.4953 13.2414
vn 0.0618359 0.967469 0.245317
v 49.9398 -97.3569 12.6309
vn -0.0639894 0.969878 0.235038
v 49.4033 -97.517 12.848
vn -0.368013 0.891347 0.2647
v 49.2924 -97.7767 13.2772
vn -0.73122 0.622101 0.279834
v 49.1851 -97.9265 13.2325
vn -0.886646 0.3857 0.255134
v 49.802 -98.5418 15.9924
vn -0.811061 0.476481 0.33933
v 50.0022 -98.4203 16.1117
vn -0.451221 0.800419 0.394626
v 58.9865 -98.3747 12.2244
vn 0.979809 0.0719669 0.186534
v 58.9096 -97.8169 12.1658
vn 0.927129 0.311662 0.208084
v 58.3571 -98.7169 15.0322
vn 0.960033 0.12425 0.250796
v 58.2528 -99.4319 15.626
vn 0.966933 -0.0521097 0.249651
v 58.2417 -100.105 15.4337
vn 0.964951 -0.128912 0.228587
v 58.8265 -100.487 12.1579
vn 0.945621 -0.288953 0.149359
v 58.7344 -100.363 12.7819
vn 0.954413 -0.234109 0.185174
v 58.0791 -100.876 15.3083
vn 0.829125 -0.38164 0.408536
v 58.8159 -99.8812 12.7902
vn 0.972813 -0.132141 0.190194
v 59.039 -99.8529 11.5468
vn 0.978004 -0.141099 0.153621
v 59.07 -99.3344 11.668
vn 0.984799 -0.0630613 0.161846
v 49.7429 -101.031 11.3633
vn -0.110044 -0.98681 -0.118726
v 49.3962 -101.012 11.8129
vn -0.360247 -0.931349 -0.0530205
v 50.3096 -101.122 11.7637
vn -0.0131138 -0.992692 -0.119957
v 57.6871 -101.225 12.6438
vn 0.0648486 -0.992988 -0.0988374
v 50.5059 -101.411 14.4685
vn -0.0697387 -0.994864 -0.0733667
v 50.042 -101.349 14.7404
vn -0.285614 -0.957953 0.0274057
v 49.9177 -101.257 15.0311
vn -0.482766 -0.796464 0.364119
v 49.7264 -101.07 14.7387
vn -0.842147 -0.518193 0.149212
v 49.0639 -100.771 11.4875
vn -0.751134 -0.658859 0.0412677
v 57.6079 -99.5008 16.2889
vn 0.0279784 -0.369768 0.928703
v 57.6037 -97.8103 14.4347
vn 0.0713853 0.957368 0.279911
v 58.246 -96.8686 8.96789
vn 0.0359632 0.935451 -0.351623
v 58.2268 -96.8719 9.76282
vn 0.0665035 0.985696 0.154855
v 58.2043 -96.8247 9.3231
vn 0.0419109 0.999081 0.00895962
v 58.4867 -97.0642 8.71864
vn 0.0442695 0.606101 -0.794155
v 58.3588 -97.3702 8.57278
vn 0.0177151 0.271801 -0.96219
v 58.7585 -98.2545 8.41682
vn 0.0582371 0.100953 -0.993185
v 58.2406 -97.734 8.48124
vn 0.00555739 0.180093 -0.983634
v 58.7834 -99.5805 8.41147
vn 0.0462536 -0.0704304 -0.996444
v 58.4831 -100.491 8.6916
vn 0.0718519 -0.688588 -0.721585
v 57.9426 -100.756 15.5697
vn 0.350605 -0.520971 0.778245
v 58.0864 -99.7844 15.9732
vn 0.830086 -0.208528 0.517178
v 57.8137 -99.2042 16.3579
vn 0.290202 -0.300402 0.908593
v 57.3978 -98.8082 16.4723
vn 0.0409109 -0.101395 0.994005
v 57.6891 -98.366 16.1385
vn 0.232339 0.888335 0.396079
v 57.8694 -98.4136 16.0752
vn 0.490562 0.778083 0.392346
v 58.0428 -98.5454 16.0026
vn 0.805292 0.491814 0.331097
v 58.6606 -97.9265 13.2325
vn 0.897749 0.361173 0.252191
v 58.5599 -97.7767 13.2772
vn 0.749753 0.600139 0.278753
v 58.612 -97.5333 12.6082
vn 0.621724 0.743278 0.246978
v 58.2313 -97.5985 13.3305
vn 0.261739 0.926594 0.270032
v 58.8345 -96.9035 9.227
vn 0.286978 0.956769 -0.0472844
v 58.9988 -97.0717 9.78517
vn 0.60017 0.78103 0.172589
v 59.1874 -97.1484 9.01504
vn 0.791036 0.595268 -0.141132
v 59.2105 -97.4431 8.67275
vn 0.561878 0.366729 -0.741487
v 58.917 -97.0675 8.78808
vn 0.255473 0.683719 -0.683565
v 59.1772 -97.6539 8.55879
vn 0.272011 0.200045 -0.941271
v 58.5763 -100.09 8.49303
vn 0.0373946 -0.263553 -0.96392
v 58.9558 -100.546 8.96472
vn 0.334543 -0.878237 -0.341732
v 59.1196 -100.439 9.02818
vn 0.702151 -0.69729 -0.144118
v 58.6623 -100.688 9.25351
vn 0.210303 -0.964536 -0.15951
v 57.9192 -101.019 11.0187
vn 0.0694365 -0.989379 -0.127699
v 58.4666 -101.012 11.8124
vn 0.372481 -0.926715 -0.049563
v 57.8295 -101.344 14.6744
vn 0.33024 -0.943885 0.00469071
v 58.6951 -100.839 11.6549
vn 0.71988 -0.691684 0.0578392
v 58.7707 -100.729 11.8919
vn 0.875841 -0.472331 0.0990216
v 58.0095 -101.185 14.9696
vn 0.73171 -0.651782 0.199453
v 57.3523 -101.425 14.7285
vn 0.0205791 -0.999579 -0.0204492
v 57.5548 -101.389 14.9694
vn 0.162559 -0.949993 0.266624
v 57.5572 -101.159 15.335
vn 0.0951595 -0.716583 0.690981
v 57.1912 -101.319 15.1493
vn 0.0177737 -0.874047 0.485516
v 50.6195 -101.407 14.94
vn -0.039578 -0.958434 0.282555
v 50.0821 -98.6663 16.3988
vn -0.339511 0.350222 0.87297
v 50.6531 -98.5365 16.4179
vn -0.0248514 0.411948 0.910868
v 57.4576 -98.6266 16.4537
vn 0.098166 0.407272 0.908016
v 50.5867 -98.4065 16.2933
vn -0.0403622 0.853388 0.519712
v 57.0675 -98.4751 16.3582
vn 0.0240839 0.679945 0.732867
v 57.8485 -98.6931 16.3356
vn 0.400003 0.280842 0.872425
v 58.0575 -98.975 16.1998
vn 0.885286 0.0412154 0.463216
v 48.759 -98.9785 11.7505
vn -0.985936 -0.0131778 0.166602
v 48.7241 -98.021 11.2135
vn -0.973757 0.148306 0.172636
v 49.4014 -97.2621 11.754
vn -0.244374 0.950081 0.19398
v 58.0338 -97.1286 11.4469
vn 0.0209262 0.984337 0.17505
v 48.9703 -97.4529 11.551
vn -0.802916 0.555892 0.215197
v 58.468 -97.2621 11.754
vn 0.252298 0.947822 0.194882
v 59.1119 -98.0209 11.2135
vn 0.975872 0.135693 0.171059
v 59.2612 -99.4777 10.2989
vn 0.98665 -0.0956505 0.131805
v 47.4565 -119.479 -14.8878
vn -0.0245365 -0.997652 0.0639355
v 47.7469 -119.416 -14.3929
vn -0.00928628 -0.972035 0.23465
v 47.0423 -119.344 -14.3404
vn -0.2602 -0.880747 0.395703
v 46.8693 -119.398 -14.6836
vn -0.492289 -0.852214 0.177152
v 46.7191 -119.374 -15.6367
vn -0.793928 -0.607865 0.0133557
v 46.8922 -119.426 -16.6293
vn -0.304431 -0.947684 -0.0960048
v 47.4769 -119.507 -15.9135
vn -0.0174254 -0.999711 -0.0165903
v 47.5932 -119.482 -16.4982
vn -0.0209425 -0.996678 -0.0787049
v 47.7654 -119.411 -17.0506
vn -0.0132648 -0.981377 -0.191636
v 60.1547 -119.499 -15.2016
vn 0.00839467 -0.998997 0.0439934
v 48.8162 -107.513 -15.6336
vn -0.000268138 0.999883 -0.015276
v 47.4589 -107.526 -16.0361
vn -0.0288162 0.99829 -0.0508622
v 48.5479 -107.577 -16.5433
vn -0.00410432 0.988857 -0.148811
v 47.6349 -107.656 -16.9147
vn -0.0305643 0.947214 -0.319142
v 47.4448 -107.527 -14.8825
vn -0.0313377 0.998737 0.0392777
v 47.0045 -107.69 -16.8141
vn -0.295975 0.845966 -0.443554
v 46.8165 -107.594 -15.887
vn -0.597713 0.799686 -0.0569338
v 46.949 -107.597 -14.8087
vn -0.269013 0.957657 0.102593
v 46.8571 -107.675 -14.3544
vn -0.670765 0.702471 0.237925
v 47.4843 -107.575 -14.3816
vn -0.0257972 0.986704 0.160467
v 47.5486 -107.641 -14.0859
vn -0.0640532 0.956838 0.283477
v 60.1484 -107.507 -15.4146
vn 0.0100635 0.999942 -0.00374024
v 47.1386 -108.007 -13.861
vn -0.366922 0.110261 0.923694
v 47.4375 -107.939 -13.7757
vn -0.118029 0.218379 0.9687
v 46.968 -108.007 -13.9657
vn -0.643513 0.0975058 0.7592
v 46.7502 -108.227 -14.4433
vn -0.971686 -0.00491451 0.236224
v 46.8488 -107.978 -14.1215
vn -0.913331 0.103566 0.393827
v 46.8549 -113.261 -14.3814
vn -0.87647 -0.0117718 0.481312
v 46.7581 -113.74 -14.6927
vn -0.964882 -0.00567471 0.262622
v 46.9706 -113.26 -14.262
vn -0.665095 -0.0182071 0.746537
v 47.2275 -111.732 -14.0546
vn -0.28236 -0.0441971 0.95829
v 47.7386 -111.363 -13.9574
vn -0.0532166 -0.0460984 0.997518
v 48.43 -110.885 -13.9087
vn -0.00423615 -0.0571594 0.998356
v 47.8236 -108.005 -13.7411
vn -0.0329546 0.120094 0.992215
v 48.411 -108.241 -13.7302
vn -0.01054 -0.0461054 0.998881
v 46.645 -107.881 -15.7486
vn -0.995336 0.0859995 -0.0436986
v 46.6835 -108.084 -16.2809
vn -0.991323 0.0407862 -0.124959
v 46.7834 -107.876 -16.7046
vn -0.903095 0.328748 -0.276305
v 46.7527 -113.588 -16.9399
vn -0.971589 0.0054979 -0.236611
v 46.6644 -107.869 -15.0102
vn -0.989826 0.107437 0.0932875
v 47.5102 -108.149 -17.2599
vn -0.129125 0.11682 -0.984723
v 48.133 -108.189 -17.3035
vn -0.0192223 0.100331 -0.994768
v 48.8162 -110.325 -17.4505
vn -0.00143233 0.0599766 -0.998199
v 48.3389 -112 -17.5403
vn -0.0144629 0.0415367 -0.999032
v 47.4901 -112.499 -17.5177
vn -0.131136 0.0347078 -0.990757
v 47.3896 -110.954 -17.417
vn -0.183309 0.0539771 -0.981572
v 47.1397 -112.014 -17.3973
vn -0.37847 0.0394052 -0.924775
v 46.9683 -110.985 -17.2407
vn -0.661597 0.0404712 -0.748767
v 47.1411 -108.153 -17.1681
vn -0.375248 0.136141 -0.916872
v 46.8554 -108.166 -16.9206
vn -0.869748 0.0787649 -0.48717
v 46.8548 -114.133 -17.2321
vn -0.876564 0.00500774 -0.48126
v 46.9805 -107.967 -17.05
vn -0.558042 0.291504 -0.776926
v 61.1766 -107.931 -15.0253
vn 0.997128 0.0493527 0.0574501
v 61.1919 -108.151 -15.7558
vn 0.999609 0.0119548 -0.0252808
v 61.1041 -107.887 -14.3839
vn 0.95786 0.219226 0.185592
v 61.108 -111.703 -14.6555
vn 0.98178 -0.00865483 0.189825
v 61.1651 -111.363 -16.3761
vn 0.996296 0.00356126 -0.0859158
v 61.0846 -110.542 -16.8645
vn 0.972339 0.0132567 -0.233196
v 61.1315 -113.261 -16.7303
vn 0.989151 0.00354144 -0.146859
v 61.1308 -108.227 -16.4666
vn 0.993116 0.0173565 -0.115839
v 47.2049 -119.001 -14.0496
vn -0.228875 -0.111887 0.967004
v 46.9666 -119.025 -14.1947
vn -0.649532 -0.0484736 0.758788
v 46.8265 -119.025 -14.3858
vn -0.929507 -0.0245448 0.367988
v 47.7375 -119.278 -14.084
vn -0.0594808 -0.772581 0.632124
v 59.904 -119.337 -14.1684
vn 0.0126496 -0.882823 0.469535
v 48.0574 -119.155 -13.9995
vn -0.0274363 -0.393027 0.919117
v 47.8301 -119.003 -13.9602
vn -0.0515251 -0.0854478 0.995009
v 48.4058 -118.787 -13.9431
vn -0.0110821 0.00205564 0.999936
v 46.6491 -119.115 -16.0013
vn -0.994095 -0.106593 -0.0203108
v 46.6491 -118.731 -15.5647
vn -0.999634 -0.00554207 0.0264899
v 46.6973 -119.115 -16.5629
vn -0.988173 -0.0407997 -0.147818
v 46.8187 -119.08 -17.0489
vn -0.913309 -0.125256 -0.387526
v 46.6998 -119.092 -14.8932
vn -0.986281 -0.0554362 0.155486
v 47.794 -118.948 -17.4885
vn -0.0601015 -0.117258 -0.991281
v 47.2041 -118.983 -17.3994
vn -0.23217 -0.147329 -0.961453
v 48.4941 -118.724 -17.5243
vn -0.00614121 -0.0459621 -0.998924
v 60.0086 -119.098 -17.4647
vn 0.0378577 -0.320877 -0.946364
v 47.8165 -119.198 -17.4126
vn -0.0216945 -0.541626 -0.84034
v 59.8889 -119.26 -17.3639
vn 0.0183822 -0.710055 -0.703906
v 47.5697 -119.334 -17.2146
vn -0.0362341 -0.878153 -0.477006
v 60.4356 -119.339 -17.2493
vn 0.0916153 -0.859608 -0.502674
v 47.0587 -119.261 -17.2092
vn -0.409113 -0.593265 -0.693299
v 46.9693 -118.775 -17.268
vn -0.662602 -0.0739294 -0.745314
v 61.1878 -118.731 -15.5647
vn 0.999778 -0.00438578 0.0206059
v 61.1476 -119.092 -14.8936
vn 0.989664 -0.0839891 0.116233
v 61.0452 -119.026 -14.3801
vn 0.948142 -0.0144255 0.317521
v 61.1863 -119.206 -15.9934
vn 0.975665 -0.219246 -0.00287046
v 61.0441 -119.383 -14.7325
vn 0.705472 -0.67937 0.201906
v 61.1074 -119.351 -16.1355
vn 0.714944 -0.697959 -0.0413333
v 60.9793 -119.37 -16.9122
vn 0.460295 -0.858704 -0.225289
v 61.0544 -119.113 -17.0433
vn 0.956408 -0.116273 -0.26789
v 61.1632 -118.775 -16.3845
vn 0.994666 -0.0159153 -0.101912
v 61.1315 -117.574 -16.716
vn 0.98925 -0.0043261 -0.146167
v 48.431 -113.863 -14.0239
vn -0.0114246 -0.0135545 0.999843
v 59.4944 -113.202 -14.0062
vn 0.00782312 -0.0263717 0.999622
v 47.1402 -115.033 -14.1757
vn -0.383545 0.00696352 0.923496
v 47.4988 -114.352 -14.0759
vn -0.128926 -0.00606867 0.991636
v 59.5929 -115.002 -14.0293
vn 0.00689303 0.00107865 0.999976
v 61.1483 -115.793 -15.0011
vn 0.99311 -0.000201191 0.117186
v 61.0424 -113.578 -14.4566
vn 0.928995 -0.00961594 0.369967
v 61.0393 -114.177 -17.2027
vn 0.946175 0.00241803 -0.323646
v 59.5396 -112.01 -17.5446
vn 0.00823947 0.0472646 -0.998848
v 48.4107 -113.793 -17.5968
vn -0.0134693 0.0169235 -0.999766
v 47.969 -114.749 -17.6021
vn -0.0433682 0.00138978 -0.999058
v 59.6555 -114.757 -17.6073
vn 0.0109497 -0.00403497 -0.999932
v 47.4576 -116.057 -17.5444
vn -0.131882 -0.0169413 -0.991121
v 47.1392 -115.037 -17.4753
vn -0.383545 -0.00696631 -0.923496
v 46.9702 -114.807 -17.375
vn -0.659333 0.00327846 -0.751844
v 46.6988 -115.793 -15.0011
vn -0.989175 -0.000251886 0.14674
v 59.5635 -108.191 -13.7269
vn 0.0113557 -0.0366374 0.999264
v 59.589 -110.758 -13.9024
vn 0.0114271 -0.0583165 0.998233
v 60.2928 -107.57 -16.538
vn 0.0117196 0.994543 -0.103666
v 60.2545 -107.611 -14.1876
vn 0.0143132 0.964555 0.263493
v 59.9274 -107.555 -14.6039
vn 0.0157619 0.99576 0.0906243
v 59.9636 -108.585 -17.3316
vn 0.0321402 0.0712595 -0.99694
v 59.8934 -118.739 -17.5202
vn 0.0181462 -0.0435637 -0.998886
v 59.1807 -119.414 -17.0102
vn 0.00143748 -0.976857 -0.213889
v 60.8451 -119.469 -16.6066
vn 0.130909 -0.989866 -0.0550239
v 59.1807 -119.509 -15.7069
vn 0.00148057 -0.999902 -0.0139197
v 60.7518 -119.45 -14.6203
vn 0.0473464 -0.993633 0.102237
v 59.5647 -118.736 -13.9433
vn 0.0108157 0.0100294 0.999891
v 60.264 -119.397 -14.325
vn 0.0260097 -0.973767 0.226057
v 60.1854 -119.243 -14.0524
vn 0.0379625 -0.536096 0.843303
v 60.451 -108.107 -13.7729
vn 0.138958 -0.0110175 0.990237
v 60.2201 -112.014 -13.9859
vn 0.0681074 -0.0424195 0.996776
v 60.6979 -111.734 -14.0545
vn 0.306274 -0.0438742 0.950932
v 60.9271 -113.259 -14.2621
vn 0.716989 -0.0170149 0.696877
v 60.7738 -107.918 -13.8557
vn 0.333614 0.361634 0.870587
v 60.9769 -107.938 -14.0101
vn 0.776814 0.18987 0.600425
v 60.964 -107.559 -15.9102
vn 0.288886 0.956299 -0.0451412
v 60.9518 -107.661 -16.7
vn 0.467327 0.853706 -0.229762
v 61.0149 -107.593 -14.7388
vn 0.359495 0.928778 0.0901926
v 60.7085 -108.125 -17.1985
vn 0.30308 0.147633 -0.94146
v 60.9975 -107.97 -16.9663
vn 0.837415 0.15356 -0.524553
v 60.8776 -111.973 -17.355
vn 0.572591 0.0389699 -0.818914
v 60.5484 -110.954 -17.417
vn 0.196447 0.0538377 -0.979035
v 60.2201 -112.014 -17.5092
vn 0.0824834 0.0423852 -0.995691
v 60.4595 -113.967 -17.5565
vn 0.137447 0.0164311 -0.990373
v 60.9275 -114.807 -17.3749
vn 0.711202 0.0030808 -0.702981
v 60.7779 -115.039 -17.4753
vn 0.417728 -0.0068655 -0.908546
v 60.4856 -116.061 -17.5443
vn 0.140627 -0.0169261 -0.989918
v 60.7195 -118.984 -17.3994
vn 0.250771 -0.14664 -0.956875
v 60.9211 -119.131 -17.2612
vn 0.535794 -0.353008 -0.767014
v 60.5056 -119.492 -15.9029
vn 0.0384163 -0.999105 -0.0176769
v 60.8448 -119.344 -14.3209
vn 0.232293 -0.857772 0.458549
v 60.3914 -119.009 -13.9796
vn 0.0946638 -0.118052 0.988485
v 60.7646 -119.036 -14.0735
vn 0.295626 -0.209055 0.932149
v 60.9304 -119.026 -14.1946
vn 0.701286 -0.0454311 0.711431
v 60.4475 -114.353 -14.0759
vn 0.137463 -0.00606243 0.990488
v 60.7771 -115.034 -14.1757
vn 0.417728 0.00686273 0.908546
v 59.8926 -107.738 -13.8755
vn 0.0166231 0.787033 0.616687
v 59.9277 -107.911 -13.7574
vn 0.021006 0.224417 0.974267
v 47.4418 -107.748 -13.891
vn -0.121851 0.718298 0.684982
v 59.8982 -107.674 -16.9703
vn 0.00807033 0.941127 -0.337957
v 47.7791 -107.853 -17.1975
vn -0.0378756 0.563318 -0.825372
v 59.9584 -108.005 -17.264
vn 0.0471466 0.229563 -0.972151
v 60.0345 -107.794 -17.1484
vn 0.033466 0.623696 -0.780951
v 60.6978 -107.779 -17.0453
vn 0.215799 0.698985 -0.6818
v 61.143 -107.745 -16.0946
vn 0.941329 0.330513 -0.0682741
v 60.8834 -107.705 -14.1026
vn 0.341274 0.849349 0.402664
v 48.3777 -116.042 -14.0198
vn -0.00835149 0.0173255 0.999815
v 59.5484 -116.781 -14.002
vn 0.00793308 0.0230968 0.999702
v 47.5641 -116.608 -14.0519
vn -0.131904 0.0215533 0.991028
v 48.8162 -116.055 -17.5944
vn -0.0142852 -0.0190525 -0.999716
v 59.476 -116.816 -17.5743
vn 0.0154231 -0.0234899 -0.999605
v 60.3843 -116.608 -14.0519
vn 0.140652 0.0215273 0.989825
v 47.9828 -126.359 -14.5407
vn -0.277156 -0.891411 0.358568
v 48.8509 -126.558 -14.9454
vn -0.0201449 -0.981983 0.187892
v 48.6635 -126.45 -14.5457
vn -0.0497289 -0.924357 0.378273
v 48.6516 -126.595 -15.267
vn -0.0570245 -0.994918 0.0829783
v 48.0796 -126.487 -15.1978
vn -0.298656 -0.953571 0.0388223
v 47.7026 -126.323 -15.3111
vn -0.526776 -0.847532 0.0647863
v 48.6453 -126.599 -15.7899
vn -0.068358 -0.996438 -0.0493767
v 47.978 -126.403 -16.4285
vn -0.311235 -0.932308 -0.184213
v 48.6782 -126.53 -16.2913
vn -0.0447348 -0.981805 -0.184547
v 48.7079 -126.404 -16.6656
vn -0.0243796 -0.923402 -0.383059
v 59.1252 -126.578 -16.0372
vn 0.0141274 -0.992533 -0.121153
v 58.8737 -126.608 -15.4199
vn 0.00585401 -0.999651 0.0257635
v 59.3773 -126.508 -14.7211
vn 0.0744725 -0.958296 0.275902
v 47.7664 -119.468 -15.8897
vn -0.007206 0.999899 -0.0122715
v 60.2225 -119.477 -16.2116
vn 0.0078146 0.998924 -0.0457131
v 47.0972 -119.514 -16.5063
vn -0.176674 0.978353 -0.107755
v 47.5595 -119.527 -16.7704
vn -0.0189158 0.990042 -0.139495
v 47.0866 -119.503 -15.0659
vn -0.0936684 0.994625 0.0441275
v 46.7631 -119.618 -16.2362
vn -0.717144 0.68804 -0.110932
v 46.8941 -119.616 -14.5608
vn -0.493649 0.826282 0.271237
v 47.7756 -119.584 -14.3388
vn -0.0144758 0.977619 0.209886
v 48.4065 -119.482 -15.2101
vn -0.00290312 0.998854 0.0477812
v 59.4951 -119.514 -14.7545
vn 0.00139375 0.993824 0.110955
v 60.6342 -119.479 -15.2103
vn 0.0733794 0.996029 0.0504068
v 47.0691 -124.961 -13.892
vn -0.52284 -0.0804124 0.84863
v 47.4327 -125.044 -13.771
vn -0.18603 -0.0524109 0.981145
v 46.7675 -124.866 -14.3932
vn -0.975787 -0.0504662 0.212821
v 46.8757 -124.876 -14.1074
vn -0.862437 -0.0839142 0.49916
v 47.1381 -125.423 -13.9719
vn -0.650125 -0.454227 0.609111
v 46.9105 -125.381 -14.4657
vn -0.850283 -0.478979 0.218169
v 47.3187 -125.878 -14.354
vn -0.620824 -0.736195 0.269434
v 47.6811 -125.871 -13.988
vn -0.227715 -0.551151 0.802732
v 48.1973 -125.463 -13.7599
vn -0.021752 -0.213796 0.976636
v 47.8097 -125.015 -13.727
vn -0.0535896 -0.0565734 0.996959
v 59.8175 -125.336 -13.7359
vn 0.0252929 -0.196387 0.9802
v 48.4611 -124.802 -13.7068
vn -0.00469439 0.0241868 0.999696
v 60.0738 -125.069 -13.7138
vn 0.0582717 -0.0284623 0.997895
v 46.6684 -124.781 -16.1025
vn -0.995203 -0.0563522 -0.0799759
v 46.6469 -124.652 -15.402
vn -0.999384 -0.0230038 0.026515
v 46.7675 -124.865 -16.7349
vn -0.975221 -0.0609071 -0.212682
v 46.7425 -125.301 -15.8423
vn -0.916301 -0.399225 -0.0318034
v 46.858 -125.271 -16.7921
vn -0.886244 -0.394204 -0.243258
v 47.0306 -125.6 -16.4741
vn -0.777391 -0.60832 -0.160027
v 46.8547 -125.441 -15.0551
vn -0.850604 -0.520407 0.0751641
v 46.6898 -125.01 -14.8513
vn -0.970335 -0.213798 0.112875
v 47.8057 -125.133 -17.388
vn -0.0778033 -0.118813 -0.989864
v 47.4316 -125.04 -17.3484
vn -0.184358 -0.146179 -0.971928
v 48.2439 -125.055 -17.4117
vn -0.0114221 -0.10155 -0.994765
v 59.586 -124.711 -17.426
vn 0.0095034 -0.0341361 -0.999372
v 48.5167 -120.448 -17.4823
vn -0.0132915 -0.00997692 -0.999862
v 48.5492 -125.699 -17.2785
vn -0.0118123 -0.347238 -0.937703
v 59.7832 -125.334 -17.3774
vn 0.022034 -0.237648 -0.971101
v 47.7376 -125.664 -17.2162
vn -0.118199 -0.408717 -0.904975
v 47.2443 -125.487 -17.1572
vn -0.475228 -0.466789 -0.745833
v 47.177 -124.986 -17.2758
vn -0.378753 -0.131328 -0.916133
v 46.8799 -124.985 -17.0155
vn -0.854855 -0.178887 -0.487055
v 46.9949 -124.874 -17.1714
vn -0.645306 -0.0983492 -0.757566
v 61.1939 -124.852 -15.5273
vn 0.998 -0.0605113 -0.018302
v 61.151 -124.638 -14.7073
vn 0.993753 -0.01844 0.11007
v 61.0489 -124.938 -14.1587
vn 0.948574 -0.0946748 0.302067
v 61.1288 -125.219 -15.3236
vn 0.935021 -0.354348 0.0131205
v 60.9225 -125.399 -14.2297
vn 0.843919 -0.487605 0.2237
v 60.8141 -125.663 -14.9618
vn 0.77076 -0.633945 0.0635825
v 60.7614 -125.778 -15.9496
vn 0.749541 -0.661321 -0.029024
v 60.8236 -125.599 -16.75
vn 0.800331 -0.585527 -0.128948
v 61.0268 -125.184 -16.8955
vn 0.925692 -0.304307 -0.224704
v 61.1034 -124.865 -16.7386
vn 0.984506 -0.0505204 -0.167918
v 61.175 -124.472 -16.0888
vn 0.998058 -0.0140876 -0.0606813
v 49.2494 -125.895 -13.9113
vn -0.00674242 -0.419998 0.9075
v 48.5915 -126.095 -14.0404
vn -0.0150957 -0.664758 0.746906
v 59.9808 -125.622 -13.8051
vn 0.104211 -0.382949 0.917873
v 48.5163 -126.328 -14.304
vn -0.056383 -0.799409 0.598136
v 47.1172 -125.82 -15.3701
vn -0.722547 -0.691022 0.0203411
v 47.4608 -125.955 -16.8471
vn -0.533915 -0.732518 -0.422318
v 47.449 -126.066 -16.2282
vn -0.635429 -0.76563 -0.100201
v 59.5906 -125.84 -17.218
vn 0.0133619 -0.421565 -0.9067
v 48.5407 -126.11 -17.0456
vn -0.0283521 -0.598442 -0.800664
v 47.9563 -126.106 -16.9718
vn -0.188504 -0.715572 -0.672624
v 48.7753 -126.251 -16.8994
vn -0.0169518 -0.768476 -0.639654
v 60.4722 -125.867 -14.1276
vn 0.597844 -0.707643 0.376595
v 60.1256 -126.278 -14.5554
vn 0.451515 -0.870784 0.194599
v 60.258 -126.205 -15.1105
vn 0.609757 -0.790909 0.0515769
v 59.9509 -126.441 -16.056
vn 0.510717 -0.858226 -0.051148
v 60.3801 -126.027 -16.7836
vn 0.584488 -0.770546 -0.25423
v 59.5776 -124.698 -13.7107
vn 0.00934501 0.0242288 0.999663
v 60.5117 -119.545 -16.8758
vn 0.0416559 0.988344 -0.146427
v 60.4865 -119.553 -14.4888
vn 0.0417234 0.980643 0.191305
v 59.4405 -126.043 -17.0953
vn 0.0180824 -0.629366 -0.776899
v 59.477 -126.285 -16.8534
vn 0.0294875 -0.827602 -0.56054
v 59.3725 -126.453 -16.5433
vn 0.054272 -0.922844 -0.381331
v 59.3458 -126.57 -15.0339
vn 0.0633314 -0.990518 0.121912
v 59.4088 -125.906 -13.9097
vn 0.0177701 -0.535874 0.844111
v 59.453 -126.245 -14.1936
vn 0.0763273 -0.76979 0.633717
v 58.7915 -126.366 -14.3748
vn 0.0148235 -0.874426 0.484932
v 60.553 -125.038 -13.7704
vn 0.204024 -0.101017 0.97374
v 60.7257 -125.405 -13.9267
vn 0.552463 -0.402224 0.730069
v 60.9337 -124.875 -13.9581
vn 0.711408 -0.0703895 0.699245
v 60.7815 -124.884 -13.8486
vn 0.428507 -0.0325556 0.902952
v 61.0906 -119.55 -15.7797
vn 0.747691 0.663853 0.01603
v 61.0087 -119.64 -16.9205
vn 0.694949 0.65818 -0.28956
v 60.7211 -119.495 -15.9331
vn 0.0687634 0.9973 -0.0257925
v 61.0174 -119.624 -14.5243
vn 0.45505 0.860652 0.228491
v 60.1896 -125.007 -17.3945
vn 0.072197 -0.0647503 -0.995286
v 60.6948 -125.014 -17.3163
vn 0.319208 -0.0879994 -0.94359
v 60.977 -124.967 -17.1199
vn 0.834027 -0.0966313 -0.543195
v 60.6158 -125.569 -17.1584
vn 0.427275 -0.554163 -0.71438
v 60.2054 -125.874 -17.1305
vn 0.19819 -0.569238 -0.797928
v 59.8981 -126.375 -16.5606
vn 0.244687 -0.895167 -0.372564
v 59.7271 -126.555 -15.6006
vn 0.23558 -0.971831 -0.00678209
v 59.8598 -126.194 -14.1726
vn 0.187943 -0.790763 0.582556
v 59.6278 -120.276 -13.8854
vn 0.011315 0.0658314 0.997767
v 48.5026 -120.315 -13.8826
vn -0.0163774 0.0596027 0.998088
v 47.166 -120.159 -14.0309
vn -0.37215 0.0899851 0.9238
v 47.5333 -120.144 -13.9388
vn -0.127985 0.105276 0.986173
v 46.9973 -119.964 -14.1397
vn -0.551291 0.227178 0.802788
v 46.7586 -119.935 -14.593
vn -0.968425 0.0892638 0.232777
v 46.8721 -119.935 -14.2973
vn -0.840715 0.210921 0.498709
v 46.6508 -119.929 -15.9155
vn -0.997783 0.0635073 -0.0199069
v 46.7025 -119.937 -16.5102
vn -0.987406 0.0681534 -0.142775
v 46.8404 -119.935 -17.041
vn -0.899142 0.168631 -0.403865
v 46.6673 -119.841 -15.2199
vn -0.966817 0.238185 0.0923771
v 47.8784 -120.061 -17.4661
vn -0.0452654 0.0800017 -0.995766
v 47.2309 -120.066 -17.3736
vn -0.264412 0.129226 -0.955713
v 46.9908 -120.025 -17.2373
vn -0.630516 0.116844 -0.767331
v 59.5711 -120.279 -17.484
vn 0.0108352 0.0133723 -0.999852
v 60.562 -120.147 -17.4148
vn 0.199105 0.0574185 -0.978295
v 60.1849 -120.034 -17.4618
vn 0.0484883 0.110634 -0.992678
v 60.7883 -120.16 -17.3439
vn 0.425181 0.040536 -0.9042
v 60.9346 -120.031 -17.2409
vn 0.685154 0.175871 -0.706847
v 61.0501 -120.17 -17.0486
vn 0.948714 0.0173341 -0.31566
v 61.1966 -119.951 -15.7186
vn 0.998781 0.0454135 -0.0193547
v 61.1514 -119.895 -14.8863
vn 0.992048 0.0725206 0.102869
v 61.0531 -120.168 -14.3346
vn 0.948484 0.033838 0.315013
v 61.152 -119.936 -16.5112
vn 0.993232 0.0503805 -0.104648
v 60.1858 -120.027 -13.92
vn 0.047962 0.158526 0.986189
v 60.733 -120.123 -14.0037
vn 0.255082 0.0890093 0.962814
v 60.9339 -120.027 -14.1414
vn 0.681585 0.211187 0.700601
v 59.9433 -119.649 -14.1695
vn 0.00993341 0.915387 0.402453
v 47.7243 -119.748 -14.0455
vn -0.0852129 0.599368 0.795925
v 48.1025 -119.875 -13.9631
vn -0.0211829 0.319878 0.947222
v 59.9421 -119.787 -14.006
vn 0.0250913 0.544664 0.838279
v 47.3978 -119.676 -14.1596
vn -0.143493 0.815375 0.560869
v 47.7121 -119.611 -17.1466
vn -0.0269672 0.881945 -0.47058
v 59.9425 -119.649 -17.232
vn 0.010136 0.91134 -0.411529
v 47.8062 -119.783 -17.3796
vn -0.0527028 0.444389 -0.894282
v 47.0248 -119.667 -17.0694
vn -0.29963 0.858898 -0.41535
v 59.9309 -119.859 -17.4196
vn 0.0300274 0.375856 -0.926192
v 59.8897 -119.744 -17.351
vn 0.0198947 0.646804 -0.762397
v 60.7069 -119.74 -17.2624
vn 0.222525 0.682226 -0.696456
v 60.707 -119.74 -14.1342
vn 0.217168 0.700763 0.679536
v 65.9099 -119.555 -14.1863
vn 0.970046 -0.237714 0.0500216
v 65.7917 -120.009 -14.8496
vn 0.963383 -0.267426 -0.0194214
v 65.5375 -120.86 -14.44
vn 0.94568 -0.324514 0.0195179
v 65.7825 -119.672 -13.4746
vn 0.950671 -0.234406 0.203172
v 65.4083 -120.887 -13.3632
vn 0.904555 -0.327573 0.272901
v 64.8052 -122.481 -13.6573
vn 0.893496 -0.427363 0.137934
v 65.2108 -121.723 -14.574
vn 0.921604 -0.387798 0.0160655
v 64.5862 -123.021 -14.3358
vn 0.892273 -0.449382 0.0436368
v 63.8904 -124.372 -15.2546
vn 0.881202 -0.472495 -0.0152371
v 64.7271 -122.759 -15.4414
vn 0.898212 -0.437558 -0.0419217
v 64.7128 -122.565 -16.2867
vn 0.888048 -0.410835 -0.20636
v 65.0011 -122.088 -15.6547
vn 0.915298 -0.393583 -0.0855735
v 65.4618 -120.878 -15.8266
vn 0.936736 -0.314485 -0.153705
v 65.8645 -119.332 -15.8575
vn 0.961381 -0.196714 -0.192483
v 65.7462 -120.011 -15.5641
vn 0.960347 -0.255955 -0.11055
v 65.6701 -119.741 -16.2892
vn 0.913115 -0.211021 -0.348841
v 65.9431 -119.33 -15.1941
vn 0.975988 -0.20558 -0.0720084
v 61.2449 -121.336 -16.5978
vn -0.989376 0.00458633 -0.145308
v 61.2764 -124.978 -16.9574
vn -0.975483 -0.0219671 -0.218977
v 61.1914 -125.253 -16.1992
vn -0.997582 -0.0437474 -0.0540016
v 61.1941 -119.857 -15.4961
vn -0.999774 0.00258469 0.0211095
v 61.2104 -118.87 -16.1738
vn -0.99743 0.000757729 -0.0716392
v 61.1874 -125.268 -15.0224
vn -0.996173 -0.0737292 0.0469343
v 61.2198 -122.872 -14.7796
vn -0.995599 0.00936575 0.0932469
v 61.2778 -123.222 -14.2952
vn -0.979877 0.0159433 0.198965
v 61.2403 -118.417 -14.8588
vn -0.992038 0.0029702 0.125907
v 61.3503 -116.79 -14.3453
vn -0.950154 0.00201873 0.311776
v 61.3375 -119.572 -16.9556
vn -0.941674 0.00547638 -0.336483
v 61.3595 -107.46 -15.1303
vn -0.195563 0.980063 0.0350842
v 61.2054 -107.651 -14.9142
vn -0.97052 0.225606 0.0848121
v 61.4368 -107.597 -14.2986
vn -0.266838 0.917086 0.296227
v 61.428 -107.47 -16.1407
vn 0.12297 0.991778 -0.035426
v 61.4362 -107.592 -16.9609
vn 0.0524277 0.963668 -0.261906
v 61.2233 -107.682 -16.7679
vn -0.943095 0.319594 -0.0918251
v 61.3405 -124.602 -13.9377
vn -0.938063 0.0279445 0.345335
v 61.4299 -125.009 -13.7508
vn -0.734126 -0.0869504 0.673423
v 61.6092 -124.782 -13.6314
vn -0.252483 7.83243e-06 0.967601
v 61.9506 -121.863 -13.6273
vn -0.289419 0.0273073 0.956813
v 61.7331 -119.737 -13.7816
vn -0.501202 0.0238223 0.865002
v 63.2288 -121.671 -13.3114
vn -0.239419 0.0148536 0.970803
v 62.1658 -118.386 -13.6305
vn -0.273202 0.0105948 0.961898
v 61.5485 -119.864 -13.9111
vn -0.736674 0.0230076 0.675856
v 61.4035 -120.271 -14.1207
vn -0.905002 0.0197981 0.424946
v 61.5254 -116.785 -14.0036
vn -0.816722 0.00563365 0.577004
v 61.3917 -125.505 -16.1855
vn 0.131823 -0.986682 -0.0952931
v 61.3596 -125.532 -15.1626
vn -0.156662 -0.986821 0.0405242
v 61.2784 -125.404 -16.6774
vn -0.805444 -0.568885 -0.166224
v 63.4665 -124.813 -16.3598
vn 0.418557 -0.894377 -0.157799
v 61.4174 -125.417 -14.1676
vn -0.110313 -0.971834 0.208252
v 63.4607 -124.81 -13.7118
vn 0.382946 -0.909605 0.161157
v 61.2794 -125.343 -14.211
vn -0.908533 -0.375965 0.182257
v 61.4501 -119.662 -17.1817
vn -0.788901 0.00765201 -0.614473
v 61.4029 -124.746 -17.2413
vn -0.73057 -0.0690423 -0.679339
v 61.6059 -119.798 -17.2941
vn -0.40887 0.00432823 -0.912582
v 61.4576 -124.732 -17.2791
vn -0.459551 -0.0235257 -0.88784
v 61.8497 -117.93 -17.3413
vn -0.034268 -0.00242189 -0.99941
v 62.0539 -120.22 -17.3219
vn 0.15427 -0.0118753 -0.987957
v 62.8843 -122.666 -17.1122
vn 0.198518 -0.0312519 -0.979599
v 61.6099 -124.775 -17.3119
vn 0.161542 -0.086319 -0.983083
v 61.287 -114.373 -14.5945
vn -0.97981 -0.00347934 0.1999
v 61.1929 -113.228 -15.8653
vn -0.999801 -0.00230525 -0.0197997
v 61.2076 -112.05 -15.1236
vn -0.997715 -0.00448971 0.0674155
v 61.2105 -111.469 -16.3521
vn -0.996588 -0.00436511 -0.0824256
v 61.2868 -112.96 -16.7944
vn -0.976588 -0.00758227 -0.214983
v 61.9532 -115.71 -13.721
vn -0.399802 -0.00235817 0.916598
v 61.6287 -114.135 -13.8975
vn -0.645514 -0.00573454 0.763727
v 62.1308 -112.466 -13.6689
vn -0.249304 0.0102675 0.968371
v 66.0889 -118.62 -14.8043
vn 0.988644 -0.148719 -0.0215573
v 66.0404 -118.621 -15.5282
vn 0.981443 -0.149293 -0.120342
v 66.2117 -117.521 -14.7859
vn 0.996953 -0.0748144 -0.0220658
v 66.1332 -117.89 -15.517
vn 0.98737 -0.100038 -0.122857
v 66.0084 -118.075 -16.1363
vn 0.936317 -0.104006 -0.335399
v 66.0834 -117.521 -15.9783
vn 0.96723 -0.0801985 -0.240905
v 66.2024 -116.782 -15.5089
vn 0.992335 -0.0312997 -0.119548
v 66.1096 -115.725 -16.0875
vn 0.959696 0.015057 -0.280636
v 66.259 -116.049 -14.7803
vn 0.999715 0.0123288 -0.0204418
v 66.1821 -115.334 -15.5125
vn 0.990352 0.0603039 -0.124768
v 66.0203 -114.038 -15.7868
vn 0.974101 0.148675 -0.170359
v 66.0114 -113.679 -15.1925
vn 0.977933 0.195306 -0.0741814
v 66.1725 -114.646 -14.7975
vn 0.993919 0.107872 -0.0221104
v 65.9861 -113.478 -14.1945
vn 0.971227 0.232419 0.0519657
v 66.1183 -114.309 -14.0661
vn 0.987521 0.140842 0.0704627
v 66.2154 -115.334 -14.0422
vn 0.995432 0.0630323 0.0717033
v 65.9842 -113.994 -13.4519
vn 0.960858 0.174562 0.21513
v 66.111 -114.982 -13.4153
vn 0.971588 0.0925688 0.217826
v 66.1671 -116.046 -13.3585
vn 0.976054 0.0174432 0.21683
v 66.2358 -116.782 -14.0341
vn 0.997217 -0.0322894 0.0671994
v 66.1409 -117.152 -13.4004
vn 0.974045 -0.059066 0.218512
v 66.1261 -117.987 -13.6019
vn 0.984025 -0.105794 0.143186
v 66.0299 -118.707 -13.6224
vn 0.977632 -0.157117 0.139822
v 61.3843 -114.758 -17.064
vn -0.899895 -0.00472129 -0.436082
v 61.447 -113.26 -17.1744
vn -0.805101 -0.0163097 -0.592913
v 61.6268 -114.044 -17.3107
vn -0.37146 -0.00572859 -0.928431
v 61.6498 -108.109 -17.3579
vn 0.0519897 0.0175379 -0.998494
v 62.1117 -113.43 -17.3278
vn 0.156022 0.00623514 -0.987734
v 65.4206 -115.81 -16.7613
vn 0.215245 0.00486396 -0.976548
v 61.1729 -107.787 -15.7505
vn -0.998185 0.0574761 -0.0179965
v 61.311 -111.443 -14.3679
vn -0.96553 -0.0135229 0.259941
v 61.2605 -107.745 -14.3446
vn -0.909218 0.294475 0.294292
v 61.5859 -107.965 -13.8362
vn -0.29322 0.223799 0.929481
v 61.3986 -107.983 -13.9579
vn -0.838148 0.0739783 0.540402
v 62.6925 -110.081 -13.5678
vn -0.228578 0.0193526 0.973333
v 61.4285 -110.697 -14.0439
vn -0.843117 -0.0202952 0.537346
v 65.8895 -113.103 -14.8504
vn 0.963718 0.266151 -0.0202623
v 65.7674 -112.896 -15.7943
vn 0.947152 0.272647 -0.169019
v 65.6757 -112.386 -14.5519
vn 0.941224 0.337079 0.0218011
v 65.3063 -111.651 -15.8363
vn 0.900177 0.417281 -0.124735
v 65.294 -111.889 -16.3041
vn 0.882776 0.352373 -0.310709
v 65.2611 -111.459 -14.9676
vn 0.900875 0.433784 -0.0160016
v 64.7806 -110.608 -15.6287
vn 0.883975 0.461011 -0.0778261
v 64.2626 -109.721 -16.1484
vn 0.901624 0.40843 -0.142337
v 64.4308 -109.902 -14.8014
vn 0.887781 0.460001 0.0155886
v 65.3105 -111.559 -14.1651
vn 0.889695 0.453219 0.0550992
v 64.6985 -110.639 -13.4751
vn 0.829839 0.470224 0.300429
v 65.3574 -111.898 -13.4444
vn 0.873087 0.398878 0.280385
v 65.7134 -112.9 -13.3384
vn 0.92075 0.299918 0.249537
v 61.3273 -110.791 -17.0678
vn -0.937693 -0.0182184 -0.346986
v 61.4365 -108.542 -17.3413
vn -0.568431 -0.00219506 -0.822728
v 61.4736 -108.187 -17.3649
vn -0.223386 0.0186264 -0.974552
v 62.5776 -110.922 -17.1955
vn 0.21242 0.035926 -0.976518
v 62.3634 -109.402 -17.2022
vn 0.238889 0.0218146 -0.970802
v 61.2817 -107.803 -17.1008
vn -0.945377 0.231776 -0.229219
v 64.0407 -109.067 -14.8709
vn 0.925866 0.377581 0.0142852
v 63.6874 -108.196 -15.9179
vn 0.892855 0.448381 -0.0420104
v 63.6695 -108.187 -14.1613
vn 0.871963 0.486028 0.0587932
v 64.1139 -109.432 -13.8093
vn 0.887748 0.411153 0.207019
v 65.0901 -119.666 -12.8594
vn -0.141347 -0.0144764 0.989854
v 65.3326 -114.377 -12.8228
vn -0.137707 0.0213654 0.990243
v 64.9496 -112.326 -12.9651
vn -0.110297 0.0699819 0.991432
v 63.7863 -109.714 -13.3397
vn -0.118686 0.0760159 0.990018
v 63.3572 -108.364 -13.4529
vn -0.122311 0.152445 0.980714
v 63.4315 -108.03 -13.8713
vn 0.431539 0.863252 0.26186
v 63.415 -107.954 -14.4059
vn 0.346642 0.936342 0.0557051
v 63.4499 -107.935 -15.1325
vn 0.439745 0.898045 -0.0118238
v 63.372 -107.973 -16.2599
vn 0.317541 0.942485 -0.104354
v 63.4023 -108.338 -16.8983
vn 0.500524 0.29362 -0.81441
v 63.7813 -109.733 -16.8695
vn 0.33836 0.107325 -0.934876
v 65.2699 -113.977 -16.765
vn 0.259895 0.0253305 -0.965305
v 64.9316 -112.311 -16.7774
vn 0.300881 0.0752562 -0.950688
v 65.3234 -118.205 -16.7672
vn 0.239448 -0.0181465 -0.97074
v 64.9634 -120.365 -16.7881
vn 0.265466 -0.0526149 -0.962683
v 63.6124 -123.991 -16.8964
vn 0.321954 -0.117158 -0.939478
v 63.4276 -124.905 -15.2719
vn 0.372879 -0.927818 0.0107367
v 63.5055 -124.267 -13.2253
vn -0.0728443 -0.161411 0.984195
v 65.8099 -118.091 -12.8658
vn 0.550962 -0.0808932 0.830601
v 65.5016 -119.388 -12.8472
vn 0.270372 -0.0879684 0.958729
v 65.6658 -119.653 -13.0598
vn 0.83777 -0.221026 0.499289
v 65.9613 -117.844 -12.9972
vn 0.864704 -0.108417 0.490441
v 66.0106 -116.045 -12.9628
vn 0.814529 0.0152889 0.579921
v 65.7802 -116.025 -12.7934
vn 0.303916 0.011481 0.95263
v 65.9357 -114.643 -13.0011
vn 0.827163 0.10718 0.551646
v 65.704 -113.258 -13.0665
vn 0.793009 0.233635 0.562628
v 65.7667 -114.646 -12.8618
vn 0.472805 0.0792191 0.877599
v 65.5033 -113.28 -12.8936
vn 0.308433 0.123277 0.943224
v 65.5086 -117.526 -12.7893
vn -0.108997 -0.00134423 0.994041
v 65.0409 -111.705 -13.0864
vn 0.419692 0.305263 0.854794
v 64.1635 -109.771 -13.4764
vn 0.766443 0.423786 0.48267
v 63.9585 -109.652 -13.3666
vn 0.384955 0.246967 0.889279
v 63.6265 -108.394 -13.6218
vn 0.834913 0.382135 0.396098
v 64.0193 -109.609 -16.6778
vn 0.767725 0.300539 -0.565928
v 63.5864 -108.231 -16.5993
vn 0.850833 0.410196 -0.328363
v 64.8386 -111.012 -16.3971
vn 0.84224 0.406547 -0.354048
v 65.4794 -113.146 -16.6022
vn 0.626119 0.134664 -0.768011
v 64.9173 -111.568 -16.6367
vn 0.635282 0.254163 -0.729258
v 65.5791 -112.839 -16.3348
vn 0.869585 0.243448 -0.4296
v 65.9059 -114.26 -16.308
vn 0.898434 0.111014 -0.424844
v 65.6664 -118.78 -16.5646
vn 0.663971 -0.0957806 -0.741599
v 65.832 -117.432 -16.5358
vn 0.736245 -0.0485699 -0.67497
v 65.7855 -115.295 -16.5831
vn 0.630617 0.0461759 -0.77472
v 65.9605 -116.05 -16.3909
vn 0.829572 0.0105961 -0.5583
v 65.1629 -120.831 -16.6237
vn 0.679922 -0.201968 -0.704922
v 64.6222 -122.101 -16.7119
vn 0.514946 -0.177979 -0.838543
v 65.0903 -121.43 -16.4858
vn 0.838214 -0.300108 -0.455337
v 63.606 -124.716 -16.5079
vn 0.807091 -0.564005 -0.174648
v 63.5715 -124.464 -16.8157
vn 0.572218 -0.398436 -0.716809
v 63.7298 -124.668 -14.524
vn 0.793201 -0.608836 0.0123027
v 64.5747 -122.046 -13.0041
vn 0.0471662 -0.102173 0.993648
v 63.6473 -124.394 -13.2785
vn 0.565612 -0.424692 0.706909
v 64.7052 -122.467 -13.3221
vn 0.845473 -0.41001 0.34215
v 63.7463 -124.487 -13.5606
vn 0.830643 -0.524678 0.186399
v 65.0436 -121.436 -13.0555
vn 0.634647 -0.278207 0.720988
v 63.4976 -124.692 -16.6648
vn 0.616224 -0.67977 -0.39772
v 61.482 -125.187 -17.21
vn 0.0736495 -0.427408 -0.901054
v 61.4399 -125.344 -17.0223
vn 0.0268488 -0.874141 -0.484929
v 61.3528 -125.287 -17.0602
vn -0.632154 -0.592283 -0.499583
v 61.5377 -125.238 -13.7927
vn -0.0824432 -0.714846 0.694406
v 63.4436 -124.599 -13.326
vn 0.0931907 -0.588048 0.803439
v 63.4115 -108.186 -13.5324
vn 0.386505 0.620734 0.682132
v 61.6533 -107.759 -14.0045
vn 0.0210279 0.818129 0.57465
v 61.4185 -107.708 -17.215
vn -0.288253 0.650028 -0.703117
v 61.493 -107.901 -17.3518
vn -0.0377746 0.310638 -0.949778
v 63.3464 -108.113 -16.744
vn 0.440406 0.765416 -0.469235
v 48.2972 -104.751 -4.58339
vn -0.0180075 -0.943911 0.329708
v 59.1545 -105.312 -6.20337
vn 0.0015959 -0.94545 0.325764
v 59.5909 -104.387 -3.56623
vn 0.018407 -0.938791 0.343994
v 59.0234 -103.429 -0.974671
vn 0.00108376 -0.9365 0.350666
v 48.8484 -103.884 -2.19591
vn -0.0124749 -0.937409 0.348006
v 48.7581 -105.312 -6.20337
vn -0.00185744 -0.946693 0.322133
v 59.6327 -101.467 1.72829
vn 0.00825895 0.247173 0.968936
v 47.9773 -101.736 1.78069
vn -0.0151054 0.186647 0.982311
v 60.098 -101.921 1.79671
vn 0.0469058 0.0202087 0.998695
v 48.5854 -101.286 1.67465
vn -0.0076815 0.281674 0.959479
v 60.187 -100.835 1.52312
vn 0.0362439 0.371441 0.927749
v 47.7048 -100.892 1.54453
vn -0.0278402 0.351872 0.935634
v 48.0184 -100.314 1.29581
vn -0.0108563 0.456186 0.889818
v 60.1761 -100.169 1.21766
vn 0.0495206 0.46085 0.886095
v 60.1083 -99.8069 1.00175
vn 0.0299829 0.578913 0.814838
v 47.7682 -99.7811 0.984271
vn -0.0342407 0.589791 0.80683
v 59.2796 -100.629 -2.83448
vn 0.00794203 0.931267 -0.364252
v 48.4884 -100.669 -2.93807
vn -0.00725145 0.930672 -0.365782
v 59.4135 -101.607 -5.38417
vn 0.00842609 0.938091 -0.346287
v 48.5002 -101.52 -5.15312
vn -0.00716906 0.936906 -0.349508
v 59.5412 -102.364 -7.49088
vn 0.00600725 0.944562 -0.328278
v 48.341 -102.168 -6.92646
vn -0.00638996 0.942771 -0.333378
v 47.3908 -105.691 -17.2185
vn -0.0220467 0.150517 -0.988362
v 60.4849 -105.532 -17.1873
vn 0.0204232 0.209518 -0.977592
v 48.2519 -106.032 -17.2452
vn -0.00801952 0.0411961 -0.999119
v 60.4658 -106.175 -17.2547
vn 0.00835097 0.0269519 -0.999602
v 47.3119 -106.5 -17.2451
vn -0.0160463 -0.0374612 -0.999169
v 47.4225 -106.916 -17.1987
vn -0.0193969 -0.184631 -0.982617
v 60.5238 -107.092 -17.1607
vn 0.0296931 -0.234575 -0.971644
v 47.6695 -107.23 -17.1097
vn -0.0218202 -0.418516 -0.907947
v 61.1497 -103.007 -5.57829
vn 0.998742 0.0490303 0.0104904
v 61.0745 -102.499 -6.03784
vn 0.971657 0.228962 -0.0588212
v 60.8868 -100.787 0.812075
vn 0.996877 0.0485681 0.0622706
v 60.7457 -99.8043 0.357864
vn 0.953775 0.297201 -0.0445473
v 60.8237 -100.103 0.683424
vn 0.968962 0.211562 0.127885
v 61.054 -102.981 -3.14889
vn 0.996928 -0.0495831 0.0606242
v 61.0575 -104.128 -4.60837
vn 0.982552 -0.163788 0.0881222
v 61.1203 -103.638 -4.94145
vn 0.997213 -0.0551837 0.0502
v 61.0086 -104.53 -5.09519
vn 0.916184 -0.370643 0.152415
v 61.1627 -104.367 -7.03037
vn 0.997457 -0.0631842 0.0329855
v 46.6646 -104.331 -6.6477
vn -0.995334 -0.0847284 0.0461615
v 46.6819 -103.399 -5.60315
vn -0.999737 0.00894596 0.0211106
v 46.8261 -104.924 -6.19769
vn -0.919987 -0.365212 0.142278
v 46.7501 -104.572 -5.88516
vn -0.9779 -0.190472 0.0862083
v 46.8027 -103.301 -3.20777
vn -0.989518 -0.117141 0.0844535
v 46.7614 -102.908 -3.37299
vn -0.998057 -0.0301102 0.0545526
v 46.7576 -102.486 -3.55053
vn -0.998921 0.0375473 0.0273146
v 47.0419 -101.954 1.21773
vn -0.975938 -0.169012 0.137771
v 46.9685 -100.433 0.740563
vn -0.993329 0.107296 0.0422489
v 47.0429 -99.9553 0.58739
vn -0.970675 0.233899 0.0555045
v 46.7819 -102.418 -5.73496
vn -0.970812 0.232853 -0.0574816
v 46.7075 -102.878 -5.46938
vn -0.996213 0.0869106 -0.00260501
v 46.6566 -103.803 -7.69346
vn -0.99858 0.0524899 -0.00906753
v 59.4617 -102.952 -9.24395
vn 0.00829892 0.952378 -0.304806
v 48.5985 -102.841 -8.91112
vn -0.00755401 0.949979 -0.312221
v 59.4629 -103.552 -11.181
vn 0.00592033 0.958418 -0.285308
v 48.2686 -103.414 -10.7041
vn -0.00421016 0.956554 -0.291523
v 61.1051 -105.293 -8.17319
vn 0.977458 -0.200077 0.0674159
v 61.1856 -104.171 -8.3154
vn 0.999739 0.0225489 -0.00371264
v 61.1309 -105.904 -10.5557
vn 0.991199 -0.126927 0.0375982
v 61.1847 -105.299 -10.4939
vn 0.998907 -0.0447094 0.0136215
v 61.1903 -106.569 -16.5624
vn 0.998176 -0.0601191 -0.00542467
v 61.1746 -105.049 -12.3438
vn 0.997353 0.0702234 -0.0188809
v 61.1414 -103.657 -8.62619
vn 0.991548 0.125362 -0.0334076
v 48.3125 -106.075 -8.51037
vn -0.00871706 -0.951718 0.306851
v 59.5888 -105.918 -8.0214
vn 0.0127704 -0.952522 0.304203
v 59.5614 -106.58 -10.1771
vn 0.00686011 -0.961827 0.273572
v 46.7012 -103.272 -7.42617
vn -0.989146 0.141534 -0.0394645
v 46.6515 -104.222 -7.51852
vn -0.999676 -0.020244 0.0154559
v 46.7393 -104.381 -11.8773
vn -0.963697 0.256731 -0.0733268
v 46.6477 -105.299 -10.4939
vn -0.999653 -0.0251859 0.00771851
v 46.7974 -106.09 -9.90465
vn -0.918413 -0.379531 0.11169
v 46.7085 -105.904 -10.5557
vn -0.982474 -0.179097 0.0516597
v 48.3414 -104.566 -14.8821
vn -0.0117849 0.961939 -0.273009
v 59.5536 -104.596 -14.9974
vn 0.00734241 0.962949 -0.269585
v 60.0444 -105.132 -16.8023
vn 0.0340266 0.953054 -0.300884
v 48.0034 -105.15 -16.8641
vn -0.0111339 0.941408 -0.337087
v 61.1487 -106.941 -16.8363
vn 0.975824 -0.215365 -0.0372163
v 61.0599 -107.064 -13.6332
vn 0.942414 -0.327885 0.0659321
v 61.1854 -106.158 -16.918
vn 0.993789 0.0852651 -0.071508
v 61.1246 -105.71 -16.964
vn 0.967168 0.219246 -0.128523
v 61.0401 -104.018 -11.3868
vn 0.932151 0.348511 -0.0981516
v 59.6033 -107.468 -13.8863
vn 0.00576648 -0.996627 0.0818597
v 59.581 -107.517 -14.8522
vn 0.00637928 -0.999733 0.0222226
v 48.7475 -107.527 -15.7923
vn -0.00217135 -0.999958 0.00893562
v 59.849 -107.524 -16.5916
vn 0.0182811 -0.99853 -0.0510346
v 46.6447 -106.134 -16.8289
vn -0.997498 0.0453485 -0.0542342
v 46.6589 -105.432 -13.7376
vn -0.996546 0.0807217 -0.0194917
v 46.7271 -105.652 -16.8781
vn -0.958259 0.266783 -0.10279
v 46.6499 -106.648 -16.8413
vn -0.993067 -0.0987889 -0.0637062
v 46.6981 -106.985 -16.6482
vn -0.968373 -0.249497 -0.00232633
v 46.8306 -107.046 -13.3519
vn -0.911336 -0.405461 0.0711967
v 46.9491 -101.242 1.01402
vn -0.993275 -0.0319335 0.111287
v 48.5896 -99.5029 -0.0114006
vn -0.00679233 0.943689 -0.330764
v 60.8535 -101.56 1.19728
vn 0.98803 -0.0727767 0.136015
v 60.7369 -102.16 1.29727
vn 0.937291 -0.288216 0.196003
v 48.5799 -102.589 1.23979
vn -0.0044303 -0.930354 0.366635
v 59.3531 -102.658 1.05872
vn 0.0132227 -0.93234 0.36134
v 59.1652 -107.062 -11.9282
vn 0.00134138 -0.965873 0.259012
v 47.9948 -107.293 -12.8213
vn -0.043649 -0.970442 0.237353
v 59.9801 -107.338 -13.0205
vn 0.0341175 -0.973036 0.228118
v 48.0013 -107.44 -13.6272
vn -0.0175041 -0.994169 0.106402
v 61.1478 -106.477 -13.1526
vn 0.99118 -0.12948 0.0282226
v 48.3941 -103.959 -12.6249
vn -0.0100899 0.964968 -0.262175
v 46.6894 -106.477 -13.1526
vn -0.988778 -0.145964 0.0318163
v 47.7336 -104.627 -4.32246
vn -0.0699126 -0.939002 0.33673
v 47.3991 -104.411 -3.80076
vn -0.173685 -0.924922 0.33816
v 47.8595 -103.301 -0.710993
vn -0.0742203 -0.932441 0.353616
v 47.3745 -102.466 1.18407
vn -0.386866 -0.850567 0.356188
v 46.9977 -104.306 -3.97408
vn -0.652676 -0.704148 0.279624
v 47.1351 -104.768 -5.01414
vn -0.367352 -0.872653 0.32176
v 46.937 -103.84 -3.10687
vn -0.87081 -0.449012 0.200195
v 47.1328 -102.145 1.39795
vn -0.866587 -0.362287 0.343183
v 47.6871 -105.559 -7.01935
vn -0.0714111 -0.945848 0.316657
v 47.1604 -105.842 -8.0934
vn -0.266405 -0.916747 0.297662
v 46.9347 -106.038 -9.07384
vn -0.637377 -0.734944 0.231536
v 47.4153 -106.678 -10.6789
vn -0.120185 -0.956235 0.266776
v 47.681 -106.226 -9.09123
vn -0.0671182 -0.953545 0.293679
v 48.7475 -106.865 -11.1983
vn -0.00230306 -0.964232 0.265051
v 47.1435 -107.31 -13.3318
vn -0.258095 -0.94641 0.194152
v 47.0983 -106.692 -11.0466
vn -0.359568 -0.899124 0.249574
v 46.8912 -107.203 -13.5047
vn -0.749804 -0.657147 0.0771477
v 47.432 -107.434 -13.9294
vn -0.109403 -0.989846 0.0907489
v 48.1431 -107.503 -14.6307
vn -0.0165996 -0.999534 0.0256205
v 47.5103 -107.486 -15.2735
vn -0.100907 -0.994729 0.0181954
v 47.0983 -107.42 -15.3256
vn -0.308396 -0.950854 0.0277316
v 46.8766 -107.334 -16.7474
vn -0.644265 -0.763888 -0.0373938
v 47.3287 -107.482 -16.7735
vn -0.0670037 -0.988139 -0.13817
v 48.2942 -107.521 -16.4618
vn -0.00998787 -0.999569 -0.0276141
v 46.974 -107.236 -17.0387
vn -0.255094 -0.626908 -0.736148
v 46.8066 -106.904 -17.1167
vn -0.713941 -0.268047 -0.646869
v 46.7643 -106.114 -17.1733
vn -0.537634 0.0114778 -0.8431
v 46.8489 -105.636 -17.1368
vn -0.644011 0.27649 -0.713304
v 47.6809 -104.519 -14.6163
vn -0.0652962 0.960999 -0.268733
v 47.3096 -105.19 -16.849
vn -0.115817 0.932455 -0.342219
v 47.07 -105.293 -16.9948
vn -0.207125 0.783184 -0.586278
v 46.8692 -105.375 -16.8997
vn -0.668464 0.678742 -0.30408
v 47.0983 -104.35 -13.606
vn -0.350068 0.903907 -0.245772
v 47.42 -103.765 -11.7375
vn -0.144305 0.953156 -0.265836
v 46.8239 -103.858 -10.8938
vn -0.868963 0.474788 -0.139569
v 46.9277 -103.595 -10.4733
vn -0.642268 0.734402 -0.21942
v 47.6886 -102.605 -8.13267
vn -0.0604596 0.946587 -0.31673
v 47.4009 -102.979 -9.14599
vn -0.118474 0.945892 -0.30208
v 47.5589 -101.767 -5.69936
vn -0.12203 0.931753 -0.341972
v 47.0948 -103.309 -9.91614
vn -0.360288 0.891173 -0.275687
v 46.9408 -101.514 -4.17074
vn -0.876864 0.459318 -0.141902
v 47.166 -101.681 -5.24125
vn -0.370452 0.87472 -0.312459
v 47.8142 -100.775 -3.14841
vn -0.0477672 0.932116 -0.358995
v 47.6141 -99.515 0.162841
vn -0.178591 0.929636 -0.322306
v 47.0099 -101.7 -5.01811
vn -0.63917 0.72727 -0.250079
v 47.227 -99.6677 0.205858
vn -0.668952 0.707764 -0.227096
v 48.0183 -99.437 0.216743
vn -0.0601386 0.953265 -0.296089
v 47.387 -99.5401 0.257327
vn -0.366897 0.906675 -0.208153
v 47.1476 -99.6861 0.470574
vn -0.744427 0.665031 0.0596863
v 47.3238 -101.92 1.74235
vn -0.299135 -0.143742 0.943322
v 47.2448 -100.668 1.40433
vn -0.299825 0.344481 0.889628
v 47.2866 -99.6535 0.791144
vn -0.417276 0.668221 0.615924
v 47.0836 -100.504 1.15418
vn -0.821546 0.276738 0.498476
v 47.1206 -101.527 1.59929
vn -0.807507 0.0360129 0.588758
v 47.6697 -102.494 1.33711
vn -0.127539 -0.903814 0.408477
v 47.246 -102.258 1.47782
vn -0.505524 -0.679656 0.53152
v 60.6809 -101.731 -5.38725
vn 0.286642 0.89866 -0.332033
v 60.8386 -101.575 -4.69139
vn 0.680054 0.693945 -0.236572
v 60.5012 -101.883 -5.95759
vn 0.178408 0.924507 -0.336833
v 60.9949 -102.497 -6.83482
vn 0.891033 0.433279 -0.135388
v 60.9353 -103.603 -10.4995
vn 0.669916 0.711398 -0.212428
v 60.1222 -101.389 -4.7154
vn 0.0608482 0.933027 -0.354624
v 60.2049 -102.605 -8.13267
vn 0.0620075 0.946501 -0.316687
v 60.5383 -102.841 -8.72611
vn 0.175839 0.934673 -0.308977
v 60.7777 -103.31 -9.92028
vn 0.376938 0.884874 -0.273707
v 60.4975 -103.715 -11.5276
vn 0.147889 0.950959 -0.271673
v 59.4629 -103.874 -12.3121
vn 0.00688674 0.96379 -0.266574
v 60.2126 -103.846 -12.1208
vn 0.073144 0.961302 -0.265609
v 60.7742 -104.35 -13.606
vn 0.366269 0.897908 -0.244149
v 60.9285 -105.365 -17.0331
vn 0.515259 0.552162 -0.655458
v 61.0282 -105.44 -16.8977
vn 0.819166 0.521996 -0.237669
v 60.7005 -105.223 -16.8892
vn 0.201087 0.907867 -0.367888
v 60.8832 -106.497 -17.229
vn 0.0981857 -0.0312149 -0.994678
v 61.0817 -105.974 -17.158
vn 0.653469 0.0843927 -0.752234
v 61.0197 -106.997 -17.1113
vn 0.519753 -0.352545 -0.778183
v 60.455 -107.434 -13.9302
vn 0.113072 -0.989438 0.0907008
v 60.378 -107.486 -15.2735
vn 0.104303 -0.994379 0.0181838
v 60.6755 -107.459 -16.667
vn 0.202834 -0.975659 -0.0833494
v 60.7742 -107.42 -15.3256
vn 0.3233 -0.945894 0.0275801
v 60.98 -107.335 -16.748
vn 0.67353 -0.738285 -0.0359568
v 60.927 -107.225 -13.4424
vn 0.6538 -0.748674 0.109695
v 60.7314 -107.309 -13.3303
vn 0.269407 -0.943373 0.193567
v 60.4709 -106.679 -10.6813
vn 0.124204 -0.955759 0.266642
v 61.0228 -106.33 -10.6058
vn 0.889819 -0.438519 0.126187
v 60.7742 -106.692 -11.0466
vn 0.376238 -0.892767 0.247815
v 60.165 -104.979 -5.28168
vn 0.0603599 -0.942474 0.328786
v 60.4832 -104.413 -3.80498
vn 0.179953 -0.923788 0.337984
v 60.7153 -105.84 -8.08657
vn 0.278024 -0.913601 0.296707
v 60.2123 -106.134 -8.80164
vn 0.0702804 -0.952254 0.297107
v 60.9265 -106.169 -9.51793
vn 0.658764 -0.718381 0.223515
v 61.02 -105.482 -7.82231
vn 0.884766 -0.441864 0.148139
v 60.8915 -104.563 -4.69703
vn 0.679872 -0.683593 0.265472
v 60.7372 -104.768 -5.01414
vn 0.384189 -0.866036 0.319971
v 60.4962 -102.466 1.18407
vn 0.404356 -0.843286 0.35407
v 60.0381 -103.361 -0.870179
vn 0.0761582 -0.932309 0.353552
v 60.2018 -102.498 1.33299
vn 0.132453 -0.903124 0.40844
v 60.6171 -102.282 1.43715
vn 0.532586 -0.697715 0.47911
v 60.5876 -101.538 1.69274
vn 0.349944 0.216065 0.911513
v 60.7149 -101.751 1.64639
vn 0.847009 -0.0141323 0.531391
v 60.7341 -100.446 1.23643
vn 0.758548 0.289684 0.583686
v 60.5942 -99.7357 0.856525
vn 0.43028 0.605227 0.669745
v 59.9871 -99.5851 0.813165
vn 0.0319648 0.683926 0.72885
v 59.3918 -99.4932 0.0195478
vn 0.013132 0.942483 -0.333996
v 60.1685 -99.4965 0.128732
vn 0.104988 0.942068 -0.318569
v 60.4838 -99.54 0.257557
vn 0.383284 0.900358 -0.20603
v 60.634 -99.5987 0.397696
vn 0.722184 0.691638 0.00928327
v 48.2352 -102.41 1.57261
vn -0.0239571 -0.818099 0.574578
v 59.619 -102.47 1.47747
vn 0.0210963 -0.882298 0.470218
v 59.6264 -102.328 1.66465
vn 0.0202805 -0.6529 0.757172
v 60.2023 -102.15 1.75746
vn 0.0947013 -0.39648 0.913146
v 47.9195 -102.272 1.70111
vn -0.0930783 -0.608574 0.788019
v 48.0534 -102.08 1.78365
vn -0.0246453 -0.12384 0.991996
v 47.7638 -99.5761 0.800296
vn -0.0804784 0.74247 0.665027
v 48.2817 -99.477 0.668364
vn -0.0166361 0.876101 0.48184
v 47.922 -99.4257 0.529644
vn -0.0916102 0.983998 0.152822
v 48.2498 -99.4121 0.390355
vn -0.0290589 0.999302 -0.0234598
v 60.217 -99.481 0.66267
vn 0.180306 0.8899 0.419008
v 59.9908 -99.4292 0.51388
vn 0.0626846 0.984819 0.161868
v 59.0845 -99.4229 0.313024
vn 0.00836391 0.993431 -0.114129
v 48.1431 -106.586 -10.2279
vn -0.0249169 -0.960815 0.276069
v 60.1813 -105.253 -17.0335
vn 0.0214881 0.726985 -0.686317
v 60.5092 -105.383 -17.1291
vn 0.115307 0.514545 -0.849675
v 47.9681 -105.272 -17.0544
vn -0.0144745 0.722235 -0.691497
v 47.6825 -105.424 -17.1517
vn -0.022916 0.388161 -0.921307
v 60.1927 -107.462 -16.8891
vn 0.0347677 -0.911576 -0.409659
v 47.5576 -107.429 -16.9418
vn -0.0413546 -0.860974 -0.506966
v 60.5105 -107.343 -17.0439
vn 0.0486857 -0.643006 -0.764312
v 64.6079 -102.494 -5.96477
vn 0.816472 0.534623 -0.218063
v 65.2202 -103.349 -5.43928
vn 0.871726 0.447539 -0.199506
v 64.851 -102.087 -3.83494
vn 0.829116 0.528413 -0.18261
v 65.4159 -102.909 -3.45469
vn 0.881791 0.444642 -0.157284
v 64.4615 -101.586 -4.03894
vn 0.790637 0.579098 -0.198842
v 64.4182 -100.954 -2.21986
vn 0.788379 0.590844 -0.171352
v 64.9007 -101.651 -2.20038
vn 0.834894 0.528901 -0.15237
v 64.5073 -100.6 -0.427251
vn 0.808408 0.572571 -0.136526
v 64.1572 -100.175 -0.586271
vn 0.761761 0.627758 -0.160123
v 64.1239 -99.7133 1.18679
vn 0.788374 0.605086 -0.111069
v 64.9218 -101.178 -0.22395
vn 0.84344 0.524338 -0.116956
v 64.7991 -100.725 1.09609
vn 0.842527 0.53159 -0.0869518
v 65.29 -102.177 -1.76161
vn 0.866545 0.481432 -0.131619
v 65.314 -101.658 0.673103
vn 0.880818 0.467225 -0.0765506
v 65.6979 -102.592 0.169276
vn 0.926889 0.371022 -0.0567339
v 65.5507 -102.024 1.91896
vn 0.918194 0.39602 0.00935628
v 65.6346 -102.81 -1.57199
vn 0.904167 0.41351 -0.107197
v 65.8809 -103.377 -1.43547
vn 0.941741 0.327606 -0.0761425
v 65.7574 -103.628 -3.32441
vn 0.919237 0.369558 -0.135759
v 65.9111 -104.011 -3.23491
vn 0.943496 0.308599 -0.120754
v 65.5715 -104.215 -5.67096
vn 0.913358 0.358814 -0.192433
v 65.6311 -103.91 -4.75273
vn 0.909611 0.378036 -0.172328
v 65.7929 -104.781 -5.64832
vn 0.941074 0.287962 -0.177361
v 65.2557 -104.299 -7.14159
vn 0.893913 0.385662 -0.22844
v 64.8777 -103.636 -7.37976
vn 0.864435 0.444222 -0.235411
v 65.4888 -105.216 -7.59031
vn 0.928958 0.29143 -0.228267
v 65.2768 -106.073 -9.35641
vn 0.943382 0.221027 -0.247343
v 65.0042 -105.491 -9.73567
vn 0.916645 0.301244 -0.262706
v 65.0838 -104.722 -8.45587
vn 0.899434 0.356884 -0.252295
v 64.5271 -104.129 -9.48223
vn 0.874196 0.413635 -0.254338
v 64.2495 -104.651 -11.2292
vn 0.890317 0.374894 -0.25844
v 64.9109 -106.113 -10.7103
vn 0.930848 0.246517 -0.269725
v 64.3417 -106.428 -12.9278
vn 0.930788 0.240826 -0.27502
v 63.852 -105.678 -13.8631
vn 0.918105 0.273661 -0.286693
v 64.4506 -105.155 -11.2162
vn 0.903465 0.335893 -0.266322
v 63.8059 -103.756 -11.3007
vn 0.830479 0.492464 -0.260352
v 63.4418 -104.785 -14.2803
vn 0.879964 0.354627 -0.316075
v 64.0484 -102.877 -8.6966
vn 0.796889 0.549085 -0.251938
v 64.5014 -103.074 -7.60495
vn 0.832723 0.500065 -0.237713
v 64.7892 -100.593 2.00647
vn 0.844967 0.532846 -0.0458914
v 64.1964 -99.6632 2.38236
vn 0.816186 0.57457 -0.0609017
v 63.5216 -98.5622 4.07195
vn 0.782938 0.619358 -0.058341
v 62.9363 -97.6102 7.45133
vn 0.819504 0.572431 0.0271507
v 63.9694 -99.2198 3.77061
vn 0.827397 0.560894 -0.0285074
v 64.154 -99.5006 4.81405
vn 0.85919 0.510933 0.0271992
v 63.2792 -98.2092 7.73995
vn 0.867536 0.481626 0.124165
v 64.3319 -99.7746 3.96447
vn 0.85185 0.523686 -0.0102189
v 64.1912 -99.7157 6.20698
vn 0.888241 0.45319 0.0751476
v 64.9276 -101.088 5.14391
vn 0.93079 0.34416 0.123225
v 64.1977 -99.9856 7.39738
vn 0.913376 0.378499 0.149941
v 65.1924 -101.394 3.93604
vn 0.930653 0.357714 0.0769827
v 64.6674 -100.368 4.28744
vn 0.880384 0.473138 0.0326362
v 65.1163 -101.159 1.98991
vn 0.879075 0.476648 -0.00588457
v 60.9925 -102.202 -1.41488
vn -0.99926 -0.00500716 -0.0381459
v 60.6437 -101.275 7.10444
vn -0.999222 -0.0325592 -0.0222592
v 61.0643 -101.572 -3.00117
vn -0.998764 0.0174866 -0.0465282
v 61.1446 -101.096 -3.72017
vn -0.985529 0.145222 -0.0874299
v 61.1493 -102.412 -5.667
vn -0.999092 0.0230711 -0.0358232
v 61.1858 -102.035 -5.956
vn -0.991657 0.112612 -0.0627346
v 61.1742 -103.423 -7.20857
vn -0.999612 0.0174607 -0.0217188
v 61.0838 -104.564 -3.53911
vn -0.999521 -0.00874911 -0.0296772
v 61.1434 -105.962 -5.34445
vn -0.999793 -0.0126286 -0.0159291
v 61.2347 -103.603 -10.3492
vn -0.994726 0.0960199 -0.0360502
v 61.1942 -104.51 -9.53086
vn -0.999846 0.0144212 -0.00997671
v 61.1977 -105.848 -12.8668
vn -0.999969 0.00614086 -0.00490088
v 61.1892 -106.683 -9.38043
vn -0.9999 -0.0136453 -0.00362259
v 60.7024 -99.6292 5.67685
vn -0.999142 0.0060759 -0.0409734
v 60.6452 -98.0091 7.53564
vn -0.999144 0.0377364 -0.016965
v 60.7156 -97.6043 6.91484
vn -0.979661 0.183493 -0.0812094
v 60.8614 -98.9391 2.90793
vn -0.991428 0.108185 -0.0732576
v 60.9577 -98.9822 1.96434
vn -0.861735 0.472365 -0.185158
v 61.3842 -101.908 -6.79709
vn -0.489305 0.822579 -0.289732
v 61.2161 -101.107 -4.24263
vn -0.846906 0.492814 -0.199712
v 61.1885 -99.1122 1.18522
vn -0.11276 0.943401 -0.311898
v 61.4435 -99.8969 -1.1473
vn -0.0657594 0.942582 -0.327438
v 61.5578 -101.946 -7.03975
vn -0.0322926 0.944723 -0.326275
v 61.2962 -102.516 -8.2335
vn -0.932003 0.340832 -0.123308
v 61.1976 -107.027 -3.89542
vn -0.974855 -0.219079 0.0407609
v 61.1517 -105.86 -0.440632
vn -0.896785 -0.415673 0.15163
v 61.2879 -106.858 -2.53503
vn -0.708396 -0.667299 0.229973
v 61.3682 -107.657 -4.9846
vn -0.738605 -0.659337 0.140491
v 61.4027 -107.313 -3.64542
vn -0.485941 -0.834908 0.25844
v 61.3045 -106.03 -0.449395
vn -0.374387 -0.845044 0.381752
v 61.7057 -107.597 -4.37241
vn -0.0638782 -0.961403 0.267626
v 61.7346 -107.82 -5.26213
vn -0.0925342 -0.973587 0.208726
v 61.6899 -107.148 -2.97039
vn -0.0490613 -0.94068 0.33573
v 61.6061 -106.467 -1.28931
vn -0.0627073 -0.914091 0.400632
v 61.5121 -105.661 0.415125
vn -0.0526436 -0.891546 0.449861
v 61.3444 -104.907 1.87871
vn -0.175583 -0.869121 0.462383
v 61.0497 -104.856 1.66113
vn -0.744074 -0.606003 0.281271
v 60.9503 -104.424 1.98468
vn -0.973806 -0.217062 0.0677223
v 61.2861 -107.895 -9.90476
vn -0.942318 -0.334707 0.00274148
v 61.3373 -108.001 -9.7282
vn -0.774937 -0.631836 -0.0159795
v 61.3333 -107.943 -7.26306
vn -0.765486 -0.641616 0.0485773
v 61.4424 -108.111 -9.08696
vn -0.429256 -0.903131 -0.00970323
v 61.3347 -107.854 -12.9316
vn -0.115348 -0.985668 -0.123099
v 61.6769 -108.08 -10.5284
vn -0.0249681 -0.996627 -0.0781803
v 61.6532 -108.155 -8.49814
vn -0.0802474 -0.996547 0.0213335
v 64.8893 -108.133 -9.6316
vn 0.0559848 -0.996703 -0.0587284
v 65.1229 -108.136 -7.83772
vn 0.0534587 -0.997845 0.0380477
v 61.6535 -108.06 -7.0104
vn -0.158764 -0.983145 0.0906664
v 65.3466 -108.081 -7.01432
vn 0.138678 -0.987786 0.0710385
v 61.6309 -107.978 -6.1505
vn -0.161608 -0.976193 0.144671
v 61.2488 -107.593 -6.80618
vn -0.993062 -0.117543 0.00347164
v 61.2264 -105.216 -14.2728
vn -0.994383 -0.00600577 -0.105674
v 61.2795 -106.549 -13.9962
vn -0.752439 -0.266785 -0.602214
v 61.3706 -105.393 -14.4815
vn -0.162015 -0.259821 -0.951969
v 61.3587 -104.893 -14.5396
vn -0.347693 0.0228541 -0.93733
v 63.5838 -105.925 -14.3167
vn 0.197803 -0.284939 -0.937915
v 61.4171 -106.534 -14.075
vn -0.0703347 -0.391892 -0.917319
v 61.403 -107.359 -13.6502
vn -0.345516 -0.501723 -0.793028
v 63.915 -106.975 -13.864
vn 0.183354 -0.382216 -0.9057
v 61.3397 -104.422 -14.2278
vn -0.548069 0.720891 -0.424189
v 61.5573 -103.195 -10.7438
vn -0.0696007 0.946051 -0.316453
v 61.4464 -104.197 -13.7639
vn -0.0766034 0.934589 -0.347383
v 61.2568 -104.665 -14.2384
vn -0.989562 0.110789 -0.0921595
v 60.8701 -97.3992 6.86139
vn -0.214136 0.93738 -0.27471
v 61.0799 -98.3908 3.48942
vn -0.129391 0.947261 -0.293181
v 63.0672 -98.3523 3.61121
vn 0.101983 0.955876 -0.2755
v 60.6665 -98.3328 8.06691
vn -0.948672 0.0147161 0.315919
v 60.6647 -100.226 7.85498
vn -0.954582 -0.0743733 0.288517
v 60.8647 -99.8371 8.09731
vn -0.107108 -0.185313 0.976825
v 60.8418 -99.0636 8.19243
vn -0.209334 -0.0831164 0.974305
v 60.7797 -98.3466 8.18836
vn -0.227496 0.034815 0.973157
v 63.207 -98.6423 8.20569
vn 0.112116 0.0720905 0.991077
v 60.8076 -97.6782 8.06399
vn -0.255579 0.321954 0.911606
v 60.7634 -101.97 6.59601
vn -0.645395 -0.65605 0.391234
v 61.0207 -103.377 4.40677
vn -0.442042 -0.784064 0.435709
v 65.2977 -104.855 1.97741
vn 0.0297168 -0.875319 0.482633
v 61.3318 -103.587 4.16837
vn -0.0194917 -0.85306 0.521449
v 61.0122 -102.082 6.55268
vn -0.0871948 -0.824301 0.559398
v 60.6837 -101.472 7.17664
vn -0.895431 -0.335617 0.292513
v 61.0389 -105.076 -1.94905
vn -0.999222 -0.0286503 -0.0271054
v 61.183 -106.93 -6.05905
vn -0.998305 -0.0580025 -0.00480235
v 60.8597 -103.594 3.05337
vn -0.994472 -0.104846 0.0057609
v 66.0019 -103.757 -1.36886
vn 0.965517 0.25493 -0.0528036
v 65.8966 -103.147 0.267927
vn 0.960989 0.275562 -0.0237779
v 66.1221 -104.316 -1.30181
vn 0.987007 0.159539 -0.0191052
v 66.0175 -103.683 0.326043
vn 0.984032 0.177573 0.0121849
v 65.7724 -102.674 1.9153
vn 0.96395 0.262191 0.0453556
v 65.9059 -103.35 1.94804
vn 0.987121 0.125874 0.0987319
v 66.1445 -104.642 -0.073265
vn 0.997622 0.0251919 0.0641504
v 66.2124 -105.181 -1.69192
vn 0.998995 0.0431361 0.0121998
v 65.9777 -104.104 1.54344
vn 0.991096 -0.0235546 0.131051
v 66.0469 -105.113 0.36782
vn 0.966736 -0.191608 0.169435
v 65.9328 -104.555 1.53905
vn 0.957611 -0.196606 0.210541
v 66.1204 -105.985 -1.18783
vn 0.940497 -0.297026 0.165051
v 66.1974 -105.772 -1.67696
vn 0.994493 -0.0845538 0.0619205
v 66.1772 -105.138 -0.809069
vn 0.997619 -0.0255179 0.0640664
v 66.1713 -106.523 -3.01632
vn 0.983012 -0.177778 0.0456336
v 66.2209 -105.994 -3.02558
vn 0.999603 -0.0276847 -0.00522249
v 66.0029 -107.305 -5.72069
vn 0.980351 -0.184302 -0.0703244
v 66.1245 -106.97 -4.373
vn 0.984055 -0.177443 -0.0122694
v 66.1375 -106.573 -4.83954
vn 0.996927 -0.0357366 -0.0697095
v 66.1056 -105.811 -5.00847
vn 0.986673 0.111868 -0.118164
v 66.1964 -105.332 -3.05985
vn 0.994534 0.0943179 -0.044784
v 66.0304 -105.052 -4.50903
vn 0.970876 0.205329 -0.123447
v 66.1193 -104.782 -3.11161
vn 0.980046 0.183388 -0.0766676
v 66.0308 -104.398 -3.16477
vn 0.96456 0.245504 -0.0966997
v 61.2089 -107.637 -13.0788
vn -0.997239 -0.0607886 -0.042655
v 61.3538 -107.731 -13.3198
vn -0.0853598 -0.845574 -0.526991
v 64.2291 -107.512 -13.5395
vn 0.426614 -0.367532 -0.82639
v 64.2263 -107.654 -13.4097
vn 0.21953 -0.726942 -0.650663
v 65.7722 -105.81 -7.0621
vn 0.963377 0.187576 -0.191626
v 65.2908 -106.672 -9.80033
vn 0.960637 0.135372 -0.242592
v 65.8696 -106.499 -7.04365
vn 0.982508 0.0779636 -0.169112
v 65.426 -107.443 -9.39517
vn 0.976532 -0.0607766 -0.206619
v 65.9025 -107.083 -6.92084
vn 0.988848 -0.0376622 -0.144091
v 65.8237 -107.541 -7.03569
vn 0.970376 -0.19606 -0.141178
v 65.4664 -107.957 -8.57933
vn 0.806625 -0.571846 -0.149494
v 65.0866 -107.875 -10.3967
vn 0.864167 -0.454453 -0.216073
v 64.5022 -107.707 -13.0526
vn 0.884129 -0.33684 -0.323813
v 65.2335 -107.309 -10.1812
vn 0.972945 -0.00354426 -0.231011
v 64.455 -107.315 -13.2043
vn 0.940918 0.127971 -0.313523
v 65.3366 -102.021 4.35796
vn 0.963991 0.214591 0.157075
v 64.5777 -100.902 6.88644
vn 0.952021 0.227727 0.204441
v 64.6714 -101.322 6.80141
vn 0.960305 0.0826235 0.266434
v 65.419 -102.54 4.3292
vn 0.973909 0.0706889 0.21565
v 65.4438 -103.068 4.19968
vn 0.952781 -0.107348 0.28405
v 64.5934 -101.631 6.9896
vn 0.740359 -0.415584 0.528354
v 65.2718 -103.234 4.47411
vn 0.671841 -0.548322 0.497969
v 65.8123 -104.513 2.08842
vn 0.87644 -0.35141 0.329187
v 65.8773 -103.786 2.22301
vn 0.981331 -0.0211229 0.191163
v 60.8648 -100.46 7.92133
vn -0.0878562 -0.340308 0.936201
v 60.808 -100.896 7.72129
vn -0.380583 -0.429351 0.819033
v 60.8141 -101.457 7.325
vn -0.0668333 -0.681994 0.728297
v 64.1669 -100.973 7.68218
vn 0.165726 -0.419576 0.892464
v 65.4202 -107.317 -3.46193
vn 0.0312858 -0.9477 0.317626
v 65.3752 -107.597 -4.36539
vn 0.0319043 -0.96286 0.268109
v 65.5455 -106.994 -2.56836
vn 0.0550732 -0.932294 0.357483
v 65.5409 -106.508 -1.38416
vn 0.0662653 -0.908992 0.411513
v 65.5517 -105.76 0.210975
vn 0.115114 -0.888304 0.444595
v 65.0252 -103.724 3.93179
vn 0.0531926 -0.852782 0.519551
v 64.3221 -102.489 5.90921
vn 0.0277549 -0.840649 0.540869
v 64.3174 -101.446 7.3287
vn 0.110818 -0.655814 0.746745
v 63.965 -100.297 7.97149
vn 0.354435 -0.1071 0.928927
v 63.4961 -99.9509 8.06604
vn 0.0169324 -0.213739 0.976744
v 63.5088 -99.3094 8.17095
vn 0.116846 -0.0639783 0.991087
v 62.9436 -98.0901 8.16406
vn 0.156725 0.206557 0.965801
v 62.6943 -97.6817 8.03621
vn 0.175564 0.470444 0.864789
v 62.5792 -97.3958 6.88629
vn 0.0893666 0.967081 -0.238261
v 63.4343 -99.3198 0.550098
vn 0.0739006 0.947764 -0.310295
v 63.6454 -101.91 -6.92938
vn 0.0966385 0.940681 -0.325238
v 63.1223 -104.204 -13.7914
vn 0.0623305 0.935225 -0.348524
v 63.3808 -105.392 -14.4787
vn 0.10431 -0.173506 -0.979293
v 64.4065 -107.757 -13.2646
vn 0.1336 -0.909169 -0.394415
v 65.0019 -108.153 -8.71089
vn 0.0718236 -0.997077 -0.0260712
v 64.3269 -107.892 -12.6789
vn 0.0776446 -0.990423 -0.114166
v 65.3043 -107.818 -5.26172
vn 0.0286548 -0.977736 0.207872
v 65.7625 -107.426 -3.90776
vn 0.254925 -0.925476 0.280192
v 65.7517 -107.764 -5.26602
vn 0.458486 -0.875939 0.150073
v 65.8996 -106.62 -1.8328
vn 0.409741 -0.835391 0.366379
v 65.9959 -107.339 -4.09106
vn 0.756418 -0.6364 0.151084
v 65.9245 -107.64 -5.64864
vn 0.887117 -0.46147 -0.00832882
v 66.0725 -106.915 -3.05619
vn 0.871157 -0.465952 0.154835
v 66.0057 -105.927 -0.580196
vn 0.794857 -0.532766 0.290453
v 65.8213 -105.575 0.360593
vn 0.521224 -0.750213 0.406824
v 65.6201 -104.794 1.96048
vn 0.373724 -0.79336 0.480532
v 65.3636 -103.757 3.67776
vn 0.525097 -0.682741 0.508073
v 64.4017 -101.825 6.91333
vn 0.0891749 -0.79943 0.594104
v 64.3707 -100.768 7.58692
vn 0.903558 0.122746 0.410508
v 64.0257 -99.9605 7.87732
vn 0.823878 0.21861 0.52291
v 63.5279 -98.8707 8.07583
vn 0.775892 0.326055 0.540074
v 62.718 -97.4544 7.9099
vn 0.541912 0.677917 0.49675
v 63.3062 -98.4147 3.64579
vn 0.523964 0.834117 -0.172368
v 63.0463 -97.9007 5.56873
vn 0.682144 0.724468 -0.0991271
v 63.6631 -99.2121 1.21078
vn 0.540572 0.815935 -0.205017
v 63.7813 -100.467 -2.7071
vn 0.340034 0.890643 -0.301881
v 63.9889 -100.308 -1.78946
vn 0.656876 0.723116 -0.213582
v 64.0902 -101.33 -4.65633
vn 0.670636 0.70082 -0.243105
v 63.9856 -102.404 -7.80398
vn 0.691382 0.670808 -0.268341
v 63.8195 -102.08 -7.24626
vn 0.40936 0.856464 -0.314474
v 63.2971 -104.309 -13.8599
vn 0.64859 0.693373 -0.31395
v 63.2334 -104.85 -14.5324
vn 0.239199 0.131969 -0.96196
v 63.5691 -105.329 -14.3717
vn 0.798616 0.148579 -0.583212
v 64.032 -106.464 -13.905
vn 0.821488 0.0535157 -0.56771
v 65.3245 -108.097 -8.47837
vn 0.414474 -0.908215 -0.0579428
v 65.0183 -108.013 -10.2183
vn 0.546824 -0.820487 -0.166687
v 65.7552 -107.879 -6.60087
vn 0.742172 -0.669644 -0.0275238
v 65.5006 -107.972 -6.19009
vn 0.146511 -0.980987 0.127273
v 63.1598 -104.554 -14.406
vn 0.264747 0.677749 -0.685978
v 61.3431 -104.657 -14.4663
vn -0.651474 0.454322 -0.607596
v 60.8103 -97.315 7.34954
vn -0.510973 0.84607 -0.151894
v 60.7435 -97.454 7.86831
vn -0.775463 0.576714 0.257019
v 60.8302 -97.3166 7.6283
vn -0.269049 0.958106 0.0982123
v 62.5612 -97.3417 7.73478
vn 0.16167 0.962829 0.216389
v 62.645 -97.3092 7.54322
vn 0.485444 0.873389 -0.0391901
v 42.098 -102.81 -1.57199
vn -0.904175 0.4135 -0.107175
v 41.8517 -103.377 -1.43546
vn -0.94175 0.327583 -0.0761333
v 42.2029 -102.222 0.084065
vn -0.903562 0.421598 -0.0763611
v 41.8966 -102.963 0.238147
vn -0.95026 0.309528 -0.0346105
v 42.4119 -101.529 1.74341
vn -0.889943 0.454914 -0.0324686
v 42.1154 -102.183 1.86591
vn -0.933862 0.357553 0.0076097
v 42.5986 -101.509 -0.11712
vn -0.861971 0.495856 -0.105516
v 42.7218 -101.06 1.17846
vn -0.861269 0.502693 -0.0742694
v 42.4426 -102.177 -1.76161
vn -0.866533 0.481448 -0.131633
v 42.8319 -101.651 -2.20038
vn -0.834885 0.528917 -0.152362
v 43.0831 -100.623 0.401141
vn -0.826234 0.551916 -0.112808
v 43.1581 -100.74 -0.596722
vn -0.812678 0.566317 -0.137255
v 43.5753 -100.175 -0.586271
vn -0.761823 0.627693 -0.160086
v 43.5316 -99.8954 0.871477
vn -0.791654 0.599454 -0.118067
v 43.3144 -100.954 -2.21985
vn -0.788409 0.590809 -0.171336
v 43.3899 -101.452 -4.09544
vn -0.768052 0.606101 -0.20673
v 42.8816 -102.087 -3.83494
vn -0.829105 0.528426 -0.182619
v 43.4135 -102.09 -5.93577
vn -0.778242 0.585218 -0.227727
v 42.9213 -102.721 -5.67454
vn -0.834709 0.50849 -0.211422
v 42.5124 -103.349 -5.43928
vn -0.871701 0.44758 -0.199522
v 42.3174 -102.906 -3.45135
vn -0.881785 0.444653 -0.157285
v 42.0923 -104.265 -5.49949
vn -0.913272 0.362013 -0.186764
v 41.8627 -104.478 -4.60893
vn -0.942783 0.295625 -0.154165
v 41.8944 -105.035 -5.71604
vn -0.949724 0.261277 -0.172507
v 41.8214 -104.011 -3.23491
vn -0.943515 0.308554 -0.120722
v 41.9752 -103.628 -3.32441
vn -0.919231 0.369576 -0.135749
v 43.6563 -104.304 -11.2937
vn -0.877651 0.40504 -0.256263
v 43.3172 -103.787 -9.28231
vn -0.859652 0.444478 -0.251868
v 43.7002 -103.564 -10.1592
vn -0.834749 0.488054 -0.254947
v 44.3586 -104.628 -14.2658
vn -0.843439 0.437121 -0.312307
v 43.4848 -105.047 -11.7723
vn -0.902455 0.342111 -0.261793
v 43.1434 -104.404 -9.70014
vn -0.88308 0.392392 -0.257291
v 42.6249 -105.597 -9.49989
vn -0.916643 0.301248 -0.262706
v 43.3282 -105.924 -12.2468
vn -0.923787 0.270123 -0.271389
v 42.7584 -106.441 -10.7733
vn -0.941399 0.208302 -0.265289
v 43.4636 -106.806 -13.4972
vn -0.908349 0.148546 -0.390943
v 42.4558 -106.073 -9.35641
vn -0.943391 0.221001 -0.247329
v 42.6488 -104.722 -8.45588
vn -0.89944 0.356871 -0.252293
v 42.2438 -105.215 -7.5903
vn -0.928933 0.29147 -0.228319
v 42.4769 -104.299 -7.14158
vn -0.893914 0.385659 -0.22844
v 42.8549 -103.636 -7.37976
vn -0.864431 0.444232 -0.235409
v 43.2312 -103.074 -7.60495
vn -0.832709 0.500082 -0.237725
v 43.6183 -102.579 -7.81404
vn -0.783789 0.5709 -0.244436
v 43.832 -102.883 -9.18825
vn -0.697779 0.659407 -0.279798
v 42.9193 -100.669 4.44741
vn -0.895623 0.44136 0.0553132
v 42.5424 -101.471 4.2512
vn -0.935098 0.340694 0.0975672
v 43.4937 -100.045 7.28191
vn -0.91959 0.363164 0.149887
v 43.5413 -99.7157 6.20698
vn -0.888231 0.453207 0.0751648
v 44.4911 -98.1418 7.73075
vn -0.863591 0.492601 0.107494
v 43.3244 -99.8826 4.04278
vn -0.858976 0.511923 0.00979429
v 44.1762 -98.5691 5.06299
vn -0.812015 0.583086 -0.0253501
v 43.5148 -99.6062 3.48206
vn -0.82956 0.557642 -0.029411
v 44.2515 -98.5873 3.49625
vn -0.724889 0.681708 -0.0990484
v 43.5631 -99.6437 2.22519
vn -0.81151 0.58047 -0.0671275
v 43.8102 -99.3699 1.8278
vn -0.768437 0.631784 -0.101757
v 43.065 -100.395 2.07966
vn -0.844903 0.53335 -0.0409471
v 42.6797 -101.057 3.35644
vn -0.897102 0.440963 0.0275597
v 46.6516 -102.73 -3.7316
vn 0.999449 0.000674282 -0.0331938
v 46.5904 -103.515 -5.89853
vn 0.999698 0.0042387 -0.0241978
v 46.6541 -101.695 -3.48853
vn 0.998458 0.0318366 -0.0454692
v 46.5386 -102.987 -7.63157
vn 0.998503 0.0457505 -0.0299877
v 46.4886 -102.316 -7.25188
vn 0.984529 0.159846 -0.0717826
v 46.7949 -99.5328 1.04443
vn 0.988392 0.127665 -0.0823634
v 46.8124 -101.193 0.322541
vn 0.99912 0.0032773 -0.041817
v 46.8571 -99.5544 1.92924
vn 0.997377 0.047157 -0.0549178
v 47.0833 -100.788 6.89929
vn 0.999183 -0.00317908 -0.0402954
v 46.7609 -104.298 -0.328557
vn 0.999262 -0.0162693 -0.0347921
v 46.6128 -105.807 -4.36863
vn 0.999555 -0.0158934 -0.0252236
v 46.5604 -104.272 -7.64152
vn 0.999897 -0.00166577 -0.0142309
v 46.5447 -104.871 -9.20464
vn 0.999969 0.00492967 -0.0060989
v 46.5495 -106.391 -8.01463
vn 0.999887 -0.013357 -0.00685699
v 46.5364 -106.925 -13.3578
vn 0.999021 -0.0145882 -0.0417525
v 46.5056 -104.048 -11.3007
vn 0.998939 0.0429983 -0.0164797
v 47.0577 -97.6281 7.3874
vn 0.996023 0.0812737 -0.0365164
v 47.0774 -98.9479 6.99008
vn 0.999393 0.0106085 -0.0331772
v 46.3599 -101.856 -6.64416
vn 0.484989 0.824522 -0.291461
v 46.1732 -102.07 -7.39147
vn 0.0221524 0.946678 -0.321419
v 44.0994 -100.294 -2.29346
vn -0.138731 0.937209 -0.319988
v 46.5009 -99.4304 0.216997
vn 0.120526 0.93934 -0.321113
v 46.6274 -99.5764 -0.00434127
vn 0.612466 0.740575 -0.276467
v 44.3485 -99.2143 0.867874
vn -0.0910102 0.948149 -0.304516
v 46.7636 -99.0295 1.89003
vn 0.861443 0.471609 -0.188415
v 46.8144 -99.0317 2.18297
vn 0.956663 0.263588 -0.12376
v 46.5532 -100.992 -3.76758
vn 0.905609 0.389748 -0.167238
v 46.4284 -102.497 -8.21618
vn 0.921563 0.364485 -0.133686
v 46.1851 -105.736 0.263097
vn 0.0528383 -0.896601 0.439676
v 46.5853 -104.907 1.75357
vn 0.385868 -0.823838 0.415207
v 46.3001 -104.836 2.0112
vn 0.0473765 -0.881993 0.468874
v 46.4004 -106.489 -1.49178
vn 0.430664 -0.835679 0.340835
v 46.1256 -106.483 -1.3251
vn 0.0458646 -0.911676 0.408341
v 46.0687 -106.993 -2.56722
vn 0.0600387 -0.932639 0.355781
v 45.9325 -107.317 -3.46186
vn 0.0338979 -0.947706 0.317338
v 45.998 -107.82 -5.26214
vn 0.0926933 -0.973573 0.208719
v 46.0245 -107.597 -4.37039
vn 0.065668 -0.961088 0.268324
v 46.3706 -107.708 -5.28719
vn 0.738784 -0.660733 0.132778
v 46.3131 -107.36 -3.77252
vn 0.414142 -0.871207 0.2636
v 46.4441 -106.985 -3.01353
vn 0.769757 -0.608699 0.192252
v 46.509 -107.276 -4.64473
vn 0.981259 -0.190476 0.0291436
v 46.647 -105.845 -1.03864
vn 0.988219 -0.151015 0.0248351
v 46.6339 -105.738 -0.439427
vn 0.945614 -0.309468 0.100224
v 46.6533 -105.567 0.0943867
vn 0.904843 -0.398092 0.150934
v 46.1016 -107.978 -6.15052
vn 0.160931 -0.976289 0.144779
v 46.0972 -108.081 -7.01273
vn 0.155635 -0.983556 0.0916315
v 46.1299 -108.152 -8.448
vn 0.1542 -0.987613 0.0290352
v 42.585 -108.14 -7.91565
vn -0.0832161 -0.996471 0.011015
v 46.171 -108.133 -9.62697
vn 0.19995 -0.978329 -0.0537875
v 43.0045 -108.11 -10.0785
vn -0.0550007 -0.996678 -0.0600582
v 46.1813 -107.886 -12.7483
vn 0.0168247 -0.992714 -0.119316
v 46.4784 -107.807 -13.0195
vn 0.729437 -0.67979 -0.076212
v 46.4155 -108.003 -9.07041
vn 0.837919 -0.545795 0.000145758
v 46.3993 -107.943 -7.26204
vn 0.765431 -0.64168 0.0485976
v 46.2818 -107.204 -13.7497
vn 0.0545723 -0.487343 -0.871504
v 46.3629 -107.552 -13.5111
vn 0.330161 -0.532315 -0.779509
v 44.1259 -106.124 -14.2498
vn -0.0622232 -0.36072 -0.930596
v 46.3379 -105.463 -14.4682
vn 0.141685 -0.283246 -0.948524
v 46.466 -106.459 -14.0225
vn 0.833014 -0.233344 -0.501635
v 46.3249 -104.913 -14.5407
vn 0.115691 0.104158 -0.987809
v 46.4972 -105.075 -14.3618
vn 0.985573 0.0254293 -0.167332
v 46.255 -104.064 -13.3751
vn 0.246224 0.918369 -0.309792
v 46.3814 -104.375 -14.1415
vn 0.543888 0.761545 -0.35247
v 44.6059 -104.198 -13.7722
vn -0.0724047 0.931801 -0.355674
v 46.4656 -104.446 -13.6755
vn 0.982435 0.171872 -0.0726728
v 46.7793 -98.4822 3.42854
vn 0.647929 0.719878 -0.248926
v 46.6443 -98.3756 3.5298
vn 0.069849 0.952724 -0.2957
v 46.8268 -97.3978 6.87333
vn 0.205367 0.941827 -0.266058
v 46.9452 -97.3212 7.33445
vn 0.703874 0.693651 -0.153003
v 46.9277 -97.6845 8.06443
vn 0.253213 0.269014 0.929255
v 44.7801 -98.0855 8.16319
vn -0.151832 0.195421 0.968895
v 46.9169 -98.4762 8.20127
vn 0.0900407 0.0219524 0.995696
v 44.3661 -99.004 8.19798
vn -0.100275 -0.0191039 0.994776
v 46.8764 -99.5548 8.13994
vn 0.118468 -0.138276 0.983283
v 44.0919 -99.6235 8.13438
vn -0.116765 -0.109099 0.987149
v 47.0043 -100.515 7.87311
vn 0.70043 -0.21729 0.67984
v 47.077 -98.3516 8.04486
vn 0.964526 0.0326525 0.261961
v 47.0801 -99.842 7.78577
vn 0.980874 -0.0530999 0.187261
v 46.5048 -103.727 3.92907
vn 0.1348 -0.851483 0.50676
v 46.684 -102.164 6.43177
vn 0.0346539 -0.837071 0.545995
v 46.7283 -104.036 3.23102
vn 0.640869 -0.68114 0.354026
v 46.9942 -101.892 6.69262
vn 0.845055 -0.47123 0.252634
v 46.5669 -106.761 -4.14499
vn 0.997627 -0.0686058 -0.00585873
v 41.5951 -106.573 -4.83954
vn -0.996927 -0.0357398 -0.0697097
v 41.627 -105.811 -5.00847
vn -0.986674 0.111874 -0.118148
v 41.5116 -105.994 -3.02558
vn -0.999602 -0.0277168 -0.0052428
v 41.5362 -105.332 -3.05985
vn -0.994529 0.0943666 -0.0448055
v 41.6605 -107.269 -4.49735
vn -0.944968 -0.325353 0.034369
v 41.7297 -107.305 -5.72069
vn -0.98035 -0.184305 -0.0703209
v 41.5613 -106.523 -3.01633
vn -0.983004 -0.177818 0.0456427
v 41.6122 -105.985 -1.18788
vn -0.940495 -0.29703 0.165052
v 41.5352 -105.772 -1.67696
vn -0.994478 -0.0846761 0.061998
v 41.5381 -104.789 -1.25472
vn -0.997319 0.0722251 0.0118044
v 41.6857 -105.113 0.36782
vn -0.966738 -0.191614 0.169419
v 41.5553 -105.138 -0.809074
vn -0.997613 -0.0256083 0.0641336
v 41.6386 -104.631 0.369533
vn -0.995322 -0.0246216 0.0934255
v 41.8857 -104.252 2.14902
vn -0.949097 -0.200835 0.242654
v 41.8002 -103.779 2.00796
vn -0.988347 0.0360796 0.147881
v 41.7095 -103.906 1.02186
vn -0.994688 0.0803077 0.0643888
v 41.6368 -104.009 -0.587382
vn -0.982856 0.184153 -0.00905761
v 41.9153 -102.85 1.97974
vn -0.966392 0.248818 0.0646207
v 41.7306 -103.757 -1.36886
vn -0.965513 0.254942 -0.0528184
v 41.7018 -104.398 -3.16477
vn -0.964572 0.245467 -0.0966777
v 41.6133 -104.782 -3.11161
vn -0.980046 0.18339 -0.0766691
v 41.7022 -105.052 -4.50903
vn -0.97088 0.205309 -0.12345
v 46.519 -107.668 -12.6745
vn 0.99194 -0.126693 -0.00187491
v 46.3967 -107.731 -13.3079
vn 0.422952 -0.75174 -0.505963
v 43.4386 -107.791 -13.1856
vn -0.156973 -0.944689 -0.287962
v 43.1959 -107.57 -13.0026
vn -0.960103 -0.0278669 -0.278256
v 42.4991 -107.309 -10.1812
vn -0.972949 -0.00353597 -0.230991
v 42.3065 -107.443 -9.3945
vn -0.976529 -0.0608476 -0.206613
v 42.5894 -108.029 -9.84472
vn -0.678844 -0.711702 -0.180697
v 43.3052 -107.77 -13.1622
vn -0.737401 -0.515063 -0.436978
v 42.2336 -107.933 -8.46217
vn -0.879271 -0.451764 -0.150968
v 41.9685 -107.769 -7.19525
vn -0.929449 -0.351744 -0.111358
v 41.8301 -107.082 -6.92141
vn -0.988848 -0.0377242 -0.144072
v 41.8622 -106.499 -7.0391
vn -0.982506 0.0779847 -0.169115
v 41.9604 -105.81 -7.06201
vn -0.963382 0.18756 -0.191615
v 42.3135 -106.657 -9.21473
vn -0.966274 0.118534 -0.228615
v 42.5545 -106.877 -10.3021
vn -0.961196 0.11583 -0.250372
v 47.0855 -101.335 7.1123
vn 0.994803 -0.100127 0.0184863
v 42.3724 -103.261 4.28734
vn -0.850753 -0.337757 0.402665
v 42.3054 -102.966 4.28195
vn -0.949348 -0.105538 0.295974
v 43.0043 -101.695 6.61144
vn -0.920171 -0.129189 0.369588
v 42.3135 -102.541 4.32923
vn -0.973909 0.0707159 0.21564
v 43.0612 -101.322 6.80141
vn -0.960303 0.0825865 0.266452
v 42.3963 -102.02 4.35904
vn -0.963996 0.214561 0.157082
v 43.1548 -100.902 6.88644
vn -0.952017 0.227756 0.204429
v 46.8512 -101.039 7.63925
vn 0.111384 -0.523199 0.8449
v 43.7145 -100.873 7.73809
vn -0.0513968 -0.458564 0.887174
v 46.9964 -101.394 7.36906
vn 0.621005 -0.52792 0.579356
v 46.849 -100.223 7.99934
vn 0.176595 -0.28044 0.943487
v 43.8022 -100.374 7.95559
vn -0.0804689 -0.294776 0.952172
v 42.4818 -104.855 1.98089
vn -0.0274208 -0.873354 0.486314
v 42.1735 -105.762 0.20291
vn -0.12074 -0.887083 0.445539
v 42.198 -106.483 -1.32651
vn -0.042944 -0.910795 0.41062
v 42.1811 -106.996 -2.57664
vn -0.0566691 -0.932246 0.35736
v 42.0606 -107.307 -3.45784
vn -0.143206 -0.938837 0.313172
v 42.226 -107.597 -4.36761
vn -0.0564976 -0.961431 0.269181
v 42.7939 -103.44 4.40143
vn -0.0459611 -0.847699 0.528483
v 43.43 -101.99 6.69495
vn -0.0165104 -0.822584 0.568404
v 43.3446 -101.321 7.42711
vn -0.342105 -0.513185 0.78715
v 44.9576 -97.6306 8.03799
vn -0.304827 0.503968 0.808144
v 44.6031 -98.4155 3.40985
vn -0.117412 0.954838 -0.272946
v 45.0718 -97.4084 6.84277
vn -0.294096 0.933564 -0.204858
v 44.102 -102.008 -7.21437
vn -0.100409 0.940625 -0.324258
v 43.6427 -107.116 -13.7723
vn -0.30694 -0.371768 -0.876115
v 44.2209 -105.477 -14.4498
vn -0.493657 -0.0595035 -0.867619
v 43.6468 -107.61 -13.4688
vn -0.0715481 -0.640129 -0.764928
v 42.9659 -108.154 -8.6305
vn -0.00750353 -0.99997 0.00168351
v 41.9945 -105.293 0.945243
vn -0.4544 -0.777866 0.434103
v 41.7269 -105.927 -0.58005
vn -0.79486 -0.532762 0.290452
v 41.9395 -104.654 1.93785
vn -0.789491 -0.488487 0.371597
v 41.833 -106.62 -1.83282
vn -0.409766 -0.835381 0.366374
v 41.6601 -106.915 -3.05591
vn -0.871169 -0.465929 0.154842
v 41.8082 -107.64 -5.6489
vn -0.887133 -0.461438 -0.00834503
v 41.8411 -107.349 -3.91401
vn -0.536348 -0.81186 0.230682
v 41.9808 -107.764 -5.26606
vn -0.458553 -0.875909 0.150041
v 42.4283 -107.818 -5.26172
vn -0.0286553 -0.977736 0.207871
v 43.2388 -101.753 6.97655
vn -0.412587 -0.683164 0.602544
v 42.6538 -103.069 4.84485
vn -0.480273 -0.686835 0.545523
v 42.2536 -104.162 3.04211
vn -0.448069 -0.737298 0.505594
v 43.3691 -100.706 7.59471
vn -0.904507 0.146229 0.400606
v 43.7812 -99.8214 7.96903
vn -0.75701 0.220291 0.615148
v 44.2555 -98.6843 8.00396
vn -0.861278 0.420188 0.285732
v 44.1781 -99.1027 1.38481
vn -0.430915 0.872205 -0.231453
v 43.8313 -99.551 0.773545
vn -0.721935 0.674836 -0.15299
v 44.8915 -97.4793 7.45269
vn -0.796644 0.602891 0.0433566
v 43.6945 -101.471 -5.1421
vn -0.633992 0.728969 -0.258182
v 43.8633 -101.129 -4.49529
vn -0.418957 0.85855 -0.295578
v 43.864 -102.267 -7.72716
vn -0.555314 0.777814 -0.294333
v 43.7389 -100.391 -2.06069
vn -0.685206 0.697248 -0.210566
v 43.9568 -100.115 -1.58126
vn -0.418663 0.86499 -0.276612
v 44.4354 -104.31 -13.8602
vn -0.648612 0.693356 -0.313943
v 44.125 -105.234 -14.2499
vn -0.906567 0.265537 -0.328066
v 44.5082 -104.797 -14.5265
vn -0.242014 0.332639 -0.911471
v 42.1321 -107.997 -6.71884
vn -0.424811 -0.904454 0.0387133
v 42.2864 -108.023 -6.50497
vn -0.091475 -0.990004 0.107356
v 42.349 -108.071 -8.42155
vn -0.578942 -0.809274 -0.0995135
v 43.3707 -107.907 -12.5073
vn -0.141564 -0.982621 -0.120066
v 44.5904 -104.438 -14.2609
vn -0.171832 0.776031 -0.606836
v 46.3524 -104.587 -14.4327
vn 0.268025 0.660501 -0.701357
v 43.3895 -101.692 7.07466
vn -0.108981 -0.761584 0.638837
v 46.838 -101.638 7.13589
vn 0.101496 -0.750524 0.653003
v 46.7934 -97.3505 7.75013
vn 0.0793392 0.969748 0.230855
v 45.0792 -97.38 7.83206
vn -0.229714 0.847225 0.479
v 46.9938 -97.4628 7.86083
vn 0.812761 0.537913 0.223763
v 45.0875 -97.3094 7.5408
vn -0.486582 0.872664 -0.0411732
v 43.2032 -100.247 1.51589
vn -0.827183 0.556397 -0.078685
v 43.008 -122.509 -15.8274
vn -0.904263 -0.41577 -0.0971808
v 43.0158 -122.308 -16.3323
vn -0.882673 -0.38366 -0.271465
v 43.8601 -124.248 -14.9571
vn -0.883156 -0.46906 -0.00414363
v 42.8981 -122.344 -14.9818
vn -0.905112 -0.42491 -0.0149732
v 42.6115 -121.722 -14.5744
vn -0.921602 -0.387806 0.0160313
v 43.2365 -123.021 -14.3358
vn -0.89228 -0.44937 0.0436259
v 43.0176 -122.481 -13.6574
vn -0.893484 -0.427375 0.137976
v 42.2619 -120.526 -13.4843
vn -0.936991 -0.294501 0.187927
v 42.2854 -120.861 -14.4405
vn -0.945675 -0.324529 0.0195109
v 41.9583 -119.332 -13.4573
vn -0.955022 -0.208958 0.210405
v 41.9127 -119.555 -14.1861
vn -0.970043 -0.23773 0.0500195
v 42.0311 -120.009 -14.8496
vn -0.96337 -0.267472 -0.0193971
v 41.8796 -119.33 -15.1941
vn -0.97599 -0.205568 -0.0720045
v 42.0766 -120.011 -15.5641
vn -0.960341 -0.255968 -0.110574
v 42.3612 -120.879 -15.8268
vn -0.936727 -0.314492 -0.153746
v 42.0417 -119.542 -16.0872
vn -0.946703 -0.203627 -0.249581
v 46.6159 -120.338 -15.1533
vn 0.997926 0.0040606 0.0642439
v 46.6316 -121.107 -15.8133
vn 0.999758 0.00164841 -0.0219142
v 46.49 -120.274 -14.3117
vn 0.95739 0.014348 0.288442
v 46.5719 -120.441 -14.6786
vn 0.989839 0.0080684 0.141967
v 46.5617 -125.312 -14.2124
vn 0.959116 -0.207283 0.192692
v 46.6287 -125.25 -14.793
vn 0.997065 -0.0449109 0.0619998
v 46.6313 -125.253 -16.2
vn 0.997582 -0.0437623 -0.0539888
v 46.56 -124.939 -16.9031
vn 0.98531 -0.00769389 -0.170603
v 46.4767 -116.938 -16.9646
vn 0.936351 -0.00046632 -0.351066
v 46.5354 -116.529 -16.7531
vn 0.975372 -0.00105445 -0.220564
v 46.5815 -115.977 -16.4887
vn 0.990815 -0.00162891 -0.135216
v 46.3835 -107.474 -16.1615
vn -0.160532 0.986325 -0.0373198
v 46.3829 -107.622 -17.0655
vn -0.169404 0.917626 -0.359533
v 46.4008 -107.479 -15.0255
vn -0.0591856 0.994794 0.0829613
v 46.2977 -107.667 -14.1085
vn 0.00896424 0.885898 0.463793
v 46.5565 -107.511 -14.9481
vn 0.682088 0.725132 0.0945485
v 46.6024 -107.665 -16.6412
vn 0.977154 0.179843 -0.113253
v 45.9421 -118.766 -13.7237
vn 0.389977 0.0147922 0.920706
v 46.2001 -122.073 -13.7573
vn 0.572729 0.0387286 0.81883
v 46.1823 -117.556 -13.8806
vn 0.632299 0.00916666 0.774671
v 45.7518 -120.64 -13.6203
vn 0.27062 0.0209811 0.962458
v 44.6912 -122.35 -13.3216
vn 0.234433 0.0148011 0.97202
v 46.1918 -124.661 -13.6241
vn 0.312811 0.00393976 0.949807
v 46.4218 -124.976 -13.7943
vn 0.857638 -0.060997 0.510624
v 46.343 -120.854 -13.9576
vn 0.817031 0.0265718 0.575981
v 46.5076 -124.607 -14.019
vn 0.954837 0.0238497 0.296172
v 46.3975 -118.215 -14.1457
vn 0.89289 0.0094555 0.450176
v 46.4151 -125.435 -14.268
vn 0.105005 -0.975736 0.192128
v 46.4629 -125.533 -15.2171
vn 0.178427 -0.983792 0.0177853
v 44.3611 -124.814 -13.7398
vn -0.373291 -0.916704 0.142509
v 46.4357 -125.494 -16.422
vn -0.102474 -0.989199 -0.104808
v 44.5422 -124.892 -16.1723
vn -0.327007 -0.939072 -0.10588
v 46.5482 -125.436 -16.5683
vn 0.821115 -0.559547 -0.112593
v 46.214 -124.672 -17.317
vn 0.07388 -0.0612359 -0.995385
v 46.375 -124.712 -17.2725
vn 0.56432 0.00162698 -0.825554
v 45.5975 -122.751 -17.2381
vn -0.194129 -0.0263254 -0.980623
v 45.8868 -119.617 -17.3437
vn -0.0586824 -0.00483436 -0.998265
v 42.8231 -120.223 -16.7847
vn -0.246422 -0.0430314 -0.968207
v 46.2169 -119.798 -17.2941
vn 0.40888 0.00432613 -0.912578
v 46.4138 -119.702 -17.1143
vn 0.856792 0.00721529 -0.515611
v 46.4496 -125.073 -17.1952
vn 0.704906 -0.223208 -0.673265
v 46.6032 -110.731 -16.4962
vn 0.994967 -0.00606607 -0.100021
v 46.6402 -107.977 -16.0296
vn 0.999423 0.011465 -0.0319707
v 46.6319 -113.178 -15.6134
vn 0.999956 -0.00223936 0.00905451
v 46.611 -114.997 -15.1934
vn 0.997525 -0.00112179 0.0703072
v 46.5352 -113.346 -14.5751
vn 0.980985 -0.00729631 0.193947
v 46.4476 -113.692 -14.2507
vn 0.93263 -0.00782144 0.36075
v 46.3104 -112.788 -13.9986
vn 0.786535 -0.0131387 0.617406
v 46.0487 -114.73 -13.8022
vn 0.49109 -0.00185327 0.871107
v 46.1393 -108.154 -13.8084
vn 0.319056 0.0129583 0.947647
v 45.6841 -117.091 -13.6508
vn 0.289949 0.00574054 0.957025
v 42.4848 -114.534 -12.8184
vn 0.138658 0.0207835 0.990122
v 45.7489 -110.993 -13.6923
vn 0.244249 0.0114403 0.969645
v 41.6557 -116.046 -13.3584
vn -0.976062 0.017436 0.216793
v 41.7118 -114.982 -13.4153
vn -0.971548 0.092572 0.218002
v 41.6073 -115.334 -14.0422
vn -0.995436 0.063036 0.0716529
v 41.5869 -116.782 -14.0341
vn -0.997215 -0.032316 0.0672097
v 41.8386 -113.994 -13.4519
vn -0.960815 0.174565 0.215319
v 41.8367 -113.478 -14.1937
vn -0.971232 0.232414 0.0518927
v 41.7045 -114.309 -14.0661
vn -0.987527 0.140854 0.0703664
v 41.6503 -114.646 -14.7975
vn -0.993919 0.107878 -0.0220969
v 41.5638 -116.049 -14.7803
vn -0.999715 0.0123574 -0.0204192
v 41.8113 -113.679 -15.1925
vn -0.977943 0.195309 -0.0740457
v 41.8022 -114.038 -15.7858
vn -0.974085 0.148672 -0.170454
v 41.6406 -115.334 -15.5125
vn -0.990356 0.0602801 -0.124745
v 41.7132 -115.727 -16.0879
vn -0.959697 0.0150652 -0.280633
v 41.6203 -116.782 -15.5089
vn -0.992331 -0.0313095 -0.119582
v 41.7395 -117.521 -15.9783
vn -0.967214 -0.0802148 -0.240961
v 41.6895 -117.89 -15.517
vn -0.987379 -0.0999958 -0.122815
v 41.7823 -118.621 -15.5282
vn -0.981447 -0.149258 -0.120349
v 41.8146 -118.075 -16.1367
vn -0.936308 -0.104031 -0.335418
v 41.7339 -118.62 -14.8043
vn -0.988652 -0.148666 -0.0215575
v 41.6111 -117.521 -14.7859
vn -0.996951 -0.0748404 -0.0220635
v 41.75 -118.62 -14.0626
vn -0.985522 -0.154881 0.0689753
v 41.6566 -117.89 -14.0457
vn -0.992104 -0.103761 0.0704556
v 41.7857 -118.33 -13.3849
vn -0.968023 -0.132886 0.212774
v 41.682 -117.152 -13.4004
vn -0.974051 -0.0590858 0.218481
v 45.835 -114.004 -17.348
vn -0.102931 0.00161082 -0.994687
v 46.1959 -114.042 -17.3108
vn 0.371463 -0.0057266 -0.92843
v 46.3758 -113.257 -17.1744
vn 0.80514 -0.0163123 -0.592861
v 46.5488 -110.696 -16.8831
vn 0.978269 -0.0123686 -0.206972
v 46.6415 -107.867 -15.1499
vn 0.999227 0.0208827 0.0333062
v 46.5845 -107.687 -14.4749
vn 0.968701 0.142484 0.203263
v 46.5102 -107.939 -14.1324
vn 0.928663 0.0372643 0.369047
v 46.4323 -110.744 -14.1053
vn 0.894408 -0.0195951 0.446822
v 46.3425 -107.921 -13.8899
vn 0.529368 0.19923 0.824668
v 42.9569 -112.438 -12.9773
vn 0.221924 0.0270007 0.97469
v 42.8317 -111.08 -13.7333
vn -0.866484 0.472693 0.160521
v 42.4658 -111.897 -13.4446
vn -0.873094 0.398878 0.280362
v 42.7676 -111.081 -14.319
vn -0.880147 0.471764 0.0527182
v 42.4094 -111.746 -14.5515
vn -0.908852 0.416664 0.0194629
v 43.419 -109.931 -14.0558
vn -0.885182 0.455616 0.0941653
v 43.0623 -110.519 -15.0607
vn -0.87996 0.474782 -0.0158807
v 43.0422 -110.608 -15.6287
vn -0.883983 0.46099 -0.0778617
v 43.5096 -109.865 -16.2705
vn -0.887259 0.411509 -0.208403
v 42.5164 -111.652 -15.8367
vn -0.900173 0.417289 -0.12473
v 42.6175 -111.679 -16.3145
vn -0.869248 0.383549 -0.311925
v 42.0551 -112.897 -15.794
vn -0.947147 0.272642 -0.169055
v 41.9332 -113.103 -14.8504
vn -0.963741 0.266069 -0.020281
v 42.1469 -112.386 -14.553
vn -0.941229 0.337064 0.0218218
v 42.1097 -112.899 -13.3387
vn -0.920742 0.29992 0.249565
v 46.3119 -108.595 -17.374
vn 0.0989077 0.0106124 -0.99504
v 44.5341 -112.655 -17.1003
vn -0.184267 0.0190565 -0.982692
v 44.7128 -110.651 -17.076
vn -0.212025 0.0402693 -0.976434
v 46.3883 -108.433 -17.3419
vn 0.568623 -0.00938642 -0.822544
v 46.4819 -111.467 -17.0669
vn 0.928946 -0.0168598 -0.369832
v 44.1356 -109.628 -13.3602
vn 0.158614 0.0575386 0.985663
v 43.7628 -109.149 -14.3953
vn -0.925612 0.373814 0.0592129
v 43.7292 -109.431 -13.7042
vn -0.895766 0.383007 0.22563
v 44.1086 -108.196 -15.152
vn -0.887162 0.461332 0.0107731
v 43.6327 -109.436 -15.4778
vn -0.912123 0.407502 -0.0444366
v 44.1696 -108.189 -16.1716
vn -0.824952 0.55363 -0.11379
v 46.2241 -108.097 -17.3685
vn -0.193966 0.0430862 -0.980062
v 46.491 -107.829 -17.2338
vn 0.882427 0.19986 -0.425886
v 42.4243 -117.364 -12.7893
vn 0.180437 0.00168905 0.983585
v 42.7902 -120.084 -12.8733
vn 0.0983489 -0.0271689 0.994781
v 44.4801 -108.309 -13.4592
vn 0.105685 0.274767 0.955685
v 44.4292 -107.928 -15.6686
vn -0.340601 0.939793 -0.0279244
v 44.4549 -108.051 -16.6446
vn -0.392079 0.848941 -0.354363
v 44.3484 -107.977 -14.3136
vn -0.550289 0.832835 0.0597289
v 44.4377 -108.018 -13.877
vn -0.294925 0.930117 0.218862
v 44.0893 -109.725 -16.8811
vn -0.260961 0.0660491 -0.963087
v 44.4605 -108.303 -16.8954
vn -0.371669 0.245133 -0.895417
v 42.8402 -112.547 -16.782
vn -0.305612 0.0774579 -0.949
v 42.4116 -115.074 -16.7574
vn -0.286906 0.0129846 -0.957871
v 42.4789 -117.835 -16.7697
vn -0.27602 -0.0203606 -0.960936
v 44.1234 -123.893 -16.8825
vn -0.304511 -0.0978563 -0.947469
v 44.5626 -124.941 -14.5938
vn -0.321155 -0.946291 0.0373153
v 44.3591 -124.885 -15.4808
vn -0.45083 -0.891479 -0.0449085
v 44.244 -124.114 -13.2074
vn -0.00106252 -0.131128 0.991365
v 42.3592 -113.222 -12.8863
vn -0.32488 0.142866 0.934902
v 42.0427 -116.025 -12.7934
vn -0.303966 0.0114739 0.952614
v 42.056 -114.646 -12.8618
vn -0.472855 0.0792334 0.877571
v 41.8871 -114.642 -13.0011
vn -0.827184 0.107202 0.551611
v 42.1189 -113.257 -13.0666
vn -0.793025 0.233611 0.562617
v 41.812 -116.045 -12.9631
vn -0.814437 0.0153019 0.58005
v 41.8744 -117.9 -12.9846
vn -0.829764 -0.104537 0.548237
v 42.157 -119.653 -13.0598
vn -0.837744 -0.22102 0.499335
v 42.2964 -119.256 -12.8418
vn -0.267041 -0.0775534 0.960559
v 42.02 -117.523 -12.8384
vn -0.471326 -0.0467593 0.880719
v 42.7511 -111.695 -13.1196
vn -0.58753 0.362675 0.723377
v 43.8137 -109.903 -13.3138
vn -0.202764 0.225281 0.952961
v 43.6593 -109.771 -13.4764
vn -0.766513 0.423783 0.482562
v 42.8564 -111.26 -13.3236
vn -0.78199 0.456286 0.424611
v 42.8995 -111.876 -13.0296
vn -0.109984 0.168654 0.97952
v 44.3725 -108.218 -13.51
vn -0.376432 0.622476 0.686165
v 44.2205 -108.229 -13.6721
vn -0.7785 0.573815 0.25431
v 44.2488 -108.245 -16.6484
vn -0.858037 0.404771 -0.31612
v 43.8302 -109.424 -16.6127
vn -0.777831 0.326736 -0.536863
v 43.9166 -109.657 -16.7934
vn -0.552324 0.193784 -0.810793
v 42.3749 -112.5 -16.4524
vn -0.85474 0.258875 -0.449893
v 42.961 -111.568 -16.6847
vn -0.555872 0.21493 -0.803001
v 42.3436 -113.146 -16.6023
vn -0.626185 0.134657 -0.767958
v 41.917 -114.259 -16.3079
vn -0.898449 0.111028 -0.424808
v 41.8623 -116.05 -16.3909
vn -0.829488 0.0105853 -0.558424
v 42.0372 -115.296 -16.5831
vn -0.630664 0.0461831 -0.774681
v 42.122 -118.139 -16.6016
vn -0.568004 -0.05593 -0.821123
v 42.172 -119.337 -16.4795
vn -0.770121 -0.147921 -0.620511
v 41.9069 -117.523 -16.3949
vn -0.840211 -0.0582568 -0.539121
v 44.2414 -124.459 -16.8134
vn -0.644248 -0.373592 -0.667363
v 44.1541 -124.601 -16.4851
vn -0.815553 -0.558512 -0.151453
v 43.2006 -122.101 -16.7119
vn -0.586582 -0.203775 -0.783835
v 42.7765 -121.43 -16.5448
vn -0.772063 -0.251469 -0.583679
v 42.5083 -120.967 -16.2764
vn -0.901271 -0.295068 -0.317246
v 42.6172 -120.352 -16.6694
vn -0.547986 -0.134095 -0.825669
v 44.1073 -124.654 -14.0911
vn -0.809972 -0.583282 0.061057
v 44.105 -124.666 -15.7572
vn -0.780671 -0.623986 -0.0345492
v 42.4959 -120.347 -12.9485
vn -0.516064 -0.196901 0.833611
v 42.5481 -120.969 -13.1536
vn -0.8246 -0.312372 0.471654
v 43.1467 -122.474 -13.2134
vn -0.820503 -0.394887 0.413327
v 43.0705 -121.829 -13.0038
vn -0.36332 -0.214127 0.906724
v 44.1056 -124.486 -13.4847
vn -0.804096 -0.526382 0.276319
v 44.2516 -124.467 -13.2625
vn -0.247883 -0.394322 0.884909
v 44.436 -124.756 -16.6514
vn -0.377529 -0.840054 -0.389591
v 46.322 -125.137 -17.2464
vn -0.126772 -0.382307 -0.915298
v 46.4164 -125.358 -17.0086
vn -0.0606476 -0.898205 -0.435372
v 46.2452 -125.111 -13.6972
vn 0.241552 -0.427929 0.870936
v 46.3106 -125.315 -13.916
vn -0.0898219 -0.915737 0.39161
v 44.4 -124.721 -13.4525
vn -0.297565 -0.830945 0.470092
v 46.3345 -107.816 -17.315
vn -0.0415712 0.583469 -0.811071
v 13.3715 -101.971 2.28065
vn -0.370933 -0.927888 0.0378575
v 13.7168 -102.049 2.32604
vn -0.134284 -0.980386 0.144258
v 13.1396 -101.833 2.23896
vn -0.770015 -0.62566 0.125004
v 13.5647 -101.255 4.74819
vn -0.294596 -0.917111 0.268554
v 13.2768 -100.998 4.93757
vn -0.788096 -0.58283 0.198025
v 13.0596 -100.996 3.55995
vn -0.968781 -0.218135 0.117815
v 12.9928 -101.432 2.52721
vn -0.968305 -0.220949 0.116477
v 14.2137 -101.198 5.28953
vn -0.0686398 -0.965284 0.252024
v 14.6766 -101.451 4.43967
vn -0.00439447 -0.961829 0.273615
v 14.6741 -102.095 2.3475
vn -0.00643869 -0.986854 0.161484
v 25.0555 -101.708 3.57931
vn 0.00842117 -0.957059 0.289772
v 14.008 -99.859 8.06608
vn -0.0251774 -0.13113 0.991045
v 14.0044 -99.2349 8.12065
vn -0.0206557 -0.0400368 0.998985
v 13.3849 -99.8581 7.97082
vn -0.672942 -0.200704 0.711946
v 13.4582 -99.1427 8.06136
vn -0.261821 -0.0193631 0.964922
v 13.995 -98.2371 8.12109
vn -0.0198021 0.0343073 0.999215
v 13.2012 -98.7268 7.90553
vn -0.844347 0.00424292 0.53578
v 13.4352 -97.8415 8.02497
vn -0.363885 0.140233 0.920827
v 14.1885 -97.5343 8.04593
vn -0.0218418 0.179514 0.983513
v 13.488 -97.9717 4.10505
vn -0.39715 0.884256 -0.24569
v 13.7503 -97.7265 4.7691
vn -0.194888 0.946731 -0.256359
v 13.2956 -97.9525 4.74643
vn -0.79195 0.596117 -0.132137
v 13.4939 -98.8109 1.32095
vn -0.281552 0.871968 -0.400501
v 13.2058 -98.9885 1.25859
vn -0.639178 0.624848 -0.44835
v 13.0538 -99.1728 1.38115
vn -0.923724 0.347943 -0.16022
v 13.1375 -98.3767 4.8441
vn -0.97339 0.228314 -0.0196197
v 14.0221 -98.7568 1.26445
vn -0.0529952 0.909353 -0.412635
v 14.5201 -98.6791 1.43465
vn -0.00893144 0.941336 -0.337353
v 15.0219 -98.275 2.67791
vn -0.00214673 0.954176 -0.299237
v 14.6497 -97.808 4.2073
vn -0.0142511 0.960353 -0.278422
v 14.1502 -97.6719 4.73799
vn -0.0690631 0.962325 -0.262983
v 13.681 -99.4544 0.977979
vn -0.0489126 -0.150209 -0.987444
v 13.1677 -100.486 1.30154
vn -0.227917 -0.322618 -0.918679
v 13.8918 -99.834 1.05127
vn -0.0108664 -0.275249 -0.961312
v 13.1948 -99.3193 1.03665
vn -0.379511 0.186628 -0.906168
v 13.7063 -100.815 1.38352
vn -0.023846 -0.377391 -0.925747
v 12.9299 -100.955 1.66097
vn -0.912119 -0.184156 -0.366231
v 13.0027 -99.8047 1.22073
vn -0.839033 -0.0195398 -0.543729
v 12.9875 -101.367 1.85027
vn -0.856369 -0.326791 -0.3998
v 13.7982 -101.572 1.74063
vn -0.0204563 -0.504292 -0.863291
v 13.6836 -101.817 1.90436
vn -0.0929807 -0.611181 -0.78601
v 13.1772 -101.51 1.80936
vn -0.389046 -0.537385 -0.748238
v 26.0822 -101.212 1.55805
vn 0.0277395 -0.435864 -0.899585
v 26.0984 -100.395 1.22598
vn 0.0283388 -0.341862 -0.939323
v 25.8019 -99.8594 1.0603
vn 0.0130695 -0.244211 -0.969634
v 12.8869 -100.101 1.6825
vn -0.999553 0.0177721 -0.0240236
v 12.8957 -100.34 2.3812
vn -0.998881 -0.0185103 0.0435325
v 12.9228 -99.7354 1.50002
vn -0.993387 0.104431 -0.0477052
v 13.1472 -98.6946 7.32661
vn -0.998761 0.0182697 0.0462881
v 13.2088 -97.9524 7.73202
vn -0.958514 0.166289 0.231516
v 12.9562 -100.536 3.04713
vn -0.995383 -0.0621467 0.0731475
v 13.2063 -99.6478 7.6205
vn -0.982276 -0.126187 0.138602
v 26.794 -100.309 2.18927
vn 0.999191 -0.000254133 0.0402063
v 26.7238 -100.707 3.09052
vn 0.990623 -0.109514 0.0816921
v 26.7201 -101.436 2.42296
vn 0.978053 -0.208129 0.00969265
v 26.6611 -101.111 3.1985
vn 0.971009 -0.208689 0.116578
v 26.786 -99.8557 1.6529
vn 0.995184 0.0969097 -0.0147716
v 26.5184 -98.235 7.59112
vn 0.996897 0.063226 0.0468918
v 26.6031 -98.5954 4.57767
vn 0.987583 0.157097 -0.00076671
v 26.5548 -98.3418 4.49894
vn 0.969562 0.243472 -0.0258849
v 26.64 -99.169 1.24282
vn 0.88855 0.352926 -0.293125
v 26.5422 -99.0423 7.34002
vn 0.998361 -0.016997 0.0546475
v 26.4905 -99.5621 7.75012
vn 0.981693 -0.0554722 0.182211
v 26.3857 -100.177 7.69426
vn 0.954467 -0.261994 0.142664
v 26.3224 -99.952 7.95984
vn 0.560935 -0.202678 0.802667
v 26.3809 -99.0721 8.03898
vn 0.663558 -0.0276372 0.747615
v 26.4695 -97.9383 7.81442
vn 0.968914 0.0939299 0.228872
v 26.3488 -97.8191 7.99491
vn 0.561004 0.122928 0.818635
v 26.3779 -97.3861 7.61682
vn 0.952227 0.301407 0.0491663
v 14.0715 -97.1833 7.94056
vn -0.0637898 0.490953 0.868847
v 13.5324 -97.2065 7.84099
vn -0.367055 0.738673 0.565362
v 13.6805 -97.0665 7.52429
vn -0.259508 0.961255 -0.0929776
v 13.4694 -97.1854 7.62659
vn -0.683317 0.718349 0.130584
v 13.3335 -97.3888 7.60987
vn -0.938792 0.341021 0.0487188
v 14.478 -97.0275 7.19914
vn -0.0280948 0.971851 -0.233916
v 14.4594 -96.9678 7.53632
vn -0.051829 0.994719 -0.0885876
v 14.4751 -96.9957 7.75986
vn -0.0292994 0.917204 0.397339
v 13.1756 -99.1495 7.75891
vn -0.977235 -0.0456088 0.207199
v 13.3247 -100.187 7.64331
vn -0.927696 -0.330002 0.17458
v 14.5133 -100.686 7.56573
vn -0.0245194 -0.962646 0.269651
v 14.3866 -100.576 7.7616
vn -0.0274044 -0.813232 0.581294
v 25.3053 -100.698 7.50455
vn 0.0485722 -0.962565 0.266662
v 13.6433 -100.501 7.72304
vn -0.255382 -0.776518 0.576021
v 13.8158 -100.802 6.74749
vn -0.198633 -0.951699 0.234124
v 13.4602 -100.38 7.72094
vn -0.656704 -0.568821 0.495158
v 13.9146 -100.189 7.99425
vn -0.0495064 -0.304896 0.951098
v 14.5115 -100.426 7.90303
vn -0.0126157 -0.564024 0.825662
v 26.0363 -102.058 2.30357
vn 0.132994 -0.98069 0.143389
v 25.2559 -102.095 2.34273
vn 0.00847118 -0.976245 0.216505
v 25.5174 -101.141 5.53608
vn 0.0516287 -0.966867 0.250006
v 25.8776 -101.34 4.67207
vn 0.142152 -0.951759 0.271932
v 26.3636 -101.183 4.65555
vn 0.58256 -0.777458 0.237028
v 26.3769 -101.963 2.26692
vn 0.401975 -0.901126 0.162442
v 26.4928 -100.922 4.91635
vn 0.903279 -0.401006 0.152579
v 26.5833 -101.835 2.23787
vn 0.834849 -0.549915 0.0249309
v 26.0833 -99.448 0.976517
vn 0.0533595 -0.137838 -0.989016
v 25.833 -101.823 1.90033
vn 0.0124739 -0.564333 -0.825453
v 26.6107 -101.527 1.80321
vn 0.329776 -0.528207 -0.782461
v 26.6741 -100.905 1.51373
vn 0.587903 -0.314811 -0.745161
v 26.6021 -99.8231 1.15468
vn 0.440626 -0.206154 -0.873699
v 25.9447 -97.7366 4.62485
vn 0.173676 0.948477 -0.265007
v 25.2516 -97.6712 4.68903
vn 0.0224844 0.965029 -0.261177
v 26.2942 -98.8142 1.33782
vn 0.302768 0.883403 -0.357675
v 24.7459 -97.9901 3.59959
vn 0.00269784 0.957243 -0.289272
v 25.2058 -98.6621 1.47996
vn 0.00712035 0.944451 -0.328574
v 25.7827 -98.7586 1.26377
vn 0.0480676 0.909839 -0.412168
v 26.487 -98.6252 2.33782
vn 0.711364 0.678231 -0.184292
v 26.491 -98.142 4.46336
vn 0.904593 0.419278 -0.0769273
v 26.2502 -97.9466 4.23562
vn 0.428646 0.873491 -0.230816
v 25.5743 -97.3504 8.00464
vn 0.0222221 0.337603 0.941026
v 25.8364 -97.7722 8.08138
vn 0.0306046 0.119776 0.992329
v 25.6642 -97.1088 7.89003
vn 0.0917013 0.676745 0.730484
v 25.4053 -96.9694 7.65206
vn 0.0399665 0.998896 0.0246772
v 25.2729 -97.0255 7.80479
vn 0.0247778 0.838131 0.544906
v 26.0779 -97.0679 7.52626
vn 0.295009 0.946662 -0.129617
v 24.9286 -97.0007 7.29184
vn 0.00734595 0.974564 -0.22399
v 25.6301 -97.2482 6.43203
vn 0.0866839 0.96693 -0.239857
v 26.2695 -97.2319 7.34815
vn 0.720508 0.683654 -0.116124
v 26.228 -97.2827 7.87395
vn 0.411292 0.514585 0.752357
v 25.7639 -99.8579 8.06573
vn 0.0265864 -0.131379 0.990976
v 25.7963 -99.1559 8.1229
vn 0.03403 -0.0493648 0.998201
v 25.8105 -98.4855 8.12882
vn 0.0260945 0.021237 0.999434
v 25.9394 -100.802 6.74749
vn 0.208287 -0.949621 0.234172
v 26.0985 -100.524 7.65008
vn 0.301419 -0.871255 0.387377
v 25.3086 -100.603 7.72925
vn 0.0214664 -0.8563 0.516032
v 25.6304 -100.476 7.85947
vn 0.0579372 -0.634128 0.771055
v 25.0563 -101.025 6.07346
vn 0.00936191 -0.972399 0.233137
v 25.8518 -100.35 7.9349
vn 0.0972037 -0.446301 0.889588
v 25.7533 -100.18 7.99945
vn 0.0629679 -0.275711 0.959176
v 26.2765 -100.392 7.65702
vn 0.782928 -0.532405 0.321821
v 13.697 -102.055 2.17922
vn -0.0574129 -0.903764 -0.424162
v 14.2782 -101.984 2.0563
vn -0.00702165 -0.777525 -0.628813
v 13.9061 -98.9518 1.03591
vn -0.0923463 0.591918 -0.80069
v 13.7991 -99.1665 0.964072
vn -0.0478213 0.167593 -0.984696
v 14.2525 -98.854 1.11735
vn -0.0291995 0.745835 -0.66549
v 25.5385 -99.0244 0.993769
vn 0.0253739 0.458893 -0.888129
v 26.0268 -99.2396 0.962636
vn 0.0732163 0.0307374 -0.996842
v 25.8415 -98.8723 1.10559
vn 0.104538 0.721761 -0.684203
v 26.4882 -99.2131 1.04309
vn 0.392606 0.215183 -0.89418
v 26.7968 -100.39 1.51411
vn 0.983239 -0.0647808 -0.170422
v 26.2283 -101.913 2.01884
vn 0.130207 -0.766413 -0.629013
v 25.5529 -102.048 2.15048
vn 0.0220168 -0.890078 -0.455277
v 14.7277 -101.059 5.92912
vn -0.0090176 -0.973465 0.228659
v 15.1107 -97.416 5.64852
vn -0.00195979 0.96775 -0.251906
v 24.4112 -100.019 8.46967
vn 0.0396973 -0.219383 -0.974831
v 24.5981 -100.347 8.59195
vn 0.166662 -0.481468 -0.860472
v 24.1433 -100.533 8.72499
vn 0.0262387 -0.801057 -0.598013
v 24.8794 -100.452 8.79356
vn 0.397242 -0.751555 -0.526653
v 15.0828 -100.19 8.52183
vn -0.0894838 -0.327535 -0.940592
v 15.0236 -99.9543 8.46118
vn -0.0668249 -0.174721 -0.982348
v 24.3163 -100.681 9.00626
vn 0.0622974 -0.952446 -0.298271
v 23.871 -100.732 9.1896
vn 0.0252728 -0.982856 -0.182632
v 24.7213 -100.645 9.28503
vn 0.292703 -0.947763 -0.126764
v 25.1 -100.336 8.93295
vn 0.738079 -0.660711 -0.136753
v 25.2578 -99.9668 9.06134
vn 0.967857 -0.242159 0.0679096
v 25.3455 -99.5195 8.77633
vn 0.976192 -0.145823 -0.160574
v 25.1427 -99.7221 8.50603
vn 0.53848 -0.2372 -0.808564
v 23.0879 -100.879 15.5522
vn 0.0280784 -0.578126 0.815464
v 23.4087 -100.036 16.0513
vn 0.0219068 -0.437182 0.899106
v 16.8028 -100.412 15.8474
vn -0.00562156 -0.488382 0.872612
v 22.8677 -99.4411 16.305
vn 0.0103795 -0.35213 0.935894
v 23.752 -99.8884 16.0824
vn 0.260623 -0.402275 0.877639
v 23.3703 -99.0432 16.4358
vn 0.0424971 -0.251543 0.966913
v 23.8983 -99.0909 16.2933
vn 0.672719 -0.106428 0.732203
v 23.9708 -100.172 15.7841
vn 0.714127 -0.334022 0.615185
v 23.8622 -100.933 15.4264
vn 0.436242 -0.564927 0.700393
v 24.2365 -96.9886 10.3367
vn 0.109142 0.981014 0.16031
v 24.7784 -96.9203 9.24818
vn 0.313958 0.946715 0.0718432
v 24.1716 -96.8315 9.12821
vn 0.0510708 0.991852 -0.116714
v 23.9378 -96.8397 9.54315
vn 0.0256762 0.990262 0.13683
v 24.371 -96.952 8.82851
vn 0.074856 0.805485 -0.587869
v 24.3686 -97.1464 8.67168
vn 0.042258 0.499683 -0.865177
v 24.6034 -97.4953 8.53909
vn 0.0455135 0.236813 -0.970489
v 15.0269 -97.3581 8.57906
vn -0.0783556 0.300406 -0.950588
v 24.986 -97.1716 8.78238
vn 0.426537 0.595402 -0.680855
v 25.1968 -97.5242 8.69665
vn 0.670912 0.32452 -0.666756
v 25.0406 -97.0826 9.26381
vn 0.743073 0.659528 0.113426
v 25.1845 -97.3129 9.21347
vn 0.91625 0.381832 0.121202
v 24.3945 -98.0883 8.4313
vn 0.0262048 0.113492 -0.993193
v 24.0008 -98.6371 8.39441
vn 0.0109547 0.0404939 -0.99912
v 25.0742 -98.4331 8.45066
vn 0.184402 0.0865527 -0.979033
v 24.5639 -99.3193 8.39262
vn 0.0437424 -0.0335779 -0.998478
v 15.0028 -98.8554 8.38406
vn -0.0556932 0.00433043 -0.998439
v 15.213 -99.626 8.41357
vn -0.0180238 -0.0818877 -0.996479
v 25.3548 -98.5553 8.62905
vn 0.869888 0.0242376 -0.492653
v 14.4546 -97.576 8.66621
vn -0.698559 0.24952 -0.670637
v 14.4515 -99.2463 8.48395
vn -0.58944 -0.0801202 -0.803829
v 14.2813 -98.3185 8.79008
vn -0.996828 0.0319367 -0.0728917
v 14.35 -97.8185 8.80852
vn -0.973382 0.136954 -0.18377
v 14.3078 -98.4346 9.25196
vn -0.992246 0.0248353 0.121782
v 14.5003 -97.2686 9.27083
vn -0.924829 0.357608 0.129646
v 14.4111 -97.7535 9.45765
vn -0.976773 0.16652 0.13485
v 14.322 -99.3433 9.13829
vn -0.990766 -0.0900833 0.101334
v 14.3611 -99.7323 8.80014
vn -0.972759 -0.19003 -0.132769
v 14.5055 -100.243 8.99749
vn -0.924414 -0.379227 -0.0405592
v 14.6878 -100.253 10.8955
vn -0.960866 -0.249064 0.121261
v 25.3727 -98.7501 9.13519
vn 0.997179 -0.00639013 0.0747819
v 25.3255 -99.3228 9.31052
vn 0.989144 -0.0974586 0.109986
v 25.0172 -99.2632 11.6754
vn 0.984361 -0.0490816 0.169189
v 25.355 -98.0052 9.12149
vn 0.988024 0.108325 0.109883
v 24.8761 -99.8095 12.1754
vn 0.976549 -0.12888 0.172458
v 24.511 -99.4299 14.1057
vn 0.975429 -0.0534562 0.213731
v 24.7359 -100.474 12.2253
vn 0.941794 -0.297325 0.156914
v 24.1444 -100.422 15.2824
vn 0.943341 -0.231776 0.237459
v 24.0253 -101.064 14.8621
vn 0.87256 -0.451165 0.187318
v 24.3252 -99.1231 14.9589
vn 0.972235 0.0159836 0.233458
v 24.0949 -98.8614 15.8494
vn 0.956919 0.118164 0.265224
v 24.6376 -98.0661 13.2296
vn 0.928951 0.281271 0.240701
v 24.9518 -98.6563 12.0698
vn 0.982821 0.0352309 0.181169
v 23.2652 -98.1844 15.736
vn 0.0357421 0.957238 0.287086
v 24.1548 -97.7305 13.7968
vn 0.313165 0.89983 0.303701
v 23.6244 -97.5832 13.584
vn 0.0665696 0.96483 0.254306
v 16.6595 -97.8248 14.4856
vn -0.00354309 0.963189 0.2688
v 15.9923 -97.5278 13.368
vn -0.0708436 0.966638 0.246155
v 23.7732 -97.2509 12.1208
vn 0.0221643 0.981197 0.191732
v 15.8754 -97.2918 12.3304
vn -0.0343003 0.978946 0.201219
v 24.4908 -97.5737 12.7714
vn 0.612884 0.741839 0.272119
v 23.8679 -98.4955 16.0867
vn 0.652299 0.664827 0.364022
v 23.987 -98.669 15.9856
vn 0.877708 0.348829 0.328552
v 14.8951 -99.1818 12.8577
vn -0.980235 -0.0340295 0.194889
v 14.9439 -98.5328 13.0515
vn -0.974945 0.0763876 0.208921
v 15.5022 -99.4327 15.6261
vn -0.966926 -0.0521209 0.249676
v 15.5132 -100.105 15.4333
vn -0.964954 -0.128891 0.228585
v 15.567 -98.8521 15.8037
vn -0.958649 0.118309 0.258834
v 15.002 -98.1036 13.0778
vn -0.952104 0.204524 0.227304
v 14.8025 -99.8105 12.175
vn -0.977037 -0.123482 0.173639
v 15.0206 -100.363 12.7819
vn -0.954411 -0.234159 0.185122
v 15.1254 -100.645 12.9086
vn -0.932296 -0.322475 0.16381
v 15.6458 -100.911 15.0973
vn -0.915515 -0.320498 0.243133
v 23.7342 -101.083 11.4828
vn 0.0634348 -0.991018 -0.117725
v 24.3586 -101.012 11.8135
vn 0.360239 -0.931352 -0.053015
v 23.2819 -101.424 14.6969
vn 0.053585 -0.997467 -0.0467773
v 23.7257 -101.344 14.6751
vn 0.319633 -0.94754 0.00157685
v 22.9895 -101.274 13.1023
vn 0.00474208 -0.99434 -0.106135
v 15.9133 -101.147 11.9845
vn -0.0908064 -0.990281 -0.105344
v 16.4534 -101.412 14.4722
vn -0.0690148 -0.995693 -0.0619023
v 23.8602 -101.228 15.005
vn 0.508238 -0.805568 0.304557
v 24.5877 -100.868 11.7595
vn 0.703003 -0.710291 0.035682
v 24.7598 -100.637 11.3797
vn 0.868369 -0.488232 0.0869812
v 16.2128 -100.964 15.5043
vn -0.0472079 -0.605447 0.794484
v 16.1758 -99.8888 16.118
vn -0.0566591 -0.442178 0.895136
v 16.2186 -99.3762 16.3288
vn -0.0486033 -0.331309 0.94227
v 16.3736 -98.2573 15.9668
vn -0.0707529 0.951922 0.298059
v 15.501 -96.8721 8.95995
vn -0.0359737 0.934634 -0.353786
v 15.6798 -97.0194 10.7694
vn -0.0664827 0.985232 0.157794
v 15.5843 -96.8218 9.32894
vn -0.0269288 0.996646 0.077278
v 15.5059 -97.0532 8.72434
vn -0.0222554 0.605333 -0.795661
v 15.4794 -97.7409 8.48015
vn -0.0112416 0.179495 -0.983695
v 14.9946 -98.2529 8.4172
vn -0.0582416 0.100955 -0.993185
v 15.2648 -100.59 8.80732
vn -0.129277 -0.858897 -0.495563
v 15.2756 -100.428 8.63361
vn -0.0465245 -0.594338 -0.802869
v 15.3317 -100.67 8.96975
vn -0.0725151 -0.960073 -0.270188
v 15.722 -100.73 9.18549
vn -0.0254081 -0.982958 -0.182064
v 15.7802 -100.872 15.4457
vn -0.658347 -0.488165 0.572951
v 15.8639 -99.8932 16.0324
vn -0.33437 -0.391481 0.857286
v 15.6687 -99.7841 15.9734
vn -0.830085 -0.208562 0.517166
v 16.3589 -98.8225 16.4712
vn -0.053633 -0.0528487 0.997161
v 15.7761 -98.899 16.3412
vn -0.649717 -0.0395445 0.759147
v 15.9944 -98.3777 16.1128
vn -0.32274 0.862767 0.389194
v 15.3904 -97.9037 14.0683
vn -0.624912 0.714537 0.314518
v 15.729 -98.5809 16.0685
vn -0.823769 0.432068 0.367044
v 15.2434 -98.1116 13.999
vn -0.89264 0.36306 0.267172
v 15.5236 -97.5985 13.3305
vn -0.261798 0.926567 0.270066
v 15.14 -97.5383 12.6165
vn -0.627289 0.737858 0.249147
v 14.793 -97.6894 11.698
vn -0.928487 0.314818 0.19698
v 14.9204 -96.9036 9.2269
vn -0.287044 0.956748 -0.0473125
v 14.7558 -97.0713 9.78248
vn -0.600133 0.78106 0.172588
v 14.5675 -97.1485 9.01495
vn -0.791029 0.595257 -0.141219
v 14.8299 -97.0745 8.7889
vn -0.278651 0.748944 -0.601196
v 14.5298 -98.1905 8.51528
vn -0.394206 0.123804 -0.910645
v 14.6405 -100.2 8.62057
vn -0.411733 -0.456319 -0.788828
v 14.8319 -100.57 9.00911
vn -0.343006 -0.915647 -0.209613
v 14.6006 -100.375 8.87279
vn -0.727083 -0.654004 -0.208877
v 15.9255 -101.344 14.6744
vn -0.330267 -0.943876 0.00470299
v 15.2455 -100.977 11.4407
vn -0.311873 -0.946793 -0.0794833
v 15.0327 -100.833 11.7304
vn -0.812292 -0.579164 0.0689292
v 15.1963 -100.84 12.8467
vn -0.867576 -0.480252 0.129111
v 15.7429 -101.178 14.9785
vn -0.730839 -0.652606 0.199952
v 16.4599 -101.405 14.9325
vn -0.0255624 -0.977925 0.207385
v 16.1403 -101.283 15.1867
vn -0.191236 -0.852965 0.485675
v 23.2861 -101.363 15.0554
vn 0.0533647 -0.94943 0.30941
v 23.4622 -101.216 15.2814
vn 0.124237 -0.722768 0.679832
v 24.0957 -99.6898 15.8449
vn 0.923244 -0.107536 0.368857
v 23.249 -98.7793 16.4715
vn 0.0432631 -0.00419889 0.999055
v 23.3129 -98.609 16.4497
vn 0.058076 0.489686 0.869962
v 23.7238 -98.742 16.3939
vn 0.408236 0.214616 0.88729
v 23.4376 -98.3886 16.2347
vn 0.108517 0.857647 0.502658
v 16.5011 -98.3916 16.275
vn -0.043111 0.838956 0.542489
v 16.5341 -98.5363 16.4178
vn -0.0252063 0.407466 0.912873
v 15.9812 -98.6663 16.3992
vn -0.350913 0.346648 0.869882
v 16.2651 -100.938 10.4838
vn -0.00374869 -0.988917 -0.148421
v 25.1701 -99.6514 10.2714
vn 0.983324 -0.130237 0.126931
v 24.9697 -97.8612 11.446
vn 0.962744 0.204412 0.177028
v 24.5127 -97.2213 11.396
vn 0.34754 0.91779 0.192037
v 24.801 -97.507 11.6266
vn 0.803314 0.554949 0.216142
v 15.287 -97.2621 11.754
vn -0.252309 0.94782 0.194878
v 14.6265 -98.3206 11.3807
vn -0.982034 0.0874649 0.167208
v 14.6222 -99.0985 11.3601
vn -0.987159 -0.0333152 0.15623
v 26.2968 -119.499 -15.2166
vn 0.00990547 -0.99968 0.0232721
v 26.7566 -119.341 -14.3489
vn 0.301686 -0.822897 0.481483
v 26.0367 -119.401 -14.3314
vn 0.00793572 -0.974725 0.223268
v 26.9287 -119.404 -14.8514
vn 0.567193 -0.808501 0.1569
v 26.7781 -119.468 -16.3137
vn 0.128669 -0.989897 -0.059563
v 27.0266 -119.382 -15.6529
vn 0.685079 -0.728307 0.0153587
v 26.0743 -119.483 -16.5021
vn 0.00829375 -0.997474 -0.0705474
v 26.035 -119.4 -17.0853
vn 0.0178145 -0.975606 -0.218804
v 26.8769 -119.329 -16.9599
vn 0.436361 -0.842432 -0.316065
v 14.5743 -119.509 -15.7069
vn -0.000389506 -1 0
v 13.284 -119.499 -16.1962
vn -0.0212277 -0.99949 -0.023841
v 13.4986 -119.441 -16.8751
vn -0.0124225 -0.989335 -0.145128
v 25.4754 -119.465 -14.7652
vn 0.0047086 -0.994896 0.100798
v 13.3308 -119.442 -14.5383
vn -0.0191398 -0.987057 0.159225
v 26.1869 -107.521 -15.6295
vn 0.0140618 0.999786 -0.0151961
v 14.5743 -107.515 -15.8016
vn -1.19201e-05 0.999397 -0.0347258
v 13.2507 -107.51 -15.2916
vn -0.0188313 0.99958 0.0220276
v 26.4951 -107.538 -16.2112
vn 0.0648505 0.996257 -0.0571573
v 26.1949 -107.614 -16.7734
vn 0.0234268 0.976902 -0.212398
v 26.8049 -107.653 -16.6703
vn 0.372699 0.882608 -0.286529
v 26.982 -107.644 -16.0932
vn 0.591921 0.802794 -0.0717698
v 26.9223 -107.612 -14.7985
vn 0.500054 0.85982 0.103228
v 26.2685 -107.537 -14.7166
vn 0.0187447 0.997568 0.0671289
v 26.0856 -107.647 -14.0537
vn 0.0259892 0.952547 0.30328
v 26.8792 -107.657 -14.3725
vn 0.626163 0.730776 0.27182
v 13.3584 -107.62 -14.144
vn -0.0338291 0.959211 0.280661
v 26.5362 -108.038 -13.8254
vn 0.275863 0.0668118 0.958872
v 26.7712 -107.842 -13.9464
vn 0.456271 0.398224 0.79576
v 26.8933 -107.898 -14.0975
vn 0.791684 0.314318 0.523871
v 27.0023 -108.007 -14.3916
vn 0.974638 0.0288256 0.221924
v 26.5276 -111.732 -14.0547
vn 0.282344 -0.0441974 0.958295
v 26.7843 -113.26 -14.262
vn 0.665223 -0.0182043 0.746423
v 26.9969 -113.741 -14.6924
vn 0.964842 -0.00567703 0.262769
v 26.9 -113.261 -14.3814
vn 0.876361 -0.0117765 0.48151
v 26.0163 -112.014 -13.9859
vn 0.0648217 -0.0424321 0.996994
v 25.8786 -108.018 -13.7368
vn 0.0457596 0.0198665 0.998755
v 25.3367 -111.162 -13.9241
vn 0.00799406 -0.0551327 0.998447
v 25.2383 -108.259 -13.7316
vn 0.0140864 -0.0562987 0.998315
v 14.1853 -108.182 -13.7283
vn -0.00467186 -0.0505073 0.998713
v 27.1105 -107.964 -15.7454
vn 0.997497 0.0615855 -0.0347301
v 27.0419 -107.946 -16.4209
vn 0.986149 0.0829034 -0.143658
v 27.0773 -111.363 -16.3761
vn 0.994166 0.00446695 -0.107767
v 26.976 -110.542 -16.8645
vn 0.957176 0.0164302 -0.289038
v 27.0351 -113.261 -16.7303
vn 0.982982 0.00442879 -0.18365
v 27.0919 -107.932 -15.0263
vn 0.995973 0.032802 0.0834344
v 26.2447 -108.149 -17.2599
vn 0.129123 0.116816 -0.984724
v 25.6897 -108.088 -17.2853
vn 0.0304701 0.238884 -0.97057
v 25.515 -108.367 -17.3185
vn 0.0151706 0.0683739 -0.997544
v 14.107 -108.326 -17.3172
vn -0.0111722 0.0727785 -0.997286
v 25.5067 -111.018 -17.4929
vn 0.0136115 0.048843 -0.998714
v 26.3653 -110.954 -17.417
vn 0.183279 0.0539774 -0.981578
v 26.0163 -112.014 -17.5092
vn 0.0783604 0.042402 -0.996023
v 26.6153 -112.014 -17.3973
vn 0.378465 0.0394054 -0.924777
v 26.6138 -108.153 -17.1681
vn 0.375255 0.136139 -0.91687
v 26.7866 -110.985 -17.2407
vn 0.661728 0.0404649 -0.748651
v 26.8982 -107.967 -16.906
vn 0.840514 0.252227 -0.479498
v 26.9208 -114.178 -17.1979
vn 0.921923 0.00285949 -0.387363
v 26.7744 -107.967 -17.05
vn 0.558085 0.291438 -0.77692
v 12.5787 -107.861 -15.0189
vn -0.995577 0.0643818 0.068423
v 12.5633 -107.964 -15.7424
vn -0.998397 0.0493536 -0.0277028
v 12.6486 -107.876 -14.3903
vn -0.961774 0.21729 0.166659
v 12.6469 -111.703 -14.6555
vn -0.98178 -0.00865488 0.189823
v 12.5941 -108.011 -16.2705
vn -0.994298 0.0458128 -0.0962938
v 12.6755 -107.873 -16.7107
vn -0.933315 0.276211 -0.229415
v 12.6234 -113.261 -16.7303
vn -0.98915 0.00354132 -0.146864
v 12.7093 -114.049 -17.1885
vn -0.946167 0.00479943 -0.323643
v 26.6008 -119.034 -14.0735
vn 0.272618 -0.210361 0.938844
v 26.2084 -118.945 -13.9815
vn 0.123791 -0.0505606 0.991019
v 26.7883 -119.025 -14.1947
vn 0.649619 -0.0484449 0.758715
v 26.9006 -119.023 -14.3413
vn 0.868437 -0.0379789 0.494343
v 27.0016 -119.012 -14.6102
vn 0.974455 -0.0322164 0.222259
v 26.1389 -119.329 -14.1522
vn 0.0369763 -0.743594 0.667609
v 25.7522 -119.075 -13.9714
vn 0.0253115 -0.280175 0.959615
v 13.836 -119.155 -13.9995
vn -0.0286249 -0.393012 0.919088
v 13.5278 -119.275 -14.0803
vn -0.0633953 -0.774613 0.629251
v 25.3372 -118.711 -13.944
vn 0.0143506 -0.00623905 0.999878
v 13.7605 -118.936 -13.9489
vn -0.0327426 -0.0438362 0.998502
v 27.1101 -119.077 -15.9237
vn 0.99783 -0.0553476 -0.035665
v 27.0607 -119.068 -16.5439
vn 0.987239 -0.0366131 -0.154983
v 26.9368 -118.866 -17.0602
vn 0.921117 -0.0423861 -0.386973
v 27.0943 -119.097 -15.2607
vn 0.992017 -0.0865364 0.0917262
v 25.6739 -118.77 -17.5189
vn 0.0408205 -0.0488578 -0.997971
v 26.551 -118.983 -17.3994
vn 0.232192 -0.147314 -0.96145
v 25.8488 -119.117 -17.4553
vn 0.0489027 -0.251269 -0.966681
v 14.1123 -118.775 -17.5179
vn -0.0131553 -0.0526509 -0.998526
v 25.6664 -119.26 -17.3638
vn 0.0183099 -0.702976 -0.710978
v 26.2468 -119.334 -17.2558
vn 0.07736 -0.831301 -0.550412
v 26.7773 -119.126 -17.262
vn 0.492834 -0.359116 -0.79256
v 12.5672 -118.731 -15.5647
vn -0.999768 -0.00439832 0.0210785
v 12.6074 -119.093 -14.893
vn -0.989665 -0.0840383 0.116194
v 12.5687 -119.207 -15.9935
vn -0.975667 -0.219238 -0.00287357
v 12.7099 -119.026 -14.3798
vn -0.948139 -0.014409 0.317529
v 12.8094 -119.342 -14.3901
vn -0.555646 -0.751027 0.356674
v 12.7192 -119.432 -15.0255
vn -0.377287 -0.922824 0.0777874
v 12.6476 -119.351 -16.1355
vn -0.715147 -0.697752 -0.04132
v 12.7816 -119.379 -16.9004
vn -0.324775 -0.923867 -0.20246
v 12.7007 -119.114 -17.0436
vn -0.956413 -0.116292 -0.267863
v 12.5917 -118.775 -16.3845
vn -0.994677 -0.0158912 -0.101814
v 12.6234 -117.574 -16.716
vn -0.989253 -0.00433475 -0.146151
v 25.3994 -114.018 -14.0278
vn 0.0112549 -0.0102108 0.999885
v 26.256 -114.352 -14.0759
vn 0.128918 -0.00606824 0.991637
v 26.6148 -115.033 -14.1757
vn 0.383545 0.00696359 0.923496
v 14.5743 -114.074 -14.0209
vn -0.000972599 -0.0130943 0.999914
v 12.6066 -115.793 -15.0011
vn -0.993119 -0.000201152 0.117107
v 12.7128 -113.576 -14.456
vn -0.928993 -0.00961621 0.369972
v 26.2683 -113.957 -17.5564
vn 0.128903 0.016461 -0.991521
v 24.9387 -112.438 -17.5578
vn 0.00238681 0.0392045 -0.999228
v 14.211 -113.665 -17.5961
vn -0.00925494 0.0242314 -0.999664
v 25.3314 -114.181 -17.6052
vn 0.0167849 0.0121249 -0.999786
v 26.2973 -116.057 -17.5444
vn 0.131876 -0.016941 -0.991121
v 26.6158 -115.037 -17.4753
vn 0.383545 -0.00696637 -0.923496
v 26.7847 -114.807 -17.375
vn 0.659466 0.00327797 -0.751727
v 27.0562 -115.793 -15.0011
vn 0.989175 -0.000251887 0.146742
v 14.2789 -111.36 -13.9332
vn -0.0077832 -0.052744 0.998578
v 13.2504 -107.547 -16.3123
vn -0.0204533 0.996317 -0.0832658
v 13.2349 -107.546 -14.631
vn -0.0364476 0.995242 0.0903558
v 14.5743 -111.781 -17.5297
vn -0.00196924 0.0504715 -0.998724
v 13.612 -119.001 -17.4867
vn -0.0625914 -0.109581 -0.992005
v 13.8213 -119.187 -17.4218
vn -0.0196048 -0.577127 -0.816419
v 13.2316 -119.343 -17.238
vn -0.109407 -0.843472 -0.525914
v 14.3499 -112.997 -13.9994
vn -0.00840407 -0.031073 0.999482
v 14.5743 -115.059 -14.0257
vn -0.000702742 0.00311158 0.999995
v 13.3042 -108.107 -13.7729
vn -0.138955 -0.0110189 0.990237
v 13.5348 -111.363 -13.9574
vn -0.0529256 -0.0576731 0.996932
v 13.0568 -111.734 -14.0546
vn -0.306272 -0.0438743 0.950933
v 12.9765 -108.007 -13.861
vn -0.399366 0.108373 0.910364
v 12.8279 -113.259 -14.2621
vn -0.716981 -0.0170149 0.696885
v 12.8258 -108.005 -13.9656
vn -0.695206 0.0913008 0.712988
v 12.735 -107.893 -14.1001
vn -0.858609 0.296281 0.41834
v 12.6957 -107.594 -15.8984
vn -0.634662 0.771709 -0.0408535
v 12.7815 -107.669 -16.6731
vn -0.482949 0.829446 -0.280677
v 13.3569 -107.634 -16.8429
vn -0.0395898 0.96945 -0.242072
v 12.7557 -107.623 -14.4941
vn -0.583467 0.801025 0.133886
v 13.0463 -108.125 -17.1985
vn -0.303063 0.147649 -0.941463
v 13.5561 -108.026 -17.2702
vn -0.0641988 0.169367 -0.98346
v 12.766 -108.019 -16.9831
vn -0.865721 0.0840973 -0.493411
v 12.8776 -111.972 -17.3551
vn -0.572589 0.0389699 -0.818916
v 13.2066 -110.954 -17.417
vn -0.196447 0.0538377 -0.979035
v 13.5348 -112.014 -17.5092
vn -0.0824849 0.0423851 -0.995691
v 13.9836 -112.014 -17.5301
vn -0.0276419 0.0425017 -0.998714
v 13.2957 -113.967 -17.5565
vn -0.137446 0.0164312 -0.990373
v 12.8275 -114.807 -17.3749
vn -0.711206 0.00308073 -0.702977
v 12.977 -115.039 -17.4753
vn -0.41773 -0.00686558 -0.908545
v 13.2695 -116.061 -17.5443
vn -0.140645 -0.0169263 -0.989915
v 14.5743 -115.309 -17.604
vn -0.0121723 -0.00493928 -0.999914
v 13.0354 -118.984 -17.3994
vn -0.250772 -0.146638 -0.956876
v 12.8367 -119.068 -17.2708
vn -0.612726 -0.22977 -0.756156
v 13.6794 -119.493 -15.2191
vn -0.0127089 -0.99903 0.0421645
v 12.8008 -119.451 -16.1322
vn -0.237312 -0.97114 -0.0238577
v 13.0362 -119.002 -14.0494
vn -0.247052 -0.111147 0.962607
v 12.8246 -119.026 -14.1946
vn -0.701282 -0.0454159 0.711435
v 13.602 -113.922 -14.0483
vn -0.0619057 -0.0202267 0.997877
v 13.2067 -115.185 -14.1081
vn -0.196759 0.00798691 0.980419
v 12.9778 -115.034 -14.1757
vn -0.41773 0.0068628 0.908545
v 13.2432 -107.702 -13.9409
vn -0.105659 0.865727 0.489236
v 25.7581 -107.853 -13.7844
vn 0.0311831 0.546067 0.837161
v 13.4926 -107.783 -13.8358
vn -0.0931851 0.606786 0.789384
v 13.7545 -107.907 -13.7642
vn -0.0393171 0.288299 0.956733
v 26.3711 -107.732 -17.041
vn 0.143494 0.732101 -0.665911
v 25.781 -107.83 -17.157
vn 0.0386129 0.621856 -0.782179
v 13.8326 -107.821 -17.1774
vn -0.0226486 0.628751 -0.777277
v 13.1964 -107.711 -17.0331
vn -0.114632 0.806633 -0.57983
v 25.3451 -116.487 -14.0096
vn 0.00835655 0.0210624 0.999743
v 14.5743 -116.775 -14.0009
vn -0.00254657 0.0244144 0.999699
v 26.1908 -116.608 -14.0519
vn 0.1319 0.0215531 0.991029
v 25.3422 -116.27 -17.5922
vn 0.0151986 -0.0192949 -0.999698
v 14.1645 -116.831 -17.5798
vn -0.0149403 -0.021605 -0.999655
v 13.5348 -116.527 -14.0331
vn -0.0562494 0.020909 0.998198
v 25.219 -126.457 -14.5675
vn 0.0772995 -0.953928 0.289907
v 25.1746 -126.557 -14.9585
vn 0.0503786 -0.987753 0.147669
v 25.7115 -126.484 -15.0641
vn 0.355259 -0.93022 0.0920925
v 25.1107 -126.596 -15.8526
vn 0.0623164 -0.994365 -0.0857595
v 26.0794 -126.304 -15.3669
vn 0.568426 -0.822413 0.0229997
v 25.6754 -126.487 -15.9009
vn 0.309505 -0.947727 -0.0775896
v 25.8504 -126.32 -16.6064
vn 0.322996 -0.877186 -0.355271
v 25.1738 -126.517 -16.3388
vn 0.0657447 -0.966092 -0.249687
v 24.7203 -126.416 -16.643
vn 0.00942834 -0.890492 -0.454902
v 24.8159 -126.608 -15.5323
vn 0.0122779 -0.999925 0.000213941
v 14.5493 -126.558 -16.1601
vn -0.0272905 -0.978988 -0.202085
v 14.4823 -126.588 -15.1465
vn -0.0315631 -0.995031 0.0944331
v 14.5023 -126.515 -14.7494
vn -0.0438412 -0.956831 0.287319
v 19.7213 -119.481 -16.2019
vn 0.000284009 0.998683 -0.0513019
v 13.2204 -119.469 -15.6278
vn -0.0224118 0.999595 0.0175265
v 26.6674 -119.479 -15.7809
vn 0.0822558 0.996046 -0.033548
v 25.6709 -119.512 -16.5702
vn 0.0142972 0.996117 -0.0868719
v 26.2278 -119.479 -15.2066
vn 0.0110175 0.998658 0.0505964
v 26.1451 -119.595 -17.097
vn 0.0320173 0.951229 -0.306818
v 13.3304 -119.534 -16.818
vn -0.0241533 0.990357 -0.13642
v 26.7339 -119.622 -17.0066
vn 0.243525 0.927852 -0.282464
v 26.8962 -119.556 -15.0378
vn 0.449147 0.88975 0.0813105
v 26.9918 -119.618 -16.2364
vn 0.717191 0.687992 -0.11092
v 26.1755 -119.536 -14.5778
vn 0.0214242 0.987956 0.153242
v 26.8032 -119.63 -14.4669
vn 0.33359 0.90473 0.264917
v 26.5799 -124.971 -13.8443
vn 0.378977 -0.0707453 0.922698
v 26.3098 -125.052 -13.7672
vn 0.158673 -0.07264 0.984655
v 26.7599 -124.879 -13.9568
vn 0.648793 -0.0627264 0.758375
v 26.8759 -125.047 -14.1003
vn 0.841129 -0.24613 0.481582
v 26.9873 -124.866 -14.3928
vn 0.975793 -0.0504185 0.212805
v 26.7104 -125.547 -14.2659
vn 0.763467 -0.597057 0.246255
v 26.5109 -125.487 -13.9478
vn 0.478814 -0.454451 0.75114
v 26.0173 -125.664 -13.8864
vn 0.165856 -0.420937 0.891798
v 25.4069 -125.65 -13.8083
vn 0.018273 -0.341226 0.939804
v 25.7735 -125.104 -13.7112
vn 0.0267438 -0.0575368 0.997985
v 13.9406 -125.347 -13.7384
vn -0.0256663 -0.196896 0.980088
v 14.132 -124.917 -13.7035
vn -0.0083348 0.0033214 0.99996
v 24.8878 -124.597 -13.715
vn 0.002086 0.034325 0.999409
v 27.0865 -124.782 -16.1029
vn 0.995204 -0.0563226 -0.0799848
v 27.108 -124.653 -15.4021
vn 0.999385 -0.0229679 0.0265094
v 27.0124 -125.301 -15.8411
vn 0.91631 -0.399203 -0.0318213
v 26.9874 -124.865 -16.7353
vn 0.975228 -0.0608609 -0.212666
v 26.8971 -125.271 -16.7917
vn 0.886241 -0.394196 -0.243283
v 26.7243 -125.6 -16.4741
vn 0.777345 -0.608369 -0.160071
v 26.9002 -125.441 -15.0551
vn 0.850598 -0.520417 0.0751595
v 27.065 -125.01 -14.851
vn 0.970348 -0.213746 0.112857
v 26.1938 -125.021 -17.3731
vn 0.107362 -0.0583339 -0.992507
v 25.3479 -124.892 -17.4218
vn 0.0116638 -0.0507062 -0.998646
v 14.1368 -124.913 -17.4222
vn -0.0105769 -0.0467145 -0.998852
v 25.508 -125.547 -17.3247
vn 0.0308528 -0.239577 -0.970387
v 26.0775 -125.88 -17.1086
vn 0.208415 -0.562254 -0.800271
v 14.641 -125.32 -17.3747
vn -0.000495138 -0.177231 -0.984169
v 26.5105 -125.488 -17.1572
vn 0.475272 -0.466837 -0.745775
v 26.5779 -124.987 -17.2758
vn 0.378736 -0.131333 -0.916139
v 26.76 -124.874 -17.1714
vn 0.645335 -0.0983006 -0.757548
v 26.875 -124.985 -17.0156
vn 0.854848 -0.17895 -0.487044
v 12.5663 -124.863 -15.1856
vn -0.998766 -0.0369104 0.0332287
v 12.5741 -124.901 -15.9917
vn -0.996106 -0.0759072 -0.0448349
v 12.6516 -124.865 -14.3896
vn -0.984885 -0.0421765 0.167993
v 12.6858 -125.349 -15.035
vn -0.899622 -0.435127 0.0366642
v 12.9159 -125.519 -14.1953
vn -0.798736 -0.542827 0.259538
v 12.9473 -125.696 -15.6705
vn -0.763889 -0.645258 -0.010793
v 12.9183 -125.591 -16.7293
vn -0.794364 -0.594615 -0.124174
v 12.7281 -125.184 -16.8955
vn -0.9257 -0.304319 -0.224656
v 12.6516 -124.865 -16.7385
vn -0.984505 -0.0505138 -0.167921
v 25.1629 -126.06 -14.0137
vn 0.0156051 -0.609423 0.792692
v 14.1817 -125.867 -13.8933
vn -0.0209525 -0.397409 0.917402
v 25.9545 -126.082 -14.1404
vn 0.320228 -0.715027 0.621443
v 25.9634 -126.25 -14.4564
vn 0.445265 -0.840046 0.309939
v 26.4494 -125.889 -14.5632
vn 0.679769 -0.712682 0.173199
v 25.1358 -126.286 -14.2442
vn 0.0266948 -0.850595 0.525144
v 14.7561 -126.392 -14.4105
vn -0.0102158 -0.908194 0.418425
v 26.6386 -125.819 -15.3696
vn 0.722528 -0.691042 0.0203461
v 26.3369 -125.995 -16.663
vn 0.625829 -0.756622 -0.18937
v 25.1424 -125.981 -17.1401
vn 0.017046 -0.510032 -0.859986
v 14.1445 -125.705 -17.2738
vn -0.0199272 -0.319725 -0.947301
v 25.305 -126.186 -16.972
vn 0.0494162 -0.784534 -0.618113
v 14.0895 -126.257 -16.8877
vn -0.12285 -0.797647 -0.59048
v 13.0321 -125.761 -14.8611
vn -0.738721 -0.66981 0.0751382
v 13.5176 -126.266 -15.6979
vn -0.610432 -0.791863 -0.018035
v 13.3746 -126.026 -14.3156
vn -0.58506 -0.769967 0.254667
v 13.6671 -126.335 -15.0923
vn -0.556522 -0.828428 0.0631698
v 13.8392 -126.362 -14.52
vn -0.315842 -0.889838 0.329289
v 13.3752 -126.027 -16.7835
vn -0.584523 -0.770513 -0.25425
v 13.8532 -126.374 -16.5556
vn -0.271311 -0.901188 -0.338009
v 13.3582 -119.522 -14.6855
vn -0.0146487 0.990435 0.137198
v 14.1751 -126.021 -17.1172
vn -0.0383112 -0.592261 -0.804835
v 14.972 -126.41 -16.6342
vn -0.0137527 -0.907968 -0.418813
v 15.138 -126.602 -15.6843
vn -0.006574 -0.999316 -0.0363942
v 14.2921 -126.195 -14.1344
vn -0.036798 -0.76194 0.646602
v 13.2977 -125.018 -13.7496
vn -0.145333 -0.0444792 0.988383
v 13.5434 -125.87 -13.9674
vn -0.199042 -0.563723 0.801623
v 13.1375 -125.566 -13.9436
vn -0.430001 -0.546374 0.718731
v 12.858 -124.987 -13.9198
vn -0.581114 -0.118204 0.805192
v 12.7292 -124.874 -14.1074
vn -0.910377 -0.089697 0.40394
v 12.9669 -122.843 -13.9246
vn -0.430556 0.0297791 0.902072
v 12.9279 -119.486 -16.0942
vn -0.102071 0.993548 -0.0494338
v 12.6707 -119.545 -15.6776
vn -0.579512 0.814947 -0.00520361
v 12.7462 -119.64 -16.9203
vn -0.694844 0.658277 -0.289593
v 12.744 -119.594 -14.6572
vn -0.532437 0.832072 0.155459
v 13.2022 -125.04 -17.3484
vn -0.203025 -0.151179 -0.967433
v 13.5464 -125.133 -17.388
vn -0.0835796 -0.120386 -0.989203
v 12.9863 -124.741 -17.2748
vn -0.429161 -0.0756809 -0.900052
v 12.7779 -124.967 -17.1199
vn -0.834061 -0.0966555 -0.543139
v 13.1886 -125.586 -17.1841
vn -0.391632 -0.516926 -0.761191
v 14.0529 -126.564 -15.5917
vn -0.196654 -0.980398 -0.0121613
v 14.192 -120.308 -13.883
vn -0.0117868 0.0590584 0.998185
v 25.2456 -120.287 -13.8842
vn 0.0107343 0.065639 0.997786
v 26.5657 -120.029 -14.0297
vn 0.26855 0.177819 0.946711
v 26.1748 -120.15 -13.933
vn 0.129298 0.0739734 0.988843
v 26.7641 -120.03 -14.1425
vn 0.610815 0.212745 0.762656
v 26.928 -119.913 -14.3798
vn 0.90885 0.133469 0.395194
v 27.1031 -119.903 -15.9403
vn 0.997194 0.0668003 -0.03379
v 27.0528 -120.15 -16.5114
vn 0.988021 0.0186514 -0.153186
v 26.9684 -119.91 -16.878
vn 0.952174 0.135556 -0.273842
v 27.0452 -120.034 -14.8298
vn 0.987375 0.0437216 0.152249
v 27.0926 -119.826 -15.327
vn 0.98594 0.156226 0.0592859
v 25.901 -120.029 -17.462
vn 0.0597399 0.064067 -0.996156
v 26.3333 -120.147 -17.4148
vn 0.180657 0.0577151 -0.981851
v 25.2543 -120.29 -17.484
vn 0.0171151 0.00696909 -0.999829
v 14.1996 -120.29 -17.484
vn -0.0112742 0.0132952 -0.999848
v 26.5824 -119.998 -17.3469
vn 0.310396 0.204114 -0.928435
v 26.8834 -119.939 -17.0911
vn 0.844741 0.186282 -0.501708
v 26.7641 -120.024 -17.2374
vn 0.630554 0.116773 -0.767311
v 13.3198 -120.145 -17.4403
vn -0.14096 0.0536151 -0.988562
v 12.9667 -120.16 -17.3439
vn -0.425118 0.0405208 -0.90423
v 12.8204 -120.031 -17.2409
vn -0.686032 0.175968 -0.705971
v 12.7049 -120.169 -17.0488
vn -0.948754 0.0173261 -0.31554
v 12.5898 -119.851 -14.982
vn -0.994539 0.0627107 0.083427
v 12.5652 -119.928 -15.9144
vn -0.99684 0.0770716 -0.0192157
v 12.6964 -119.913 -14.3676
vn -0.929282 0.0826225 0.360013
v 12.6028 -119.935 -16.5095
vn -0.993235 0.0503392 -0.104643
v 13.293 -120.144 -13.9388
vn -0.140065 0.105152 0.984543
v 12.8193 -122.385 -14.0509
vn -0.772001 0.0237863 0.635177
v 12.8192 -122.385 -14.0507
vn -0.581062 0.0308241 0.813275
v 12.8217 -120.022 -14.1426
vn -0.686989 0.196883 0.699488
v 12.9875 -119.851 -14.056
vn -0.28206 0.361797 0.888563
v 25.9359 -119.596 -14.303
vn 0.0208966 0.952287 0.304486
v 26.2833 -119.661 -14.1545
vn 0.0990652 0.815923 0.56961
v 13.7824 -119.845 -13.9754
vn -0.0174384 0.504599 0.863177
v 25.9968 -119.748 -14.0436
vn 0.0702172 0.553231 0.830064
v 25.4319 -119.965 -13.9321
vn 0.0152193 0.31795 0.947985
v 25.1955 -119.659 -17.2451
vn 0.00684535 0.861298 -0.508055
v 25.8939 -119.822 -17.4033
vn 0.0595267 0.570132 -0.819394
v 13.8673 -119.744 -17.3511
vn -0.0198126 0.658793 -0.752063
v 13.6326 -119.633 -17.2057
vn -0.0153594 0.932793 -0.360085
v 13.8196 -119.879 -17.4276
vn -0.0232774 0.274704 -0.961247
v 13.0479 -119.74 -17.2624
vn -0.222532 0.682234 -0.696445
v 13.459 -119.632 -14.2138
vn -0.0349446 0.909594 0.414025
v 12.8202 -119.691 -14.3191
vn -0.605584 0.652092 0.456119
v 7.84492 -119.555 -14.1857
vn -0.970044 -0.237723 0.0500135
v 7.96324 -120.009 -14.8496
vn -0.963377 -0.267446 -0.0194056
v 8.2176 -120.861 -14.4401
vn -0.945678 -0.324519 0.0195092
v 8.54411 -121.723 -14.5744
vn -0.921603 -0.387801 0.0160564
v 8.24618 -120.658 -13.5322
vn -0.927115 -0.328911 0.179654
v 8.94977 -122.481 -13.6574
vn -0.893485 -0.427372 0.137975
v 7.89626 -119.157 -13.2253
vn -0.931807 -0.192811 0.307506
v 8.11641 -120.111 -13.2846
vn -0.917284 -0.270964 0.291837
v 9.16871 -123.021 -14.3358
vn -0.892273 -0.449384 0.0436254
v 9.02762 -122.758 -15.4422
vn -0.898216 -0.437552 -0.0419142
v 9.87009 -124.417 -14.8758
vn -0.875633 -0.4828 0.01306
v 8.75383 -122.088 -15.6547
vn -0.915297 -0.393588 -0.0855515
v 9.04158 -122.564 -16.2863
vn -0.888046 -0.410836 -0.206368
v 8.29329 -120.878 -15.8266
vn -0.936732 -0.314485 -0.153728
v 7.81181 -119.33 -15.1941
vn -0.97599 -0.205572 -0.0720004
v 8.0088 -120.011 -15.5641
vn -0.960342 -0.25596 -0.110575
v 7.97391 -119.542 -16.0874
vn -0.946716 -0.203635 -0.249522
v 12.4922 -124.939 -16.9032
vn 0.985309 -0.00767228 -0.170606
v 12.5635 -125.253 -16.1998
vn 0.99758 -0.043781 -0.0540042
v 12.5641 -121.087 -15.4721
vn 0.999774 0.00256416 0.0211179
v 12.5439 -118.18 -16.1775
vn 0.997409 0.000760119 -0.0719364
v 12.5656 -125.26 -14.9445
vn 0.997259 -0.0456532 0.0582236
v 12.5211 -122.871 -14.6258
vn 0.993123 0.0114881 0.116513
v 12.4707 -124.986 -14.0859
vn 0.971458 0.00632126 0.237129
v 12.4222 -120.274 -14.3117
vn 0.957396 0.0143481 0.288422
v 12.5133 -117.956 -14.8623
vn 0.99209 0.00283347 0.125496
v 12.4758 -119.536 -16.7405
vn 0.976902 0.00312539 -0.213667
v 12.3695 -107.458 -15.3163
vn 0.146447 0.987727 0.0542961
v 12.4319 -107.487 -14.7971
vn 0.565811 0.8108 0.14987
v 12.3493 -107.481 -16.3614
vn -0.191272 0.976158 -0.10262
v 12.3216 -107.63 -17.0871
vn -0.171694 0.91217 -0.372112
v 12.5761 -107.68 -15.3847
vn 0.975431 0.220204 0.00663742
v 12.554 -107.695 -16.5418
vn 0.991421 0.111281 -0.068567
v 12.2752 -120.854 -13.9576
vn 0.817026 0.026571 0.575988
v 12.2485 -125.003 -13.6854
vn 0.472786 -0.118367 0.873191
v 12.3647 -125.06 -13.8069
vn 0.848261 -0.0754727 0.524173
v 12.1345 -124.685 -13.6291
vn 0.265751 0.00657161 0.964019
v 12.0634 -121.154 -13.7557
vn 0.515802 0.0328694 0.856077
v 11.7355 -120.884 -13.632
vn 0.266838 0.0233809 0.963458
v 11.8743 -118.766 -13.7237
vn 0.389984 0.0147888 0.920703
v 12.1145 -117.556 -13.8806
vn 0.632339 0.00916346 0.774637
v 11.5561 -117.838 -13.6287
vn 0.271955 0.00731876 0.962282
v 12.3297 -118.215 -14.1457
vn 0.892889 0.0094594 0.450177
v 12.4832 -125.431 -16.5359
vn 0.637777 -0.755928 -0.147693
v 12.4149 -125.538 -15.8119
vn 0.179878 -0.983515 0.0185196
v 12.276 -125.396 -16.8328
vn -0.208667 -0.95959 -0.188801
v 12.1674 -125.452 -14.9461
vn -0.253926 -0.966429 0.0391889
v 10.2802 -124.887 -14.9212
vn -0.439813 -0.897758 0.024385
v 10.2762 -124.828 -16.2257
vn -0.455318 -0.881267 -0.126701
v 12.3324 -125.413 -14.1532
vn 0.125014 -0.969636 0.210184
v 10.2776 -124.826 -13.8479
vn -0.350965 -0.927279 0.130298
v 12.4537 -125.356 -14.1587
vn 0.833109 -0.508622 0.217333
v 12.3867 -119.743 -17.0472
vn 0.909741 0.00620813 -0.415131
v 12.2555 -119.661 -17.2258
vn 0.679076 0.00705068 -0.734034
v 12.4056 -125.174 -17.1546
vn 0.770611 -0.296986 -0.563878
v 12.0641 -118.869 -17.3232
vn 0.236965 0.000434579 -0.971518
v 12.307 -124.895 -17.2739
vn 0.522141 -0.101669 -0.846778
v 11.9084 -121.346 -17.3357
vn -0.0502246 -0.00745697 -0.99871
v 11.6074 -116.908 -17.3261
vn -0.147605 -0.00127456 -0.989046
v 12.1345 -124.742 -17.3139
vn -0.175655 -0.0543216 -0.982952
v 12.5626 -112.901 -15.8655
vn 0.999788 -0.00260592 -0.0204131
v 12.5478 -112.56 -15.1969
vn 0.998044 -0.00365746 0.0624109
v 12.4117 -114.099 -14.3561
vn 0.953357 -0.00590662 0.301789
v 12.5088 -112.013 -14.7327
vn 0.987285 -0.0102997 0.158629
v 12.5251 -112.089 -16.4954
vn 0.995119 -0.00659375 -0.0984572
v 12.4547 -114.775 -16.8193
vn 0.968919 -0.00374821 -0.247349
v 11.9899 -113.375 -13.7984
vn 0.460549 -0.00436517 0.887624
v 11.5866 -113.073 -13.6559
vn 0.255291 0.00739874 0.966836
v 8.42376 -114.511 -12.8197
vn 0.138258 0.0231525 0.990126
v 12.2426 -112.786 -13.9986
vn 0.78653 -0.0131484 0.617412
v 7.66605 -118.62 -14.8043
vn -0.988647 -0.148703 -0.0215601
v 7.54328 -117.521 -14.7859
vn -0.996952 -0.0748318 -0.0220837
v 7.71453 -118.621 -15.5282
vn -0.981447 -0.149263 -0.120341
v 7.62176 -117.89 -15.517
vn -0.987375 -0.100015 -0.122829
v 7.49594 -116.049 -14.7803
vn -0.999715 0.0123596 -0.0204278
v 7.55254 -116.782 -15.5089
vn -0.992333 -0.0313196 -0.119562
v 7.64537 -115.726 -16.0878
vn -0.959693 0.015056 -0.280647
v 7.67163 -117.521 -15.9783
vn -0.967224 -0.0802103 -0.240924
v 7.74667 -118.075 -16.1364
vn -0.936322 -0.104032 -0.335379
v 7.57278 -115.334 -15.5125
vn -0.990356 0.0602988 -0.12474
v 7.58252 -114.646 -14.7975
vn -0.993917 0.107887 -0.0221151
v 7.76939 -113.476 -14.1965
vn -0.971249 0.232323 0.0519674
v 7.74355 -113.68 -15.1925
vn -0.977932 0.195313 -0.0741702
v 7.73444 -114.04 -15.7872
vn -0.974086 0.148743 -0.170387
v 7.6367 -114.309 -14.0661
vn -0.987508 0.140945 0.0704472
v 7.53952 -115.334 -14.0422
vn -0.995435 0.06304 0.0716557
v 7.51916 -116.782 -14.0341
vn -0.997216 -0.0323105 0.0672092
v 7.58784 -116.047 -13.3586
vn -0.976058 0.0174379 0.216811
v 7.64399 -114.982 -13.4153
vn -0.97157 0.0925761 0.217904
v 7.77079 -113.994 -13.4519
vn -0.960837 0.174611 0.215181
v 7.61413 -117.152 -13.4004
vn -0.974048 -0.0590921 0.218492
v 7.71806 -118.33 -13.3844
vn -0.968035 -0.132897 0.212713
v 7.58883 -117.89 -14.0457
vn -0.992099 -0.103774 0.0705078
v 7.68221 -118.62 -14.0626
vn -0.985517 -0.1549 0.0690043
v 12.1383 -113.356 -17.3075
vn 0.375982 -0.00735081 -0.926598
v 12.3319 -113.843 -17.1437
vn 0.839632 -0.00817936 -0.543094
v 11.9989 -110.567 -17.3559
vn -0.121013 0.010886 -0.992591
v 11.6242 -112.466 -17.313
vn -0.17917 0.0154885 -0.983696
v 8.47922 -114.21 -16.7713
vn -0.226199 0.0251142 -0.973757
v 12.4988 -107.752 -17.0023
vn 0.951107 0.146349 -0.271989
v 12.1528 -108.053 -13.8322
vn 0.264521 0.0166769 0.964236
v 12.3564 -107.984 -13.958
vn 0.838148 0.0739944 0.5404
v 10.7987 -111.297 -13.4795
vn 0.234901 0.0193324 0.971827
v 12.3645 -110.744 -14.1053
vn 0.894401 -0.019596 0.446837
v 12.469 -107.791 -14.2177
vn 0.950427 0.157764 0.267952
v 7.86541 -113.103 -14.8504
vn -0.963758 0.266002 -0.0203294
v 8.07895 -112.387 -14.5524
vn -0.941226 0.337072 0.0218198
v 7.98715 -112.897 -15.7942
vn -0.947175 0.272554 -0.169036
v 8.34171 -111.746 -14.5524
vn -0.908862 0.416643 0.0194487
v 8.44861 -111.651 -15.8363
vn -0.900172 0.417291 -0.124736
v 8.46152 -111.888 -16.3045
vn -0.882751 0.352375 -0.310776
v 8.9744 -110.608 -15.6287
vn -0.883979 0.461002 -0.0778369
v 9.38909 -109.799 -15.4014
vn -0.899423 0.434691 -0.045619
v 9.5741 -109.639 -16.3044
vn -0.896022 0.402795 -0.18682
v 8.69979 -111.081 -14.319
vn -0.880141 0.471777 0.0527104
v 9.47264 -109.686 -14.1044
vn -0.896224 0.434399 0.0898917
v 8.76387 -111.08 -13.7333
vn -0.866625 0.474899 0.153075
v 8.39776 -111.898 -13.4446
vn -0.873088 0.398885 0.280371
v 8.04138 -112.9 -13.3385
vn -0.920771 0.299842 0.249551
v 12.3201 -108.353 -17.3441
vn 0.494571 -0.0130178 -0.86904
v 12.4289 -108.338 -17.2194
vn 0.901149 -0.0156798 -0.433227
v 11.218 -109.412 -17.1579
vn -0.238826 0.0299498 -0.9706
v 9.71419 -109.067 -14.8709
vn -0.925863 0.377588 0.0143004
v 10.0637 -108.165 -15.4537
vn -0.852858 0.521835 -0.0179229
v 10.0837 -108.194 -14.1435
vn -0.885799 0.459616 0.0641349
v 12.1671 -108.061 -17.3734
vn -0.0671081 0.130781 -0.989137
v 8.87356 -120.48 -12.9101
vn 0.199066 -0.00649776 0.979964
v 8.85655 -112.07 -12.9831
vn 0.0416065 0.110356 0.993021
v 10.0512 -109.654 -13.3547
vn 0.160287 0.0519832 0.985701
v 10.395 -108.346 -13.4535
vn 0.0794218 0.225502 0.971
v 10.3135 -107.974 -14.2389
vn -0.456071 0.887847 0.0610488
v 10.5538 -107.984 -13.9251
vn -0.184759 0.948954 0.255637
v 10.4433 -107.916 -15.3763
vn -0.31039 0.950507 -0.0139159
v 10.291 -108.01 -16.3012
vn -0.492892 0.861508 -0.121912
v 10.3986 -110.717 -17.0242
vn -0.211266 0.046082 -0.976342
v 10.5049 -108.29 -16.9347
vn -0.307622 0.281781 -0.908828
v 9.87551 -109.862 -16.8421
vn -0.356166 0.119974 -0.926689
v 8.83712 -112.28 -16.7792
vn -0.308549 0.0809062 -0.947762
v 8.437 -118.341 -16.7656
vn -0.239212 -0.0184946 -0.970791
v 8.31727 -116.307 -16.7595
vn -0.255877 0.00262833 -0.966706
v 8.80852 -120.485 -16.7841
vn -0.254325 -0.0476751 -0.965943
v 10.1194 -123.903 -16.9002
vn -0.267179 -0.079983 -0.960322
v 10.2483 -122.33 -13.2316
vn 0.233467 0.0120451 0.97229
v 10.1852 -124.268 -13.2173
vn 0.0105648 -0.108263 0.994066
v 8.05431 -119.022 -12.917
vn -0.650148 -0.141451 0.746525
v 8.50041 -119.979 -12.8612
vn -0.0864668 -0.0752312 0.99341
v 8.05363 -117.892 -12.8242
vn -0.324223 -0.0450879 0.944906
v 7.7812 -117.511 -12.978
vn -0.82891 -0.0699144 0.554996
v 7.97481 -116.025 -12.7934
vn -0.303935 0.011478 0.952624
v 7.74424 -116.045 -12.963
vn -0.814466 0.0152919 0.58001
v 7.81933 -114.642 -13.0011
vn -0.827184 0.107249 0.551602
v 7.98825 -114.646 -12.8618
vn -0.472899 0.0792567 0.877545
v 8.29187 -113.221 -12.8864
vn -0.324937 0.142885 0.93488
v 8.0518 -113.255 -13.0667
vn -0.792974 0.233567 0.562707
v 8.24635 -117.526 -12.7893
vn 0.109001 -0.00134268 0.994041
v 8.68434 -111.692 -13.1201
vn -0.587459 0.362612 0.723466
v 8.78866 -111.26 -13.3236
vn -0.782012 0.456298 0.424558
v 9.78109 -109.697 -13.3517
vn -0.323621 0.252335 0.911919
v 9.56146 -109.771 -13.5385
vn -0.820266 0.431963 0.374929
v 10.1646 -108.216 -13.6845
vn -0.694103 0.660564 0.286142
v 10.2925 -108.224 -13.5014
vn -0.425006 0.512639 0.746037
v 9.72716 -109.623 -16.6738
vn -0.748649 0.300432 -0.590987
v 10.3244 -108.213 -16.8176
vn -0.601167 0.354485 -0.716197
v 10.1458 -108.194 -16.4734
vn -0.825897 0.540508 -0.160457
v 8.91633 -111.012 -16.3971
vn -0.842248 0.406565 -0.354011
v 8.27656 -113.143 -16.6025
vn -0.626206 0.134685 -0.767936
v 8.83768 -111.568 -16.6367
vn -0.635323 0.25414 -0.729231
v 8.17579 -112.839 -16.3348
vn -0.869607 0.243338 -0.429617
v 7.84876 -114.263 -16.308
vn -0.898428 0.111059 -0.424844
v 8.05416 -118.138 -16.6016
vn -0.56802 -0.0559395 -0.821111
v 7.96947 -115.294 -16.583
vn -0.630667 0.046193 -0.774677
v 7.79448 -116.05 -16.3909
vn -0.829522 0.0105871 -0.558374
v 7.83906 -117.523 -16.3949
vn -0.840217 -0.0582445 -0.539113
v 8.10406 -119.337 -16.4794
vn -0.770063 -0.147909 -0.620585
v 8.88544 -121.446 -16.7154
vn -0.531732 -0.156057 -0.83241
v 8.70865 -121.43 -16.5447
vn -0.772021 -0.251456 -0.58374
v 8.44051 -120.967 -16.2764
vn -0.901267 -0.295078 -0.317248
v 10.0303 -124.393 -16.6572
vn -0.799056 -0.418945 -0.431272
v 10.2128 -124.464 -16.8291
vn -0.530812 -0.337415 -0.777425
v 10.0846 -124.698 -15.5358
vn -0.752626 -0.657304 -0.0387974
v 10.1064 -124.712 -14.2298
vn -0.74227 -0.668594 0.0449254
v 8.7054 -121.297 -12.9986
vn -0.519584 -0.274666 0.809068
v 10.1232 -124.409 -13.28
vn -0.574842 -0.431336 0.695345
v 9.04984 -122.467 -13.3221
vn -0.845451 -0.410023 0.342188
v 10.0066 -124.474 -13.5459
vn -0.841112 -0.507004 0.188355
v 8.59052 -121.281 -13.1323
vn -0.796988 -0.348695 0.493175
v 8.37733 -120.344 -12.9935
vn -0.646569 -0.228964 0.727684
v 9.9934 -124.506 -16.1334
vn -0.848821 -0.516307 -0.113708
v 10.3623 -124.722 -16.6979
vn -0.452568 -0.750476 -0.481631
v 12.2371 -125.22 -17.1778
vn -0.17288 -0.640195 -0.748507
v 12.2134 -125.239 -13.8068
vn 0.0721015 -0.751574 0.655696
v 10.3743 -124.682 -13.3718
vn -0.102408 -0.637219 0.763848
v 12.2269 -107.656 -14.1527
vn 0.0419519 0.911755 0.408586
v 12.2061 -107.801 -13.9457
vn 0.214571 0.599432 0.771129
v 12.2994 -108.361 -17.3479
vn 0.603434 0.0102792 -0.797347
v 12.3465 -107.86 -17.2561
vn 0.648991 0.320614 -0.68994
v 12.296 -107.755 -17.2546
vn 0.0489364 0.698446 -0.713988
v 14.1467 -104.76 -4.6099
vn -0.0181544 -0.944154 0.329003
v 25.6688 -105.136 -5.68466
vn 0.0131275 -0.943475 0.331183
v 25.4674 -104.342 -3.4436
vn 0.0121531 -0.938591 0.344817
v 14.4027 -103.659 -1.58191
vn -0.00711858 -0.936698 0.350067
v 24.868 -103.429 -0.974671
vn 0.00111513 -0.93569 0.352822
v 13.6684 -101.617 1.75947
vn -0.0418369 0.160431 0.98616
v 25.8625 -101.778 1.78488
vn 0.0257861 0.163448 0.986215
v 13.5877 -101.156 1.63798
vn -0.0361377 0.316237 0.947992
v 14.1171 -100.554 1.40793
vn -0.00419583 0.408648 0.912683
v 14.1224 -100.021 1.13936
vn -0.00824825 0.505624 0.862714
v 25.9883 -99.7891 0.989773
vn 0.0342652 0.568244 0.822147
v 13.6532 -99.6213 0.853649
vn -0.0463298 0.68573 0.72638
v 25.169 -100.856 1.52633
vn 0.0062082 0.357263 0.933983
v 25.7801 -100.273 1.27371
vn 0.0207042 0.448295 0.893646
v 14.3188 -100.925 -3.59311
vn -0.00707104 0.931706 -0.363146
v 14.2796 -101.889 -6.14782
vn -0.0122897 0.94007 -0.340761
v 25.261 -101.607 -5.38416
vn 0.00671281 0.938141 -0.346187
v 25.4378 -102.361 -7.47763
vn 0.00684953 0.944555 -0.328283
v 25.2801 -100.77 -3.19375
vn 0.0129492 0.931441 -0.363663
v 13.6062 -105.901 -17.2428
vn -0.0101442 0.0826771 -0.996525
v 26.34 -105.593 -17.2004
vn 0.0187816 0.239395 -0.970741
v 26.3468 -106.064 -17.2506
vn 0.0114135 0.059529 -0.998161
v 12.979 -106.506 -17.2441
vn -0.0300135 -0.0558784 -0.997986
v 13.3658 -107.07 -17.1683
vn -0.0193338 -0.213206 -0.976816
v 26.3185 -106.897 -17.2027
vn 0.0143345 -0.167923 -0.985696
v 26.0954 -107.236 -17.1063
vn 0.021901 -0.418726 -0.907849
v 12.6288 -102.878 -5.46938
vn -0.996937 0.0782122 0.000596495
v 12.5931 -103.505 -7.25593
vn -0.997316 0.07217 -0.0123039
v 12.5667 -103.772 -6.89677
vn -0.999841 0.0156614 0.00854115
v 12.8666 -100.807 0.808582
vn -0.996914 0.0483611 0.0618319
v 12.9059 -100.265 0.591122
vn -0.99181 0.12508 0.0258322
v 12.6759 -102.501 -5.9837
vn -0.977462 0.205267 -0.0493322
v 12.6883 -103.095 -3.45695
vn -0.997016 -0.049044 0.0596128
v 12.6295 -103.703 -5.12297
vn -0.997183 -0.05679 0.048993
v 12.6827 -104.156 -4.79963
vn -0.982629 -0.163897 0.0870479
v 12.7434 -104.62 -5.30135
vn -0.933859 -0.328115 0.142296
v 13.0061 -102.134 1.29364
vn -0.95333 -0.244569 0.177054
v 12.5939 -104.794 -7.58739
vn -0.994864 -0.0941174 0.0372473
v 27.0474 -103.703 -5.12002
vn 0.996472 -0.0656318 0.0523076
v 27.0487 -102.991 -4.48905
vn 0.999399 0.0137811 0.0317932
v 27.0687 -104.374 -6.60184
vn 0.993675 -0.101142 0.0487796
v 26.7904 -101.469 1.06932
vn 0.9937 -0.0554267 0.0974112
v 26.9877 -104.091 -4.7426
vn 0.97818 -0.183895 0.0966733
v 26.8816 -104.076 -3.88757
vn 0.922647 -0.349829 0.162304
v 27.0066 -102.441 -4.70955
vn 0.993423 0.114247 -0.00767824
v 26.7607 -100.229 0.529044
vn 0.989691 0.142719 0.0119644
v 26.9983 -102.648 -6.43544
vn 0.97131 0.229895 -0.0608644
v 26.6849 -99.8683 0.585273
vn 0.942374 0.31161 0.121779
v 27.0831 -103.505 -7.25593
vn 0.995352 0.0935811 -0.022756
v 13.8557 -102.542 -8.00711
vn -0.0314687 0.946295 -0.321769
v 14.2074 -103.017 -9.44504
vn -0.00712553 0.952388 -0.304807
v 25.158 -103.092 -9.68542
vn 0.00702329 0.952438 -0.304651
v 14.227 -103.529 -11.1035
vn -0.00633051 0.958871 -0.28377
v 12.7047 -106.082 -9.85544
vn -0.933326 -0.344119 0.102394
v 12.5702 -105.299 -10.4939
vn -0.998914 -0.0445637 0.0135939
v 12.6072 -104.87 -12.7678
vn -0.990801 0.131027 -0.0338415
v 12.705 -104.02 -11.3079
vn -0.931142 0.35002 -0.102273
v 25.0066 -105.887 -7.93276
vn 0.0135073 -0.950685 0.309864
v 14.1751 -105.987 -8.23673
vn -0.0135444 -0.951071 0.308675
v 14.0964 -106.538 -10.0299
vn -0.0154986 -0.959721 0.280526
v 25.4281 -106.534 -10.0161
vn 0.00622251 -0.959538 0.28151
v 14.5995 -105.354 -6.32804
vn -0.00239267 -0.946938 0.321408
v 27.1153 -104.159 -7.77888
vn 0.999983 0.00273775 0.00522817
v 27.0064 -104.617 -12.8998
vn 0.962607 0.26161 -0.070336
v 27.1072 -105.299 -10.4939
vn 0.998606 -0.0505111 0.0153042
v 27.0634 -105.069 -8.27078
vn 0.989332 -0.137936 0.0468505
v 26.9485 -105.385 -7.62173
vn 0.918953 -0.373412 0.126846
v 27.0246 -106.736 -13.0073
vn 0.976095 -0.211842 0.0485971
v 13.7939 -104.635 -15.1151
vn -0.0396495 0.961564 -0.271702
v 25.688 -105.076 -16.6271
vn 0.0161169 0.957375 -0.288399
v 13.8535 -105.137 -16.8228
vn -0.0107118 0.947092 -0.320785
v 25.4766 -104.444 -14.4392
vn 0.0120727 0.96325 -0.268336
v 12.5626 -106.431 -16.8722
vn -0.999615 -0.0178734 -0.0212406
v 12.6162 -106.983 -16.6878
vn -0.977613 -0.210138 -0.0106954
v 12.6866 -106.999 -13.4702
vn -0.935477 -0.348158 0.0605673
v 12.631 -105.684 -16.8775
vn -0.971088 0.221401 -0.0892768
v 25.8537 -107.504 -14.4849
vn 0.0179272 -0.999164 0.0367342
v 25.468 -107.447 -13.6852
vn 0.0106212 -0.994334 0.10577
v 13.8484 -107.517 -14.8634
vn -0.0165492 -0.999425 0.0296093
v 13.8755 -107.528 -16.3754
vn -0.0164078 -0.999662 -0.0201856
v 13.8492 -107.439 -13.6107
vn -0.0293466 -0.989311 0.14284
v 27.0981 -106.067 -16.8479
vn 0.991845 0.114602 -0.0557626
v 27.1143 -106.511 -16.8261
vn 0.998257 -0.0519479 -0.0280032
v 27.0399 -105.684 -16.8741
vn 0.963241 0.249374 -0.0998968
v 27.0739 -106.863 -16.8425
vn 0.982482 -0.179032 -0.0517327
v 26.9645 -107.092 -13.9287
vn 0.928946 -0.368173 0.0388351
v 26.9441 -107.243 -16.8154
vn 0.839101 -0.5373 -0.0849577
v 27.0845 -106.429 -13.5853
vn 0.993423 -0.112217 0.0227574
v 26.7985 -100.699 0.935392
vn 0.993982 0.0647388 0.0883692
v 26.7118 -101.816 1.4047
vn 0.926584 -0.120838 0.356146
v 26.644 -102.143 1.31641
vn 0.934642 -0.290404 0.205208
v 25.1774 -99.4969 0.00557094
vn 0.0108116 0.93841 -0.345356
v 14.4379 -99.4708 0.0722128
vn -0.0159556 0.960691 -0.277161
v 13.0179 -99.7307 0.536117
vn -0.906642 0.415261 0.0745547
v 12.894 -101.494 1.13813
vn -0.989407 -0.061459 0.131517
v 25.4345 -102.539 1.36254
vn 0.0292257 -0.917226 0.397295
v 25.4009 -107.286 -12.7795
vn 0.00766454 -0.975352 0.220523
v 13.8612 -107.252 -12.6485
vn -0.043165 -0.970116 0.238772
v 14.5897 -107.375 -13.213
vn -0.00315908 -0.981217 0.192882
v 12.6072 -106.359 -12.7079
vn -0.991348 -0.127483 0.0312626
v 14.5897 -103.985 -12.7311
vn -0.00165996 0.964794 -0.263002
v 26.026 -104.979 -5.28163
vn 0.0588661 -0.942571 0.328777
v 26.3559 -104.411 -3.80147
vn 0.173685 -0.924923 0.338158
v 25.9015 -103.361 -0.870177
vn 0.0742188 -0.93248 0.353514
v 26.3687 -102.403 1.38388
vn 0.376829 -0.832779 0.40556
v 26.6199 -104.768 -5.01414
vn 0.367355 -0.872651 0.321761
v 26.7571 -104.304 -3.97017
vn 0.652691 -0.704134 0.279626
v 26.5945 -105.842 -8.09326
vn 0.266411 -0.916745 0.297662
v 26.8203 -106.039 -9.07634
vn 0.637218 -0.735072 0.231565
v 26.5585 -106.614 -10.5969
vn 0.265326 -0.928595 0.259449
v 26.0738 -106.134 -8.80164
vn 0.0685053 -0.952373 0.297139
v 26.2375 -107.318 -13.0595
vn 0.0828842 -0.975948 0.201632
v 25.7956 -106.908 -11.3569
vn 0.0250055 -0.964251 0.263808
v 26.6548 -107.3 -13.3814
vn 0.347732 -0.921489 0.173033
v 26.8195 -107.225 -13.4422
vn 0.625758 -0.77177 0.113127
v 26.9222 -107.001 -12.9874
vn 0.863014 -0.49236 0.113085
v 26.3698 -107.448 -14.119
vn 0.125492 -0.990565 0.0550719
v 26.6566 -107.42 -15.3256
vn 0.308395 -0.950854 0.0277318
v 26.8129 -107.376 -16.85
vn 0.507057 -0.856371 -0.0975828
v 26.5523 -107.459 -16.6676
vn 0.194124 -0.977405 -0.0836438
v 25.7547 -107.524 -16.5371
vn 0.0175741 -0.999628 -0.0208464
v 26.915 -107.016 -17.1105
vn 0.408512 -0.336121 -0.848611
v 26.9818 -106.059 -17.1764
vn 0.426036 0.0407573 -0.903788
v 26.0741 -104.519 -14.6163
vn 0.0652982 0.960999 -0.268733
v 26.4153 -104.94 -15.9696
vn 0.146411 0.950808 -0.272997
v 26.7753 -105.318 -16.978
vn 0.371834 0.804882 -0.462498
v 26.9294 -105.485 -17.0441
vn 0.581065 0.388231 -0.715291
v 26.9243 -104.402 -12.9597
vn 0.861952 0.489253 -0.132931
v 26.6566 -104.35 -13.606
vn 0.350037 0.903918 -0.245776
v 26.8158 -103.862 -11.4409
vn 0.645817 0.733134 -0.213153
v 26.3675 -103.714 -11.5261
vn 0.14289 0.951667 -0.271869
v 25.3097 -103.843 -12.1971
vn 0.0126688 0.963713 -0.266641
v 26.0664 -102.605 -8.13267
vn 0.0604621 0.946586 -0.316732
v 26.1961 -101.767 -5.69936
vn 0.122027 0.931754 -0.341972
v 26.4113 -102.788 -8.55373
vn 0.169514 0.93678 -0.306117
v 25.843 -103.701 -11.6503
vn 0.045449 0.960049 -0.276118
v 26.6601 -103.309 -9.91597
vn 0.360283 0.891174 -0.275689
v 26.8083 -102.641 -7.62516
vn 0.63868 0.729301 -0.245374
v 26.9262 -102.626 -7.06315
vn 0.876153 0.460195 -0.143445
v 26.589 -101.681 -5.24126
vn 0.370452 0.874721 -0.312456
v 25.9407 -100.775 -3.14842
vn 0.0698115 0.930243 -0.360241
v 26.1409 -99.515 0.162832
vn 0.178579 0.929635 -0.322318
v 26.528 -99.6678 0.205631
vn 0.668914 0.707793 -0.227122
v 25.7367 -99.4363 0.21854
vn 0.0599817 0.953071 -0.296745
v 26.368 -99.5401 0.257194
vn 0.366046 0.907064 -0.207953
v 26.6074 -99.686 0.470594
vn 0.744453 0.664999 0.0597196
v 26.4879 -101.758 1.71696
vn 0.400321 0.0803746 0.912843
v 26.4227 -101.102 1.58762
vn 0.142704 0.304541 0.941748
v 25.3483 -101.419 1.70969
vn 0.00467299 0.248383 0.968651
v 26.4827 -100.513 1.33674
vn 0.225391 0.407708 0.884858
v 26.5587 -99.8374 0.895722
vn 0.584843 0.561546 0.585341
v 26.6965 -100.984 1.38632
vn 0.80873 0.206495 0.550741
v 26.1248 -102.464 1.38619
vn 0.12852 -0.872227 0.471914
v 26.521 -102.251 1.46791
vn 0.645773 -0.589475 0.48528
v 13.0488 -101.681 -5.24125
vn -0.387441 0.868377 -0.309532
v 13.3386 -101.507 -4.95332
vn -0.152929 0.925494 -0.346517
v 12.8555 -102.108 -6.05294
vn -0.6748 0.698849 -0.237181
v 12.805 -101.844 -5.01907
vn -0.898601 0.419503 -0.128583
v 13.5984 -101.65 -5.44113
vn -0.0734222 0.93553 -0.345533
v 13.2162 -102.861 -8.78788
vn -0.175685 0.935023 -0.308005
v 12.9773 -103.31 -9.91965
vn -0.376883 0.884897 -0.27371
v 12.8281 -103.702 -10.948
vn -0.669794 0.71232 -0.209703
v 13.2116 -103.79 -11.7999
vn -0.174209 0.947768 -0.267183
v 13.5741 -103.591 -11.2087
vn -0.058978 0.958277 -0.27969
v 12.9391 -104.922 -15.6555
vn -0.411122 0.879114 -0.241116
v 12.8269 -105.032 -15.797
vn -0.659267 0.726428 -0.194086
v 12.733 -105.466 -16.9903
vn -0.812144 0.507159 -0.288465
v 13.1833 -105.19 -16.8494
vn -0.119929 0.931988 -0.342075
v 12.8443 -105.319 -16.9245
vn -0.350201 0.864474 -0.360617
v 13.3433 -105.497 -17.1764
vn -0.0311422 0.289929 -0.956541
v 12.6988 -105.868 -17.1803
vn -0.550964 0.116679 -0.826332
v 12.6443 -106.87 -17.0315
vn -0.863864 -0.20725 -0.459115
v 12.8647 -107.23 -17.0575
vn -0.288124 -0.585203 -0.757973
v 13.2554 -107.448 -14.1187
vn -0.129901 -0.989998 0.0550365
v 13.0794 -107.459 -16.667
vn -0.202819 -0.975663 -0.0833423
v 12.9807 -107.42 -15.3256
vn -0.323226 -0.94592 0.0275808
v 12.775 -107.335 -16.7479
vn -0.67365 -0.738175 -0.035956
v 12.788 -107.204 -13.5015
vn -0.776291 -0.626022 0.073954
v 13.0234 -107.309 -13.3303
vn -0.269364 -0.943385 0.193569
v 13.2842 -106.679 -10.6812
vn -0.124205 -0.955759 0.266642
v 12.9807 -106.692 -11.0466
vn -0.376154 -0.8928 0.247824
v 13.5522 -105.374 -6.46301
vn -0.0749201 -0.945083 0.318127
v 13.5956 -104.627 -4.32246
vn -0.0717313 -0.938857 0.336752
v 13.2717 -104.412 -3.80457
vn -0.179955 -0.923787 0.337985
v 13.0396 -105.84 -8.08699
vn -0.278008 -0.913605 0.296711
v 13.5426 -106.134 -8.80164
vn -0.0702805 -0.952255 0.297105
v 12.8284 -106.17 -9.51968
vn -0.661024 -0.718876 0.215089
v 12.8705 -104.487 -4.47061
vn -0.681396 -0.684586 0.258923
v 13.0177 -104.768 -5.01414
vn -0.384202 -0.86603 0.319971
v 13.2702 -102.402 1.38414
vn -0.393754 -0.826074 0.403188
v 13.9524 -102.557 1.30453
vn -0.0423911 -0.929393 0.36665
v 13.5416 -102.494 1.33695
vn -0.131766 -0.903231 0.408425
v 13.1277 -102.251 1.46878
vn -0.672493 -0.570186 0.471849
v 13.0759 -101.758 1.67559
vn -0.437439 0.0284189 0.898799
v 13.1546 -100.613 1.38986
vn -0.319352 0.350533 0.880421
v 12.9659 -100.771 1.31665
vn -0.854216 0.215703 0.473062
v 13.2051 -99.8836 0.995029
vn -0.296171 0.552492 0.779125
v 13.5864 -99.4966 0.128695
vn -0.104981 0.942066 -0.318575
v 13.282 -99.5013 0.352832
vn -0.279735 0.95795 -0.0638673
v 13.1244 -99.6293 0.29032
vn -0.676967 0.721564 -0.145127
v 25.5068 -102.319 1.67236
vn 0.0185073 -0.600506 0.799406
v 14.108 -102.418 1.563
vn -0.0279506 -0.804692 0.593034
v 13.5891 -102.258 1.70709
vn -0.161579 -0.494508 0.854022
v 13.8863 -102.102 1.77834
vn -0.0255116 -0.122663 0.99212
v 25.9498 -102.027 1.78911
vn 0.0549267 -0.211015 0.975938
v 26.2368 -102.185 1.65547
vn 0.235154 -0.533132 0.812695
v 25.9912 -99.5761 0.800285
vn 0.0804726 0.742458 0.665041
v 26.0908 -99.4766 0.649092
vn 0.140646 0.925218 0.352406
v 25.5662 -99.411 0.424887
vn 0.032896 0.994569 0.0987475
v 14.0109 -99.4208 0.515275
vn -0.0364479 0.993978 0.103341
v 14.1389 -99.4769 0.668302
vn -0.0168226 0.877782 0.478764
v 13.1823 -99.6104 0.706057
vn -0.421846 0.780925 0.460653
v 14.5897 -105.235 -17.0102
vn -8.17447e-06 0.789855 -0.613294
v 13.3061 -105.329 -17.0998
vn -0.0787052 0.643319 -0.761542
v 26.0805 -105.218 -16.9892
vn 0.0363633 0.821428 -0.569151
v 26.3232 -105.388 -17.1323
vn 0.0493899 0.425069 -0.903812
v 25.846 -107.489 -16.8048
vn 0.0182827 -0.983974 -0.177372
v 14.2357 -107.499 -16.732
vn -0.0125098 -0.984003 -0.177711
v 26.0317 -107.426 -16.9504
vn 0.0342031 -0.775105 -0.630906
v 13.3908 -107.395 -16.9921
vn -0.0460435 -0.860983 -0.506546
v 13.3438 -107.28 -17.0821
vn -0.0581959 -0.499836 -0.864163
v 8.94365 -102.721 -5.67454
vn -0.834714 0.508482 -0.211422
v 8.53479 -103.349 -5.43928
vn -0.871714 0.447558 -0.199515
v 8.90401 -102.087 -3.83494
vn -0.829116 0.528413 -0.182608
v 8.33941 -102.907 -3.45248
vn -0.881792 0.444639 -0.157289
v 8.85431 -101.651 -2.20038
vn -0.834883 0.528918 -0.15237
v 9.29342 -101.586 -4.03893
vn -0.790658 0.579071 -0.198835
v 9.33672 -100.954 -2.21985
vn -0.788402 0.590817 -0.17134
v 9.3207 -102.223 -5.87914
vn -0.79829 0.559997 -0.221667
v 9.24761 -100.6 -0.427252
vn -0.8084 0.572579 -0.136536
v 9.59775 -100.175 -0.586271
vn -0.761792 0.627727 -0.1601
v 8.46495 -102.177 -1.76161
vn -0.866528 0.481458 -0.131636
v 8.83316 -101.178 -0.22395
vn -0.843421 0.524366 -0.116964
v 8.95584 -100.725 1.09609
vn -0.842551 0.531553 -0.0869391
v 9.63077 -99.7141 1.1845
vn -0.788376 0.605083 -0.111074
v 8.43965 -101.661 0.671646
vn -0.880831 0.467203 -0.0765408
v 8.12039 -102.81 -1.57199
vn -0.904228 0.413404 -0.107094
v 7.87406 -103.377 -1.43546
vn -0.941678 0.32777 -0.0762152
v 8.05705 -102.592 0.169277
vn -0.926874 0.371051 -0.0567928
v 8.20417 -102.024 1.91873
vn -0.918192 0.396025 0.0093537
v 7.99761 -103.628 -3.32441
vn -0.919221 0.369597 -0.135756
v 7.84383 -104.011 -3.23491
vn -0.943495 0.308604 -0.120752
v 8.12383 -103.91 -4.75273
vn -0.909615 0.378019 -0.172344
v 8.18342 -104.215 -5.67096
vn -0.913356 0.358818 -0.192435
v 7.9621 -104.782 -5.6494
vn -0.941084 0.287935 -0.177355
v 8.44725 -104.153 -6.69407
vn -0.892587 0.393032 -0.220938
v 8.87728 -103.636 -7.37976
vn -0.864427 0.444238 -0.235411
v 8.74258 -104.331 -8.11155
vn -0.886898 0.392312 -0.243931
v 8.44603 -104.928 -7.90904
vn -0.911997 0.33462 -0.237257
v 8.80099 -104.985 -9.28354
vn -0.900539 0.351007 -0.25656
v 9.19625 -104.474 -9.91493
vn -0.883637 0.38976 -0.259369
v 8.75075 -105.491 -9.73566
vn -0.916647 0.301241 -0.262699
v 8.47815 -106.073 -9.35641
vn -0.943378 0.221046 -0.24734
v 8.16488 -105.328 -7.32626
vn -0.937553 0.267622 -0.222201
v 9.3506 -105.924 -12.2468
vn -0.923797 0.2701 -0.271376
v 8.78079 -106.441 -10.7733
vn -0.941399 0.208309 -0.265284
v 9.48508 -105.061 -11.7155
vn -0.902844 0.339976 -0.263228
v 9.41624 -106.798 -13.2651
vn -0.930156 0.199724 -0.308091
v 9.87595 -104.646 -12.5011
vn -0.892032 0.373713 -0.254201
v 9.33959 -103.787 -9.28231
vn -0.859658 0.444468 -0.251866
v 9.85309 -104.182 -11.7014
vn -0.866457 0.42875 -0.255784
v 10.0108 -103.473 -10.9335
vn -0.770069 0.577077 -0.271983
v 9.6915 -102.801 -8.47246
vn -0.792539 0.556601 -0.249151
v 9.25355 -103.074 -7.60495
vn -0.832721 0.500063 -0.237723
v 8.96582 -100.593 2.00648
vn -0.844979 0.532829 -0.045867
v 9.55856 -99.6632 2.38236
vn -0.816162 0.574602 -0.0609229
v 10.2326 -98.5634 4.0699
vn -0.782948 0.619346 -0.0583374
v 10.0513 -98.7912 4.96584
vn -0.837505 0.546429 0.000486103
v 9.78549 -99.2198 3.77061
vn -0.827379 0.560919 -0.0285179
v 9.62956 -99.4599 4.93941
vn -0.859835 0.509831 0.0274845
v 9.42304 -99.7746 3.96447
vn -0.851861 0.523668 -0.01022
v 10.1302 -98.8122 7.53965
vn -0.880858 0.465223 0.0875001
v 9.0875 -100.368 4.28744
vn -0.880392 0.473122 0.0326274
v 8.7017 -101.118 3.94513
vn -0.910669 0.409081 0.0577515
v 8.82734 -101.088 5.14391
vn -0.930785 0.344179 0.123212
v 9.52503 -100.032 7.30066
vn -0.912659 0.38697 0.131558
v 8.63866 -101.159 1.98992
vn -0.879072 0.476653 -0.00589373
v 12.7662 -104.153 -0.883705
vn 0.999257 -0.0115468 -0.0367734
v 12.7278 -102.176 -2.27606
vn 0.999217 -0.00134892 -0.0395399
v 12.8704 -99.9779 1.41766
vn 0.998073 0.0341807 -0.0517929
v 12.6727 -101.682 -3.55451
vn 0.998342 0.0342975 -0.0462214
v 12.5748 -101.562 -4.96951
vn 0.982476 0.164111 -0.088366
v 12.8569 -99.3918 1.77445
vn 0.991175 0.10926 -0.0750661
v 12.6238 -103.189 -5.49766
vn 0.999629 0.00327585 -0.0270221
v 12.5626 -102.751 -7.21687
vn 0.998208 0.0504214 -0.0322365
v 12.6396 -105.737 -4.20057
vn 0.999521 -0.0172879 -0.0256643
v 12.553 -104.333 -10.3361
vn 0.999657 0.0231796 -0.0121622
v 12.5161 -103.234 -9.48911
vn 0.993724 0.105188 -0.0380447
v 12.5088 -104.595 -14.0121
vn 0.980892 0.175562 -0.0838409
v 12.5686 -105.322 -9.13615
vn 0.999974 0.000718724 -0.00712574
v 12.5523 -106.08 -13.307
vn 0.999818 -0.000612215 -0.0190572
v 12.5653 -106.68 -8.28076
vn 0.999879 -0.0143064 -0.00613192
v 13.1169 -101.092 7.21781
vn 0.999517 -0.0295728 0.00952481
v 12.9629 -99.9464 3.43883
vn 0.99913 0.00499503 -0.0414121
v 13.086 -98.664 6.72915
vn 0.999318 0.0144855 -0.0339793
v 13.1086 -97.8631 7.78958
vn 0.998595 0.0393117 0.0355234
v 13.0499 -97.5286 7.18616
vn 0.970349 0.224303 -0.0900584
v 12.3625 -101.913 -6.81964
vn 0.488311 0.822722 -0.291001
v 12.5049 -101.392 -5.07788
vn 0.844218 0.499927 -0.19331
v 12.7923 -98.7576 2.54971
vn 0.764621 0.604894 -0.222392
v 12.788 -99.4037 1.01229
vn 0.956247 0.2652 -0.123536
v 12.5093 -99.4406 0.180736
vn 0.123914 0.940891 -0.315228
v 10.1312 -100.248 -2.16398
vn -0.138632 0.937221 -0.319998
v 12.1978 -101.87 -6.81563
vn 0.0324834 0.944712 -0.326289
v 12.535 -107.056 -3.59788
vn 0.928794 -0.358527 0.093813
v 12.64 -105.898 -0.645721
vn 0.912161 -0.386132 0.137347
v 12.192 -106.99 -2.55928
vn 0.156769 -0.923571 0.349915
v 12.4624 -106.472 -1.50807
vn 0.561227 -0.768897 0.306303
v 12.1858 -107.31 -3.4664
vn 0.160902 -0.936654 0.311111
v 12.3394 -107.47 -4.15351
vn 0.488097 -0.84033 0.23581
v 12.393 -107.708 -5.28734
vn 0.738778 -0.660735 0.1328
v 12.0204 -107.82 -5.26214
vn 0.0929512 -0.973551 0.208708
v 11.9224 -107.597 -4.36502
vn 0.0328703 -0.962118 0.270645
v 12.1699 -106.595 -1.59392
vn 0.0783533 -0.916245 0.392881
v 12.3073 -106.224 -0.765077
vn 0.139172 -0.897423 0.418644
v 12.0155 -105.73 0.268914
vn 0.0158688 -0.897504 0.440722
v 12.5772 -104.974 1.59236
vn 0.448503 -0.799049 0.400458
v 12.3173 -104.872 1.94746
vn 0.0897975 -0.87373 0.478051
v 12.7525 -104.497 2.21301
vn 0.876976 -0.441168 0.190482
v 12.868 -103.803 2.97551
vn 0.984203 -0.171854 0.0425532
v 12.4689 -107.895 -9.90476
vn 0.942354 -0.334607 0.00275191
v 12.3742 -108.07 -9.37927
vn 0.622919 -0.782212 -0.0108338
v 12.4217 -107.943 -7.26114
vn 0.765458 -0.641648 0.0485882
v 12.4024 -107.868 -12.829
vn 0.223907 -0.970158 -0.0930598
v 12.0871 -108.09 -10.3707
vn 0.0410477 -0.996601 -0.0714235
v 12.0892 -108.155 -8.55589
vn 0.0558087 -0.998297 0.0169814
v 8.75591 -108.145 -9.19258
vn -0.140844 -0.988958 -0.0460953
v 9.09799 -108.091 -10.3506
vn -0.0584622 -0.994247 -0.0897551
v 8.45336 -108.135 -7.85496
vn -0.249335 -0.968413 0.00267145
v 12.1741 -108.088 -7.22997
vn 0.155528 -0.984608 0.079733
v 8.40626 -108.081 -7.01423
vn -0.139446 -0.987629 0.0717152
v 12.1243 -107.978 -6.15105
vn 0.162376 -0.97613 0.144241
v 12.5061 -107.593 -6.80618
vn 0.993064 -0.117524 0.00346678
v 12.5077 -105.129 -14.4077
vn 0.977208 -0.0292333 -0.210261
v 12.4399 -105.598 -14.4115
vn 0.508976 -0.26937 -0.817547
v 12.297 -106.543 -14.0716
vn 0.106732 -0.392954 -0.913343
v 12.3549 -104.896 -14.5447
vn 0.174382 -0.0535784 -0.983219
v 10.1398 -105.937 -14.3118
vn -0.327937 -0.252735 -0.910265
v 10.2859 -105.353 -14.4861
vn -0.473544 -0.0682529 -0.878122
v 10.444 -104.948 -14.5366
vn -0.500305 0.196257 -0.843314
v 12.3563 -107.541 -13.5303
vn 0.202982 -0.678593 -0.705911
v 9.7233 -107.188 -13.7545
vn -0.103483 -0.438826 -0.892593
v 12.5107 -106.784 -13.8254
vn 0.929608 -0.172177 -0.325858
v 12.4665 -102.738 -8.84738
vn 0.953132 0.285783 -0.099334
v 12.4288 -104.467 -14.3056
vn 0.540754 0.735204 -0.40873
v 12.1977 -103.195 -10.7438
vn 0.0694649 0.946067 -0.316435
v 12.2975 -104.122 -13.5526
vn 0.222976 0.920195 -0.321751
v 12.8979 -97.3616 7.05321
vn 0.353137 0.912404 -0.206913
v 12.7003 -98.1872 4.15681
vn 0.0842858 0.953822 -0.288304
v 13.0889 -99.2951 8.02146
vn 0.943652 -0.0395226 0.32857
v 12.9197 -98.9046 8.19775
vn 0.143022 -0.0360658 0.989062
v 12.9773 -98.2284 8.17649
vn 0.348247 0.0812564 0.933874
v 12.8862 -99.8241 8.09906
vn 0.0748869 -0.165388 0.983381
v 10.5515 -98.6355 8.20558
vn -0.112155 0.0719517 0.991082
v 10.2489 -99.3012 8.17243
vn -0.120691 -0.0520982 0.991322
v 12.9123 -97.8079 8.10261
vn 0.114076 0.217507 0.96937
v 12.9651 -97.4979 7.95683
vn 0.542699 0.55454 0.630843
v 13.0015 -101.965 6.59223
vn 0.64777 -0.654528 0.389855
v 12.7025 -103.557 4.15626
vn 0.265242 -0.834845 0.48237
v 8.50338 -104.826 2.03205
vn -0.033576 -0.879625 0.474481
v 12.2757 -103.183 4.81253
vn 0.00184035 -0.849887 0.526962
v 12.7465 -102.006 6.67087
vn 0.0853025 -0.824527 0.559355
v 13.0834 -101.475 7.13845
vn 0.966881 -0.221041 0.127599
v 12.8705 -103.825 2.13681
vn 0.998567 -0.0490286 -0.0214501
v 12.574 -106.888 -6.17349
vn 0.998316 -0.0578039 -0.00493392
v 7.753 -103.757 -1.36886
vn -0.965512 0.254949 -0.0528079
v 7.63293 -104.316 -1.30181
vn -0.987013 0.1595 -0.0190918
v 7.85833 -103.147 0.267927
vn -0.960986 0.275574 -0.023778
v 7.73747 -103.683 0.326044
vn -0.984038 0.17754 0.0121958
v 7.61058 -104.642 -0.0721546
vn -0.997622 0.0252357 0.0641355
v 7.54248 -105.181 -1.69192
vn -0.998991 0.0432421 0.0121589
v 7.84916 -103.35 1.94846
vn -0.98712 0.125899 0.0987115
v 7.98274 -102.674 1.91609
vn -0.963953 0.262176 0.045368
v 7.8214 -104.131 1.94848
vn -0.976104 -0.11038 0.187184
v 7.57771 -105.138 -0.809069
vn -0.997614 -0.0255608 0.0641281
v 7.55749 -105.772 -1.67696
vn -0.994485 -0.0846083 0.0619745
v 7.63453 -105.985 -1.18856
vn -0.940483 -0.297062 0.165063
v 7.70807 -105.113 0.36782
vn -0.966723 -0.191648 0.169463
v 7.58366 -106.523 -3.01633
vn -0.983002 -0.177833 0.0456385
v 7.534 -105.994 -3.02558
vn -0.999604 -0.0276608 -0.00525796
v 7.55855 -105.332 -3.05985
vn -0.994535 0.0943112 -0.0447831
v 7.61747 -106.573 -4.83954
vn -0.996928 -0.0357102 -0.069714
v 7.64931 -105.811 -5.00799
vn -0.986673 0.11187 -0.118155
v 7.68299 -107.269 -4.49809
vn -0.944955 -0.325388 0.0343809
v 7.75209 -107.305 -5.72069
vn -0.980361 -0.184248 -0.0703206
v 7.72459 -105.052 -4.50903
vn -0.970877 0.205319 -0.123458
v 7.63572 -104.782 -3.11161
vn -0.980045 0.183392 -0.0766806
v 7.72413 -104.398 -3.16477
vn -0.964568 0.245474 -0.0966996
v 12.5353 -107.707 -12.9658
vn 0.98068 -0.192726 -0.0335203
v 9.49739 -107.653 -13.4186
vn -0.316253 -0.605334 -0.730448
v 12.4414 -107.776 -13.2227
vn 0.489639 -0.752216 -0.440937
v 7.9827 -105.81 -7.06141
vn -0.963372 0.187599 -0.191628
v 8.33587 -106.657 -9.21473
vn -0.96628 0.118481 -0.228616
v 7.88488 -106.499 -7.041
vn -0.982508 0.0779726 -0.169108
v 8.32887 -107.442 -9.39467
vn -0.976534 -0.0607899 -0.206605
v 7.85249 -107.083 -6.92134
vn -0.988847 -0.0376786 -0.144089
v 7.93119 -107.541 -7.03569
vn -0.970367 -0.196102 -0.141182
v 8.25584 -107.933 -8.46174
vn -0.879271 -0.451765 -0.150968
v 8.66838 -107.875 -10.3967
vn -0.863751 -0.453291 -0.22014
v 8.52148 -107.309 -10.1812
vn -0.972945 -0.0036097 -0.231009
v 9.23517 -107.647 -13.0216
vn -0.954967 -0.0879362 -0.283381
v 8.5769 -106.877 -10.3021
vn -0.961198 0.115836 -0.250361
v 9.33801 -107.35 -13.3463
vn -0.897801 0.0607913 -0.436185
v 8.45816 -101.852 4.36133
vn -0.95818 0.247641 0.143407
v 8.32868 -102.648 4.33509
vn -0.971932 0.0303625 0.233296
v 8.23215 -102.566 3.71743
vn -0.976464 0.139784 0.16425
v 9.08352 -101.322 6.80141
vn -0.960306 0.0825995 0.266438
v 9.1772 -100.902 6.88644
vn -0.95202 0.227743 0.20443
v 8.3405 -103.05 4.29276
vn -0.934471 -0.157052 0.319527
v 9.24978 -101.263 7.33451
vn -0.888659 -0.122291 0.441962
v 8.44114 -103.205 4.41926
vn -0.823796 -0.378704 0.421834
v 7.95713 -104.497 2.146
vn -0.878342 -0.341635 0.334366
v 12.8899 -100.473 7.91673
vn 0.120773 -0.341502 0.932089
v 13.0509 -100.725 7.74296
vn 0.70091 -0.306757 0.643914
v 12.7522 -101.005 7.64926
vn 0.0791936 -0.530534 0.843956
v 12.8883 -101.444 7.33417
vn 0.0836131 -0.709771 0.699453
v 9.72933 -100.888 7.73452
vn -0.0489846 -0.466903 0.882951
v 8.20019 -106.724 -1.89234
vn -0.0478944 -0.925813 0.374934
v 8.33482 -107.317 -3.46194
vn -0.0328409 -0.947929 0.316785
v 8.39491 -107.593 -4.36396
vn -0.0335855 -0.963255 0.26648
v 8.25972 -106.246 -0.806771
vn -0.050725 -0.907041 0.417975
v 8.20701 -105.742 0.247607
vn -0.114808 -0.887442 0.446392
v 12.1571 -104.064 3.35233
vn 0.00363361 -0.862936 0.5053
v 8.80084 -103.493 4.31511
vn -0.123637 -0.831022 0.542325
v 9.54818 -102.306 6.20198
vn -0.0154545 -0.84225 0.538865
v 9.4622 -101.34 7.41413
vn -0.206542 -0.588113 0.781961
v 9.75543 -100.461 7.91408
vn -0.255381 -0.229902 0.939109
v 9.95467 -99.9749 8.06089
vn -0.133542 -0.159707 0.97809
v 10.8393 -98.0238 8.1545
vn -0.13362 0.227247 0.964627
v 11.1221 -97.4792 7.94372
vn -0.126842 0.60788 0.783832
v 11.2125 -97.4111 6.81671
vn -0.0366808 0.968782 -0.245185
v 10.8108 -98.3696 3.56753
vn -0.00664123 0.957404 -0.288677
v 10.4645 -99.3757 0.386066
vn -0.011095 0.947802 -0.318665
v 10.4144 -98.8553 1.99883
vn -0.292637 0.922734 -0.25085
v 10.1269 -102.04 -7.30597
vn -0.107147 0.939702 -0.324775
v 10.582 -104.226 -13.8424
vn -0.199025 0.920794 -0.335452
v 9.35591 -107.822 -13.0529
vn -0.517852 -0.809654 -0.276205
v 7.87538 -107.035 -2.84417
vn -0.422317 -0.850165 0.314433
v 7.81653 -106.369 -1.33181
vn -0.609278 -0.717797 0.336969
v 7.93436 -107.431 -3.97223
vn -0.436012 -0.868185 0.236954
v 8.0032 -107.764 -5.26606
vn -0.458509 -0.875929 0.15006
v 8.45065 -107.818 -5.26172
vn -0.0286509 -0.977736 0.207872
v 7.83039 -107.64 -5.64779
vn -0.887131 -0.461442 -0.00834573
v 7.68255 -106.916 -3.05657
vn -0.871176 -0.465916 0.154835
v 7.81164 -105.431 0.362836
vn -0.825622 -0.480066 0.296454
v 7.93367 -105.575 0.360593
vn -0.521174 -0.750242 0.406834
v 8.13481 -104.795 1.96031
vn -0.3737 -0.79337 0.480533
v 8.45174 -103.604 3.94428
vn -0.449006 -0.718629 0.531004
v 9.11348 -102.035 6.49114
vn -0.58553 -0.590446 0.555454
v 9.69608 -100.063 7.92276
vn -0.778635 0.138128 0.612086
v 10.2754 -98.7468 8.04995
vn -0.816766 0.400353 0.415464
v 10.9058 -97.5321 7.82583
vn -0.755866 0.623349 0.200255
v 10.4527 -98.406 3.67712
vn -0.524568 0.833768 -0.17222
v 10.7087 -97.9007 5.56873
vn -0.682175 0.724439 -0.0991246
v 10.1926 -99.3165 0.706808
vn -0.329435 0.905 -0.26916
v 9.83431 -100.566 -2.79758
vn -0.472623 0.836063 -0.278616
v 9.94872 -99.4838 0.571129
vn -0.636163 0.747093 -0.192741
v 9.55378 -101 -3.2414
vn -0.741437 0.639247 -0.204045
v 9.70281 -101.913 -6.3769
vn -0.70436 0.664361 -0.250004
v 9.93541 -102.08 -7.24627
vn -0.409379 0.856454 -0.314475
v 10.4139 -104.563 -14.2709
vn -0.848605 0.43283 -0.304185
v 10.0489 -105.485 -14.1163
vn -0.898765 0.235713 -0.369676
v 8.54869 -108.06 -9.38714
vn -0.579437 -0.801838 -0.145971
v 7.99985 -107.879 -6.60137
vn -0.742202 -0.669611 -0.0275328
v 8.25453 -107.973 -6.19264
vn -0.146541 -0.980966 0.127405
v 10.5677 -104.405 -14.2009
vn -0.456044 0.787714 -0.414162
v 10.5261 -104.61 -14.4356
vn -0.533466 0.558207 -0.635468
v 12.3866 -104.641 -14.4608
vn 0.531314 0.5285 -0.662113
v 9.72151 -107.927 -12.2948
vn -0.00576531 -0.994103 -0.108286
v 9.41317 -101.708 7.05694
vn -0.148096 -0.770749 0.619689
v 13.0229 -97.3951 7.674
vn 0.858146 0.489872 0.153657
v 12.8608 -97.3038 7.62365
vn 0.106905 0.992123 0.0652895
v 11.1178 -97.3187 7.33443
vn -0.492045 0.865781 -0.0911833
v 11.2273 -97.3213 7.68446
vn -0.0844479 0.984209 0.155566
v 10.6535 -97.8809 7.30156
vn -0.841841 0.538625 0.0344438
v 9.43313 -100.47 7.49374
vn -0.929167 0.249925 0.272372
v 31.6569 -102.81 -1.57198
vn 0.904235 0.413386 -0.107106
v 31.9033 -103.377 -1.43546
vn 0.94169 0.327738 -0.0762131
v 31.5521 -102.222 0.084066
vn 0.903577 0.421563 -0.0763795
v 31.8584 -102.963 0.238149
vn 0.950261 0.309527 -0.0346078
v 31.3124 -102.177 -1.7616
vn 0.866546 0.48143 -0.131618
v 30.923 -101.651 -2.20038
vn 0.834874 0.528926 -0.152387
v 31.1563 -101.509 -0.117118
vn 0.86194 0.495907 -0.105527
v 31.0332 -101.06 1.17846
vn 0.861281 0.502668 -0.0742922
v 31.4286 -101.709 1.75408
vn 0.89962 0.436024 -0.0238268
v 31.6753 -102.291 1.99317
vn 0.939812 0.339546 0.0382285
v 30.6719 -100.623 0.401141
vn 0.826286 0.551845 -0.112775
v 30.5969 -100.74 -0.59672
vn 0.812664 0.566337 -0.137259
v 30.4407 -100.954 -2.21985
vn 0.788411 0.590808 -0.171332
v 30.1796 -100.175 -0.586271
vn 0.761773 0.62775 -0.1601
v 30.2233 -99.8954 0.871477
vn 0.791619 0.599493 -0.118096
v 30.3651 -101.452 -4.09544
vn 0.768037 0.606118 -0.206738
v 30.8733 -102.087 -3.83494
vn 0.829117 0.528415 -0.182599
v 31.4379 -102.908 -3.45329
vn 0.881806 0.444612 -0.157284
v 30.8337 -102.721 -5.67454
vn 0.834726 0.508464 -0.211418
v 31.2425 -103.349 -5.43928
vn 0.871735 0.447513 -0.199525
v 30.3415 -102.09 -5.93577
vn 0.778191 0.585274 -0.227757
v 31.6535 -103.91 -4.75273
vn 0.909611 0.378027 -0.172348
v 31.5939 -104.215 -5.67096
vn 0.913337 0.358863 -0.19244
v 31.7797 -103.628 -3.3244
vn 0.919218 0.369609 -0.135751
v 31.9335 -104.011 -3.23491
vn 0.943489 0.308619 -0.120761
v 31.8922 -104.478 -4.60893
vn 0.942824 0.295527 -0.1541
v 31.805 -104.974 -5.99729
vn 0.945272 0.269037 -0.184606
v 30.2048 -103.922 -10.3053
vn 0.867431 0.428605 -0.252708
v 30.0547 -103.564 -10.1592
vn 0.834706 0.48813 -0.254941
v 30.5269 -104.437 -10.041
vn 0.882016 0.39362 -0.259058
v 30.2238 -104.794 -11.5952
vn 0.89522 0.362109 -0.259726
v 30.205 -105.456 -12.4888
vn 0.914127 0.307238 -0.264529
v 31.0266 -105.491 -9.73567
vn 0.916667 0.301188 -0.262693
v 30.3211 -106.389 -13.042
vn 0.929016 0.246727 -0.275779
v 30.9763 -104.985 -9.28354
vn 0.900537 0.351017 -0.256557
v 31.2992 -106.073 -9.35641
vn 0.943367 0.221086 -0.247346
v 30.9333 -106.113 -10.7103
vn 0.930854 0.246514 -0.269706
v 30.4586 -107.217 -13.2304
vn 0.937392 0.157575 -0.310591
v 31.3313 -104.928 -7.90904
vn 0.912016 0.334585 -0.237233
v 31.683 -105.727 -7.50798
vn 0.950179 0.225761 -0.214922
v 31.0347 -104.331 -8.11154
vn 0.886911 0.392295 -0.243914
v 30.9001 -103.636 -7.37975
vn 0.864436 0.444228 -0.235397
v 31.33 -104.153 -6.69407
vn 0.892584 0.393043 -0.220933
v 30.5238 -103.074 -7.60494
vn 0.832729 0.500048 -0.237727
v 29.9227 -102.883 -9.18882
vn 0.697791 0.659396 -0.279795
v 30.1366 -102.579 -7.81403
vn 0.78368 0.571038 -0.244463
v 31.1479 -101.284 4.26721
vn 0.919084 0.383759 0.0895205
v 31.2126 -101.481 4.13103
vn 0.936494 0.338062 0.0932356
v 30.6898 -100.368 4.28744
vn 0.880401 0.473104 0.0326531
v 30.2522 -100.031 7.30064
vn 0.912658 0.386972 0.131558
v 30.2136 -99.7157 6.20698
vn 0.888235 0.453197 0.075173
v 30.0859 -99.3521 4.66027
vn 0.852098 0.523165 0.0150895
v 30.5174 -100.045 3.65587
vn 0.858383 0.513001 -0.00293369
v 29.5187 -98.5398 7.10111
vn 0.869652 0.490734 0.0537154
v 29.5788 -98.5691 5.06299
vn 0.812016 0.583084 -0.0253585
v 29.8982 -99.1243 3.26257
vn 0.812859 0.580582 -0.0467436
v 30.3522 -99.8248 2.80844
vn 0.834392 0.549904 -0.0373564
v 30.9174 -100.77 2.0292
vn 0.859962 0.509227 -0.0339597
v 29.9448 -99.3699 1.8278
vn 0.786814 0.610568 -0.0901666
v 30.9225 -100.754 3.1653
vn 0.879255 0.476317 0.00578178
v 27.1412 -103.202 -4.98014
vn -0.99958 0.00257093 -0.0288769
v 27.185 -102.845 -6.46379
vn -0.998993 0.0317435 -0.0317045
v 27.0477 -101.69 -2.19591
vn -0.99925 0.00376928 -0.0385493
v 27.0164 -100.445 -0.891843
vn -0.995914 0.0664267 -0.0611818
v 27.2082 -102.035 -5.956
vn -0.991661 0.112578 -0.0627213
v 26.904 -99.9548 1.48754
vn -0.998464 0.0266547 -0.0485701
v 26.8812 -100.769 1.77292
vn -0.999164 -0.000792026 -0.0408767
v 27.0071 -104.116 -0.792478
vn -0.999253 -0.0129284 -0.0364151
v 27.1441 -105.827 -4.42519
vn -0.999556 -0.0158994 -0.0252042
v 27.1976 -105.037 -7.83723
vn -0.999929 -0.000508048 -0.0119364
v 27.2245 -103.779 -9.26014
vn -0.999716 0.0204194 -0.0122863
v 27.2159 -105.974 -11.2851
vn -0.999994 0.0015785 -0.00308671
v 27.2336 -105.356 -14.102
vn -0.999162 0.0214416 -0.0348534
v 27.2611 -103.234 -9.48911
vn -0.994532 0.0977748 -0.0366961
v 26.6912 -98.2341 7.00302
vn -0.998891 0.0254334 -0.0396151
v 26.735 -97.583 6.958
vn -0.972754 0.212612 -0.0924462
v 26.6633 -101.195 7.13133
vn -0.993999 -0.0984056 0.047773
v 27.403 -101.908 -6.79143
vn -0.526392 0.801353 -0.284158
v 27.566 -101.751 -6.46928
vn -0.0344093 0.944432 -0.326901
v 27.2609 -99.3984 0.30493
vn -0.0890774 0.945397 -0.313511
v 29.5738 -101.949 -7.04551
vn 0.0195534 0.944586 -0.327682
v 26.985 -98.7581 2.54824
vn -0.763779 0.605516 -0.22359
v 27.2463 -101.501 -5.20859
vn -0.929239 0.338746 -0.147534
v 27.3054 -105.145 1.39341
vn -0.23107 -0.867884 0.439754
v 27.5078 -104.841 2.00942
vn -0.0271048 -0.881615 0.47119
v 27.7057 -105.684 0.358874
vn -0.028545 -0.896724 0.441668
v 27.6217 -106.502 -1.37372
vn -0.0548879 -0.912893 0.404491
v 27.369 -106.809 -2.2614
vn -0.528746 -0.797776 0.289794
v 27.7237 -106.986 -2.56334
vn -0.0382649 -0.933193 0.357332
v 31.4347 -106.994 -2.56519
vn 0.032193 -0.933364 0.357485
v 27.6121 -107.314 -3.45829
vn -0.159287 -0.936929 0.311114
v 27.5945 -107.569 -4.31686
vn -0.165541 -0.949684 0.265889
v 27.6068 -107.809 -5.26725
vn -0.155781 -0.965982 0.206425
v 31.6357 -107.594 -4.35956
vn 0.144959 -0.954178 0.261783
v 31.4571 -107.82 -5.26216
vn 0.0838967 -0.975543 0.203167
v 27.3027 -107.356 -4.227
vn -0.795999 -0.586262 0.150607
v 27.4114 -107.783 -5.70739
vn -0.68587 -0.716854 0.125311
v 27.1542 -106.132 -1.19918
vn -0.90579 -0.400786 0.137531
v 27.1867 -106.72 -3.69823
vn -0.991581 -0.129066 0.0104396
v 27.1132 -104.969 1.52523
vn -0.707259 -0.641137 0.297873
v 27.652 -107.978 -6.15373
vn -0.161221 -0.976408 0.14365
v 27.7426 -108.081 -7.00712
vn -0.0610714 -0.993771 0.0932223
v 27.4692 -108.033 -7.42935
vn -0.507086 -0.859684 0.0617082
v 27.6552 -108.138 -7.88548
vn -0.160881 -0.986541 0.0292174
v 27.6765 -108.145 -9.23943
vn -0.0438068 -0.998917 -0.0156665
v 31.0545 -108.154 -8.45016
vn 0.0454228 -0.998834 0.0163677
v 27.845 -108.076 -10.4875
vn -0.00521468 -0.997506 -0.0703821
v 27.4091 -108.067 -9.60509
vn -0.536032 -0.843927 -0.0213658
v 27.4019 -107.866 -12.8813
vn -0.0788703 -0.983893 -0.16042
v 27.3451 -107.921 -7.26946
vn -0.87008 -0.491649 0.0352455
v 27.2878 -107.873 -9.42646
vn -0.968785 -0.247832 0.00591546
v 27.4449 -106.499 -14.0954
vn -0.142131 -0.40649 -0.902532
v 27.4067 -107.558 -13.5125
vn -0.232668 -0.583778 -0.777862
v 27.3782 -105.519 -14.4429
vn -0.45071 -0.274161 -0.849527
v 29.5288 -105.601 -14.421
vn 0.303298 -0.141927 -0.942267
v 27.4606 -105.089 -14.5357
vn -0.0545212 -0.134971 -0.989348
v 27.3836 -104.713 -14.5052
vn -0.432907 0.335598 -0.83664
v 27.2773 -105.069 -14.419
vn -0.94731 -0.0291422 -0.31899
v 27.2969 -106.842 -13.7783
vn -0.909319 -0.186788 -0.371819
v 27.4801 -104.122 -13.5548
vn -0.219785 0.92102 -0.321586
v 27.3756 -104.376 -14.1532
vn -0.508873 0.784142 -0.355203
v 27.5903 -102.794 -9.54232
vn -0.040476 0.948015 -0.315642
v 29.4044 -102.7 -9.26849
vn 0.0152204 0.947779 -0.318564
v 29.1415 -104.192 -13.7636
vn 0.113934 0.934045 -0.338496
v 27.3108 -102.738 -8.84738
vn -0.918414 0.372714 -0.132663
v 27.2947 -104.535 -13.9925
vn -0.977848 0.196141 -0.0730877
v 27.099 -98.3705 3.5563
vn -0.128229 0.947114 -0.294165
v 29.1826 -98.9293 1.76022
vn 0.00283214 0.953458 -0.301513
v 26.9162 -97.3953 6.87666
vn -0.184196 0.947605 -0.260992
v 26.8812 -97.6491 8.04938
vn -0.119676 0.358931 0.92566
v 26.7081 -97.6446 7.89984
vn -0.973155 0.171227 0.153786
v 26.8035 -98.2044 8.17394
vn -0.230213 0.109292 0.966984
v 26.8463 -98.7075 8.20612
vn -0.108641 -0.0117053 0.994012
v 28.9524 -98.046 8.1575
vn 0.15722 0.235163 0.959156
v 27.1498 -99.3588 8.16446
vn -0.0438679 -0.11198 0.992742
v 26.8707 -100.087 8.04087
vn -0.114616 -0.23793 0.964496
v 26.6878 -100.231 7.85522
vn -0.929363 -0.112094 0.351738
v 26.6697 -98.8188 8.00611
vn -0.981372 0.0091248 0.191903
v 27.0875 -102.093 6.5367
vn -0.0152114 -0.833277 0.552646
v 26.8539 -101.787 6.95612
vn -0.120226 -0.8003 0.587422
v 27.2073 -103.431 4.41739
vn -0.136699 -0.852064 0.505273
v 26.7724 -102.242 6.0076
vn -0.938484 -0.317152 0.136612
v 26.9834 -103.511 4.10339
vn -0.600942 -0.701788 0.382573
v 27.0359 -105 -1.04968
vn -0.998985 -0.0364148 -0.0265207
v 26.9542 -104.357 1.75654
vn -0.994548 -0.104142 0.00525877
v 27.2142 -106.928 -7.68073
vn -0.99914 -0.0413485 -0.00313306
v 32.1956 -106.445 -4.38655
vn 0.998148 -0.0294996 -0.0532015
v 32.1062 -106.597 -5.60479
vn 0.994387 -0.00041268 -0.105807
v 32.1716 -105.788 -4.42579
vn 0.992304 0.088962 -0.0861326
v 32.2433 -105.994 -3.02558
vn 0.999605 -0.0276159 -0.00528307
v 32.2188 -105.332 -3.05985
vn 0.99454 0.094265 -0.044765
v 32.217 -104.79 -1.25796
vn 0.99732 0.0722001 0.0118084
v 32.2199 -105.772 -1.67696
vn 0.994491 -0.0845533 0.0619491
v 32.1937 -106.523 -3.01633
vn 0.982998 -0.177853 0.0456369
v 32.143 -105.985 -1.19006
vn 0.940482 -0.297065 0.165061
v 32.1117 -107.09 -4.82415
vn 0.982868 -0.181641 -0.0312599
v 32.1996 -105.138 -0.809069
vn 0.997618 -0.0254879 0.0640929
v 32.0693 -105.113 0.36782
vn 0.966714 -0.191682 0.169477
v 32.1164 -104.631 0.369537
vn 0.995328 -0.024548 0.0933747
v 31.9805 -103.762 1.83443
vn 0.992458 0.0210365 0.120769
v 31.9552 -104.555 1.53905
vn 0.955965 -0.202284 0.212633
v 32.1181 -104.008 -0.584167
vn 0.982862 0.184122 -0.00904965
v 31.8729 -103.01 1.94133
vn 0.97814 0.195496 0.0708805
v 32.0243 -103.757 -1.36886
vn 0.965508 0.254963 -0.0528079
v 32.0532 -104.398 -3.16476
vn 0.96457 0.245464 -0.0967041
v 32.1416 -104.782 -3.1116
vn 0.980041 0.183408 -0.0766915
v 32.0552 -105.707 -5.37302
vn 0.979047 0.150541 -0.137131
v 32.0527 -105.052 -4.50903
vn 0.970867 0.205344 -0.123494
v 27.2258 -107.616 -12.9944
vn -0.996884 -0.0731528 -0.0294989
v 27.3012 -107.777 -13.2223
vn -0.608683 -0.758798 -0.231801
v 30.2778 -107.722 -13.3382
vn 0.0926065 -0.826984 -0.554547
v 29.9937 -107.161 -13.7683
vn 0.128034 -0.430965 -0.89324
v 30.5322 -107.7 -13.0297
vn 0.90495 -0.296824 -0.304894
v 31.2559 -107.309 -10.1812
vn 0.972942 -0.00365957 -0.231023
v 31.4488 -107.442 -9.39308
vn 0.976538 -0.0607579 -0.206599
v 31.4889 -107.957 -8.57882
vn 0.806715 -0.571713 -0.149518
v 31.109 -107.875 -10.3967
vn 0.864103 -0.454585 -0.21605
v 31.8665 -107.651 -6.81901
vn 0.962681 -0.249727 -0.104318
v 31.9232 -107.199 -6.90117
vn 0.98796 -0.0712517 -0.137327
v 31.8834 -106.344 -7.02878
vn 0.978955 0.105665 -0.174592
v 31.3134 -106.672 -9.79952
vn 0.960638 0.135371 -0.242587
v 31.8862 -104.018 2.22103
vn 0.968016 -0.102372 0.229051
v 31.8265 -104.412 2.14619
vn 0.886556 -0.324387 0.329836
v 31.4303 -103.03 4.32384
vn 0.934254 -0.157633 0.319878
v 31.3554 -103.245 4.35085
vn 0.843982 -0.341095 0.413942
v 31.4483 -102.647 4.33641
vn 0.971934 0.0304023 0.23328
v 30.5818 -101.265 7.20965
vn 0.937951 0.0137692 0.346495
v 31.3823 -102.139 4.38364
vn 0.968557 0.180884 0.170816
v 30.6001 -100.902 6.88644
vn 0.952017 0.227756 0.204426
v 31.4441 -102.102 3.78813
vn 0.962755 0.240895 0.12277
v 26.8384 -101.343 7.4241
vn -0.0283665 -0.600915 0.79881
v 30.2303 -100.929 7.69823
vn 0.40849 -0.340833 0.84674
v 26.8615 -100.651 7.84417
vn -0.154 -0.419619 0.894541
v 30.2771 -101.24 7.50071
vn 0.110755 -0.577557 0.808802
v 26.7442 -101.304 7.41741
vn -0.663354 -0.500239 0.556527
v 31.5735 -105.773 0.185828
vn 0.115459 -0.888244 0.444625
v 31.5667 -106.632 -1.67604
vn 0.064192 -0.91803 0.39128
v 31.5162 -106.246 -0.807241
vn 0.0507305 -0.907086 0.417876
v 31.3204 -104.908 1.87544
vn 0.0621141 -0.875727 0.478795
v 30.3166 -102.639 5.67838
vn 0.00657658 -0.843932 0.536411
v 31.0185 -103.584 4.16664
vn 0.0711109 -0.843221 0.532843
v 29.9049 -100.237 8.00073
vn 0.171862 -0.204276 0.963709
v 28.6889 -97.5106 7.96377
vn 0.231429 0.626544 0.744233
v 29.3115 -98.7659 8.19954
vn 0.306003 0.14514 0.940902
v 29.6087 -99.4066 8.15914
vn 0.24135 -0.0316745 0.969921
v 29.5269 -99.4399 0.191542
vn 0.218771 0.932049 -0.288833
v 29.1372 -98.4046 3.44341
vn 0.119669 0.95417 -0.274296
v 28.616 -97.4163 6.80224
vn 0.114693 0.963494 -0.24192
v 29.5087 -106.193 -14.2111
vn 0.041432 -0.363397 -0.930713
v 29.2779 -104.772 -14.5246
vn 0.326904 0.169254 -0.929778
v 31.3843 -108.077 -7.01494
vn 0.139426 -0.987677 0.0710968
v 31.4013 -107.975 -6.13645
vn 0.0980428 -0.98571 0.136977
v 30.2276 -107.997 -11.4773
vn 0.0116454 -0.995801 -0.0908017
v 31.9192 -105.31 0.744639
vn 0.68121 -0.631193 0.370875
v 31.6789 -104.705 2.0822
vn 0.534036 -0.700325 0.473657
v 31.961 -106.37 -1.33264
vn 0.60929 -0.717791 0.33696
v 32.0947 -106.916 -3.05722
vn 0.871198 -0.46588 0.154823
v 31.902 -107.035 -2.84433
vn 0.422298 -0.850174 0.314434
v 31.7156 -107.284 -3.40803
vn 0.144726 -0.938312 0.314046
v 31.8591 -107.666 -4.98592
vn 0.554043 -0.81629 0.163423
v 32.0204 -107.463 -4.85925
vn 0.890537 -0.452407 0.0476564
v 31.2058 -103.444 4.29944
vn 0.345602 -0.759762 0.550746
v 30.542 -101.717 6.97849
vn 0.435277 -0.666548 0.605184
v 30.2542 -100.531 7.73
vn 0.794652 0.0553381 0.604537
v 30.0481 -99.9605 7.87732
vn 0.823935 0.218687 0.522787
v 29.0631 -97.8526 7.91949
vn 0.783975 0.526298 0.329231
v 29.5501 -98.8705 8.07589
vn 0.775912 0.326067 0.540039
v 29.6628 -99.2096 1.25202
vn 0.551957 0.808694 -0.203365
v 29.9237 -99.551 0.773548
vn 0.721954 0.674815 -0.152991
v 29.3983 -98.4923 3.50898
vn 0.622506 0.768316 -0.148914
v 29.52 -98.5875 3.81714
vn 0.7405 0.666433 -0.0867606
v 28.8369 -97.4435 7.5596
vn 0.758315 0.651888 0.00029813
v 30.0605 -101.471 -5.1421
vn 0.634022 0.728948 -0.25817
v 29.8909 -102.266 -7.72641
vn 0.555365 0.777781 -0.294325
v 29.8917 -101.129 -4.49529
vn 0.418955 0.858551 -0.295578
v 30.0161 -100.392 -2.06263
vn 0.685222 0.697238 -0.210544
v 29.7982 -100.115 -1.58127
vn 0.418769 0.86495 -0.276577
v 29.7553 -101.37 -5.31235
vn 0.183871 0.928878 -0.321524
v 29.484 -103.806 -12.3019
vn 0.60178 0.737093 -0.307498
v 29.3809 -104.499 -14.0869
vn 0.830615 0.475738 -0.289398
v 30.094 -106.741 -13.8705
vn 0.737218 -0.0521617 -0.673638
v 29.5202 -104.988 -14.3507
vn 0.888489 0.301962 -0.345551
v 30.3958 -107.857 -12.886
vn 0.139014 -0.981397 -0.13242
v 31.7069 -107.894 -6.14949
vn 0.475721 -0.876618 0.0723211
v 31.7175 -107.932 -6.97851
vn 0.773757 -0.632747 -0.0305086
v 31.3189 -108.095 -8.23973
vn 0.314513 -0.948718 -0.031854
v 31.092 -108.081 -9.7551
vn 0.385819 -0.914579 -0.121196
v 30.767 -108.122 -9.7103
vn 0.024511 -0.998508 -0.0487958
v 29.1582 -104.496 -14.3442
vn 0.131985 0.75282 -0.644858
v 30.2634 -101.744 7.02264
vn 0.026568 -0.79414 0.607154
v 26.8832 -97.3002 7.46161
vn -0.109457 0.991945 -0.0637551
v 26.8038 -97.3851 7.83155
vn -0.31963 0.803518 0.50219
v 28.689 -97.316 7.62409
vn 0.394108 0.915469 0.0812177
v 29.7432 -99.0719 7.66102
vn 0.888992 0.43176 0.152566
v 30.3442 -100.47 7.49374
vn 0.929151 0.2499 0.272448
v 30.5518 -100.247 1.51589
vn 0.827193 0.556378 -0.0787067
v 30.9333 -122.088 -15.6547
vn 0.915298 -0.393582 -0.0855757
v 30.6451 -122.565 -16.2866
vn 0.888047 -0.410828 -0.206379
v 30.6594 -122.759 -15.4422
vn 0.89821 -0.437565 -0.041907
v 31.1429 -121.724 -14.574
vn 0.921603 -0.387801 0.0160604
v 29.8226 -124.372 -15.2546
vn 0.881206 -0.472487 -0.0152357
v 30.5184 -123.021 -14.3358
vn 0.892278 -0.449375 0.0436127
v 30.7374 -122.481 -13.6574
vn 0.893486 -0.427367 0.137988
v 31.4933 -120.525 -13.4846
vn 0.937002 -0.294487 0.187894
v 31.4697 -120.86 -14.44
vn 0.94568 -0.324512 0.0195181
v 31.8421 -119.555 -14.1862
vn 0.970046 -0.237715 0.0500205
v 31.7239 -120.009 -14.8496
vn 0.963383 -0.267426 -0.0194214
v 31.7966 -119.332 -13.4573
vn 0.955018 -0.208979 0.210402
v 31.8753 -119.33 -15.1941
vn 0.975988 -0.20558 -0.0720067
v 31.6784 -120.011 -15.5641
vn 0.960346 -0.255956 -0.110551
v 31.394 -120.878 -15.8266
vn 0.936736 -0.314484 -0.153704
v 31.7132 -119.542 -16.0872
vn 0.94672 -0.203627 -0.249516
v 27.1219 -120.464 -15.5626
vn -0.999944 0.00206377 0.0103466
v 27.1435 -117.536 -15.1811
vn -0.996576 0.000319193 0.0826843
v 27.144 -125.101 -14.6274
vn -0.996547 -0.0167194 0.0813331
v 27.2104 -125.143 -14.1053
vn -0.974004 -0.0146352 0.226059
v 27.2899 -119.245 -14.2711
vn -0.944377 0.0112578 0.328671
v 27.2202 -117.754 -14.5788
vn -0.979103 0.00254385 0.20335
v 27.12 -125.364 -15.0629
vn -0.930908 -0.360593 0.0581591
v 27.1145 -124.773 -15.9122
vn -0.999541 -0.0154378 -0.0260794
v 27.1441 -119.743 -16.2403
vn -0.996928 0.00186126 -0.0783021
v 27.2082 -120.369 -16.731
vn -0.979014 0.00442883 -0.203743
v 27.1677 -125.16 -16.7561
vn -0.991873 -0.0198027 -0.12568
v 27.3184 -107.471 -16.1579
vn 0.0366105 0.998204 -0.0474094
v 27.3773 -107.559 -16.8522
vn 0.152316 0.962974 -0.222441
v 27.318 -107.493 -14.7875
vn 0.0605976 0.994318 0.0875239
v 29.2509 -107.901 -15.181
vn 0.298877 0.95429 -0.00168302
v 27.1835 -107.542 -14.9326
vn -0.701547 0.70687 0.0903715
v 27.1356 -107.685 -16.5512
vn -0.987993 0.127252 -0.0876166
v 27.6653 -119.736 -13.7817
vn -0.501179 0.0238242 0.865016
v 28.0966 -118.227 -13.6365
vn -0.28833 0.00986723 0.95748
v 27.8828 -121.863 -13.6273
vn -0.289409 0.0273042 0.956816
v 27.3729 -124.995 -13.7408
vn -0.706009 -0.0350569 0.707335
v 29.161 -121.671 -13.3114
vn -0.23942 0.0148529 0.970803
v 27.5414 -124.782 -13.6314
vn -0.252477 1.11301e-05 0.967603
v 27.2793 -125.096 -13.8918
vn -0.897985 -0.0691735 0.434556
v 27.4399 -119.205 -13.9888
vn -0.798867 0.0193555 0.601196
v 27.3438 -125.399 -14.0839
vn -0.0870666 -0.95073 0.297543
v 27.2927 -125.533 -15.1987
vn -0.177725 -0.983922 0.0176402
v 27.4146 -125.466 -16.3871
vn 0.262681 -0.960866 -0.0879477
v 29.4114 -124.832 -13.8909
vn 0.400614 -0.910533 0.102167
v 27.2043 -125.431 -16.5458
vn -0.633966 -0.761925 -0.132507
v 27.5421 -124.775 -17.3119
vn 0.161544 -0.086317 -0.983083
v 27.378 -124.906 -17.2725
vn -0.551994 -0.0655031 -0.831271
v 28.0249 -117.5 -17.335
vn 0.131664 -0.00455742 -0.991284
v 27.7025 -118.399 -17.3323
vn -0.13632 -0.000999409 -0.990664
v 27.9958 -121.416 -17.298
vn 0.176869 -0.0173274 -0.984082
v 28.8165 -122.666 -17.1122
vn 0.198519 -0.0312535 -0.979599
v 27.4811 -119.66 -17.2699
vn -0.551328 0.00626213 -0.834265
v 27.3466 -119.12 -17.1181
vn -0.850979 0.0058324 -0.525167
v 27.2547 -125.139 -17.1104
vn -0.923969 -0.0560022 -0.378344
v 27.2199 -114.576 -16.759
vn -0.974815 -0.00280838 -0.222996
v 27.1412 -113.127 -16.1923
vn -0.997951 -0.00404054 -0.0638545
v 27.1094 -107.861 -15.3983
vn -0.999576 0.0158206 0.0244362
v 27.1505 -110.646 -14.8874
vn -0.995575 -0.00674866 0.0937243
v 27.2137 -113.511 -14.5967
vn -0.98246 -0.00958577 0.186226
v 27.3074 -113.692 -14.2507
vn -0.932664 -0.00783714 0.360661
v 27.4402 -113.764 -14.0172
vn -0.751384 -0.00470533 0.659849
v 27.6799 -113.897 -13.8116
vn -0.493843 -0.00383462 0.869543
v 28.0047 -111.002 -13.6932
vn -0.239691 0.0168035 0.970704
v 32.0993 -116.046 -13.3585
vn 0.976054 0.0174432 0.216828
v 32.1476 -115.334 -14.0422
vn 0.995435 0.0630306 0.0716667
v 32.168 -116.782 -14.0341
vn 0.997217 -0.0322885 0.0671975
v 32.0431 -114.982 -13.4153
vn 0.971587 0.0925711 0.217828
v 32.1912 -116.049 -14.7803
vn 0.999715 0.0123458 -0.0204305
v 32.1046 -114.646 -14.7975
vn 0.993921 0.107854 -0.0220871
v 32.0504 -114.309 -14.0661
vn 0.987522 0.140842 0.0704605
v 31.9183 -113.478 -14.1944
vn 0.971227 0.232418 0.0519648
v 31.9163 -113.994 -13.4519
vn 0.960857 0.174563 0.215133
v 31.9436 -113.679 -15.1925
vn 0.977934 0.195303 -0.0741811
v 31.9525 -114.038 -15.7868
vn 0.974101 0.148675 -0.17036
v 32.1144 -115.334 -15.5125
vn 0.990352 0.0603039 -0.124766
v 32.1346 -116.782 -15.5089
vn 0.992335 -0.0313001 -0.119544
v 32.0418 -115.725 -16.0875
vn 0.959688 0.0150598 -0.280663
v 32.0155 -117.521 -15.9783
vn 0.967222 -0.0802073 -0.240933
v 32.0654 -117.89 -15.517
vn 0.987369 -0.100038 -0.122858
v 32.1439 -117.521 -14.7859
vn 0.996953 -0.0748127 -0.0220662
v 32.0211 -118.62 -14.8043
vn 0.988644 -0.148719 -0.0215581
v 31.9726 -118.621 -15.5282
vn 0.981443 -0.149291 -0.120341
v 31.9407 -118.075 -16.136
vn 0.936312 -0.104037 -0.335404
v 32.005 -118.62 -14.0626
vn 0.985507 -0.154947 0.0690479
v 32.0983 -117.89 -14.0457
vn 0.992099 -0.103772 0.0705055
v 32.073 -117.152 -13.4004
vn 0.974045 -0.0590688 0.218512
v 31.9689 -118.33 -13.3839
vn 0.968035 -0.132918 0.2127
v 27.8668 -111.648 -17.3421
vn 0.164994 0.0154822 -0.986173
v 27.6582 -109.397 -17.3549
vn 0.151815 0.0119001 -0.988337
v 27.5488 -113.356 -17.3075
vn -0.37596 -0.00735311 -0.926607
v 29.3521 -113.522 -17.0902
vn 0.176688 0.0128464 -0.984183
v 27.352 -114.011 -17.1305
vn -0.836841 -0.00597953 -0.547414
v 27.2005 -110.978 -16.822
vn -0.980908 -0.012116 -0.194093
v 27.2187 -107.797 -14.2148
vn -0.94579 0.136698 0.294609
v 27.3226 -110.744 -14.1053
vn -0.894385 -0.0195867 0.446869
v 27.3314 -107.968 -13.9605
vn -0.756291 0.00985481 0.654161
v 27.546 -108.126 -13.8264
vn -0.326228 0.0138905 0.945189
v 31.2427 -111.559 -14.1651
vn 0.889688 0.453228 0.055125
v 30.6307 -110.639 -13.4751
vn 0.829839 0.470225 0.300426
v 31.2896 -111.898 -13.4444
vn 0.873088 0.398878 0.280381
v 31.1933 -111.459 -14.9676
vn 0.900887 0.433758 -0.0160332
v 30.363 -109.902 -14.8014
vn 0.88778 0.460004 0.0155891
v 30.9777 -111.081 -15.515
vn 0.884723 0.460881 -0.0696689
v 30.3514 -110.027 -16.1275
vn 0.884531 0.442313 -0.148207
v 31.2386 -111.651 -15.8363
vn 0.900177 0.417281 -0.124735
v 31.2262 -111.889 -16.3041
vn 0.882775 0.352373 -0.31071
v 31.6997 -112.896 -15.7943
vn 0.947152 0.272646 -0.169019
v 31.6079 -112.386 -14.5519
vn 0.941224 0.33708 0.0218009
v 31.8217 -113.103 -14.8504
vn 0.963718 0.266153 -0.0202589
v 31.6456 -112.9 -13.3384
vn 0.920751 0.299916 0.249536
v 28.9414 -110.452 -17.0877
vn 0.216086 0.0397929 -0.975563
v 27.4025 -108.36 -17.3602
vn -0.287092 0.00208485 -0.957901
v 27.2987 -108.151 -17.2925
vn -0.779041 0.00237887 -0.626969
v 27.2578 -110.717 -17.0679
vn -0.937714 -0.0182257 -0.34693
v 29.2774 -108.379 -13.4506
vn -0.169645 0.0823753 0.982056
v 29.9991 -109.316 -13.8158
vn 0.907783 0.385636 0.164966
v 29.9729 -109.067 -14.8709
vn 0.925865 0.377584 0.014285
v 29.6056 -108.167 -15.8172
vn 0.863515 0.500799 -0.0595125
v 29.9762 -109.233 -16.1948
vn 0.919537 0.367825 -0.138405
v 27.5316 -108.054 -17.3692
vn 0.151375 0.189132 -0.970214
v 27.2466 -107.775 -17.1767
vn -0.921585 0.19077 -0.338066
v 30.9727 -120.008 -12.8699
vn -0.147904 -0.0182882 0.988833
v 30.9295 -114.018 -12.9137
vn -0.245001 0.0153498 0.969401
v 30.6278 -111.896 -13.0418
vn -0.18886 0.0503151 0.980714
v 29.8333 -109.808 -13.3163
vn -0.0238838 0.119869 0.992502
v 29.3974 -107.992 -16.2036
vn 0.424377 0.898886 -0.109126
v 29.4127 -107.969 -14.4774
vn 0.449107 0.891878 0.0534517
v 29.3074 -107.99 -13.9985
vn 0.261726 0.94469 0.197637
v 29.7429 -109.727 -16.8549
vn 0.352147 0.105846 -0.92994
v 29.3424 -108.315 -16.8828
vn 0.444655 0.258926 -0.857461
v 30.9147 -112.547 -16.7821
vn 0.305647 0.0774641 -0.948989
v 31.3485 -115.541 -16.7604
vn 0.256862 0.0067869 -0.966424
v 31.2677 -118.007 -16.7681
vn 0.284684 -0.0218415 -0.958373
v 29.4382 -124.205 -16.9069
vn 0.295908 -0.136496 -0.945414
v 30.8953 -120.366 -16.7881
vn 0.265465 -0.0526129 -0.962684
v 29.3782 -124.893 -15.4121
vn 0.41145 -0.911321 -0.0142607
v 29.4076 -124.746 -16.6001
vn 0.494762 -0.801392 -0.336127
v 29.4377 -124.267 -13.2253
vn -0.0728415 -0.161414 0.984195
v 31.3787 -114.076 -12.8185
vn -0.0490371 0.0412054 0.997947
v 31.4408 -117.526 -12.7893
vn -0.108998 -0.00134363 0.994041
v 31.7124 -116.025 -12.7934
vn 0.30393 0.0114853 0.952625
v 31.6989 -114.646 -12.8618
vn 0.472831 0.0792143 0.877585
v 31.4157 -113.104 -12.9221
vn 0.440299 0.168836 0.881834
v 31.8679 -114.643 -13.0011
vn 0.827154 0.107171 0.551661
v 31.6362 -113.258 -13.0665
vn 0.79301 0.233635 0.562627
v 31.9428 -116.046 -12.9629
vn 0.814507 0.0152983 0.579952
v 31.8934 -117.843 -12.9971
vn 0.864725 -0.108443 0.490399
v 31.7421 -118.091 -12.8658
vn 0.550958 -0.0808987 0.830603
v 31.4338 -119.388 -12.8472
vn 0.270369 -0.087969 0.958729
v 31.5977 -119.654 -13.0597
vn 0.837806 -0.221005 0.499237
v 30.9731 -111.705 -13.0864
vn 0.419691 0.305263 0.854795
v 30.0958 -109.771 -13.4764
vn 0.766446 0.423779 0.482672
v 30.9409 -112.358 -12.9721
vn -0.0193252 0.101985 0.994598
v 29.6654 -108.83 -13.507
vn 0.680171 0.313205 0.662774
v 29.5422 -108.177 -13.8187
vn 0.820412 0.551366 0.151394
v 29.9514 -109.609 -16.6778
vn 0.7677 0.300535 -0.565964
v 29.4411 -108.156 -16.7018
vn 0.647469 0.657439 -0.385431
v 30.7708 -111.012 -16.3971
vn 0.842239 0.40655 -0.35405
v 30.8495 -111.568 -16.6367
vn 0.635281 0.254163 -0.729259
v 31.4116 -113.146 -16.6022
vn 0.62612 0.134664 -0.76801
v 31.2805 -114.408 -16.7409
vn 0.297472 0.0299341 -0.954261
v 31.5114 -112.839 -16.3348
vn 0.869586 0.243446 -0.429598
v 31.838 -114.26 -16.308
vn 0.898437 0.111006 -0.42484
v 31.8926 -116.05 -16.3909
vn 0.829592 0.0106152 -0.558269
v 31.7177 -115.295 -16.5831
vn 0.630636 0.046174 -0.774704
v 31.6329 -118.138 -16.6017
vn 0.568031 -0.0559495 -0.821103
v 31.583 -119.338 -16.4794
vn 0.770035 -0.147891 -0.620625
v 31.8481 -117.523 -16.3949
vn 0.840213 -0.0582524 -0.539119
v 29.5695 -124.443 -16.755
vn 0.6782 -0.404013 -0.613855
v 30.8014 -121.447 -16.7154
vn 0.531735 -0.15606 -0.832408
v 29.5382 -124.716 -16.508
vn 0.807088 -0.564007 -0.174658
v 30.9783 -121.43 -16.5448
vn 0.771996 -0.25145 -0.583776
v 31.2466 -120.967 -16.2764
vn 0.901262 -0.2951 -0.317242
v 29.6621 -124.668 -14.5241
vn 0.793196 -0.608842 0.012302
v 30.8285 -121.71 -13.045
vn 0.548688 -0.275048 0.789487
v 31.2068 -120.969 -13.1536
vn 0.824605 -0.312395 0.47163
v 30.4086 -122.448 -13.0545
vn 0.172228 -0.156068 0.972615
v 30.6651 -122.393 -13.2535
vn 0.825577 -0.404822 0.393117
v 29.5795 -124.394 -13.2785
vn 0.565617 -0.424692 0.706905
v 29.6784 -124.487 -13.5606
vn 0.830643 -0.524674 0.186411
v 27.4495 -125.17 -17.2146
vn 0.0385253 -0.467135 -0.883346
v 27.3404 -125.359 -17.0049
vn -0.0145368 -0.911742 -0.410506
v 27.4999 -125.142 -13.7227
vn -0.152101 -0.498899 0.853209
v 29.3201 -124.732 -13.4574
vn 0.19195 -0.783257 0.591324
v 29.3417 -108.188 -13.5292
vn 0.386445 0.620577 0.682309
v 27.4604 -107.656 -14.1527
vn -0.0419157 0.911753 0.408594
v 27.4521 -107.832 -13.9171
vn -0.201564 0.607095 0.76864
v 27.415 -107.759 -17.2678
vn -0.0054347 0.632461 -0.774573
v 29.6941 -108.355 -14.9268
vn 0.915521 0.402079 0.0124079
f 5//5 6//6 4//4
f 3//3 4//4 6//6
f 2//2 1//1 7//7
f 3//3 7//7 1//1
f 7//7 8//8 2//2
f 9//9 2//2 8//8
f 12//12 13//13 14//14
f 15//15 13//13 12//12
f 17//17 18//18 16//16
f 15//15 16//16 18//18
f 18//18 13//13 15//15
f 17//17 20//20 18//18
f 13//13 18//18 21//21
f 22//22 25//25 23//23
f 26//26 27//27 24//24
f 23//23 25//25 31//31
f 33//33 34//34 32//32
f 35//35 36//36 33//33
f 34//34 33//33 36//36
f 38//38 37//37 36//36
f 37//37 39//39 36//36
f 39//39 34//34 36//36
f 42//42 45//45 46//46
f 5//5 46//46 45//45
f 47//47 46//46 5//5
f 42//42 46//46 48//48
f 52//52 53//53 51//51
f 54//54 55//55 56//56
f 59//59 52//52 58//58
f 59//59 60//60 52//52
f 61//61 57//57 52//52
f 52//52 60//60 61//61
f 62//62 57//57 61//61
f 55//55 63//63 62//62
f 57//57 62//62 63//63
f 65//65 64//64 17//17
f 17//17 16//16 65//65
f 16//16 66//66 65//65
f 67//67 65//65 68//68
f 69//69 65//65 66//66
f 65//65 69//69 68//68
f 68//68 70//70 72//72
f 72//72 67//67 68//68
f 64//64 19//19 17//17
f 64//64 65//65 73//73
f 67//67 73//73 65//65
f 66//66 74//74 44//44
f 41//41 44//44 74//74
f 16//16 74//74 66//66
f 74//74 16//16 15//15
f 15//15 45//45 74//74
f 75//75 45//45 15//15
f 78//78 79//79 76//76
f 79//79 80//80 77//77
f 77//77 76//76 79//79
f 12//12 82//82 15//15
f 75//75 15//15 82//82
f 12//12 14//14 82//82
f 14//14 81//81 82//82
f 79//79 81//81 80//80
f 14//14 80//80 81//81
f 83//83 84//84 10//10
f 84//84 9//9 10//10
f 85//85 83//83 10//10
f 85//85 86//86 87//87
f 87//87 83//83 85//85
f 89//89 88//88 51//51
f 88//88 89//89 86//86
f 51//51 50//50 89//89
f 86//86 89//89 87//87
f 93//93 37//37 40//40
f 94//94 93//93 40//40
f 96//96 94//94 95//95
f 95//95 97//97 96//96
f 90//90 92//92 96//96
f 94//94 96//96 92//92
f 92//92 93//93 94//94
f 98//98 102//102 99//99
f 102//102 98//98 100//100
f 104//104 105//105 103//103
f 56//56 106//106 104//104
f 105//105 99//99 103//103
f 105//105 104//104 106//106
f 56//56 55//55 107//107
f 110//110 112//112 111//111
f 55//55 62//62 114//114
f 19//19 108//108 62//62
f 108//108 109//109 62//62
f 111//111 109//109 110//110
f 109//109 111//111 114//114
f 114//114 62//62 109//109
f 62//62 20//20 19//19
f 61//61 60//60 62//62
f 20//20 62//62 60//60
f 116//116 115//115 60//60
f 20//20 115//115 21//21
f 115//115 20//20 60//60
f 117//117 120//120 118//118
f 117//117 121//121 120//120
f 116//116 120//120 121//121
f 116//116 60//60 59//59
f 116//116 59//59 122//122
f 122//122 120//120 116//116
f 11//11 9//9 84//84
f 32//32 90//90 91//91
f 34//34 90//90 32//32
f 92//92 34//34 39//39
f 34//34 92//92 90//90
f 39//39 93//93 92//92
f 93//93 39//39 37//37
f 29//29 100//100 30//30
f 28//28 102//102 100//100
f 100//100 101//101 30//30
f 72//72 70//70 112//112
f 71//71 112//112 70//70
f 71//71 113//113 112//112
f 110//110 72//72 112//112
f 19//19 64//64 108//108
f 73//73 108//108 64//64
f 108//108 73//73 109//109
f 67//67 72//72 110//110
f 110//110 109//109 73//73
f 73//73 67//67 110//110
f 116//116 14//14 115//115
f 13//13 115//115 14//14
f 115//115 13//13 21//21
f 17//17 19//19 20//20
f 18//18 20//20 21//21
f 117//117 76//76 77//77
f 76//76 117//117 119//119
f 14//14 121//121 80//80
f 77//77 80//80 121//121
f 14//14 116//116 121//121
f 117//117 77//77 121//121
f 38//38 36//36 123//123
f 123//123 36//36 124//124
f 124//124 1//1 123//123
f 4//4 1//1 124//124
f 2//2 123//123 1//1
f 2//2 9//9 11//11
f 38//38 40//40 37//37
f 38//38 123//123 125//125
f 35//35 33//33 43//43
f 43//43 48//48 35//35
f 41//41 42//42 43//43
f 43//43 42//42 48//48
f 4//4 124//124 47//47
f 48//48 47//47 124//124
f 35//35 48//48 124//124
f 124//124 36//36 35//35
f 128//128 27//27 43//43
f 130//130 128//128 43//43
f 43//43 33//33 130//130
f 130//130 33//33 32//32
f 32//32 131//131 130//130
f 127//127 130//130 129//129
f 130//130 127//127 128//128
f 132//132 130//130 131//131
f 130//130 132//132 129//129
f 127//127 129//129 133//133
f 133//133 25//25 127//127
f 133//133 28//28 25//25
f 133//133 134//134 28//28
f 131//131 32//32 91//91
f 129//129 134//134 133//133
f 135//135 132//132 131//131
f 131//131 91//91 135//135
f 129//129 136//136 134//134
f 136//136 129//129 135//135
f 132//132 135//135 129//129
f 134//134 102//102 28//28
f 134//134 136//136 103//103
f 103//103 102//102 134//134
f 135//135 91//91 90//90
f 96//96 135//135 90//90
f 104//104 97//97 56//56
f 97//97 104//104 96//96
f 103//103 136//136 135//135
f 135//135 96//96 104//104
f 104//104 103//103 135//135
f 137//137 95//95 94//94
f 50//50 95//95 137//137
f 95//95 50//50 49//49
f 54//54 95//95 49//49
f 95//95 54//54 97//97
f 97//97 54//54 56//56
f 138//138 139//139 40//40
f 83//83 140//140 139//139
f 139//139 84//84 83//83
f 140//140 89//89 137//137
f 137//137 94//94 140//140
f 40//40 139//139 140//140
f 140//140 94//94 40//40
f 140//140 87//87 89//89
f 139//139 125//125 126//126
f 40//40 38//38 138//138
f 38//38 125//125 138//138
f 139//139 138//138 125//125
f 9//9 141//141 142//142
f 141//141 9//9 8//8
f 7//7 78//78 8//8
f 6//6 5//5 75//75
f 75//75 82//82 6//6
f 3//3 6//6 82//82
f 82//82 81//81 3//3
f 78//78 7//7 79//79
f 79//79 3//3 81//81
f 3//3 79//79 7//7
f 78//78 76//76 8//8
f 142//142 141//141 76//76
f 8//8 76//76 141//141
f 41//41 74//74 42//42
f 44//44 26//26 66//66
f 45//45 42//42 74//74
f 75//75 5//5 45//45
f 69//69 22//22 68//68
f 69//69 66//66 24//24
f 22//22 23//23 68//68
f 66//66 26//26 24//24
f 69//69 24//24 22//22
f 31//31 30//30 71//71
f 31//31 70//70 68//68
f 68//68 23//23 31//31
f 31//31 71//71 70//70
f 71//71 30//30 143//143
f 30//30 101//101 143//143
f 143//143 113//113 71//71
f 112//112 99//99 111//111
f 112//112 113//113 143//143
f 143//143 98//98 112//112
f 99//99 112//112 98//98
f 100//100 98//98 143//143
f 143//143 101//101 100//100
f 107//107 55//55 106//106
f 114//114 106//106 55//55
f 106//106 114//114 111//111
f 105//105 111//111 99//99
f 111//111 105//105 106//106
f 49//49 53//53 57//57
f 52//52 57//57 53//53
f 52//52 51//51 58//58
f 54//54 63//63 55//55
f 49//49 57//57 63//63
f 49//49 63//63 54//54
f 10//10 9//9 142//142
f 85//85 10//10 142//142
f 142//142 76//76 119//119
f 85//85 117//117 118//118
f 117//117 85//85 119//119
f 142//142 119//119 85//85
f 88//88 59//59 58//58
f 86//86 122//122 59//59
f 59//59 88//88 86//86
f 58//58 51//51 88//88
f 85//85 118//118 86//86
f 122//122 86//86 120//120
f 120//120 86//86 118//118
f 25//25 22//22 127//127
f 128//128 127//127 22//22
f 22//22 24//24 128//128
f 27//27 128//128 24//24
f 29//29 30//30 28//28
f 25//25 28//28 30//30
f 30//30 31//31 25//25
f 43//43 27//27 26//26
f 26//26 44//44 43//43
f 41//41 43//43 44//44
f 47//47 48//48 46//46
f 49//49 50//50 53//53
f 50//50 51//51 53//53
f 102//102 103//103 99//99
f 106//106 56//56 107//107
f 28//28 100//100 29//29
f 4//4 3//3 1//1
f 2//2 11//11 126//126
f 2//2 126//126 125//125
f 125//125 123//123 2//2
f 5//5 4//4 47//47
f 89//89 50//50 137//137
f 87//87 140//140 83//83
f 126//126 84//84 139//139
f 84//84 126//126 11//11
f 145//145 144//144 146//146
f 147//147 146//146 144//144
f 148//148 149//149 146//146
f 151//151 148//148 150//150
f 148//148 151//151 149//149
f 153//153 149//149 151//151
f 145//145 156//156 157//157
f 145//145 146//146 156//156
f 149//149 156//156 146//146
f 156//156 149//149 155//155
f 159//159 160//160 158//158
f 162//162 161//161 158//158
f 165//165 163//163 164//164
f 163//163 165//165 166//166
f 163//163 166//166 161//161
f 167//167 168//168 166//166
f 158//158 168//168 159//159
f 166//166 168//168 158//158
f 158//158 161//161 166//166
f 170//170 169//169 172//172
f 175//175 176//176 173//173
f 173//173 170//170 172//172
f 177//177 175//175 174//174
f 175//175 177//177 176//176
f 178//178 176//176 177//177
f 176//176 178//178 179//179
f 179//179 180//180 176//176
f 173//173 176//176 170//170
f 180//180 170//170 176//176
f 181//181 180//180 179//179
f 182//182 170//170 180//180
f 184//184 185//185 183//183
f 184//184 187//187 186//186
f 188//188 144//144 145//145
f 186//186 185//185 184//184
f 188//188 145//145 157//157
f 185//185 186//186 188//188
f 157//157 185//185 188//188
f 157//157 178//178 185//185
f 177//177 185//185 178//178
f 185//185 177//177 174//174
f 174//174 183//183 185//185
f 189//189 190//190 191//191
f 192//192 193//193 189//189
f 190//190 189//189 194//194
f 194//194 189//189 193//193
f 196//196 194//194 195//195
f 197//197 196//196 198//198
f 197//197 199//199 196//196
f 196//196 199//199 191//191
f 191//191 190//190 196//196
f 190//190 194//194 196//196
f 200//200 178//178 157//157
f 156//156 200//200 157//157
f 200//200 156//156 155//155
f 155//155 201//201 200//200
f 202//202 200//200 201//201
f 200//200 202//202 178//178
f 155//155 154//154 201//201
f 205//205 203//203 204//204
f 202//202 204//204 203//203
f 204//204 202//202 201//201
f 178//178 203//203 179//179
f 178//178 202//202 203//203
f 206//206 209//209 207//207
f 211//211 206//206 208//208
f 208//208 210//210 211//211
f 206//206 211//211 209//209
f 215//215 213//213 214//214
f 215//215 212//212 213//213
f 214//214 216//216 215//215
f 212//212 207//207 209//209
f 212//212 215//215 207//207
f 219//219 220//220 217//217
f 222//222 220//220 221//221
f 217//217 222//222 223//223
f 223//223 218//218 217//217
f 222//222 217//217 220//220
f 225//225 216//216 214//214
f 214//214 226//226 225//225
f 224//224 225//225 226//226
f 227//227 218//218 223//223
f 223//223 224//224 226//226
f 226//226 227//227 223//223
f 214//214 213//213 226//226
f 228//228 229//229 230//230
f 230//230 231//231 228//228
f 231//231 232//232 195//195
f 195//195 228//228 231//231
f 234//234 235//235 233//233
f 234//234 236//236 232//232
f 237//237 236//236 234//234
f 234//234 233//233 237//237
f 236//236 238//238 195//195
f 236//236 237//237 238//238
f 195//195 232//232 236//236
f 240//240 239//239 243//243
f 243//243 244//244 240//240
f 239//239 241//241 243//243
f 243//243 241//241 242//242
f 246//246 210//210 208//208
f 247//247 246//246 208//208
f 247//247 245//245 246//246
f 245//245 247//247 240//240
f 240//240 244//244 245//245
f 158//158 160//160 162//162
f 164//164 163//163 248//248
f 248//248 163//163 161//161
f 249//249 220//220 219//219
f 249//249 221//221 220//220
f 251//251 252//252 169//169
f 172//172 169//169 252//252
f 172//172 252//252 250//250
f 254//254 175//175 253//253
f 173//173 253//253 175//175
f 250//250 253//253 173//173
f 254//254 174//174 175//175
f 172//172 250//250 173//173
f 255//255 187//187 184//184
f 184//184 183//183 255//255
f 254//254 256//256 174//174
f 183//183 174//174 256//256
f 255//255 183//183 256//256
f 144//144 188//188 257//257
f 186//186 257//257 188//188
f 150//150 148//148 146//146
f 146//146 258//258 150//150
f 258//258 146//146 147//147
f 150//150 152//152 151//151
f 160//160 259//259 162//162
f 259//259 235//235 260//260
f 162//162 259//259 248//248
f 261//261 259//259 260//260
f 261//261 248//248 259//259
f 248//248 261//261 262//262
f 262//262 164//164 248//248
f 162//162 248//248 161//161
f 266//266 265//265 230//230
f 230//230 229//229 266//266
f 265//265 266//266 267//267
f 264//264 268//268 269//269
f 269//269 263//263 264//264
f 265//265 267//267 268//268
f 268//268 264//264 265//265
f 269//269 221//221 249//249
f 249//249 263//263 269//269
f 252//252 251//251 270//270
f 250//250 252//252 270//270
f 271//271 192//192 272//272
f 272//272 270//270 271//271
f 192//192 189//189 272//272
f 273//273 272//272 189//189
f 275//275 274//274 273//273
f 274//274 270//270 272//272
f 272//272 273//273 274//274
f 253//253 274//274 275//275
f 275//275 254//254 253//253
f 250//250 270//270 274//274
f 250//250 274//274 253//253
f 256//256 254//254 275//275
f 275//275 255//255 256//256
f 189//189 275//275 273//273
f 275//275 189//189 191//191
f 255//255 275//275 191//191
f 191//191 187//187 255//255
f 257//257 199//199 276//276
f 191//191 199//199 257//257
f 257//257 187//187 191//191
f 276//276 144//144 257//257
f 257//257 186//186 187//187
f 147//147 144//144 276//276
f 258//258 277//277 150//150
f 276//276 199//199 147//147
f 258//258 147//147 277//277
f 147//147 199//199 278//278
f 278//278 277//277 147//147
f 199//199 197//197 278//278
f 150//150 277//277 279//279
f 279//279 152//152 150//150
f 242//242 241//241 280//280
f 242//242 280//280 281//281
f 281//281 282//282 242//242
f 283//283 282//282 281//281
f 285//285 283//283 284//284
f 233//233 235//235 285//285
f 285//285 284//284 233//233
f 283//283 285//285 282//282
f 282//282 286//286 242//242
f 243//243 242//242 286//286
f 287//287 286//286 282//282
f 285//285 287//287 282//282
f 259//259 285//285 235//235
f 288//288 259//259 160//160
f 285//285 259//259 288//288
f 288//288 287//287 285//285
f 289//289 287//287 288//288
f 287//287 290//290 286//286
f 159//159 288//288 160//160
f 288//288 159//159 289//289
f 243//243 286//286 290//290
f 290//290 245//245 244//244
f 244//244 243//243 290//290
f 287//287 289//289 290//290
f 159//159 290//290 289//289
f 159//159 245//245 290//290
f 159//159 168//168 245//245
f 210//210 245//245 168//168
f 246//246 245//245 210//210
f 167//167 211//211 210//210
f 210//210 168//168 167//167
f 165//165 167//167 166//166
f 167//167 165//165 212//212
f 212//212 211//211 167//167
f 165//165 213//213 212//212
f 209//209 211//211 212//212
f 292//292 291//291 164//164
f 293//293 292//292 164//164
f 164//164 262//262 293//293
f 291//291 292//292 294//294
f 294//294 227//227 291//291
f 217//217 294//294 219//219
f 294//294 217//217 218//218
f 294//294 218//218 227//227
f 226//226 213//213 165//165
f 291//291 226//226 165//165
f 291//291 165//165 164//164
f 291//291 227//227 226//226
f 295//295 294//294 292//292
f 219//219 294//294 295//295
f 219//219 263//263 249//249
f 295//295 263//263 219//219
f 293//293 295//295 292//292
f 262//262 296//296 293//293
f 293//293 263//263 295//295
f 262//262 261//261 296//296
f 260//260 297//297 261//261
f 297//297 296//296 261//261
f 296//296 297//297 265//265
f 293//293 296//296 264//264
f 264//264 263//263 293//293
f 265//265 264//264 296//296
f 297//297 230//230 265//265
f 231//231 230//230 297//297
f 260//260 231//231 297//297
f 235//235 232//232 260//260
f 232//232 231//231 260//260
f 235//235 234//234 232//232
f 280//280 152//152 279//279
f 278//278 197//197 284//284
f 197//197 233//233 284//284
f 283//283 278//278 284//284
f 277//277 281//281 279//279
f 281//281 277//277 278//278
f 278//278 283//283 281//281
f 280//280 279//279 281//281
f 280//280 151//151 152//152
f 153//153 151//151 239//239
f 241//241 151//151 280//280
f 240//240 153//153 239//239
f 151//151 241//241 239//239
f 247//247 208//208 154//154
f 153//153 240//240 149//149
f 247//247 149//149 240//240
f 155//155 247//247 154//154
f 149//149 247//247 155//155
f 208//208 201//201 154//154
f 201//201 208//208 206//206
f 207//207 298//298 206//206
f 204//204 206//206 205//205
f 206//206 204//204 201//201
f 298//298 205//205 206//206
f 215//215 298//298 207//207
f 216//216 299//299 215//215
f 299//299 216//216 181//181
f 215//215 205//205 298//298
f 179//179 299//299 181//181
f 203//203 215//215 299//299
f 299//299 179//179 203//203
f 203//203 205//205 215//215
f 171//171 300//300 223//223
f 223//223 222//222 171//171
f 300//300 171//171 169//169
f 169//169 171//171 301//301
f 170//170 300//300 169//169
f 182//182 300//300 170//170
f 182//182 180//180 302//302
f 181//181 302//302 180//180
f 181//181 216//216 302//302
f 225//225 302//302 216//216
f 302//302 225//225 224//224
f 302//302 224//224 223//223
f 182//182 223//223 300//300
f 223//223 182//182 302//302
f 301//301 171//171 222//222
f 301//301 251//251 169//169
f 251//251 303//303 270//270
f 221//221 301//301 222//222
f 301//301 221//221 269//269
f 269//269 303//303 301//301
f 251//251 301//301 303//303
f 268//268 303//303 269//269
f 229//229 268//268 267//267
f 267//267 266//266 229//229
f 268//268 229//229 192//192
f 192//192 271//271 268//268
f 303//303 268//268 271//271
f 270//270 303//303 271//271
f 193//193 192//192 229//229
f 229//229 304//304 193//193
f 304//304 228//228 194//194
f 194//194 193//193 304//304
f 228//228 195//195 194//194
f 228//228 304//304 229//229
f 197//197 198//198 233//233
f 237//237 233//233 198//198
f 198//198 305//305 237//237
f 195//195 238//238 305//305
f 238//238 237//237 305//305
f 196//196 305//305 198//198
f 305//305 196//196 195//195
f 307//307 308//308 306//306
f 309//309 306//306 308//308
f 310//310 311//311 309//309
f 306//306 309//309 311//311
f 311//311 312//312 306//306
f 313//313 311//311 314//314
f 313//313 312//312 311//311
f 312//312 315//315 306//306
f 319//319 317//317 318//318
f 319//319 321//321 317//317
f 322//322 317//317 321//321
f 322//322 320//320 317//317
f 322//322 324//324 323//323
f 325//325 320//320 323//323
f 322//322 323//323 320//320
f 320//320 327//327 316//316
f 316//316 317//317 320//320
f 333//333 332//332 331//331
f 331//331 334//334 333//333
f 335//335 330//330 332//332
f 332//332 333//333 335//335
f 330//330 335//335 336//336
f 336//336 328//328 330//330
f 336//336 329//329 328//328
f 336//336 337//337 339//339
f 339//339 329//329 336//336
f 340//340 337//337 338//338
f 337//337 340//340 339//339
f 344//344 342//342 343//343
f 345//345 334//334 331//331
f 349//349 347//347 348//348
f 346//346 350//350 351//351
f 347//347 349//349 350//350
f 350//350 346//346 347//347
f 351//351 352//352 354//354
f 353//353 354//354 352//352
f 344//344 355//355 356//356
f 355//355 344//344 343//343
f 353//353 356//356 355//355
f 354//354 346//346 351//351
f 357//357 353//353 355//355
f 353//353 357//357 354//354
f 360//360 361//361 358//358
f 363//363 365//365 364//364
f 362//362 364//364 365//365
f 362//362 365//365 359//359
f 308//308 367//367 368//368
f 368//368 309//309 308//308
f 307//307 369//369 308//308
f 366//366 308//308 369//369
f 308//308 366//366 367//367
f 370//370 369//369 307//307
f 371//371 366//366 369//369
f 371//371 372//372 366//366
f 310//310 374//374 376//376
f 376//376 311//311 310//310
f 378//378 309//309 368//368
f 310//310 309//309 378//378
f 378//378 374//374 310//310
f 375//375 374//374 378//378
f 379//379 382//382 383//383
f 382//382 379//379 381//381
f 380//380 379//379 383//383
f 385//385 383//383 384//384
f 384//384 386//386 385//385
f 314//314 385//385 386//386
f 387//387 385//385 314//314
f 314//314 311//311 387//387
f 376//376 377//377 311//311
f 387//387 311//311 377//377
f 387//387 380//380 383//383
f 387//387 383//383 385//385
f 388//388 387//387 377//377
f 387//387 388//388 380//380
f 390//390 392//392 389//389
f 391//391 393//393 390//390
f 394//394 392//392 393//393
f 393//393 392//392 390//390
f 394//394 395//395 396//396
f 396//396 392//392 394//394
f 397//397 392//392 396//396
f 398//398 397//397 396//396
f 338//338 399//399 400//400
f 338//338 337//337 399//399
f 336//336 401//401 402//402
f 401//401 336//336 335//335
f 337//337 336//336 402//402
f 402//402 399//399 337//337
f 361//361 405//405 404//404
f 404//404 358//358 361//361
f 389//389 359//359 358//358
f 389//389 358//358 404//404
f 389//389 392//392 359//359
f 362//362 359//359 392//392
f 392//392 397//397 362//362
f 364//364 362//362 397//397
f 364//364 406//406 363//363
f 408//408 349//349 407//407
f 408//408 410//410 409//409
f 411//411 350//350 409//409
f 349//349 408//408 409//409
f 409//409 350//350 349//349
f 412//412 350//350 411//411
f 350//350 412//412 352//352
f 413//413 352//352 412//412
f 353//353 413//413 356//356
f 351//351 350//350 352//352
f 413//413 353//353 352//352
f 376//376 342//342 344//344
f 341//341 374//374 375//375
f 342//342 376//376 374//374
f 374//374 341//341 342//342
f 345//345 341//341 375//375
f 414//414 345//345 375//375
f 334//334 345//345 414//414
f 338//338 416//416 340//340
f 416//416 415//415 340//340
f 317//317 417//417 318//318
f 317//317 316//316 327//327
f 419//419 325//325 418//418
f 325//325 419//419 320//320
f 347//347 420//420 348//348
f 349//349 348//348 407//407
f 381//381 421//421 382//382
f 386//386 422//422 314//314
f 383//383 382//382 384//384
f 314//314 423//423 313//313
f 314//314 422//422 423//423
f 307//307 306//306 425//425
f 315//315 425//425 306//306
f 315//315 312//312 424//424
f 370//370 307//307 427//427
f 307//307 425//425 427//427
f 369//369 428//428 371//371
f 428//428 369//369 370//370
f 372//372 426//426 373//373
f 400//400 416//416 338//338
f 403//403 400//400 399//399
f 429//429 415//415 416//416
f 429//429 430//430 431//431
f 430//430 429//429 416//416
f 434//434 433//433 431//431
f 431//431 432//432 434//434
f 360//360 434//434 405//405
f 405//405 361//361 360//360
f 432//432 405//405 434//434
f 433//433 429//429 431//431
f 435//435 436//436 417//417
f 417//417 327//327 435//435
f 417//417 317//317 327//327
f 327//327 320//320 419//419
f 437//437 419//419 418//418
f 327//327 437//437 435//435
f 437//437 327//327 419//419
f 438//438 439//439 440//440
f 406//406 439//439 363//363
f 439//439 406//406 440//440
f 438//438 440//440 441//441
f 441//441 442//442 420//420
f 442//442 407//407 420//420
f 348//348 420//420 407//407
f 420//420 438//438 441//441
f 441//441 443//443 442//442
f 440//440 443//443 441//441
f 406//406 444//444 440//440
f 446//446 443//443 445//445
f 440//440 445//445 443//443
f 445//445 440//440 444//444
f 408//408 407//407 410//410
f 443//443 410//410 407//407
f 407//407 442//442 443//443
f 382//382 421//421 447//447
f 395//395 448//448 396//396
f 423//423 386//386 395//395
f 386//386 447//447 448//448
f 386//386 448//448 395//395
f 423//423 422//422 386//386
f 386//386 384//384 382//382
f 382//382 447//447 386//386
f 424//424 449//449 315//315
f 313//313 424//424 312//312
f 424//424 313//313 423//423
f 423//423 449//449 424//424
f 423//423 395//395 394//394
f 393//393 423//423 394//394
f 423//423 393//393 425//425
f 425//425 450//450 427//427
f 450//450 425//425 393//393
f 449//449 425//425 315//315
f 425//425 449//449 423//423
f 451//451 372//372 371//371
f 371//371 428//428 451//451
f 372//372 451//451 426//426
f 427//427 450//450 370//370
f 428//428 452//452 451//451
f 428//428 370//370 450//450
f 450//450 393//393 391//391
f 391//391 453//453 450//450
f 428//428 450//450 452//452
f 453//453 452//452 450//450
f 400//400 430//430 416//416
f 400//400 403//403 454//454
f 454//454 431//431 430//430
f 430//430 400//400 454//454
f 454//454 455//455 431//431
f 432//432 431//431 455//455
f 418//418 325//325 326//326
f 457//457 339//339 415//415
f 456//456 418//418 326//326
f 324//324 326//326 325//325
f 325//325 323//323 324//324
f 324//324 458//458 326//326
f 332//332 330//330 324//324
f 458//458 324//324 330//330
f 330//330 328//328 458//458
f 329//329 458//458 328//328
f 457//457 329//329 339//339
f 340//340 415//415 339//339
f 458//458 329//329 457//457
f 457//457 456//456 458//458
f 326//326 458//458 456//456
f 343//343 341//341 322//322
f 341//341 343//343 342//342
f 332//332 345//345 331//331
f 324//324 345//345 332//332
f 345//345 324//324 322//322
f 322//322 341//341 345//345
f 319//319 459//459 460//460
f 347//347 460//460 461//461
f 460//460 347//347 346//346
f 357//357 355//355 343//343
f 346//346 354//354 357//357
f 357//357 460//460 346//346
f 321//321 357//357 343//343
f 343//343 322//322 321//321
f 357//357 321//321 460//460
f 319//319 460//460 321//321
f 459//459 462//462 460//460
f 318//318 459//459 319//319
f 459//459 318//318 417//417
f 438//438 420//420 461//461
f 347//347 461//461 420//420
f 460//460 462//462 461//461
f 438//438 461//461 462//462
f 462//462 463//463 438//438
f 417//417 436//436 459//459
f 436//436 463//463 459//459
f 462//462 459//459 463//463
f 464//464 439//439 436//436
f 463//463 436//436 439//439
f 438//438 463//463 439//439
f 437//437 464//464 435//435
f 360//360 358//358 437//437
f 464//464 437//437 358//358
f 359//359 464//464 358//358
f 365//365 363//363 439//439
f 439//439 464//464 365//365
f 359//359 365//365 464//464
f 464//464 436//436 435//435
f 456//456 465//465 418//418
f 433//433 456//456 457//457
f 456//456 433//433 465//465
f 429//429 433//433 457//457
f 457//457 415//415 429//429
f 465//465 434//434 360//360
f 360//360 437//437 465//465
f 465//465 437//437 418//418
f 465//465 433//433 434//434
f 466//466 467//467 403//403
f 466//466 373//373 467//467
f 467//467 373//373 426//426
f 401//401 468//468 402//402
f 401//401 335//335 367//367
f 334//334 368//368 333//333
f 368//368 367//367 335//335
f 335//335 333//333 368//368
f 401//401 366//366 468//468
f 366//366 401//401 367//367
f 372//372 468//468 366//366
f 372//372 373//373 466//466
f 466//466 468//468 372//372
f 466//466 403//403 399//399
f 466//466 399//399 402//402
f 402//402 468//468 466//466
f 376//376 344//344 377//377
f 414//414 368//368 334//334
f 368//368 414//414 378//378
f 375//375 378//378 414//414
f 469//469 411//411 409//409
f 380//380 411//411 379//379
f 469//469 381//381 379//379
f 379//379 411//411 469//469
f 388//388 377//377 356//356
f 356//356 413//413 388//388
f 411//411 380//380 412//412
f 380//380 388//388 413//413
f 413//413 412//412 380//380
f 377//377 344//344 356//356
f 469//469 470//470 381//381
f 469//469 409//409 410//410
f 421//421 381//381 470//470
f 421//421 446//446 447//447
f 470//470 446//446 421//421
f 470//470 469//469 410//410
f 470//470 410//410 443//443
f 443//443 446//446 470//470
f 448//448 444//444 406//406
f 406//406 396//396 448//448
f 445//445 447//447 446//446
f 444//444 448//448 447//447
f 447//447 445//445 444//444
f 405//405 391//391 404//404
f 390//390 404//404 391//391
f 404//404 390//390 389//389
f 396//396 406//406 398//398
f 364//364 398//398 406//406
f 398//398 364//364 397//397
f 467//467 471//471 454//454
f 454//454 403//403 467//467
f 467//467 426//426 451//451
f 451//451 471//471 467//467
f 452//452 471//471 451//451
f 471//471 452//452 455//455
f 453//453 455//455 452//452
f 432//432 453//453 391//391
f 391//391 405//405 432//432
f 454//454 471//471 455//455
f 453//453 432//432 455//455
f 472//472 473//473 474//474
f 473//473 472//472 475//475
f 476//476 475//475 472//472
f 477//477 476//476 472//472
f 476//476 478//478 475//475
f 479//479 476//476 477//477
f 480//480 479//479 481//481
f 480//480 478//478 479//479
f 476//476 479//479 478//478
f 480//480 482//482 478//478
f 475//475 478//478 483//483
f 474//474 473//473 484//484
f 485//485 486//486 487//487
f 486//486 488//488 487//487
f 490//490 489//489 487//487
f 485//485 487//487 489//489
f 490//490 491//491 489//489
f 489//489 491//491 492//492
f 495//495 493//493 494//494
f 494//494 489//489 492//492
f 489//489 494//494 493//493
f 493//493 495//495 485//485
f 493//493 485//485 489//489
f 500//500 499//499 498//498
f 498//498 501//501 500//500
f 499//499 500//500 496//496
f 501//501 502//502 500//500
f 503//503 497//497 500//500
f 496//496 500//500 497//497
f 504//504 497//497 503//503
f 497//497 504//504 505//505
f 508//508 507//507 504//504
f 505//505 504//504 507//507
f 509//509 512//512 510//510
f 513//513 509//509 511//511
f 513//513 514//514 512//512
f 509//509 513//513 512//512
f 512//512 515//515 516//516
f 515//515 501//501 516//516
f 516//516 501//501 498//498
f 510//510 512//512 516//516
f 520//520 519//519 521//521
f 519//519 523//523 522//522
f 524//524 518//518 517//517
f 519//519 522//522 517//517
f 525//525 518//518 524//524
f 518//518 525//525 526//526
f 525//525 513//513 527//527
f 527//527 513//513 511//511
f 527//527 528//528 525//525
f 526//526 525//525 528//528
f 531//531 532//532 530//530
f 529//529 530//530 532//532
f 531//531 533//533 532//532
f 534//534 532//532 533//533
f 532//532 534//534 535//535
f 536//536 532//532 535//535
f 532//532 536//536 537//537
f 538//538 529//529 537//537
f 532//532 537//537 529//529
f 539//539 529//529 538//538
f 540//540 542//542 504//504
f 541//541 504//504 503//503
f 541//541 540//540 504//504
f 502//502 503//503 500//500
f 472//472 503//503 502//502
f 502//502 477//477 472//472
f 474//474 543//543 472//472
f 503//503 472//472 543//543
f 541//541 503//503 543//543
f 514//514 544//544 512//512
f 545//545 546//546 514//514
f 544//544 514//514 546//546
f 479//479 546//546 545//545
f 546//546 479//479 477//477
f 477//477 544//544 546//546
f 502//502 544//544 477//477
f 515//515 544//544 502//502
f 502//502 501//501 515//515
f 544//544 515//515 512//512
f 522//522 524//524 517//517
f 522//522 547//547 548//548
f 548//548 549//549 524//524
f 522//522 548//548 524//524
f 481//481 549//549 550//550
f 548//548 550//550 549//549
f 481//481 479//479 549//549
f 549//549 479//479 545//545
f 513//513 545//545 514//514
f 545//545 513//513 525//525
f 549//549 525//525 524//524
f 525//525 549//549 545//545
f 534//534 533//533 551//551
f 552//552 553//553 534//534
f 551//551 552//552 534//534
f 535//535 534//534 553//553
f 554//554 535//535 553//553
f 555//555 535//535 554//554
f 536//536 535//535 555//555
f 508//508 504//504 506//506
f 556//556 507//507 508//508
f 494//494 492//492 558//558
f 486//486 485//485 495//495
f 523//523 519//519 520//520
f 547//547 559//559 548//548
f 522//522 523//523 547//547
f 481//481 550//550 560//560
f 548//548 560//560 550//550
f 475//475 483//483 473//473
f 480//480 481//481 561//561
f 478//478 482//482 483//483
f 484//484 473//473 562//562
f 483//483 562//562 473//473
f 542//542 506//506 504//504
f 540//540 541//541 563//563
f 540//540 563//563 542//542
f 541//541 543//543 564//564
f 565//565 543//543 474//474
f 543//543 565//565 564//564
f 542//542 566//566 506//506
f 508//508 506//506 566//566
f 567//567 566//566 542//542
f 567//567 533//533 531//531
f 531//531 568//568 567//567
f 566//566 567//567 569//569
f 568//568 569//569 567//567
f 570//570 571//571 557//557
f 557//557 572//572 570//570
f 557//557 486//486 572//572
f 488//488 486//486 557//557
f 495//495 494//494 558//558
f 495//495 572//572 486//486
f 558//558 573//573 495//495
f 495//495 573//573 570//570
f 570//570 572//572 495//495
f 538//538 537//537 576//576
f 537//537 536//536 577//577
f 577//577 576//576 537//537
f 578//578 575//575 577//577
f 577//577 575//575 576//576
f 523//523 575//575 578//578
f 574//574 523//523 520//520
f 575//575 523//523 574//574
f 547//547 523//523 578//578
f 559//559 547//547 578//578
f 536//536 555//555 577//577
f 555//555 578//578 577//577
f 555//555 554//554 579//579
f 561//561 560//560 579//579
f 555//555 579//579 578//578
f 578//578 579//579 560//560
f 481//481 560//560 561//561
f 548//548 559//559 560//560
f 559//559 578//578 560//560
f 483//483 580//580 562//562
f 561//561 482//482 480//480
f 482//482 580//580 483//483
f 580//580 482//482 561//561
f 561//561 579//579 580//580
f 554//554 580//580 579//579
f 554//554 553//553 580//580
f 552//552 580//580 553//553
f 580//580 552//552 484//484
f 484//484 562//562 580//580
f 563//563 581//581 542//542
f 563//563 541//541 564//564
f 565//565 474//474 484//484
f 484//484 581//581 565//565
f 564//564 565//565 581//581
f 564//564 581//581 563//563
f 552//552 581//581 484//484
f 581//581 552//552 551//551
f 567//567 551//551 533//533
f 551//551 567//567 542//542
f 542//542 581//581 551//551
f 587//587 499//499 588//588
f 586//586 588//588 499//499
f 587//587 498//498 499//499
f 496//496 586//586 499//499
f 497//497 585//585 584//584
f 584//584 496//496 497//497
f 496//496 584//584 586//586
f 497//497 505//505 585//585
f 507//507 585//585 505//505
f 507//507 583//583 585//585
f 591//591 511//511 590//590
f 509//509 590//590 511//511
f 589//589 509//509 510//510
f 509//509 589//589 590//590
f 516//516 498//498 587//587
f 592//592 516//516 587//587
f 589//589 510//510 592//592
f 592//592 510//510 516//516
f 593//593 518//518 594//594
f 593//593 521//521 519//519
f 593//593 517//517 518//518
f 517//517 593//593 519//519
f 518//518 526//526 594//594
f 528//528 594//594 526//526
f 511//511 591//591 527//527
f 528//528 527//527 591//591
f 595//595 528//528 591//591
f 528//528 595//595 594//594
f 521//521 596//596 520//520
f 574//574 597//597 575//575
f 597//597 574//574 598//598
f 520//520 598//598 574//574
f 520//520 596//596 598//598
f 576//576 601//601 538//538
f 576//576 600//600 601//601
f 575//575 597//597 599//599
f 600//600 576//576 575//575
f 575//575 599//599 600//600
f 602//602 603//603 530//530
f 604//604 530//530 603//603
f 530//530 529//529 602//602
f 604//604 531//531 530//530
f 529//529 539//539 602//602
f 605//605 602//602 539//539
f 538//538 605//605 539//539
f 605//605 538//538 601//601
f 606//606 566//566 607//607
f 556//556 583//583 507//507
f 583//583 556//556 582//582
f 606//606 508//508 566//566
f 582//582 556//556 508//508
f 508//508 606//606 582//582
f 531//531 608//608 568//568
f 566//566 569//569 607//607
f 568//568 607//607 569//569
f 531//531 604//604 608//608
f 568//568 608//608 607//607
f 612//612 610//610 611//611
f 610//610 612//612 609//609
f 606//606 583//583 582//582
f 612//612 611//611 606//606
f 492//492 491//491 613//613
f 588//588 586//586 491//491
f 587//587 588//588 491//491
f 610//610 613//613 586//586
f 613//613 491//491 586//586
f 586//586 584//584 585//585
f 585//585 610//610 586//586
f 606//606 611//611 583//583
f 611//611 610//610 585//585
f 585//585 583//583 611//611
f 610//610 609//609 613//613
f 492//492 613//613 609//609
f 591//591 590//590 490//490
f 590//590 589//589 490//490
f 587//587 491//491 592//592
f 592//592 491//491 490//490
f 490//490 589//589 592//592
f 614//614 615//615 616//616
f 616//616 593//593 594//594
f 591//591 490//490 617//617
f 617//617 595//595 591//591
f 487//487 617//617 490//490
f 488//488 614//614 617//617
f 617//617 487//487 488//488
f 594//594 617//617 616//616
f 617//617 594//594 595//595
f 614//614 616//616 617//617
f 593//593 596//596 521//521
f 616//616 618//618 593//593
f 598//598 593//593 618//618
f 593//593 598//598 596//596
f 618//618 616//616 619//619
f 615//615 619//619 616//616
f 614//614 488//488 557//557
f 597//597 598//598 618//618
f 618//618 620//620 597//597
f 557//557 615//615 614//614
f 557//557 620//620 615//615
f 618//618 619//619 620//620
f 619//619 615//615 620//620
f 557//557 571//571 620//620
f 620//620 571//571 600//600
f 571//571 601//601 600//600
f 620//620 599//599 597//597
f 599//599 620//620 600//600
f 570//570 573//573 603//603
f 603//603 602//602 570//570
f 573//573 604//604 603//603
f 605//605 601//601 571//571
f 605//605 571//571 570//570
f 570//570 602//602 605//605
f 609//609 621//621 558//558
f 492//492 609//609 558//558
f 621//621 609//609 612//612
f 612//612 606//606 607//607
f 607//607 621//621 612//612
f 608//608 604//604 573//573
f 608//608 621//621 607//607
f 621//621 573//573 558//558
f 608//608 573//573 621//621
f 623//623 622//622 624//624
f 626//626 624//624 622//622
f 622//622 625//625 626//626
f 624//624 626//626 627//627
f 627//627 628//628 624//624
f 629//629 628//628 627//627
f 630//630 631//631 629//629
f 628//628 629//629 631//631
f 632//632 633//633 631//631
f 633//633 628//628 631//631
f 634//634 633//633 632//632
f 635//635 636//636 637//637
f 636//636 635//635 638//638
f 634//634 637//637 636//636
f 623//623 638//638 622//622
f 638//638 623//623 636//636
f 634//634 636//636 623//623
f 623//623 624//624 634//634
f 633//633 634//634 628//628
f 624//624 628//628 634//634
f 643//643 641//641 642//642
f 645//645 642//642 644//644
f 646//646 648//648 647//647
f 647//647 645//645 646//646
f 645//645 647//647 642//642
f 639//639 641//641 643//643
f 639//639 649//649 640//640
f 652//652 650//650 651//651
f 655//655 653//653 654//654
f 653//653 655//655 650//650
f 650//650 655//655 651//651
f 657//657 658//658 660//660
f 659//659 660//660 658//658
f 662//662 659//659 661//661
f 659//659 662//662 660//660
f 663//663 665//665 664//664
f 664//664 648//648 646//646
f 646//646 656//656 664//664
f 660//660 663//663 657//657
f 663//663 664//664 656//656
f 656//656 657//657 663//663
f 667//667 668//668 666//666
f 667//667 671//671 670//670
f 670//670 672//672 667//667
f 673//673 674//674 649//649
f 674//674 673//673 675//675
f 675//675 676//676 674//674
f 677//677 676//676 675//675
f 680//680 678//678 679//679
f 677//677 680//680 676//676
f 680//680 677//677 678//678
f 674//674 640//640 649//649
f 648//648 681//681 647//647
f 682//682 642//642 683//683
f 647//647 683//683 642//642
f 683//683 647//647 681//681
f 682//682 684//684 643//643
f 685//685 643//643 684//684
f 639//639 685//685 649//649
f 685//685 639//639 643//643
f 642//642 682//682 643//643
f 686//686 687//687 660//660
f 660//660 662//662 686//686
f 662//662 688//688 686//686
f 648//648 664//664 665//665
f 665//665 663//663 660//660
f 660//660 687//687 665//665
f 622//622 638//638 689//689
f 690//690 689//689 638//638
f 692//692 691//691 689//689
f 689//689 690//690 692//692
f 693//693 690//690 635//635
f 694//694 692//692 690//690
f 690//690 693//693 694//694
f 638//638 635//635 690//690
f 695//695 694//694 696//696
f 694//694 695//695 692//692
f 695//695 697//697 691//691
f 691//691 692//692 695//695
f 698//698 695//695 696//696
f 699//699 698//698 696//696
f 701//701 700//700 702//702
f 700//700 701//701 699//699
f 698//698 699//699 701//701
f 695//695 698//698 697//697
f 701//701 697//697 698//698
f 703//703 701//701 702//702
f 701//701 703//703 704//704
f 705//705 703//703 702//702
f 706//706 704//704 703//703
f 703//703 705//705 706//706
f 707//707 708//708 704//704
f 704//704 706//706 707//707
f 697//697 704//704 708//708
f 704//704 697//697 701//701
f 707//707 709//709 708//708
f 710//710 708//708 709//709
f 711//711 625//625 622//622
f 622//622 689//689 711//711
f 710//710 711//711 689//689
f 689//689 691//691 710//710
f 691//691 697//697 708//708
f 708//708 710//710 691//691
f 685//685 712//712 649//649
f 713//713 649//649 712//712
f 649//649 713//713 673//673
f 675//675 673//673 713//713
f 713//713 714//714 675//675
f 714//714 715//715 677//677
f 716//716 677//677 715//715
f 716//716 678//678 677//677
f 675//675 714//714 677//677
f 683//683 718//718 682//682
f 683//683 681//681 719//719
f 719//719 720//720 683//683
f 655//655 685//685 684//684
f 688//688 721//721 686//686
f 686//686 722//722 687//687
f 686//686 721//721 722//722
f 719//719 681//681 648//648
f 665//665 724//724 719//719
f 719//719 648//648 665//665
f 724//724 665//665 687//687
f 687//687 722//722 724//724
f 702//702 700//700 725//725
f 726//726 725//725 700//700
f 726//726 727//727 725//725
f 700//700 699//699 726//726
f 729//729 728//728 726//726
f 728//728 730//730 727//727
f 727//727 726//726 728//728
f 728//728 732//732 731//731
f 728//728 731//731 730//730
f 733//733 730//730 731//731
f 733//733 735//735 734//734
f 734//734 735//735 736//736
f 734//734 730//730 733//733
f 727//727 734//734 736//736
f 736//736 737//737 727//727
f 737//737 705//705 702//702
f 702//702 727//727 737//737
f 727//727 702//702 725//725
f 727//727 730//730 734//734
f 685//685 738//738 712//712
f 713//713 712//712 738//738
f 713//713 739//739 714//714
f 716//716 742//742 741//741
f 739//739 740//740 715//715
f 714//714 739//739 715//715
f 651//651 718//718 683//683
f 655//655 743//743 685//685
f 682//682 718//718 684//684
f 723//723 721//721 688//688
f 719//719 724//724 722//722
f 722//722 720//720 719//719
f 733//733 731//731 732//732
f 732//732 744//744 733//733
f 732//732 745//745 744//744
f 744//744 746//746 747//747
f 733//733 744//744 747//747
f 747//747 735//735 733//733
f 743//743 738//738 685//685
f 743//743 713//713 738//738
f 713//713 743//743 739//739
f 716//716 715//715 742//742
f 748//748 749//749 688//688
f 662//662 748//748 688//688
f 723//723 688//688 750//750
f 751//751 723//723 750//750
f 751//751 721//721 723//723
f 751//751 752//752 721//721
f 650//650 652//652 753//753
f 754//754 650//650 753//753
f 755//755 653//653 650//650
f 755//755 650//650 754//754
f 756//756 653//653 755//755
f 756//756 654//654 653//653
f 741//741 757//757 758//758
f 757//757 741//741 742//742
f 716//716 741//741 759//759
f 741//741 760//760 759//759
f 741//741 758//758 760//760
f 717//717 678//678 716//716
f 678//678 717//717 761//761
f 717//717 716//716 759//759
f 762//762 678//678 761//761
f 762//762 679//679 678//678
f 763//763 679//679 762//762
f 667//667 666//666 764//764
f 658//658 661//661 659//659
f 765//765 661//661 658//658
f 748//748 662//662 661//661
f 767//767 768//768 766//766
f 711//711 769//769 768//768
f 768//768 625//625 711//711
f 769//769 711//711 710//710
f 769//769 766//766 768//768
f 769//769 709//709 707//707
f 707//707 770//770 769//769
f 769//769 710//710 709//709
f 766//766 771//771 767//767
f 766//766 769//769 770//770
f 770//770 771//771 766//766
f 772//772 770//770 707//707
f 707//707 706//706 772//772
f 773//773 772//772 705//705
f 706//706 705//705 772//772
f 775//775 771//771 774//774
f 772//772 773//773 775//775
f 775//775 774//774 772//772
f 770//770 772//772 774//774
f 774//774 771//771 770//770
f 749//749 771//771 775//775
f 748//748 776//776 749//749
f 771//771 749//749 776//776
f 776//776 748//748 767//767
f 767//767 771//771 776//776
f 749//749 750//750 688//688
f 750//750 749//749 775//775
f 775//775 777//777 750//750
f 773//773 705//705 737//737
f 773//773 737//737 736//736
f 736//736 777//777 773//773
f 775//775 773//773 777//777
f 735//735 777//777 736//736
f 735//735 778//778 777//777
f 751//751 777//777 779//779
f 777//777 751//751 750//750
f 779//779 777//777 778//778
f 778//778 735//735 747//747
f 747//747 746//746 780//780
f 780//780 778//778 747//747
f 778//778 780//780 779//779
f 751//751 779//779 752//752
f 746//746 754//754 753//753
f 754//754 746//746 755//755
f 755//755 745//745 756//756
f 758//758 757//757 781//781
f 782//782 745//745 732//732
f 732//732 781//781 782//782
f 783//783 781//781 732//732
f 784//784 759//759 760//760
f 760//760 785//785 784//784
f 781//781 785//785 758//758
f 760//760 758//758 785//785
f 783//783 785//785 781//781
f 728//728 783//783 732//732
f 783//783 728//728 729//729
f 785//785 783//783 729//729
f 729//729 726//726 786//786
f 787//787 786//786 726//726
f 726//726 699//699 787//787
f 786//786 787//787 784//784
f 729//729 786//786 784//784
f 784//784 785//785 729//729
f 788//788 762//762 761//761
f 761//761 789//789 788//788
f 789//789 761//761 717//717
f 717//717 790//790 789//789
f 784//784 790//790 759//759
f 717//717 759//759 790//790
f 787//787 790//790 784//784
f 787//787 699//699 696//696
f 696//696 791//791 787//787
f 790//790 787//787 791//791
f 696//696 694//694 693//693
f 789//789 791//791 696//696
f 696//696 693//693 789//789
f 693//693 635//635 637//637
f 637//637 788//788 693//693
f 788//788 789//789 693//693
f 789//789 790//790 791//791
f 788//788 792//792 762//762
f 762//762 793//793 763//763
f 792//792 793//793 762//762
f 637//637 792//792 788//788
f 792//792 637//637 794//794
f 634//634 794//794 637//637
f 794//794 634//634 632//632
f 796//796 793//793 794//794
f 632//632 795//795 796//796
f 796//796 794//794 632//632
f 792//792 794//794 793//793
f 796//796 763//763 793//793
f 666//666 669//669 764//764
f 795//795 764//764 669//669
f 797//797 764//764 795//795
f 671//671 764//764 797//797
f 667//667 764//764 671//671
f 798//798 765//765 799//799
f 799//799 801//801 800//800
f 627//627 800//800 801//801
f 798//798 799//799 802//802
f 799//799 800//800 802//802
f 626//626 800//800 627//627
f 800//800 626//626 802//802
f 626//626 625//625 768//768
f 768//768 802//802 626//626
f 802//802 768//768 767//767
f 767//767 798//798 802//802
f 767//767 748//748 798//798
f 661//661 765//765 748//748
f 798//798 748//748 765//765
f 630//630 629//629 797//797
f 627//627 797//797 629//629
f 797//797 627//627 801//801
f 795//795 630//630 797//797
f 795//795 632//632 631//631
f 795//795 631//631 630//630
f 796//796 795//795 803//803
f 669//669 803//803 795//795
f 680//680 796//796 804//804
f 763//763 796//796 680//680
f 763//763 680//680 679//679
f 796//796 803//803 804//804
f 669//669 805//805 803//803
f 803//803 805//805 804//804
f 674//674 806//806 640//640
f 676//676 680//680 804//804
f 805//805 669//669 666//666
f 806//806 805//805 666//666
f 666//666 668//668 806//806
f 640//640 806//806 668//668
f 806//806 674//674 805//805
f 641//641 644//644 642//642
f 640//640 641//641 639//639
f 640//640 668//668 641//641
f 667//667 641//641 668//668
f 644//644 641//641 667//667
f 667//667 672//672 644//644
f 672//672 646//646 644//644
f 645//645 644//644 646//646
f 656//656 646//646 672//672
f 672//672 657//657 656//656
f 672//672 670//670 807//807
f 657//657 672//672 807//807
f 658//658 657//657 807//807
f 807//807 808//808 658//658
f 765//765 658//658 808//808
f 807//807 670//670 671//671
f 799//799 765//765 808//808
f 808//808 807//807 671//671
f 671//671 797//797 801//801
f 808//808 801//801 799//799
f 801//801 808//808 671//671
f 779//779 809//809 752//752
f 780//780 809//809 779//779
f 780//780 746//746 753//753
f 753//753 809//809 780//780
f 810//810 809//809 753//753
f 752//752 809//809 721//721
f 810//810 753//753 652//652
f 721//721 809//809 810//810
f 652//652 721//721 810//810
f 651//651 720//720 652//652
f 721//721 720//720 722//722
f 720//720 721//721 652//652
f 720//720 651//651 683//683
f 651//651 655//655 718//718
f 684//684 718//718 655//655
f 743//743 811//811 739//739
f 743//743 655//655 654//654
f 654//654 811//811 743//743
f 757//757 742//742 715//715
f 757//757 715//715 812//812
f 654//654 813//813 811//811
f 812//812 811//811 813//813
f 654//654 756//756 813//813
f 757//757 812//812 813//813
f 782//782 813//813 756//756
f 756//756 745//745 782//782
f 813//813 782//782 757//757
f 781//781 757//757 782//782
f 746//746 745//745 755//755
f 746//746 744//744 745//745
f 814//814 815//815 816//816
f 817//817 818//818 816//816
f 816//816 818//818 814//814
f 814//814 819//819 815//815
f 821//821 822//822 820//820
f 823//823 820//820 824//824
f 824//824 825//825 823//823
f 827//827 828//828 829//829
f 826//826 827//827 829//829
f 825//825 824//824 826//826
f 823//823 821//821 820//820
f 833//833 830//830 832//832
f 830//830 833//833 831//831
f 833//833 832//832 835//835
f 840//840 842//842 841//841
f 842//842 843//843 841//841
f 848//848 845//845 847//847
f 845//845 848//848 844//844
f 850//850 851//851 849//849
f 849//849 844//844 846//846
f 853//853 851//851 850//850
f 849//849 851//851 844//844
f 854//854 857//857 858//858
f 855//855 854//854 859//859
f 859//859 860//860 855//855
f 858//858 859//859 854//854
f 857//857 861//861 858//858
f 865//865 862//862 863//863
f 863//863 864//864 865//865
f 865//865 866//866 855//855
f 860//860 865//865 855//855
f 865//865 860//860 862//862
f 867//867 868//868 834//834
f 867//867 870//870 868//868
f 835//835 834//834 868//868
f 844//844 851//851 853//853
f 852//852 871//871 850//850
f 853//853 850//850 871//871
f 853//853 872//872 844//844
f 873//873 853//853 871//871
f 875//875 872//872 874//874
f 853//853 874//874 872//872
f 853//853 873//873 874//874
f 872//872 876//876 877//877
f 844//844 877//877 845//845
f 844//844 872//872 877//877
f 879//879 819//819 878//878
f 878//878 880//880 879//879
f 879//879 815//815 819//819
f 866//866 865//865 881//881
f 866//866 882//882 855//855
f 883//883 881//881 864//864
f 865//865 864//864 881//881
f 884//884 882//882 866//866
f 885//885 857//857 886//886
f 854//854 886//886 857//857
f 854//854 882//882 884//884
f 885//885 856//856 857//857
f 882//882 854//854 855//855
f 888//888 889//889 890//890
f 894//894 895//895 893//893
f 893//893 876//876 875//875
f 884//884 901//901 900//900
f 902//902 900//900 901//901
f 901//901 883//883 902//902
f 884//884 900//900 903//903
f 859//859 906//906 860//860
f 861//861 906//906 858//858
f 859//859 858//858 906//906
f 906//906 862//862 860//860
f 831//831 907//907 830//830
f 844//844 848//848 846//846
f 908//908 909//909 850//850
f 908//908 850//850 849//849
f 908//908 849//849 846//846
f 910//910 817//817 911//911
f 892//892 916//916 873//873
f 891//891 916//916 892//892
f 916//916 891//891 875//875
f 875//875 874//874 916//916
f 883//883 901//901 881//881
f 903//903 904//904 918//918
f 905//905 918//918 904//904
f 918//918 884//884 903//903
f 886//886 918//918 885//885
f 905//905 885//885 918//918
f 919//919 921//921 920//920
f 921//921 919//919 818//818
f 814//814 818//818 919//919
f 920//920 922//922 924//924
f 923//923 924//924 922//922
f 861//861 925//925 926//926
f 923//923 926//926 925//925
f 925//925 861//861 857//857
f 856//856 925//925 857//857
f 925//925 856//856 923//923
f 814//814 878//878 819//819
f 927//927 919//919 920//920
f 920//920 928//928 927//927
f 919//919 927//927 814//814
f 878//878 814//814 927//927
f 920//920 924//924 928//928
f 929//929 928//928 924//924
f 924//924 923//923 929//929
f 856//856 929//929 923//923
f 856//856 885//885 929//929
f 931//931 928//928 930//930
f 928//928 931//931 927//927
f 878//878 927//927 931//931
f 932//932 913//913 912//912
f 930//930 933//933 913//913
f 930//930 934//934 933//933
f 935//935 933//933 934//934
f 935//935 885//885 905//905
f 914//914 913//913 915//915
f 933//933 915//915 913//913
f 915//915 933//933 936//936
f 937//937 898//898 897//897
f 915//915 937//937 897//897
f 897//897 896//896 915//915
f 937//937 915//915 936//936
f 936//936 938//938 937//937
f 936//936 933//933 939//939
f 935//935 939//939 933//933
f 935//935 905//905 904//904
f 904//904 940//940 935//935
f 939//939 938//938 936//936
f 939//939 935//935 940//940
f 941//941 938//938 939//939
f 942//942 938//938 941//941
f 942//942 899//899 898//898
f 898//898 937//937 942//942
f 938//938 942//942 937//937
f 838//838 839//839 840//840
f 843//843 943//943 841//841
f 944//944 841//841 943//943
f 841//841 944//944 945//945
f 945//945 840//840 841//841
f 836//836 838//838 840//840
f 945//945 946//946 836//836
f 836//836 840//840 945//945
f 888//888 890//890 887//887
f 947//947 890//890 948//948
f 890//890 947//947 887//887
f 902//902 883//883 950//950
f 949//949 951//951 948//948
f 951//951 949//949 950//950
f 917//917 888//888 887//887
f 947//947 917//917 887//887
f 948//948 952//952 947//947
f 883//883 953//953 950//950
f 951//951 952//952 948//948
f 954//954 950//950 953//953
f 950//950 954//954 951//951
f 955//955 956//956 957//957
f 835//835 955//955 957//957
f 868//868 955//955 835//835
f 868//868 870//870 956//956
f 956//956 955//955 868//868
f 958//958 956//956 952//952
f 959//959 953//953 883//883
f 883//883 864//864 959//959
f 953//953 959//959 954//954
f 957//957 956//956 960//960
f 958//958 960//960 956//956
f 960//960 958//958 954//954
f 961//961 831//831 833//833
f 962//962 961//961 957//957
f 833//833 835//835 957//957
f 961//961 833//833 957//957
f 960//960 954//954 963//963
f 959//959 963//963 954//954
f 959//959 864//864 863//863
f 964//964 963//963 959//959
f 963//963 964//964 960//960
f 962//962 957//957 960//960
f 965//965 907//907 831//831
f 965//965 961//961 962//962
f 961//961 965//965 831//831
f 962//962 960//960 966//966
f 964//964 966//966 960//960
f 863//863 967//967 959//959
f 964//964 959//959 967//967
f 823//823 825//825 821//821
f 826//826 969//969 825//825
f 969//969 826//826 829//829
f 829//829 970//970 969//969
f 971//971 969//969 970//970
f 971//971 972//972 969//969
f 825//825 968//968 821//821
f 969//969 972//972 968//968
f 968//968 825//825 969//969
f 818//818 817//817 910//910
f 921//921 973//973 920//920
f 921//921 818//818 910//910
f 973//973 921//921 910//910
f 926//926 923//923 974//974
f 922//922 974//974 923//923
f 920//920 973//973 922//922
f 978//978 847//847 845//845
f 847//847 978//978 976//976
f 979//979 976//976 978//978
f 976//976 979//979 975//975
f 980//980 834//834 832//832
f 835//835 832//832 834//834
f 980//980 832//832 830//830
f 975//975 977//977 980//980
f 867//867 834//834 981//981
f 981//981 980//980 977//977
f 977//977 982//982 981//981
f 980//980 981//981 834//834
f 975//975 982//982 977//977
f 982//982 975//975 983//983
f 979//979 983//983 975//975
f 895//895 978//978 845//845
f 978//978 895//895 979//979
f 984//984 982//982 983//983
f 984//984 869//869 867//867
f 870//870 867//867 869//869
f 982//982 984//984 981//981
f 867//867 981//981 984//984
f 985//985 888//888 917//917
f 987//987 979//979 988//988
f 895//895 988//988 979//979
f 895//895 989//989 988//988
f 990//990 984//984 987//987
f 990//990 889//889 986//986
f 888//888 986//986 889//889
f 986//986 984//984 990//990
f 988//988 990//990 987//987
f 989//989 895//895 894//894
f 837//837 839//839 836//836
f 838//838 836//836 839//839
f 839//839 837//837 991//991
f 837//837 992//992 991//991
f 993//993 991//991 992//992
f 842//842 991//991 993//993
f 840//840 839//839 842//842
f 991//991 842//842 839//839
f 994//994 896//896 897//897
f 897//897 995//995 994//994
f 899//899 897//897 898//898
f 995//995 899//899 996//996
f 897//897 899//899 995//995
f 997//997 995//995 996//996
f 998//998 891//891 892//892
f 999//999 998//998 892//892
f 997//997 1000//1000 994//994
f 1000//1000 997//997 999//999
f 994//994 995//995 997//997
f 998//998 999//999 997//997
f 914//914 1000//1000 1001//1001
f 913//913 914//914 912//912
f 896//896 914//914 915//915
f 994//994 914//914 896//896
f 994//994 1000//1000 914//914
f 892//892 1002//1002 999//999
f 1000//1000 1003//1003 1001//1001
f 1003//1003 1000//1000 999//999
f 1004//1004 1006//1006 1005//1005
f 1004//1004 815//815 879//879
f 1001//1001 1006//1006 1007//1007
f 1004//1004 1007//1007 1006//1006
f 1007//1007 1004//1004 879//879
f 871//871 1009//1009 1002//1002
f 1008//1008 1002//1002 1009//1009
f 871//871 852//852 1009//1009
f 1010//1010 1008//1008 1009//1009
f 1009//1009 852//852 1010//1010
f 1006//1006 1011//1011 1005//1005
f 1011//1011 1006//1006 1010//1010
f 1008//1008 1010//1010 1006//1006
f 1004//1004 816//816 815//815
f 909//909 852//852 850//850
f 852//852 909//909 1010//1010
f 1011//1011 1012//1012 1005//1005
f 1012//1012 1011//1011 1010//1010
f 1005//1005 1013//1013 1004//1004
f 816//816 1004//1004 1013//1013
f 911//911 1013//1013 1014//1014
f 816//816 911//911 817//817
f 1005//1005 1014//1014 1013//1013
f 911//911 816//816 1013//1013
f 1012//1012 1010//1010 1015//1015
f 909//909 1015//1015 1010//1010
f 1012//1012 1014//1014 1005//1005
f 820//820 822//822 1016//1016
f 1016//1016 824//824 820//820
f 1016//1016 1017//1017 1018//1018
f 824//824 1016//1016 1018//1018
f 828//828 1019//1019 1020//1020
f 1018//1018 1019//1019 828//828
f 828//828 827//827 1018//1018
f 827//827 824//824 1018//1018
f 826//826 824//824 827//827
f 1021//1021 980//980 830//830
f 980//980 1021//1021 1022//1022
f 976//976 1024//1024 847//847
f 1024//1024 976//976 975//975
f 975//975 1023//1023 1024//1024
f 975//975 1022//1022 1023//1023
f 975//975 980//980 1022//1022
f 910//910 1026//1026 1025//1025
f 1026//1026 1027//1027 1025//1025
f 1028//1028 1029//1029 1027//1027
f 1030//1030 1028//1028 822//822
f 1030//1030 822//822 821//821
f 1028//1028 1030//1030 1029//1029
f 1025//1025 1027//1027 1029//1029
f 1025//1025 1029//1029 973//973
f 973//973 910//910 1025//1025
f 1030//1030 821//821 968//968
f 1029//1029 1030//1030 968//968
f 926//926 972//972 861//861
f 972//972 926//926 968//968
f 926//926 974//974 968//968
f 1029//1029 968//968 974//974
f 973//973 1029//1029 974//974
f 974//974 922//922 973//973
f 861//861 972//972 906//906
f 906//906 972//972 971//971
f 971//971 862//862 906//906
f 863//863 862//862 971//971
f 1032//1032 970//970 1031//1031
f 970//970 1032//1032 1033//1033
f 1034//1034 965//965 962//962
f 962//962 1033//1033 1034//1034
f 966//966 1033//1033 962//962
f 966//966 964//964 967//967
f 970//970 967//967 863//863
f 863//863 971//971 970//970
f 829//829 1031//1031 970//970
f 966//966 970//970 1033//1033
f 970//970 966//966 967//967
f 1035//1035 1032//1032 1020//1020
f 829//829 828//828 1020//1020
f 1033//1033 1036//1036 1037//1037
f 1037//1037 1034//1034 1033//1033
f 1036//1036 1033//1033 1035//1035
f 1032//1032 1035//1035 1033//1033
f 1034//1034 1037//1037 965//965
f 1021//1021 965//965 1037//1037
f 1021//1021 907//907 965//965
f 829//829 1020//1020 1031//1031
f 1032//1032 1031//1031 1020//1020
f 830//830 907//907 1021//1021
f 1022//1022 1037//1037 1036//1036
f 1022//1022 1021//1021 1037//1037
f 1035//1035 1020//1020 1019//1019
f 1019//1019 1018//1018 848//848
f 1024//1024 848//848 847//847
f 848//848 1024//1024 1019//1019
f 1036//1036 1035//1035 1023//1023
f 1024//1024 1023//1023 1035//1035
f 1035//1035 1019//1019 1024//1024
f 1022//1022 1036//1036 1023//1023
f 1018//1018 846//846 848//848
f 1018//1018 1017//1017 908//908
f 908//908 846//846 1018//1018
f 911//911 1026//1026 910//910
f 1026//1026 911//911 1014//1014
f 1027//1027 1026//1026 1014//1014
f 1014//1014 1028//1028 1027//1027
f 1015//1015 1028//1028 1014//1014
f 1014//1014 1012//1012 1015//1015
f 1017//1017 909//909 908//908
f 1017//1017 1015//1015 909//909
f 1016//1016 822//822 1017//1017
f 822//822 1028//1028 1017//1017
f 1015//1015 1017//1017 1028//1028
f 932//932 1038//1038 913//913
f 930//930 913//913 1038//1038
f 878//878 932//932 880//880
f 932//932 878//878 1038//1038
f 1038//1038 878//878 931//931
f 931//931 930//930 1038//1038
f 930//930 928//928 934//934
f 929//929 934//934 928//928
f 935//935 929//929 885//885
f 929//929 935//935 934//934
f 884//884 866//866 901//901
f 881//881 901//901 866//866
f 854//854 918//918 886//886
f 918//918 854//854 884//884
f 917//917 952//952 956//956
f 956//956 870//870 917//917
f 947//947 952//952 917//917
f 951//951 958//958 952//952
f 958//958 951//951 954//954
f 869//869 985//985 870//870
f 870//870 985//985 917//917
f 986//986 888//888 985//985
f 985//985 869//869 984//984
f 984//984 986//986 985//985
f 984//984 983//983 987//987
f 979//979 987//987 983//983
f 873//873 871//871 892//892
f 874//874 873//873 916//916
f 895//895 877//877 893//893
f 876//876 893//893 877//877
f 895//895 845//845 877//877
f 876//876 872//872 875//875
f 1007//1007 879//879 880//880
f 880//880 1001//1001 1007//1007
f 880//880 932//932 912//912
f 880//880 912//912 914//914
f 880//880 914//914 1001//1001
f 1003//1003 999//999 1008//1008
f 1002//1002 1008//1008 999//999
f 892//892 871//871 1002//1002
f 1003//1003 1006//1006 1001//1001
f 1006//1006 1003//1003 1008//1008
f 889//889 1039//1039 890//890
f 1039//1039 889//889 990//990
f 988//988 989//989 894//894
f 894//894 992//992 988//988
f 988//988 992//992 837//837
f 837//837 1040//1040 988//988
f 990//990 1040//1040 1039//1039
f 1040//1040 990//990 988//988
f 1040//1040 1041//1041 1039//1039
f 1042//1042 1040//1040 837//837
f 1042//1042 837//837 836//836
f 1040//1040 1042//1042 1041//1041
f 890//890 1039//1039 1041//1041
f 1041//1041 949//949 948//948
f 948//948 890//890 1041//1041
f 1042//1042 949//949 1041//1041
f 1042//1042 836//836 949//949
f 946//946 949//949 836//836
f 902//902 950//950 946//946
f 949//949 946//946 950//950
f 945//945 900//900 902//902
f 902//902 946//946 945//945
f 900//900 945//945 903//903
f 904//904 903//903 944//944
f 945//945 944//944 903//903
f 1043//1043 899//899 941//941
f 942//942 941//941 899//899
f 940//940 941//941 939//939
f 904//904 944//944 940//940
f 943//943 940//940 944//944
f 843//843 1044//1044 943//943
f 941//941 943//943 1044//1044
f 943//943 941//941 940//940
f 1045//1045 1044//1044 843//843
f 1043//1043 941//941 1044//1044
f 1044//1044 1045//1045 1043//1043
f 842//842 1045//1045 843//843
f 996//996 899//899 1043//1043
f 993//993 1045//1045 842//842
f 891//891 998//998 993//993
f 1043//1043 1045//1045 996//996
f 998//998 996//996 1045//1045
f 1045//1045 993//993 998//998
f 997//997 996//996 998//998
f 891//891 893//893 875//875
f 893//893 993//993 992//992
f 993//993 893//893 891//891
f 894//894 893//893 992//992
f 1048//1048 1049//1049 1047//1047
f 1047//1047 1046//1046 1048//1048
f 1050//1050 1048//1048 1046//1046
f 1048//1048 1050//1050 1051//1051
f 1051//1051 1052//1052 1048//1048
f 1049//1049 1048//1048 1052//1052
f 1051//1051 1054//1054 1053//1053
f 1053//1053 1052//1052 1051//1051
f 1055//1055 1053//1053 1054//1054
f 1053//1053 1055//1055 1057//1057
f 1057//1057 1056//1056 1053//1053
f 1056//1056 1058//1058 1052//1052
f 1052//1052 1053//1053 1056//1056
f 1059//1059 1056//1056 1057//1057
f 1059//1059 1061//1061 1060//1060
f 1063//1063 1062//1062 1060//1060
f 1059//1059 1060//1060 1062//1062
f 1056//1056 1059//1059 1058//1058
f 1062//1062 1058//1058 1059//1059
f 1064//1064 1062//1062 1063//1063
f 1063//1063 1065//1065 1064//1064
f 1062//1062 1064//1064 1049//1049
f 1066//1066 1067//1067 1068//1068
f 1067//1067 1064//1064 1065//1065
f 1065//1065 1068//1068 1067//1067
f 1067//1067 1049//1049 1064//1064
f 1067//1067 1066//1066 1047//1047
f 1049//1049 1067//1067 1047//1047
f 1049//1049 1052//1052 1058//1058
f 1049//1049 1058//1058 1062//1062
f 1069//1069 1070//1070 1047//1047
f 1047//1047 1066//1066 1069//1069
f 1068//1068 1069//1069 1066//1066
f 1069//1069 1068//1068 1071//1071
f 1072//1072 1073//1073 1071//1071
f 1074//1074 1071//1071 1073//1073
f 1071//1071 1074//1074 1069//1069
f 1074//1074 1076//1076 1075//1075
f 1070//1070 1069//1069 1074//1074
f 1074//1074 1075//1075 1070//1070
f 1077//1077 1073//1073 1072//1072
f 1078//1078 1079//1079 1077//1077
f 1079//1079 1073//1073 1077//1077
f 1073//1073 1079//1079 1080//1080
f 1074//1074 1080//1080 1076//1076
f 1074//1074 1073//1073 1080//1080
f 1076//1076 1082//1082 1081//1081
f 1081//1081 1075//1075 1076//1076
f 1084//1084 1081//1081 1083//1083
f 1083//1083 1046//1046 1084//1084
f 1070//1070 1046//1046 1047//1047
f 1046//1046 1070//1070 1084//1084
f 1081//1081 1084//1084 1070//1070
f 1070//1070 1075//1075 1081//1081
f 1055//1055 1085//1085 1057//1057
f 1086//1086 1055//1055 1087//1087
f 1085//1085 1055//1055 1086//1086
f 1088//1088 1089//1089 1087//1087
f 1089//1089 1088//1088 1090//1090
f 1090//1090 1092//1092 1089//1089
f 1093//1093 1090//1090 1091//1091
f 1094//1094 1096//1096 1095//1095
f 1093//1093 1095//1095 1096//1096
f 1096//1096 1097//1097 1093//1093
f 1097//1097 1092//1092 1090//1090
f 1090//1090 1093//1093 1097//1097
f 1098//1098 1097//1097 1096//1096
f 1096//1096 1061//1061 1098//1098
f 1085//1085 1092//1092 1098//1098
f 1097//1097 1098//1098 1092//1092
f 1103//1103 1101//1101 1102//1102
f 1102//1102 1104//1104 1103//1103
f 1103//1103 1099//1099 1101//1101
f 1106//1106 1103//1103 1105//1105
f 1105//1105 1107//1107 1106//1106
f 1103//1103 1106//1106 1099//1099
f 1111//1111 1107//1107 1109//1109
f 1109//1109 1107//1107 1105//1105
f 1108//1108 1105//1105 1103//1103
f 1103//1103 1104//1104 1108//1108
f 1108//1108 1109//1109 1105//1105
f 1113//1113 1114//1114 1115//1115
f 1101//1101 1112//1112 1113//1113
f 1101//1101 1099//1099 1100//1100
f 1118//1118 1116//1116 1117//1117
f 1119//1119 1117//1117 1116//1116
f 1120//1120 1117//1117 1119//1119
f 1120//1120 1121//1121 1117//1117
f 1117//1117 1122//1122 1118//1118
f 1118//1118 1122//1122 1102//1102
f 1104//1104 1102//1102 1122//1122
f 1118//1118 1102//1102 1116//1116
f 1124//1124 1123//1123 1125//1125
f 1126//1126 1125//1125 1123//1123
f 1125//1125 1126//1126 1127//1127
f 1126//1126 1130//1130 1129//1129
f 1126//1126 1129//1129 1127//1127
f 1131//1131 1127//1127 1129//1129
f 1125//1125 1131//1131 1132//1132
f 1132//1132 1128//1128 1125//1125
f 1131//1131 1125//1125 1127//1127
f 1128//1128 1133//1133 1134//1134
f 1132//1132 1133//1133 1128//1128
f 1135//1135 1128//1128 1134//1134
f 1124//1124 1128//1128 1135//1135
f 1136//1136 1124//1124 1135//1135
f 1124//1124 1136//1136 1123//1123
f 1124//1124 1125//1125 1128//1128
f 1138//1138 1139//1139 1137//1137
f 1139//1139 1138//1138 1140//1140
f 1142//1142 1140//1140 1141//1141
f 1144//1144 1143//1143 1142//1142
f 1140//1140 1142//1142 1143//1143
f 1146//1146 1143//1143 1145//1145
f 1145//1145 1147//1147 1146//1146
f 1148//1148 1146//1146 1147//1147
f 1148//1148 1130//1130 1126//1126
f 1146//1146 1140//1140 1143//1143
f 1139//1139 1146//1146 1148//1148
f 1148//1148 1126//1126 1139//1139
f 1149//1149 1139//1139 1123//1123
f 1126//1126 1123//1123 1139//1139
f 1139//1139 1149//1149 1137//1137
f 1139//1139 1140//1140 1146//1146
f 1152//1152 1151//1151 1150//1150
f 1153//1153 1152//1152 1150//1150
f 1154//1154 1155//1155 1152//1152
f 1155//1155 1151//1151 1152//1152
f 1155//1155 1157//1157 1156//1156
f 1108//1108 1104//1104 1122//1122
f 1117//1117 1158//1158 1122//1122
f 1117//1117 1121//1121 1159//1159
f 1117//1117 1160//1160 1158//1158
f 1160//1160 1117//1117 1159//1159
f 1158//1158 1161//1161 1122//1122
f 1122//1122 1161//1161 1108//1108
f 1114//1114 1116//1116 1115//1115
f 1116//1116 1114//1114 1162//1162
f 1163//1163 1116//1116 1162//1162
f 1116//1116 1102//1102 1115//1115
f 1165//1165 1166//1166 1167//1167
f 1167//1167 1168//1168 1165//1165
f 1168//1168 1169//1169 1165//1165
f 1169//1169 1168//1168 1170//1170
f 1171//1171 1165//1165 1169//1169
f 1135//1135 1172//1172 1136//1136
f 1172//1172 1135//1135 1173//1173
f 1176//1176 1173//1173 1175//1175
f 1172//1172 1177//1177 1136//1136
f 1106//1106 1178//1178 1099//1099
f 1107//1107 1178//1178 1106//1106
f 1107//1107 1179//1179 1178//1178
f 1178//1178 1179//1179 1149//1149
f 1180//1180 1149//1149 1123//1123
f 1180//1180 1123//1123 1136//1136
f 1149//1149 1180//1180 1178//1178
f 1100//1100 1178//1178 1180//1180
f 1178//1178 1100//1100 1099//1099
f 1182//1182 1181//1181 1063//1063
f 1063//1063 1060//1060 1182//1182
f 1184//1184 1183//1183 1181//1181
f 1181//1181 1182//1182 1184//1184
f 1185//1185 1182//1182 1060//1060
f 1060//1060 1061//1061 1185//1185
f 1185//1185 1184//1184 1182//1182
f 1186//1186 1187//1187 1184//1184
f 1184//1184 1185//1185 1186//1186
f 1187//1187 1188//1188 1183//1183
f 1183//1183 1184//1184 1187//1187
f 1186//1186 1189//1189 1187//1187
f 1190//1190 1187//1187 1189//1189
f 1189//1189 1191//1191 1190//1190
f 1194//1194 1192//1192 1193//1193
f 1187//1187 1190//1190 1192//1192
f 1192//1192 1194//1194 1187//1187
f 1187//1187 1194//1194 1188//1188
f 1193//1193 1188//1188 1194//1194
f 1195//1195 1193//1193 1192//1192
f 1193//1193 1195//1195 1196//1196
f 1198//1198 1197//1197 1199//1199
f 1199//1199 1196//1196 1195//1195
f 1195//1195 1198//1198 1199//1199
f 1196//1196 1199//1199 1200//1200
f 1200//1200 1201//1201 1196//1196
f 1188//1188 1196//1196 1201//1201
f 1196//1196 1188//1188 1193//1193
f 1203//1203 1201//1201 1200//1200
f 1200//1200 1202//1202 1203//1203
f 1065//1065 1204//1204 1202//1202
f 1202//1202 1068//1068 1065//1065
f 1200//1200 1068//1068 1202//1202
f 1204//1204 1203//1203 1202//1202
f 1204//1204 1065//1065 1063//1063
f 1063//1063 1181//1181 1204//1204
f 1203//1203 1204//1204 1181//1181
f 1181//1181 1183//1183 1203//1203
f 1183//1183 1188//1188 1201//1201
f 1201//1201 1203//1203 1183//1183
f 1109//1109 1110//1110 1111//1111
f 1137//1137 1149//1149 1205//1205
f 1179//1179 1205//1205 1149//1149
f 1107//1107 1111//1111 1179//1179
f 1205//1205 1179//1179 1111//1111
f 1206//1206 1207//1207 1208//1208
f 1207//1207 1206//1206 1156//1156
f 1205//1205 1206//1206 1141//1141
f 1205//1205 1151//1151 1206//1206
f 1206//1206 1151//1151 1156//1156
f 1156//1156 1151//1151 1155//1155
f 1072//1072 1071//1071 1209//1209
f 1209//1209 1210//1210 1072//1072
f 1209//1209 1068//1068 1200//1200
f 1071//1071 1068//1068 1209//1209
f 1200//1200 1211//1211 1209//1209
f 1211//1211 1212//1212 1210//1210
f 1210//1210 1209//1209 1211//1211
f 1213//1213 1211//1211 1200//1200
f 1200//1200 1199//1199 1213//1213
f 1197//1197 1213//1213 1199//1199
f 1213//1213 1197//1197 1214//1214
f 1215//1215 1212//1212 1214//1214
f 1213//1213 1214//1214 1212//1212
f 1211//1211 1213//1213 1212//1212
f 1215//1215 1216//1216 1212//1212
f 1217//1217 1212//1212 1216//1216
f 1217//1217 1218//1218 1212//1212
f 1218//1218 1219//1219 1210//1210
f 1210//1210 1078//1078 1077//1077
f 1210//1210 1077//1077 1072//1072
f 1210//1210 1212//1212 1218//1218
f 1100//1100 1180//1180 1136//1136
f 1136//1136 1177//1177 1100//1100
f 1096//1096 1094//1094 1220//1220
f 1221//1221 1220//1220 1094//1094
f 1094//1094 1095//1095 1221//1221
f 1220//1220 1221//1221 1222//1222
f 1222//1222 1223//1223 1220//1220
f 1224//1224 1223//1223 1222//1222
f 1222//1222 1225//1225 1224//1224
f 1226//1226 1224//1224 1225//1225
f 1223//1223 1228//1228 1186//1186
f 1228//1228 1223//1223 1224//1224
f 1166//1166 1229//1229 1167//1167
f 1166//1166 1230//1230 1229//1229
f 1166//1166 1177//1177 1230//1230
f 1230//1230 1177//1177 1231//1231
f 1231//1231 1232//1232 1230//1230
f 1129//1129 1233//1233 1131//1131
f 1130//1130 1234//1234 1129//1129
f 1233//1233 1129//1129 1234//1234
f 1132//1132 1131//1131 1235//1235
f 1233//1233 1235//1235 1131//1131
f 1236//1236 1132//1132 1235//1235
f 1237//1237 1132//1132 1236//1236
f 1174//1174 1133//1133 1237//1237
f 1174//1174 1134//1134 1133//1133
f 1237//1237 1133//1133 1132//1132
f 1175//1175 1134//1134 1174//1174
f 1239//1239 1175//1175 1238//1238
f 1176//1176 1175//1175 1239//1239
f 1230//1230 1232//1232 1229//1229
f 1231//1231 1240//1240 1232//1232
f 1232//1232 1241//1241 1229//1229
f 1241//1241 1242//1242 1167//1167
f 1167//1167 1229//1229 1241//1241
f 1167//1167 1243//1243 1168//1168
f 1243//1243 1170//1170 1168//1168
f 1167//1167 1242//1242 1243//1243
f 1244//1244 1245//1245 1171//1171
f 1170//1170 1244//1244 1169//1169
f 1244//1244 1171//1171 1169//1169
f 1162//1162 1164//1164 1163//1163
f 1162//1162 1246//1246 1164//1164
f 1120//1120 1119//1119 1247//1247
f 1120//1120 1248//1248 1121//1121
f 1159//1159 1248//1248 1249//1249
f 1121//1121 1248//1248 1159//1159
f 1250//1250 1154//1154 1152//1152
f 1250//1250 1152//1152 1153//1153
f 1208//1208 1251//1251 1206//1206
f 1144//1144 1252//1252 1143//1143
f 1143//1143 1252//1252 1145//1145
f 1234//1234 1130//1130 1254//1254
f 1234//1234 1254//1254 1256//1256
f 1256//1256 1255//1255 1234//1234
f 1233//1233 1234//1234 1255//1255
f 1236//1236 1235//1235 1257//1257
f 1255//1255 1257//1257 1235//1235
f 1235//1235 1233//1233 1255//1255
f 1258//1258 1255//1255 1256//1256
f 1256//1256 1259//1259 1258//1258
f 1198//1198 1258//1258 1259//1259
f 1259//1259 1197//1197 1198//1198
f 1195//1195 1260//1260 1258//1258
f 1258//1258 1198//1198 1195//1195
f 1260//1260 1195//1195 1192//1192
f 1192//1192 1261//1261 1260//1260
f 1255//1255 1258//1258 1257//1257
f 1257//1257 1260//1260 1261//1261
f 1260//1260 1257//1257 1258//1258
f 1192//1192 1190//1190 1261//1261
f 1227//1227 1261//1261 1190//1190
f 1190//1190 1191//1191 1227//1227
f 1263//1263 1237//1237 1262//1262
f 1261//1261 1227//1227 1263//1263
f 1263//1263 1262//1262 1261//1261
f 1257//1257 1262//1262 1237//1237
f 1262//1262 1257//1257 1261//1261
f 1263//1263 1174//1174 1237//1237
f 1236//1236 1257//1257 1237//1237
f 1263//1263 1238//1238 1174//1174
f 1265//1265 1238//1238 1226//1226
f 1226//1226 1225//1225 1265//1265
f 1264//1264 1226//1226 1238//1238
f 1239//1239 1238//1238 1265//1265
f 1240//1240 1225//1225 1266//1266
f 1266//1266 1232//1232 1240//1240
f 1232//1232 1266//1266 1241//1241
f 1266//1266 1267//1267 1241//1241
f 1243//1243 1242//1242 1241//1241
f 1268//1268 1243//1243 1241//1241
f 1241//1241 1267//1267 1268//1268
f 1268//1268 1170//1170 1243//1243
f 1268//1268 1091//1091 1269//1269
f 1244//1244 1269//1269 1245//1245
f 1269//1269 1244//1244 1268//1268
f 1244//1244 1170//1170 1268//1268
f 1164//1164 1246//1246 1270//1270
f 1087//1087 1270//1270 1271//1271
f 1247//1247 1119//1119 1164//1164
f 1272//1272 1247//1247 1164//1164
f 1247//1247 1248//1248 1120//1120
f 1247//1247 1273//1273 1248//1248
f 1273//1273 1247//1247 1272//1272
f 1274//1274 1273//1273 1272//1272
f 1054//1054 1274//1274 1272//1272
f 1272//1272 1055//1055 1054//1054
f 1051//1051 1274//1274 1054//1054
f 1275//1275 1274//1274 1051//1051
f 1051//1051 1050//1050 1275//1275
f 1276//1276 1275//1275 1046//1046
f 1050//1050 1046//1046 1275//1275
f 1275//1275 1276//1276 1277//1277
f 1277//1277 1273//1273 1275//1275
f 1274//1274 1275//1275 1273//1273
f 1248//1248 1273//1273 1277//1277
f 1276//1276 1046//1046 1083//1083
f 1276//1276 1083//1083 1081//1081
f 1278//1278 1277//1277 1276//1276
f 1276//1276 1081//1081 1278//1278
f 1278//1278 1249//1249 1277//1277
f 1248//1248 1277//1277 1249//1249
f 1250//1250 1153//1153 1279//1279
f 1280//1280 1250//1250 1279//1279
f 1154//1154 1280//1280 1281//1281
f 1280//1280 1154//1154 1250//1250
f 1281//1281 1207//1207 1157//1157
f 1157//1157 1154//1154 1281//1281
f 1155//1155 1154//1154 1157//1157
f 1157//1157 1207//1207 1156//1156
f 1207//1207 1281//1281 1219//1219
f 1207//1207 1219//1219 1217//1217
f 1217//1217 1208//1208 1207//1207
f 1208//1208 1217//1217 1251//1251
f 1251//1251 1141//1141 1206//1206
f 1253//1253 1144//1144 1142//1142
f 1144//1144 1282//1282 1252//1252
f 1253//1253 1251//1251 1283//1283
f 1283//1283 1144//1144 1253//1253
f 1216//1216 1283//1283 1251//1251
f 1251//1251 1217//1217 1216//1216
f 1283//1283 1216//1216 1215//1215
f 1144//1144 1283//1283 1282//1282
f 1215//1215 1282//1282 1283//1283
f 1284//1284 1215//1215 1214//1214
f 1259//1259 1284//1284 1214//1214
f 1214//1214 1197//1197 1259//1259
f 1256//1256 1285//1285 1284//1284
f 1285//1285 1147//1147 1284//1284
f 1256//1256 1284//1284 1259//1259
f 1282//1282 1284//1284 1147//1147
f 1284//1284 1282//1282 1215//1215
f 1256//1256 1254//1254 1285//1285
f 1148//1148 1285//1285 1254//1254
f 1254//1254 1130//1130 1148//1148
f 1285//1285 1148//1148 1147//1147
f 1282//1282 1145//1145 1252//1252
f 1145//1145 1282//1282 1147//1147
f 1210//1210 1219//1219 1078//1078
f 1218//1218 1217//1217 1219//1219
f 1281//1281 1078//1078 1219//1219
f 1280//1280 1079//1079 1281//1281
f 1078//1078 1281//1281 1079//1079
f 1079//1079 1280//1280 1082//1082
f 1082//1082 1076//1076 1080//1080
f 1080//1080 1079//1079 1082//1082
f 1249//1249 1286//1286 1158//1158
f 1286//1286 1249//1249 1278//1278
f 1082//1082 1278//1278 1081//1081
f 1279//1279 1286//1286 1082//1082
f 1280//1280 1279//1279 1082//1082
f 1278//1278 1082//1082 1286//1286
f 1160//1160 1159//1159 1249//1249
f 1158//1158 1160//1160 1249//1249
f 1287//1287 1279//1279 1153//1153
f 1279//1279 1287//1287 1286//1286
f 1150//1150 1108//1108 1161//1161
f 1287//1287 1158//1158 1286//1286
f 1153//1153 1150//1150 1161//1161
f 1161//1161 1287//1287 1153//1153
f 1161//1161 1158//1158 1287//1287
f 1109//1109 1108//1108 1150//1150
f 1150//1150 1205//1205 1110//1110
f 1110//1110 1109//1109 1150//1150
f 1205//1205 1150//1150 1151//1151
f 1205//1205 1111//1111 1110//1110
f 1141//1141 1137//1137 1205//1205
f 1140//1140 1138//1138 1141//1141
f 1138//1138 1137//1137 1141//1141
f 1141//1141 1253//1253 1142//1142
f 1253//1253 1141//1141 1251//1251
f 1239//1239 1265//1265 1176//1176
f 1225//1225 1240//1240 1265//1265
f 1231//1231 1265//1265 1240//1240
f 1172//1172 1173//1173 1176//1176
f 1231//1231 1176//1176 1265//1265
f 1172//1172 1231//1231 1177//1177
f 1172//1172 1176//1176 1231//1231
f 1177//1177 1166//1166 1100//1100
f 1100//1100 1113//1113 1112//1112
f 1166//1166 1113//1113 1100//1100
f 1113//1113 1166//1166 1165//1165
f 1114//1114 1288//1288 1162//1162
f 1114//1114 1113//1113 1289//1289
f 1165//1165 1289//1289 1113//1113
f 1289//1289 1165//1165 1171//1171
f 1288//1288 1289//1289 1290//1290
f 1289//1289 1288//1288 1114//1114
f 1269//1269 1289//1289 1171//1171
f 1291//1291 1290//1290 1289//1289
f 1289//1289 1269//1269 1291//1291
f 1290//1290 1292//1292 1288//1288
f 1290//1290 1291//1291 1292//1292
f 1288//1288 1246//1246 1162//1162
f 1246//1246 1292//1292 1270//1270
f 1288//1288 1292//1292 1246//1246
f 1269//1269 1171//1171 1245//1245
f 1269//1269 1292//1292 1291//1291
f 1269//1269 1091//1091 1088//1088
f 1088//1088 1292//1292 1269//1269
f 1292//1292 1271//1271 1270//1270
f 1271//1271 1292//1292 1087//1087
f 1088//1088 1087//1087 1292//1292
f 1090//1090 1088//1088 1091//1091
f 1095//1095 1091//1091 1268//1268
f 1268//1268 1267//1267 1095//1095
f 1093//1093 1091//1091 1095//1095
f 1221//1221 1266//1266 1222//1222
f 1266//1266 1221//1221 1095//1095
f 1095//1095 1267//1267 1266//1266
f 1225//1225 1222//1222 1266//1266
f 1086//1086 1092//1092 1085//1085
f 1092//1092 1086//1086 1089//1089
f 1087//1087 1089//1089 1086//1086
f 1061//1061 1059//1059 1098//1098
f 1085//1085 1098//1098 1059//1059
f 1059//1059 1057//1057 1085//1085
f 1115//1115 1101//1101 1113//1113
f 1101//1101 1115//1115 1102//1102
f 1101//1101 1100//1100 1112//1112
f 1116//1116 1163//1163 1119//1119
f 1163//1163 1164//1164 1119//1119
f 1134//1134 1173//1173 1135//1135
f 1173//1173 1134//1134 1175//1175
f 1227//1227 1228//1228 1224//1224
f 1228//1228 1227//1227 1191//1191
f 1191//1191 1189//1189 1228//1228
f 1186//1186 1228//1228 1189//1189
f 1220//1220 1223//1223 1186//1186
f 1186//1186 1185//1185 1220//1220
f 1061//1061 1096//1096 1185//1185
f 1096//1096 1220//1220 1185//1185
f 1238//1238 1175//1175 1174//1174
f 1263//1263 1227//1227 1264//1264
f 1264//1264 1238//1238 1263//1263
f 1224//1224 1226//1226 1227//1227
f 1226//1226 1264//1264 1227//1227
f 1055//1055 1272//1272 1270//1270
f 1270//1270 1087//1087 1055//1055
f 1164//1164 1270//1270 1272//1272
f 1295//1295 1293//1293 1294//1294
f 1294//1294 1296//1296 1295//1295
f 1297//1297 1295//1295 1296//1296
f 1296//1296 1298//1298 1297//1297
f 1295//1295 1297//1297 1300//1300
f 1300//1300 1299//1299 1295//1295
f 1293//1293 1295//1295 1299//1299
f 1299//1299 1301//1301 1293//1293
f 1303//1303 1299//1299 1300//1300
f 1299//1299 1303//1303 1304//1304
f 1305//1305 1304//1304 1306//1306
f 1303//1303 1306//1306 1304//1304
f 1304//1304 1305//1305 1307//1307
f 1307//1307 1302//1302 1304//1304
f 1299//1299 1304//1304 1302//1302
f 1302//1302 1301//1301 1299//1299
f 1309//1309 1302//1302 1307//1307
f 1307//1307 1308//1308 1309//1309
f 1311//1311 1309//1309 1308//1308
f 1308//1308 1310//1310 1311//1311
f 1309//1309 1311//1311 1312//1312
f 1312//1312 1313//1313 1309//1309
f 1302//1302 1309//1309 1313//1313
f 1312//1312 1314//1314 1313//1313
f 1314//1314 1316//1316 1315//1315
f 1317//1317 1318//1318 1314//1314
f 1314//1314 1315//1315 1317//1317
f 1318//1318 1313//1313 1314//1314
f 1318//1318 1317//1317 1294//1294
f 1294//1294 1293//1293 1318//1318
f 1313//1313 1318//1318 1293//1293
f 1301//1301 1302//1302 1313//1313
f 1293//1293 1301//1301 1313//1313
f 1319//1319 1320//1320 1321//1321
f 1321//1321 1322//1322 1319//1319
f 1323//1323 1324//1324 1319//1319
f 1320//1320 1319//1319 1324//1324
f 1323//1323 1326//1326 1325//1325
f 1327//1327 1326//1326 1328//1328
f 1326//1326 1327//1327 1329//1329
f 1329//1329 1325//1325 1326//1326
f 1324//1324 1323//1323 1330//1330
f 1323//1323 1325//1325 1330//1330
f 1331//1331 1325//1325 1329//1329
f 1325//1325 1331//1331 1330//1330
f 1332//1332 1330//1330 1331//1331
f 1331//1331 1316//1316 1314//1314
f 1331//1331 1314//1314 1332//1332
f 1312//1312 1333//1333 1332//1332
f 1332//1332 1314//1314 1312//1312
f 1330//1330 1332//1332 1333//1333
f 1333//1333 1324//1324 1330//1330
f 1312//1312 1311//1311 1333//1333
f 1334//1334 1333//1333 1311//1311
f 1335//1335 1334//1334 1310//1310
f 1334//1334 1335//1335 1336//1336
f 1311//1311 1310//1310 1334//1334
f 1336//1336 1321//1321 1334//1334
f 1321//1321 1320//1320 1334//1334
f 1320//1320 1324//1324 1333//1333
f 1333//1333 1334//1334 1320//1320
f 1339//1339 1337//1337 1338//1338
f 1337//1337 1339//1339 1340//1340
f 1341//1341 1342//1342 1340//1340
f 1340//1340 1342//1342 1337//1337
f 1342//1342 1343//1343 1344//1344
f 1343//1343 1345//1345 1344//1344
f 1346//1346 1344//1344 1345//1345
f 1345//1345 1347//1347 1346//1346
f 1344//1344 1348//1348 1342//1342
f 1344//1344 1346//1346 1348//1348
f 1297//1297 1348//1348 1300//1300
f 1298//1298 1349//1349 1297//1297
f 1352//1352 1350//1350 1351//1351
f 1351//1351 1353//1353 1352//1352
f 1354//1354 1352//1352 1353//1353
f 1352//1352 1354//1354 1355//1355
f 1352//1352 1356//1356 1350//1350
f 1357//1357 1352//1352 1355//1355
f 1359//1359 1350//1350 1356//1356
f 1359//1359 1360//1360 1350//1350
f 1351//1351 1350//1350 1360//1360
f 1351//1351 1360//1360 1361//1361
f 1363//1363 1362//1362 1361//1361
f 1351//1351 1361//1361 1353//1353
f 1365//1365 1353//1353 1361//1361
f 1361//1361 1362//1362 1365//1365
f 1356//1356 1352//1352 1357//1357
f 1357//1357 1366//1366 1367//1367
f 1367//1367 1356//1356 1357//1357
f 1358//1358 1356//1356 1367//1367
f 1368//1368 1369//1369 1371//1371
f 1369//1369 1370//1370 1371//1371
f 1368//1368 1371//1371 1372//1372
f 1372//1372 1374//1374 1376//1376
f 1374//1374 1375//1375 1376//1376
f 1355//1355 1376//1376 1375//1375
f 1355//1355 1354//1354 1376//1376
f 1377//1377 1376//1376 1354//1354
f 1376//1376 1377//1377 1368//1368
f 1368//1368 1372//1372 1376//1376
f 1379//1379 1380//1380 1378//1378
f 1378//1378 1381//1381 1379//1379
f 1381//1381 1378//1378 1382//1382
f 1386//1386 1385//1385 1387//1387
f 1387//1387 1388//1388 1386//1386
f 1386//1386 1388//1388 1384//1384
f 1382//1382 1383//1383 1381//1381
f 1388//1388 1381//1381 1383//1383
f 1383//1383 1384//1384 1388//1388
f 1388//1388 1387//1387 1389//1389
f 1390//1390 1389//1389 1387//1387
f 1391//1391 1392//1392 1390//1390
f 1389//1389 1390//1390 1392//1392
f 1392//1392 1393//1393 1389//1389
f 1389//1389 1381//1381 1388//1388
f 1393//1393 1381//1381 1389//1389
f 1391//1391 1393//1393 1392//1392
f 1379//1379 1381//1381 1393//1393
f 1387//1387 1385//1385 1394//1394
f 1397//1397 1396//1396 1395//1395
f 1400//1400 1398//1398 1399//1399
f 1402//1402 1396//1396 1398//1398
f 1398//1398 1401//1401 1402//1402
f 1402//1402 1390//1390 1403//1403
f 1403//1403 1390//1390 1387//1387
f 1403//1403 1387//1387 1394//1394
f 1394//1394 1395//1395 1403//1403
f 1402//1402 1403//1403 1396//1396
f 1395//1395 1396//1396 1403//1403
f 1406//1406 1407//1407 1404//1404
f 1407//1407 1408//1408 1404//1404
f 1409//1409 1410//1410 1407//1407
f 1407//1407 1410//1410 1408//1408
f 1408//1408 1405//1405 1404//1404
f 1413//1413 1369//1369 1411//1411
f 1368//1368 1412//1412 1411//1411
f 1411//1411 1369//1369 1368//1368
f 1354//1354 1353//1353 1365//1365
f 1377//1377 1412//1412 1368//1368
f 1414//1414 1354//1354 1365//1365
f 1354//1354 1414//1414 1377//1377
f 1377//1377 1414//1414 1412//1412
f 1371//1371 1415//1415 1372//1372
f 1416//1416 1417//1417 1415//1415
f 1415//1415 1418//1418 1374//1374
f 1375//1375 1374//1374 1418//1418
f 1418//1418 1366//1366 1375//1375
f 1357//1357 1355//1355 1366//1366
f 1375//1375 1366//1366 1355//1355
f 1419//1419 1420//1420 1421//1421
f 1423//1423 1421//1421 1422//1422
f 1426//1426 1421//1421 1423//1423
f 1423//1423 1425//1425 1426//1426
f 1427//1427 1426//1426 1425//1425
f 1419//1419 1421//1421 1426//1426
f 1379//1379 1428//1428 1380//1380
f 1379//1379 1393//1393 1430//1430
f 1429//1429 1428//1428 1431//1431
f 1430//1430 1431//1431 1428//1428
f 1391//1391 1390//1390 1432//1432
f 1360//1360 1359//1359 1432//1432
f 1359//1359 1356//1356 1358//1358
f 1435//1435 1436//1436 1434//1434
f 1434//1434 1433//1433 1435//1435
f 1433//1433 1438//1438 1437//1437
f 1439//1439 1435//1435 1433//1433
f 1433//1433 1437//1437 1439//1439
f 1440//1440 1441//1441 1439//1439
f 1435//1435 1439//1439 1441//1441
f 1436//1436 1435//1435 1442//1442
f 1441//1441 1442//1442 1435//1435
f 1441//1441 1440//1440 1444//1444
f 1445//1445 1444//1444 1440//1440
f 1440//1440 1443//1443 1445//1445
f 1447//1447 1445//1445 1443//1443
f 1443//1443 1446//1446 1447//1447
f 1445//1445 1447//1447 1448//1448
f 1448//1448 1442//1442 1445//1445
f 1444//1444 1442//1442 1441//1441
f 1444//1444 1445//1445 1442//1442
f 1448//1448 1450//1450 1449//1449
f 1449//1449 1442//1442 1448//1448
f 1296//1296 1449//1449 1450//1450
f 1450//1450 1298//1298 1296//1296
f 1294//1294 1451//1451 1296//1296
f 1449//1449 1296//1296 1451//1451
f 1452//1452 1451//1451 1294//1294
f 1294//1294 1317//1317 1452//1452
f 1453//1453 1449//1449 1451//1451
f 1451//1451 1452//1452 1453//1453
f 1316//1316 1454//1454 1315//1315
f 1454//1454 1316//1316 1434//1434
f 1454//1454 1452//1452 1317//1317
f 1317//1317 1315//1315 1454//1454
f 1454//1454 1453//1453 1452//1452
f 1453//1453 1454//1454 1434//1434
f 1434//1434 1436//1436 1453//1453
f 1449//1449 1453//1453 1436//1436
f 1436//1436 1442//1442 1449//1449
f 1432//1432 1363//1363 1360//1360
f 1363//1363 1432//1432 1455//1455
f 1390//1390 1455//1455 1432//1432
f 1455//1455 1390//1390 1402//1402
f 1364//1364 1362//1362 1363//1363
f 1455//1455 1364//1364 1363//1363
f 1360//1360 1363//1363 1361//1361
f 1457//1457 1456//1456 1400//1400
f 1456//1456 1408//1408 1401//1401
f 1405//1405 1408//1408 1456//1456
f 1460//1460 1459//1459 1458//1458
f 1458//1458 1462//1462 1461//1461
f 1461//1461 1460//1460 1458//1458
f 1460//1460 1461//1461 1463//1463
f 1464//1464 1460//1460 1463//1463
f 1460//1460 1464//1464 1465//1465
f 1433//1433 1465//1465 1438//1438
f 1464//1464 1438//1438 1465//1465
f 1465//1465 1433//1433 1434//1434
f 1434//1434 1466//1466 1465//1465
f 1460//1460 1465//1465 1466//1466
f 1467//1467 1466//1466 1434//1434
f 1467//1467 1316//1316 1331//1331
f 1434//1434 1316//1316 1467//1467
f 1467//1467 1331//1331 1329//1329
f 1329//1329 1468//1468 1467//1467
f 1468//1468 1460//1460 1466//1466
f 1466//1466 1467//1467 1468//1468
f 1469//1469 1468//1468 1329//1329
f 1329//1329 1327//1327 1469//1469
f 1458//1458 1469//1469 1327//1327
f 1469//1469 1458//1458 1459//1459
f 1468//1468 1469//1469 1459//1459
f 1459//1459 1460//1460 1468//1468
f 1431//1431 1393//1393 1470//1470
f 1470//1470 1359//1359 1358//1358
f 1473//1473 1472//1472 1471//1471
f 1472//1472 1473//1473 1475//1475
f 1475//1475 1474//1474 1472//1472
f 1476//1476 1474//1474 1475//1475
f 1475//1475 1477//1477 1476//1476
f 1338//1338 1476//1476 1477//1477
f 1477//1477 1339//1339 1338//1338
f 1338//1338 1298//1298 1450//1450
f 1450//1450 1476//1476 1338//1338
f 1476//1476 1450//1450 1447//1447
f 1447//1447 1474//1474 1476//1476
f 1478//1478 1425//1425 1479//1479
f 1478//1478 1480//1480 1425//1425
f 1423//1423 1481//1481 1425//1425
f 1423//1423 1424//1424 1481//1481
f 1425//1425 1482//1482 1479//1479
f 1482//1482 1425//1425 1481//1481
f 1484//1484 1378//1378 1483//1483
f 1378//1378 1484//1484 1485//1485
f 1486//1486 1487//1487 1384//1384
f 1488//1488 1384//1384 1487//1487
f 1485//1485 1486//1486 1383//1383
f 1384//1384 1383//1383 1486//1486
f 1386//1386 1488//1488 1385//1385
f 1488//1488 1386//1386 1384//1384
f 1382//1382 1485//1485 1383//1383
f 1378//1378 1380//1380 1483//1483
f 1378//1378 1485//1485 1382//1382
f 1429//1429 1490//1490 1489//1489
f 1489//1489 1483//1483 1428//1428
f 1380//1380 1428//1428 1483//1483
f 1429//1429 1489//1489 1428//1428
f 1491//1491 1480//1480 1478//1478
f 1482//1482 1481//1481 1424//1424
f 1423//1423 1422//1422 1424//1424
f 1420//1420 1419//1419 1492//1492
f 1416//1416 1373//1373 1493//1493
f 1417//1417 1416//1416 1494//1494
f 1370//1370 1369//1369 1495//1495
f 1497//1497 1407//1407 1406//1406
f 1498//1498 1456//1456 1457//1457
f 1405//1405 1498//1498 1404//1404
f 1498//1498 1496//1496 1404//1404
f 1456//1456 1498//1498 1405//1405
f 1396//1396 1499//1499 1398//1398
f 1397//1397 1499//1499 1396//1396
f 1500//1500 1502//1502 1501//1501
f 1443//1443 1501//1501 1502//1502
f 1502//1502 1446//1446 1443//1443
f 1501//1501 1443//1443 1440//1440
f 1484//1484 1500//1500 1503//1503
f 1501//1501 1503//1503 1500//1500
f 1440//1440 1439//1439 1504//1504
f 1504//1504 1501//1501 1440//1440
f 1437//1437 1438//1438 1505//1505
f 1437//1437 1504//1504 1439//1439
f 1437//1437 1505//1505 1507//1507
f 1507//1507 1506//1506 1437//1437
f 1504//1504 1437//1437 1506//1506
f 1501//1501 1504//1504 1503//1503
f 1503//1503 1506//1506 1487//1487
f 1506//1506 1503//1503 1504//1504
f 1488//1488 1506//1506 1507//1507
f 1507//1507 1508//1508 1488//1488
f 1506//1506 1488//1488 1487//1487
f 1508//1508 1385//1385 1488//1488
f 1503//1503 1486//1486 1485//1485
f 1486//1486 1503//1503 1487//1487
f 1484//1484 1483//1483 1500//1500
f 1484//1484 1503//1503 1485//1485
f 1510//1510 1489//1489 1509//1509
f 1471//1471 1510//1510 1509//1509
f 1471//1471 1511//1511 1510//1510
f 1489//1489 1510//1510 1511//1511
f 1502//1502 1511//1511 1471//1471
f 1483//1483 1511//1511 1500//1500
f 1509//1509 1489//1489 1490//1490
f 1478//1478 1479//1479 1491//1491
f 1424//1424 1513//1513 1482//1482
f 1512//1512 1482//1482 1513//1513
f 1482//1482 1512//1512 1491//1491
f 1491//1491 1479//1479 1482//1482
f 1514//1514 1420//1420 1492//1492
f 1492//1492 1341//1341 1514//1514
f 1514//1514 1422//1422 1420//1420
f 1424//1424 1422//1422 1513//1513
f 1514//1514 1513//1513 1422//1422
f 1420//1420 1422//1422 1421//1421
f 1515//1515 1516//1516 1345//1345
f 1516//1516 1306//1306 1347//1347
f 1347//1347 1345//1345 1516//1516
f 1517//1517 1345//1345 1343//1343
f 1416//1416 1493//1493 1494//1494
f 1493//1493 1515//1515 1494//1494
f 1518//1518 1519//1519 1520//1520
f 1310//1310 1518//1518 1520//1520
f 1518//1518 1310//1310 1308//1308
f 1307//1307 1521//1521 1308//1308
f 1308//1308 1521//1521 1518//1518
f 1521//1521 1522//1522 1519//1519
f 1519//1519 1518//1518 1521//1521
f 1305//1305 1521//1521 1307//1307
f 1305//1305 1306//1306 1516//1516
f 1516//1516 1521//1521 1305//1305
f 1515//1515 1522//1522 1521//1521
f 1521//1521 1516//1516 1515//1515
f 1370//1370 1522//1522 1515//1515
f 1515//1515 1373//1373 1370//1370
f 1371//1371 1370//1370 1373//1373
f 1520//1520 1519//1519 1495//1495
f 1370//1370 1495//1495 1519//1519
f 1519//1519 1522//1522 1370//1370
f 1523//1523 1322//1322 1336//1336
f 1321//1321 1336//1336 1322//1322
f 1336//1336 1520//1520 1523//1523
f 1336//1336 1335//1335 1520//1520
f 1335//1335 1310//1310 1520//1520
f 1369//1369 1413//1413 1495//1495
f 1520//1520 1413//1413 1523//1523
f 1413//1413 1520//1520 1495//1495
f 1497//1497 1328//1328 1524//1524
f 1328//1328 1497//1497 1496//1496
f 1497//1497 1406//1406 1496//1496
f 1407//1407 1497//1497 1525//1525
f 1525//1525 1409//1409 1407//1407
f 1406//1406 1404//1404 1496//1496
f 1462//1462 1498//1498 1457//1457
f 1496//1496 1498//1498 1462//1462
f 1526//1526 1527//1527 1507//1507
f 1505//1505 1526//1526 1507//1507
f 1526//1526 1505//1505 1464//1464
f 1505//1505 1438//1438 1464//1464
f 1526//1526 1464//1464 1463//1463
f 1463//1463 1528//1528 1526//1526
f 1461//1461 1528//1528 1463//1463
f 1461//1461 1462//1462 1529//1529
f 1399//1399 1461//1461 1529//1529
f 1399//1399 1398//1398 1499//1499
f 1499//1499 1397//1397 1399//1399
f 1461//1461 1399//1399 1397//1397
f 1397//1397 1528//1528 1461//1461
f 1397//1397 1395//1395 1527//1527
f 1508//1508 1527//1527 1394//1394
f 1394//1394 1385//1385 1508//1508
f 1395//1395 1394//1394 1527//1527
f 1527//1527 1508//1508 1507//1507
f 1526//1526 1528//1528 1397//1397
f 1397//1397 1527//1527 1526//1526
f 1458//1458 1327//1327 1328//1328
f 1496//1496 1458//1458 1328//1328
f 1458//1458 1496//1496 1462//1462
f 1524//1524 1328//1328 1326//1326
f 1524//1524 1326//1326 1323//1323
f 1323//1323 1319//1319 1322//1322
f 1322//1322 1524//1524 1323//1323
f 1322//1322 1525//1525 1497//1497
f 1497//1497 1524//1524 1322//1322
f 1530//1530 1322//1322 1523//1523
f 1322//1322 1530//1530 1525//1525
f 1523//1523 1413//1413 1530//1530
f 1525//1525 1530//1530 1531//1531
f 1412//1412 1530//1530 1413//1413
f 1531//1531 1409//1409 1525//1525
f 1531//1531 1530//1530 1412//1412
f 1412//1412 1413//1413 1411//1411
f 1414//1414 1365//1365 1410//1410
f 1531//1531 1410//1410 1409//1409
f 1414//1414 1410//1410 1531//1531
f 1531//1531 1412//1412 1414//1414
f 1408//1408 1410//1410 1364//1364
f 1410//1410 1365//1365 1362//1362
f 1362//1362 1364//1364 1410//1410
f 1401//1401 1408//1408 1364//1364
f 1364//1364 1455//1455 1401//1401
f 1455//1455 1402//1402 1401//1401
f 1400//1400 1456//1456 1401//1401
f 1400//1400 1401//1401 1398//1398
f 1529//1529 1400//1400 1399//1399
f 1457//1457 1529//1529 1462//1462
f 1400//1400 1529//1529 1457//1457
f 1491//1491 1509//1509 1532//1532
f 1509//1509 1490//1490 1532//1532
f 1532//1532 1533//1533 1480//1480
f 1480//1480 1491//1491 1532//1532
f 1490//1490 1533//1533 1532//1532
f 1533//1533 1490//1490 1429//1429
f 1533//1533 1431//1431 1480//1480
f 1533//1533 1429//1429 1431//1431
f 1480//1480 1427//1427 1425//1425
f 1427//1427 1480//1480 1470//1470
f 1431//1431 1470//1470 1480//1480
f 1426//1426 1367//1367 1366//1366
f 1470//1470 1367//1367 1426//1426
f 1470//1470 1426//1426 1427//1427
f 1470//1470 1358//1358 1367//1367
f 1419//1419 1536//1536 1535//1535
f 1534//1534 1535//1535 1536//1536
f 1536//1536 1418//1418 1534//1534
f 1419//1419 1426//1426 1536//1536
f 1366//1366 1536//1536 1426//1426
f 1366//1366 1418//1418 1536//1536
f 1417//1417 1418//1418 1415//1415
f 1492//1492 1419//1419 1535//1535
f 1537//1537 1534//1534 1418//1418
f 1535//1535 1534//1534 1537//1537
f 1417//1417 1494//1494 1418//1418
f 1492//1492 1535//1535 1517//1517
f 1517//1517 1341//1341 1492//1492
f 1535//1535 1537//1537 1517//1517
f 1494//1494 1537//1537 1418//1418
f 1494//1494 1345//1345 1537//1537
f 1517//1517 1537//1537 1345//1345
f 1339//1339 1513//1513 1514//1514
f 1342//1342 1341//1341 1517//1517
f 1517//1517 1343//1343 1342//1342
f 1341//1341 1340//1340 1514//1514
f 1339//1339 1514//1514 1340//1340
f 1491//1491 1473//1473 1509//1509
f 1473//1473 1491//1491 1512//1512
f 1512//1512 1475//1475 1473//1473
f 1339//1339 1512//1512 1513//1513
f 1339//1339 1477//1477 1512//1512
f 1475//1475 1512//1512 1477//1477
f 1473//1473 1471//1471 1509//1509
f 1348//1348 1346//1346 1538//1538
f 1306//1306 1303//1303 1538//1538
f 1346//1346 1347//1347 1306//1306
f 1538//1538 1346//1346 1306//1306
f 1300//1300 1538//1538 1303//1303
f 1538//1538 1300//1300 1348//1348
f 1348//1348 1297//1297 1342//1342
f 1349//1349 1342//1342 1297//1297
f 1338//1338 1349//1349 1298//1298
f 1338//1338 1337//1337 1349//1349
f 1342//1342 1349//1349 1337//1337
f 1415//1415 1371//1371 1416//1416
f 1374//1374 1372//1372 1415//1415
f 1430//1430 1393//1393 1431//1431
f 1430//1430 1428//1428 1379//1379
f 1359//1359 1470//1470 1432//1432
f 1391//1391 1432//1432 1470//1470
f 1393//1393 1391//1391 1470//1470
f 1472//1472 1474//1474 1447//1447
f 1471//1471 1472//1472 1446//1446
f 1447//1447 1446//1446 1472//1472
f 1450//1450 1448//1448 1447//1447
f 1373//1373 1416//1416 1371//1371
f 1502//1502 1471//1471 1446//1446
f 1502//1502 1500//1500 1511//1511
f 1511//1511 1483//1483 1489//1489
f 1345//1345 1494//1494 1515//1515
f 1515//1515 1493//1493 1373//1373
f 1541//1541 1542//1542 1539//1539
f 1542//1542 1543//1543 1539//1539
f 1544//1544 1542//1542 1541//1541
f 1545//1545 1543//1543 1544//1544
f 1542//1542 1544//1544 1543//1543
f 1547//1547 1543//1543 1545//1545
f 1545//1545 1546//1546 1547//1547
f 1546//1546 1548//1548 1549//1549
f 1549//1549 1547//1547 1546//1546
f 1547//1547 1549//1549 1550//1550
f 1549//1549 1551//1551 1550//1550
f 1552//1552 1550//1550 1551//1551
f 1553//1553 1547//1547 1550//1550
f 1550//1550 1552//1552 1553//1553
f 1552//1552 1554//1554 1553//1553
f 1551//1551 1554//1554 1552//1552
f 1540//1540 1539//1539 1553//1553
f 1543//1543 1553//1553 1539//1539
f 1553//1553 1543//1543 1547//1547
f 1558//1558 1557//1557 1559//1559
f 1560//1560 1558//1558 1559//1559
f 1560//1560 1555//1555 1558//1558
f 1555//1555 1560//1560 1556//1556
f 1564//1564 1562//1562 1563//1563
f 1562//1562 1564//1564 1561//1561
f 1565//1565 1561//1561 1564//1564
f 1561//1561 1565//1565 1556//1556
f 1569//1569 1570//1570 1568//1568
f 1567//1567 1566//1566 1571//1571
f 1570//1570 1571//1571 1566//1566
f 1568//1568 1570//1570 1566//1566
f 1572//1572 1573//1573 1574//1574
f 1575//1575 1573//1573 1572//1572
f 1577//1577 1573//1573 1575//1575
f 1557//1557 1580//1580 1559//1559
f 1580//1580 1557//1557 1579//1579
f 1581//1581 1579//1579 1557//1557
f 1574//1574 1573//1573 1579//1579
f 1578//1578 1579//1579 1573//1573
f 1582//1582 1584//1584 1583//1583
f 1587//1587 1583//1583 1585//1585
f 1583//1583 1559//1559 1582//1582
f 1589//1589 1588//1588 1591//1591
f 1590//1590 1592//1592 1591//1591
f 1590//1590 1591//1591 1588//1588
f 1593//1593 1589//1589 1591//1591
f 1594//1594 1563//1563 1562//1562
f 1593//1593 1594//1594 1595//1595
f 1595//1595 1589//1589 1593//1593
f 1594//1594 1562//1562 1595//1595
f 1556//1556 1597//1597 1598//1598
f 1565//1565 1596//1596 1597//1597
f 1597//1597 1556//1556 1565//1565
f 1600//1600 1557//1557 1558//1558
f 1555//1555 1599//1599 1600//1600
f 1600//1600 1558//1558 1555//1555
f 1599//1599 1555//1555 1556//1556
f 1556//1556 1598//1598 1599//1599
f 1601//1601 1581//1581 1600//1600
f 1581//1581 1601//1601 1602//1602
f 1581//1581 1602//1602 1574//1574
f 1574//1574 1602//1602 1603//1603
f 1605//1605 1603//1603 1604//1604
f 1605//1605 1575//1575 1572//1572
f 1603//1603 1572//1572 1574//1574
f 1572//1572 1603//1603 1605//1605
f 1581//1581 1574//1574 1579//1579
f 1581//1581 1557//1557 1600//1600
f 1610//1610 1611//1611 1608//1608
f 1608//1608 1609//1609 1610//1610
f 1613//1613 1614//1614 1612//1612
f 1614//1614 1610//1610 1609//1609
f 1609//1609 1612//1612 1614//1614
f 1613//1613 1615//1615 1614//1614
f 1610//1610 1614//1614 1615//1615
f 1611//1611 1610//1610 1616//1616
f 1615//1615 1616//1616 1610//1610
f 1613//1613 1617//1617 1615//1615
f 1618//1618 1615//1615 1617//1617
f 1615//1615 1618//1618 1619//1619
f 1620//1620 1619//1619 1618//1618
f 1620//1620 1621//1621 1619//1619
f 1616//1616 1619//1619 1621//1621
f 1619//1619 1616//1616 1615//1615
f 1620//1620 1622//1622 1621//1621
f 1623//1623 1621//1621 1622//1622
f 1554//1554 1624//1624 1625//1625
f 1624//1624 1554//1554 1551//1551
f 1624//1624 1623//1623 1622//1622
f 1622//1622 1625//1625 1624//1624
f 1626//1626 1551//1551 1549//1549
f 1551//1551 1626//1626 1624//1624
f 1623//1623 1624//1624 1626//1626
f 1626//1626 1627//1627 1623//1623
f 1627//1627 1616//1616 1621//1621
f 1621//1621 1623//1623 1627//1627
f 1628//1628 1626//1626 1549//1549
f 1629//1629 1627//1627 1626//1626
f 1626//1626 1628//1628 1629//1629
f 1630//1630 1628//1628 1549//1549
f 1549//1549 1548//1548 1630//1630
f 1630//1630 1629//1629 1628//1628
f 1611//1611 1631//1631 1608//1608
f 1629//1629 1630//1630 1631//1631
f 1631//1631 1611//1611 1629//1629
f 1611//1611 1616//1616 1627//1627
f 1627//1627 1629//1629 1611//1611
f 1591//1591 1632//1632 1633//1633
f 1563//1563 1594//1594 1634//1634
f 1634//1634 1594//1594 1593//1593
f 1593//1593 1633//1633 1634//1634
f 1591//1591 1633//1633 1593//1593
f 1599//1599 1636//1636 1637//1637
f 1637//1637 1600//1600 1599//1599
f 1636//1636 1599//1599 1598//1598
f 1565//1565 1564//1564 1635//1635
f 1635//1635 1596//1596 1565//1565
f 1605//1605 1604//1604 1607//1607
f 1603//1603 1640//1640 1604//1604
f 1601//1601 1639//1639 1602//1602
f 1600//1600 1638//1638 1601//1601
f 1639//1639 1601//1601 1638//1638
f 1602//1602 1640//1640 1603//1603
f 1644//1644 1645//1645 1643//1643
f 1643//1643 1642//1642 1644//1644
f 1642//1642 1646//1646 1644//1644
f 1644//1644 1646//1646 1647//1647
f 1647//1647 1645//1645 1644//1644
f 1648//1648 1649//1649 1650//1650
f 1645//1645 1648//1648 1650//1650
f 1648//1648 1645//1645 1647//1647
f 1652//1652 1650//1650 1651//1651
f 1652//1652 1618//1618 1617//1617
f 1653//1653 1617//1617 1613//1613
f 1617//1617 1653//1653 1652//1652
f 1653//1653 1654//1654 1652//1652
f 1654//1654 1645//1645 1650//1650
f 1650//1650 1652//1652 1654//1654
f 1653//1653 1613//1613 1654//1654
f 1613//1613 1612//1612 1655//1655
f 1655//1655 1654//1654 1613//1613
f 1654//1654 1655//1655 1643//1643
f 1643//1643 1645//1645 1654//1654
f 1656//1656 1632//1632 1657//1657
f 1657//1657 1658//1658 1656//1656
f 1632//1632 1656//1656 1659//1659
f 1563//1563 1660//1660 1635//1635
f 1635//1635 1564//1564 1563//1563
f 1660//1660 1563//1563 1634//1634
f 1633//1633 1659//1659 1634//1634
f 1632//1632 1659//1659 1633//1633
f 1635//1635 1571//1571 1596//1596
f 1597//1597 1636//1636 1598//1598
f 1637//1637 1638//1638 1600//1600
f 1602//1602 1638//1638 1640//1640
f 1638//1638 1602//1602 1639//1639
f 1661//1661 1607//1607 1604//1604
f 1664//1664 1665//1665 1662//1662
f 1649//1649 1665//1665 1666//1666
f 1664//1664 1666//1666 1665//1665
f 1648//1648 1665//1665 1649//1649
f 1665//1665 1648//1648 1647//1647
f 1646//1646 1665//1665 1647//1647
f 1663//1663 1662//1662 1646//1646
f 1665//1665 1646//1646 1662//1662
f 1634//1634 1659//1659 1668//1668
f 1668//1668 1571//1571 1635//1635
f 1635//1635 1660//1660 1668//1668
f 1660//1660 1634//1634 1668//1668
f 1656//1656 1658//1658 1667//1667
f 1669//1669 1607//1607 1606//1606
f 1605//1605 1669//1669 1670//1670
f 1670//1670 1575//1575 1605//1605
f 1669//1669 1605//1605 1607//1607
f 1607//1607 1661//1661 1641//1641
f 1606//1606 1607//1607 1641//1641
f 1604//1604 1671//1671 1661//1661
f 1672//1672 1566//1566 1673//1673
f 1675//1675 1568//1568 1674//1674
f 1568//1568 1566//1566 1672//1672
f 1675//1675 1569//1569 1568//1568
f 1566//1566 1567//1567 1673//1673
f 1658//1658 1676//1676 1667//1667
f 1658//1658 1657//1657 1678//1678
f 1679//1679 1678//1678 1657//1657
f 1679//1679 1657//1657 1632//1632
f 1632//1632 1680//1680 1679//1679
f 1632//1632 1591//1591 1680//1680
f 1590//1590 1681//1681 1592//1592
f 1592//1592 1680//1680 1591//1591
f 1682//1682 1583//1583 1584//1584
f 1586//1586 1585//1585 1683//1683
f 1683//1683 1585//1585 1583//1583
f 1575//1575 1670//1670 1576//1576
f 1576//1576 1577//1577 1575//1575
f 1685//1685 1686//1686 1606//1606
f 1669//1669 1606//1606 1686//1686
f 1688//1688 1687//1687 1685//1685
f 1685//1685 1689//1689 1688//1688
f 1687//1687 1686//1686 1685//1685
f 1612//1612 1688//1688 1689//1689
f 1688//1688 1612//1612 1609//1609
f 1688//1688 1609//1609 1608//1608
f 1608//1608 1690//1690 1688//1688
f 1687//1687 1688//1688 1690//1690
f 1690//1690 1686//1686 1687//1687
f 1691//1691 1690//1690 1608//1608
f 1608//1608 1631//1631 1691//1691
f 1631//1631 1630//1630 1691//1691
f 1692//1692 1691//1691 1630//1630
f 1630//1630 1548//1548 1692//1692
f 1691//1691 1692//1692 1693//1693
f 1693//1693 1694//1694 1691//1691
f 1690//1690 1691//1691 1694//1694
f 1694//1694 1686//1686 1690//1690
f 1693//1693 1686//1686 1694//1694
f 1693//1693 1670//1670 1669//1669
f 1669//1669 1686//1686 1693//1693
f 1695//1695 1697//1697 1698//1698
f 1642//1642 1698//1698 1697//1697
f 1697//1697 1646//1646 1642//1642
f 1698//1698 1642//1642 1643//1643
f 1643//1643 1695//1695 1698//1698
f 1695//1695 1699//1699 1696//1696
f 1689//1689 1695//1695 1643//1643
f 1643//1643 1655//1655 1689//1689
f 1655//1655 1612//1612 1689//1689
f 1685//1685 1699//1699 1695//1695
f 1695//1695 1689//1689 1685//1685
f 1641//1641 1685//1685 1606//1606
f 1699//1699 1641//1641 1661//1661
f 1641//1641 1699//1699 1685//1685
f 1696//1696 1699//1699 1661//1661
f 1663//1663 1697//1697 1701//1701
f 1700//1700 1701//1701 1697//1697
f 1697//1697 1663//1663 1646//1646
f 1697//1697 1695//1695 1696//1696
f 1700//1700 1697//1697 1696//1696
f 1696//1696 1671//1671 1700//1700
f 1671//1671 1696//1696 1661//1661
f 1666//1666 1672//1672 1673//1673
f 1672//1672 1666//1666 1664//1664
f 1674//1674 1672//1672 1664//1664
f 1568//1568 1672//1672 1674//1674
f 1649//1649 1666//1666 1702//1702
f 1702//1702 1703//1703 1649//1649
f 1703//1703 1702//1702 1704//1704
f 1677//1677 1667//1667 1676//1676
f 1704//1704 1677//1677 1676//1676
f 1649//1649 1703//1703 1651//1651
f 1649//1649 1651//1651 1650//1650
f 1704//1704 1706//1706 1703//1703
f 1705//1705 1703//1703 1706//1706
f 1705//1705 1651//1651 1703//1703
f 1658//1658 1678//1678 1676//1676
f 1706//1706 1704//1704 1678//1678
f 1704//1704 1676//1676 1678//1678
f 1678//1678 1679//1679 1707//1707
f 1707//1707 1706//1706 1678//1678
f 1707//1707 1708//1708 1705//1705
f 1652//1652 1705//1705 1708//1708
f 1708//1708 1618//1618 1652//1652
f 1705//1705 1652//1652 1651//1651
f 1705//1705 1706//1706 1707//1707
f 1708//1708 1709//1709 1620//1620
f 1620//1620 1618//1618 1708//1708
f 1707//1707 1710//1710 1708//1708
f 1709//1709 1708//1708 1710//1710
f 1679//1679 1710//1710 1707//1707
f 1680//1680 1592//1592 1711//1711
f 1679//1679 1680//1680 1711//1711
f 1711//1711 1710//1710 1679//1679
f 1713//1713 1711//1711 1712//1712
f 1712//1712 1554//1554 1625//1625
f 1625//1625 1713//1713 1712//1712
f 1625//1625 1622//1622 1620//1620
f 1713//1713 1625//1625 1620//1620
f 1620//1620 1709//1709 1713//1713
f 1711//1711 1713//1713 1709//1709
f 1709//1709 1710//1710 1711//1711
f 1714//1714 1715//1715 1540//1540
f 1539//1539 1540//1540 1715//1715
f 1716//1716 1714//1714 1717//1717
f 1714//1714 1540//1540 1717//1717
f 1540//1540 1553//1553 1718//1718
f 1540//1540 1718//1718 1717//1717
f 1554//1554 1718//1718 1553//1553
f 1712//1712 1717//1717 1718//1718
f 1718//1718 1554//1554 1712//1712
f 1711//1711 1719//1719 1712//1712
f 1717//1717 1712//1712 1719//1719
f 1719//1719 1716//1716 1717//1717
f 1592//1592 1719//1719 1711//1711
f 1716//1716 1592//1592 1681//1681
f 1592//1592 1716//1716 1719//1719
f 1714//1714 1716//1716 1681//1681
f 1683//1683 1682//1682 1584//1584
f 1720//1720 1683//1683 1584//1584
f 1721//1721 1683//1683 1720//1720
f 1683//1683 1583//1583 1682//1682
f 1692//1692 1722//1722 1693//1693
f 1722//1722 1692//1692 1723//1723
f 1692//1692 1548//1548 1546//1546
f 1546//1546 1723//1723 1692//1692
f 1723//1723 1546//1546 1545//1545
f 1545//1545 1724//1724 1723//1723
f 1693//1693 1722//1722 1725//1725
f 1725//1725 1723//1723 1724//1724
f 1723//1723 1725//1725 1722//1722
f 1726//1726 1724//1724 1545//1545
f 1727//1727 1725//1725 1724//1724
f 1724//1724 1726//1726 1727//1727
f 1727//1727 1684//1684 1725//1725
f 1725//1725 1684//1684 1670//1670
f 1670//1670 1684//1684 1576//1576
f 1693//1693 1725//1725 1670//1670
f 1721//1721 1720//1720 1541//1541
f 1544//1544 1720//1720 1545//1545
f 1544//1544 1541//1541 1720//1720
f 1541//1541 1539//1539 1721//1721
f 1721//1721 1539//1539 1715//1715
f 1715//1715 1728//1728 1683//1683
f 1683//1683 1721//1721 1715//1715
f 1728//1728 1715//1715 1714//1714
f 1728//1728 1586//1586 1683//1683
f 1585//1585 1586//1586 1728//1728
f 1729//1729 1728//1728 1714//1714
f 1590//1590 1588//1588 1681//1681
f 1681//1681 1588//1588 1729//1729
f 1729//1729 1714//1714 1681//1681
f 1729//1729 1730//1730 1728//1728
f 1585//1585 1728//1728 1730//1730
f 1730//1730 1595//1595 1562//1562
f 1562//1562 1587//1587 1730//1730
f 1585//1585 1730//1730 1587//1587
f 1730//1730 1729//1729 1595//1595
f 1583//1583 1561//1561 1560//1560
f 1560//1560 1559//1559 1583//1583
f 1587//1587 1561//1561 1583//1583
f 1561//1561 1587//1587 1562//1562
f 1556//1556 1560//1560 1561//1561
f 1732//1732 1582//1582 1559//1559
f 1731//1731 1559//1559 1578//1578
f 1559//1559 1731//1731 1732//1732
f 1580//1580 1578//1578 1559//1559
f 1580//1580 1579//1579 1578//1578
f 1577//1577 1578//1578 1573//1573
f 1578//1578 1577//1577 1731//1731
f 1727//1727 1733//1733 1731//1731
f 1732//1732 1584//1584 1582//1582
f 1584//1584 1732//1732 1733//1733
f 1733//1733 1732//1732 1731//1731
f 1576//1576 1684//1684 1577//1577
f 1731//1731 1577//1577 1684//1684
f 1684//1684 1727//1727 1731//1731
f 1726//1726 1720//1720 1584//1584
f 1727//1727 1726//1726 1733//1733
f 1726//1726 1584//1584 1733//1733
f 1726//1726 1545//1545 1720//1720
f 1675//1675 1674//1674 1701//1701
f 1700//1700 1569//1569 1675//1675
f 1700//1700 1675//1675 1701//1701
f 1569//1569 1700//1700 1671//1671
f 1671//1671 1604//1604 1640//1640
f 1569//1569 1671//1671 1640//1640
f 1637//1637 1570//1570 1569//1569
f 1638//1638 1637//1637 1640//1640
f 1569//1569 1640//1640 1637//1637
f 1597//1597 1571//1571 1636//1636
f 1636//1636 1570//1570 1637//1637
f 1571//1571 1570//1570 1636//1636
f 1597//1597 1596//1596 1571//1571
f 1668//1668 1734//1734 1567//1567
f 1571//1571 1668//1668 1567//1567
f 1659//1659 1734//1734 1668//1668
f 1656//1656 1667//1667 1734//1734
f 1673//1673 1734//1734 1677//1677
f 1734//1734 1673//1673 1567//1567
f 1667//1667 1677//1677 1734//1734
f 1673//1673 1702//1702 1666//1666
f 1673//1673 1677//1677 1702//1702
f 1704//1704 1702//1702 1677//1677
f 1674//1674 1664//1664 1701//1701
f 1662//1662 1663//1663 1701//1701
f 1664//1664 1662//1662 1701//1701
f 1738//1738 1735//1735 1736//1736
f 1735//1735 1738//1738 1739//1739
f 1739//1739 1737//1737 1735//1735
f 1737//1737 1739//1739 1740//1740
f 1740//1740 1741//1741 1737//1737
f 1736//1736 1742//1742 1738//1738
f 1744//1744 1743//1743 1742//1742
f 1742//1742 1736//1736 1744//1744
f 1744//1744 1745//1745 1743//1743
f 1749//1749 1748//1748 1746//1746
f 1746//1746 1747//1747 1749//1749
f 1747//1747 1750//1750 1749//1749
f 1751//1751 1748//1748 1749//1749
f 1751//1751 1749//1749 1752//1752
f 1750//1750 1752//1752 1749//1749
f 1753//1753 1752//1752 1750//1750
f 1755//1755 1757//1757 1754//1754
f 1758//1758 1756//1756 1754//1754
f 1756//1756 1758//1758 1759//1759
f 1759//1759 1760//1760 1756//1756
f 1765//1765 1757//1757 1755//1755
f 1766//1766 1768//1768 1767//1767
f 1767//1767 1769//1769 1766//1766
f 1770//1770 1767//1767 1768//1768
f 1771//1771 1772//1772 1767//1767
f 1769//1769 1767//1767 1772//1772
f 1767//1767 1773//1773 1771//1771
f 1776//1776 1774//1774 1775//1775
f 1767//1767 1770//1770 1774//1774
f 1774//1774 1776//1776 1767//1767
f 1773//1773 1767//1767 1776//1776
f 1774//1774 1770//1770 1777//1777
f 1768//1768 1778//1778 1770//1770
f 1768//1768 1779//1779 1778//1778
f 1780//1780 1784//1784 1782//1782
f 1760//1760 1782//1782 1784//1784
f 1786//1786 1785//1785 1740//1740
f 1785//1785 1783//1783 1781//1781
f 1781//1781 1741//1741 1785//1785
f 1741//1741 1740//1740 1785//1785
f 1787//1787 1788//1788 1789//1789
f 1792//1792 1791//1791 1793//1793
f 1793//1793 1795//1795 1794//1794
f 1797//1797 1796//1796 1792//1792
f 1797//1797 1799//1799 1798//1798
f 1799//1799 1797//1797 1800//1800
f 1801//1801 1802//1802 1800//1800
f 1792//1792 1801//1801 1797//1797
f 1800//1800 1797//1797 1801//1801
f 1802//1802 1801//1801 1803//1803
f 1803//1803 1801//1801 1793//1793
f 1792//1792 1793//1793 1801//1801
f 1804//1804 1752//1752 1753//1753
f 1752//1752 1804//1804 1805//1805
f 1805//1805 1808//1808 1784//1784
f 1805//1805 1807//1807 1808//1808
f 1784//1784 1752//1752 1805//1805
f 1807//1807 1805//1805 1806//1806
f 1810//1810 1809//1809 1806//1806
f 1811//1811 1810//1810 1806//1806
f 1811//1811 1806//1806 1805//1805
f 1811//1811 1805//1805 1804//1804
f 1783//1783 1751//1751 1784//1784
f 1760//1760 1784//1784 1808//1808
f 1751//1751 1752//1752 1784//1784
f 1748//1748 1786//1786 1813//1813
f 1786//1786 1748//1748 1812//1812
f 1751//1751 1812//1812 1748//1748
f 1812//1812 1751//1751 1783//1783
f 1817//1817 1814//1814 1815//1815
f 1814//1814 1817//1817 1818//1818
f 1819//1819 1748//1748 1813//1813
f 1820//1820 1748//1748 1819//1819
f 1819//1819 1817//1817 1820//1820
f 1748//1748 1820//1820 1746//1746
f 1815//1815 1821//1821 1817//1817
f 1820//1820 1817//1817 1821//1821
f 1745//1745 1823//1823 1822//1822
f 1745//1745 1822//1822 1825//1825
f 1825//1825 1824//1824 1745//1745
f 1827//1827 1826//1826 1825//1825
f 1825//1825 1822//1822 1827//1827
f 1790//1790 1828//1828 1829//1829
f 1826//1826 1829//1829 1828//1828
f 1827//1827 1829//1829 1826//1826
f 1829//1829 1789//1789 1790//1790
f 1770//1770 1778//1778 1777//1777
f 1774//1774 1777//1777 1831//1831
f 1831//1831 1777//1777 1832//1832
f 1832//1832 1777//1777 1833//1833
f 1777//1777 1778//1778 1833//1833
f 1778//1778 1834//1834 1833//1833
f 1779//1779 1830//1830 1778//1778
f 1834//1834 1778//1778 1830//1830
f 1838//1838 1836//1836 1839//1839
f 1837//1837 1840//1840 1835//1835
f 1840//1840 1839//1839 1836//1836
f 1836//1836 1835//1835 1840//1840
f 1794//1794 1795//1795 1842//1842
f 1841//1841 1842//1842 1795//1795
f 1835//1835 1843//1843 1837//1837
f 1841//1841 1837//1837 1843//1843
f 1847//1847 1848//1848 1846//1846
f 1846//1846 1849//1849 1847//1847
f 1849//1849 1851//1851 1847//1847
f 1850//1850 1847//1847 1851//1851
f 1853//1853 1852//1852 1849//1849
f 1852//1852 1853//1853 1803//1803
f 1802//1802 1803//1803 1853//1853
f 1846//1846 1853//1853 1849//1849
f 1853//1853 1844//1844 1845//1845
f 1845//1845 1802//1802 1853//1853
f 1853//1853 1846//1846 1844//1844
f 1845//1845 1856//1856 1802//1802
f 1800//1800 1802//1802 1856//1856
f 1800//1800 1856//1856 1855//1855
f 1800//1800 1855//1855 1854//1854
f 1854//1854 1799//1799 1800//1800
f 1857//1857 1858//1858 1816//1816
f 1858//1858 1860//1860 1859//1859
f 1859//1859 1816//1816 1858//1858
f 1854//1854 1863//1863 1799//1799
f 1863//1863 1862//1862 1799//1799
f 1858//1858 1862//1862 1860//1860
f 1864//1864 1799//1799 1862//1862
f 1862//1862 1858//1858 1864//1864
f 1799//1799 1864//1864 1798//1798
f 1745//1745 1824//1824 1743//1743
f 1768//1768 1766//1766 1830//1830
f 1779//1779 1768//1768 1830//1830
f 1764//1764 1838//1838 1763//1763
f 1838//1838 1764//1764 1836//1836
f 1848//1848 1847//1847 1811//1811
f 1846//1846 1848//1848 1811//1811
f 1811//1811 1804//1804 1846//1846
f 1804//1804 1753//1753 1844//1844
f 1811//1811 1847//1847 1810//1810
f 1810//1810 1850//1850 1809//1809
f 1850//1850 1810//1810 1847//1847
f 1804//1804 1844//1844 1846//1846
f 1747//1747 1856//1856 1750//1750
f 1753//1753 1845//1845 1844//1844
f 1845//1845 1753//1753 1750//1750
f 1856//1856 1845//1845 1750//1750
f 1747//1747 1855//1855 1856//1856
f 1746//1746 1854//1854 1747//1747
f 1855//1855 1747//1747 1854//1854
f 1814//1814 1861//1861 1816//1816
f 1815//1815 1814//1814 1859//1859
f 1816//1816 1859//1859 1814//1814
f 1815//1815 1859//1859 1821//1821
f 1820//1820 1863//1863 1746//1746
f 1863//1863 1820//1820 1821//1821
f 1863//1863 1854//1854 1746//1746
f 1863//1863 1821//1821 1862//1862
f 1859//1859 1860//1860 1821//1821
f 1862//1862 1821//1821 1860//1860
f 1775//1775 1865//1865 1776//1776
f 1865//1865 1735//1735 1737//1737
f 1737//1737 1776//1776 1865//1865
f 1776//1776 1737//1737 1773//1773
f 1735//1735 1865//1865 1736//1736
f 1737//1737 1741//1741 1773//1773
f 1775//1775 1866//1866 1865//1865
f 1782//1782 1772//1772 1771//1771
f 1771//1771 1780//1780 1782//1782
f 1759//1759 1772//1772 1782//1782
f 1771//1771 1781//1781 1780//1780
f 1741//1741 1771//1771 1773//1773
f 1771//1771 1741//1741 1781//1781
f 1769//1769 1772//1772 1759//1759
f 1758//1758 1769//1769 1759//1759
f 1867//1867 1769//1769 1757//1757
f 1769//1769 1867//1867 1868//1868
f 1758//1758 1757//1757 1769//1769
f 1769//1769 1868//1868 1766//1766
f 1757//1757 1761//1761 1869//1869
f 1869//1869 1867//1867 1757//1757
f 1870//1870 1868//1868 1867//1867
f 1868//1868 1871//1871 1830//1830
f 1830//1830 1766//1766 1868//1868
f 1871//1871 1868//1868 1870//1870
f 1869//1869 1870//1870 1867//1867
f 1870//1870 1869//1869 1872//1872
f 1872//1872 1869//1869 1840//1840
f 1762//1762 1839//1839 1761//1761
f 1761//1761 1840//1840 1869//1869
f 1840//1840 1761//1761 1839//1839
f 1872//1872 1840//1840 1837//1837
f 1870//1870 1872//1872 1873//1873
f 1870//1870 1873//1873 1871//1871
f 1873//1873 1834//1834 1830//1830
f 1830//1830 1871//1871 1873//1873
f 1837//1837 1873//1873 1872//1872
f 1873//1873 1837//1837 1795//1795
f 1795//1795 1834//1834 1873//1873
f 1837//1837 1841//1841 1795//1795
f 1789//1789 1832//1832 1874//1874
f 1833//1833 1874//1874 1832//1832
f 1787//1787 1789//1789 1874//1874
f 1787//1787 1874//1874 1791//1791
f 1795//1795 1791//1791 1874//1874
f 1833//1833 1834//1834 1874//1874
f 1795//1795 1874//1874 1834//1834
f 1876//1876 1831//1831 1875//1875
f 1822//1822 1823//1823 1876//1876
f 1876//1876 1875//1875 1822//1822
f 1829//1829 1832//1832 1789//1789
f 1829//1829 1827//1827 1875//1875
f 1875//1875 1832//1832 1829//1829
f 1832//1832 1875//1875 1831//1831
f 1865//1865 1866//1866 1876//1876
f 1823//1823 1744//1744 1865//1865
f 1866//1866 1831//1831 1876//1876
f 1831//1831 1775//1775 1774//1774
f 1775//1775 1831//1831 1866//1866
f 1742//1742 1818//1818 1738//1738
f 1742//1742 1743//1743 1877//1877
f 1819//1819 1739//1739 1817//1817
f 1817//1817 1738//1738 1818//1818
f 1738//1738 1817//1817 1739//1739
f 1813//1813 1740//1740 1739//1739
f 1819//1819 1813//1813 1739//1739
f 1742//1742 1814//1814 1818//1818
f 1877//1877 1814//1814 1742//1742
f 1784//1784 1780//1780 1783//1783
f 1783//1783 1785//1785 1812//1812
f 1786//1786 1812//1812 1785//1785
f 1786//1786 1740//1740 1813//1813
f 1754//1754 1806//1806 1755//1755
f 1806//1806 1754//1754 1756//1756
f 1756//1756 1807//1807 1806//1806
f 1808//1808 1756//1756 1760//1760
f 1807//1807 1756//1756 1808//1808
f 1764//1764 1765//1765 1878//1878
f 1878//1878 1765//1765 1809//1809
f 1755//1755 1809//1809 1765//1765
f 1809//1809 1755//1755 1806//1806
f 1878//1878 1809//1809 1850//1850
f 1836//1836 1764//1764 1878//1878
f 1850//1850 1836//1836 1878//1878
f 1849//1849 1835//1835 1851//1851
f 1836//1836 1850//1850 1851//1851
f 1836//1836 1851//1851 1835//1835
f 1852//1852 1841//1841 1843//1843
f 1849//1849 1843//1843 1835//1835
f 1843//1843 1849//1849 1852//1852
f 1841//1841 1852//1852 1842//1842
f 1794//1794 1842//1842 1803//1803
f 1852//1852 1803//1803 1842//1842
f 1797//1797 1788//1788 1787//1787
f 1787//1787 1796//1796 1797//1797
f 1788//1788 1797//1797 1798//1798
f 1798//1798 1790//1790 1788//1788
f 1794//1794 1803//1803 1793//1793
f 1792//1792 1796//1796 1787//1787
f 1787//1787 1791//1791 1792//1792
f 1825//1825 1857//1857 1824//1824
f 1824//1824 1861//1861 1877//1877
f 1877//1877 1743//1743 1824//1824
f 1824//1824 1816//1816 1861//1861
f 1857//1857 1816//1816 1824//1824
f 1826//1826 1828//1828 1798//1798
f 1798//1798 1864//1864 1826//1826
f 1857//1857 1826//1826 1858//1858
f 1858//1858 1826//1826 1864//1864
f 1826//1826 1857//1857 1825//1825
f 1828//1828 1790//1790 1798//1798
f 1814//1814 1877//1877 1861//1861
f 1754//1754 1757//1757 1758//1758
f 1765//1765 1761//1761 1757//1757
f 1764//1764 1762//1762 1761//1761
f 1761//1761 1765//1765 1764//1764
f 1762//1762 1764//1764 1763//1763
f 1781//1781 1783//1783 1780//1780
f 1782//1782 1760//1760 1759//1759
f 1790//1790 1789//1789 1788//1788
f 1793//1793 1791//1791 1795//1795
f 1763//1763 1839//1839 1762//1762
f 1838//1838 1839//1839 1763//1763
f 1865//1865 1744//1744 1736//1736
f 1823//1823 1745//1745 1744//1744
f 1822//1822 1875//1875 1827//1827
f 1823//1823 1865//1865 1876//1876
f 1880//1880 1882//1882 1881//1881
f 1883//1883 1884//1884 1879//1879
f 1880//1880 1883//1883 1879//1879
f 1882//1882 1885//1885 1881//1881
f 1885//1885 1882//1882 1887//1887
f 1887//1887 1882//1882 1888//1888
f 1888//1888 1890//1890 1889//1889
f 1890//1890 1888//1888 1891//1891
f 1888//1888 1882//1882 1891//1891
f 1880//1880 1891//1891 1882//1882
f 1879//1879 1891//1891 1880//1880
f 1892//1892 1893//1893 1894//1894
f 1896//1896 1895//1895 1893//1893
f 1895//1895 1896//1896 1897//1897
f 1896//1896 1898//1898 1897//1897
f 1899//1899 1898//1898 1896//1896
f 1896//1896 1900//1900 1899//1899
f 1892//1892 1900//1900 1893//1893
f 1896//1896 1893//1893 1900//1900
f 1903//1903 1901//1901 1902//1902
f 1901//1901 1903//1903 1904//1904
f 1903//1903 1902//1902 1905//1905
f 1907//1907 1908//1908 1906//1906
f 1907//1907 1906//1906 1909//1909
f 1906//1906 1905//1905 1909//1909
f 1909//1909 1910//1910 1907//1907
f 1902//1902 1909//1909 1905//1905
f 1909//1909 1902//1902 1911//1911
f 1910//1910 1911//1911 1912//1912
f 1911//1911 1910//1910 1909//1909
f 1913//1913 1915//1915 1914//1914
f 1916//1916 1917//1917 1914//1914
f 1914//1914 1915//1915 1916//1916
f 1879//1879 1884//1884 1918//1918
f 1879//1879 1918//1918 1916//1916
f 1879//1879 1916//1916 1891//1891
f 1916//1916 1915//1915 1891//1891
f 1891//1891 1915//1915 1919//1919
f 1915//1915 1913//1913 1907//1907
f 1907//1907 1910//1910 1915//1915
f 1919//1919 1915//1915 1910//1910
f 1921//1921 1922//1922 1920//1920
f 1923//1923 1920//1920 1922//1922
f 1925//1925 1923//1923 1926//1926
f 1922//1922 1926//1926 1923//1923
f 1926//1926 1922//1922 1924//1924
f 1928//1928 1930//1930 1927//1927
f 1929//1929 1930//1930 1928//1928
f 1927//1927 1924//1924 1922//1922
f 1922//1922 1928//1928 1927//1927
f 1928//1928 1922//1922 1921//1921
f 1919//1919 1931//1931 1890//1890
f 1890//1890 1891//1891 1919//1919
f 1889//1889 1890//1890 1932//1932
f 1931//1931 1932//1932 1890//1890
f 1932//1932 1931//1931 1933//1933
f 1933//1933 1931//1931 1934//1934
f 1912//1912 1934//1934 1910//1910
f 1910//1910 1934//1934 1919//1919
f 1934//1934 1931//1931 1919//1919
f 1933//1933 1936//1936 1935//1935
f 1937//1937 1935//1935 1938//1938
f 1936//1936 1938//1938 1935//1935
f 1938//1938 1939//1939 1937//1937
f 1943//1943 1942//1942 1941//1941
f 1941//1941 1940//1940 1943//1943
f 1933//1933 1943//1943 1936//1936
f 1936//1936 1943//1943 1940//1940
f 1947//1947 1944//1944 1946//1946
f 1945//1945 1946//1946 1944//1944
f 1948//1948 1946//1946 1949//1949
f 1949//1949 1950//1950 1948//1948
f 1951//1951 1945//1945 1952//1952
f 1942//1942 1953//1953 1941//1941
f 1951//1951 1952//1952 1953//1953
f 1953//1953 1942//1942 1951//1951
f 1954//1954 1957//1957 1956//1956
f 1956//1956 1955//1955 1954//1954
f 1958//1958 1959//1959 1955//1955
f 1955//1955 1956//1956 1958//1958
f 1957//1957 1960//1960 1961//1961
f 1962//1962 1963//1963 1961//1961
f 1960//1960 1957//1957 1954//1954
f 1962//1962 1961//1961 1930//1930
f 1960//1960 1930//1930 1961//1961
f 1966//1966 1964//1964 1965//1965
f 1965//1965 1967//1967 1966//1966
f 1964//1964 1966//1966 1968//1968
f 1964//1964 1968//1968 1969//1969
f 1970//1970 1968//1968 1966//1966
f 1972//1972 1971//1971 1967//1967
f 1971//1971 1972//1972 1939//1939
f 1937//1937 1939//1939 1973//1973
f 1972//1972 1973//1973 1939//1939
f 1972//1972 1967//1967 1965//1965
f 1894//1894 1893//1893 1975//1975
f 1895//1895 1976//1976 1975//1975
f 1976//1976 1895//1895 1897//1897
f 1895//1895 1975//1975 1893//1893
f 1974//1974 1892//1892 1894//1894
f 1947//1947 1946//1946 1948//1948
f 1978//1978 1980//1980 1903//1903
f 1904//1904 1903//1903 1980//1980
f 1979//1979 1904//1904 1980//1980
f 1908//1908 1981//1981 1906//1906
f 1906//1906 1981//1981 1905//1905
f 1978//1978 1905//1905 1981//1981
f 1903//1903 1905//1905 1978//1978
f 1983//1983 1913//1913 1914//1914
f 1914//1914 1917//1917 1983//1983
f 1913//1913 1983//1983 1982//1982
f 1907//1907 1982//1982 1908//1908
f 1913//1913 1982//1982 1907//1907
f 1985//1985 1880//1880 1881//1881
f 1880//1880 1985//1985 1883//1883
f 1984//1984 1985//1985 1881//1881
f 1886//1886 1987//1987 1986//1986
f 1984//1984 1885//1885 1986//1986
f 1886//1886 1986//1986 1885//1885
f 1885//1885 1984//1984 1881//1881
f 1989//1989 1988//1988 1974//1974
f 1974//1974 1975//1975 1989//1989
f 1990//1990 1988//1988 1989//1989
f 1989//1989 1975//1975 1976//1976
f 1991//1991 1992//1992 1976//1976
f 1976//1976 1992//1992 1989//1989
f 1990//1990 1989//1989 1992//1992
f 1991//1991 1976//1976 1897//1897
f 1894//1894 1975//1975 1974//1974
f 1947//1947 1948//1948 1977//1977
f 1944//1944 1947//1947 1977//1977
f 1995//1995 1996//1996 1958//1958
f 1995//1995 1994//1994 1996//1996
f 1996//1996 1959//1959 1958//1958
f 1997//1997 1998//1998 1994//1994
f 1994//1994 1993//1993 1997//1997
f 1959//1959 1996//1996 1999//1999
f 1996//1996 1994//1994 1998//1998
f 1998//1998 1999//1999 1996//1996
f 1977//1977 1948//1948 1997//1997
f 1997//1997 1993//1993 1977//1977
f 2000//2000 1980//1980 1978//1978
f 2000//2000 1979//1979 1980//1980
f 2001//2001 2000//2000 2002//2002
f 2002//2002 1925//1925 2001//2001
f 2002//2002 1923//1923 1925//1925
f 1923//1923 2002//2002 1920//1920
f 2002//2002 2000//2000 2003//2003
f 2003//2003 1920//1920 2002//2002
f 1920//1920 2003//2003 1908//1908
f 1908//1908 2003//2003 1981//1981
f 2003//2003 2000//2000 1978//1978
f 1978//1978 1981//1981 2003//2003
f 1982//1982 1983//1983 1908//1908
f 2004//2004 1920//1920 1908//1908
f 1908//1908 1983//1983 2004//2004
f 1921//1921 2004//2004 1983//1983
f 1983//1983 1917//1917 1921//1921
f 1921//1921 1920//1920 2004//2004
f 1917//1917 1918//1918 1884//1884
f 1921//1921 1917//1917 1884//1884
f 1917//1917 1916//1916 1918//1918
f 1985//1985 2005//2005 1883//1883
f 2005//2005 1921//1921 1884//1884
f 1884//1884 1883//1883 2005//2005
f 2006//2006 2005//2005 1985//1985
f 1985//1985 1984//1984 2006//2006
f 2005//2005 2006//2006 2007//2007
f 1929//1929 1928//1928 2007//2007
f 2005//2005 2007//2007 1928//1928
f 1928//1928 1921//1921 2005//2005
f 2006//2006 1984//1984 1986//1986
f 1969//1969 2008//2008 2009//2009
f 2009//2009 2008//2008 2010//2010
f 2010//2010 2011//2011 1962//1962
f 2008//2008 2012//2012 2010//2010
f 2012//2012 1963//1963 1962//1962
f 1962//1962 2011//2011 2012//2012
f 2011//2011 2010//2010 2012//2012
f 1969//1969 1970//1970 2008//2008
f 1970//1970 1969//1969 1968//1968
f 1970//1970 1966//1966 2013//2013
f 2013//2013 2014//2014 2008//2008
f 2008//2008 1970//1970 2013//2013
f 2008//2008 2014//2014 2012//2012
f 2012//2012 1988//1988 1963//1963
f 2014//2014 1988//1988 2012//2012
f 1988//1988 2014//2014 1974//1974
f 2014//2014 2013//2013 2015//2015
f 2014//2014 2016//2016 1974//1974
f 2015//2015 2013//2013 1966//1966
f 2016//2016 2014//2014 2015//2015
f 2016//2016 1892//1892 1974//1974
f 2015//2015 1966//1966 1967//1967
f 2016//2016 1900//1900 1892//1892
f 2016//2016 2015//2015 1971//1971
f 2016//2016 1971//1971 1900//1900
f 1939//1939 1900//1900 1971//1971
f 1971//1971 2015//2015 1967//1967
f 1936//1936 2017//2017 1938//1938
f 1939//1939 1938//1938 1900//1900
f 1900//1900 1938//1938 1899//1899
f 2017//2017 1899//1899 1938//1938
f 2017//2017 1898//1898 1899//1899
f 1941//1941 1898//1898 2017//2017
f 1941//1941 2017//2017 1940//1940
f 1940//1940 2017//2017 1936//1936
f 2018//2018 2020//2020 2019//2019
f 2019//2019 2021//2021 2022//2022
f 2022//2022 2023//2023 2019//2019
f 1944//1944 1977//1977 2022//2022
f 2022//2022 2021//2021 1944//1944
f 1945//1945 1944//1944 2021//2021
f 1945//1945 2021//2021 1952//1952
f 1941//1941 1953//1953 1898//1898
f 2020//2020 1898//1898 1953//1953
f 1953//1953 1952//1952 2020//2020
f 2019//2019 2020//2020 1952//1952
f 1952//1952 2021//2021 2019//2019
f 2020//2020 2018//2018 1897//1897
f 1897//1897 1898//1898 2020//2020
f 1897//1897 2018//2018 1991//1991
f 2019//2019 1991//1991 2018//2018
f 2022//2022 1977//1977 1993//1993
f 2024//2024 2023//2023 2022//2022
f 2022//2022 1993//1993 2024//2024
f 2023//2023 2024//2024 1991//1991
f 2019//2019 2023//2023 1991//1991
f 2024//2024 1992//1992 1991//1991
f 2024//2024 1993//1993 1995//1995
f 2024//2024 1995//1995 1992//1992
f 1995//1995 1958//1958 1992//1992
f 1995//1995 1993//1993 1994//1994
f 1990//1990 1992//1992 1958//1958
f 1958//1958 1956//1956 1990//1990
f 1990//1990 1956//1956 1957//1957
f 1963//1963 1988//1988 1957//1957
f 1990//1990 1957//1957 1988//1988
f 1957//1957 1961//1961 1963//1963
f 1986//1986 2009//2009 2006//2006
f 2010//2010 2007//2007 2006//2006
f 2007//2007 2010//2010 1929//1929
f 1930//1930 1929//1929 2010//2010
f 2010//2010 2006//2006 2009//2009
f 2010//2010 1962//1962 1930//1930
f 1986//1986 1969//1969 2009//2009
f 1969//1969 1986//1986 1987//1987
f 1969//1969 1987//1987 2025//2025
f 1969//1969 2025//2025 1964//1964
f 2025//2025 1987//1987 1886//1886
f 2025//2025 1886//1886 1964//1964
f 1885//1885 1964//1964 1886//1886
f 1885//1885 1887//1887 1965//1965
f 1965//1965 1964//1964 1885//1885
f 1965//1965 1887//1887 1972//1972
f 1889//1889 1937//1937 1973//1973
f 1889//1889 1973//1973 1888//1888
f 1972//1972 1888//1888 1973//1973
f 1887//1887 1888//1888 1972//1972
f 1932//1932 1933//1933 2026//2026
f 1932//1932 2026//2026 1889//1889
f 1935//1935 1937//1937 1889//1889
f 1889//1889 2026//2026 1935//1935
f 2026//2026 1933//1933 1935//1935
f 2027//2027 1942//1942 1943//1943
f 2027//2027 1943//1943 1934//1934
f 1933//1933 1934//1934 1943//1943
f 1934//1934 1912//1912 2027//2027
f 1949//1949 1946//1946 1945//1945
f 1945//1945 2028//2028 1949//1949
f 1901//1901 1949//1949 2028//2028
f 1949//1949 1901//1901 1904//1904
f 1979//1979 1949//1949 1904//1904
f 1901//1901 2028//2028 1902//1902
f 1902//1902 2028//2028 1911//1911
f 1912//1912 2029//2029 2027//2027
f 2029//2029 1912//1912 1911//1911
f 1951//1951 2029//2029 1911//1911
f 1911//1911 2028//2028 1951//1951
f 1951//1951 2028//2028 1945//1945
f 2027//2027 2029//2029 1942//1942
f 1951//1951 1942//1942 2029//2029
f 1979//1979 1950//1950 1949//1949
f 2000//2000 2030//2030 1979//1979
f 2030//2030 1950//1950 1979//1979
f 1950//1950 2030//2030 1997//1997
f 1997//1997 1948//1948 1950//1950
f 1997//1997 2030//2030 1998//1998
f 2001//2001 1998//1998 2030//2030
f 1998//1998 2001//2001 1925//1925
f 1925//1925 1999//1999 1998//1998
f 2001//2001 2030//2030 2000//2000
f 1924//1924 2032//2032 2031//2031
f 1999//1999 1925//1925 1926//1926
f 1926//1926 2031//2031 1999//1999
f 2031//2031 1926//1926 1924//1924
f 2031//2031 2032//2032 1954//1954
f 1954//1954 1955//1955 2031//2031
f 1999//1999 2031//2031 1955//1955
f 1955//1955 1959//1959 1999//1999
f 1954//1954 2032//2032 1960//1960
f 1927//1927 1960//1960 2032//2032
f 1960//1960 1927//1927 1930//1930
f 1927//1927 2032//2032 1924//1924
f 2033//2033 2034//2034 2035//2035
f 2034//2034 2033//2033 2036//2036
f 2037//2037 2036//2036 2033//2033
f 2036//2036 2037//2037 2038//2038
f 2040//2040 2037//2037 2039//2039
f 2039//2039 2037//2037 2033//2033
f 2039//2039 2033//2033 2042//2042
f 2042//2042 2043//2043 2039//2039
f 2039//2039 2044//2044 2040//2040
f 2045//2045 2033//2033 2035//2035
f 2035//2035 2046//2046 2045//2045
f 2047//2047 2048//2048 2049//2049
f 2048//2048 2047//2047 2050//2050
f 2050//2050 2052//2052 2051//2051
f 2052//2052 2050//2050 2053//2053
f 2053//2053 2050//2050 2054//2054
f 2050//2050 2047//2047 2055//2055
f 2055//2055 2054//2054 2050//2050
f 2056//2056 2057//2057 2055//2055
f 2054//2054 2055//2055 2057//2057
f 2055//2055 2047//2047 2049//2049
f 2055//2055 2058//2058 2056//2056
f 2060//2060 2059//2059 2063//2063
f 2063//2063 2064//2064 2060//2060
f 2062//2062 2061//2061 2066//2066
f 2066//2066 2065//2065 2062//2062
f 2061//2061 2060//2060 2064//2064
f 2064//2064 2066//2066 2061//2061
f 2068//2068 2067//2067 2063//2063
f 2070//2070 2069//2069 2067//2067
f 2067//2067 2068//2068 2070//2070
f 2063//2063 2059//2059 2068//2068
f 2071//2071 2069//2069 2070//2070
f 2074//2074 2073//2073 2072//2072
f 2075//2075 2073//2073 2076//2076
f 2074//2074 2076//2076 2073//2073
f 2062//2062 2065//2065 2077//2077
f 2080//2080 2079//2079 2078//2078
f 2081//2081 2080//2080 2082//2082
f 2083//2083 2084//2084 2078//2078
f 2080//2080 2078//2078 2084//2084
f 2084//2084 2082//2082 2080//2080
f 2086//2086 2085//2085 2083//2083
f 2085//2085 2086//2086 2087//2087
f 2083//2083 2078//2078 2086//2086
f 2089//2089 2088//2088 2075//2075
f 2088//2088 2089//2089 2087//2087
f 2088//2088 2087//2087 2090//2090
f 2086//2086 2090//2090 2087//2087
f 2091//2091 2094//2094 2093//2093
f 2097//2097 2095//2095 2096//2096
f 2096//2096 2098//2098 2097//2097
f 2034//2034 2036//2036 2103//2103
f 2103//2103 2102//2102 2034//2034
f 2102//2102 2101//2101 2034//2034
f 2104//2104 2034//2034 2099//2099
f 2101//2101 2099//2099 2034//2034
f 2034//2034 2104//2104 2035//2035
f 2104//2104 2099//2099 2105//2105
f 2104//2104 2105//2105 2106//2106
f 2106//2106 2107//2107 2104//2104
f 2108//2108 2109//2109 2105//2105
f 2105//2105 2100//2100 2108//2108
f 2099//2099 2100//2100 2105//2105
f 2041//2041 2112//2112 2111//2111
f 2038//2038 2041//2041 2111//2111
f 2111//2111 2110//2110 2038//2038
f 2041//2041 2038//2038 2037//2037
f 2038//2038 2110//2110 2113//2113
f 2103//2103 2036//2036 2113//2113
f 2038//2038 2113//2113 2036//2036
f 2116//2116 2114//2114 2115//2115
f 2119//2119 2118//2118 2116//2116
f 2116//2116 2115//2115 2119//2119
f 2041//2041 2037//2037 2040//2040
f 2119//2119 2041//2041 2040//2040
f 2119//2119 2115//2115 2120//2120
f 2119//2119 2120//2120 2041//2041
f 2120//2120 2112//2112 2041//2041
f 2121//2121 2123//2123 2122//2122
f 2122//2122 2125//2125 2124//2124
f 2125//2125 2122//2122 2126//2126
f 2122//2122 2123//2123 2126//2126
f 2126//2126 2123//2123 2127//2127
f 2127//2127 2123//2123 2129//2129
f 2129//2129 2128//2128 2127//2127
f 2129//2129 2123//2123 2130//2130
f 2129//2129 2130//2130 2131//2131
f 2067//2067 2069//2069 2132//2132
f 2133//2133 2134//2134 2063//2063
f 2064//2064 2063//2063 2134//2134
f 2133//2133 2063//2063 2067//2067
f 2067//2067 2132//2132 2133//2133
f 2136//2136 2137//2137 2094//2094
f 2094//2094 2091//2091 2136//2136
f 2091//2091 2092//2092 2121//2121
f 2136//2136 2091//2091 2121//2121
f 2092//2092 2123//2123 2121//2121
f 2095//2095 2130//2130 2123//2123
f 2123//2123 2092//2092 2095//2095
f 2130//2130 2095//2095 2097//2097
f 2083//2083 2138//2138 2084//2084
f 2140//2140 2139//2139 2141//2141
f 2139//2139 2082//2082 2141//2141
f 2138//2138 2141//2141 2082//2082
f 2082//2082 2084//2084 2138//2138
f 2142//2142 2138//2138 2143//2143
f 2085//2085 2143//2143 2138//2138
f 2143//2143 2085//2085 2144//2144
f 2089//2089 2144//2144 2087//2087
f 2085//2085 2087//2087 2144//2144
f 2085//2085 2138//2138 2083//2083
f 2076//2076 2089//2089 2075//2075
f 2074//2074 2072//2072 2110//2110
f 2110//2110 2111//2111 2074//2074
f 2076//2076 2074//2074 2111//2111
f 2077//2077 2113//2113 2110//2110
f 2110//2110 2072//2072 2077//2077
f 2113//2113 2077//2077 2145//2145
f 2145//2145 2077//2077 2065//2065
f 2050//2050 2147//2147 2048//2048
f 2051//2051 2147//2147 2050//2050
f 2055//2055 2148//2148 2058//2058
f 2149//2149 2082//2082 2139//2139
f 2116//2116 2150//2150 2114//2114
f 2116//2116 2151//2151 2150//2150
f 2150//2150 2117//2117 2114//2114
f 2119//2119 2152//2152 2118//2118
f 2152//2152 2119//2119 2040//2040
f 2118//2118 2151//2151 2116//2116
f 2033//2033 2045//2045 2046//2046
f 2106//2106 2105//2105 2109//2109
f 2132//2132 2069//2069 2153//2153
f 2132//2132 2153//2153 2135//2135
f 2132//2132 2135//2135 2154//2154
f 2156//2156 2071//2071 2155//2155
f 2069//2069 2071//2071 2146//2146
f 2156//2156 2146//2146 2071//2071
f 2157//2157 2156//2156 2155//2155
f 2160//2160 2159//2159 2157//2157
f 2157//2157 2158//2158 2160//2160
f 2157//2157 2155//2155 2158//2158
f 2137//2137 2161//2161 2093//2093
f 2093//2093 2094//2094 2137//2137
f 2159//2159 2160//2160 2161//2161
f 2161//2161 2137//2137 2159//2159
f 2162//2162 2049//2049 2147//2147
f 2164//2164 2163//2163 2147//2147
f 2162//2162 2147//2147 2163//2163
f 2147//2147 2049//2049 2048//2048
f 2147//2147 2051//2051 2164//2164
f 2148//2148 2055//2055 2049//2049
f 2148//2148 2049//2049 2165//2165
f 2162//2162 2165//2165 2049//2049
f 2169//2169 2168//2168 2166//2166
f 2170//2170 2169//2169 2166//2166
f 2168//2168 2098//2098 2096//2096
f 2169//2169 2098//2098 2168//2168
f 2167//2167 2171//2171 2170//2170
f 2081//2081 2172//2172 2171//2171
f 2171//2171 2167//2167 2081//2081
f 2170//2170 2166//2166 2167//2167
f 2149//2149 2081//2081 2082//2082
f 2081//2081 2149//2149 2172//2172
f 2139//2139 2140//2140 2149//2149
f 2172//2172 2149//2149 2140//2140
f 2171//2171 2173//2173 2170//2170
f 2170//2170 2173//2173 2169//2169
f 2169//2169 2174//2174 2098//2098
f 2173//2173 2175//2175 2169//2169
f 2174//2174 2169//2169 2175//2175
f 2175//2175 2173//2173 2176//2176
f 2140//2140 2177//2177 2173//2173
f 2172//2172 2140//2140 2173//2173
f 2173//2173 2171//2171 2172//2172
f 2178//2178 2150//2150 2151//2151
f 2129//2129 2179//2179 2128//2128
f 2179//2179 2178//2178 2152//2152
f 2152//2152 2128//2128 2179//2179
f 2128//2128 2152//2152 2044//2044
f 2152//2152 2178//2178 2151//2151
f 2152//2152 2151//2151 2118//2118
f 2044//2044 2152//2152 2040//2040
f 2042//2042 2033//2033 2180//2180
f 2180//2180 2043//2043 2042//2042
f 2046//2046 2180//2180 2033//2033
f 2044//2044 2039//2039 2043//2043
f 2043//2043 2128//2128 2044//2044
f 2128//2128 2043//2043 2181//2181
f 2127//2127 2128//2128 2181//2181
f 2127//2127 2181//2181 2126//2126
f 2180//2180 2126//2126 2043//2043
f 2181//2181 2043//2043 2126//2126
f 2126//2126 2046//2046 2125//2125
f 2126//2126 2180//2180 2046//2046
f 2106//2106 2109//2109 2182//2182
f 2106//2106 2182//2182 2107//2107
f 2104//2104 2107//2107 2035//2035
f 2046//2046 2035//2035 2107//2107
f 2046//2046 2107//2107 2125//2125
f 2182//2182 2125//2125 2107//2107
f 2125//2125 2182//2182 2183//2183
f 2125//2125 2183//2183 2124//2124
f 2184//2184 2156//2156 2157//2157
f 2184//2184 2146//2146 2156//2156
f 2146//2146 2184//2184 2153//2153
f 2146//2146 2153//2153 2069//2069
f 2184//2184 2157//2157 2185//2185
f 2135//2135 2153//2153 2184//2184
f 2184//2184 2154//2154 2135//2135
f 2157//2157 2186//2186 2185//2185
f 2186//2186 2157//2157 2159//2159
f 2187//2187 2056//2056 2058//2058
f 2068//2068 2071//2071 2070//2070
f 2068//2068 2188//2188 2190//2190
f 2190//2190 2188//2188 2189//2189
f 2060//2060 2057//2057 2056//2056
f 2061//2061 2057//2057 2060//2060
f 2062//2062 2057//2057 2061//2061
f 2188//2188 2068//2068 2059//2059
f 2059//2059 2060//2060 2188//2188
f 2056//2056 2187//2187 2189//2189
f 2189//2189 2188//2188 2056//2056
f 2188//2188 2060//2060 2056//2056
f 2053//2053 2072//2072 2073//2073
f 2077//2077 2057//2057 2062//2062
f 2057//2057 2077//2077 2054//2054
f 2053//2053 2054//2054 2077//2077
f 2077//2077 2072//2072 2053//2053
f 2191//2191 2192//2192 2193//2193
f 2193//2193 2194//2194 2191//2191
f 2051//2051 2191//2191 2194//2194
f 2193//2193 2192//2192 2079//2079
f 2078//2078 2079//2079 2192//2192
f 2192//2192 2191//2191 2078//2078
f 2090//2090 2086//2086 2078//2078
f 2078//2078 2191//2191 2090//2090
f 2073//2073 2075//2075 2088//2088
f 2088//2088 2053//2053 2073//2073
f 2088//2088 2090//2090 2052//2052
f 2053//2053 2088//2088 2052//2052
f 2191//2191 2052//2052 2090//2090
f 2052//2052 2191//2191 2051//2051
f 2193//2193 2079//2079 2167//2167
f 2164//2164 2051//2051 2194//2194
f 2193//2193 2167//2167 2166//2166
f 2166//2166 2194//2194 2193//2193
f 2167//2167 2079//2079 2081//2081
f 2079//2079 2080//2080 2081//2081
f 2164//2164 2194//2194 2163//2163
f 2168//2168 2163//2163 2194//2194
f 2163//2163 2168//2168 2096//2096
f 2168//2168 2194//2194 2166//2166
f 2091//2091 2165//2165 2162//2162
f 2162//2162 2092//2092 2091//2091
f 2165//2165 2091//2091 2093//2093
f 2096//2096 2095//2095 2162//2162
f 2095//2095 2092//2092 2162//2162
f 2162//2162 2163//2163 2096//2096
f 2068//2068 2190//2190 2071//2071
f 2190//2190 2189//2189 2155//2155
f 2155//2155 2071//2071 2190//2190
f 2155//2155 2189//2189 2158//2158
f 2093//2093 2161//2161 2165//2165
f 2189//2189 2187//2187 2158//2158
f 2187//2187 2161//2161 2160//2160
f 2160//2160 2158//2158 2187//2187
f 2187//2187 2165//2165 2161//2161
f 2165//2165 2058//2058 2148//2148
f 2165//2165 2187//2187 2058//2058
f 2195//2195 2196//2196 2108//2108
f 2133//2133 2197//2197 2134//2134
f 2101//2101 2064//2064 2134//2134
f 2066//2066 2102//2102 2065//2065
f 2064//2064 2101//2101 2102//2102
f 2102//2102 2066//2066 2064//2064
f 2102//2102 2103//2103 2065//2065
f 2197//2197 2099//2099 2134//2134
f 2101//2101 2134//2134 2099//2099
f 2099//2099 2197//2197 2100//2100
f 2195//2195 2108//2108 2100//2100
f 2100//2100 2197//2197 2195//2195
f 2195//2195 2197//2197 2133//2133
f 2133//2133 2132//2132 2195//2195
f 2132//2132 2154//2154 2195//2195
f 2112//2112 2089//2089 2111//2111
f 2076//2076 2111//2111 2089//2089
f 2065//2065 2103//2103 2145//2145
f 2145//2145 2103//2103 2113//2113
f 2198//2198 2141//2141 2138//2138
f 2138//2138 2142//2142 2198//2198
f 2141//2141 2198//2198 2177//2177
f 2198//2198 2142//2142 2114//2114
f 2114//2114 2142//2142 2115//2115
f 2143//2143 2115//2115 2142//2142
f 2144//2144 2120//2120 2115//2115
f 2115//2115 2143//2143 2144//2144
f 2120//2120 2144//2144 2089//2089
f 2089//2089 2112//2112 2120//2120
f 2114//2114 2199//2199 2198//2198
f 2114//2114 2117//2117 2199//2199
f 2178//2178 2176//2176 2150//2150
f 2199//2199 2117//2117 2150//2150
f 2150//2150 2176//2176 2199//2199
f 2199//2199 2176//2176 2173//2173
f 2173//2173 2177//2177 2199//2199
f 2140//2140 2141//2141 2177//2177
f 2198//2198 2199//2199 2177//2177
f 2179//2179 2129//2129 2098//2098
f 2098//2098 2174//2174 2179//2179
f 2176//2176 2178//2178 2175//2175
f 2178//2178 2179//2179 2174//2174
f 2174//2174 2175//2175 2178//2178
f 2136//2136 2124//2124 2137//2137
f 2124//2124 2136//2136 2122//2122
f 2121//2121 2122//2122 2136//2136
f 2131//2131 2098//2098 2129//2129
f 2098//2098 2131//2131 2097//2097
f 2130//2130 2097//2097 2131//2131
f 2200//2200 2184//2184 2185//2185
f 2154//2154 2196//2196 2195//2195
f 2184//2184 2200//2200 2196//2196
f 2196//2196 2154//2154 2184//2184
f 2196//2196 2200//2200 2109//2109
f 2185//2185 2109//2109 2200//2200
f 2109//2109 2185//2185 2182//2182
f 2108//2108 2196//2196 2109//2109
f 2186//2186 2182//2182 2185//2185
f 2182//2182 2186//2186 2183//2183
f 2186//2186 2159//2159 2183//2183
f 2124//2124 2183//2183 2159//2159
f 2159//2159 2137//2137 2124//2124
f 2201//2201 2202//2202 2203//2203
f 2202//2202 2204//2204 2203//2203
f 2205//2205 2203//2203 2206//2206
f 2206//2206 2207//2207 2205//2205
f 2204//2204 2206//2206 2203//2203
f 2206//2206 2204//2204 2208//2208
f 2208//2208 2207//2207 2206//2206
f 2208//2208 2204//2204 2211//2211
f 2212//2212 2210//2210 2202//2202
f 2210//2210 2204//2204 2202//2202
f 2213//2213 2202//2202 2201//2201
f 2215//2215 2216//2216 2214//2214
f 2214//2214 2216//2216 2217//2217
f 2219//2219 2220//2220 2217//2217
f 2219//2219 2217//2217 2221//2221
f 2216//2216 2221//2221 2217//2217
f 2216//2216 2218//2218 2222//2222
f 2216//2216 2222//2222 2223//2223
f 2221//2221 2216//2216 2223//2223
f 2222//2222 2218//2218 2224//2224
f 2224//2224 2225//2225 2222//2222
f 2218//2218 2216//2216 2215//2215
f 2229//2229 2231//2231 2230//2230
f 2229//2229 2228//2228 2232//2232
f 2226//2226 2232//2232 2228//2228
f 2232//2232 2227//2227 2233//2233
f 2227//2227 2232//2232 2226//2226
f 2232//2232 2231//2231 2229//2229
f 2233//2233 2227//2227 2234//2234
f 2234//2234 2227//2227 2235//2235
f 2234//2234 2235//2235 2236//2236
f 2237//2237 2235//2235 2238//2238
f 2240//2240 2241//2241 2239//2239
f 2242//2242 2239//2239 2243//2243
f 2241//2241 2243//2243 2239//2239
f 2241//2241 2244//2244 2243//2243
f 2246//2246 2245//2245 2241//2241
f 2230//2230 2231//2231 2246//2246
f 2246//2246 2231//2231 2245//2245
f 2246//2246 2241//2241 2240//2240
f 2248//2248 2247//2247 2250//2250
f 2250//2250 2247//2247 2251//2251
f 2251//2251 2247//2247 2253//2253
f 2254//2254 2253//2253 2247//2247
f 2255//2255 2253//2253 2254//2254
f 2242//2242 2243//2243 2256//2256
f 2253//2253 2255//2255 2256//2256
f 2256//2256 2243//2243 2253//2253
f 2257//2257 2260//2260 2259//2259
f 2260//2260 2261//2261 2259//2259
f 2257//2257 2258//2258 2260//2260
f 2260//2260 2263//2263 2262//2262
f 2264//2264 2263//2263 2260//2260
f 2260//2260 2258//2258 2264//2264
f 2264//2264 2258//2258 2265//2265
f 2267//2267 2266//2266 2234//2234
f 2233//2233 2234//2234 2266//2266
f 2266//2266 2268//2268 2233//2233
f 2268//2268 2232//2232 2233//2233
f 2269//2269 2270//2270 2231//2231
f 2269//2269 2231//2231 2268//2268
f 2232//2232 2268//2268 2231//2231
f 2269//2269 2271//2271 2201//2201
f 2201//2201 2203//2203 2269//2269
f 2271//2271 2269//2269 2268//2268
f 2266//2266 2271//2271 2268//2268
f 2201//2201 2271//2271 2272//2272
f 2241//2241 2273//2273 2244//2244
f 2274//2274 2244//2244 2273//2273
f 2274//2274 2273//2273 2205//2205
f 2205//2205 2207//2207 2274//2274
f 2205//2205 2270//2270 2269//2269
f 2205//2205 2273//2273 2270//2270
f 2203//2203 2205//2205 2269//2269
f 2273//2273 2231//2231 2270//2270
f 2241//2241 2245//2245 2273//2273
f 2231//2231 2273//2273 2245//2245
f 2275//2275 2250//2250 2251//2251
f 2275//2275 2276//2276 2250//2250
f 2251//2251 2277//2277 2275//2275
f 2209//2209 2277//2277 2208//2208
f 2278//2278 2277//2277 2209//2209
f 2208//2208 2277//2277 2207//2207
f 2277//2277 2251//2251 2207//2207
f 2207//2207 2251//2251 2274//2274
f 2244//2244 2274//2274 2243//2243
f 2253//2253 2243//2243 2274//2274
f 2274//2274 2251//2251 2253//2253
f 2279//2279 2260//2260 2262//2262
f 2280//2280 2279//2279 2262//2262
f 2279//2279 2281//2281 2261//2261
f 2279//2279 2280//2280 2281//2281
f 2260//2260 2279//2279 2261//2261
f 2281//2281 2280//2280 2282//2282
f 2284//2284 2280//2280 2263//2263
f 2262//2262 2263//2263 2280//2280
f 2237//2237 2236//2236 2235//2235
f 2214//2214 2217//2217 2220//2220
f 2286//2286 2224//2224 2218//2218
f 2252//2252 2249//2249 2248//2248
f 2248//2248 2250//2250 2252//2252
f 2275//2275 2287//2287 2276//2276
f 2277//2277 2287//2287 2275//2275
f 2287//2287 2277//2277 2278//2278
f 2209//2209 2288//2288 2278//2278
f 2213//2213 2212//2212 2202//2202
f 2210//2210 2289//2289 2204//2204
f 2211//2211 2204//2204 2289//2289
f 2209//2209 2208//2208 2211//2211
f 2201//2201 2272//2272 2213//2213
f 2266//2266 2290//2290 2271//2271
f 2290//2290 2266//2266 2267//2267
f 2272//2272 2271//2271 2290//2290
f 2236//2236 2291//2291 2292//2292
f 2237//2237 2291//2291 2236//2236
f 2292//2292 2291//2291 2293//2293
f 2294//2294 2293//2293 2291//2291
f 2261//2261 2295//2295 2259//2259
f 2295//2295 2261//2261 2294//2294
f 2293//2293 2294//2294 2261//2261
f 2291//2291 2296//2296 2294//2294
f 2297//2297 2299//2299 2298//2298
f 2298//2298 2215//2215 2297//2297
f 2220//2220 2299//2299 2297//2297
f 2215//2215 2214//2214 2297//2297
f 2220//2220 2297//2297 2214//2214
f 2286//2286 2218//2218 2215//2215
f 2298//2298 2300//2300 2286//2286
f 2286//2286 2215//2215 2298//2298
f 2304//2304 2264//2264 2265//2265
f 2301//2301 2305//2305 2303//2303
f 2304//2304 2303//2303 2305//2305
f 2305//2305 2263//2263 2264//2264
f 2264//2264 2304//2304 2305//2305
f 2305//2305 2301//2301 2302//2302
f 2249//2249 2276//2276 2302//2302
f 2252//2252 2250//2250 2276//2276
f 2276//2276 2249//2249 2252//2252
f 2305//2305 2276//2276 2287//2287
f 2305//2305 2302//2302 2276//2276
f 2278//2278 2305//2305 2287//2287
f 2305//2305 2278//2278 2284//2284
f 2305//2305 2284//2284 2263//2263
f 2278//2278 2285//2285 2284//2284
f 2285//2285 2280//2280 2284//2284
f 2278//2278 2288//2288 2285//2285
f 2212//2212 2306//2306 2289//2289
f 2212//2212 2289//2289 2210//2210
f 2289//2289 2306//2306 2211//2211
f 2285//2285 2288//2288 2211//2211
f 2288//2288 2209//2209 2211//2211
f 2306//2306 2285//2285 2211//2211
f 2285//2285 2306//2306 2280//2280
f 2306//2306 2282//2282 2280//2280
f 2213//2213 2283//2283 2212//2212
f 2306//2306 2212//2212 2283//2283
f 2282//2282 2306//2306 2283//2283
f 2267//2267 2236//2236 2292//2292
f 2267//2267 2234//2234 2236//2236
f 2267//2267 2292//2292 2290//2290
f 2272//2272 2283//2283 2213//2213
f 2283//2283 2272//2272 2290//2290
f 2281//2281 2283//2283 2292//2292
f 2292//2292 2283//2283 2290//2290
f 2281//2281 2282//2282 2283//2283
f 2261//2261 2281//2281 2293//2293
f 2281//2281 2292//2292 2293//2293
f 2310//2310 2227//2227 2309//2309
f 2226//2226 2309//2309 2227//2227
f 2309//2309 2226//2226 2311//2311
f 2229//2229 2312//2312 2311//2311
f 2229//2229 2230//2230 2312//2312
f 2229//2229 2311//2311 2228//2228
f 2226//2226 2228//2228 2311//2311
f 2310//2310 2235//2235 2227//2227
f 2238//2238 2308//2308 2237//2237
f 2308//2308 2238//2238 2235//2235
f 2310//2310 2308//2308 2235//2235
f 2314//2314 2242//2242 2315//2315
f 2240//2240 2239//2239 2313//2313
f 2314//2314 2313//2313 2239//2239
f 2242//2242 2314//2314 2239//2239
f 2312//2312 2230//2230 2316//2316
f 2316//2316 2230//2230 2246//2246
f 2246//2246 2240//2240 2317//2317
f 2317//2317 2240//2240 2313//2313
f 2317//2317 2316//2316 2246//2246
f 2247//2247 2318//2318 2319//2319
f 2318//2318 2247//2247 2248//2248
f 2248//2248 2320//2320 2318//2318
f 2321//2321 2320//2320 2248//2248
f 2322//2322 2254//2254 2247//2247
f 2247//2247 2319//2319 2322//2322
f 2254//2254 2322//2322 2255//2255
f 2315//2315 2242//2242 2323//2323
f 2256//2256 2323//2323 2242//2242
f 2323//2323 2256//2256 2255//2255
f 2323//2323 2255//2255 2324//2324
f 2322//2322 2324//2324 2255//2255
f 2325//2325 2302//2302 2301//2301
f 2302//2302 2325//2325 2249//2249
f 2321//2321 2248//2248 2249//2249
f 2325//2325 2321//2321 2249//2249
f 2325//2325 2301//2301 2326//2326
f 2301//2301 2303//2303 2326//2326
f 2327//2327 2326//2326 2303//2303
f 2303//2303 2304//2304 2327//2327
f 2265//2265 2328//2328 2304//2304
f 2328//2328 2327//2327 2304//2304
f 2330//2330 2257//2257 2329//2329
f 2329//2329 2259//2259 2331//2331
f 2257//2257 2259//2259 2329//2329
f 2330//2330 2258//2258 2257//2257
f 2258//2258 2330//2330 2332//2332
f 2328//2328 2265//2265 2332//2332
f 2258//2258 2332//2332 2265//2265
f 2237//2237 2307//2307 2333//2333
f 2307//2307 2237//2237 2308//2308
f 2237//2237 2333//2333 2291//2291
f 2334//2334 2294//2294 2296//2296
f 2291//2291 2333//2333 2296//2296
f 2331//2331 2259//2259 2295//2295
f 2294//2294 2334//2334 2295//2295
f 2336//2336 2331//2331 2295//2295
f 2295//2295 2334//2334 2336//2336
f 2333//2333 2337//2337 2296//2296
f 2336//2336 2296//2296 2337//2337
f 2296//2296 2336//2336 2335//2335
f 2224//2224 2286//2286 2338//2338
f 2224//2224 2338//2338 2225//2225
f 2339//2339 2225//2225 2338//2338
f 2339//2339 2341//2341 2309//2309
f 2311//2311 2225//2225 2339//2339
f 2339//2339 2309//2309 2311//2311
f 2312//2312 2222//2222 2225//2225
f 2225//2225 2311//2311 2312//2312
f 2341//2341 2310//2310 2309//2309
f 2310//2310 2341//2341 2342//2342
f 2342//2342 2308//2308 2310//2310
f 2340//2340 2342//2342 2341//2341
f 2223//2223 2317//2317 2313//2313
f 2223//2223 2313//2313 2315//2315
f 2315//2315 2313//2313 2314//2314
f 2312//2312 2316//2316 2317//2317
f 2317//2317 2222//2222 2312//2312
f 2223//2223 2222//2222 2317//2317
f 2344//2344 2343//2343 2219//2219
f 2343//2343 2344//2344 2345//2345
f 2319//2319 2318//2318 2344//2344
f 2344//2344 2322//2322 2319//2319
f 2323//2323 2324//2324 2221//2221
f 2221//2221 2223//2223 2315//2315
f 2315//2315 2323//2323 2221//2221
f 2344//2344 2221//2221 2322//2322
f 2221//2221 2344//2344 2219//2219
f 2324//2324 2322//2322 2221//2221
f 2318//2318 2320//2320 2321//2321
f 2346//2346 2343//2343 2345//2345
f 2343//2343 2346//2346 2219//2219
f 2220//2220 2219//2219 2346//2346
f 2345//2345 2344//2344 2347//2347
f 2347//2347 2344//2344 2318//2318
f 2325//2325 2348//2348 2347//2347
f 2347//2347 2321//2321 2325//2325
f 2321//2321 2347//2347 2318//2318
f 2348//2348 2345//2345 2347//2347
f 2348//2348 2346//2346 2345//2345
f 2220//2220 2346//2346 2299//2299
f 2348//2348 2299//2299 2346//2346
f 2327//2327 2299//2299 2348//2348
f 2327//2327 2328//2328 2299//2299
f 2325//2325 2326//2326 2348//2348
f 2327//2327 2348//2348 2326//2326
f 2329//2329 2300//2300 2298//2298
f 2298//2298 2330//2330 2329//2329
f 2331//2331 2300//2300 2329//2329
f 2299//2299 2328//2328 2332//2332
f 2298//2298 2299//2299 2332//2332
f 2332//2332 2330//2330 2298//2298
f 2349//2349 2337//2337 2340//2340
f 2349//2349 2340//2340 2341//2341
f 2341//2341 2339//2339 2349//2349
f 2286//2286 2349//2349 2338//2338
f 2339//2339 2338//2338 2349//2349
f 2307//2307 2308//2308 2342//2342
f 2342//2342 2340//2340 2307//2307
f 2340//2340 2337//2337 2333//2333
f 2333//2333 2307//2307 2340//2340
f 2331//2331 2336//2336 2350//2350
f 2350//2350 2300//2300 2331//2331
f 2350//2350 2337//2337 2349//2349
f 2336//2336 2337//2337 2350//2350
f 2300//2300 2349//2349 2286//2286
f 2349//2349 2300//2300 2350//2350
f 2353//2353 2351//2351 2352//2352
f 2353//2353 2354//2354 2356//2356
f 2356//2356 2355//2355 2353//2353
f 2358//2358 2357//2357 2351//2351
f 2351//2351 2353//2353 2355//2355
f 2355//2355 2358//2358 2351//2351
f 2356//2356 2354//2354 2359//2359
f 2360//2360 2359//2359 2354//2354
f 2359//2359 2360//2360 2361//2361
f 2360//2360 2354//2354 2362//2362
f 2360//2360 2362//2362 2363//2363
f 2363//2363 2362//2362 2364//2364
f 2354//2354 2364//2364 2362//2362
f 2364//2364 2354//2354 2353//2353
f 2351//2351 2365//2365 2352//2352
f 2366//2366 2352//2352 2365//2365
f 2364//2364 2353//2353 2352//2352
f 2352//2352 2366//2366 2364//2364
f 2366//2366 2367//2367 2364//2364
f 2365//2365 2367//2367 2366//2366
f 2370//2370 2369//2369 2371//2371
f 2373//2373 2375//2375 2374//2374
f 2373//2373 2372//2372 2376//2376
f 2370//2370 2376//2376 2372//2372
f 2375//2375 2373//2373 2376//2376
f 2368//2368 2377//2377 2369//2369
f 2371//2371 2369//2369 2377//2377
f 2380//2380 2378//2378 2379//2379
f 2379//2379 2382//2382 2380//2380
f 2382//2382 2383//2383 2380//2380
f 2381//2381 2380//2380 2383//2383
f 2388//2388 2387//2387 2385//2385
f 2387//2387 2388//2388 2389//2389
f 2390//2390 2388//2388 2391//2391
f 2389//2389 2388//2388 2390//2390
f 2390//2390 2392//2392 2389//2389
f 2391//2391 2388//2388 2384//2384
f 2386//2386 2384//2384 2388//2388
f 2388//2388 2385//2385 2386//2386
f 2374//2374 2375//2375 2384//2384
f 2393//2393 2384//2384 2375//2375
f 2396//2396 2394//2394 2395//2395
f 2395//2395 2397//2397 2398//2398
f 2395//2395 2399//2399 2396//2396
f 2397//2397 2395//2395 2400//2400
f 2400//2400 2401//2401 2397//2397
f 2395//2395 2402//2402 2400//2400
f 2403//2403 2377//2377 2368//2368
f 2403//2403 2405//2405 2404//2404
f 2406//2406 2404//2404 2407//2407
f 2405//2405 2407//2407 2404//2404
f 2406//2406 2407//2407 2408//2408
f 2407//2407 2410//2410 2408//2408
f 2403//2403 2368//2368 2405//2405
f 2412//2412 2370//2370 2411//2411
f 2370//2370 2412//2412 2376//2376
f 2413//2413 2375//2375 2376//2376
f 2413//2413 2376//2376 2414//2414
f 2412//2412 2414//2414 2376//2376
f 2371//2371 2415//2415 2411//2411
f 2377//2377 2416//2416 2371//2371
f 2415//2415 2371//2371 2416//2416
f 2371//2371 2411//2411 2370//2370
f 2417//2417 2390//2390 2391//2391
f 2390//2390 2417//2417 2392//2392
f 2418//2418 2419//2419 2392//2392
f 2393//2393 2420//2420 2391//2391
f 2391//2391 2420//2420 2417//2417
f 2393//2393 2413//2413 2420//2420
f 2393//2393 2375//2375 2413//2413
f 2393//2393 2391//2391 2384//2384
f 2421//2421 2365//2365 2351//2351
f 2365//2365 2421//2421 2423//2423
f 2424//2424 2423//2423 2421//2421
f 2421//2421 2422//2422 2424//2424
f 2422//2422 2425//2425 2426//2426
f 2426//2426 2424//2424 2422//2422
f 2427//2427 2428//2428 2426//2426
f 2424//2424 2426//2426 2428//2428
f 2367//2367 2423//2423 2429//2429
f 2423//2423 2367//2367 2365//2365
f 2423//2423 2424//2424 2428//2428
f 2428//2428 2429//2429 2423//2423
f 2427//2427 2426//2426 2430//2430
f 2425//2425 2430//2430 2426//2426
f 2430//2430 2425//2425 2431//2431
f 2432//2432 2433//2433 2431//2431
f 2434//2434 2431//2431 2433//2433
f 2431//2431 2434//2434 2430//2430
f 2427//2427 2430//2430 2434//2434
f 2432//2432 2431//2431 2435//2435
f 2436//2436 2435//2435 2431//2431
f 2437//2437 2436//2436 2425//2425
f 2431//2431 2425//2425 2436//2436
f 2436//2436 2437//2437 2438//2438
f 2438//2438 2439//2439 2436//2436
f 2432//2432 2435//2435 2440//2440
f 2435//2435 2436//2436 2439//2439
f 2439//2439 2440//2440 2435//2435
f 2437//2437 2441//2441 2438//2438
f 2443//2443 2442//2442 2441//2441
f 2441//2441 2437//2437 2443//2443
f 2437//2437 2425//2425 2422//2422
f 2422//2422 2443//2443 2437//2437
f 2444//2444 2421//2421 2351//2351
f 2443//2443 2422//2422 2421//2421
f 2421//2421 2444//2444 2443//2443
f 2442//2442 2444//2444 2351//2351
f 2351//2351 2357//2357 2442//2442
f 2442//2442 2443//2443 2444//2444
f 2445//2445 2404//2404 2406//2406
f 2404//2404 2445//2445 2446//2446
f 2416//2416 2377//2377 2403//2403
f 2404//2404 2446//2446 2403//2403
f 2416//2416 2403//2403 2446//2446
f 2445//2445 2406//2406 2447//2447
f 2408//2408 2447//2447 2406//2406
f 2447//2447 2408//2408 2409//2409
f 2448//2448 2409//2409 2449//2449
f 2409//2409 2448//2448 2447//2447
f 2415//2415 2416//2416 2450//2450
f 2451//2451 2392//2392 2417//2417
f 2392//2392 2451//2451 2418//2418
f 2453//2453 2418//2418 2451//2451
f 2452//2452 2451//2451 2417//2417
f 2414//2414 2455//2455 2413//2413
f 2454//2454 2413//2413 2455//2455
f 2420//2420 2452//2452 2417//2417
f 2413//2413 2454//2454 2420//2420
f 2456//2456 2433//2433 2432//2432
f 2433//2433 2456//2456 2458//2458
f 2456//2456 2457//2457 2458//2458
f 2457//2457 2459//2459 2460//2460
f 2460//2460 2458//2458 2457//2457
f 2458//2458 2460//2460 2461//2461
f 2458//2458 2434//2434 2433//2433
f 2459//2459 2462//2462 2460//2460
f 2462//2462 2459//2459 2463//2463
f 2462//2462 2464//2464 2460//2460
f 2465//2465 2466//2466 2463//2463
f 2463//2463 2459//2459 2465//2465
f 2465//2465 2459//2459 2468//2468
f 2468//2468 2467//2467 2465//2465
f 2466//2466 2465//2465 2467//2467
f 2457//2457 2469//2469 2468//2468
f 2468//2468 2459//2459 2457//2457
f 2456//2456 2432//2432 2457//2457
f 2432//2432 2440//2440 2469//2469
f 2469//2469 2457//2457 2432//2432
f 2471//2471 2446//2446 2445//2445
f 2445//2445 2470//2470 2471//2471
f 2446//2446 2471//2471 2450//2450
f 2450//2450 2416//2416 2446//2446
f 2447//2447 2470//2470 2445//2445
f 2382//2382 2412//2412 2411//2411
f 2412//2412 2455//2455 2414//2414
f 2450//2450 2383//2383 2415//2415
f 2383//2383 2382//2382 2411//2411
f 2415//2415 2383//2383 2411//2411
f 2452//2452 2420//2420 2454//2454
f 2452//2452 2454//2454 2455//2455
f 2462//2462 2463//2463 2464//2464
f 2474//2474 2464//2464 2463//2463
f 2473//2473 2474//2474 2463//2463
f 2466//2466 2475//2475 2473//2473
f 2463//2463 2466//2466 2473//2473
f 2470//2470 2447//2447 2476//2476
f 2472//2472 2476//2476 2447//2447
f 2392//2392 2419//2419 2477//2477
f 2418//2418 2453//2453 2478//2478
f 2478//2478 2419//2419 2418//2418
f 2453//2453 2479//2479 2478//2478
f 2479//2479 2453//2453 2451//2451
f 2451//2451 2480//2480 2479//2479
f 2378//2378 2481//2481 2379//2379
f 2482//2482 2379//2379 2481//2481
f 2483//2483 2378//2378 2380//2380
f 2476//2476 2472//2472 2486//2486
f 2487//2487 2472//2472 2485//2485
f 2448//2448 2488//2488 2447//2447
f 2447//2447 2488//2488 2485//2485
f 2485//2485 2472//2472 2447//2447
f 2448//2448 2449//2449 2488//2488
f 2489//2489 2490//2490 2409//2409
f 2449//2449 2409//2409 2490//2490
f 2410//2410 2491//2491 2408//2408
f 2489//2489 2409//2409 2408//2408
f 2489//2489 2408//2408 2491//2491
f 2492//2492 2491//2491 2410//2410
f 2397//2397 2401//2401 2398//2398
f 2493//2493 2387//2387 2389//2389
f 2493//2493 2389//2389 2392//2392
f 2477//2477 2493//2493 2392//2392
f 2496//2496 2497//2497 2495//2495
f 2495//2495 2497//2497 2498//2498
f 2500//2500 2498//2498 2497//2497
f 2497//2497 2499//2499 2500//2500
f 2498//2498 2500//2500 2438//2438
f 2438//2438 2441//2441 2498//2498
f 2441//2441 2442//2442 2498//2498
f 2357//2357 2498//2498 2442//2442
f 2498//2498 2357//2357 2495//2495
f 2501//2501 2439//2439 2438//2438
f 2438//2438 2500//2500 2501//2501
f 2502//2502 2501//2501 2500//2500
f 2500//2500 2499//2499 2502//2502
f 2501//2501 2502//2502 2503//2503
f 2503//2503 2504//2504 2501//2501
f 2502//2502 2499//2499 2503//2503
f 2440//2440 2501//2501 2504//2504
f 2501//2501 2440//2440 2439//2439
f 2503//2503 2499//2499 2419//2419
f 2505//2505 2419//2419 2499//2499
f 2419//2419 2505//2505 2477//2477
f 2505//2505 2499//2499 2497//2497
f 2497//2497 2496//2496 2505//2505
f 2477//2477 2505//2505 2496//2496
f 2503//2503 2419//2419 2478//2478
f 2503//2503 2478//2478 2506//2506
f 2506//2506 2504//2504 2503//2503
f 2504//2504 2506//2506 2468//2468
f 2468//2468 2469//2469 2504//2504
f 2469//2469 2440//2440 2504//2504
f 2507//2507 2467//2467 2468//2468
f 2468//2468 2506//2506 2507//2507
f 2506//2506 2478//2478 2508//2508
f 2506//2506 2509//2509 2507//2507
f 2467//2467 2507//2507 2509//2509
f 2478//2478 2479//2479 2508//2508
f 2506//2506 2508//2508 2509//2509
f 2466//2466 2467//2467 2509//2509
f 2510//2510 2475//2475 2466//2466
f 2466//2466 2509//2509 2510//2510
f 2511//2511 2510//2510 2509//2509
f 2509//2509 2508//2508 2511//2511
f 2511//2511 2508//2508 2480//2480
f 2480//2480 2508//2508 2479//2479
f 2378//2378 2483//2483 2481//2481
f 2474//2474 2475//2475 2481//2481
f 2474//2474 2481//2481 2484//2484
f 2483//2483 2484//2484 2481//2481
f 2484//2484 2483//2483 2380//2380
f 2513//2513 2487//2487 2512//2512
f 2513//2513 2486//2486 2487//2487
f 2486//2486 2472//2472 2487//2487
f 2514//2514 2512//2512 2464//2464
f 2464//2464 2512//2512 2515//2515
f 2488//2488 2449//2449 2516//2516
f 2516//2516 2517//2517 2488//2488
f 2517//2517 2487//2487 2488//2488
f 2487//2487 2517//2517 2512//2512
f 2485//2485 2488//2488 2487//2487
f 2512//2512 2517//2517 2515//2515
f 2461//2461 2515//2515 2517//2517
f 2461//2461 2460//2460 2515//2515
f 2464//2464 2515//2515 2460//2460
f 2518//2518 2458//2458 2461//2461
f 2516//2516 2518//2518 2461//2461
f 2461//2461 2517//2517 2516//2516
f 2516//2516 2519//2519 2518//2518
f 2458//2458 2518//2518 2519//2519
f 2519//2519 2434//2434 2458//2458
f 2489//2489 2491//2491 2520//2520
f 2490//2490 2489//2489 2520//2520
f 2520//2520 2521//2521 2490//2490
f 2449//2449 2521//2521 2516//2516
f 2521//2521 2449//2449 2490//2490
f 2516//2516 2521//2521 2519//2519
f 2522//2522 2519//2519 2521//2521
f 2519//2519 2522//2522 2427//2427
f 2427//2427 2434//2434 2519//2519
f 2429//2429 2428//2428 2427//2427
f 2523//2523 2429//2429 2427//2427
f 2427//2427 2522//2522 2523//2523
f 2520//2520 2523//2523 2522//2522
f 2522//2522 2521//2521 2520//2520
f 2523//2523 2520//2520 2524//2524
f 2524//2524 2367//2367 2429//2429
f 2429//2429 2523//2523 2524//2524
f 2492//2492 2525//2525 2491//2491
f 2491//2491 2525//2525 2520//2520
f 2520//2520 2525//2525 2524//2524
f 2526//2526 2524//2524 2525//2525
f 2363//2363 2364//2364 2527//2527
f 2363//2363 2527//2527 2526//2526
f 2367//2367 2527//2527 2364//2364
f 2524//2524 2526//2526 2527//2527
f 2527//2527 2367//2367 2524//2524
f 2525//2525 2528//2528 2526//2526
f 2528//2528 2363//2363 2526//2526
f 2528//2528 2525//2525 2529//2529
f 2525//2525 2492//2492 2529//2529
f 2395//2395 2398//2398 2399//2399
f 2398//2398 2530//2530 2399//2399
f 2531//2531 2398//2398 2401//2401
f 2494//2494 2532//2532 2533//2533
f 2494//2494 2493//2493 2477//2477
f 2534//2534 2535//2535 2533//2533
f 2533//2533 2532//2532 2534//2534
f 2536//2536 2534//2534 2532//2532
f 2535//2535 2534//2534 2356//2356
f 2536//2536 2355//2355 2356//2356
f 2356//2356 2534//2534 2536//2536
f 2355//2355 2536//2536 2358//2358
f 2537//2537 2358//2358 2536//2536
f 2496//2496 2537//2537 2532//2532
f 2536//2536 2532//2532 2537//2537
f 2496//2496 2495//2495 2537//2537
f 2358//2358 2537//2537 2495//2495
f 2495//2495 2357//2357 2358//2358
f 2494//2494 2496//2496 2532//2532
f 2496//2496 2494//2494 2477//2477
f 2359//2359 2361//2361 2356//2356
f 2535//2535 2356//2356 2361//2361
f 2535//2535 2361//2361 2531//2531
f 2530//2530 2531//2531 2361//2361
f 2531//2531 2530//2530 2398//2398
f 2530//2530 2361//2361 2538//2538
f 2361//2361 2360//2360 2538//2538
f 2360//2360 2363//2363 2538//2538
f 2538//2538 2363//2363 2528//2528
f 2399//2399 2530//2530 2538//2538
f 2538//2538 2528//2528 2399//2399
f 2539//2539 2399//2399 2528//2528
f 2539//2539 2528//2528 2529//2529
f 2540//2540 2529//2529 2410//2410
f 2410//2410 2529//2529 2492//2492
f 2540//2540 2539//2539 2529//2529
f 2396//2396 2399//2399 2539//2539
f 2396//2396 2539//2539 2540//2540
f 2540//2540 2410//2410 2407//2407
f 2540//2540 2405//2405 2396//2396
f 2405//2405 2394//2394 2396//2396
f 2540//2540 2407//2407 2405//2405
f 2368//2368 2394//2394 2405//2405
f 2370//2370 2372//2372 2369//2369
f 2369//2369 2394//2394 2368//2368
f 2394//2394 2369//2369 2395//2395
f 2395//2395 2369//2369 2372//2372
f 2372//2372 2402//2402 2395//2395
f 2374//2374 2402//2402 2372//2372
f 2374//2374 2372//2372 2373//2373
f 2374//2374 2384//2384 2386//2386
f 2386//2386 2402//2402 2374//2374
f 2386//2386 2541//2541 2402//2402
f 2400//2400 2402//2402 2541//2541
f 2541//2541 2386//2386 2385//2385
f 2542//2542 2385//2385 2494//2494
f 2385//2385 2387//2387 2494//2494
f 2385//2385 2542//2542 2541//2541
f 2541//2541 2542//2542 2400//2400
f 2542//2542 2401//2401 2400//2400
f 2494//2494 2387//2387 2493//2493
f 2542//2542 2494//2494 2533//2533
f 2533//2533 2535//2535 2542//2542
f 2535//2535 2401//2401 2542//2542
f 2535//2535 2531//2531 2401//2401
f 2481//2481 2475//2475 2510//2510
f 2481//2481 2510//2510 2482//2482
f 2511//2511 2482//2482 2510//2510
f 2511//2511 2543//2543 2482//2482
f 2544//2544 2511//2511 2480//2480
f 2480//2480 2451//2451 2544//2544
f 2511//2511 2544//2544 2543//2543
f 2543//2543 2379//2379 2482//2482
f 2544//2544 2451//2451 2452//2452
f 2455//2455 2379//2379 2543//2543
f 2452//2452 2455//2455 2544//2544
f 2543//2543 2544//2544 2455//2455
f 2412//2412 2382//2382 2455//2455
f 2455//2455 2382//2382 2379//2379
f 2546//2546 2471//2471 2545//2545
f 2471//2471 2546//2546 2450//2450
f 2450//2450 2547//2547 2381//2381
f 2383//2383 2450//2450 2381//2381
f 2486//2486 2547//2547 2476//2476
f 2476//2476 2547//2547 2470//2470
f 2513//2513 2547//2547 2486//2486
f 2547//2547 2513//2513 2381//2381
f 2484//2484 2380//2380 2381//2381
f 2513//2513 2514//2514 2484//2484
f 2381//2381 2513//2513 2484//2484
f 2514//2514 2513//2513 2512//2512
f 2514//2514 2464//2464 2474//2474
f 2474//2474 2484//2484 2514//2514
f 2474//2474 2473//2473 2475//2475
f 2551//2551 2548//2548 2550//2550
f 2552//2552 2551//2551 2550//2550
f 2548//2548 2549//2549 2550//2550
f 2558//2558 2559//2559 2557//2557
f 2560//2560 2561//2561 2556//2556
f 2557//2557 2556//2556 2561//2561
f 2558//2558 2557//2557 2561//2561
f 2560//2560 2556//2556 2555//2555
f 2565//2565 2563//2563 2564//2564
f 2563//2563 2562//2562 2564//2564
f 2562//2562 2566//2566 2564//2564
f 2570//2570 2567//2567 2569//2569
f 2572//2572 2571//2571 2570//2570
f 2572//2572 2573//2573 2571//2571
f 2574//2574 2575//2575 2576//2576
f 2577//2577 2574//2574 2576//2576
f 2574//2574 2577//2577 2578//2578
f 2574//2574 2578//2578 2579//2579
f 2583//2583 2584//2584 2582//2582
f 2580//2580 2581//2581 2582//2582
f 2580//2580 2577//2577 2576//2576
f 2576//2576 2581//2581 2580//2580
f 2582//2582 2581//2581 2585//2585
f 2586//2586 2587//2587 2589//2589
f 2586//2586 2589//2589 2590//2590
f 2588//2588 2586//2586 2590//2590
f 2594//2594 2595//2595 2593//2593
f 2594//2594 2593//2593 2592//2592
f 2592//2592 2587//2587 2596//2596
f 2598//2598 2597//2597 2565//2565
f 2597//2597 2563//2563 2565//2565
f 2598//2598 2599//2599 2600//2600
f 2599//2599 2598//2598 2565//2565
f 2585//2585 2581//2581 2576//2576
f 2601//2601 2582//2582 2585//2585
f 2576//2576 2602//2602 2585//2585
f 2575//2575 2603//2603 2576//2576
f 2603//2603 2579//2579 2604//2604
f 2603//2603 2575//2575 2579//2579
f 2579//2579 2575//2575 2574//2574
f 2607//2607 2608//2608 2606//2606
f 2605//2605 2609//2609 2606//2606
f 2609//2609 2605//2605 2549//2549
f 2549//2549 2548//2548 2609//2609
f 2587//2587 2610//2610 2596//2596
f 2592//2592 2596//2596 2594//2594
f 2596//2596 2611//2611 2594//2594
f 2612//2612 2610//2610 2613//2613
f 2615//2615 2613//2613 2614//2614
f 2614//2614 2613//2613 2590//2590
f 2588//2588 2590//2590 2613//2613
f 2610//2610 2588//2588 2613//2613
f 2587//2587 2586//2586 2610//2610
f 2588//2588 2610//2610 2586//2586
f 2616//2616 2619//2619 2617//2617
f 2603//2603 2623//2623 2620//2620
f 2603//2603 2604//2604 2623//2623
f 2625//2625 2628//2628 2624//2624
f 2629//2629 2610//2610 2630//2630
f 2629//2629 2631//2631 2611//2611
f 2633//2633 2634//2634 2632//2632
f 2633//2633 2632//2632 2615//2615
f 2630//2630 2635//2635 2632//2632
f 2615//2615 2632//2632 2635//2635
f 2587//2587 2636//2636 2589//2589
f 2590//2590 2637//2637 2591//2591
f 2637//2637 2590//2590 2589//2589
f 2637//2637 2638//2638 2591//2591
f 2593//2593 2636//2636 2587//2587
f 2587//2587 2592//2592 2593//2593
f 2566//2566 2562//2562 2640//2640
f 2640//2640 2639//2639 2566//2566
f 2641//2641 2579//2579 2578//2578
f 2642//2642 2580//2580 2582//2582
f 2642//2642 2582//2582 2584//2584
f 2577//2577 2580//2580 2642//2642
f 2643//2643 2551//2551 2552//2552
f 2628//2628 2625//2625 2646//2646
f 2622//2622 2601//2601 2647//2647
f 2647//2647 2602//2602 2620//2620
f 2620//2620 2621//2621 2647//2647
f 2622//2622 2647//2647 2621//2621
f 2629//2629 2611//2611 2596//2596
f 2610//2610 2629//2629 2596//2596
f 2630//2630 2612//2612 2635//2635
f 2612//2612 2630//2630 2610//2610
f 2649//2649 2550//2550 2549//2549
f 2650//2650 2651//2651 2649//2649
f 2550//2550 2649//2649 2651//2651
f 2653//2653 2652//2652 2650//2650
f 2652//2652 2653//2653 2654//2654
f 2591//2591 2638//2638 2654//2654
f 2649//2649 2549//2549 2605//2605
f 2649//2649 2655//2655 2650//2650
f 2655//2655 2653//2653 2650//2650
f 2656//2656 2654//2654 2653//2653
f 2653//2653 2655//2655 2656//2656
f 2614//2614 2590//2590 2591//2591
f 2614//2614 2591//2591 2654//2654
f 2654//2654 2656//2656 2614//2614
f 2657//2657 2655//2655 2658//2658
f 2605//2605 2608//2608 2658//2658
f 2649//2649 2658//2658 2655//2655
f 2658//2658 2649//2649 2605//2605
f 2608//2608 2605//2605 2606//2606
f 2657//2657 2660//2660 2659//2659
f 2644//2644 2659//2659 2660//2660
f 2657//2657 2659//2659 2661//2661
f 2657//2657 2661//2661 2662//2662
f 2633//2633 2615//2615 2663//2663
f 2661//2661 2659//2659 2664//2664
f 2662//2662 2633//2633 2663//2663
f 2664//2664 2659//2659 2625//2625
f 2625//2625 2644//2644 2646//2646
f 2625//2625 2659//2659 2644//2644
f 2664//2664 2625//2625 2624//2624
f 2665//2665 2661//2661 2664//2664
f 2661//2661 2665//2665 2662//2662
f 2666//2666 2662//2662 2665//2665
f 2634//2634 2633//2633 2666//2666
f 2662//2662 2666//2666 2633//2633
f 2665//2665 2664//2664 2667//2667
f 2624//2624 2668//2668 2667//2667
f 2667//2667 2664//2664 2624//2624
f 2626//2626 2627//2627 2624//2624
f 2668//2668 2624//2624 2627//2627
f 2568//2568 2569//2569 2567//2567
f 2570//2570 2569//2569 2572//2572
f 2572//2572 2669//2669 2573//2573
f 2670//2670 2669//2669 2572//2572
f 2572//2572 2569//2569 2670//2670
f 2670//2670 2569//2569 2568//2568
f 2672//2672 2617//2617 2671//2671
f 2619//2619 2671//2671 2617//2617
f 2674//2674 2675//2675 2631//2631
f 2675//2675 2674//2674 2673//2673
f 2675//2675 2611//2611 2631//2631
f 2672//2672 2676//2676 2673//2673
f 2676//2676 2677//2677 2673//2673
f 2675//2675 2673//2673 2677//2677
f 2619//2619 2679//2679 2671//2671
f 2671//2671 2678//2678 2672//2672
f 2672//2672 2678//2678 2676//2676
f 2681//2681 2682//2682 2680//2680
f 2681//2681 2680//2680 2565//2565
f 2599//2599 2565//2565 2680//2680
f 2682//2682 2678//2678 2680//2680
f 2599//2599 2680//2680 2678//2678
f 2678//2678 2683//2683 2599//2599
f 2683//2683 2600//2600 2599//2599
f 2678//2678 2682//2682 2684//2684
f 2685//2685 2677//2677 2684//2684
f 2677//2677 2685//2685 2686//2686
f 2687//2687 2682//2682 2681//2681
f 2682//2682 2687//2687 2684//2684
f 2685//2685 2684//2684 2687//2687
f 2681//2681 2688//2688 2689//2689
f 2688//2688 2681//2681 2566//2566
f 2681//2681 2564//2564 2566//2566
f 2681//2681 2565//2565 2564//2564
f 2686//2686 2595//2595 2594//2594
f 2687//2687 2681//2681 2689//2689
f 2687//2687 2690//2690 2685//2685
f 2686//2686 2685//2685 2690//2690
f 2689//2689 2688//2688 2691//2691
f 2691//2691 2566//2566 2639//2639
f 2566//2566 2691//2691 2688//2688
f 2692//2692 2687//2687 2689//2689
f 2687//2687 2692//2692 2690//2690
f 2686//2686 2693//2693 2595//2595
f 2693//2693 2686//2686 2690//2690
f 2554//2554 2695//2695 2696//2696
f 2695//2695 2697//2697 2560//2560
f 2560//2560 2696//2696 2695//2695
f 2560//2560 2555//2555 2696//2696
f 2554//2554 2696//2696 2553//2553
f 2555//2555 2553//2553 2696//2696
f 2560//2560 2697//2697 2561//2561
f 2558//2558 2561//2561 2697//2697
f 2697//2697 2698//2698 2558//2558
f 2699//2699 2698//2698 2697//2697
f 2699//2699 2697//2697 2695//2695
f 2554//2554 2694//2694 2695//2695
f 2699//2699 2695//2695 2694//2694
f 2650//2650 2700//2700 2651//2651
f 2643//2643 2550//2550 2651//2651
f 2550//2550 2643//2643 2552//2552
f 2700//2700 2643//2643 2651//2651
f 2654//2654 2701//2701 2652//2652
f 2701//2701 2654//2654 2638//2638
f 2652//2652 2700//2700 2650//2650
f 2562//2562 2563//2563 2706//2706
f 2562//2562 2706//2706 2703//2703
f 2597//2597 2707//2707 2703//2703
f 2703//2703 2706//2706 2597//2597
f 2563//2563 2597//2597 2706//2706
f 2703//2703 2707//2707 2702//2702
f 2708//2708 2702//2702 2707//2707
f 2702//2702 2708//2708 2704//2704
f 2604//2604 2579//2579 2705//2705
f 2604//2604 2705//2705 2704//2704
f 2604//2604 2704//2704 2709//2709
f 2708//2708 2709//2709 2704//2704
f 2708//2708 2707//2707 2710//2710
f 2710//2710 2707//2707 2711//2711
f 2598//2598 2600//2600 2711//2711
f 2597//2597 2711//2711 2707//2707
f 2711//2711 2597//2597 2598//2598
f 2648//2648 2616//2616 2711//2711
f 2712//2712 2710//2710 2715//2715
f 2715//2715 2710//2710 2616//2616
f 2616//2616 2648//2648 2619//2619
f 2623//2623 2604//2604 2714//2714
f 2714//2714 2713//2713 2716//2716
f 2715//2715 2716//2716 2712//2712
f 2616//2616 2618//2618 2715//2715
f 2618//2618 2616//2616 2617//2617
f 2717//2717 2568//2568 2567//2567
f 2717//2717 2567//2567 2718//2718
f 2570//2570 2718//2718 2567//2567
f 2570//2570 2719//2719 2718//2718
f 2571//2571 2720//2720 2570//2570
f 2719//2719 2570//2570 2720//2720
f 2626//2626 2628//2628 2721//2721
f 2628//2628 2626//2626 2624//2624
f 2722//2722 2627//2627 2626//2626
f 2626//2626 2721//2721 2722//2722
f 2722//2722 2721//2721 2723//2723
f 2621//2621 2724//2724 2725//2725
f 2723//2723 2725//2725 2724//2724
f 2721//2721 2726//2726 2723//2723
f 2725//2725 2723//2723 2726//2726
f 2725//2725 2622//2622 2621//2621
f 2727//2727 2726//2726 2645//2645
f 2645//2645 2646//2646 2644//2644
f 2645//2645 2628//2628 2646//2646
f 2726//2726 2628//2628 2645//2645
f 2628//2628 2726//2726 2721//2721
f 2727//2727 2728//2728 2726//2726
f 2725//2725 2726//2726 2728//2728
f 2725//2725 2601//2601 2622//2622
f 2729//2729 2730//2730 2731//2731
f 2731//2731 2732//2732 2729//2729
f 2730//2730 2729//2729 2548//2548
f 2606//2606 2548//2548 2729//2729
f 2548//2548 2606//2606 2609//2609
f 2732//2732 2733//2733 2729//2729
f 2606//2606 2729//2729 2733//2733
f 2733//2733 2732//2732 2727//2727
f 2733//2733 2607//2607 2606//2606
f 2583//2583 2601//2601 2734//2734
f 2583//2583 2582//2582 2601//2601
f 2583//2583 2734//2734 2735//2735
f 2732//2732 2735//2735 2734//2734
f 2731//2731 2736//2736 2732//2732
f 2735//2735 2732//2732 2736//2736
f 2731//2731 2737//2737 2736//2736
f 2735//2735 2736//2736 2737//2737
f 2735//2735 2584//2584 2583//2583
f 2730//2730 2738//2738 2731//2731
f 2738//2738 2730//2730 2551//2551
f 2548//2548 2551//2551 2730//2730
f 2738//2738 2551//2551 2643//2643
f 2738//2738 2739//2739 2731//2731
f 2731//2731 2739//2739 2737//2737
f 2584//2584 2735//2735 2740//2740
f 2737//2737 2740//2740 2735//2735
f 2742//2742 2741//2741 2553//2553
f 2553//2553 2555//2555 2742//2742
f 2741//2741 2742//2742 2743//2743
f 2743//2743 2742//2742 2744//2744
f 2557//2557 2559//2559 2744//2744
f 2744//2744 2742//2742 2557//2557
f 2742//2742 2555//2555 2556//2556
f 2556//2556 2557//2557 2742//2742
f 2747//2747 2705//2705 2641//2641
f 2705//2705 2579//2579 2641//2641
f 2705//2705 2747//2747 2704//2704
f 2746//2746 2745//2745 2703//2703
f 2746//2746 2704//2704 2747//2747
f 2703//2703 2702//2702 2746//2746
f 2704//2704 2746//2746 2702//2702
f 2640//2640 2562//2562 2745//2745
f 2703//2703 2745//2745 2562//2562
f 2749//2749 2643//2643 2748//2748
f 2643//2643 2749//2749 2738//2738
f 2751//2751 2752//2752 2554//2554
f 2750//2750 2749//2749 2748//2748
f 2751//2751 2750//2750 2748//2748
f 2748//2748 2752//2752 2751//2751
f 2700//2700 2753//2753 2748//2748
f 2748//2748 2643//2643 2700//2700
f 2748//2748 2753//2753 2752//2752
f 2694//2694 2554//2554 2752//2752
f 2752//2752 2753//2753 2694//2694
f 2753//2753 2652//2652 2701//2701
f 2701//2701 2694//2694 2753//2753
f 2638//2638 2637//2637 2701//2701
f 2694//2694 2701//2701 2637//2637
f 2637//2637 2699//2699 2694//2694
f 2652//2652 2753//2753 2700//2700
f 2589//2589 2636//2636 2699//2699
f 2637//2637 2589//2589 2699//2699
f 2593//2593 2595//2595 2636//2636
f 2699//2699 2636//2636 2595//2595
f 2595//2595 2698//2698 2699//2699
f 2755//2755 2756//2756 2757//2757
f 2689//2689 2691//2691 2756//2756
f 2756//2756 2755//2755 2689//2689
f 2689//2689 2755//2755 2692//2692
f 2693//2693 2690//2690 2692//2692
f 2595//2595 2693//2693 2698//2698
f 2693//2693 2692//2692 2755//2755
f 2755//2755 2698//2698 2693//2693
f 2698//2698 2754//2754 2558//2558
f 2698//2698 2755//2755 2754//2754
f 2639//2639 2640//2640 2691//2691
f 2758//2758 2755//2755 2757//2757
f 2754//2754 2559//2559 2558//2558
f 2559//2559 2754//2754 2758//2758
f 2755//2755 2758//2758 2754//2754
f 2745//2745 2746//2746 2757//2757
f 2757//2757 2640//2640 2745//2745
f 2640//2640 2757//2757 2756//2756
f 2756//2756 2691//2691 2640//2640
f 2759//2759 2758//2758 2757//2757
f 2757//2757 2746//2746 2759//2759
f 2758//2758 2759//2759 2559//2559
f 2744//2744 2559//2559 2759//2759
f 2747//2747 2641//2641 2759//2759
f 2759//2759 2746//2746 2747//2747
f 2744//2744 2759//2759 2743//2743
f 2641//2641 2743//2743 2759//2759
f 2641//2641 2578//2578 2743//2743
f 2578//2578 2577//2577 2743//2743
f 2743//2743 2577//2577 2642//2642
f 2741//2741 2642//2642 2584//2584
f 2743//2743 2642//2642 2741//2741
f 2749//2749 2750//2750 2739//2739
f 2739//2739 2738//2738 2749//2749
f 2739//2739 2750//2750 2737//2737
f 2740//2740 2741//2741 2584//2584
f 2740//2740 2737//2737 2750//2750
f 2750//2750 2741//2741 2740//2740
f 2741//2741 2751//2751 2553//2553
f 2751//2751 2741//2741 2750//2750
f 2751//2751 2554//2554 2553//2553
f 2660//2660 2645//2645 2644//2644
f 2657//2657 2658//2658 2660//2660
f 2608//2608 2660//2660 2658//2658
f 2655//2655 2657//2657 2656//2656
f 2614//2614 2663//2663 2615//2615
f 2663//2663 2614//2614 2656//2656
f 2657//2657 2662//2662 2656//2656
f 2663//2663 2656//2656 2662//2662
f 2615//2615 2635//2635 2613//2613
f 2612//2612 2613//2613 2635//2635
f 2679//2679 2600//2600 2683//2683
f 2648//2648 2679//2679 2619//2619
f 2678//2678 2671//2671 2683//2683
f 2679//2679 2683//2683 2671//2671
f 2678//2678 2684//2684 2676//2676
f 2677//2677 2676//2676 2684//2684
f 2686//2686 2594//2594 2611//2611
f 2611//2611 2675//2675 2686//2686
f 2677//2677 2686//2686 2675//2675
f 2648//2648 2600//2600 2679//2679
f 2711//2711 2616//2616 2710//2710
f 2648//2648 2711//2711 2600//2600
f 2712//2712 2708//2708 2710//2710
f 2708//2708 2712//2712 2709//2709
f 2713//2713 2714//2714 2604//2604
f 2604//2604 2709//2709 2713//2713
f 2712//2712 2713//2713 2709//2709
f 2647//2647 2585//2585 2602//2602
f 2585//2585 2647//2647 2601//2601
f 2602//2602 2576//2576 2620//2620
f 2603//2603 2620//2620 2576//2576
f 2733//2733 2727//2727 2607//2607
f 2607//2607 2660//2660 2608//2608
f 2727//2727 2645//2645 2607//2607
f 2660//2660 2607//2607 2645//2645
f 2734//2734 2725//2725 2728//2728
f 2725//2725 2734//2734 2601//2601
f 2727//2727 2732//2732 2728//2728
f 2734//2734 2728//2728 2732//2732
f 2760//2760 2761//2761 2618//2618
f 2715//2715 2618//2618 2761//2761
f 2715//2715 2761//2761 2716//2716
f 2714//2714 2718//2718 2623//2623
f 2761//2761 2714//2714 2716//2716
f 2761//2761 2718//2718 2714//2714
f 2718//2718 2761//2761 2717//2717
f 2760//2760 2618//2618 2762//2762
f 2761//2761 2763//2763 2717//2717
f 2762//2762 2617//2617 2672//2672
f 2762//2762 2618//2618 2617//2617
f 2762//2762 2761//2761 2760//2760
f 2761//2761 2762//2762 2763//2763
f 2762//2762 2673//2673 2763//2763
f 2568//2568 2717//2717 2763//2763
f 2674//2674 2670//2670 2568//2568
f 2568//2568 2763//2763 2674//2674
f 2763//2763 2673//2673 2674//2674
f 2673//2673 2762//2762 2672//2672
f 2670//2670 2674//2674 2631//2631
f 2631//2631 2629//2629 2670//2670
f 2630//2630 2670//2670 2629//2629
f 2630//2630 2669//2669 2670//2670
f 2669//2669 2630//2630 2632//2632
f 2669//2669 2632//2632 2634//2634
f 2765//2765 2764//2764 2668//2668
f 2764//2764 2666//2666 2667//2667
f 2667//2667 2668//2668 2764//2764
f 2665//2665 2667//2667 2666//2666
f 2634//2634 2666//2666 2669//2669
f 2666//2666 2766//2766 2573//2573
f 2573//2573 2669//2669 2666//2666
f 2764//2764 2766//2766 2666//2666
f 2573//2573 2766//2766 2767//2767
f 2573//2573 2768//2768 2571//2571
f 2768//2768 2573//2573 2767//2767
f 2764//2764 2767//2767 2766//2766
f 2767//2767 2765//2765 2722//2722
f 2765//2765 2627//2627 2722//2722
f 2765//2765 2668//2668 2627//2627
f 2764//2764 2765//2765 2767//2767
f 2767//2767 2720//2720 2768//2768
f 2571//2571 2768//2768 2720//2720
f 2722//2722 2720//2720 2767//2767
f 2720//2720 2722//2722 2724//2724
f 2621//2621 2719//2719 2724//2724
f 2720//2720 2724//2724 2719//2719
f 2724//2724 2722//2722 2723//2723
f 2719//2719 2621//2621 2620//2620
f 2718//2718 2719//2719 2620//2620
f 2718//2718 2620//2620 2623//2623
f 2771//2771 2769//2769 2770//2770
f 2770//2770 2772//2772 2771//2771
f 2773//2773 2771//2771 2772//2772
f 2771//2771 2773//2773 2775//2775
f 2775//2775 2774//2774 2771//2771
f 2769//2769 2771//2771 2774//2774
f 2774//2774 2776//2776 2769//2769
f 2777//2777 2778//2778 2775//2775
f 2775//2775 2773//2773 2777//2777
f 2773//2773 2779//2779 2780//2780
f 2780//2780 2777//2777 2773//2773
f 2777//2777 2780//2780 2781//2781
f 2781//2781 2782//2782 2777//2777
f 2778//2778 2777//2777 2782//2782
f 2781//2781 2780//2780 2783//2783
f 2779//2779 2783//2783 2780//2780
f 2783//2783 2779//2779 2784//2784
f 2786//2786 2784//2784 2785//2785
f 2784//2784 2786//2786 2783//2783
f 2786//2786 2787//2787 2783//2783
f 2788//2788 2789//2789 2785//2785
f 2785//2785 2784//2784 2788//2788
f 2772//2772 2788//2788 2784//2784
f 2779//2779 2773//2773 2772//2772
f 2784//2784 2779//2779 2772//2772
f 2770//2770 2791//2791 2790//2790
f 2770//2770 2790//2790 2772//2772
f 2792//2792 2790//2790 2791//2791
f 2789//2789 2788//2788 2790//2790
f 2790//2790 2792//2792 2789//2789
f 2788//2788 2772//2772 2790//2790
f 2770//2770 2794//2794 2793//2793
f 2795//2795 2793//2793 2794//2794
f 2793//2793 2791//2791 2770//2770
f 2793//2793 2795//2795 2796//2796
f 2795//2795 2798//2798 2797//2797
f 2797//2797 2796//2796 2795//2795
f 2796//2796 2799//2799 2800//2800
f 2800//2800 2801//2801 2796//2796
f 2796//2796 2797//2797 2799//2799
f 2791//2791 2793//2793 2792//2792
f 2792//2792 2796//2796 2801//2801
f 2796//2796 2792//2792 2793//2793
f 2802//2802 2803//2803 2800//2800
f 2800//2800 2799//2799 2802//2802
f 2798//2798 2804//2804 2797//2797
f 2804//2804 2799//2799 2797//2797
f 2804//2804 2802//2802 2799//2799
f 2803//2803 2802//2802 2805//2805
f 2807//2807 2808//2808 2798//2798
f 2808//2808 2806//2806 2804//2804
f 2804//2804 2798//2798 2808//2808
f 2808//2808 2807//2807 2809//2809
f 2810//2810 2809//2809 2811//2811
f 2809//2809 2807//2807 2811//2811
f 2795//2795 2807//2807 2798//2798
f 2807//2807 2795//2795 2794//2794
f 2794//2794 2811//2811 2807//2807
f 2770//2770 2769//2769 2794//2794
f 2811//2811 2794//2794 2769//2769
f 2810//2810 2811//2811 2776//2776
f 2769//2769 2776//2776 2811//2811
f 2781//2781 2812//2812 2782//2782
f 2813//2813 2782//2782 2812//2812
f 2814//2814 2782//2782 2813//2813
f 2814//2814 2816//2816 2815//2815
f 2817//2817 2815//2815 2816//2816
f 2816//2816 2818//2818 2817//2817
f 2817//2817 2818//2818 2820//2820
f 2820//2820 2819//2819 2817//2817
f 2823//2823 2821//2821 2822//2822
f 2819//2819 2820//2820 2821//2821
f 2821//2821 2823//2823 2819//2819
f 2821//2821 2820//2820 2824//2824
f 2818//2818 2824//2824 2820//2820
f 2824//2824 2818//2818 2812//2812
f 2824//2824 2787//2787 2821//2821
f 2828//2828 2827//2827 2826//2826
f 2829//2829 2830//2830 2828//2828
f 2827//2827 2828//2828 2830//2830
f 2828//2828 2826//2826 2831//2831
f 2831//2831 2832//2832 2828//2828
f 2829//2829 2828//2828 2832//2832
f 2825//2825 2833//2833 2826//2826
f 2831//2831 2826//2826 2833//2833
f 2835//2835 2834//2834 2836//2836
f 2837//2837 2838//2838 2834//2834
f 2838//2838 2837//2837 2839//2839
f 2831//2831 2839//2839 2837//2837
f 2831//2831 2833//2833 2839//2839
f 2831//2831 2837//2837 2834//2834
f 2831//2831 2834//2834 2832//2832
f 2832//2832 2834//2834 2835//2835
f 2842//2842 2841//2841 2827//2827
f 2830//2830 2844//2844 2843//2843
f 2842//2842 2827//2827 2843//2843
f 2830//2830 2843//2843 2827//2827
f 2840//2840 2825//2825 2826//2826
f 2845//2845 2847//2847 2846//2846
f 2829//2829 2846//2846 2847//2847
f 2847//2847 2848//2848 2829//2829
f 2848//2848 2830//2830 2829//2829
f 2847//2847 2845//2845 2849//2849
f 2851//2851 2850//2850 2849//2849
f 2845//2845 2851//2851 2849//2849
f 2856//2856 2857//2857 2855//2855
f 2855//2855 2854//2854 2856//2856
f 2855//2855 2852//2852 2853//2853
f 2852//2852 2855//2855 2857//2857
f 2857//2857 2858//2858 2852//2852
f 2857//2857 2859//2859 2858//2858
f 2859//2859 2857//2857 2860//2860
f 2856//2856 2860//2860 2857//2857
f 2854//2854 2855//2855 2861//2861
f 2861//2861 2855//2855 2862//2862
f 2864//2864 2865//2865 2862//2862
f 2863//2863 2862//2862 2865//2865
f 2855//2855 2864//2864 2862//2862
f 2853//2853 2866//2866 2864//2864
f 2864//2864 2855//2855 2853//2853
f 2853//2853 2867//2867 2866//2866
f 2868//2868 2870//2870 2869//2869
f 2871//2871 2869//2869 2872//2872
f 2873//2873 2872//2872 2869//2869
f 2872//2872 2873//2873 2874//2874
f 2877//2877 2878//2878 2876//2876
f 2876//2876 2873//2873 2877//2877
f 2873//2873 2869//2869 2877//2877
f 2858//2858 2859//2859 2879//2879
f 2878//2878 2877//2877 2879//2879
f 2870//2870 2858//2858 2879//2879
f 2879//2879 2877//2877 2870//2870
f 2869//2869 2870//2870 2877//2877
f 2868//2868 2880//2880 2870//2870
f 2852//2852 2870//2870 2880//2880
f 2870//2870 2852//2852 2858//2858
f 2881//2881 2882//2882 2884//2884
f 2882//2882 2883//2883 2885//2885
f 2886//2886 2887//2887 2884//2884
f 2882//2882 2886//2886 2884//2884
f 2888//2888 2889//2889 2883//2883
f 2888//2888 2883//2883 2890//2890
f 2882//2882 2890//2890 2883//2883
f 2881//2881 2890//2890 2882//2882
f 2891//2891 2892//2892 2845//2845
f 2845//2845 2846//2846 2891//2891
f 2832//2832 2835//2835 2829//2829
f 2829//2829 2891//2891 2846//2846
f 2891//2891 2829//2829 2835//2835
f 2893//2893 2851//2851 2845//2845
f 2892//2892 2894//2894 2845//2845
f 2893//2893 2845//2845 2894//2894
f 2891//2891 2836//2836 2892//2892
f 2891//2891 2835//2835 2836//2836
f 2830//2830 2848//2848 2844//2844
f 2847//2847 2844//2844 2848//2848
f 2896//2896 2895//2895 2847//2847
f 2897//2897 2899//2899 2898//2898
f 2897//2897 2898//2898 2900//2900
f 2900//2900 2898//2898 2902//2902
f 2901//2901 2898//2898 2899//2899
f 2904//2904 2903//2903 2899//2899
f 2899//2899 2843//2843 2904//2904
f 2897//2897 2843//2843 2899//2899
f 2906//2906 2866//2866 2905//2905
f 2867//2867 2905//2905 2866//2866
f 2908//2908 2906//2906 2909//2909
f 2867//2867 2910//2910 2905//2905
f 2825//2825 2911//2911 2833//2833
f 2880//2880 2912//2912 2833//2833
f 2833//2833 2911//2911 2880//2880
f 2853//2853 2852//2852 2867//2867
f 2880//2880 2867//2867 2852//2852
f 2867//2867 2880//2880 2911//2911
f 2915//2915 2786//2786 2785//2785
f 2785//2785 2913//2913 2915//2915
f 2916//2916 2915//2915 2913//2913
f 2913//2913 2914//2914 2916//2916
f 2914//2914 2918//2918 2917//2917
f 2917//2917 2916//2916 2914//2914
f 2916//2916 2917//2917 2919//2919
f 2919//2919 2920//2920 2916//2916
f 2786//2786 2915//2915 2920//2920
f 2920//2920 2787//2787 2786//2786
f 2915//2915 2916//2916 2920//2920
f 2917//2917 2921//2921 2919//2919
f 2918//2918 2922//2922 2917//2917
f 2922//2922 2918//2918 2923//2923
f 2923//2923 2924//2924 2922//2922
f 2917//2917 2922//2922 2924//2924
f 2924//2924 2925//2925 2917//2917
f 2921//2921 2917//2917 2925//2925
f 2924//2924 2923//2923 2926//2926
f 2927//2927 2926//2926 2923//2923
f 2928//2928 2927//2927 2918//2918
f 2923//2923 2918//2918 2927//2927
f 2927//2927 2928//2928 2930//2930
f 2930//2930 2929//2929 2927//2927
f 2929//2929 2932//2932 2931//2931
f 2926//2926 2927//2927 2929//2929
f 2929//2929 2931//2931 2926//2926
f 2934//2934 2933//2933 2930//2930
f 2930//2930 2928//2928 2934//2934
f 2928//2928 2918//2918 2914//2914
f 2914//2914 2934//2934 2928//2928
f 2935//2935 2913//2913 2785//2785
f 2785//2785 2789//2789 2935//2935
f 2934//2934 2914//2914 2913//2913
f 2913//2913 2935//2935 2934//2934
f 2933//2933 2792//2792 2930//2930
f 2933//2933 2935//2935 2789//2789
f 2789//2789 2792//2792 2933//2933
f 2933//2933 2934//2934 2935//2935
f 2936//2936 2880//2880 2868//2868
f 2880//2880 2936//2936 2912//2912
f 2839//2839 2912//2912 2936//2936
f 2912//2912 2839//2839 2833//2833
f 2937//2937 2888//2888 2938//2938
f 2871//2871 2938//2938 2936//2936
f 2888//2888 2890//2890 2938//2938
f 2939//2939 2801//2801 2800//2800
f 2800//2800 2940//2940 2939//2939
f 2940//2940 2942//2942 2941//2941
f 2941//2941 2939//2939 2940//2940
f 2939//2939 2941//2941 2930//2930
f 2939//2939 2792//2792 2801//2801
f 2930//2930 2792//2792 2939//2939
f 2943//2943 2929//2929 2930//2930
f 2930//2930 2941//2941 2943//2943
f 2942//2942 2943//2943 2941//2941
f 2944//2944 2942//2942 2945//2945
f 2942//2942 2944//2944 2943//2943
f 2929//2929 2943//2943 2932//2932
f 2944//2944 2932//2932 2943//2943
f 2942//2942 2946//2946 2945//2945
f 2942//2942 2947//2947 2948//2948
f 2946//2946 2942//2942 2948//2948
f 2949//2949 2950//2950 2947//2947
f 2940//2940 2949//2949 2947//2947
f 2947//2947 2942//2942 2940//2940
f 2949//2949 2940//2940 2800//2800
f 2800//2800 2803//2803 2949//2949
f 2950//2950 2949//2949 2803//2803
f 2911//2911 2825//2825 2840//2840
f 2867//2867 2911//2911 2910//2910
f 2840//2840 2910//2910 2911//2911
f 2821//2821 2951//2951 2822//2822
f 2952//2952 2951//2951 2953//2953
f 2951//2951 2952//2952 2954//2954
f 2954//2954 2955//2955 2951//2951
f 2822//2822 2951//2951 2955//2955
f 2955//2955 2823//2823 2822//2822
f 2956//2956 2957//2957 2954//2954
f 2954//2954 2952//2952 2956//2956
f 2957//2957 2956//2956 2958//2958
f 2952//2952 2953//2953 2919//2919
f 2919//2919 2921//2921 2952//2952
f 2956//2956 2952//2952 2921//2921
f 2921//2921 2959//2959 2956//2956
f 2961//2961 2897//2897 2900//2900
f 2900//2900 2960//2960 2961//2961
f 2962//2962 2961//2961 2960//2960
f 2961//2961 2962//2962 2963//2963
f 2910//2910 2961//2961 2963//2963
f 2962//2962 2960//2960 2964//2964
f 2861//2861 2965//2965 2854//2854
f 2966//2966 2856//2856 2854//2854
f 2856//2856 2966//2966 2860//2860
f 2859//2859 2860//2860 2967//2967
f 2966//2966 2967//2967 2860//2860
f 2865//2865 2907//2907 2969//2969
f 2865//2865 2969//2969 2863//2863
f 2965//2965 2862//2862 2968//2968
f 2968//2968 2863//2863 2969//2969
f 2863//2863 2968//2968 2862//2862
f 2862//2862 2965//2965 2861//2861
f 2971//2971 2970//2970 2908//2908
f 2909//2909 2972//2972 2908//2908
f 2962//2962 2964//2964 2963//2963
f 2964//2964 2973//2973 2963//2963
f 2960//2960 2974//2974 2964//2964
f 2900//2900 2975//2975 2960//2960
f 2974//2974 2960//2960 2975//2975
f 2902//2902 2898//2898 2901//2901
f 2899//2899 2976//2976 2901//2901
f 2904//2904 2977//2977 2903//2903
f 2899//2899 2903//2903 2976//2976
f 2978//2978 2896//2896 2979//2979
f 2981//2981 2979//2979 2896//2896
f 2851//2851 2982//2982 2850//2850
f 2982//2982 2851//2851 2893//2893
f 2983//2983 2982//2982 2893//2893
f 2882//2882 2885//2885 2886//2886
f 2937//2937 2889//2889 2888//2888
f 2875//2875 2872//2872 2874//2874
f 2854//2854 2965//2965 2966//2966
f 2965//2965 2986//2986 2985//2985
f 2987//2987 2966//2966 2965//2965
f 2965//2965 2985//2985 2987//2987
f 2967//2967 2987//2987 2988//2988
f 2988//2988 2989//2989 2967//2967
f 2987//2987 2967//2967 2966//2966
f 2989//2989 2859//2859 2967//2967
f 2931//2931 2990//2990 2988//2988
f 2988//2988 2987//2987 2931//2931
f 2991//2991 2931//2931 2987//2987
f 2987//2987 2985//2985 2991//2991
f 2986//2986 2991//2991 2985//2985
f 2924//2924 2926//2926 2991//2991
f 2991//2991 2986//2986 2924//2924
f 2931//2931 2932//2932 2990//2990
f 2931//2931 2991//2991 2926//2926
f 2992//2992 2925//2925 2924//2924
f 2924//2924 2986//2986 2992//2992
f 2969//2969 2993//2993 2986//2986
f 2993//2993 2992//2992 2986//2986
f 2993//2993 2969//2969 2994//2994
f 2992//2992 2993//2993 2994//2994
f 2994//2994 2959//2959 2992//2992
f 2925//2925 2992//2992 2959//2959
f 2959//2959 2921//2921 2925//2925
f 2969//2969 2907//2907 2994//2994
f 2965//2965 2968//2968 2986//2986
f 2969//2969 2986//2986 2968//2968
f 2994//2994 2907//2907 2971//2971
f 2971//2971 2996//2996 2995//2995
f 2958//2958 2995//2995 2996//2996
f 2971//2971 2908//2908 2972//2972
f 2974//2974 2957//2957 2964//2964
f 2957//2957 2973//2973 2964//2964
f 2974//2974 2997//2997 2957//2957
f 2997//2997 2974//2974 2975//2975
f 2975//2975 2900//2900 2902//2902
f 2975//2975 2902//2902 2997//2997
f 2902//2902 2901//2901 2998//2998
f 2998//2998 2997//2997 2902//2902
f 2998//2998 2901//2901 2976//2976
f 2999//2999 2976//2976 2977//2977
f 2998//2998 2976//2976 2999//2999
f 2977//2977 2976//2976 2903//2903
f 2979//2979 2981//2981 2978//2978
f 3000//3000 2978//2978 2981//2981
f 3001//3001 3000//3000 2814//2814
f 2980//2980 2981//2981 2849//2849
f 2850//2850 3003//3003 3002//3002
f 3002//3002 2981//2981 2850//2850
f 2980//2980 2849//2849 2850//2850
f 2980//2980 2850//2850 2981//2981
f 3002//3002 3003//3003 3004//3004
f 2778//2778 3005//3005 2775//2775
f 3004//3004 3003//3003 3005//3005
f 3005//3005 2778//2778 3004//3004
f 2778//2778 2782//2782 3004//3004
f 3005//3005 2774//2774 2775//2775
f 3005//3005 3003//3003 3006//3006
f 3006//3006 3003//3003 3007//3007
f 2774//2774 3005//3005 3006//3006
f 3006//3006 2776//2776 2774//2774
f 3007//3007 3003//3003 2982//2982
f 2850//2850 2982//2982 3003//3003
f 2809//2809 3006//3006 3007//3007
f 3006//3006 2809//2809 2810//2810
f 2810//2810 2776//2776 3006//3006
f 2809//2809 3007//3007 2983//2983
f 2983//2983 3008//3008 2809//2809
f 3008//3008 2808//2808 2809//2809
f 2983//2983 3007//3007 2982//2982
f 2893//2893 2894//2894 2983//2983
f 2887//2887 2886//2886 3009//3009
f 2886//2886 2950//2950 3009//3009
f 2885//2885 2950//2950 2886//2886
f 2950//2950 2885//2885 2889//2889
f 2889//2889 2885//2885 2883//2883
f 2948//2948 2950//2950 2937//2937
f 2937//2937 2950//2950 2889//2889
f 2937//2937 2984//2984 2948//2948
f 2938//2938 2984//2984 2937//2937
f 2875//2875 2874//2874 2984//2984
f 2984//2984 2874//2874 3010//3010
f 2945//2945 2946//2946 3010//3010
f 2984//2984 3010//3010 2946//2946
f 2944//2944 2945//2945 3011//3011
f 3010//3010 2874//2874 2876//2876
f 2878//2878 3011//3011 2876//2876
f 2876//2876 2945//2945 3010//3010
f 2945//2945 2876//2876 3011//3011
f 3011//3011 3012//3012 2988//2988
f 2990//2990 3011//3011 2988//2988
f 3011//3011 2878//2878 3012//3012
f 2944//2944 3011//3011 2990//2990
f 2990//2990 2932//2932 2944//2944
f 3012//3012 2989//2989 2988//2988
f 2876//2876 2874//2874 2873//2873
f 2989//2989 3012//3012 2879//2879
f 2879//2879 2859//2859 2989//2989
f 2878//2878 2879//2879 3012//3012
f 2950//2950 2948//2948 2947//2947
f 2950//2950 2803//2803 2805//2805
f 2946//2946 2948//2948 2984//2984
f 3009//3009 2805//2805 2802//2802
f 3009//3009 2950//2950 2805//2805
f 2804//2804 2806//2806 3008//3008
f 3008//3008 3009//3009 2804//2804
f 2802//2802 2804//2804 3009//3009
f 2983//2983 3013//3013 3008//3008
f 2808//2808 3008//3008 2806//2806
f 3008//3008 3013//3013 3014//3014
f 3009//3009 3008//3008 2887//2887
f 3008//3008 3014//3014 2887//2887
f 3014//3014 2884//2884 2887//2887
f 2892//2892 3013//3013 2983//2983
f 2892//2892 3014//3014 3013//3013
f 3015//3015 3014//3014 2892//2892
f 3014//3014 3015//3015 2884//2884
f 2894//2894 2892//2892 2983//2983
f 3015//3015 2881//2881 2884//2884
f 3015//3015 2892//2892 2836//2836
f 2836//2836 2881//2881 3015//3015
f 2834//2834 2838//2838 2836//2836
f 2838//2838 2881//2881 2836//2836
f 2838//2838 2890//2890 2881//2881
f 2839//2839 2936//2936 2838//2838
f 2838//2838 2936//2936 2890//2890
f 2938//2938 2890//2890 2936//2936
f 2869//2869 2871//2871 2936//2936
f 2936//2936 2868//2868 2869//2869
f 2938//2938 2871//2871 2984//2984
f 3016//3016 2871//2871 2872//2872
f 2875//2875 2984//2984 3016//3016
f 2875//2875 3016//3016 2872//2872
f 2984//2984 2871//2871 3016//3016
f 2909//2909 3017//3017 2972//2972
f 2971//2971 2972//2972 3017//3017
f 2971//2971 3017//3017 2996//2996
f 3017//3017 2957//2957 2996//2996
f 2957//2957 3017//3017 2973//2973
f 2963//2963 2973//2973 3017//3017
f 2909//2909 2906//2906 2905//2905
f 2963//2963 3017//3017 2909//2909
f 2963//2963 2909//2909 2905//2905
f 2905//2905 2910//2910 2963//2963
f 2910//2910 2840//2840 2961//2961
f 2961//2961 2840//2840 2897//2897
f 2841//2841 2842//2842 2840//2840
f 2840//2840 2842//2842 2843//2843
f 2840//2840 2843//2843 2897//2897
f 2847//2847 2895//2895 2844//2844
f 3018//3018 2844//2844 2895//2895
f 3018//3018 2843//2843 2844//2844
f 2904//2904 2843//2843 3018//3018
f 2904//2904 3018//3018 3019//3019
f 2895//2895 3019//3019 3018//3018
f 2895//2895 2896//2896 2978//2978
f 2895//2895 3020//3020 3019//3019
f 3021//3021 3019//3019 3020//3020
f 2977//2977 2904//2904 3021//3021
f 3019//3019 3021//3021 2904//2904
f 2895//2895 2978//2978 3020//3020
f 3000//3000 3020//3020 2978//2978
f 3021//3021 3020//3020 2999//2999
f 2999//2999 2977//2977 3021//3021
f 2814//2814 2815//2815 3022//3022
f 3022//3022 2999//2999 2814//2814
f 3020//3020 2814//2814 2999//2999
f 3000//3000 3001//3001 3020//3020
f 2814//2814 3020//3020 3001//3001
f 3022//3022 2817//2817 2819//2819
f 3022//3022 2815//2815 2817//2817
f 2819//2819 2999//2999 3022//3022
f 2998//2998 2999//2999 2819//2819
f 2823//2823 2997//2997 2998//2998
f 2998//2998 2819//2819 2823//2823
f 2954//2954 2957//2957 2955//2955
f 2823//2823 2955//2955 3023//3023
f 2957//2957 3023//3023 2955//2955
f 2957//2957 2997//2997 3023//3023
f 2823//2823 3023//3023 2997//2997
f 2957//2957 2958//2958 2996//2996
f 2812//2812 2818//2818 2813//2813
f 2816//2816 2813//2813 2818//2818
f 2813//2813 2816//2816 2814//2814
f 2783//2783 2824//2824 2812//2812
f 2812//2812 2781//2781 2783//2783
f 2824//2824 2783//2783 2787//2787
f 2841//2841 2826//2826 2827//2827
f 2826//2826 2841//2841 2840//2840
f 2849//2849 2896//2896 2847//2847
f 2981//2981 2896//2896 2849//2849
f 2906//2906 2864//2864 2866//2866
f 2864//2864 2906//2906 2865//2865
f 2908//2908 2970//2970 2906//2906
f 2865//2865 2906//2906 2970//2970
f 2951//2951 2920//2920 2919//2919
f 2919//2919 2953//2953 2951//2951
f 2821//2821 2787//2787 2951//2951
f 2920//2920 2951//2951 2787//2787
f 2865//2865 2970//2970 2907//2907
f 2971//2971 2907//2907 2970//2970
f 2994//2994 2971//2971 2995//2995
f 2994//2994 2995//2995 2959//2959
f 2959//2959 2995//2995 2958//2958
f 2959//2959 2958//2958 2956//2956
f 3004//3004 3000//3000 2981//2981
f 2981//2981 3002//3002 3004//3004
f 3000//3000 3004//3004 2782//2782
f 2782//2782 2814//2814 3000//3000
f 3026//3026 3027//3027 3025//3025
f 3025//3025 3024//3024 3026//3026
f 3030//3030 3026//3026 3024//3024
f 3024//3024 3028//3028 3030//3030
f 3026//3026 3030//3030 3031//3031
f 3031//3031 3032//3032 3026//3026
f 3027//3027 3026//3026 3032//3032
f 3032//3032 3033//3033 3027//3027
f 3031//3031 3030//3030 3034//3034
f 3035//3035 3034//3034 3030//3030
f 3029//3029 3035//3035 3030//3030
f 3030//3030 3028//3028 3029//3029
f 3036//3036 3037//3037 3035//3035
f 3035//3035 3029//3029 3036//3036
f 3038//3038 3035//3035 3037//3037
f 3035//3035 3038//3038 3034//3034
f 3040//3040 3039//3039 3036//3036
f 3036//3036 3029//3029 3040//3040
f 3041//3041 3040//3040 3029//3029
f 3040//3040 3041//3041 3043//3043
f 3043//3043 3042//3042 3040//3040
f 3039//3039 3040//3040 3042//3042
f 3042//3042 3044//3044 3039//3039
f 3045//3045 3046//3046 3043//3043
f 3041//3041 3045//3045 3043//3043
f 3041//3041 3029//3029 3028//3028
f 3041//3041 3028//3028 3024//3024
f 3047//3047 3024//3024 3025//3025
f 3025//3025 3048//3048 3047//3047
f 3024//3024 3047//3047 3041//3041
f 3046//3046 3045//3045 3049//3049
f 3049//3049 3050//3050 3046//3046
f 3045//3045 3047//3047 3048//3048
f 3048//3048 3049//3049 3045//3045
f 3045//3045 3041//3041 3047//3047
f 3051//3051 3053//3053 3054//3054
f 3058//3058 3054//3054 3053//3053
f 3058//3058 3056//3056 3054//3054
f 3055//3055 3054//3054 3056//3056
f 3060//3060 3056//3056 3059//3059
f 3060//3060 3061//3061 3057//3057
f 3057//3057 3055//3055 3060//3060
f 3055//3055 3056//3056 3060//3060
f 3062//3062 3063//3063 3059//3059
f 3059//3059 3056//3056 3062//3062
f 3056//3056 3058//3058 3062//3062
f 3058//3058 3053//3053 3064//3064
f 3064//3064 3062//3062 3058//3058
f 3066//3066 3065//3065 3043//3043
f 3043//3043 3046//3046 3066//3066
f 3065//3065 3066//3066 3064//3064
f 3062//3062 3064//3064 3066//3066
f 3063//3063 3062//3062 3050//3050
f 3050//3050 3066//3066 3046//3046
f 3066//3066 3050//3050 3062//3062
f 3065//3065 3042//3042 3043//3043
f 3042//3042 3065//3065 3067//3067
f 3053//3053 3051//3051 3064//3064
f 3065//3065 3064//3064 3051//3051
f 3051//3051 3067//3067 3065//3065
f 3067//3067 3052//3052 3068//3068
f 3067//3067 3051//3051 3052//3052
f 3044//3044 3067//3067 3069//3069
f 3067//3067 3044//3044 3042//3042
f 3068//3068 3069//3069 3067//3067
f 3074//3074 3073//3073 3070//3070
f 3070//3070 3072//3072 3074//3074
f 3072//3072 3076//3076 3075//3075
f 3075//3075 3074//3074 3072//3072
f 3074//3074 3075//3075 3077//3077
f 3079//3079 3078//3078 3075//3075
f 3079//3079 3075//3075 3080//3080
f 3076//3076 3080//3080 3075//3075
f 3080//3080 3076//3076 3081//3081
f 3080//3080 3082//3082 3079//3079
f 3031//3031 3081//3081 3032//3032
f 3083//3083 3032//3032 3081//3081
f 3086//3086 3085//3085 3084//3084
f 3087//3087 3088//3088 3085//3085
f 3085//3085 3086//3086 3087//3087
f 3089//3089 3086//3086 3090//3090
f 3086//3086 3089//3089 3087//3087
f 3090//3090 3086//3086 3091//3091
f 3086//3086 3092//3092 3091//3091
f 3092//3092 3086//3086 3084//3084
f 3093//3093 3084//3084 3085//3085
f 3093//3093 3092//3092 3084//3084
f 3094//3094 3095//3095 3093//3093
f 3095//3095 3094//3094 3096//3096
f 3096//3096 3094//3094 3097//3097
f 3097//3097 3094//3094 3085//3085
f 3094//3094 3093//3093 3085//3085
f 3085//3085 3088//3088 3097//3097
f 3098//3098 3099//3099 3087//3087
f 3090//3090 3098//3098 3089//3089
f 3103//3103 3102//3102 3101//3101
f 3102//3102 3103//3103 3104//3104
f 3103//3103 3101//3101 3105//3105
f 3106//3106 3105//3105 3101//3101
f 3087//3087 3106//3106 3088//3088
f 3108//3108 3107//3107 3109//3109
f 3107//3107 3111//3111 3110//3110
f 3110//3110 3109//3109 3107//3107
f 3112//3112 3113//3113 3110//3110
f 3113//3113 3112//3112 3114//3114
f 3111//3111 3112//3112 3110//3110
f 3112//3112 3111//3111 3114//3114
f 3117//3117 3115//3115 3116//3116
f 3116//3116 3118//3118 3117//3117
f 3115//3115 3117//3117 3114//3114
f 3119//3119 3120//3120 3116//3116
f 3116//3116 3115//3115 3119//3119
f 3111//3111 3119//3119 3115//3115
f 3115//3115 3114//3114 3111//3111
f 3121//3121 3119//3119 3111//3111
f 3119//3119 3121//3121 3122//3122
f 3107//3107 3123//3123 3111//3111
f 3121//3121 3111//3111 3123//3123
f 3124//3124 3126//3126 3125//3125
f 3127//3127 3125//3125 3126//3126
f 3127//3127 3128//3128 3129//3129
f 3124//3124 3118//3118 3116//3116
f 3131//3131 3128//3128 3127//3127
f 3128//3128 3131//3131 3132//3132
f 3132//3132 3130//3130 3128//3128
f 3131//3131 3133//3133 3134//3134
f 3131//3131 3127//3127 3126//3126
f 3133//3133 3131//3131 3126//3126
f 3120//3120 3124//3124 3116//3116
f 3120//3120 3119//3119 3133//3133
f 3124//3124 3120//3120 3126//3126
f 3133//3133 3126//3126 3120//3120
f 3134//3134 3133//3133 3119//3119
f 3119//3119 3122//3122 3134//3134
f 3137//3137 3138//3138 3135//3135
f 3140//3140 3139//3139 3141//3141
f 3137//3137 3141//3141 3139//3139
f 3142//3142 3141//3141 3137//3137
f 3135//3135 3142//3142 3137//3137
f 3101//3101 3143//3143 3144//3144
f 3143//3143 3101//3101 3145//3145
f 3145//3145 3147//3147 3143//3143
f 3101//3101 3102//3102 3145//3145
f 3148//3148 3106//3106 3101//3101
f 3101//3101 3144//3144 3148//3148
f 3149//3149 3097//3097 3148//3148
f 3106//3106 3148//3148 3088//3088
f 3097//3097 3088//3088 3148//3148
f 3149//3149 3148//3148 3144//3144
f 3150//3150 3103//3103 3105//3105
f 3150//3150 3151//3151 3103//3103
f 3105//3105 3152//3152 3150//3150
f 3153//3153 3155//3155 3157//3157
f 3158//3158 3156//3156 3159//3159
f 3161//3161 3160//3160 3159//3159
f 3159//3159 3156//3156 3161//3161
f 3156//3156 3155//3155 3161//3161
f 3153//3153 3154//3154 3155//3155
f 3161//3161 3155//3155 3154//3154
f 3163//3163 3164//3164 3162//3162
f 3165//3165 3121//3121 3123//3123
f 3164//3164 3163//3163 3166//3166
f 3122//3122 3168//3168 3167//3167
f 3168//3168 3122//3122 3121//3121
f 3122//3122 3167//3167 3092//3092
f 3122//3122 3092//3092 3169//3169
f 3092//3092 3167//3167 3091//3091
f 3171//3171 3172//3172 3170//3170
f 3173//3173 3170//3170 3172//3172
f 3172//3172 3174//3174 3173//3173
f 3175//3175 3173//3173 3174//3174
f 3173//3173 3175//3175 3176//3176
f 3177//3177 3176//3176 3178//3178
f 3176//3176 3177//3177 3173//3173
f 3171//3171 3170//3170 3179//3179
f 3170//3170 3173//3173 3177//3177
f 3177//3177 3179//3179 3170//3170
f 3180//3180 3178//3178 3176//3176
f 3182//3182 3181//3181 3178//3178
f 3178//3178 3180//3180 3182//3182
f 3175//3175 3182//3182 3180//3180
f 3176//3176 3175//3175 3180//3180
f 3182//3182 3175//3175 3183//3183
f 3181//3181 3182//3182 3183//3183
f 3183//3183 3184//3184 3181//3181
f 3185//3185 3186//3186 3183//3183
f 3183//3183 3175//3175 3185//3185
f 3027//3027 3187//3187 3025//3025
f 3187//3187 3027//3027 3185//3185
f 3186//3186 3185//3185 3027//3027
f 3027//3027 3033//3033 3186//3186
f 3188//3188 3048//3048 3025//3025
f 3025//3025 3187//3187 3188//3188
f 3189//3189 3188//3188 3187//3187
f 3187//3187 3185//3185 3189//3189
f 3174//3174 3189//3189 3185//3185
f 3185//3185 3175//3175 3174//3174
f 3171//3171 3190//3190 3172//3172
f 3191//3191 3172//3172 3190//3190
f 3189//3189 3174//3174 3172//3172
f 3172//3172 3191//3191 3189//3189
f 3049//3049 3191//3191 3050//3050
f 3048//3048 3188//3188 3191//3191
f 3191//3191 3049//3049 3048//3048
f 3190//3190 3050//3050 3191//3191
f 3188//3188 3189//3189 3191//3191
f 3134//3134 3122//3122 3169//3169
f 3169//3169 3192//3192 3134//3134
f 3095//3095 3192//3192 3169//3169
f 3169//3169 3093//3093 3095//3095
f 3093//3093 3169//3169 3092//3092
f 3132//3132 3193//3193 3194//3194
f 3195//3195 3136//3136 3135//3135
f 3136//3136 3142//3142 3135//3135
f 3193//3193 3142//3142 3136//3136
f 3196//3196 3197//3197 3198//3198
f 3199//3199 3200//3200 3198//3198
f 3196//3196 3198//3198 3200//3200
f 3199//3199 3198//3198 3201//3201
f 3202//3202 3201//3201 3198//3198
f 3203//3203 3202//3202 3198//3198
f 3202//3202 3203//3203 3171//3171
f 3201//3201 3202//3202 3179//3179
f 3171//3171 3179//3179 3202//3202
f 3203//3203 3190//3190 3171//3171
f 3203//3203 3198//3198 3204//3204
f 3204//3204 3063//3063 3203//3203
f 3063//3063 3204//3204 3059//3059
f 3190//3190 3203//3203 3050//3050
f 3063//3063 3050//3050 3203//3203
f 3204//3204 3060//3060 3059//3059
f 3204//3204 3198//3198 3197//3197
f 3197//3197 3061//3061 3204//3204
f 3204//3204 3061//3061 3060//3060
f 3168//3168 3165//3165 3100//3100
f 3168//3168 3100//3100 3167//3167
f 3100//3100 3091//3091 3167//3167
f 3091//3091 3100//3100 3090//3090
f 3184//3184 3205//3205 3206//3206
f 3205//3205 3184//3184 3183//3183
f 3207//3207 3209//3209 3210//3210
f 3208//3208 3207//3207 3210//3210
f 3211//3211 3212//3212 3210//3210
f 3210//3210 3209//3209 3211//3211
f 3211//3211 3213//3213 3071//3071
f 3071//3071 3070//3070 3211//3211
f 3212//3212 3211//3211 3070//3070
f 3070//3070 3073//3073 3212//3212
f 3213//3213 3033//3033 3071//3071
f 3183//3183 3186//3186 3211//3211
f 3213//3213 3211//3211 3186//3186
f 3033//3033 3213//3213 3186//3186
f 3214//3214 3215//3215 3216//3216
f 3214//3214 3217//3217 3215//3215
f 3214//3214 3216//3216 3218//3218
f 3216//3216 3160//3160 3218//3218
f 3160//3160 3216//3216 3159//3159
f 3219//3219 3222//3222 3108//3108
f 3113//3113 3220//3220 3110//3110
f 3110//3110 3220//3220 3221//3221
f 3219//3219 3109//3109 3110//3110
f 3110//3110 3221//3221 3219//3219
f 3109//3109 3219//3219 3108//3108
f 3223//3223 3164//3164 3224//3224
f 3164//3164 3223//3223 3162//3162
f 3159//3159 3216//3216 3225//3225
f 3156//3156 3157//3157 3155//3155
f 3158//3158 3228//3228 3227//3227
f 3227//3227 3156//3156 3158//3158
f 3228//3228 3158//3158 3159//3159
f 3159//3159 3225//3225 3228//3228
f 3151//3151 3229//3229 3103//3103
f 3230//3230 3152//3152 3231//3231
f 3152//3152 3230//3230 3150//3150
f 3151//3151 3150//3150 3230//3230
f 3103//3103 3229//3229 3104//3104
f 3102//3102 3104//3104 3146//3146
f 3102//3102 3146//3146 3145//3145
f 3194//3194 3193//3193 3136//3136
f 3127//3127 3234//3234 3125//3125
f 3118//3118 3124//3124 3235//3235
f 3124//3124 3125//3125 3234//3234
f 3234//3234 3235//3235 3124//3124
f 3238//3238 3219//3219 3237//3237
f 3239//3239 3237//3237 3219//3219
f 3178//3178 3181//3181 3237//3237
f 3237//3237 3239//3239 3178//3178
f 3181//3181 3184//3184 3237//3237
f 3240//3240 3177//3177 3178//3178
f 3178//3178 3239//3239 3240//3240
f 3241//3241 3240//3240 3239//3239
f 3241//3241 3242//3242 3117//3117
f 3117//3117 3243//3243 3241//3241
f 3240//3240 3241//3241 3243//3243
f 3243//3243 3244//3244 3240//3240
f 3177//3177 3240//3240 3244//3244
f 3244//3244 3179//3179 3177//3177
f 3117//3117 3118//3118 3243//3243
f 3241//3241 3239//3239 3220//3220
f 3220//3220 3113//3113 3241//3241
f 3242//3242 3241//3241 3113//3113
f 3113//3113 3114//3114 3242//3242
f 3117//3117 3242//3242 3114//3114
f 3239//3239 3221//3221 3220//3220
f 3221//3221 3239//3239 3219//3219
f 3238//3238 3222//3222 3219//3219
f 3246//3246 3245//3245 3208//3208
f 3208//3208 3245//3245 3238//3238
f 3245//3245 3224//3224 3238//3238
f 3208//3208 3206//3206 3207//3207
f 3222//3222 3224//3224 3108//3108
f 3210//3210 3215//3215 3217//3217
f 3216//3216 3215//3215 3225//3225
f 3225//3225 3215//3215 3247//3247
f 3228//3228 3225//3225 3248//3248
f 3247//3247 3248//3248 3225//3225
f 3226//3226 3157//3157 3249//3249
f 3249//3249 3157//3157 3250//3250
f 3157//3157 3227//3227 3250//3250
f 3250//3250 3227//3227 3228//3228
f 3228//3228 3248//3248 3250//3250
f 3156//3156 3227//3227 3157//3157
f 3153//3153 3157//3157 3226//3226
f 3253//3253 3252//3252 3251//3251
f 3254//3254 3082//3082 3253//3253
f 3082//3082 3038//3038 3252//3252
f 3252//3252 3253//3253 3082//3082
f 3253//3253 3255//3255 3254//3254
f 3078//3078 3254//3254 3255//3255
f 3230//3230 3231//3231 3253//3253
f 3257//3257 3258//3258 3256//3256
f 3258//3258 3260//3260 3259//3259
f 3259//3259 3256//3256 3258//3258
f 3039//3039 3259//3259 3036//3036
f 3256//3256 3259//3259 3039//3039
f 3257//3257 3256//3256 3044//3044
f 3039//3039 3044//3044 3256//3256
f 3036//3036 3259//3259 3037//3037
f 3259//3259 3260//3260 3229//3229
f 3229//3229 3251//3251 3259//3259
f 3251//3251 3252//3252 3259//3259
f 3252//3252 3038//3038 3037//3037
f 3037//3037 3259//3259 3252//3252
f 3261//3261 3229//3229 3260//3260
f 3229//3229 3261//3261 3104//3104
f 3261//3261 3260//3260 3258//3258
f 3261//3261 3258//3258 3257//3257
f 3068//3068 3263//3263 3262//3262
f 3262//3262 3257//3257 3068//3068
f 3263//3263 3052//3052 3051//3051
f 3263//3263 3068//3068 3052//3052
f 3257//3257 3069//3069 3068//3068
f 3257//3257 3044//3044 3069//3069
f 3104//3104 3261//3261 3146//3146
f 3147//3147 3145//3145 3146//3146
f 3146//3146 3261//3261 3147//3147
f 3262//3262 3147//3147 3257//3257
f 3261//3261 3257//3257 3147//3147
f 3195//3195 3138//3138 3264//3264
f 3265//3265 3138//3138 3233//3233
f 3138//3138 3265//3265 3264//3264
f 3138//3138 3232//3232 3135//3135
f 3233//3233 3138//3138 3139//3139
f 3139//3139 3138//3138 3137//3137
f 3195//3195 3135//3135 3232//3232
f 3232//3232 3138//3138 3195//3195
f 3266//3266 3194//3194 3196//3196
f 3264//3264 3061//3061 3196//3196
f 3196//3196 3194//3194 3264//3264
f 3195//3195 3264//3264 3194//3194
f 3195//3195 3194//3194 3136//3136
f 3266//3266 3132//3132 3194//3194
f 3267//3267 3234//3234 3268//3268
f 3268//3268 3244//3244 3243//3243
f 3243//3243 3267//3267 3268//3268
f 3268//3268 3269//3269 3199//3199
f 3234//3234 3269//3269 3268//3268
f 3268//3268 3199//3199 3201//3201
f 3201//3201 3179//3179 3244//3244
f 3244//3244 3268//3268 3201//3201
f 3270//3270 3200//3200 3199//3199
f 3199//3199 3269//3269 3270//3270
f 3200//3200 3270//3270 3266//3266
f 3266//3266 3196//3196 3200//3200
f 3271//3271 3236//3236 3266//3266
f 3266//3266 3270//3270 3271//3271
f 3270//3270 3269//3269 3129//3129
f 3129//3129 3271//3271 3270//3270
f 3129//3129 3128//3128 3271//3271
f 3128//3128 3130//3130 3271//3271
f 3236//3236 3271//3271 3130//3130
f 3127//3127 3129//3129 3234//3234
f 3129//3129 3269//3269 3234//3234
f 3235//3235 3267//3267 3243//3243
f 3243//3243 3118//3118 3235//3235
f 3267//3267 3235//3235 3234//3234
f 3197//3197 3196//3196 3061//3061
f 3061//3061 3264//3264 3265//3265
f 3057//3057 3061//3061 3265//3265
f 3057//3057 3265//3265 3055//3055
f 3055//3055 3265//3265 3263//3263
f 3054//3054 3055//3055 3263//3263
f 3263//3263 3051//3051 3054//3054
f 3263//3263 3265//3265 3272//3272
f 3233//3233 3272//3272 3265//3265
f 3262//3262 3263//3263 3147//3147
f 3272//3272 3147//3147 3263//3263
f 3272//3272 3233//3233 3140//3140
f 3140//3140 3233//3233 3139//3139
f 3272//3272 3144//3144 3147//3147
f 3147//3147 3144//3144 3143//3143
f 3144//3144 3272//3272 3140//3140
f 3097//3097 3149//3149 3096//3096
f 3096//3096 3149//3149 3141//3141
f 3140//3140 3141//3141 3149//3149
f 3149//3149 3144//3144 3140//3140
f 3141//3141 3142//3142 3096//3096
f 3095//3095 3096//3096 3192//3192
f 3192//3192 3142//3142 3193//3193
f 3096//3096 3142//3142 3192//3192
f 3193//3193 3134//3134 3192//3192
f 3193//3193 3132//3132 3131//3131
f 3131//3131 3134//3134 3193//3193
f 3132//3132 3236//3236 3130//3130
f 3236//3236 3132//3132 3266//3266
f 3246//3246 3273//3273 3224//3224
f 3224//3224 3245//3245 3246//3246
f 3273//3273 3223//3223 3224//3224
f 3223//3223 3273//3273 3162//3162
f 3273//3273 3246//3246 3217//3217
f 3163//3163 3162//3162 3273//3273
f 3273//3273 3217//3217 3214//3214
f 3273//3273 3214//3214 3163//3163
f 3218//3218 3165//3165 3163//3163
f 3166//3166 3163//3163 3165//3165
f 3218//3218 3163//3163 3214//3214
f 3100//3100 3218//3218 3160//3160
f 3165//3165 3218//3218 3100//3100
f 3099//3099 3098//3098 3154//3154
f 3161//3161 3154//3154 3098//3098
f 3160//3160 3161//3161 3100//3100
f 3161//3161 3098//3098 3100//3100
f 3100//3100 3098//3098 3090//3090
f 3154//3154 3153//3153 3275//3275
f 3099//3099 3275//3275 3274//3274
f 3099//3099 3154//3154 3275//3275
f 3099//3099 3274//3274 3152//3152
f 3099//3099 3152//3152 3105//3105
f 3153//3153 3226//3226 3275//3275
f 3275//3275 3276//3276 3274//3274
f 3274//3274 3231//3231 3152//3152
f 3226//3226 3249//3249 3255//3255
f 3255//3255 3276//3276 3226//3226
f 3276//3276 3275//3275 3226//3226
f 3274//3274 3276//3276 3231//3231
f 3231//3231 3276//3276 3253//3253
f 3253//3253 3276//3276 3255//3255
f 3250//3250 3248//3248 3073//3073
f 3073//3073 3277//3277 3250//3250
f 3250//3250 3277//3277 3249//3249
f 3077//3077 3249//3249 3277//3277
f 3249//3249 3077//3077 3255//3255
f 3075//3075 3078//3078 3255//3255
f 3255//3255 3077//3077 3075//3075
f 3277//3277 3074//3074 3077//3077
f 3074//3074 3277//3277 3073//3073
f 3210//3210 3217//3217 3246//3246
f 3215//3215 3210//3210 3247//3247
f 3278//3278 3247//3247 3210//3210
f 3212//3212 3278//3278 3210//3210
f 3278//3278 3212//3212 3073//3073
f 3248//3248 3278//3278 3073//3073
f 3278//3278 3248//3248 3247//3247
f 3246//3246 3208//3208 3210//3210
f 3279//3279 3080//3080 3081//3081
f 3034//3034 3279//3279 3031//3031
f 3081//3081 3031//3031 3279//3279
f 3279//3279 3034//3034 3038//3038
f 3038//3038 3082//3082 3279//3279
f 3080//3080 3279//3279 3082//3082
f 3081//3081 3076//3076 3083//3083
f 3072//3072 3083//3083 3076//3076
f 3071//3071 3033//3033 3070//3070
f 3083//3083 3072//3072 3070//3070
f 3032//3032 3070//3070 3033//3033
f 3070//3070 3032//3032 3083//3083
f 3089//3089 3098//3098 3087//3087
f 3106//3106 3099//3099 3105//3105
f 3099//3099 3106//3106 3087//3087
f 3108//3108 3164//3164 3107//3107
f 3166//3166 3123//3123 3107//3107
f 3107//3107 3164//3164 3166//3166
f 3123//3123 3166//3166 3165//3165
f 3121//3121 3165//3165 3168//3168
f 3183//3183 3211//3211 3209//3209
f 3209//3209 3205//3205 3183//3183
f 3207//3207 3206//3206 3205//3205
f 3205//3205 3209//3209 3207//3207
f 3108//3108 3224//3224 3164//3164
f 3206//3206 3237//3237 3184//3184
f 3237//3237 3206//3206 3238//3238
f 3206//3206 3208//3208 3238//3238
f 3224//3224 3222//3222 3238//3238
f 3078//3078 3079//3079 3254//3254
f 3079//3079 3082//3082 3254//3254
f 3253//3253 3251//3251 3230//3230
f 3229//3229 3230//3230 3251//3251
f 3151//3151 3230//3230 3229//3229
f 3281//3281 3280//3280 3282//3282
f 3280//3280 3283//3283 3282//3282
f 3284//3284 3282//3282 3285//3285
f 3283//3283 3285//3285 3282//3282
f 3285//3285 3283//3283 3286//3286
f 3288//3288 3287//3287 3286//3286
f 3286//3286 3283//3283 3288//3288
f 3290//3290 3289//3289 3288//3288
f 3289//3289 3291//3291 3287//3287
f 3287//3287 3288//3288 3289//3289
f 3290//3290 3292//3292 3289//3289
f 3292//3292 3290//3290 3293//3293
f 3294//3294 3293//3293 3290//3290
f 3290//3290 3288//3288 3294//3294
f 3280//3280 3294//3294 3283//3283
f 3288//3288 3283//3283 3294//3294
f 3294//3294 3280//3280 3281//3281
f 3293//3293 3295//3295 3292//3292
f 3294//3294 3295//3295 3293//3293
f 3298//3298 3297//3297 3296//3296
f 3299//3299 3300//3300 3298//3298
f 3301//3301 3298//3298 3300//3300
f 3298//3298 3301//3301 3297//3297
f 3298//3298 3296//3296 3302//3302
f 3304//3304 3303//3303 3296//3296
f 3310//3310 3307//3307 3309//3309
f 3307//3307 3312//3312 3311//3311
f 3311//3311 3309//3309 3307//3307
f 3312//3312 3307//3307 3308//3308
f 3315//3315 3314//3314 3313//3313
f 3314//3314 3315//3315 3317//3317
f 3316//3316 3318//3318 3313//3313
f 3315//3315 3313//3313 3318//3318
f 3320//3320 3300//3300 3299//3299
f 3299//3299 3319//3319 3320//3320
f 3313//3313 3320//3320 3316//3316
f 3319//3319 3316//3316 3320//3320
f 3322//3322 3324//3324 3321//3321
f 3322//3322 3325//3325 3323//3323
f 3321//3321 3302//3302 3322//3322
f 3329//3329 3326//3326 3327//3327
f 3326//3326 3329//3329 3328//3328
f 3326//3326 3330//3330 3331//3331
f 3326//3326 3328//3328 3330//3330
f 3327//3327 3332//3332 3329//3329
f 3334//3334 3333//3333 3332//3332
f 3332//3332 3327//3327 3334//3334
f 3306//3306 3305//3305 3334//3334
f 3333//3333 3334//3334 3305//3305
f 3336//3336 3296//3296 3337//3337
f 3335//3335 3304//3304 3336//3336
f 3297//3297 3338//3338 3337//3337
f 3337//3337 3296//3296 3297//3297
f 3338//3338 3297//3297 3339//3339
f 3297//3297 3301//3301 3339//3339
f 3336//3336 3304//3304 3296//3296
f 3335//3335 3305//3305 3304//3304
f 3301//3301 3300//3300 3340//3340
f 3341//3341 3340//3340 3300//3300
f 3300//3300 3320//3320 3341//3341
f 3340//3340 3339//3339 3301//3301
f 3314//3314 3342//3342 3313//3313
f 3341//3341 3320//3320 3313//3313
f 3313//3313 3342//3342 3341//3341
f 3344//3344 3346//3346 3345//3345
f 3345//3345 3347//3347 3344//3344
f 3348//3348 3345//3345 3346//3346
f 3345//3345 3348//3348 3349//3349
f 3350//3350 3349//3349 3351//3351
f 3349//3349 3350//3350 3345//3345
f 3352//3352 3350//3350 3351//3351
f 3347//3347 3345//3345 3350//3350
f 3350//3350 3352//3352 3347//3347
f 3349//3349 3353//3353 3351//3351
f 3353//3353 3349//3349 3354//3354
f 3355//3355 3354//3354 3349//3349
f 3356//3356 3355//3355 3348//3348
f 3349//3349 3348//3348 3355//3355
f 3355//3355 3356//3356 3357//3357
f 3354//3354 3355//3355 3357//3357
f 3356//3356 3358//3358 3357//3357
f 3358//3358 3356//3356 3359//3359
f 3356//3356 3348//3348 3360//3360
f 3360//3360 3359//3359 3356//3356
f 3289//3289 3292//3292 3361//3361
f 3362//3362 3361//3361 3292//3292
f 3359//3359 3360//3360 3361//3361
f 3361//3361 3362//3362 3359//3359
f 3363//3363 3362//3362 3295//3295
f 3358//3358 3359//3359 3362//3362
f 3362//3362 3363//3363 3358//3358
f 3292//3292 3295//3295 3362//3362
f 3289//3289 3361//3361 3364//3364
f 3365//3365 3364//3364 3361//3361
f 3361//3361 3360//3360 3365//3365
f 3360//3360 3348//3348 3346//3346
f 3346//3346 3365//3365 3360//3360
f 3344//3344 3366//3366 3346//3346
f 3365//3365 3346//3346 3366//3366
f 3366//3366 3367//3367 3365//3365
f 3289//3289 3364//3364 3367//3367
f 3367//3367 3291//3291 3289//3289
f 3364//3364 3365//3365 3367//3367
f 3368//3368 3329//3329 3369//3369
f 3369//3369 3329//3329 3370//3370
f 3371//3371 3328//3328 3368//3368
f 3372//3372 3333//3333 3335//3335
f 3333//3333 3305//3305 3335//3335
f 3329//3329 3332//3332 3370//3370
f 3332//3332 3333//3333 3372//3372
f 3372//3372 3370//3370 3332//3332
f 3368//3368 3328//3328 3329//3329
f 3373//3373 3335//3335 3336//3336
f 3342//3342 3377//3377 3376//3376
f 3342//3342 3314//3314 3377//3377
f 3343//3343 3377//3377 3314//3314
f 3376//3376 3341//3341 3342//3342
f 3341//3341 3376//3376 3375//3375
f 3340//3340 3374//3374 3339//3339
f 3374//3374 3340//3340 3375//3375
f 3341//3341 3375//3375 3340//3340
f 3378//3378 3379//3379 3380//3380
f 3378//3378 3381//3381 3382//3382
f 3382//3382 3379//3379 3378//3378
f 3383//3383 3384//3384 3382//3382
f 3385//3385 3383//3383 3381//3381
f 3382//3382 3381//3381 3383//3383
f 3385//3385 3384//3384 3383//3383
f 3386//3386 3385//3385 3387//3387
f 3385//3385 3381//3381 3388//3388
f 3388//3388 3387//3387 3385//3385
f 3351//3351 3353//3353 3389//3389
f 3387//3387 3389//3389 3353//3353
f 3387//3387 3388//3388 3389//3389
f 3353//3353 3354//3354 3387//3387
f 3388//3388 3351//3351 3389//3389
f 3388//3388 3381//3381 3378//3378
f 3388//3388 3378//3378 3380//3380
f 3380//3380 3390//3390 3388//3388
f 3390//3390 3352//3352 3351//3351
f 3351//3351 3388//3388 3390//3390
f 3369//3369 3391//3391 3368//3368
f 3394//3394 3393//3393 3372//3372
f 3393//3393 3392//3392 3370//3370
f 3370//3370 3372//3372 3393//3393
f 3373//3373 3394//3394 3372//3372
f 3372//3372 3335//3335 3373//3373
f 3370//3370 3392//3392 3369//3369
f 3337//3337 3312//3312 3336//3336
f 3336//3336 3312//3312 3373//3373
f 3339//3339 3374//3374 3338//3338
f 3374//3374 3375//3375 3376//3376
f 3395//3395 3377//3377 3343//3343
f 3399//3399 3398//3398 3397//3397
f 3382//3382 3384//3384 3399//3399
f 3399//3399 3397//3397 3382//3382
f 3382//3382 3397//3397 3396//3396
f 3396//3396 3379//3379 3382//3382
f 3392//3392 3400//3400 3369//3369
f 3373//3373 3312//3312 3401//3401
f 3401//3401 3394//3394 3373//3373
f 3401//3401 3393//3393 3394//3394
f 3314//3314 3402//3402 3343//3343
f 3403//3403 3343//3343 3402//3402
f 3343//3343 3403//3403 3404//3404
f 3405//3405 3395//3395 3343//3343
f 3309//3309 3408//3408 3407//3407
f 3310//3310 3309//3309 3407//3407
f 3406//3406 3307//3307 3310//3310
f 3307//3307 3406//3406 3308//3308
f 3400//3400 3409//3409 3369//3369
f 3391//3391 3369//3369 3409//3409
f 3411//3411 3368//3368 3391//3391
f 3371//3371 3368//3368 3411//3411
f 3371//3371 3411//3411 3412//3412
f 3371//3371 3412//3412 3328//3328
f 3328//3328 3412//3412 3413//3413
f 3414//3414 3331//3331 3415//3415
f 3415//3415 3330//3330 3413//3413
f 3415//3415 3331//3331 3330//3330
f 3330//3330 3328//3328 3413//3413
f 3322//3322 3323//3323 3416//3416
f 3418//3418 3317//3317 3318//3318
f 3318//3318 3317//3317 3315//3315
f 3402//3402 3314//3314 3317//3317
f 3402//3402 3420//3420 3419//3419
f 3419//3419 3403//3403 3402//3402
f 3421//3421 3419//3419 3420//3420
f 3422//3422 3423//3423 3419//3419
f 3419//3419 3421//3421 3422//3422
f 3424//3424 3425//3425 3423//3423
f 3423//3423 3422//3422 3424//3424
f 3426//3426 3424//3424 3422//3422
f 3422//3422 3421//3421 3426//3426
f 3424//3424 3426//3426 3344//3344
f 3344//3344 3347//3347 3424//3424
f 3425//3425 3424//3424 3352//3352
f 3347//3347 3352//3352 3424//3424
f 3427//3427 3366//3366 3344//3344
f 3344//3344 3426//3426 3427//3427
f 3427//3427 3367//3367 3366//3366
f 3428//3428 3421//3421 3429//3429
f 3428//3428 3427//3427 3426//3426
f 3426//3426 3421//3421 3428//3428
f 3429//3429 3430//3430 3428//3428
f 3367//3367 3427//3427 3430//3430
f 3430//3430 3291//3291 3367//3367
f 3427//3427 3428//3428 3430//3430
f 3420//3420 3402//3402 3429//3429
f 3429//3429 3421//3421 3420//3420
f 3379//3379 3432//3432 3431//3431
f 3379//3379 3431//3431 3380//3380
f 3425//3425 3390//3390 3380//3380
f 3380//3380 3431//3431 3425//3425
f 3423//3423 3425//3425 3431//3431
f 3425//3425 3352//3352 3390//3390
f 3419//3419 3423//3423 3433//3433
f 3404//3404 3419//3419 3433//3433
f 3423//3423 3431//3431 3433//3433
f 3404//3404 3403//3403 3419//3419
f 3431//3431 3405//3405 3433//3433
f 3404//3404 3433//3433 3405//3405
f 3343//3343 3404//3404 3405//3405
f 3434//3434 3432//3432 3396//3396
f 3396//3396 3435//3435 3434//3434
f 3432//3432 3434//3434 3405//3405
f 3405//3405 3431//3431 3432//3432
f 3432//3432 3379//3379 3396//3396
f 3434//3434 3395//3395 3405//3405
f 3406//3406 3310//3310 3407//3407
f 3399//3399 3436//3436 3437//3437
f 3409//3409 3410//3410 3436//3436
f 3410//3410 3409//3409 3400//3400
f 3438//3438 3436//3436 3399//3399
f 3399//3399 3384//3384 3438//3438
f 3438//3438 3385//3385 3386//3386
f 3439//3439 3438//3438 3386//3386
f 3438//3438 3439//3439 3436//3436
f 3385//3385 3438//3438 3384//3384
f 3436//3436 3439//3439 3409//3409
f 3411//3411 3409//3409 3439//3439
f 3409//3409 3411//3411 3391//3391
f 3411//3411 3439//3439 3440//3440
f 3440//3440 3441//3441 3411//3411
f 3442//3442 3443//3443 3440//3440
f 3386//3386 3442//3442 3440//3440
f 3440//3440 3439//3439 3386//3386
f 3386//3386 3387//3387 3442//3442
f 3443//3443 3442//3442 3387//3387
f 3387//3387 3354//3354 3443//3443
f 3357//3357 3444//3444 3443//3443
f 3445//3445 3443//3443 3444//3444
f 3443//3443 3445//3445 3440//3440
f 3443//3443 3354//3354 3357//3357
f 3440//3440 3445//3445 3441//3441
f 3412//3412 3441//3441 3445//3445
f 3411//3411 3441//3441 3412//3412
f 3446//3446 3413//3413 3412//3412
f 3412//3412 3445//3445 3446//3446
f 3446//3446 3415//3415 3413//3413
f 3447//3447 3446//3446 3448//3448
f 3444//3444 3448//3448 3446//3446
f 3446//3446 3445//3445 3444//3444
f 3357//3357 3358//3358 3363//3363
f 3448//3448 3444//3444 3357//3357
f 3357//3357 3363//3363 3448//3448
f 3363//3363 3295//3295 3447//3447
f 3447//3447 3448//3448 3363//3363
f 3281//3281 3451//3451 3449//3449
f 3452//3452 3449//3449 3450//3450
f 3452//3452 3281//3281 3449//3449
f 3453//3453 3294//3294 3281//3281
f 3452//3452 3453//3453 3281//3281
f 3447//3447 3450//3450 3446//3446
f 3450//3450 3447//3447 3452//3452
f 3294//3294 3453//3453 3295//3295
f 3453//3453 3452//3452 3447//3447
f 3447//3447 3295//3295 3453//3453
f 3446//3446 3450//3450 3415//3415
f 3415//3415 3450//3450 3414//3414
f 3449//3449 3414//3414 3450//3450
f 3324//3324 3416//3416 3454//3454
f 3454//3454 3416//3416 3451//3451
f 3451//3451 3416//3416 3417//3417
f 3417//3417 3416//3416 3323//3323
f 3324//3324 3322//3322 3416//3416
f 3456//3456 3430//3430 3429//3429
f 3429//3429 3455//3455 3456//3456
f 3458//3458 3456//3456 3455//3455
f 3429//3429 3457//3457 3455//3455
f 3456//3456 3458//3458 3286//3286
f 3286//3286 3287//3287 3456//3456
f 3287//3287 3291//3291 3430//3430
f 3430//3430 3456//3456 3287//3287
f 3457//3457 3459//3459 3455//3455
f 3458//3458 3455//3455 3459//3459
f 3459//3459 3460//3460 3458//3458
f 3286//3286 3458//3458 3460//3460
f 3457//3457 3418//3418 3459//3459
f 3402//3402 3418//3418 3457//3457
f 3317//3317 3418//3418 3402//3402
f 3402//3402 3457//3457 3429//3429
f 3451//3451 3284//3284 3454//3454
f 3284//3284 3285//3285 3454//3454
f 3286//3286 3454//3454 3285//3285
f 3454//3454 3286//3286 3460//3460
f 3451//3451 3281//3281 3282//3282
f 3451//3451 3282//3282 3284//3284
f 3417//3417 3449//3449 3451//3451
f 3461//3461 3414//3414 3449//3449
f 3461//3461 3449//3449 3417//3417
f 3414//3414 3326//3326 3331//3331
f 3461//3461 3326//3326 3414//3414
f 3417//3417 3462//3462 3461//3461
f 3462//3462 3417//3417 3323//3323
f 3327//3327 3326//3326 3461//3461
f 3462//3462 3325//3325 3334//3334
f 3461//3461 3462//3462 3327//3327
f 3323//3323 3325//3325 3462//3462
f 3299//3299 3298//3298 3302//3302
f 3322//3322 3302//3302 3325//3325
f 3302//3302 3303//3303 3306//3306
f 3334//3334 3325//3325 3306//3306
f 3306//3306 3325//3325 3302//3302
f 3303//3303 3302//3302 3296//3296
f 3303//3303 3304//3304 3306//3306
f 3304//3304 3305//3305 3306//3306
f 3321//3321 3464//3464 3463//3463
f 3316//3316 3319//3319 3463//3463
f 3321//3321 3463//3463 3319//3319
f 3321//3321 3319//3319 3299//3299
f 3321//3321 3299//3299 3302//3302
f 3318//3318 3316//3316 3463//3463
f 3321//3321 3324//3324 3464//3464
f 3418//3418 3318//3318 3463//3463
f 3324//3324 3454//3454 3460//3460
f 3464//3464 3460//3460 3459//3459
f 3464//3464 3324//3324 3460//3460
f 3464//3464 3459//3459 3463//3463
f 3459//3459 3418//3418 3463//3463
f 3435//3435 3407//3407 3408//3408
f 3435//3435 3465//3465 3434//3434
f 3434//3434 3465//3465 3395//3395
f 3465//3465 3435//3435 3408//3408
f 3466//3466 3465//3465 3408//3408
f 3466//3466 3467//3467 3465//3465
f 3465//3465 3467//3467 3395//3395
f 3467//3467 3377//3377 3395//3395
f 3408//3408 3309//3309 3466//3466
f 3467//3467 3374//3374 3376//3376
f 3374//3374 3467//3467 3466//3466
f 3466//3466 3309//3309 3374//3374
f 3311//3311 3374//3374 3309//3309
f 3376//3376 3377//3377 3467//3467
f 3337//3337 3311//3311 3312//3312
f 3311//3311 3337//3337 3374//3374
f 3374//3374 3337//3337 3338//3338
f 3308//3308 3468//3468 3401//3401
f 3401//3401 3312//3312 3308//3308
f 3468//3468 3393//3393 3401//3401
f 3393//3393 3468//3468 3392//3392
f 3392//3392 3468//3468 3400//3400
f 3410//3410 3468//3468 3437//3437
f 3308//3308 3406//3406 3437//3437
f 3308//3308 3437//3437 3468//3468
f 3410//3410 3400//3400 3468//3468
f 3406//3406 3398//3398 3437//3437
f 3436//3436 3410//3410 3437//3437
f 3399//3399 3437//3437 3398//3398
f 3435//3435 3469//3469 3398//3398
f 3407//3407 3398//3398 3406//3406
f 3435//3435 3398//3398 3407//3407
f 3398//3398 3469//3469 3397//3397
f 3435//3435 3396//3396 3469//3469
f 3397//3397 3469//3469 3396//3396
