# Created by Open3D 
# object name: InfoWheels Cab Badging
# number of vertices: 5326
# number of triangles: 3520
v 76.5489 -116.403 -31.4908
vn 0.138732 0.249558 -0.95837
v 76.5496 -116.684 -31.4912
vn 0.197921 -0.229493 -0.952974
v 76.4606 -116.685 -31.4844
vn -0.338165 -0.118368 -0.933613
v 76.461 -116.406 -31.485
vn -0.379815 0.265849 -0.886039
v 76.5931 -116.392 -30.8159
vn 0.100337 0.978019 0.182787
v 76.553 -116.393 -31.478
vn 0.238701 0.92565 -0.293587
v 76.4621 -116.392 -31.4716
vn -0.273045 0.941861 -0.195817
v 76.5111 -116.393 -30.8059
vn -0.0967853 0.970769 0.219636
v 76.5956 -116.686 -30.8032
vn 0.332803 -0.122446 0.935013
v 76.6001 -116.407 -30.8029
vn 0.339473 0.219807 0.914573
v 76.5108 -116.404 -30.7972
vn -0.17662 0.146554 0.973307
v 76.5067 -116.683 -30.7963
vn -0.198072 -0.223044 0.954473
v 76.5484 -116.697 -31.4776
vn 0.206606 -0.970413 -0.124949
v 76.5927 -116.697 -30.8138
vn 0.0987322 -0.987114 0.125928
v 76.5079 -116.696 -30.8067
vn -0.2589 -0.940333 0.22078
v 76.4583 -116.695 -31.4713
vn -0.273848 -0.947332 -0.166042
v 76.5609 -116.407 -31.4785
vn 0.997498 -0.00563676 -0.070464
v 76.6072 -116.407 -30.8168
vn 0.987117 0.0218188 0.158503
v 76.6048 -116.684 -30.8167
vn 0.994641 -0.033307 0.0978818
v 76.5581 -116.687 -31.4783
vn 0.982636 -0.120743 -0.140882
v 76.4978 -116.683 -30.8092
vn -0.955069 -0.0221309 0.295556
v 76.5013 -116.406 -30.8058
vn -0.964634 0.0602032 0.256627
v 76.4539 -116.406 -31.471
vn -0.98613 0.0728116 -0.149154
v 76.452 -116.683 -31.4746
vn -0.995019 -0.0172813 -0.0981765
v 76.6015 -116.395 -30.8165
vn 0.479316 0.877213 0.0274539
v 76.5061 -116.393 -30.8098
vn -0.533043 0.840396 0.0979765
v 76.5989 -116.696 -30.8162
vn 0.415402 -0.909095 0.0314215
v 76.6057 -116.399 -30.8161
vn 0.926881 0.370568 0.05976
v 76.5588 -116.402 -31.4821
vn 0.912485 0.273263 -0.304464
v 76.556 -116.688 -31.4824
vn 0.897211 -0.284918 -0.337393
v 76.6024 -116.693 -30.8165
vn 0.905788 -0.419574 0.0592059
v 76.5024 -116.397 -30.8095
vn -0.877334 0.454048 0.155327
v 76.4992 -116.69 -30.8093
vn -0.921489 -0.344119 0.180108
v 76.4537 -116.692 -31.471
vn -0.910995 -0.407715 -0.0621111
v 76.4556 -116.398 -31.4711
vn -0.937859 0.346541 0.0181848
v 76.6045 -115.822 -30.8128
vn 0.291575 0.651416 0.700458
v 76.5756 -115.354 -31.2861
vn 0.103684 0.668496 0.736453
v 76.4844 -115.352 -31.2798
vn 0.0231464 0.68299 0.730061
v 76.5136 -115.821 -30.8064
vn -0.153868 0.603642 0.782266
v 76.6001 -116.174 -30.8035
vn 0.300862 -0.151308 0.941588
v 76.605 -115.844 -30.8032
vn 0.391619 0.103677 0.914268
v 76.514 -115.844 -30.7968
vn -0.100974 0.046247 0.993814
v 76.5112 -116.171 -30.7966
vn -0.180745 -0.256517 0.94949
v 76.5548 -116.186 -31.4781
vn 0.242917 -0.94104 -0.235447
v 76.5989 -116.185 -30.812
vn 0.12789 -0.970633 0.203754
v 76.5164 -116.186 -30.8105
vn -0.011737 -0.99993 0.00162692
v 76.4639 -116.185 -31.4717
vn -0.300748 -0.927799 -0.220771
v 76.5562 -115.921 -31.4917
vn 0.150521 0.213297 -0.965323
v 76.554 -116.172 -31.4915
vn 0.253802 -0.270915 -0.928542
v 76.4648 -116.173 -31.4847
vn -0.313836 -0.16773 -0.934545
v 76.4652 -115.92 -31.4853
vn -0.324415 0.235662 -0.916089
v 76.5882 -115.913 -30.9901
vn 0.0833469 0.996272 -0.0222676
v 76.5572 -115.908 -31.4783
vn 0.1991 0.949479 -0.242587
v 76.4717 -115.907 -31.4759
vn -0.0444517 0.985818 -0.161824
v 76.5001 -115.913 -30.9874
vn -0.0585472 0.996593 -0.0580845
v 76.5614 -115.4 -31.4826
vn 0.111622 -0.636208 -0.7634
v 76.5914 -115.904 -30.9898
vn -0.012851 -0.653011 -0.757239
v 76.5036 -115.903 -30.9841
vn -0.159422 -0.653002 -0.740387
v 76.4704 -115.399 -31.4763
vn -0.266112 -0.578973 -0.770698
v 76.5635 -115.085 -31.4922
vn 0.152353 0.211579 -0.965413
v 76.5609 -115.377 -31.492
vn 0.0560835 -0.17198 -0.983503
v 76.473 -115.376 -31.4863
vn -0.298869 -0.0984278 -0.949204
v 76.4725 -115.084 -31.4858
vn -0.302364 0.248911 -0.920119
v 76.6048 -115.072 -30.813
vn 0.0797249 0.983651 0.161474
v 76.5645 -115.072 -31.4788
vn 0.139524 0.970155 -0.198323
v 76.4798 -115.07 -31.4728
vn -0.041985 0.984953 -0.167646
v 76.5203 -115.071 -30.8107
vn -0.200856 0.969036 0.143618
v 76.6094 -115.337 -30.8035
vn 0.268874 -0.232746 0.934632
v 76.6116 -115.085 -30.8037
vn 0.328805 0.226884 0.916739
v 76.5223 -115.082 -30.7981
vn -0.174671 0.153514 0.972586
v 76.5185 -115.336 -30.7972
vn -0.194473 -0.226833 0.95432
v 76.5727 -115.347 -31.2842
vn 0.0781302 -0.996872 0.0119262
v 76.6079 -115.349 -30.8169
vn 0.250327 -0.956803 0.147868
v 76.5194 -115.348 -30.8089
vn -0.26547 -0.954329 0.137049
v 76.485 -115.345 -31.2746
vn -0.0595185 -0.995914 0.0679241
v 76.563 -116.172 -31.4787
vn 0.955089 -0.0400159 -0.293606
v 76.5641 -115.921 -31.4824
vn 0.971247 0.0180594 -0.237386
v 76.6022 -115.927 -30.9487
vn 0.994911 0.0736665 -0.0687428
v 76.6187 -115.085 -30.8176
vn 0.987073 0.0214618 0.158825
v 76.616 -115.337 -30.8138
vn 0.990692 -0.0660258 0.11904
v 76.5809 -115.332 -31.3279
vn 0.997632 -0.0080009 -0.0683063
v 76.5714 -115.081 -31.4792
vn 0.965867 0.224149 -0.129843
v 76.5693 -115.389 -31.4801
vn 0.975632 -0.0774218 -0.205298
v 76.6022 -115.927 -30.9487
vn 0.996786 -0.017031 -0.0782732
v 76.6122 -115.837 -30.8172
vn 0.997966 -0.00604461 -0.063464
v 76.6087 -116.172 -30.8133
vn 0.990932 -0.0608598 0.119793
v 76.4749 -115.337 -31.3105
vn -0.984795 -0.135191 0.109097
v 76.5102 -115.34 -30.8101
vn -0.974019 -0.188934 0.124864
v 76.5117 -115.084 -30.8102
vn -0.997433 0.0125891 0.0704935
v 76.4654 -115.084 -31.4718
vn -0.997667 0.0114789 0.0673011
v 76.4628 -115.384 -31.4717
vn -0.998025 0.00330238 0.0627251
v 76.4952 -115.926 -30.9412
vn -0.999412 -0.0341048 -0.00342864
v 76.5051 -115.836 -30.8097
vn -0.996992 0.0137644 0.0762681
v 76.5036 -116.171 -30.8053
vn -0.955938 -0.0225225 0.292705
v 76.4952 -115.926 -30.9412
vn -0.981234 0.181015 0.0664286
v 76.4565 -116.171 -31.4749
vn -0.991861 -0.0431311 -0.119798
v 76.459 -115.92 -31.4756
vn -0.985791 0.0394442 -0.163281
v 76.5813 -115.341 -31.3071
vn 0.836625 0.380972 0.393597
v 76.5709 -115.351 -31.2859
vn 0.157171 0.150124 0.976094
v 76.5779 -115.345 -31.2868
vn 0.680834 -0.73019 0.0573296
v 76.6102 -115.829 -30.8136
vn 0.912243 0.244472 0.328703
v 76.5113 -115.822 -30.8067
vn -0.483133 0.60743 0.630564
v 76.4892 -115.351 -31.2802
vn -0.0192318 0.161658 0.986659
v 76.4821 -115.352 -31.2825
vn -0.627635 0.474046 0.617539
v 76.4824 -115.344 -31.279
vn -0.767146 -0.610922 0.195605
v 76.5078 -115.834 -30.8039
vn -0.83302 0.159059 0.529885
v 76.6033 -116.184 -30.8166
vn 0.542005 -0.840072 0.0225842
v 76.509 -116.183 -30.8079
vn -0.407845 -0.894101 0.185058
v 76.5867 -115.912 -30.9895
vn 0.0604036 0.78692 -0.614092
v 76.5968 -115.918 -30.9783
vn 0.795307 0.603242 -0.0598902
v 76.5969 -115.912 -30.9769
vn 0.834611 -0.291091 -0.467644
v 76.4983 -115.914 -30.9822
vn -0.762141 0.637651 -0.111992
v 76.505 -115.911 -30.9837
vn -0.125056 0.789297 -0.601142
v 76.4641 -115.909 -31.4718
vn -0.43031 0.899095 -0.0803773
v 76.5869 -115.908 -30.9881
vn 0.0128212 -0.124077 -0.99219
v 76.5919 -115.91 -30.9869
vn 0.798671 -0.0144411 -0.601594
v 76.5672 -115.393 -31.4825
vn 0.762974 -0.415292 -0.495382
v 76.4682 -115.398 -31.4757
vn -0.55328 -0.598945 -0.578918
v 76.5051 -115.907 -30.9824
vn -0.161903 -0.125231 -0.978828
v 76.4986 -115.905 -30.9791
vn -0.58661 -0.555763 -0.589081
v 76.5004 -115.909 -30.9805
vn -0.873141 0.00723857 -0.487413
v 76.5632 -115.378 -31.4908
vn 0.455613 -0.00494673 -0.890164
v 76.4647 -115.387 -31.4773
vn -0.900507 -0.13966 -0.411804
v 76.5667 -115.073 -31.4789
vn 0.534424 0.841045 -0.0838699
v 76.613 -115.073 -30.8173
vn 0.470023 0.881704 0.0409502
v 76.4714 -115.072 -31.4722
vn -0.44417 0.892034 -0.083595
v 76.571 -115.347 -31.2846
vn 0.138137 -0.78853 0.599282
v 76.5758 -115.347 -31.2866
vn 0.844054 -0.427149 0.324218
v 76.4893 -115.347 -31.2789
vn -0.0471824 -0.781817 0.621721
v 76.4843 -115.347 -31.2803
vn -0.830284 -0.365647 0.420632
v 76.5613 -116.18 -31.4785
vn 0.904821 -0.382135 -0.18781
v 76.6069 -116.181 -30.8168
vn 0.889081 -0.456621 0.0321334
v 76.5806 -115.341 -31.2984
vn 0.822465 -0.565478 -0.0615345
v 76.6143 -115.345 -30.8173
vn 0.889715 -0.45558 0.0292371
v 76.6172 -115.078 -30.8176
vn 0.920949 0.386918 0.046346
v 76.5703 -115.085 -31.4866
vn 0.892595 0.0138551 -0.450647
v 76.563 -115.913 -31.4787
vn 0.896304 0.402746 -0.185567
v 76.4581 -116.18 -31.4713
vn -0.897849 -0.439216 -0.0309316
v 76.4598 -115.913 -31.4714
vn -0.918014 0.394158 -0.0434726
v 76.4957 -115.912 -30.9677
vn -0.878807 -0.35908 -0.314262
v 76.4671 -115.081 -31.4762
vn -0.951376 0.25317 -0.17547
v 76.5139 -115.08 -30.8066
vn -0.907217 0.297305 0.297603
v 76.5123 -115.336 -30.8017
vn -0.865191 -0.0537458 0.498555
v 76.4778 -115.346 -31.2936
vn -0.820827 0.380075 0.426363
v 76.5037 -116.179 -30.8096
vn -0.911204 -0.366928 0.187271
v 76.566 -114.568 -31.4918
vn 0.207859 0.12086 -0.970663
v 76.5655 -114.848 -31.4923
vn 0.180388 -0.258119 -0.949123
v 76.4766 -114.849 -31.4855
vn -0.335691 -0.119826 -0.93432
v 76.477 -114.569 -31.4861
vn -0.320144 0.229002 -0.919275
v 76.5852 -114.556 -31.2258
vn 0.0748259 0.995992 -0.0489957
v 76.569 -114.557 -31.4791
vn 0.218555 0.949135 -0.226663
v 76.4814 -114.556 -31.4751
vn -0.141703 0.985627 -0.0919714
v 76.4972 -114.555 -31.2197
vn -0.105968 0.993666 -0.03741
v 76.5896 -114.084 -31.2145
vn 0.166561 0.156391 -0.97355
v 76.5853 -114.544 -31.2154
vn 0.024242 0.0382471 -0.998974
v 76.498 -114.545 -31.2094
vn -0.130667 0.041392 -0.990562
v 76.5006 -114.086 -31.2089
vn -0.334765 0.228265 -0.914236
v 76.5976 -114.073 -31.1011
vn 0.271655 0.940131 0.205807
v 76.5906 -114.074 -31.2057
vn 0.252925 0.935991 -0.244848
v 76.5049 -114.072 -31.1997
vn -0.214782 0.955073 -0.204216
v 76.5113 -114.072 -31.0942
vn -0.269848 0.937936 0.217849
v 76.5941 -114.544 -31.089
vn 0.16144 0.0372969 0.986178
v 76.6003 -114.086 -31.09
vn 0.303387 0.259686 0.916799
v 76.5111 -114.084 -31.0844
vn -0.201224 0.125835 0.971429
v 76.5077 -114.544 -31.083
vn -0.032235 0.0414254 0.998621
v 76.6068 -114.556 -30.9409
vn 0.0554618 0.996161 -0.0677347
v 76.5955 -114.556 -31.0786
vn 0.115111 0.992586 0.03901
v 76.5058 -114.556 -31.0726
vn -0.0375729 0.997044 0.0670241
v 76.5172 -114.555 -30.9349
vn -0.10619 0.993572 -0.03923
v 76.6098 -114.05 -30.9298
vn 0.169555 0.16153 -0.972193
v 76.6052 -114.544 -30.9306
vn 0.0305086 0.0381731 -0.998805
v 76.5188 -114.544 -30.9246
vn -0.16301 0.0407404 -0.985783
v 76.5208 -114.052 -30.9242
vn -0.334765 0.228428 -0.914195
v 76.6179 -114.04 -30.8154
vn 0.269591 0.925772 0.265079
v 76.61 -114.04 -30.9211
vn 0.271499 0.925632 -0.263617
v 76.5251 -114.039 -30.9149
vn -0.167028 0.963867 -0.207512
v 76.5316 -114.038 -30.8084
vn -0.267452 0.938692 0.217546
v 76.6075 -114.847 -30.8025
vn 0.0995817 -0.174573 0.979596
v 76.6206 -114.052 -30.8043
vn 0.210185 0.262747 0.941693
v 76.5296 -114.052 -30.7979
vn -0.176593 0.153443 0.97225
v 76.5227 -114.847 -30.7975
vn -0.0791901 -0.211556 0.974153
v 76.5601 -114.862 -31.4785
vn 0.0619884 -0.977857 -0.199882
v 76.6122 -114.861 -30.8172
vn 0.251654 -0.955852 0.151714
v 76.5279 -114.861 -30.8113
vn -0.062706 -0.983138 0.171777
v 76.4754 -114.86 -31.4725
vn -0.15087 -0.962961 -0.223481
v 76.615 -114.566 -30.9245
vn 0.964141 0.123567 -0.23487
v 76.6194 -114.052 -30.9239
vn 0.923877 0.276386 -0.264692
v 76.6277 -114.052 -30.8183
vn 0.985921 0.165898 -0.0209347
v 76.6208 -114.848 -30.8178
vn 0.997629 -0.0120044 -0.0677683
v 76.6031 -114.564 -31.1006
vn 0.993885 0.110144 -0.00778576
v 76.5745 -114.848 -31.4795
vn 0.997375 -0.0107226 -0.0716041
v 76.5759 -114.57 -31.4832
vn 0.947266 0.239181 -0.21326
v 76.5963 -114.57 -31.2021
vn 0.985082 0.15211 -0.0804689
v 76.6066 -114.082 -31.1033
vn 0.978653 0.196127 -0.0614278
v 76.5992 -114.086 -31.2086
vn 0.920877 0.0707893 -0.383373
v 76.4899 -114.562 -31.1984
vn -0.994215 0.10419 -0.0261053
v 76.4707 -114.566 -31.4727
vn -0.978513 0.205986 0.00906219
v 76.4675 -114.847 -31.472
vn -0.997598 0.00533635 0.0690697
v 76.5214 -114.052 -30.8077
vn -0.980175 0.0766814 0.182696
v 76.5142 -114.052 -30.9165
vn -0.972331 0.156876 -0.173097
v 76.5092 -114.569 -30.9099
vn -0.982473 0.184098 0.0292347
v 76.5145 -114.85 -30.8104
vn -0.98195 -0.165372 0.0917921
v 76.4975 -114.565 -31.0891
vn -0.954331 0.11265 0.2767
v 76.4943 -114.082 -31.1956
vn -0.983858 0.17748 0.0228813
v 76.5017 -114.086 -31.0903
vn -0.922538 0.282925 0.262444
v 76.5825 -114.554 -31.2217
vn 0.0342087 0.838209 -0.544276
v 76.589 -114.558 -31.2249
vn 0.645234 0.724238 -0.243212
v 76.5899 -114.546 -31.2138
vn 0.565416 0.171875 -0.806699
v 76.4935 -114.557 -31.2191
vn -0.660976 0.740091 -0.124005
v 76.4972 -114.553 -31.2147
vn -0.119333 0.869991 -0.478409
v 76.4944 -114.545 -31.2071
vn -0.690222 0.220483 -0.689189
v 76.5845 -114.552 -31.2181
vn -0.00785619 0.531314 -0.847139
v 76.4992 -114.551 -31.2121
vn -0.142679 0.524423 -0.839418
v 76.592 -114.551 -31.0862
vn 0.121022 0.53939 0.833314
v 76.5985 -114.546 -31.0912
vn 0.67014 0.170218 0.722452
v 76.5992 -114.558 -31.0792
vn 0.677836 0.719427 0.151536
v 76.5031 -114.545 -31.0845
vn -0.57966 0.222696 0.783837
v 76.5066 -114.55 -31.081
vn -0.0340075 0.5229 0.851715
v 76.5922 -114.554 -31.0823
vn 0.100255 0.847936 0.520532
v 76.6024 -114.554 -30.9369
vn 0.031983 0.834015 -0.550814
v 76.6089 -114.558 -30.9411
vn 0.645689 0.723613 -0.243865
v 76.6098 -114.546 -30.929
vn 0.566611 0.174405 -0.805317
v 76.5135 -114.557 -30.9345
vn -0.661374 0.739564 -0.125018
v 76.5171 -114.553 -30.93
vn -0.115851 0.867254 -0.4842
v 76.5143 -114.546 -30.9226
vn -0.690867 0.219475 -0.688864
v 76.5068 -114.553 -31.0774
vn -0.0468835 0.866305 0.49731
v 76.5038 -114.557 -31.0725
vn -0.641961 0.7358 0.215601
v 76.6044 -114.552 -30.9334
vn -0.00547675 0.534441 -0.845188
v 76.5191 -114.551 -30.9274
vn -0.146993 0.529631 -0.835394
v 76.6227 -114.052 -30.8058
vn 0.568568 0.0615612 0.82033
v 76.6158 -114.848 -30.8053
vn 0.485274 -0.142973 0.862593
v 76.5204 -114.847 -30.7987
vn -0.445068 -0.0519328 0.89399
v 76.5686 -114.86 -31.4791
vn 0.468089 -0.878715 -0.0935594
v 76.4732 -114.859 -31.4724
vn -0.546425 -0.837477 -0.00717607
v 76.5194 -114.859 -30.8108
vn -0.466531 -0.880928 0.0794703
v 76.5937 -114.554 -31.2105
vn 0.919485 0.0701186 -0.386822
v 76.5727 -114.855 -31.4806
vn 0.91354 -0.260127 -0.312695
v 76.6197 -114.848 -30.8103
vn 0.945164 -0.116571 0.305084
v 76.6185 -114.856 -30.8176
vn 0.881399 -0.471367 0.0308086
v 76.626 -114.052 -30.8097
vn 0.922705 0.13058 0.362718
v 76.6017 -114.554 -31.095
vn 0.91949 0.0291664 0.392029
v 76.6058 -114.086 -31.0954
vn 0.924564 0.126829 0.359298
v 76.4952 -114.086 -31.2036
vn -0.92454 0.132012 -0.35749
v 76.5104 -114.555 -30.9175
vn -0.973171 0.0302621 -0.228085
v 76.5235 -114.052 -30.8025
vn -0.886207 0.284771 0.365435
v 76.5166 -114.847 -30.802
vn -0.872012 -0.12643 0.472875
v 76.4691 -114.851 -31.4758
vn -0.944675 -0.286426 -0.159843
v 76.4715 -114.569 -31.4808
vn -0.926202 0.0680284 -0.37084
v 76.6154 -113.101 -30.9556
vn 0.189562 -0.942858 0.274016
v 76.6285 -113.036 -30.8349
vn 0.253516 -0.820591 0.512211
v 76.5387 -113.035 -30.8275
vn -0.208444 -0.740636 0.638757
v 76.5276 -113.1 -30.9468
vn -0.273134 -0.928543 0.251409
v 76.6148 -113.098 -30.9699
vn 0.224351 -0.676698 -0.701246
v 76.5304 -113.101 -30.9602
vn -0.207485 -0.741356 -0.638233
v 76.6121 -113.053 -31.006
vn -0.00474729 -0.703303 -0.710875
v 76.5236 -113.059 -30.9924
vn -0.248446 -0.681192 -0.68866
v 76.6121 -113.015 -31.0557
vn 0.010613 -0.867273 -0.49772
v 76.5204 -113.01 -31.0609
vn -0.0928566 -0.896492 -0.43322
v 76.6059 -112.998 -31.102
vn 0.0299406 -0.963182 -0.267179
v 76.5158 -112.992 -31.1283
vn -0.0564126 -0.998237 -0.0184563
v 76.602 -112.993 -31.158
vn 0.045198 -0.998397 0.0340555
v 76.5117 -112.996 -31.1858
vn -0.0393797 -0.970598 0.237465
v 76.6007 -113.005 -31.2204
vn 0.0610376 -0.93628 0.345911
v 76.5059 -113.033 -31.2655
vn -0.00857635 -0.848589 0.528983
v 76.5968 -113.034 -31.2718
vn 0.0716071 -0.794625 0.602862
v 76.5919 -113.078 -31.3148
vn 0.133985 -0.604456 0.785291
v 76.5056 -113.077 -31.3085
vn -0.00568768 -0.572929 0.819585
v 76.5905 -113.136 -31.3488
vn 0.108195 -0.397623 0.911147
v 76.4996 -113.135 -31.3424
vn 0.0167174 -0.378836 0.925313
v 76.5883 -113.208 -31.3714
vn 0.109371 -0.225778 0.96802
v 76.4966 -113.248 -31.3717
vn -0.00390387 -0.186921 0.982367
v 76.5866 -113.317 -31.3824
vn 0.112749 -0.0688655 0.991234
v 76.4957 -113.316 -31.376
vn -0.00574042 -0.0384964 0.999242
v 76.5804 -113.317 -31.3811
vn -0.0801141 0 -0.996786
v 76.502 -113.316 -31.3756
vn -0.0601055 0 -0.998192
v 76.5756 -113.388 -31.4929
vn 0.203365 -0.94346 0.261774
v 76.5853 -113.335 -31.3932
vn 0.397598 -0.773087 0.494219
v 76.4947 -113.335 -31.3875
vn -0.137283 -0.804255 0.57821
v 76.4893 -113.388 -31.4888
vn -0.217237 -0.960968 0.171313
v 76.5753 -113.289 -31.5036
vn -0.0272262 0.022123 -0.999384
v 76.575 -113.384 -31.5029
vn 0.152873 -0.0902328 -0.984118
v 76.4869 -113.344 -31.4979
vn -0.305136 0.00810134 -0.952274
v 76.4913 -113.222 -31.4947
vn -0.145249 0.0709508 -0.986848
v 76.5345 -113.16 -31.4928
vn -0.0686545 0.116234 -0.990846
v 76.5781 -113.102 -31.4865
vn 0.00708134 0.165053 -0.986259
v 76.4964 -113.035 -31.4678
vn -0.107784 0.234684 -0.966078
v 76.5844 -112.976 -31.4569
vn 0.00335055 0.295161 -0.955442
v 76.4971 -112.911 -31.4282
vn -0.144615 0.38224 -0.912677
v 76.5873 -112.855 -31.4076
vn 0.0202587 0.475708 -0.87937
v 76.5021 -112.804 -31.3706
vn -0.12862 0.580285 -0.804193
v 76.5942 -112.762 -31.342
vn 0.00409973 0.687873 -0.725819
v 76.5079 -112.742 -31.318
vn -0.123832 0.740437 -0.66062
v 76.5973 -112.701 -31.2617
vn 0.0602116 0.885779 -0.460186
v 76.511 -112.7 -31.2556
vn -0.0956461 0.889665 -0.446483
v 76.6023 -112.676 -31.1925
vn 0.0723168 0.979909 -0.185871
v 76.5177 -112.676 -31.1866
vn -0.0728329 0.981192 -0.178769
v 76.6052 -112.672 -31.1298
vn 0.0570334 0.998192 0.0189503
v 76.5224 -112.671 -31.1199
vn -0.0338394 0.995385 0.0898016
v 76.6114 -112.686 -31.0627
vn 0.0729013 0.952773 0.294804
v 76.529 -112.696 -31.0324
vn -0.0358373 0.898122 0.438284
v 76.6152 -112.716 -31.0035
vn 0.0960725 0.840714 0.532888
v 76.5291 -112.737 -30.9699
vn 0.00318491 0.750591 0.660759
v 76.6171 -112.763 -30.9491
vn 0.118989 0.629351 0.767958
v 76.5322 -112.793 -30.9188
vn 0.0116694 0.599003 0.800662
v 76.6209 -112.861 -30.8825
vn 0.110713 0.466616 0.877503
v 76.5395 -112.87 -30.8716
vn 0.0151397 0.436575 0.89954
v 76.6227 -112.949 -30.8454
vn 0.110648 0.330716 0.937221
v 76.5413 -112.96 -30.8356
vn 0.0277179 0.306235 0.951552
v 76.6279 -113.021 -30.8258
vn 0.321062 0.00490218 0.947046
v 76.536 -113.017 -30.8203
vn -0.119968 0.103876 0.987328
v 76.5932 -113.325 -31.3958
vn 0.97085 -0.107169 0.214395
v 76.5849 -113.377 -31.4949
vn 0.963549 -0.16988 -0.206676
v 76.6009 -112.788 -31.3508
vn 0.987123 0.0553893 -0.150069
v 76.6077 -112.708 -31.259
vn 0.986562 0.102657 -0.127113
v 76.6151 -112.684 -31.163
vn 0.995275 0.0609328 -0.0755981
v 76.6235 -112.71 -31.0366
vn 0.99521 0.0955404 -0.0207247
v 76.6338 -113.025 -30.8339
vn 0.984259 -0.107008 0.140656
v 76.6248 -113.094 -30.9584
vn 0.960438 -0.26632 -0.0814379
v 76.622 -113.021 -31.028
vn 0.986896 -0.0848646 -0.137239
v 76.6305 -112.82 -30.9232
vn 0.998551 0.0525089 0.0117767
v 76.6132 -112.983 -31.1555
vn 0.992952 -0.0947175 -0.0712442
v 76.6037 -113.034 -31.2828
vn 0.997124 -0.0744197 -0.0143607
v 76.5937 -112.94 -31.4349
vn 0.984964 0.0265965 -0.170703
v 76.5974 -113.137 -31.3594
vn 0.999326 -0.0365316 -0.00356941
v 76.5884 -113.148 -31.4833
vn 0.984023 0.00340281 -0.178008
v 76.5191 -113.088 -30.9533
vn -0.976795 -0.210212 0.0410254
v 76.5302 -113.025 -30.8267
vn -0.944459 -0.103395 0.31194
v 76.5267 -112.886 -30.8761
vn -0.989562 0.0420972 0.137824
v 76.5115 -112.989 -31.0749
vn -0.996192 -0.0745468 0.045222
v 76.5166 -112.704 -31.044
vn -0.991355 0.0864797 0.0986786
v 76.5101 -112.682 -31.1439
vn -0.991016 0.114219 0.0695768
v 76.5014 -112.998 -31.2213
vn -0.993524 -0.0556947 0.0990375
v 76.5025 -112.707 -31.2516
vn -0.992011 0.12562 0.0115855
v 76.4962 -112.769 -31.3277
vn -0.998094 0.0584219 0.019901
v 76.4849 -113.046 -31.4614
vn -0.999411 0.0321311 -0.0120195
v 76.4908 -113.131 -31.3527
vn -0.991572 -0.0247974 0.127159
v 76.4816 -113.202 -31.4815
vn -0.999843 0.0162173 -0.00717907
v 76.4876 -113.327 -31.3879
vn -0.915151 -0.165901 0.36739
v 76.4808 -113.377 -31.4866
vn -0.989106 -0.147024 -0.00727001
v 76.5825 -113.321 -31.3824
vn 0.176547 -0.232864 0.95635
v 76.4975 -113.32 -31.3773
vn -0.19418 -0.259118 0.946125
v 76.5714 -113.389 -31.5017
vn 0.0231649 -0.622594 -0.782202
v 76.4864 -113.383 -31.4952
vn -0.419655 -0.267249 -0.867449
v 76.4831 -113.287 -31.494
vn -0.894389 0.0339746 -0.445999
v 76.617 -113.044 -31.0142
vn 0.464002 -0.629971 -0.622767
v 76.5199 -113.022 -31.0338
vn -0.567486 -0.698611 -0.435779
v 76.614 -113.011 -31.0607
vn 0.433137 -0.804938 -0.405544
v 76.5169 -113 -31.079
vn -0.51966 -0.815124 -0.255982
v 76.6105 -112.994 -31.1139
vn 0.475408 -0.858074 -0.194156
v 76.5121 -112.99 -31.1484
vn -0.548236 -0.834858 0.0494977
v 76.6093 -112.99 -31.1629
vn 0.526455 -0.846854 0.0753915
v 76.6019 -113.009 -31.2349
vn 0.480399 -0.821852 0.30623
v 76.5074 -113.003 -31.2144
vn -0.503847 -0.79701 0.333038
v 76.5994 -113.028 -31.2667
vn 0.588297 -0.680009 0.4376
v 76.5045 -113.023 -31.2541
vn -0.527193 -0.673848 0.517685
v 76.5964 -113.065 -31.306
vn 0.561608 -0.565403 0.604083
v 76.501 -113.064 -31.2994
vn -0.474765 -0.540392 0.694676
v 76.5937 -113.111 -31.3388
vn 0.544789 -0.419395 0.726163
v 76.4973 -113.134 -31.3435
vn -0.474872 -0.334753 0.813902
v 76.5918 -113.161 -31.3601
vn 0.558874 -0.283042 0.779453
v 76.5901 -113.229 -31.3762
vn 0.574208 -0.144971 0.805772
v 76.4951 -113.207 -31.3662
vn -0.448116 -0.175599 0.87656
v 76.5909 -113.317 -31.3854
vn 0.569844 -0.0427477 0.82064
v 76.4939 -113.269 -31.3755
vn -0.459569 -0.0462897 0.886935
v 76.5866 -113.317 -31.3824
vn -0.205252 0 -0.978709
v 76.5909 -113.317 -31.3854
vn -0.572631 0 -0.819813
v 76.5866 -113.317 -31.3824
vn -0.572631 0 -0.819813
v 76.4957 -113.316 -31.376
vn 0.0631305 0 -0.998005
v 76.491 -113.316 -31.3784
vn 0.455003 0 -0.89049
v 76.4957 -113.316 -31.376
vn 0.455003 0 -0.89049
v 76.5812 -113.244 -31.501
vn 0.460018 0.032227 -0.887324
v 76.4883 -113.151 -31.4853
vn -0.583871 0.11571 -0.803558
v 76.5808 -113.121 -31.4892
vn 0.457332 0.109392 -0.882542
v 76.5858 -113.011 -31.4649
vn 0.461119 0.215192 -0.86085
v 76.4912 -112.975 -31.4491
vn -0.561681 0.260338 -0.785327
v 76.59 -112.883 -31.4208
vn 0.455695 0.331443 -0.826128
v 76.4945 -112.882 -31.4142
vn -0.547769 0.375038 -0.747861
v 76.5924 -112.83 -31.3921
vn 0.446547 0.452977 -0.771627
v 76.4971 -112.829 -31.3854
vn -0.545657 0.460635 -0.700053
v 76.5951 -112.783 -31.3595
vn 0.475789 0.534289 -0.698685
v 76.4997 -112.782 -31.3528
vn -0.566496 0.542981 -0.619882
v 76.598 -112.744 -31.323
vn 0.472802 0.635661 -0.610241
v 76.5026 -112.744 -31.3163
vn -0.549073 0.641252 -0.536017
v 76.6011 -112.714 -31.283
vn 0.466602 0.731779 -0.496772
v 76.5056 -112.713 -31.2764
vn -0.535485 0.7293 -0.425883
v 76.6043 -112.692 -31.2395
vn 0.53376 0.770309 -0.34889
v 76.5089 -112.691 -31.2329
vn -0.558612 0.783166 -0.273138
v 76.6077 -112.678 -31.1926
vn 0.530391 0.825374 -0.1935
v 76.5123 -112.677 -31.1859
vn -0.483212 0.866797 -0.123163
v 76.6113 -112.673 -31.1424
vn 0.465338 0.883389 -0.0555399
v 76.5192 -112.672 -31.1197
vn -0.513606 0.849957 0.117399
v 76.6145 -112.679 -31.0947
vn 0.513404 0.846364 0.141716
v 76.5222 -112.693 -31.0422
vn -0.425949 0.818867 0.38474
v 76.6182 -112.696 -31.0412
vn 0.545699 0.758692 0.355808
v 76.5259 -112.727 -30.9845
vn -0.513286 0.663104 0.544822
v 76.6214 -112.727 -30.9908
vn 0.5373 0.681314 0.497112
v 76.6238 -112.765 -30.9511
vn 0.577007 0.567911 0.586975
v 76.5305 -112.782 -30.9287
vn -0.492084 0.526916 0.692974
v 76.6245 -112.828 -30.9021
vn 0.59875 0.44924 0.663085
v 76.6283 -112.889 -30.8725
vn 0.579529 0.304681 0.755854
v 76.5324 -112.867 -30.8755
vn -0.450908 0.392647 0.801567
v 76.5341 -112.954 -30.8391
vn -0.462616 0.277099 0.842142
v 76.5942 -113.248 -31.3857
vn 0.88992 -0.0580763 0.452405
v 76.5961 -113.168 -31.3688
vn 0.892312 -0.137176 0.430073
v 76.5961 -113.118 -31.3447
vn 0.887428 -0.241754 0.392462
v 76.6007 -113.059 -31.3071
vn 0.889108 -0.336627 0.310112
v 76.6056 -113.011 -31.251
vn 0.852889 -0.471892 0.223378
v 76.6098 -112.99 -31.1941
vn 0.875361 -0.477885 0.0732765
v 76.6118 -112.987 -31.1466
vn 0.841291 -0.538872 -0.0429638
v 76.6166 -112.991 -31.0965
vn 0.857015 -0.489878 -0.159828
v 76.6183 -113.013 -31.05
vn 0.846798 -0.454474 -0.276383
v 76.6216 -113.042 -31.0099
vn 0.833305 -0.381394 -0.400177
v 76.6329 -112.957 -30.8494
vn 0.885035 0.16051 0.436978
v 76.6311 -112.869 -30.8856
vn 0.887586 0.225887 0.401455
v 76.6275 -112.796 -30.9277
vn 0.883834 0.294739 0.363271
v 76.6244 -112.74 -30.9784
vn 0.886545 0.357401 0.293772
v 76.6221 -112.703 -31.0357
vn 0.880343 0.442759 0.17018
v 76.6186 -112.683 -31.0878
vn 0.847796 0.526005 0.067533
v 76.6148 -112.677 -31.1425
vn 0.868851 0.492684 -0.0485862
v 76.6114 -112.681 -31.1921
vn 0.843452 0.51266 -0.160522
v 76.6079 -112.695 -31.2385
vn 0.842742 0.475105 -0.253102
v 76.6048 -112.717 -31.2814
vn 0.851758 0.412059 -0.323598
v 76.6018 -112.747 -31.3209
vn 0.850929 0.354571 -0.387556
v 76.5989 -112.785 -31.357
vn 0.833896 0.31443 -0.453597
v 76.5962 -112.831 -31.3893
vn 0.821519 0.246138 -0.514318
v 76.5911 -112.913 -31.4321
vn 0.826767 0.164567 -0.537935
v 76.5872 -113.046 -31.4729
vn 0.826999 0.0857589 -0.555624
v 76.5842 -113.203 -31.4963
vn 0.820781 0.0224856 -0.5708
v 76.4856 -113.121 -31.4799
vn -0.885894 0.103198 -0.452263
v 76.4899 -112.937 -31.4322
vn -0.894511 0.187126 -0.405998
v 76.4907 -112.873 -31.4005
vn -0.996325 0.0709607 -0.0479784
v 76.4937 -112.83 -31.3821
vn -0.876921 0.285403 -0.386722
v 76.4963 -112.785 -31.3498
vn -0.884922 0.327943 -0.330705
v 76.4991 -112.747 -31.3137
vn -0.872503 0.394509 -0.288272
v 76.5022 -112.716 -31.2742
vn -0.872167 0.439627 -0.214601
v 76.5054 -112.694 -31.2313
vn -0.866 0.483295 -0.128332
v 76.5088 -112.681 -31.185
vn -0.870417 0.4913 -0.0315919
v 76.5128 -112.677 -31.1276
vn -0.833726 0.548109 0.0669161
v 76.5174 -112.686 -31.0692
vn -0.849123 0.485684 0.207607
v 76.5211 -112.738 -30.981
vn -0.980898 0.0995918 0.167095
v 76.5213 -112.72 -31
vn -0.824157 0.440094 0.356486
v 76.5238 -112.752 -30.9594
vn -0.819314 0.38351 0.426198
v 76.5261 -112.796 -30.9223
vn -0.816811 0.321852 0.478782
v 76.5286 -112.868 -30.8784
vn -0.821724 0.239095 0.517304
v 76.5303 -112.956 -30.8422
vn -0.825516 0.169895 0.5382
v 76.5177 -113.049 -30.9925
vn -0.880581 -0.35632 -0.312432
v 76.5158 -113.012 -31.0428
vn -0.88046 -0.434544 -0.189637
v 76.5128 -112.993 -31.0878
vn -0.872311 -0.486621 -0.0476786
v 76.5081 -112.987 -31.156
vn -0.84181 -0.531862 0.0920811
v 76.5024 -113.004 -31.226
vn -0.847546 -0.461832 0.261489
v 76.4994 -113.033 -31.2742
vn -0.839232 -0.387606 0.38138
v 76.4965 -113.073 -31.3123
vn -0.840175 -0.29459 0.455326
v 76.4941 -113.116 -31.3393
vn -0.828857 -0.220948 0.513983
v 76.4923 -113.168 -31.3594
vn -0.819827 -0.14813 0.553119
v 76.5978 -113.643 -31.1585
vn 0.0520432 0.997805 0.0409536
v 76.5111 -113.642 -31.114
vn -0.0613826 0.994815 -0.0810837
v 76.6052 -113.632 -31.0775
vn 0.0336046 0.931948 -0.361032
v 76.5156 -113.621 -31.0514
vn -0.0727685 0.883045 -0.463613
v 76.6059 -113.603 -31.0262
vn 0.0327262 0.733593 -0.678801
v 76.5198 -113.582 -30.9971
vn -0.0944115 0.680741 -0.726414
v 76.6139 -113.531 -30.9648
vn 0.0066803 0.43566 -0.900087
v 76.523 -113.53 -30.9585
vn -0.0993241 0.503822 -0.858078
v 76.5266 -113.426 -30.9202
vn -0.135036 0.268302 -0.953824
v 76.6175 -113.427 -30.9267
vn -0.0204602 0.225474 -0.974034
v 76.6174 -113.335 -30.9167
vn -0.00517466 0.0279157 -0.999597
v 76.5296 -113.337 -30.9105
vn -0.128594 0.0335881 -0.991128
v 76.6163 -113.263 -30.9188
vn 0.00396461 -0.0925448 -0.995701
v 76.5286 -113.262 -30.9123
vn -0.144319 -0.0980584 -0.984661
v 76.6179 -113.268 -30.9182
vn -0.00347534 0.114469 0.993421
v 76.5316 -113.267 -30.9125
vn 0.145607 0.104046 0.983856
v 76.6256 -113.2 -30.8073
vn 0.221292 0.903432 -0.367206
v 76.62 -113.252 -30.9071
vn 0.346194 0.757529 -0.553443
v 76.5347 -113.254 -30.9049
vn -0.104875 0.77259 -0.626183
v 76.5367 -113.2 -30.8036
vn -0.260847 0.947317 -0.185872
v 76.6254 -113.204 -30.7966
vn -0.144849 -0.0634119 -0.98742
v 76.5391 -113.204 -30.7909
vn 0.00901811 -0.0796116 -0.996785
v 76.5376 -113.201 -30.7912
vn 0.0331071 0.063272 0.997447
v 76.6285 -113.201 -30.7975
vn 0.174766 0.0506784 0.983305
v 76.5824 -113.31 -30.7894
vn 0.0697323 0.0042204 0.997557
v 76.624 -113.378 -30.7948
vn 0.145852 -0.0456631 0.988252
v 76.5393 -113.377 -30.7889
vn -0.00680061 -0.047733 0.998837
v 76.6201 -113.523 -30.8094
vn 0.112563 -0.15711 0.981145
v 76.5338 -113.522 -30.804
vn -0.00463654 -0.16161 0.986844
v 76.6195 -113.617 -30.8292
vn 0.154397 -0.254079 0.95478
v 76.5301 -113.667 -30.8387
vn -0.00386919 -0.313963 0.949427
v 76.6173 -113.73 -30.8686
vn 0.139647 -0.400614 0.905543
v 76.5271 -113.786 -30.8903
vn -0.0212718 -0.492604 0.869993
v 76.6123 -113.836 -30.9279
vn 0.128738 -0.592742 0.795037
v 76.5232 -113.877 -30.9566
vn -0.042464 -0.692327 0.720334
v 76.6065 -113.911 -31.0007
vn 0.0995352 -0.796814 0.59597
v 76.5172 -113.937 -31.0353
vn -0.0631318 -0.885518 0.460295
v 76.6035 -113.948 -31.0627
vn 0.0607962 -0.925853 0.372961
v 76.5971 -113.961 -31.1068
vn 0.0897253 -0.990886 0.100474
v 76.5107 -113.963 -31.1242
vn -0.0828025 -0.989993 0.114273
v 76.5889 -113.961 -31.2016
vn 0.0232763 -0.981128 -0.191954
v 76.5067 -113.958 -31.2046
vn -0.0728675 -0.966569 -0.245834
v 76.59 -113.943 -31.2562
vn 0.00820058 -0.908814 -0.41712
v 76.499 -113.942 -31.2498
vn -0.124461 -0.88908 -0.440507
v 76.5424 -113.926 -31.2851
vn -0.0465346 -0.836616 -0.54581
v 76.586 -113.903 -31.3179
vn 0.0470692 -0.791545 -0.609295
v 76.4942 -113.889 -31.3257
vn -0.0975063 -0.723368 -0.683543
v 76.5804 -113.86 -31.3597
vn -0.0163837 -0.660373 -0.750759
v 76.4924 -113.82 -31.3819
vn -0.124786 -0.550845 -0.825226
v 76.5781 -113.807 -31.3975
vn 0.0358203 -0.51917 -0.85392
v 76.5762 -113.732 -31.4351
vn -0.0263936 -0.416212 -0.908884
v 76.491 -113.708 -31.4387
vn -0.148721 -0.35263 -0.923869
v 76.5748 -113.645 -31.4655
vn -0.0293728 -0.278374 -0.960023
v 76.4916 -113.644 -31.4598
vn -0.116082 -0.26725 -0.95661
v 76.5774 -113.574 -31.4822
vn 0.242264 0.0137254 -0.970113
v 76.4853 -113.573 -31.4751
vn -0.297877 -0.0810601 -0.951156
v 76.5844 -113.496 -31.3623
vn 0.214547 0.927335 -0.306627
v 76.5754 -113.556 -31.4757
vn 0.168016 0.739695 -0.651631
v 76.4894 -113.555 -31.4679
vn -0.268599 0.752923 -0.600801
v 76.4958 -113.496 -31.3584
vn -0.251115 0.94645 -0.202915
v 76.5853 -113.5 -31.3495
vn 0.346088 0.556469 0.755358
v 76.5017 -113.496 -31.3453
vn -0.107315 0.597805 0.794426
v 76.5888 -113.551 -31.3217
vn 0.0866339 0.589848 0.802853
v 76.5004 -113.597 -31.2732
vn -0.000372526 0.751254 0.660013
v 76.5913 -113.598 -31.28
vn 0.107446 0.803347 0.585738
v 76.5946 -113.63 -31.2295
vn 0.0706659 0.931708 0.356267
v 76.5055 -113.637 -31.1946
vn -0.0283322 0.965953 0.257163
v 76.5841 -113.57 -31.4772
vn 0.953604 0.0756019 -0.291418
v 76.5928 -113.502 -31.3605
vn 0.982014 0.168397 -0.0853827
v 76.6278 -113.264 -30.9087
vn 0.988968 -0.0127585 -0.147581
v 76.6352 -113.202 -30.8052
vn 0.997838 -0.00176908 0.0656944
v 76.6348 -113.218 -30.8069
vn 0.998385 0.0566918 0.00361479
v 76.6351 -113.212 -30.8044
vn -0.99879 0.00981325 0.0481949
v 76.6352 -113.202 -30.8052
vn -0.998269 -0.00257993 -0.0587512
v 76.6281 -113.263 -30.9059
vn 0.925287 0.162766 -0.342565
v 76.6353 -113.255 -30.8085
vn 0.998274 -0.0090673 -0.0580303
v 76.6313 -113.519 -30.8203
vn 0.998843 -0.028134 0.0390006
v 76.6264 -113.429 -30.9157
vn 0.987199 0.016957 -0.158591
v 76.6231 -113.779 -30.9052
vn 0.997957 -0.0611745 0.0184184
v 76.6194 -113.58 -30.9892
vn 0.990525 0.057726 -0.124611
v 76.614 -113.912 -31.022
vn 0.995119 -0.0981393 -0.0103602
v 76.609 -113.658 -31.1351
vn 0.992751 0.0936699 -0.0753138
v 76.6051 -113.956 -31.1402
vn 0.994572 -0.0829546 -0.0628126
v 76.6 -113.624 -31.2675
vn 0.999044 0.0346449 -0.0266472
v 76.597 -113.926 -31.2639
vn 0.986822 -0.111268 -0.117483
v 76.5884 -113.753 -31.4119
vn 0.989469 -0.0422904 -0.138432
v 76.4861 -113.857 -31.3393
vn -0.998085 -0.0611792 -0.0091672
v 76.4916 -113.929 -31.2537
vn -0.994398 -0.105163 0.0106656
v 76.4979 -113.953 -31.1555
vn -0.995941 -0.0639825 0.0633089
v 76.5154 -113.83 -30.927
vn -0.987757 -0.0612831 0.14346
v 76.5204 -113.726 -30.8686
vn -0.989367 -0.026532 0.143
v 76.5289 -113.208 -30.802
vn 0.989727 -0.0159488 -0.142077
v 76.5215 -113.265 -30.8978
vn 0.997673 -0.012777 -0.0669677
v 76.5289 -113.206 -30.8022
vn -0.995535 0.00917843 0.0939451
v 76.5217 -113.263 -30.9012
vn -0.999937 0.00914163 -0.00647961
v 76.5249 -113.577 -30.8224
vn -0.99004 -0.00778025 0.140571
v 76.516 -113.536 -30.949
vn -0.999379 0.0341373 0.00868963
v 76.5091 -113.62 -31.0339
vn -0.996989 0.0697436 0.0338793
v 76.5 -113.657 -31.1549
vn -0.992074 0.0966376 0.0803101
v 76.4913 -113.587 -31.2949
vn -0.991321 0.0586806 0.117638
v 76.4819 -113.74 -31.4166
vn -0.999809 -0.0181018 0.00739052
v 76.4889 -113.503 -31.3531
vn -0.932549 0.332837 0.139902
v 76.4806 -113.565 -31.4678
vn -0.976026 0.126222 -0.177314
v 76.6171 -113.268 -30.9173
vn 0.129272 0.159692 -0.978666
v 76.524 -113.264 -30.9045
vn -0.796808 0.281276 -0.534772
v 76.6234 -113.198 -30.8021
vn 0.225936 0.968064 0.108654
v 76.6248 -113.205 -30.7973
vn 0.188891 0.225012 0.955871
v 76.6222 -113.199 -30.7984
vn 0.13941 0.677377 0.722306
v 76.5419 -113.2 -30.792
vn -0.126309 0.387413 0.913213
v 76.6332 -113.206 -30.8087
vn 0.943078 0.331309 0.028967
v 76.5944 -113.556 -31.3242
vn 0.887666 0.294255 0.354208
v 76.5311 -113.208 -30.7995
vn -0.944819 0.289662 0.153011
v 76.6065 -113.646 -31.1203
vn 0.533014 0.813596 -0.232288
v 76.5078 -113.645 -31.129
vn -0.494833 0.86824 -0.0360429
v 76.5115 -113.635 -31.0775
vn -0.546666 0.796227 -0.259189
v 76.6104 -113.612 -31.0381
vn 0.453003 0.727659 -0.515074
v 76.5155 -113.596 -31.0099
vn -0.580801 0.646029 -0.495295
v 76.6154 -113.585 -31.0019
vn 0.479255 0.575414 -0.662732
v 76.5201 -113.545 -30.9662
vn -0.582736 0.468099 -0.664306
v 76.6162 -113.532 -30.9638
vn 0.47103 0.423011 -0.774075
v 76.5239 -113.482 -30.9358
vn -0.573538 0.295662 -0.763962
v 76.6182 -113.485 -30.941
vn 0.467986 0.290632 -0.834579
v 76.6198 -113.428 -30.9255
vn 0.462649 0.17232 -0.869633
v 76.5238 -113.401 -30.914
vn -0.573876 0.13304 -0.808063
v 76.6212 -113.353 -30.9157
vn 0.448112 0.0286348 -0.893519
v 76.5265 -113.262 -30.9108
vn -0.573382 -0.0349718 -0.818541
v 76.6218 -113.263 -30.9174
vn 0.454551 -0.0730238 -0.887722
v 76.6218 -113.272 -30.9165
vn -0.442085 0.0916789 0.892276
v 76.6218 -113.263 -30.9174
vn -0.450236 0.096101 0.887723
v 76.5265 -113.262 -30.9108
vn 0.581872 0.0815989 0.809177
v 76.5264 -113.271 -30.9099
vn 0.58029 0.0829381 0.810176
v 76.6306 -113.201 -30.799
vn -0.575105 -0.0641472 -0.815561
v 76.6306 -113.208 -30.7985
vn -0.560634 -0.0531439 -0.826356
v 76.5352 -113.208 -30.7918
vn 0.442264 -0.0778023 -0.893504
v 76.5352 -113.201 -30.7924
vn 0.43958 -0.0803707 -0.894601
v 76.6306 -113.201 -30.799
vn 0.576545 0.0463248 0.815751
v 76.5352 -113.201 -30.7924
vn -0.451033 0.0330877 0.891894
v 76.6274 -113.355 -30.7948
vn 0.573132 -0.0129992 0.81936
v 76.5335 -113.398 -30.7923
vn -0.452588 -0.0478659 0.890434
v 76.6277 -113.482 -30.8067
vn 0.567918 -0.114924 0.815022
v 76.5307 -113.559 -30.8127
vn -0.450404 -0.166589 0.877145
v 76.6243 -113.632 -30.8368
vn 0.538941 -0.245245 0.805852
v 76.529 -113.667 -30.8393
vn -0.467784 -0.269876 0.841632
v 76.6199 -113.76 -30.8833
vn 0.541798 -0.359693 0.759655
v 76.5245 -113.759 -30.8765
vn -0.460938 -0.379323 0.802278
v 76.6173 -113.812 -30.9129
vn 0.586065 -0.460781 0.66649
v 76.5219 -113.811 -30.9062
vn -0.491664 -0.45187 0.744365
v 76.6147 -113.857 -30.9459
vn 0.577575 -0.546377 0.606531
v 76.5192 -113.856 -30.9393
vn -0.495671 -0.537563 0.682156
v 76.6118 -113.895 -30.9822
vn 0.548933 -0.642283 0.534926
v 76.5163 -113.894 -30.9756
vn -0.475575 -0.635297 0.608462
v 76.6088 -113.925 -31.0215
vn 0.533696 -0.730893 0.425398
v 76.5134 -113.924 -31.0148
vn -0.478962 -0.724737 0.49533
v 76.6057 -113.946 -31.0633
vn 0.577248 -0.772212 0.265469
v 76.5103 -113.945 -31.0566
vn -0.540339 -0.76609 0.348051
v 76.6024 -113.959 -31.1075
vn 0.547549 -0.828351 0.118425
v 76.507 -113.958 -31.1009
vn -0.551338 -0.809884 0.200283
v 76.5992 -113.964 -31.1539
vn 0.461265 -0.887226 -0.00799321
v 76.5037 -113.963 -31.1473
vn -0.554627 -0.830051 0.0583433
v 76.5956 -113.958 -31.2058
vn 0.487438 -0.844954 -0.220128
v 76.5002 -113.957 -31.1993
vn -0.526428 -0.836136 -0.154109
v 76.5912 -113.933 -31.2715
vn 0.498077 -0.743987 -0.445423
v 76.4963 -113.936 -31.2569
vn -0.563287 -0.751565 -0.343305
v 76.4929 -113.9 -31.31
vn -0.548396 -0.656604 -0.517816
v 76.5879 -113.895 -31.3242
vn 0.440424 -0.634988 -0.634678
v 76.4896 -113.841 -31.3647
vn -0.577828 -0.504872 -0.641264
v 76.5843 -113.825 -31.3842
vn 0.458401 -0.484181 -0.745276
v 76.4869 -113.765 -31.4122
vn -0.585003 -0.388896 -0.71171
v 76.5819 -113.743 -31.4289
vn 0.45177 -0.355961 -0.818044
v 76.4855 -113.695 -31.441
vn -0.565457 -0.265852 -0.780757
v 76.5803 -113.644 -31.4641
vn 0.46939 -0.236189 -0.850816
v 76.5906 -113.542 -31.3288
vn 0.598344 0.436941 0.671615
v 76.4956 -113.55 -31.3159
vn -0.472463 0.485283 0.735717
v 76.5925 -113.583 -31.2977
vn 0.545962 0.581413 0.603228
v 76.498 -113.596 -31.276
vn -0.475429 0.647438 0.595644
v 76.5945 -113.612 -31.265
vn 0.52179 0.715909 0.463907
v 76.5008 -113.626 -31.2325
vn -0.462827 0.783947 0.413785
v 76.5967 -113.631 -31.2302
vn 0.53481 0.801014 0.268991
v 76.5041 -113.642 -31.1827
vn -0.406692 0.892171 0.196554
v 76.6 -113.644 -31.182
vn 0.571311 0.816566 0.0826087
v 76.5826 -113.644 -31.463
vn 0.812904 -0.157681 -0.560646
v 76.5857 -113.742 -31.4258
vn 0.814896 -0.220757 -0.53592
v 76.5907 -113.846 -31.3606
vn 0.981095 -0.092392 -0.170046
v 76.5866 -113.824 -31.3832
vn 0.823911 -0.307783 -0.475857
v 76.5897 -113.888 -31.3305
vn 0.844886 -0.381652 -0.374845
v 76.5955 -113.939 -31.2506
vn 0.848051 -0.463625 -0.256635
v 76.6022 -113.96 -31.1628
vn 0.853237 -0.513429 -0.0915244
v 76.606 -113.956 -31.1085
vn 0.852119 -0.521665 0.041937
v 76.6092 -113.943 -31.0649
vn 0.860853 -0.491132 0.133125
v 76.6123 -113.922 -31.0237
vn 0.875918 -0.43558 0.207453
v 76.6152 -113.892 -30.9849
vn 0.871641 -0.395074 0.290102
v 76.6187 -113.844 -30.9408
vn 0.877894 -0.328668 0.348252
v 76.6208 -113.785 -30.8994
vn 0.882221 -0.241139 0.404397
v 76.6272 -113.623 -30.8371
vn 0.898675 -0.133025 0.417957
v 76.6318 -113.387 -30.8012
vn 0.896043 -0.0316686 0.442836
v 76.634 -113.202 -30.8029
vn 0.891634 0.0225278 0.452196
v 76.6339 -113.21 -30.8021
vn -0.896659 -0.034542 -0.441372
v 76.634 -113.202 -30.8029
vn -0.891972 -0.02966 -0.451117
v 76.6285 -113.264 -30.9056
vn -0.978566 0.0213446 0.204826
v 76.6272 -113.265 -30.9116
vn -0.978916 0.0226295 0.203008
v 76.6257 -113.262 -30.9142
vn -0.82057 0.0586476 0.568529
v 76.6257 -113.27 -30.9133
vn -0.824346 0.0621182 0.562668
v 76.6257 -113.262 -30.9142
vn 0.820876 -0.0527604 -0.568665
v 76.6251 -113.342 -30.912
vn 0.821826 0.01124 -0.569628
v 76.624 -113.443 -30.9251
vn 0.820862 0.113402 -0.559755
v 76.6199 -113.54 -30.9658
vn 0.829972 0.26068 -0.493145
v 76.6149 -113.611 -31.0303
vn 0.834255 0.41433 -0.363799
v 76.6095 -113.643 -31.0977
vn 0.84045 0.501871 -0.204377
v 76.6063 -113.651 -31.1514
vn 0.86466 0.498416 -0.0628009
v 76.6015 -113.64 -31.2127
vn 0.856257 0.506912 0.0993132
v 76.5981 -113.604 -31.2851
vn 0.877515 0.422617 0.226634
v 76.4907 -113.562 -31.3136
vn -0.819939 0.305799 0.483928
v 76.4939 -113.616 -31.2613
vn -0.836143 0.394181 0.381426
v 76.4962 -113.635 -31.2255
vn -0.820788 0.490708 0.292425
v 76.5004 -113.645 -31.183
vn -0.865657 0.475092 0.157877
v 76.5042 -113.648 -31.1284
vn -0.857216 0.514701 0.0162093
v 76.508 -113.638 -31.0762
vn -0.850249 0.51473 -0.110135
v 76.5092 -113.625 -31.0406
vn -0.848826 0.476857 -0.228258
v 76.5143 -113.585 -30.9932
vn -0.870631 0.378907 -0.313736
v 76.5175 -113.533 -30.9538
vn -0.881068 0.266846 -0.390529
v 76.5189 -113.466 -30.9228
vn -0.880633 0.178002 -0.439091
v 76.5213 -113.417 -30.9129
vn -0.894245 0.100688 -0.436105
v 76.5226 -113.341 -30.9048
vn -0.89211 0.02491 -0.451132
v 76.5231 -113.261 -30.9069
vn -0.89055 -0.0345773 -0.453569
v 76.5215 -113.263 -30.8981
vn 0.998065 0.00618801 0.0618703
v 76.5219 -113.264 -30.9043
vn 0.998065 0.00618981 0.0618713
v 76.5231 -113.269 -30.9061
vn 0.889414 0.0455186 0.45483
v 76.5231 -113.261 -30.9069
vn 0.889419 0.0455109 0.454822
v 76.5314 -113.201 -30.7957
vn 0.820031 -0.0479385 -0.570307
v 76.5314 -113.209 -30.795
vn 0.821374 -0.0461151 -0.568523
v 76.5314 -113.201 -30.7957
vn -0.821914 0.0263612 0.569002
v 76.5288 -113.354 -30.7951
vn -0.978233 0.004267 0.207467
v 76.5322 -113.31 -30.7895
vn -0.822923 -0.00287473 0.568145
v 76.5307 -113.441 -30.7961
vn -0.820411 -0.058166 0.568808
v 76.5275 -113.597 -30.8214
vn -0.817826 -0.125574 0.561598
v 76.5219 -113.727 -30.8667
vn -0.822637 -0.200368 0.532091
v 76.5182 -113.809 -30.9089
vn -0.814436 -0.281646 0.507315
v 76.5154 -113.854 -30.9418
vn -0.800893 -0.351762 0.484597
v 76.5126 -113.891 -30.9777
vn -0.817409 -0.395981 0.418379
v 76.5044 -113.941 -31.0699
vn -0.98558 -0.127722 0.11099
v 76.5097 -113.921 -31.0165
vn -0.841373 -0.425573 0.333134
v 76.5066 -113.942 -31.0577
vn -0.83646 -0.484812 0.255522
v 76.5034 -113.955 -31.1013
vn -0.841644 -0.515476 0.160997
v 76.4996 -113.959 -31.1556
vn -0.868223 -0.493518 0.0512721
v 76.498 -113.956 -31.1988
vn -0.881783 -0.464892 -0.079589
v 76.4918 -113.917 -31.2823
vn -0.889663 -0.399778 -0.220628
v 76.4867 -113.835 -31.3656
vn -0.887873 -0.292218 -0.355374
v 76.4831 -113.741 -31.4187
vn -0.881865 -0.208648 -0.422824
v 76.4815 -113.643 -31.4537
vn -0.893402 -0.13186 -0.429471
v 76.6388 -111.63 -30.8175
vn 0.253765 0.88142 0.398375
v 76.6097 -111.454 -31.2856
vn 0.0768628 0.891196 0.447058
v 76.5219 -111.454 -31.2778
vn -0.0264311 0.906075 0.422291
v 76.5499 -111.629 -30.812
vn -0.242747 0.873716 0.421538
v 76.639 -111.943 -30.8056
vn 0.299042 -0.102032 0.948769
v 76.6415 -111.648 -30.8058
vn 0.369924 0.0229013 0.92878
v 76.5526 -111.647 -30.7998
vn -0.145016 0.11678 0.982514
v 76.548 -111.943 -30.7992
vn -0.28278 -0.156486 0.946334
v 76.6003 -112.158 -31.2874
vn 0.0902774 -0.90001 0.426418
v 76.639 -111.961 -30.8181
vn 0.250003 -0.869621 0.425744
v 76.547 -111.961 -30.8116
vn -0.193237 -0.875272 0.443349
v 76.5156 -112.157 -31.2806
vn -0.0397094 -0.894238 0.445826
v 76.6326 -112.341 -30.8178
vn 0.29279 0.84295 0.451342
v 76.6001 -112.167 -31.2887
vn 0.118278 0.925286 0.360357
v 76.5121 -112.166 -31.2837
vn 0.00579064 0.921089 0.389308
v 76.5437 -112.34 -30.8116
vn -0.107606 0.830687 0.546242
v 76.6311 -112.659 -30.8052
vn 0.404233 -0.193427 0.89397
v 76.6353 -112.359 -30.8053
vn 0.255475 0.270073 0.928328
v 76.5464 -112.359 -30.7993
vn -0.16111 0.160111 0.973863
v 76.5418 -112.656 -30.7988
vn -0.165162 -0.296204 0.940736
v 76.5881 -112.356 -31.4817
vn 0.170662 -0.845493 -0.50598
v 76.6318 -112.664 -30.8173
vn 0.0880374 -0.983979 -0.155032
v 76.5471 -112.664 -30.8113
vn -0.0451414 -0.907937 -0.416669
v 76.4991 -112.356 -31.4754
vn -0.415186 -0.741407 -0.527198
v 76.5901 -112.031 -31.494
vn 0.114658 0.159529 -0.980512
v 76.5874 -112.337 -31.4939
vn 0.289846 -0.0630226 -0.954996
v 76.4964 -112.337 -31.4875
vn -0.235222 -0.115127 -0.965099
v 76.4991 -112.031 -31.4877
vn -0.254297 0.258527 -0.931932
v 76.6236 -111.813 -30.9964
vn 0.0411488 0.902858 -0.427966
v 76.5911 -112.013 -31.4816
vn 0.33812 0.839991 -0.42437
v 76.5033 -112.012 -31.4755
vn -0.23984 0.879017 -0.412076
v 76.5391 -111.81 -30.987
vn -0.119457 0.916882 -0.380863
v 76.5936 -111.631 -31.4871
vn 0.12446 -0.879075 -0.460148
v 76.6239 -111.804 -30.9941
vn 0.0598346 -0.930316 -0.361844
v 76.539 -111.803 -30.9897
vn -0.0810522 -0.935892 -0.342838
v 76.5034 -111.633 -31.4753
vn -0.3524 -0.844048 -0.404224
v 76.5963 -111.314 -31.4945
vn 0.162869 0.0575716 -0.984967
v 76.5937 -111.616 -31.4943
vn 0.254321 -0.0626643 -0.965087
v 76.5047 -111.616 -31.4876
vn -0.29541 -0.159785 -0.941914
v 76.5053 -111.313 -31.4881
vn -0.40998 0.149699 -0.899726
v 76.6467 -110.959 -30.8182
vn 0.326102 0.90227 -0.282077
v 76.5953 -111.294 -31.4824
vn 0.339957 0.725559 -0.598326
v 76.5063 -111.293 -31.4761
vn -0.217481 0.81618 -0.535306
v 76.5557 -110.958 -30.8118
vn -0.0892051 0.967876 -0.23507
v 76.645 -111.248 -30.806
vn 0.247226 -0.16423 0.954939
v 76.6475 -110.967 -30.8062
vn 0.303239 0.285612 0.909105
v 76.5565 -110.966 -30.7998
vn -0.231399 0.122449 0.965122
v 76.5541 -111.247 -30.7996
vn -0.123455 -0.291995 0.948419
v 76.6098 -111.446 -31.2875
vn 0.0527262 -0.917061 0.395246
v 76.642 -111.266 -30.8184
vn 0.415843 -0.816235 0.401042
v 76.5551 -111.265 -30.8123
vn -0.245453 -0.863781 0.440039
v 76.5219 -111.445 -31.2802
vn -0.0695655 -0.92225 0.380284
v 76.6545 -110.975 -30.8201
vn 0.991111 0.0544348 0.121389
v 76.6516 -111.255 -30.8197
vn 0.980478 -0.196559 0.00528006
v 76.6142 -111.45 -31.3365
vn 0.997549 -0.0103408 -0.0692085
v 76.6053 -111.309 -31.4816
vn 0.99724 -0.00264013 -0.074194
v 76.6026 -111.619 -31.4814
vn 0.997196 -0.0115865 -0.0739328
v 76.6142 -111.45 -31.3365
vn 0.997628 -0.00548917 -0.0686196
v 76.6385 -111.806 -30.9453
vn 0.997505 -0.00766647 -0.0701719
v 76.6478 -111.645 -30.8154
vn 0.983523 0.0519007 0.173173
v 76.6458 -111.947 -30.8164
vn 0.9999 -0.0133317 0.00480219
v 76.6079 -112.164 -31.3379
vn 0.996263 -0.0757662 -0.0414751
v 76.5991 -112.027 -31.4812
vn 0.99724 -0.00264826 -0.0741994
v 76.5957 -112.343 -31.4827
vn 0.973275 -0.0583556 -0.222104
v 76.6079 -112.164 -31.3379
vn 0.987171 0.159497 -0.00735286
v 76.6399 -112.649 -30.8191
vn 0.997423 -0.0125299 -0.070648
v 76.6421 -112.352 -30.8191
vn 0.997159 0.0633715 -0.0407147
v 76.5072 -111.449 -31.3291
vn -0.997464 0.0080231 0.0707174
v 76.5451 -111.251 -30.8125
vn -0.997233 0.00577993 0.0741157
v 76.5475 -110.974 -30.8127
vn -0.997564 0.0127698 0.0685827
v 76.499 -111.306 -31.4777
vn -0.99624 0.0729719 -0.0467082
v 76.4962 -111.618 -31.4777
vn -0.989879 -0.047974 -0.13356
v 76.5314 -111.806 -30.9378
vn -0.997589 0.00671471 0.0690744
v 76.5417 -111.643 -30.8123
vn -0.99716 0.0145381 0.0739004
v 76.5397 -111.946 -30.809
vn -0.965559 0.00551012 0.260128
v 76.5314 -111.806 -30.9378
vn -0.997589 0.0125574 0.0682576
v 76.5009 -112.163 -31.3305
vn -0.989687 0.0844398 0.115714
v 76.4925 -112.023 -31.4739
vn -0.996064 0.0801507 0.0378484
v 76.4897 -112.345 -31.4738
vn -0.987468 -0.141856 -0.0691638
v 76.5329 -112.648 -30.8116
vn -0.997482 0.00695318 0.0705731
v 76.5365 -112.355 -30.8082
vn -0.959826 0.0633466 0.273352
v 76.6096 -111.453 -31.2875
vn 0.707555 0.630535 0.319048
v 76.6142 -111.453 -31.3045
vn 0.929321 0.353955 0.105253
v 76.6049 -111.451 -31.2881
vn 0.135927 0.639073 0.75704
v 76.6143 -111.447 -31.3045
vn 0.957131 -0.273185 0.0962818
v 76.5954 -111.637 -30.8045
vn 0.0925478 0.572532 0.814642
v 76.5249 -111.45 -31.2822
vn 0.0378573 0.647897 0.760786
v 76.5182 -111.45 -31.2839
vn -0.194204 0.621053 0.759328
v 76.5185 -111.452 -31.2811
vn -0.754489 0.457739 0.470342
v 76.5107 -111.451 -31.3014
vn -0.922038 0.312711 0.22816
v 76.5117 -111.446 -31.2973
vn -0.922716 -0.170729 0.345611
v 76.644 -111.952 -30.8149
vn 0.864964 -0.291676 0.408366
v 76.5969 -112.162 -31.2904
vn 0.0770562 -0.619904 0.780885
v 76.6033 -112.162 -31.2929
vn 0.373563 -0.466434 0.801804
v 76.6052 -112.158 -31.2934
vn 0.564957 -0.76622 0.306153
v 76.6069 -112.167 -31.299
vn 0.837946 0.463299 0.288445
v 76.6033 -112.162 -31.2929
vn 0.878046 -0.197683 0.435841
v 76.5098 -112.158 -31.2867
vn -0.734529 -0.501228 0.457425
v 76.5151 -112.161 -31.2853
vn -0.0259249 -0.621909 0.78266
v 76.5413 -111.956 -30.811
vn -0.872232 -0.380078 0.307817
v 76.5985 -112.165 -31.2907
vn 0.149034 0.500082 0.853057
v 76.6033 -112.165 -31.2928
vn 0.879991 0.198379 0.43158
v 76.5415 -112.341 -30.8115
vn -0.490354 0.785471 0.377609
v 76.5167 -112.164 -31.285
vn -0.0256538 0.492484 0.869943
v 76.5098 -112.167 -31.2865
vn -0.515073 0.781272 0.352581
v 76.5117 -112.164 -31.2865
vn -0.816625 0.218644 0.534152
v 76.634 -112.663 -30.8176
vn 0.48617 -0.81979 -0.302628
v 76.5939 -112.351 -31.4822
vn 0.779055 -0.533703 -0.328991
v 76.4949 -112.354 -31.475
vn -0.555385 -0.768076 -0.318759
v 76.5396 -112.662 -30.8094
vn -0.443152 -0.869107 -0.219703
v 76.5972 -112.024 -31.4855
vn 0.906449 0.163015 -0.389586
v 76.4943 -112.018 -31.4756
vn -0.875779 0.339248 -0.343397
v 76.4911 -112.339 -31.482
vn -0.950421 -0.00655856 -0.310898
v 76.6225 -111.809 -30.9919
vn 0.0293543 0.600849 -0.798823
v 76.6274 -111.81 -30.9912
vn 0.739124 0.478756 -0.473802
v 76.634 -111.81 -30.977
vn 0.830636 0.425839 -0.358755
v 76.6372 -111.806 -30.957
vn 0.969344 -0.176577 -0.17086
v 76.5359 -111.811 -30.9867
vn -0.621187 0.692844 -0.366189
v 76.5307 -111.806 -30.9613
vn -0.984726 0.159385 -0.0700827
v 76.5407 -111.809 -30.9862
vn -0.146384 0.497599 -0.854966
v 76.5359 -111.808 -30.984
vn -0.881143 0.193927 -0.431253
v 76.6272 -111.804 -30.9932
vn 0.651754 -0.63754 -0.410803
v 76.6225 -111.806 -30.9919
vn 0.0214941 -0.490234 -0.871326
v 76.6276 -111.806 -30.9904
vn 0.823086 -0.209578 -0.527831
v 76.5407 -111.805 -30.9862
vn -0.15795 -0.486905 -0.859055
v 76.536 -111.803 -30.9868
vn -0.712714 -0.62551 -0.317452
v 76.5315 -111.804 -30.9699
vn -0.890706 -0.404067 -0.208263
v 76.6034 -111.306 -31.486
vn 0.909745 0.144418 -0.389241
v 76.5995 -111.295 -31.4825
vn 0.49506 0.760275 -0.420592
v 76.5535 -110.96 -30.8118
vn -0.607714 0.755258 -0.245496
v 76.5006 -111.299 -31.4758
vn -0.825134 0.516346 -0.229218
v 76.6503 -111.251 -30.8115
vn 0.92611 -0.0940734 0.365336
v 76.6462 -111.264 -30.8188
vn 0.550365 -0.792226 0.263583
v 76.6049 -111.448 -31.2881
vn 0.149002 -0.489243 0.859325
v 76.6098 -111.446 -31.2875
vn 0.709939 -0.630519 0.313739
v 76.5186 -111.445 -31.2811
vn -0.662576 -0.624829 0.413015
v 76.5232 -111.447 -31.2824
vn -0.0302363 -0.490282 0.871039
v 76.5182 -111.447 -31.2839
vn -0.81487 -0.195785 0.545578
v 76.6406 -112.353 -30.8141
vn 0.909737 0.28905 0.298042
v 76.6078 -112.16 -31.3067
vn 0.858404 -0.492801 0.14244
v 76.6472 -111.636 -30.8186
vn 0.953948 0.287001 0.0872566
v 76.6531 -110.967 -30.8193
vn 0.948046 0.273794 -0.162003
v 76.6003 -111.622 -31.486
vn 0.902973 -0.213908 -0.372671
v 76.6382 -112.656 -30.8149
vn 0.970902 -0.221638 0.0906945
v 76.5378 -112.346 -30.8115
vn -0.872031 0.412538 0.26339
v 76.5351 -112.654 -30.8072
vn -0.94172 -0.194688 0.274337
v 76.4977 -111.627 -31.4746
vn -0.908517 -0.396339 -0.13233
v 76.5497 -110.967 -30.8087
vn -0.94859 0.280962 0.145731
v 76.5473 -111.254 -30.8078
vn -0.883731 -0.201063 0.422603
v 76.5439 -111.639 -30.8085
vn -0.900947 0.225271 0.370875
v 76.5022 -112.162 -31.319
vn -0.964809 -0.209887 0.1584
v 76.5053 -112.166 -31.2994
vn -0.847657 0.476813 0.232651
v 76.6116 -111.454 -31.2908
vn 0.539349 0.799727 0.263704
v 76.5162 -111.454 -31.2841
vn -0.456398 0.823164 0.337789
v 76.6295 -111.812 -30.9901
vn 0.41843 0.82841 -0.372362
v 76.534 -111.811 -30.9834
vn -0.462406 0.831451 -0.308009
v 76.6295 -111.804 -30.9903
vn 0.427761 -0.844065 -0.323381
v 76.5341 -111.803 -30.9836
vn -0.50759 -0.823658 -0.252862
v 76.6117 -111.445 -31.2908
vn 0.540987 -0.797757 0.266303
v 76.5162 -111.444 -31.2841
vn -0.499275 -0.796167 0.341823
v 76.6312 -110.547 -31.0709
vn 0.130104 0.0353511 0.99087
v 76.6346 -110.066 -31.0713
vn 0.167106 -0.0391136 0.985163
v 76.5481 -110.066 -31.0652
vn -0.0196944 -0.037078 0.999118
v 76.544 -110.544 -31.0649
vn -0.0195698 0.0394443 0.99903
v 76.6482 -110.558 -30.8179
vn 0.239095 0.965883 0.0995173
v 76.6318 -110.557 -31.0606
vn 0.0814625 0.995854 0.0404777
v 76.5421 -110.556 -31.0546
vn -0.0378646 0.997104 0.0659569
v 76.5595 -110.557 -30.8135
vn -0.208768 0.949717 0.233353
v 76.6464 -110.85 -30.8067
vn 0.301579 -0.158074 0.940246
v 76.6509 -110.571 -30.8064
vn 0.325137 0.22944 0.917411
v 76.5616 -110.568 -30.8008
vn -0.199751 0.13034 0.971139
v 76.5575 -110.848 -30.7999
vn -0.186478 -0.266364 0.945662
v 76.5949 -110.863 -31.4809
vn 0.0611984 -0.977018 -0.204181
v 76.647 -110.861 -30.8197
vn 0.25101 -0.955123 0.157274
v 76.5627 -110.862 -30.8137
vn -0.0234713 -0.999722 0.00245021
v 76.5102 -110.861 -31.475
vn -0.279952 -0.924667 -0.258103
v 76.6008 -110.569 -31.4942
vn 0.202005 0.121838 -0.971777
v 76.6004 -110.848 -31.4948
vn 0.178791 -0.259878 -0.948945
v 76.5094 -110.848 -31.4884
vn -0.289641 -0.222791 -0.930845
v 76.5118 -110.57 -31.4886
vn -0.322526 0.241766 -0.915165
v 76.6208 -110.557 -31.2169
vn 0.0748976 0.996005 -0.0486193
v 76.6038 -110.558 -31.4815
vn 0.220986 0.94978 -0.221548
v 76.5144 -110.557 -31.4771
vn -0.22897 0.967152 -0.110408
v 76.5328 -110.556 -31.2108
vn -0.106145 0.993678 -0.0365638
v 76.625 -110.066 -31.2068
vn 0.0308804 -0.0410798 -0.998679
v 76.6217 -110.547 -31.2067
vn 0.0313512 0.0341163 -0.998926
v 76.5345 -110.544 -31.2005
vn -0.161109 0.0376904 -0.986217
v 76.5387 -110.066 -31.2008
vn -0.162278 -0.037707 -0.986024
v 76.6061 -110.053 -31.4835
vn 0.200517 -0.958114 -0.204477
v 76.6252 -110.055 -31.2172
vn 0.100652 -0.9936 -0.0512618
v 76.5372 -110.054 -31.2111
vn -0.0803368 -0.996044 -0.0379668
v 76.5172 -110.053 -31.4755
vn -0.248821 -0.948409 -0.196491
v 76.6078 -109.763 -31.4947
vn 0.193829 0.128558 -0.972576
v 76.6074 -110.041 -31.4952
vn 0.18718 -0.229128 -0.95523
v 76.5182 -110.042 -31.4884
vn -0.327797 -0.122246 -0.936806
v 76.5188 -109.765 -31.4891
vn -0.308357 0.261662 -0.914576
v 76.6509 -109.751 -30.8199
vn 0.0519437 0.982518 0.178773
v 76.6108 -109.752 -31.482
vn 0.136043 0.966287 -0.218592
v 76.5261 -109.75 -31.4761
vn -0.000111192 1 -0.000799465
v 76.5666 -109.751 -30.814
vn -0.232188 0.961711 0.145604
v 76.6534 -110.043 -30.8072
vn 0.321567 -0.133044 0.937493
v 76.6579 -109.765 -30.8069
vn 0.295486 0.262489 0.918579
v 76.567 -109.765 -30.8005
vn -0.150709 0.225524 0.96251
v 76.5646 -110.04 -30.8004
vn -0.195106 -0.228397 0.953818
v 76.6378 -110.055 -31.0613
vn 0.0465693 -0.997137 0.0595697
v 76.6541 -110.054 -30.8201
vn 0.284737 -0.942938 0.172607
v 76.5655 -110.052 -30.8121
vn -0.228866 -0.958803 0.168278
v 76.5491 -110.054 -31.0532
vn -0.108319 -0.992738 0.0523345
v 76.6093 -110.848 -31.4819
vn 0.955483 -0.0725758 -0.28598
v 76.6107 -110.571 -31.4857
vn 0.971842 0.0179693 -0.234946
v 76.6307 -110.567 -31.2003
vn 0.964883 0.102467 -0.241868
v 76.6353 -110.049 -31.1998
vn 0.965107 -0.228587 -0.12774
v 76.6155 -110.044 -31.4828
vn 0.970786 -0.203801 -0.126648
v 76.6187 -109.765 -31.4826
vn 0.997495 -0.00476176 -0.0705825
v 76.665 -109.765 -30.8209
vn 0.997669 -0.00637868 -0.067947
v 76.6617 -110.043 -30.8182
vn 0.986758 -0.155793 0.0451278
v 76.6441 -110.041 -31.086
vn 0.983687 -0.170536 -0.0572519
v 76.6394 -110.566 -31.0809
vn 0.98916 0.141238 -0.0401764
v 76.6576 -110.568 -30.8203
vn 0.954184 0.298902 0.0137869
v 76.655 -110.848 -30.8165
vn 0.994912 -0.0260618 0.0973186
v 76.5486 -110.847 -30.8127
vn -0.95571 -0.0568618 0.288766
v 76.552 -110.57 -30.8093
vn -0.971397 0.0346689 0.234916
v 76.5337 -110.566 -31.0713
vn -0.964401 0.121685 0.234785
v 76.5381 -110.048 -31.0723
vn -0.968904 -0.211482 0.128456
v 76.5574 -110.042 -30.8088
vn -0.936842 -0.124071 0.327008
v 76.558 -109.764 -30.8134
vn -0.997421 0.0127116 0.0706394
v 76.5117 -109.764 -31.4751
vn -0.997635 0.0111032 0.0678351
v 76.5098 -110.04 -31.4786
vn -0.968184 -0.237486 -0.078866
v 76.5295 -110.04 -31.1861
vn -0.986125 -0.155675 0.0576375
v 76.5251 -110.566 -31.1905
vn -0.986555 0.158335 0.0404824
v 76.5029 -110.847 -31.4781
vn -0.995148 -0.00851352 -0.0980172
v 76.5052 -110.567 -31.4747
vn -0.950513 0.310386 -0.0136446
v 76.639 -110.064 -31.0735
vn 0.671556 -0.190049 0.716166
v 76.636 -110.06 -31.0695
vn 0.146712 -0.515813 0.844045
v 76.6399 -110.053 -31.0614
vn 0.666908 -0.729954 0.149669
v 76.6282 -110.551 -31.0688
vn 0.124343 0.560072 0.81906
v 76.6347 -110.547 -31.0732
vn 0.701515 0.27677 0.656716
v 76.5393 -110.546 -31.0665
vn -0.561305 0.181888 0.807375
v 76.5463 -110.55 -31.0631
vn 0.00432935 0.561388 0.827542
v 76.5399 -110.558 -31.0562
vn -0.601517 0.739445 0.302322
v 76.5506 -110.059 -31.0627
vn -0.00186438 -0.53982 0.841778
v 76.5435 -110.064 -31.0668
vn -0.563697 -0.174797 0.807275
v 76.5444 -110.052 -31.0548
vn -0.644135 -0.725045 0.243719
v 76.6354 -110.559 -31.0611
vn 0.544084 0.82978 0.124251
v 76.6285 -110.555 -31.0643
vn 0.106658 0.828678 0.54947
v 76.5465 -110.553 -31.0597
vn -0.013014 0.830397 0.557021
v 76.6034 -110.861 -31.4815
vn 0.464093 -0.88086 -0.0932894
v 76.5554 -110.859 -30.8111
vn -0.406009 -0.894064 0.189225
v 76.5346 -110.553 -31.2051
vn -0.080069 0.825503 -0.558689
v 76.62 -110.554 -31.2111
vn 0.0670453 0.821379 -0.566429
v 76.6245 -110.559 -31.217
vn 0.519446 0.831228 -0.198079
v 76.6255 -110.547 -31.2049
vn 0.605862 0.275852 -0.746215
v 76.5292 -110.558 -31.2085
vn -0.639728 0.737205 -0.217433
v 76.5301 -110.546 -31.1983
vn -0.66979 0.182424 -0.719793
v 76.6184 -110.551 -31.2084
vn 0.00904381 0.561151 -0.827664
v 76.539 -110.058 -31.2036
vn -0.112194 -0.533004 -0.838641
v 76.6244 -110.059 -31.2096
vn 0.0311236 -0.532751 -0.8457
v 76.6297 -110.064 -31.2052
vn 0.569819 -0.190045 -0.799493
v 76.629 -110.053 -31.2173
vn 0.639791 -0.729837 -0.240842
v 76.5343 -110.064 -31.1986
vn -0.660587 -0.150657 -0.735478
v 76.5336 -110.052 -31.2106
vn -0.678432 -0.715325 -0.167455
v 76.5365 -110.55 -31.2027
vn -0.117598 0.563301 -0.81784
v 76.626 -110.057 -31.2124
vn 0.0481609 -0.866405 -0.497015
v 76.5405 -110.056 -31.2074
vn -0.107798 -0.834847 -0.539824
v 76.6131 -109.753 -31.4822
vn 0.53434 0.841099 -0.0838599
v 76.6593 -109.753 -30.8204
vn 0.449018 0.88956 0.0840579
v 76.5185 -109.753 -31.4776
vn -0.424684 0.896009 -0.129659
v 76.6362 -110.057 -31.0659
vn 0.117724 -0.86856 0.481398
v 76.5509 -110.056 -31.0589
vn -0.0258561 -0.849649 0.526714
v 76.6076 -110.856 -31.4824
vn 0.93148 -0.345887 -0.112727
v 76.6533 -110.857 -30.8201
vn 0.895883 -0.431669 0.105144
v 76.6563 -110.571 -30.8118
vn 0.927074 0.0489359 0.37167
v 76.638 -110.555 -31.077
vn 0.92211 0.0382337 0.385033
v 76.6423 -110.057 -31.0773
vn 0.962978 -0.0868779 0.255196
v 76.6635 -109.762 -30.8165
vn 0.950784 0.22136 0.216815
v 76.6166 -109.761 -31.4861
vn 0.912941 0.284283 -0.292784
v 76.6135 -110.041 -31.4908
vn 0.863822 -0.0680272 -0.499184
v 76.6336 -110.057 -31.2019
vn 0.851013 -0.0470702 -0.52303
v 76.6096 -110.562 -31.4819
vn 0.89615 0.400784 -0.190494
v 76.5044 -110.856 -31.4746
vn -0.900787 -0.420425 -0.108746
v 76.5064 -110.57 -31.4832
vn -0.925192 0.0654251 -0.373817
v 76.5267 -110.554 -31.1945
vn -0.925501 0.0482201 -0.375663
v 76.5311 -110.056 -31.1947
vn -0.965077 -0.0697964 -0.252497
v 76.5134 -109.761 -31.4798
vn -0.950005 0.258056 -0.175775
v 76.5602 -109.76 -30.8099
vn -0.902727 0.304608 0.303805
v 76.5397 -110.056 -31.0702
vn -0.859994 -0.029931 0.509425
v 76.5533 -110.562 -30.8131
vn -0.890488 0.414568 0.18752
v 76.5502 -110.855 -30.8122
vn -0.937012 -0.330041 0.114373
v 76.637 -108.752 -31.2034
vn 0.195869 0.122564 -0.972941
v 76.6326 -109.224 -31.2042
vn 0.0314906 0.0410425 -0.998661
v 76.5454 -109.224 -31.1983
vn -0.130861 0.0417304 -0.990522
v 76.548 -108.753 -31.1978
vn -0.326687 0.234108 -0.915679
v 76.645 -108.74 -31.09
vn 0.295763 0.927146 0.230052
v 76.6373 -108.74 -31.1936
vn 0.269122 0.928403 -0.256207
v 76.5508 -108.74 -31.1881
vn -0.264735 0.94291 -0.20208
v 76.5562 -108.741 -31.0821
vn -0.2414 0.936788 0.253285
v 76.6414 -109.224 -31.0779
vn 0.16301 0.0387985 0.985861
v 76.6478 -108.754 -31.0789
vn 0.338751 0.221426 0.91445
v 76.5585 -108.751 -31.0733
vn -0.191273 0.12447 0.973613
v 76.555 -109.223 -31.0719
vn -0.0321432 0.0414224 0.998625
v 76.6532 -109.236 -30.9442
vn 0.0553907 0.997219 -0.049853
v 76.6429 -109.235 -31.0676
vn 0.113451 0.992826 0.0377549
v 76.5532 -109.235 -31.0616
vn -0.059131 0.997127 0.0473457
v 76.5618 -109.234 -30.9351
vn -0.0924071 0.995683 -0.0087709
v 76.6582 -108.724 -30.9338
vn 0.140204 0.221135 -0.965113
v 76.6515 -109.224 -30.9339
vn 0.0221346 0.0398319 -0.998961
v 76.5643 -109.224 -30.9279
vn -0.130967 0.0416886 -0.99051
v 76.5672 -108.723 -30.9274
vn -0.323506 0.226027 -0.918834
v 76.6643 -108.71 -30.8186
vn 0.296134 0.926972 0.230278
v 76.6562 -108.711 -30.9244
vn 0.266841 0.928598 -0.257879
v 76.5702 -108.71 -30.9183
vn -0.241556 0.944868 -0.221078
v 76.5755 -108.711 -30.8107
vn -0.240163 0.93737 0.252307
v 76.6538 -109.527 -30.8057
vn 0.122112 -0.20003 0.972151
v 76.667 -108.724 -30.8075
vn 0.209848 0.251642 0.944796
v 76.5823 -108.723 -30.8007
vn 0.00360655 0.182819 0.98314
v 76.569 -109.526 -30.8007
vn -0.0836993 -0.212643 0.973539
v 76.6107 -109.54 -31.482
vn 0.204207 -0.968615 -0.141718
v 76.6551 -109.54 -30.8182
vn 0.0963292 -0.986087 0.135473
v 76.57 -109.539 -30.8142
vn -0.22954 -0.964704 0.129064
v 76.5254 -109.539 -31.478
vn -0.115928 -0.988684 -0.0952041
v 76.6191 -108.696 -31.4961
vn 0.170197 0.148823 -0.974107
v 76.6119 -109.527 -31.4956
vn 0.0741716 -0.220866 -0.97248
v 76.5271 -109.526 -31.4905
vn -0.134123 -0.182663 -0.973984
v 76.5281 -108.695 -31.4897
vn -0.211378 0.208976 -0.954803
v 76.6252 -108.682 -31.3809
vn 0.264432 0.928508 0.260671
v 76.6174 -108.682 -31.4856
vn 0.26797 0.929142 -0.25473
v 76.5312 -108.682 -31.4806
vn -0.241623 0.944831 -0.221162
v 76.537 -108.682 -31.373
vn -0.242065 0.93636 0.254235
v 76.6211 -109.224 -31.3688
vn 0.16432 0.0398313 0.985603
v 76.6279 -108.696 -31.3698
vn 0.336289 0.220332 0.915622
v 76.5387 -108.693 -31.3642
vn -0.192576 0.124316 0.973376
v 76.5347 -109.223 -31.3627
vn -0.0259158 0.0411867 0.998815
v 76.6343 -109.236 -31.2146
vn 0.0549818 0.997296 -0.0487531
v 76.6225 -109.235 -31.3584
vn 0.112583 0.992928 0.0376803
v 76.5328 -109.235 -31.3524
vn -0.0590872 0.997112 0.0477205
v 76.5429 -109.234 -31.2055
vn -0.0922778 0.9957 -0.00819626
v 76.6626 -109.25 -30.9206
vn 0.982949 0.1638 -0.0835571
v 76.6658 -108.724 -30.9271
vn 0.918978 0.0691289 -0.388202
v 76.6733 -108.72 -30.8209
vn 0.979817 0.19075 -0.0597713
v 76.6671 -109.527 -30.821
vn 0.997671 -0.013183 -0.0669308
v 76.6208 -109.527 -31.4827
vn 0.997239 -0.0101636 -0.0735544
v 76.6503 -109.243 -31.0894
vn 0.992826 0.118884 -0.0127524
v 76.6271 -108.694 -31.485
vn 0.980938 0.132889 -0.141779
v 76.6346 -108.696 -31.3775
vn 0.96807 0.201979 0.148476
v 76.6297 -109.243 -31.3797
vn 0.996134 0.0841838 0.0250834
v 76.6424 -109.246 -31.1981
vn 0.957151 0.0928357 -0.274305
v 76.6541 -108.75 -31.0922
vn 0.98705 0.158772 -0.0228898
v 76.6463 -108.752 -31.1952
vn 0.953333 0.123507 -0.275503
v 76.5232 -109.249 -31.376
vn -0.981043 0.167002 0.0983119
v 76.5293 -108.695 -31.3701
vn -0.927125 0.246246 0.282492
v 76.521 -108.695 -31.4757
vn -0.982196 0.187786 0.00522487
v 76.5138 -109.526 -31.4752
vn -0.997734 0.00469017 0.0671215
v 76.5601 -109.526 -30.8135
vn -0.997285 0.00725556 0.0732832
v 76.5372 -109.242 -31.1873
vn -0.994444 0.102123 -0.0255277
v 76.5677 -108.723 -30.8109
vn -0.989936 0.0099632 0.141165
v 76.5606 -108.723 -30.9197
vn -0.960311 0.21864 -0.173205
v 76.5561 -109.242 -30.9169
vn -0.994479 0.101673 -0.0259454
v 76.5448 -109.245 -31.078
vn -0.955912 0.111198 0.271784
v 76.5418 -108.749 -31.1843
vn -0.982219 0.187661 0.00546438
v 76.5496 -108.753 -31.0797
vn -0.953185 0.138097 0.269011
v 76.6372 -109.225 -31.2027
vn 0.565422 0.193263 -0.80184
v 76.5465 -109.23 -31.2011
vn -0.107507 0.47665 -0.872495
v 76.6318 -109.231 -31.207
vn 0.0399858 0.475939 -0.878569
v 76.6363 -109.237 -31.2148
vn 0.629773 0.740531 -0.234518
v 76.5418 -109.224 -31.196
vn -0.672307 0.199181 -0.712973
v 76.5409 -109.236 -31.208
vn -0.653143 0.743673 -0.14267
v 76.641 -109.23 -31.0758
vn 0.167097 0.478041 0.862297
v 76.6458 -109.225 -31.0801
vn 0.675072 0.186726 0.713731
v 76.6465 -109.237 -31.0681
vn 0.657408 0.739808 0.143175
v 76.5503 -109.224 -31.0735
vn -0.560653 0.20285 0.80282
v 76.5573 -109.228 -31.07
vn 0.00612344 0.479558 0.877489
v 76.5511 -109.236 -31.0614
vn -0.626717 0.742978 0.234968
v 76.6396 -109.234 -31.0713
vn 0.0944318 0.890069 0.445938
v 76.6506 -109.233 -30.9384
vn 0.0255275 0.891931 -0.45145
v 76.6552 -109.237 -30.9443
vn 0.629191 0.740902 -0.234911
v 76.6561 -109.225 -30.9323
vn 0.571983 0.191139 -0.797685
v 76.5597 -109.236 -30.9376
vn -0.653774 0.742777 -0.144436
v 76.5652 -109.232 -30.9324
vn -0.0844655 0.862987 -0.498116
v 76.5607 -109.224 -30.9256
vn -0.671197 0.201094 -0.713481
v 76.5542 -109.233 -31.0663
vn -0.0160549 0.870173 0.492484
v 76.5654 -109.23 -30.9306
vn -0.107537 0.476518 -0.872563
v 76.6507 -109.231 -30.9366
vn 0.039922 0.476003 -0.878537
v 76.6692 -108.724 -30.809
vn 0.568177 0.0534719 0.821167
v 76.6622 -109.527 -30.8085
vn 0.491528 -0.151296 0.857618
v 76.5667 -109.526 -30.8019
vn -0.45565 -0.0516545 0.888659
v 76.5737 -108.723 -30.8024
vn -0.379328 0.0614645 0.923218
v 76.6612 -109.539 -30.8207
vn 0.420369 -0.906809 0.0314395
v 76.5195 -109.538 -31.4756
vn -0.44425 -0.895685 -0.019753
v 76.6142 -109.527 -31.4944
vn 0.45718 -0.0613701 -0.887254
v 76.526 -108.695 -31.4882
vn -0.574619 0.0597658 -0.816236
v 76.5187 -109.526 -31.4877
vn -0.505422 -0.0546056 -0.861143
v 76.6206 -109.23 -31.3666
vn 0.16303 0.473304 0.865682
v 76.6255 -109.225 -31.371
vn 0.6738 0.191368 0.713703
v 76.6262 -109.237 -31.3589
vn 0.659757 0.737392 0.144821
v 76.5301 -109.224 -31.3643
vn -0.571158 0.201059 0.795835
v 76.537 -109.228 -31.3609
vn 0.00915179 0.476683 0.879028
v 76.5308 -109.236 -31.3523
vn -0.625357 0.744903 0.232485
v 76.6208 -109.233 -31.3642
vn 0.0861271 0.884933 0.457685
v 76.6317 -109.233 -31.2088
vn 0.023826 0.889847 -0.455637
v 76.5463 -109.232 -31.2028
vn -0.0845086 0.862863 -0.498323
v 76.5355 -109.232 -31.3582
vn -0.015881 0.881167 0.472539
v 76.6252 -108.696 -31.4916
vn 0.819065 0.0733953 -0.568987
v 76.6192 -109.534 -31.4825
vn 0.915865 -0.360359 -0.177009
v 76.618 -109.527 -31.491
vn 0.860281 -0.0635401 -0.505845
v 76.666 -109.527 -30.8135
vn 0.963728 -0.0532031 0.261529
v 76.6647 -109.535 -30.8209
vn 0.906241 -0.418746 0.0581233
v 76.6725 -108.724 -30.8128
vn 0.925986 0.11747 0.358819
v 76.6599 -109.232 -30.929
vn 0.897545 0.0345875 -0.439563
v 76.6491 -109.233 -31.0837
vn 0.923061 0.0345043 0.383102
v 76.6532 -108.754 -31.0842
vn 0.925273 0.117164 0.360752
v 76.5426 -108.753 -31.1924
vn -0.923647 0.0657845 -0.377555
v 76.5699 -108.723 -30.8056
vn -0.882348 0.263804 0.389704
v 76.5615 -109.533 -30.8137
vn -0.921084 -0.345698 0.179155
v 76.5629 -109.526 -30.8052
vn -0.859209 -0.0501196 0.509164
v 76.5149 -109.526 -31.4827
vn -0.963716 -0.0372659 -0.264314
v 76.516 -109.535 -31.4754
vn -0.910209 -0.409139 -0.0642215
v 76.5227 -108.695 -31.4844
vn -0.921168 0.0631966 -0.383999
v 76.5261 -109.231 -31.3677
vn -0.896417 0.0505176 0.440323
v 76.6479 -107.733 -31.2048
vn 0.191315 0.212409 -0.95827
v 76.6415 -108.203 -31.2049
vn 0.0219397 0.0398496 -0.998965
v 76.5542 -108.203 -31.1989
vn -0.128948 0.03811 -0.990919
v 76.5569 -107.732 -31.1984
vn -0.326858 0.226129 -0.917622
v 76.6538 -107.72 -31.0901
vn 0.305487 0.921647 0.239256
v 76.6464 -107.72 -31.1952
vn 0.279194 0.921976 -0.268349
v 76.5599 -107.719 -31.1867
vn -0.220976 0.957543 -0.185152
v 76.5674 -107.72 -31.0827
vn -0.218253 0.950298 0.222034
v 76.6503 -108.203 -31.0785
vn 0.171656 0.0384915 0.984405
v 76.6566 -107.733 -31.0795
vn 0.32991 0.224316 0.916974
v 76.5674 -107.73 -31.074
vn -0.196368 0.123317 0.972745
v 76.5631 -108.203 -31.0723
vn -0.0303778 0.0369826 0.998854
v 76.662 -108.214 -30.9448
vn 0.0464142 0.996604 -0.06801
v 76.6517 -108.214 -31.0682
vn 0.110607 0.993078 0.0395159
v 76.562 -108.214 -31.0622
vn -0.020154 0.994533 0.10246
v 76.5707 -108.214 -30.9357
vn -0.0196352 0.998216 -0.0563903
v 76.6671 -107.703 -30.9344
vn 0.195019 0.210822 -0.957873
v 76.6604 -108.203 -30.9345
vn 0.0219557 0.0398096 -0.998966
v 76.574 -108.202 -30.9284
vn -0.168769 0.0367332 -0.984971
v 76.5761 -107.702 -30.928
vn -0.327695 0.227286 -0.917037
v 76.673 -107.69 -30.8185
vn 0.294599 0.940596 0.168793
v 76.6653 -107.689 -30.9239
vn 0.281323 0.920855 -0.26997
v 76.5791 -107.689 -30.9163
vn -0.221926 0.957332 -0.185104
v 76.5869 -107.689 -30.8123
vn -0.217781 0.950504 0.221617
v 76.6627 -108.506 -30.8063
vn 0.145738 -0.182096 0.97242
v 76.6759 -107.703 -30.8082
vn 0.220051 0.208418 0.952964
v 76.5912 -107.702 -30.8013
vn 0.00373725 0.181245 0.983431
v 76.5779 -108.505 -30.8013
vn -0.0832536 -0.207799 0.974622
v 76.6151 -108.519 -31.486
vn 0.0639186 -0.983782 -0.167591
v 76.6678 -108.519 -30.8211
vn 0.243918 -0.951815 0.185881
v 76.5831 -108.52 -30.8152
vn -0.0221887 -0.982868 0.182969
v 76.5306 -108.519 -31.4764
vn -0.285855 -0.924945 -0.250526
v 76.628 -107.675 -31.4967
vn 0.206399 0.118286 -0.971292
v 76.6207 -108.506 -31.4962
vn 0.0773179 -0.208366 -0.97499
v 76.536 -108.505 -31.4912
vn -0.134566 -0.179472 -0.974516
v 76.537 -107.674 -31.4903
vn -0.217302 0.210745 -0.953083
v 76.634 -107.662 -31.381
vn 0.307447 0.920918 0.239555
v 76.6265 -107.662 -31.4871
vn 0.280648 0.921341 -0.269011
v 76.54 -107.661 -31.4786
vn -0.240742 0.957828 -0.156869
v 76.5478 -107.661 -31.3746
vn -0.222348 0.957686 0.182752
v 76.63 -108.203 -31.3694
vn 0.16488 0.0372259 0.985611
v 76.6368 -107.675 -31.3704
vn 0.328882 0.224798 0.917225
v 76.5517 -107.67 -31.3644
vn 0.00465795 0.182056 0.983277
v 76.5411 -108.203 -31.3633
vn 0.00557002 0.038152 0.999256
v 76.6432 -108.214 -31.2152
vn 0.0465224 0.996625 -0.0676374
v 76.6314 -108.214 -31.3591
vn 0.110739 0.993061 0.0395893
v 76.5417 -108.214 -31.353
vn -0.0200223 0.994461 0.103178
v 76.5535 -108.214 -31.2092
vn -0.0318121 0.997508 -0.0629814
v 76.6714 -108.229 -30.9212
vn 0.983956 0.148839 -0.0983774
v 76.6747 -107.703 -30.9277
vn 0.931366 0.228699 -0.283291
v 76.683 -107.703 -30.8221
vn 0.985159 0.171589 -0.00445555
v 76.676 -108.506 -30.8217
vn 0.997656 -0.0129284 -0.0671958
v 76.6297 -108.506 -31.4833
vn 0.997255 -0.0100522 -0.0733646
v 76.659 -108.222 -31.0894
vn 0.99592 0.0862936 0.0263947
v 76.6362 -107.675 -31.4869
vn 0.989968 -0.00752502 -0.141093
v 76.6434 -107.675 -31.3781
vn 0.962899 0.204913 0.175604
v 76.6386 -108.222 -31.3803
vn 0.996083 0.0842786 0.0267354
v 76.6513 -108.225 -31.1987
vn 0.957104 0.0942236 -0.273995
v 76.6629 -107.729 -31.093
vn 0.985342 0.170492 -0.00580951
v 76.6551 -107.733 -31.1976
vn 0.955145 0.120762 -0.270398
v 76.5321 -108.228 -31.3766
vn -0.983524 0.150616 0.0999749
v 76.5382 -107.674 -31.3707
vn -0.928154 0.241371 0.28332
v 76.5299 -107.674 -31.4763
vn -0.982331 0.187088 0.00492674
v 76.5227 -108.505 -31.4758
vn -0.997736 0.00470208 0.0670935
v 76.569 -108.505 -30.8142
vn -0.997283 0.00725602 0.0733077
v 76.5461 -108.221 -31.1879
vn -0.989824 0.0988022 -0.102407
v 76.5766 -107.702 -30.8116
vn -0.98993 0.00993475 0.141208
v 76.5695 -107.702 -30.9204
vn -0.960292 0.219019 -0.17283
v 76.565 -108.221 -30.9175
vn -0.989622 0.0998551 -0.10333
v 76.5537 -108.224 -31.0786
vn -0.954181 0.104074 0.280547
v 76.5507 -107.728 -31.1849
vn -0.982 0.188795 0.00562506
v 76.558 -107.732 -31.0798
vn -0.927572 0.244503 0.28254
v 76.6461 -108.205 -31.2033
vn 0.575268 0.192371 -0.795022
v 76.639 -108.208 -31.2067
vn -0.000765074 0.495134 -0.868816
v 76.6452 -108.216 -31.2153
vn 0.628242 0.741796 -0.234627
v 76.5537 -108.208 -31.2006
vn -0.130142 0.514178 -0.847752
v 76.5507 -108.203 -31.1966
vn -0.683239 0.207593 -0.700064
v 76.6499 -108.21 -31.0757
vn 0.115136 0.494057 0.861772
v 76.6547 -108.205 -31.0808
vn 0.68142 0.189698 0.706882
v 76.6554 -108.216 -31.0687
vn 0.662252 0.735266 0.144242
v 76.5592 -108.203 -31.0741
vn -0.521754 0.104104 0.84672
v 76.5597 -108.215 -31.0647
vn -0.626888 0.721867 0.29312
v 76.5646 -108.209 -31.0698
vn -0.0151122 0.520191 0.853916
v 76.6484 -108.212 -31.0719
vn 0.0934304 0.890771 0.444745
v 76.6576 -108.212 -30.9408
vn 0.0334785 0.902058 -0.430314
v 76.6641 -108.216 -30.945
vn 0.63072 0.739579 -0.234978
v 76.665 -108.205 -30.9329
vn 0.572452 0.191919 -0.797161
v 76.5686 -108.215 -30.9356
vn -0.66087 0.722903 -0.201649
v 76.5757 -108.212 -30.9351
vn -0.0926918 0.849471 -0.519429
v 76.5695 -108.203 -30.9262
vn -0.632524 0.102691 -0.767703
v 76.5649 -108.213 -31.0657
vn -0.0202453 0.849744 0.526807
v 76.658 -108.208 -30.9363
vn -0.000711561 0.495237 -0.868758
v 76.5726 -108.208 -30.9303
vn -0.130084 0.514231 -0.847729
v 76.6781 -107.703 -30.8097
vn 0.570045 0.0508502 0.820039
v 76.6711 -108.506 -30.8092
vn 0.508123 -0.0595808 0.859222
v 76.5756 -108.505 -30.8025
vn -0.459588 -0.0517766 0.886622
v 76.5826 -107.702 -30.803
vn -0.389494 0.0604205 0.919045
v 76.6238 -108.518 -31.483
vn 0.361268 -0.928349 -0.0874889
v 76.5746 -108.517 -30.8145
vn -0.462606 -0.868151 0.179751
v 76.623 -108.506 -31.495
vn 0.454145 -0.0592051 -0.888958
v 76.5349 -107.674 -31.4888
vn -0.569535 0.059267 -0.819828
v 76.5276 -108.505 -31.4883
vn -0.508135 -0.0502207 -0.859812
v 76.6278 -108.208 -31.3672
vn 0.125409 0.487493 0.864074
v 76.6343 -108.205 -31.3716
vn 0.675817 0.190354 0.712065
v 76.6351 -108.216 -31.3596
vn 0.659169 0.737894 0.144941
v 76.5389 -108.203 -31.365
vn -0.577186 0.207854 0.789717
v 76.5425 -108.208 -31.3614
vn -0.00974265 0.517939 0.855362
v 76.5435 -107.674 -31.3653
vn -0.384633 0.0604496 0.921088
v 76.6281 -108.212 -31.3627
vn 0.0943122 0.892308 0.441465
v 76.6387 -108.212 -31.2112
vn 0.0347341 0.901107 -0.432202
v 76.5498 -108.215 -31.2073
vn -0.60288 0.792355 -0.0933204
v 76.5568 -108.212 -31.2055
vn -0.0926675 0.849512 -0.519368
v 76.5461 -108.211 -31.3581
vn -0.0200988 0.846956 0.531282
v 76.5394 -108.215 -31.3542
vn -0.587224 0.790393 0.174491
v 76.6341 -107.675 -31.4922
vn 0.885821 0.248944 -0.391596
v 76.6281 -108.513 -31.4832
vn 0.914164 -0.364376 -0.177577
v 76.6269 -108.506 -31.4916
vn 0.860044 -0.0634031 -0.506265
v 76.6749 -108.506 -30.8141
vn 0.962744 -0.052632 0.265242
v 76.6737 -108.514 -30.8215
vn 0.905799 -0.419507 0.0595192
v 76.6814 -107.703 -30.8135
vn 0.924624 0.0499834 0.377588
v 76.6687 -108.212 -30.9296
vn 0.898725 0.035023 -0.437111
v 76.6621 -107.733 -31.0849
vn 0.923206 0.0494695 0.381109
v 76.5515 -107.732 -31.1931
vn -0.922373 0.06366 -0.38102
v 76.5788 -107.702 -30.8063
vn -0.882641 0.262491 0.389927
v 76.5705 -108.512 -30.8142
vn -0.921407 -0.344433 0.17993
v 76.5718 -108.505 -30.8059
vn -0.860913 -0.0489659 0.50639
v 76.5238 -108.505 -31.4834
vn -0.96389 -0.0365325 -0.263783
v 76.5248 -108.514 -31.476
vn -0.910621 -0.408771 -0.0606265
v 76.5316 -107.674 -31.485
vn -0.924281 0.064673 -0.376194
v 76.535 -108.21 -31.3682
vn -0.893662 0.0536759 0.445519
v 76.6757 -107.487 -30.8088
vn 0.33547 -0.122321 0.934076
v 76.6802 -107.208 -30.8085
vn 0.335616 0.230506 0.913361
v 76.5912 -107.205 -30.8028
vn -0.206765 0.124077 0.970491
v 76.5868 -107.484 -30.8019
vn -0.181802 -0.244715 0.952398
v 76.6285 -107.498 -31.4832
vn 0.232117 -0.964036 -0.129449
v 76.6731 -107.498 -30.8195
vn 0.107899 -0.989674 0.0943593
v 76.592 -107.499 -30.8158
vn -0.0358074 -0.983245 0.178738
v 76.5395 -107.498 -31.477
vn -0.276369 -0.929365 -0.244748
v 76.6363 -106.72 -31.4973
vn 0.139084 0.250485 -0.958078
v 76.6296 -107.485 -31.4968
vn 0.0805351 -0.214628 -0.97337
v 76.5448 -107.484 -31.4918
vn -0.117466 -0.169307 -0.978538
v 76.5453 -106.719 -31.4909
vn -0.278416 0.271198 -0.921377
v 76.6426 -106.707 -31.3791
vn 0.268542 0.926223 0.264567
v 76.6346 -106.707 -31.4879
vn 0.241544 0.92464 -0.294443
v 76.5496 -106.706 -31.4817
vn -0.167536 0.964017 -0.206403
v 76.5563 -106.705 -31.3721
vn -0.270158 0.938006 0.217161
v 76.6399 -107.183 -31.3669
vn 0.132341 0.0386443 0.990451
v 76.6453 -106.72 -31.368
vn 0.342347 0.222431 0.912866
v 76.5561 -106.717 -31.3623
vn -0.176919 0.14819 0.973005
v 76.5527 -107.181 -31.3609
vn -0.0253004 0.0355024 0.999049
v 76.6774 -107.194 -30.8218
vn 0.305336 0.945304 0.11476
v 76.6421 -107.194 -31.357
vn 0.0596235 0.998187 0.00818444
v 76.5525 -107.193 -31.3505
vn -0.0664911 0.997069 0.0378428
v 76.5893 -107.194 -30.8097
vn -0.107247 0.979233 0.172051
v 76.6444 -106.718 -31.4862
vn 0.984377 0.099625 -0.145178
v 76.652 -106.72 -31.3756
vn 0.957463 0.20903 0.198925
v 76.6482 -107.208 -31.3816
vn 0.997615 -0.00654043 -0.0687189
v 76.6869 -107.205 -30.8224
vn 0.994242 0.107108 0.00338071
v 76.6849 -107.485 -30.8223
vn 0.997542 -0.0121873 -0.0689963
v 76.6382 -107.488 -31.4839
vn 0.938247 -0.313553 -0.146208
v 76.5779 -107.484 -30.8148
vn -0.957538 -0.0561311 0.28279
v 76.5814 -107.207 -30.8114
vn -0.971745 0.0345464 0.233492
v 76.542 -107.202 -31.3695
vn -0.973548 0.0372052 0.225435
v 76.5316 -107.484 -31.4765
vn -0.997705 0.00461192 0.0675579
v 76.5391 -106.715 -31.4776
vn -0.976134 0.208657 0.0602002
v 76.5467 -106.719 -31.3683
vn -0.918653 0.0868654 0.385397
v 76.6789 -107.497 -30.8218
vn 0.438941 -0.898337 0.0179251
v 76.5835 -107.497 -30.8152
vn -0.434148 -0.885267 0.166789
v 76.632 -107.485 -31.4956
vn 0.451714 -0.0597629 -0.890159
v 76.5432 -106.719 -31.4894
vn -0.576373 0.0593883 -0.815026
v 76.5365 -107.484 -31.4889
vn -0.492012 -0.117859 -0.862574
v 76.6386 -107.188 -31.3648
vn 0.160868 0.482678 0.860897
v 76.6434 -107.183 -31.3692
vn 0.672999 0.149701 0.724335
v 76.6441 -107.195 -31.3571
vn 0.66029 0.73856 0.136187
v 76.548 -107.183 -31.3625
vn -0.60398 0.286656 0.743664
v 76.555 -107.187 -31.3591
vn 0.00423906 0.540262 0.841486
v 76.6372 -107.192 -31.3603
vn 0.0760578 0.84953 0.522029
v 76.5862 -107.195 -30.8154
vn -0.430143 0.899219 0.07989
v 76.5552 -107.19 -31.3557
vn -0.0130422 0.830397 0.557019
v 76.5488 -107.195 -31.3505
vn -0.514669 0.835112 0.194177
v 76.6424 -106.72 -31.4928
vn 0.819087 0.0735538 -0.568934
v 76.6358 -107.485 -31.4923
vn 0.860874 -0.0648692 -0.504666
v 76.6831 -107.49 -30.8185
vn 0.95533 -0.242787 0.168518
v 76.6854 -107.204 -30.818
vn 0.939049 0.271161 0.211328
v 76.6472 -107.193 -31.374
vn 0.972122 0.0156795 0.23395
v 76.6472 -107.2 -31.3645
vn 0.952331 0.304917 0.00952784
v 76.5399 -106.719 -31.4856
vn -0.920129 0.133146 -0.368286
v 76.5447 -107.198 -31.3574
vn -0.901948 0.418955 0.104722
v 76.5826 -107.198 -30.8151
vn -0.890717 0.414223 0.187198
v 76.5794 -107.491 -30.8142
vn -0.947298 -0.300472 0.111096
v 76.5326 -107.484 -31.4839
vn -0.947148 -0.0924297 -0.307193
v 76.5338 -107.493 -31.4766
vn -0.910649 -0.412496 -0.0237801
v 76.6638 -105.942 -31.111
vn 0.118268 0.248452 0.961397
v 76.5805 -106.158 -31.0585
vn 0.0425148 0.223341 0.973813
v 76.6683 -106.151 -31.0659
vn 0.110473 0.232688 0.966257
v 76.6724 -106.24 -31.0413
vn 0.113422 0.416528 0.90202
v 76.5816 -106.246 -31.0313
vn 0.00116004 0.422257 0.906475
v 76.673 -106.287 -31.0045
vn 0.0913906 0.915349 0.392153
v 76.5829 -106.283 -31.0085
vn -0.0035528 0.764858 0.644189
v 76.5857 -106.289 -30.9783
vn -0.0771489 0.958877 -0.273136
v 76.674 -106.28 -30.9675
vn -0.0153111 0.674796 -0.737845
v 76.5903 -106.264 -30.9492
vn -0.103507 0.502602 -0.858299
v 76.6759 -106.244 -30.9451
vn -0.00461462 0.369589 -0.929184
v 76.5896 -106.186 -30.924
vn -0.139353 0.211337 -0.967428
v 76.6811 -106.148 -30.9274
vn 0.0104608 0.111584 -0.9937
v 76.5907 -106.109 -30.918
vn -0.0965881 -0.00591691 -0.995307
v 76.6824 -105.977 -30.9307
vn -0.0262336 -0.0945409 -0.995175
v 76.5915 -105.977 -30.9233
vn -0.113265 -0.0927834 -0.989223
v 76.5911 -105.825 -30.9475
vn -0.148453 -0.190097 -0.970477
v 76.6821 -105.826 -30.9539
vn 0.00218101 -0.206254 -0.978496
v 76.6758 -105.826 -30.9543
vn 0.0557936 0.139087 0.988707
v 76.5973 -105.826 -30.9488
vn 0.0599511 0.771936 0.632866
v 76.6903 -105.751 -30.8391
vn 0.171011 0.930264 -0.324599
v 76.6829 -105.807 -30.9451
vn 0.306524 0.792591 -0.527109
v 76.5919 -105.807 -30.9388
vn -0.292763 0.729665 -0.617963
v 76.6015 -105.751 -30.8343
vn -0.281281 0.940253 -0.191847
v 76.6886 -105.756 -30.831
vn 0.127801 0.298944 0.945674
v 76.6031 -105.753 -30.826
vn -0.157113 0.373437 0.914254
v 76.6039 -105.878 -30.8036
vn -0.0056738 0.12107 0.992628
v 76.6885 -105.942 -30.8036
vn 0.145331 0.0804305 0.986108
v 76.6049 -106.022 -30.7932
vn 0.0278684 0.0360907 0.99896
v 76.6858 -106.116 -30.7974
vn 0.113653 -0.0134026 0.99343
v 76.6019 -106.176 -30.794
vn -0.00671012 -0.055724 0.998424
v 76.6852 -106.273 -30.8089
vn 0.106898 -0.114778 0.987623
v 76.6 -106.302 -30.8073
vn -0.00999775 -0.161413 0.986836
v 76.6827 -106.383 -30.8303
vn 0.102226 -0.232415 0.96723
v 76.5973 -106.407 -30.8312
vn 0.0202274 -0.319947 0.947219
v 76.6798 -106.473 -30.8613
vn 0.151134 -0.412714 0.898235
v 76.5921 -106.503 -30.8719
vn -0.0263691 -0.499174 0.8661
v 76.6769 -106.532 -30.8952
vn 0.114744 -0.560852 0.819926
v 76.5905 -106.557 -30.9111
vn 0.00975257 -0.720347 0.693545
v 76.6734 -106.577 -30.9403
vn 0.0869302 -0.802428 0.590383
v 76.5868 -106.59 -30.9592
vn -0.0616835 -0.929347 0.364019
v 76.6706 -106.596 -30.9778
vn 0.0974294 -0.967125 0.234896
v 76.668 -106.597 -31.0155
vn 0.0326459 -0.998502 -0.043903
v 76.5846 -106.597 -31.0126
vn -0.0640796 -0.987139 -0.146461
v 76.5807 -106.584 -31.047
vn -0.0772175 -0.893892 -0.441582
v 76.6676 -106.576 -31.0678
vn 0.0158715 -0.770787 -0.636895
v 76.5807 -106.567 -31.0716
vn -0.0997521 -0.736321 -0.669239
v 76.663 -106.514 -31.1182
vn -0.00740295 -0.499836 -0.866088
v 76.5785 -106.521 -31.1089
vn -0.105533 -0.527927 -0.842707
v 76.575 -106.438 -31.1477
vn -0.131109 -0.371096 -0.919292
v 76.6595 -106.431 -31.1573
vn -0.00728563 -0.312075 -0.95003
v 76.5733 -106.296 -31.1883
vn -0.111991 -0.227869 -0.96723
v 76.6582 -106.315 -31.1904
vn 0.00697012 -0.212719 -0.977088
v 76.6573 -106.156 -31.2231
vn -0.0430029 -0.214337 -0.975813
v 76.5724 -106.133 -31.2221
vn -0.114943 -0.22896 -0.966626
v 76.6592 -106.052 -31.2535
vn -0.0145662 -0.402609 -0.915256
v 76.5679 -106.041 -31.2526
vn -0.131148 -0.453161 -0.881729
v 76.6572 -106.008 -31.2872
vn 0.0095485 -0.887524 -0.460662
v 76.5663 -106.006 -31.2806
vn -0.0673095 -0.935542 -0.346743
v 76.6542 -106.012 -31.3303
vn 0.0919213 -0.830799 0.54893
v 76.5649 -106.009 -31.3219
vn -0.0266817 -0.817242 0.575677
v 76.5615 -106.034 -31.3448
vn 0.013152 -0.46986 0.882643
v 76.6516 -106.059 -31.3607
vn 0.109788 -0.350087 0.930261
v 76.5594 -106.109 -31.3661
vn 0.00238532 -0.183641 0.982991
v 76.6495 -106.16 -31.3781
vn 0.112831 -0.0710109 0.991073
v 76.5578 -106.216 -31.3752
vn 0.0282452 -0.00357412 0.999595
v 76.6482 -106.375 -31.3704
vn 0.112707 0.110772 0.987434
v 76.5571 -106.362 -31.3666
vn 0.0112196 0.0923589 0.995663
v 76.5602 -106.547 -31.3355
vn -0.0847656 -0.0413503 0.995543
v 76.6466 -106.545 -31.3415
vn 0.297102 0.0858719 0.950977
v 76.6381 -106.61 -31.456
vn 0.288578 -0.936313 0.200101
v 76.6456 -106.559 -31.3477
vn 0.243071 -0.757392 0.606032
v 76.557 -106.56 -31.3442
vn -0.263364 -0.714364 0.648324
v 76.5517 -106.61 -31.4505
vn -0.277682 -0.93652 0.214065
v 76.6374 -106.605 -31.4679
vn 0.173434 -0.381291 -0.90804
v 76.5509 -106.605 -31.4618
vn -0.237786 -0.398404 -0.885851
v 76.551 -106.509 -31.4815
vn -0.10142 -0.155281 -0.98265
v 76.6343 -106.376 -31.5023
vn -0.0265286 -0.0744142 -0.996874
v 76.5511 -106.382 -31.496
vn -0.144787 -0.0820116 -0.986058
v 76.5517 -106.261 -31.5017
vn -0.112589 -0.0177274 -0.993483
v 76.6365 -106.253 -31.5077
vn 0.00733148 -0.0160537 -0.999844
v 76.6363 -106.125 -31.5046
vn -0.026189 0.0565998 -0.998053
v 76.5549 -106.106 -31.4977
vn -0.110607 0.0771683 -0.990864
v 76.6386 -105.987 -31.4895
vn -0.0237252 0.162329 -0.986451
v 76.5573 -105.971 -31.4811
vn -0.108265 0.188385 -0.97611
v 76.6413 -105.876 -31.4634
vn -0.0255238 0.298444 -0.954086
v 76.558 -105.881 -31.4594
vn -0.154249 0.294049 -0.943261
v 76.56 -105.825 -31.4385
vn -0.103108 0.408992 -0.906694
v 76.6494 -105.787 -31.4254
vn 0.00339781 0.497271 -0.867588
v 76.5594 -105.769 -31.409
vn -0.11316 0.550221 -0.827316
v 76.6489 -105.741 -31.3939
vn 0.0437233 0.661981 -0.748244
v 76.562 -105.73 -31.3759
vn -0.0893386 0.730268 -0.677294
v 76.6499 -105.714 -31.3617
vn 0.0142448 0.821277 -0.570351
v 76.5683 -105.701 -31.3342
vn -0.102958 0.914811 -0.390538
v 76.6549 -105.693 -31.3037
vn 0.0623926 0.992594 -0.104231
v 76.5706 -105.693 -31.302
vn -0.0260631 0.993979 -0.106424
v 76.5707 -105.696 -31.2566
vn 0.0144337 0.96056 0.277697
v 76.6581 -105.703 -31.2449
vn 0.0811563 0.907377 0.412408
v 76.5774 -105.732 -31.1997
vn 0.0130304 0.762561 0.646785
v 76.6622 -105.732 -31.2057
vn 0.106499 0.720384 0.68535
v 76.6641 -105.778 -31.1727
vn 0.11619 0.492187 0.8627
v 76.5794 -105.777 -31.1667
vn 0.0201087 0.490875 0.870998
v 76.5809 -105.839 -31.1375
vn 0.0382222 0.372761 0.92714
v 76.5822 -105.936 -31.1071
vn -0.00380407 0.251888 0.967749
v 76.6463 -106.601 -31.461
vn 0.95582 -0.166831 -0.242022
v 76.6643 -105.706 -31.3257
vn 0.992804 0.0642778 -0.101035
v 76.6695 -105.71 -31.2516
vn 0.996595 0.0780897 -0.0264725
v 76.6745 -105.814 -31.1703
vn 0.998852 0.042723 0.0216524
v 76.6897 -105.819 -30.9446
vn 0.963364 0.0887272 -0.253094
v 76.6971 -105.762 -30.8388
vn 0.991762 0.113938 0.0585256
v 76.6968 -106.141 -30.8074
vn 0.999238 -0.00849755 0.0380933
v 76.6905 -106.031 -30.9166
vn 0.986979 -0.00853253 -0.160625
v 76.6928 -106.366 -30.8365
vn 0.998931 -0.0313229 0.0339879
v 76.6868 -106.275 -30.9463
vn 0.98649 0.0448332 -0.157567
v 76.683 -106.298 -30.9947
vn 0.996346 0.0569992 -0.0635999
v 76.6884 -106.496 -30.8825
vn 0.998213 -0.0583064 0.0131139
v 76.677 -106.583 -31.035
vn 0.993467 -0.0765958 -0.0845999
v 76.6726 -106.518 -31.1064
vn 0.97912 -0.0874852 -0.183495
v 76.6704 -106.383 -31.1607
vn 0.98777 -0.0347393 -0.151999
v 76.6797 -106.262 -31.0429
vn 0.999322 0.0211255 0.0301566
v 76.6687 -106.154 -31.2134
vn 0.98435 -0.033065 -0.173097
v 76.6666 -106.013 -31.2673
vn 0.988238 -0.0838155 -0.12791
v 76.6609 -106.011 -31.3491
vn 0.998248 -0.0482853 -0.0342102
v 76.6539 -105.873 -31.4548
vn 0.989873 0.0138545 -0.141276
v 76.6571 -106.114 -31.3819
vn 0.99911 -0.0245255 0.0343098
v 76.6468 -106.351 -31.4957
vn 0.989173 -0.0134008 -0.146143
v 76.6557 -106.247 -31.39
vn 0.999901 -0.00607882 -0.0126847
v 76.6548 -106.549 -31.352
vn 0.984798 -0.106358 0.137336
v 76.5659 -106.464 -31.1235
vn -0.998885 -0.0360278 -0.0305183
v 76.5716 -106.58 -31.0299
vn -0.99359 -0.110508 0.0238113
v 76.5754 -106.579 -30.9692
vn -0.992935 -0.0679192 0.0972947
v 76.5812 -106.522 -30.897
vn -0.985425 -0.0653256 0.157065
v 76.5927 -105.762 -30.8351
vn -0.97831 0.20035 0.0526324
v 76.5844 -105.817 -30.9354
vn -0.957285 0.228407 -0.177299
v 76.5846 -105.937 -30.9216
vn -0.985838 -0.0260168 -0.16567
v 76.5916 -106.127 -30.8002
vn -0.989868 0.00579911 0.141874
v 76.583 -106.173 -30.9149
vn -0.999759 0.0187608 0.0113832
v 76.5784 -106.293 -30.9568
vn -0.996788 0.0668639 0.0440858
v 76.5728 -106.257 -31.0412
vn -0.98172 0.044734 0.184997
v 76.5608 -106.034 -31.2404
vn -0.999701 -0.0162254 -0.0183134
v 76.5697 -105.865 -31.1408
vn -0.988587 0.0386241 0.145614
v 76.5562 -105.993 -31.3105
vn -0.99349 -0.0670679 0.0920866
v 76.5627 -105.7 -31.2678
vn -0.991471 0.0852586 0.0985695
v 76.5571 -105.719 -31.3423
vn -0.994065 0.106933 0.020004
v 76.5514 -105.8 -31.4167
vn -0.99871 0.0505165 -0.00515374
v 76.5435 -106.108 -31.4844
vn -0.999899 0.0141702 -0.000846432
v 76.5527 -106.059 -31.3628
vn -0.984926 -0.023264 0.171402
v 76.5492 -106.247 -31.3822
vn -0.986971 0.0126863 0.160399
v 76.5421 -106.599 -31.452
vn -0.992051 -0.125668 -0.00647245
v 76.5497 -106.546 -31.3441
vn -0.966773 0.00671042 0.255548
v 76.6781 -105.82 -30.9529
vn -0.0127128 0.0974925 -0.995155
v 76.6956 -105.761 -30.8325
vn 0.558246 0.397563 0.72822
v 76.5515 -106.553 -31.3437
vn -0.841262 -0.409528 0.352939
v 76.5945 -105.76 -30.828
vn -0.834452 0.200955 0.513134
v 76.6735 -106.147 -31.0687
vn 0.565862 0.190587 0.80217
v 76.5782 -106.161 -31.0588
vn -0.442434 0.19491 0.875364
v 76.5792 -106.241 -31.0351
vn -0.458666 0.329125 0.82541
v 76.6746 -106.245 -31.041
vn 0.571835 0.337606 0.747681
v 76.6757 -106.278 -31.021
vn 0.591185 0.574686 0.565895
v 76.5801 -106.274 -31.0176
vn -0.409966 0.559994 0.719955
v 76.6771 -106.292 -30.9993
vn 0.554046 0.81216 0.182836
v 76.581 -106.288 -31.0025
vn -0.437105 0.812113 0.386539
v 76.5829 -106.291 -30.9752
vn -0.551207 0.816007 -0.174081
v 76.6784 -106.292 -30.9806
vn 0.553417 0.751938 -0.358217
v 76.6797 -106.281 -30.9645
vn 0.493042 0.558688 -0.666916
v 76.5844 -106.276 -30.9551
vn -0.53537 0.569623 -0.623626
v 76.6812 -106.25 -30.946
vn 0.457484 0.342375 -0.820663
v 76.5863 -106.233 -30.9339
vn -0.570624 0.279747 -0.772095
v 76.6829 -106.186 -30.9296
vn 0.451288 0.13023 -0.882825
v 76.5879 -106.166 -30.92
vn -0.576526 0.0979162 -0.811191
v 76.6842 -106.088 -30.9232
vn 0.458159 -0.0011542 -0.88887
v 76.5888 -106.08 -30.9169
vn -0.574249 -0.0116612 -0.818598
v 76.6871 -105.941 -30.932
vn 0.452494 -0.0886565 -0.88735
v 76.5893 -105.908 -30.9308
vn -0.572511 -0.127717 -0.809889
v 76.6844 -105.826 -30.9527
vn 0.45025 -0.164615 -0.877597
v 76.6821 -105.826 -30.9538
vn -0.0631271 0.0978152 0.9932
v 76.6868 -105.826 -30.9516
vn -0.437906 0.0881137 0.894693
v 76.6821 -105.826 -30.9538
vn -0.437906 0.0881137 0.894693
v 76.5911 -105.825 -30.9475
vn 0.218092 0.145165 0.965072
v 76.5869 -105.825 -30.9446
vn 0.566028 0.0829593 0.820201
v 76.5911 -105.825 -30.9474
vn 0.566028 0.0829593 0.820201
v 76.6926 -105.839 -30.8186
vn 0.572681 0.114513 0.811741
v 76.5983 -105.937 -30.7998
vn -0.452662 0.0777634 0.888285
v 76.6929 -106.084 -30.8001
vn 0.572842 -0.00200477 0.819663
v 76.5973 -106.093 -30.7932
vn -0.457263 -0.00251665 0.889328
v 76.6912 -106.225 -30.8062
vn 0.566693 -0.095862 0.818333
v 76.5958 -106.224 -30.7995
vn -0.458737 -0.0774135 0.885194
v 76.5924 -106.342 -30.8175
vn -0.453473 -0.17046 0.874818
v 76.6883 -106.37 -30.8293
vn 0.577547 -0.210131 0.78885
v 76.5917 -106.445 -30.8459
vn -0.47077 -0.310142 0.825946
v 76.6854 -106.462 -30.859
vn 0.565569 -0.341771 0.750549
v 76.6831 -106.516 -30.8866
vn 0.544807 -0.465964 0.697182
v 76.5868 -106.53 -30.8903
vn -0.462175 -0.505667 0.728488
v 76.6804 -106.556 -30.9186
vn 0.568857 -0.607572 0.554309
v 76.5841 -106.567 -30.9232
vn -0.465824 -0.658492 0.591098
v 76.6777 -106.583 -30.9536
vn 0.596954 -0.723813 0.346036
v 76.5824 -106.583 -30.9469
vn -0.460582 -0.772881 0.436486
v 76.6759 -106.594 -30.9786
vn 0.581889 -0.797299 0.160373
v 76.5805 -106.593 -30.9719
vn -0.508629 -0.823481 0.251346
v 76.6733 -106.596 -31.0157
vn 0.548449 -0.827205 -0.122213
v 76.5787 -106.596 -30.998
vn -0.462375 -0.88562 0.0434267
v 76.5764 -106.59 -31.0304
vn -0.529653 -0.81062 -0.249726
v 76.6705 -106.581 -31.0574
vn 0.461799 -0.743392 -0.48385
v 76.576 -106.566 -31.0709
vn -0.550961 -0.662463 -0.507528
v 76.6682 -106.548 -31.0944
vn 0.487082 -0.544248 -0.683041
v 76.5723 -106.535 -31.0963
vn -0.568568 -0.503921 -0.650226
v 76.6666 -106.504 -31.1234
vn 0.447158 -0.404018 -0.798009
v 76.5705 -106.476 -31.1298
vn -0.561575 -0.361913 -0.744078
v 76.6651 -106.439 -31.1526
vn 0.435979 -0.298853 -0.848887
v 76.5687 -106.363 -31.1695
vn -0.582842 -0.236147 -0.777515
v 76.6639 -106.343 -31.182
vn 0.450622 -0.196649 -0.870786
v 76.5672 -106.136 -31.2192
vn -0.562173 -0.182579 -0.806614
v 76.6646 -106.107 -31.2322
vn 0.456466 -0.257263 -0.851736
v 76.5663 -106.059 -31.2421
vn -0.563198 -0.330934 -0.757159
v 76.6629 -106.02 -31.2684
vn 0.462296 -0.508048 -0.726752
v 76.5645 -106.01 -31.2731
vn -0.562025 -0.589311 -0.58038
v 76.6593 -106.005 -31.289
vn 0.491121 -0.768933 -0.409319
v 76.5606 -106 -31.2997
vn -0.563733 -0.82574 0.0189296
v 76.6575 -106.002 -31.3156
vn 0.527261 -0.844316 0.0955286
v 76.5613 -106.006 -31.3203
vn -0.546997 -0.716597 0.432762
v 76.656 -106.014 -31.336
vn 0.558633 -0.641446 0.525809
v 76.5597 -106.025 -31.3399
vn -0.481747 -0.501486 0.718632
v 76.6544 -106.042 -31.3557
vn 0.553764 -0.358757 0.751424
v 76.5581 -106.065 -31.3589
vn -0.469937 -0.256498 0.844611
v 76.6524 -106.113 -31.3758
vn 0.567259 -0.131256 0.813013
v 76.5567 -106.121 -31.3705
vn -0.457282 -0.113468 0.882053
v 76.553 -106.242 -31.3764
vn -0.458507 0.0110293 0.888622
v 76.6511 -106.205 -31.3828
vn 0.572759 -0.0173361 0.81954
v 76.6514 -106.369 -31.3732
vn 0.579839 0.0929838 0.809408
v 76.5549 -106.42 -31.3602
vn -0.45622 0.114825 0.882428
v 76.6412 -106.519 -31.4844
vn 0.4546 -0.13973 -0.879667
v 76.5458 -106.435 -31.4882
vn -0.581521 -0.0879934 -0.808758
v 76.6414 -106.365 -31.5012
vn 0.457262 -0.0633259 -0.887075
v 76.5464 -106.283 -31.4989
vn -0.578075 -0.0174442 -0.815797
v 76.6419 -106.153 -31.5036
vn 0.4567 0.0378145 -0.888817
v 76.5479 -106.125 -31.4961
vn -0.576543 0.0586584 -0.814959
v 76.6464 -105.951 -31.4806
vn 0.466512 0.171486 -0.867732
v 76.5503 -105.979 -31.48
vn -0.584068 0.153172 -0.797122
v 76.6493 -105.848 -31.4516
vn 0.459802 0.319395 -0.828594
v 76.5553 -105.87 -31.4548
vn -0.562305 0.259572 -0.785134
v 76.5552 -105.815 -31.432
vn -0.564588 0.367347 -0.739119
v 76.6535 -105.757 -31.4037
vn 0.491435 0.511582 -0.704824
v 76.5581 -105.756 -31.397
vn -0.579165 0.518499 -0.629068
v 76.6566 -105.709 -31.349
vn 0.483627 0.750914 -0.449704
v 76.5612 -105.716 -31.3575
vn -0.5305 0.711741 -0.460429
v 76.5644 -105.698 -31.3142
vn -0.484129 0.856923 -0.176924
v 76.6616 -105.695 -31.2961
vn 0.55993 0.826726 -0.0547978
v 76.5692 -105.692 -31.2778
vn -0.553954 0.811073 0.187872
v 76.6645 -105.702 -31.2535
vn 0.564988 0.767868 0.30194
v 76.5716 -105.712 -31.2252
vn -0.522871 0.688664 0.502343
v 76.6677 -105.738 -31.203
vn 0.563944 0.579496 0.588346
v 76.5732 -105.759 -31.1797
vn -0.42056 0.525578 0.739525
v 76.6698 -105.816 -31.1559
vn 0.584395 0.352027 0.731136
v 76.5749 -105.814 -31.1492
vn -0.452089 0.357109 0.817367
v 76.672 -105.919 -31.1196
vn 0.572548 0.239689 0.784053
v 76.5763 -105.903 -31.1176
vn -0.451166 0.250423 0.856584
v 76.6548 -106.41 -31.3737
vn 0.893908 0.0717673 0.442468
v 76.654 -106.247 -31.386
vn 0.89191 0.0107475 0.452085
v 76.6569 -106.112 -31.3818
vn 0.890096 -0.0736321 0.449786
v 76.6575 -106.047 -31.3617
vn 0.884646 -0.219388 0.411425
v 76.6599 -106.005 -31.3314
vn 0.880313 -0.400032 0.254996
v 76.6637 -105.997 -31.2981
vn 0.858794 -0.506193 -0.0790023
v 76.6638 -106.01 -31.2755
vn 0.831808 -0.429951 -0.351052
v 76.6666 -106.041 -31.2511
vn 0.840689 -0.247597 -0.4816
v 76.6654 -106.107 -31.2312
vn 0.824748 -0.138637 -0.548244
v 76.6666 -106.38 -31.1705
vn 0.825005 -0.13339 -0.549158
v 76.6694 -106.463 -31.1391
vn 0.836283 -0.202177 -0.509662
v 76.671 -106.522 -31.1086
vn 0.835274 -0.27782 -0.474481
v 76.6731 -106.564 -31.0743
vn 0.834278 -0.381274 -0.398259
v 76.6754 -106.59 -31.0285
vn 0.832801 -0.525239 -0.174834
v 76.679 -106.591 -30.9859
vn 0.832687 -0.54899 0.0724057
v 76.6833 -106.568 -30.9458
vn 0.992828 -0.119125 0.0101103
v 76.6808 -106.574 -30.9426
vn 0.858591 -0.426676 0.284198
v 76.6844 -106.53 -30.8982
vn 0.896093 -0.272197 0.350609
v 76.6875 -106.461 -30.8604
vn 0.882904 -0.201055 0.424331
v 76.6916 -106.369 -30.833
vn 0.888517 -0.131787 0.43951
v 76.6938 -106.272 -30.8148
vn 0.894743 -0.0755967 0.440137
v 76.6938 -106.193 -30.8047
vn 0.894943 -0.0293786 0.445212
v 76.6959 -105.9 -30.8114
vn 0.891926 0.0327406 0.450994
v 76.6886 -105.889 -30.9369
vn 0.820373 -0.0888616 -0.564881
v 76.6885 -106.004 -30.9234
vn 0.82153 -0.0416966 -0.568638
v 76.6877 -106.12 -30.9205
vn 0.818898 0.0110003 -0.573834
v 76.6871 -106.233 -30.9338
vn 0.827606 0.104398 -0.551516
v 76.6854 -106.275 -30.953
vn 0.838736 0.268038 -0.474002
v 76.6832 -106.298 -30.9816
vn 0.856757 0.481935 -0.183592
v 76.6805 -106.282 -31.0223
vn 0.892824 0.339864 0.295563
v 76.6775 -106.222 -31.0532
vn 0.890268 0.131463 0.436052
v 76.6751 -105.906 -31.1282
vn 0.892835 0.122107 0.433514
v 76.6735 -105.809 -31.1631
vn 0.89196 0.212907 0.398846
v 76.6722 -105.767 -31.1855
vn 0.9002 0.258784 0.350243
v 76.6708 -105.737 -31.2101
vn 0.897903 0.330372 0.290903
v 76.6692 -105.714 -31.2363
vn 0.88636 0.415377 0.204517
v 76.6673 -105.702 -31.2648
vn 0.857507 0.506664 0.0892923
v 76.663 -105.696 -31.308
vn 0.836377 0.533077 -0.127683
v 76.6593 -105.715 -31.3575
vn 0.842519 0.40613 -0.353864
v 76.6587 -105.764 -31.3988
vn 0.981603 0.0725653 -0.176607
v 76.6558 -105.758 -31.4028
vn 0.823473 0.282658 -0.491931
v 76.6522 -105.855 -31.4515
vn 0.824462 0.166977 -0.540722
v 76.6499 -106.049 -31.4892
vn 0.978582 0.0067927 -0.205743
v 76.6495 -105.98 -31.4834
vn 0.812281 0.0850288 -0.577036
v 76.6473 -106.116 -31.4992
vn 0.820024 0.0193758 -0.572001
v 76.6442 -106.262 -31.505
vn 0.819692 -0.0268183 -0.572176
v 76.6435 -106.433 -31.4938
vn 0.819149 -0.0692217 -0.569389
v 76.5424 -106.507 -31.4754
vn -0.893495 -0.0754801 -0.442683
v 76.5436 -106.431 -31.4879
vn -0.894303 -0.03063 -0.446412
v 76.5417 -106.325 -31.4901
vn -0.997249 0.00244251 -0.0740854
v 76.5433 -106.247 -31.4959
vn -0.891292 0.00417272 -0.453411
v 76.5447 -106.116 -31.492
vn -0.889871 0.0418706 -0.454287
v 76.5469 -105.937 -31.4646
vn -0.996672 0.0424384 -0.0696034
v 76.547 -105.98 -31.4762
vn -0.892791 0.0965305 -0.440007
v 76.551 -105.87 -31.4519
vn -0.88915 0.159364 -0.428969
v 76.5518 -105.816 -31.4285
vn -0.882345 0.237352 -0.406363
v 76.5559 -105.757 -31.3958
vn -0.880816 0.349369 -0.319539
v 76.56 -105.707 -31.3348
vn -0.86752 0.476985 -0.141046
v 76.5634 -105.697 -31.2778
vn -0.850086 0.516609 0.102322
v 76.566 -105.709 -31.2385
vn -0.821564 0.483603 0.301927
v 76.5677 -105.759 -31.1885
vn -0.978073 0.0947912 0.185437
v 76.568 -105.731 -31.2072
vn -0.844818 0.360469 0.395403
v 76.5707 -105.754 -31.1847
vn -0.833073 0.281289 0.476304
v 76.5725 -105.856 -31.1362
vn -0.822404 0.155877 0.547132
v 76.5748 -106.209 -31.0493
vn -0.821445 0.16016 0.547336
v 76.5736 -106.231 -31.0445
vn -0.977996 0.0596688 0.19991
v 76.5763 -106.277 -31.0201
vn -0.848397 0.308236 0.430365
v 76.5775 -106.292 -31.0013
vn -0.859178 0.44602 0.250757
v 76.579 -106.295 -30.9798
vn -0.846588 0.532248 -0.00110447
v 76.5792 -106.287 -30.9579
vn -0.875248 0.409942 -0.256688
v 76.5814 -106.247 -30.9325
vn -0.896994 0.208211 -0.389936
v 76.5842 -106.186 -30.9189
vn -0.889312 0.0770028 -0.450771
v 76.5854 -106.094 -30.9128
vn -0.891023 0.0115647 -0.453811
v 76.5847 -106.023 -30.9124
vn -0.893675 -0.0314482 -0.447612
v 76.5931 -105.911 -30.8068
vn -0.978168 0.0251353 0.20629
v 76.5946 -105.878 -30.8089
vn -0.819991 0.0706325 0.568001
v 76.5954 -106.035 -30.7955
vn -0.820449 0.0110838 0.571613
v 76.5939 -106.192 -30.7977
vn -0.81887 -0.0414875 0.572478
v 76.5875 -106.365 -30.8291
vn -0.977557 -0.0285578 0.208726
v 76.5897 -106.354 -30.823
vn -0.825385 -0.109215 0.553907
v 76.5877 -106.46 -30.8534
vn -0.83024 -0.214288 0.514571
v 76.5844 -106.529 -30.8912
vn -0.843423 -0.31312 0.436571
v 76.581 -106.574 -30.9356
vn -0.849526 -0.440128 0.290849
v 76.5773 -106.593 -30.985
vn -0.866736 -0.493877 0.0696745
v 76.5742 -106.589 -31.0299
vn -0.862276 -0.484698 -0.146795
v 76.5708 -106.567 -31.0625
vn -0.884452 -0.385196 -0.26338
v 76.5694 -106.53 -31.0961
vn -0.87785 -0.298808 -0.374291
v 76.5669 -106.462 -31.1319
vn -0.892076 -0.194399 -0.407933
v 76.5656 -106.389 -31.1584
vn -0.891231 -0.142306 -0.430646
v 76.5645 -106.235 -31.1946
vn -0.892599 -0.102034 -0.439155
v 76.5615 -106.043 -31.2418
vn -0.894345 -0.17132 -0.413275
v 76.5615 -106.043 -31.2418
vn -0.996825 -0.0529006 -0.0595077
v 76.5619 -106.02 -31.2589
vn -0.88607 -0.3124 -0.34247
v 76.5591 -105.998 -31.2821
vn -0.87119 -0.456339 -0.18106
v 76.5574 -105.995 -31.3053
vn -0.864779 -0.497715 0.0666093
v 76.5572 -106.006 -31.3268
vn -0.815279 -0.467834 0.341249
v 76.5558 -106.026 -31.3447
vn -0.828929 -0.271565 0.489008
v 76.5525 -106.074 -31.3663
vn -0.818366 -0.134437 0.558752
v 76.5523 -106.161 -31.3774
vn -0.822429 -0.0291369 0.568121
v 76.5498 -106.272 -31.3798
vn -0.819858 0.0338105 0.571567
v 76.551 -106.417 -31.364
vn -0.821469 0.0817368 0.564364
v -2.94756 -105.984 -31.4916
vn -0.270337 -0.119914 -0.955269
v -2.94714 -105.705 -31.4922
vn -0.262683 0.23157 -0.936682
v -2.85795 -105.704 -31.4916
vn 0.237059 0.151236 -0.959651
v -2.85837 -105.983 -31.4922
vn 0.262232 -0.228896 -0.937465
v -2.94765 -105.995 -30.8124
vn -0.281184 -0.932712 0.225797
v -2.95078 -105.995 -31.4788
vn -0.273874 -0.932456 -0.235622
v -2.86049 -105.996 -31.4788
vn 0.193901 -0.971834 -0.133944
v -2.86262 -105.996 -30.8135
vn 0.0916912 -0.991351 0.0938954
v -2.94511 -105.703 -30.8026
vn -0.271013 0.125012 0.954423
v -2.94956 -105.982 -30.802
vn -0.26567 -0.225644 0.937286
v -2.86018 -105.985 -30.8027
vn 0.263823 -0.124616 0.956488
v -2.85595 -105.706 -30.802
vn 0.249 0.251778 0.935204
v -2.94501 -105.692 -31.4819
vn -0.257248 0.925586 -0.277693
v -2.94702 -105.691 -30.8155
vn -0.266706 0.932877 0.242093
v -2.86208 -105.691 -30.8155
vn 0.0118205 0.99993 0.000804898
v -2.85583 -105.692 -31.4788
vn 0.285959 0.939827 -0.186956
v -2.9576 -105.982 -31.4788
vn -0.986 -0.0163378 -0.165942
v -2.95718 -105.985 -30.8155
vn -0.991902 -0.104722 0.0718571
v -2.95518 -105.705 -30.8155
vn -0.985636 0.0333446 0.16556
v -2.9547 -105.702 -31.4788
vn -0.989915 0.122161 -0.0717303
v -2.84791 -105.706 -30.8155
vn 0.974305 0.056078 0.218141
v -2.85111 -105.983 -30.8118
vn 0.985528 -0.0348873 0.165884
v -2.85033 -105.983 -31.4788
vn 0.97304 -0.0387419 -0.227359
v -2.84872 -105.706 -31.4824
vn 0.985801 0.00980863 -0.167634
v -2.85624 -105.995 -30.8155
vn 0.412556 -0.908917 0.0605574
v -2.85456 -105.694 -30.8134
vn 0.419781 0.894221 0.155411
v -2.9554 -105.986 -30.8112
vn -0.92206 -0.272611 0.274752
v -2.95544 -105.99 -31.4788
vn -0.905755 -0.404757 -0.125616
v -2.95291 -105.701 -31.483
vn -0.91805 0.286566 -0.273978
v -2.95287 -105.696 -30.8155
vn -0.900371 0.417147 0.123775
v -2.85263 -105.992 -30.8155
vn 0.900383 -0.417049 0.12402
v -2.84946 -105.698 -30.8149
vn 0.941642 0.333166 0.048067
v -2.85006 -105.697 -31.4788
vn 0.891809 0.418962 -0.170727
v -2.85195 -105.99 -31.4788
vn 0.925254 -0.362203 -0.112755
v -2.95466 -106.567 -30.8116
vn -0.225022 -0.61902 0.752449
v -2.9556 -107.032 -31.2831
vn -0.0627283 -0.684462 0.726345
v -2.87066 -107.033 -31.2831
vn 0.0513419 -0.68574 0.726034
v -2.86549 -106.568 -30.8117
vn 0.345881 -0.590616 0.729067
v -2.94959 -106.216 -30.8022
vn -0.228345 0.162096 0.959991
v -2.95245 -106.544 -30.8022
vn -0.349099 -0.103554 0.931346
v -2.86328 -106.545 -30.802
vn 0.226528 -0.102674 0.968578
v -2.86041 -106.217 -30.802
vn 0.265348 0.228267 0.936741
v -2.94522 -106.202 -31.4788
vn -0.0102975 0.983803 -0.178956
v -2.9475 -106.203 -30.8135
vn -0.0923058 0.991247 0.0943911
v -2.86655 -106.203 -30.8155
vn 0.0740862 0.983378 0.16577
v -2.8603 -106.204 -31.4788
vn 0.134812 0.962799 -0.234189
v -2.9518 -106.47 -31.4916
vn -0.252416 -0.177411 -0.951216
v -2.9516 -106.216 -31.4922
vn -0.229004 0.26154 -0.937632
v -2.86219 -106.215 -31.4915
vn 0.264039 0.120969 -0.956896
v -2.86261 -106.469 -31.4922
vn 0.244972 -0.263453 -0.933049
v -2.95073 -106.475 -30.9946
vn -0.0644478 -0.996066 -0.0608182
v -2.95391 -106.481 -31.4788
vn -0.244098 -0.935269 -0.256296
v -2.86473 -106.482 -31.4788
vn 0.248567 -0.955955 -0.156088
v -2.86267 -106.476 -30.9931
vn 0.0485471 -0.99688 -0.0622316
v -2.95834 -106.989 -31.4828
vn -0.22272 0.643242 -0.732554
v -2.95081 -106.485 -30.9896
vn -0.0915949 0.665305 -0.740931
v -2.86589 -106.486 -30.9896
vn 0.103193 0.663849 -0.740713
v -2.86604 -106.99 -31.4826
vn 0.202735 0.605772 -0.769376
v -2.95909 -107.305 -31.4916
vn -0.236151 -0.166475 -0.95735
v -2.96077 -107.011 -31.4909
vn -0.203674 0.116277 -0.972109
v -2.86735 -107.012 -31.4922
vn 0.165621 0.0835196 -0.982647
v -2.8699 -107.304 -31.4922
vn 0.316424 -0.268515 -0.909822
v -2.95495 -107.318 -30.8155
vn -0.0875583 -0.977898 0.189864
v -2.9612 -107.317 -31.4788
vn -0.285851 -0.939849 -0.187012
v -2.87203 -107.317 -31.4819
vn 0.25572 -0.929564 -0.265554
v -2.87253 -107.317 -30.8113
vn 0.111842 -0.970657 0.212874
v -2.95686 -107.05 -30.8026
vn -0.251264 0.181431 0.950762
v -2.96109 -107.303 -30.802
vn -0.249052 -0.251722 0.935205
v -2.87162 -107.306 -30.8027
vn 0.242624 -0.148348 0.958711
v -2.86771 -107.053 -30.802
vn 0.265271 0.228466 0.936715
v -2.95568 -107.042 -31.279
vn -0.04675 0.996902 0.0632569
v -2.95833 -107.04 -30.8155
vn -0.237989 0.967106 0.089813
v -2.86903 -107.04 -30.8137
vn 0.23788 0.965344 0.107351
v -2.86763 -107.044 -31.2806
vn 0.0665336 0.995681 0.0647466
v -2.95965 -106.216 -31.4788
vn -0.973891 0.0406603 -0.223345
v -2.96103 -106.468 -31.4824
vn -0.986051 -0.0110512 -0.166075
v -2.96178 -106.461 -30.9473
vn -0.998342 -0.0575592 0.000675623
v -2.96913 -107.303 -30.8155
vn -0.974263 -0.0564431 0.218234
v -2.96609 -107.052 -30.8119
vn -0.985444 0.0352155 0.166312
v -2.96683 -107.047 -31.3207
vn -0.916005 0.395975 0.0643233
v -2.96832 -107.303 -31.4824
vn -0.985827 -0.00942862 -0.167502
v -2.96652 -107.004 -31.4788
vn -0.999912 0.0116745 -0.0062786
v -2.96178 -106.461 -30.9473
vn -0.999829 0.0166276 -0.00804841
v -2.96258 -106.552 -30.8155
vn -0.999962 0.00591448 0.00642928
v -2.95883 -106.216 -30.8118
vn -0.980974 0.0644617 0.183123
v -2.8601 -107.052 -31.3172
vn 0.990141 0.134294 0.0398118
v -2.86008 -107.05 -30.8155
vn 0.991803 0.105475 0.072117
v -2.86267 -107.304 -30.8118
vn 0.980348 -0.0598369 0.18798
v -2.86186 -107.304 -31.4788
vn 0.972961 -0.0393095 -0.227598
v -2.85924 -107.005 -31.4788
vn 0.999968 -0.00313252 -0.00738826
v -2.85451 -106.462 -30.9473
vn 0.999976 -0.00661755 -0.00213532
v -2.8553 -106.553 -30.8155
vn 0.999876 -0.0140495 0.00709235
v -2.85237 -106.217 -30.8155
vn 0.999978 -0.00592665 0.00281627
v -2.85451 -106.462 -30.9473
vn 0.999935 -0.0114309 3.49195e-05
v -2.85237 -106.217 -31.4788
vn 0.999988 -0.00481889 -0.000764299
v -2.85568 -106.468 -31.483
vn 0.973032 -0.0417172 -0.226868
v -2.96349 -107.041 -31.298
vn -0.849741 -0.342928 0.400425
v -2.95414 -107.037 -31.2859
vn -0.0855992 -0.153274 0.984469
v -2.96031 -106.56 -30.8121
vn -0.900574 -0.253819 0.352905
v -2.86123 -106.567 -30.812
vn 0.504694 -0.616917 0.603903
v -2.87221 -107.038 -31.2859
vn 0.0891606 -0.153954 0.984047
v -2.86533 -107.036 -31.2887
vn 0.542807 -0.570228 0.616604
v -2.86327 -107.046 -31.2909
vn 0.819684 0.530942 0.214983
v -2.86733 -107.04 -31.2874
vn 0.840758 -0.0112875 0.541294
v -2.9567 -106.545 -30.8034
vn -0.517505 0.0041591 0.85567
v -2.8576 -106.549 -30.807
vn 0.887912 -0.110031 0.44666
v -2.95373 -106.205 -30.8155
vn -0.554476 0.832199 9.37176e-05
v -2.95373 -106.205 -31.4788
vn -0.407994 0.892249 -0.193473
v -2.85808 -106.206 -31.4788
vn 0.5421 0.839016 -0.0466923
v -2.85808 -106.206 -30.8155
vn 0.472627 0.880019 0.0467934
v -2.94924 -106.477 -30.9891
vn -0.101302 -0.807963 -0.580459
v -2.95609 -106.473 -30.9885
vn -0.607122 -0.793741 -0.0371369
v -2.95857 -106.477 -30.9759
vn -0.889194 0.25699 -0.378536
v -2.95412 -106.477 -30.9874
vn -0.852053 -0.38781 -0.35158
v -2.85547 -106.471 -30.9678
vn 0.834141 -0.545667 -0.0803526
v -2.8657 -106.478 -30.9889
vn 0.0686561 -0.876258 -0.476927
v -2.86245 -106.478 -30.9874
vn 0.847811 -0.399034 -0.349268
v -2.94927 -106.481 -30.9877
vn -0.0800435 0.120888 -0.989434
v -2.95414 -106.479 -30.9862
vn -0.83386 0.0180483 -0.55168
v -2.96411 -106.996 -31.4822
vn -0.886601 0.25127 -0.388333
v -2.86216 -107 -31.4846
vn 0.896583 0.21419 -0.387635
v -2.86735 -106.481 -30.9877
vn 0.0894637 0.105464 -0.990391
v -2.86051 -106.484 -30.9849
vn 0.639674 0.466987 -0.610524
v -2.96343 -107.316 -30.8155
vn -0.474473 -0.878177 0.0606692
v -2.86777 -107.317 -30.8155
vn 0.540519 -0.839226 0.0594883
v -2.95417 -107.041 -31.2846
vn -0.0891134 0.778771 0.620946
v -2.95906 -107.041 -31.2863
vn -0.852908 0.383156 0.354598
v -2.87224 -107.042 -31.2846
vn 0.0958195 0.777648 0.621355
v -2.86735 -107.042 -31.2863
vn 0.839951 0.372476 0.394644
v -2.95802 -106.209 -31.4788
vn -0.913091 0.392409 -0.110815
v -2.95734 -106.208 -30.8155
vn -0.880687 0.467149 0.0785001
v -2.96467 -107.048 -31.2977
vn -0.82199 0.569488 -0.00399843
v -2.96463 -107.044 -30.8155
vn -0.880792 0.459536 0.114157
v -2.96757 -107.311 -30.8149
vn -0.941748 -0.332872 0.0480361
v -2.96697 -107.312 -31.4788
vn -0.892245 -0.418094 -0.170575
v -2.95963 -106.47 -30.9763
vn -0.826576 -0.562792 0.00615067
v -2.95968 -106.476 -31.4788
vn -0.895702 -0.420348 -0.145003
v -2.8543 -106.213 -31.4824
vn 0.940232 0.25051 -0.23067
v -2.8563 -106.476 -31.48
vn 0.914888 -0.384767 -0.122206
v -2.85687 -106.477 -30.9738
vn 0.862974 0.349469 -0.364893
v -2.86354 -107.312 -31.4794
vn 0.915413 -0.382641 -0.12492
v -2.86417 -107.313 -30.8155
vn 0.883811 -0.458463 0.0932192
v -2.86186 -107.049 -30.8112
vn 0.921951 0.27405 0.273683
v -2.86181 -107.043 -31.3001
vn 0.847592 -0.38117 0.369185
v -2.85424 -106.214 -30.8112
vn 0.931638 0.221735 0.287898
v -2.96358 -107.82 -31.4916
vn -0.237393 -0.168437 -0.956699
v -2.96316 -107.541 -31.4922
vn -0.262117 0.228618 -0.937565
v -2.87397 -107.54 -31.4916
vn 0.270456 0.119806 -0.955249
v -2.87439 -107.819 -31.4922
vn 0.316471 -0.268719 -0.909745
v -2.96424 -107.833 -31.2249
vn -0.0702519 -0.996585 -0.04339
v -2.9657 -107.832 -31.4788
vn -0.334741 -0.893507 -0.299322
v -2.87657 -107.832 -31.4825
vn 0.255743 -0.92945 -0.26593
v -2.87432 -107.833 -31.2247
vn 0.00946205 -0.996404 -0.084199
v -2.96781 -108.304 -31.2134
vn -0.238924 -0.151569 -0.959136
v -2.96351 -107.844 -31.2146
vn -0.0978183 -0.0400202 -0.994399
v -2.87692 -107.845 -31.2146
vn 0.0968205 -0.0415093 -0.994436
v -2.87862 -108.303 -31.214
vn 0.26365 -0.231979 -0.936309
v -2.96785 -108.316 -31.0997
vn -0.244744 -0.928781 0.278327
v -2.96717 -108.315 -31.2047
vn -0.286051 -0.928095 -0.238359
v -2.87896 -108.316 -31.2035
vn 0.162449 -0.98436 -0.0681648
v -2.87985 -108.316 -31.0989
vn 0.251659 -0.951101 0.179097
v -2.96351 -107.844 -31.0879
vn -0.097225 -0.0398345 0.994465
v -2.9698 -108.302 -31.0885
vn -0.244434 -0.246408 0.937835
v -2.88043 -108.305 -31.0891
vn 0.258347 -0.12167 0.95836
v -2.87692 -107.845 -31.0879
vn 0.0973297 -0.0417049 0.994378
v -2.9659 -107.833 -30.9393
vn -0.051386 -0.996627 -0.0639831
v -2.96424 -107.833 -31.0775
vn -0.107943 -0.993055 0.0467991
v -2.87432 -107.833 -31.0777
vn 0.00964075 -0.996367 0.0846141
v -2.87432 -107.833 -30.9393
vn 0.009613 -0.996227 -0.0862495
v -2.96809 -108.336 -30.9283
vn -0.233473 -0.148332 -0.960983
v -2.96351 -107.844 -30.9291
vn -0.0979271 -0.0399396 -0.994392
v -2.87692 -107.845 -30.9291
vn 0.096975 -0.0414454 -0.994424
v -2.87892 -108.337 -30.9285
vn 0.258713 -0.227966 -0.938669
v -2.96814 -108.349 -30.813
vn -0.272563 -0.944782 0.181927
v -2.96764 -108.35 -30.9183
vn -0.286605 -0.928398 -0.236507
v -2.87925 -108.35 -30.918
vn 0.162669 -0.984326 -0.0681222
v -2.87947 -108.35 -30.8096
vn 0.192534 -0.936308 0.293697
v -2.9569 -107.541 -30.8011
vn -0.0773556 0.183657 0.979942
v -2.9701 -108.336 -30.802
vn -0.248814 -0.251207 0.935407
v -2.88517 -108.337 -30.8011
vn 0.0650046 -0.183594 0.98085
v -2.87198 -107.542 -30.802
vn 0.150179 0.209601 0.966185
v -2.96103 -107.528 -31.4788
vn -0.191815 0.971299 -0.140661
v -2.95891 -107.528 -30.8135
vn -0.09089 0.991683 0.0911285
v -2.87387 -107.529 -30.8155
vn 0.238508 0.964917 0.109765
v -2.87231 -107.529 -31.4846
vn 0.128141 0.978491 -0.161665
v -2.97289 -107.822 -30.9223
vn -0.973445 -0.0945253 -0.208493
v -2.97725 -108.336 -30.9214
vn -0.945142 -0.0713474 -0.318772
v -2.97734 -108.34 -30.8149
vn -0.984082 -0.177415 0.010359
v -2.97121 -107.541 -30.8155
vn -0.999925 0.0121193 0.00202723
v -2.97292 -107.825 -31.0981
vn -0.991777 -0.0849946 0.0956829
v -2.97121 -107.541 -31.4788
vn -0.972871 0.0390646 -0.228027
v -2.97284 -107.818 -31.4825
vn -0.985529 -0.0164781 -0.168702
v -2.97363 -107.818 -31.2005
vn -0.999965 0.0080734 -0.00220355
v -2.97704 -108.306 -31.1013
vn -0.987786 -0.149431 0.0441445
v -2.97696 -108.302 -31.2068
vn -0.949712 -0.247459 -0.191862
v -2.86719 -107.826 -31.2043
vn 0.9902 -0.102484 -0.0948779
v -2.86719 -107.823 -31.4791
vn 0.977516 -0.194421 -0.0816316
v -2.86393 -107.542 -31.4788
vn 0.999986 -0.00531868 -0.00074394
v -2.87132 -108.337 -30.8124
vn 0.997238 -0.00993099 0.0736096
v -2.87176 -108.337 -30.9214
vn 0.945459 -0.219815 -0.240391
v -2.86635 -107.819 -30.9151
vn 0.999953 -0.00958415 -0.00125632
v -2.86393 -107.542 -30.8155
vn 0.999965 -0.00655619 0.00517071
v -2.86716 -107.823 -31.0947
vn 0.971811 -0.110804 0.2081
v -2.87145 -108.307 -31.2009
vn 0.980154 -0.187987 -0.062914
v -2.87147 -108.303 -31.0956
vn 0.945703 -0.243126 0.215722
v -2.9629 -107.835 -31.2192
vn -0.0559619 -0.888237 -0.455964
v -2.96792 -107.831 -31.2247
vn -0.644603 -0.740639 -0.189581
v -2.96803 -107.842 -31.2127
vn -0.626365 -0.191057 -0.755754
v -2.87226 -107.832 -31.2247
vn 0.639572 -0.745255 -0.188531
v -2.87738 -107.836 -31.2192
vn 0.0490886 -0.858148 -0.51105
v -2.87237 -107.844 -31.2127
vn 0.624566 -0.200831 -0.754708
v -2.87739 -107.838 -31.2174
vn 0.0473549 -0.477153 -0.877544
v -2.96291 -107.837 -31.2174
vn -0.103274 -0.476164 -0.873271
v -2.88324 -108.315 -31.2088
vn 0.0916447 -0.885565 -0.455385
v -2.96292 -107.838 -31.0858
vn -0.104631 -0.476306 0.873032
v -2.96803 -107.842 -31.0898
vn -0.616153 -0.190412 0.764263
v -2.96792 -107.831 -31.0777
vn -0.64655 -0.738743 0.190345
v -2.87237 -107.844 -31.0898
vn 0.614703 -0.200505 0.762848
v -2.87912 -107.84 -31.0859
vn 0.0533355 -0.476945 0.877314
v -2.87226 -107.832 -31.0777
vn 0.640735 -0.744416 0.187891
v -2.96118 -107.834 -31.0814
vn -0.0631416 -0.893063 0.445479
v -2.9629 -107.835 -30.9337
vn -0.055848 -0.892306 -0.447962
v -2.96792 -107.831 -30.9393
vn -0.646032 -0.739437 -0.18941
v -2.96803 -107.842 -30.9272
vn -0.61614 -0.190611 -0.764225
v -2.87226 -107.832 -30.9393
vn 0.641249 -0.743739 -0.188817
v -2.87738 -107.836 -30.9337
vn 0.0485951 -0.863084 -0.502717
v -2.87237 -107.844 -30.9272
vn 0.614289 -0.200238 -0.763252
v -2.87571 -107.835 -31.0824
vn 0.0509793 -0.873875 0.48347
v -2.87739 -107.838 -30.9319
vn 0.0473549 -0.477153 -0.877544
v -2.96291 -107.837 -30.9319
vn -0.103274 -0.476164 -0.873271
v -2.87678 -108.349 -30.8155
vn 0.436736 -0.898201 0.0499622
v -2.88354 -108.349 -30.9234
vn 0.0919502 -0.886493 -0.453515
v -2.96539 -107.541 -30.8034
vn -0.448179 0.0608233 0.891872
v -2.86975 -107.542 -30.8034
vn 0.51464 0.0517317 0.855845
v -2.87668 -108.337 -30.8034
vn 0.447875 -0.0607711 0.892028
v -2.96529 -107.529 -30.8155
vn -0.412207 0.909089 0.0603552
v -2.86963 -107.53 -31.4788
vn 0.440096 0.896558 -0.0499946
v -2.97184 -107.831 -31.212
vn -0.958954 -0.176251 -0.222132
v -2.97135 -107.827 -31.48
vn -0.895802 -0.421189 -0.14191
v -2.96958 -107.534 -31.4788
vn -0.925225 0.362304 -0.112669
v -2.96965 -107.541 -30.8081
vn -0.942463 0.0528202 0.330112
v -2.9689 -107.533 -30.8155
vn -0.900536 0.416789 0.123783
v -2.97591 -108.336 -30.807
vn -0.898182 -0.118559 0.423335
v -2.97561 -108.302 -31.0934
vn -0.89858 -0.120454 0.421953
v -2.87281 -108.303 -31.2091
vn 0.894138 -0.0643872 -0.443139
v -2.86802 -107.834 -30.9226
vn 0.962655 -0.193694 -0.189153
v -2.8731 -108.337 -30.807
vn 0.907294 -0.264393 0.326977
v -2.86543 -107.535 -30.8155
vn 0.930692 0.347774 0.113423
v -2.86617 -107.542 -30.807
vn 0.894788 0.0485387 0.443844
v -2.86586 -107.537 -31.4824
vn 0.945405 0.227748 -0.23311
v -2.86858 -107.819 -31.4873
vn 0.893952 -0.0652151 -0.443392
v -2.97841 -109.288 -30.9507
vn -0.318993 0.919189 0.230944
v -2.97896 -109.352 -30.8317
vn -0.197301 0.709556 0.676463
v -2.89002 -109.353 -30.8309
vn 0.240354 0.715607 0.655848
v -2.88611 -109.29 -30.9511
vn 0.265542 0.925606 0.269707
v -2.97775 -109.29 -30.9655
vn -0.232368 0.717838 -0.656288
v -2.89125 -109.29 -30.9648
vn 0.208629 0.734745 -0.645464
v -2.88709 -109.338 -31.0055
vn 0.212166 0.696819 -0.685149
v -2.97898 -109.354 -31.0251
vn -0.0555897 0.780458 -0.622732
v -2.88965 -109.388 -31.0902
vn 0.0577604 0.947775 -0.313667
v -2.97928 -109.389 -31.0878
vn -0.0375658 0.942301 -0.332653
v -2.97621 -109.395 -31.1285
vn -0.0409594 0.995984 -0.0796187
v -2.89128 -109.396 -31.1679
vn 0.0567386 0.997285 0.0469449
v -2.97931 -109.392 -31.1902
vn -0.0365116 0.983316 0.178203
v -2.88806 -109.384 -31.2185
vn 0.0521623 0.923041 0.38115
v -2.97909 -109.366 -31.2512
vn -0.042508 0.854555 0.517618
v -2.88781 -109.356 -31.2701
vn 0.0604802 0.800909 0.595724
v -2.97704 -109.311 -31.3132
vn -0.0731756 0.604473 0.793257
v -2.88718 -109.285 -31.3316
vn 0.0681143 0.567954 0.820237
v -2.97497 -109.253 -31.3469
vn -0.0433496 0.420397 0.906304
v -2.88662 -109.219 -31.3601
vn 0.0433296 0.282213 0.958373
v -2.97747 -109.181 -31.37
vn -0.0412099 0.228428 0.972688
v -2.88593 -109.141 -31.3767
vn 0.0442887 0.12282 0.99144
v -2.97652 -109.072 -31.3811
vn -0.0428952 0.0683268 0.99674
v -2.88534 -109.073 -31.3811
vn 0.0768533 0.038294 0.996307
v -2.97027 -109.072 -31.3802
vn 0.0105992 -2.65478e-05 -0.999944
v -2.8916 -109.073 -31.3802
vn -0.0105986 7.96404e-05 -0.999944
v -2.97305 -109.001 -31.4915
vn -0.179992 0.915699 0.359302
v -2.97545 -109.055 -31.3908
vn -0.348571 0.746959 0.566172
v -2.88566 -109.057 -31.3874
vn 0.286453 0.384022 0.877765
v -2.88747 -109.001 -31.4941
vn 0.216404 0.954259 0.2063
v -2.97364 -109.1 -31.5028
vn -0.0441793 -0.0217915 -0.998786
v -2.97246 -109.003 -31.5017
vn -0.122836 0.330457 -0.935793
v -2.8851 -109.045 -31.5032
vn 0.239631 -0.00822187 -0.970829
v -2.88928 -109.166 -31.4998
vn 0.0764081 -0.0710846 -0.994539
v -2.9323 -109.229 -31.4948
vn -0.000710937 -0.116339 -0.993209
v -2.97723 -109.334 -31.4757
vn -0.078021 -0.209549 -0.97468
v -2.89067 -109.326 -31.4785
vn 0.0781537 -0.20035 -0.976602
v -2.893 -109.414 -31.4562
vn 0.0435636 -0.303729 -0.951762
v -2.97848 -109.477 -31.433
vn -0.0826054 -0.380437 -0.92111
v -2.89093 -109.534 -31.4062
vn 0.0789998 -0.476658 -0.875532
v -2.97942 -109.584 -31.3753
vn -0.0759227 -0.579085 -0.811724
v -2.8933 -109.627 -31.3406
vn 0.0879964 -0.685453 -0.72278
v -2.97853 -109.661 -31.3021
vn -0.0848178 -0.793641 -0.602445
v -2.89384 -109.688 -31.2599
vn 0.0859288 -0.889452 -0.448877
v -2.98049 -109.706 -31.2142
vn -0.065829 -0.958326 -0.277988
v -2.89406 -109.713 -31.1906
vn 0.081368 -0.97852 -0.189412
v -2.97746 -109.717 -31.1277
vn -0.0562774 -0.99821 0.0202447
v -2.89252 -109.717 -31.1237
vn 0.0540882 -0.996875 0.0575809
v -2.97735 -109.705 -31.0642
vn -0.0580052 -0.949963 0.306929
v -2.89393 -109.699 -31.0492
vn 0.0463339 -0.921035 0.386715
v -2.97709 -109.675 -31.0046
vn -0.0528753 -0.836035 0.546122
v -2.89329 -109.626 -30.9469
vn 0.0575343 -0.722099 0.689393
v -2.97971 -109.617 -30.9411
vn -0.0401566 -0.662215 0.748237
v -2.8924 -109.523 -30.8776
vn 0.0639498 -0.494393 0.866883
v -2.97715 -109.502 -30.8674
vn -0.0685897 -0.445947 0.892427
v -2.89162 -109.435 -30.8411
vn 0.0392409 -0.305757 0.951301
v -2.97684 -109.368 -30.8232
vn -0.13707 -0.185369 0.973062
v -2.88682 -109.372 -30.8239
vn 0.22781 -0.126282 0.965482
v -2.98346 -109.066 -31.3906
vn -0.649565 0.144352 0.746477
v -2.98361 -109.013 -31.4895
vn -0.965341 0.169791 -0.19821
v -2.98889 -109.619 -31.3328
vn -0.997861 -0.038848 -0.0525698
v -2.98898 -109.681 -31.2564
vn -0.992461 -0.106649 -0.0603854
v -2.98922 -109.708 -31.1365
vn -0.99822 -0.0596239 0.00137777
v -2.98896 -109.679 -31.0268
vn -0.992606 -0.104519 0.0617226
v -2.98822 -109.567 -30.9199
vn -0.994509 -0.0493233 0.0923037
v -2.98532 -109.364 -30.8309
vn -0.972796 0.100713 0.208626
v -2.98561 -109.294 -30.9544
vn -0.948509 0.307055 -0.0777706
v -2.98744 -109.402 -31.0972
vn -0.995028 0.0963893 -0.0250834
v -2.98747 -109.404 -31.193
vn -0.992966 0.11542 0.0263974
v -2.98648 -109.33 -31.3064
vn -0.996836 0.0605875 0.0514488
v -2.98767 -109.53 -31.3997
vn -0.994639 -0.0357318 -0.0970384
v -2.98535 -109.263 -31.4787
vn -0.994217 -0.00891 -0.107019
v -2.98526 -109.202 -31.375
vn -0.993976 0.0298294 0.105457
v -2.8797 -109.298 -30.956
vn 0.954899 0.269607 -0.12442
v -2.88128 -109.361 -30.8332
vn 0.967071 0.129072 0.219349
v -2.88238 -109.578 -30.9254
vn 0.99334 -0.0760628 0.0865457
v -2.88047 -109.386 -31.064
vn 0.995259 0.0890586 -0.0390818
v -2.8835 -109.682 -31.0342
vn 0.996481 -0.0759087 0.0355485
v -2.88015 -109.375 -31.2558
vn 0.996 0.0749081 0.0487202
v -2.88365 -109.7 -31.2121
vn 0.997237 -0.0723469 -0.016865
v -2.88169 -109.474 -31.4262
vn 0.995791 -0.0452766 -0.0796829
v -2.87985 -109.264 -31.4787
vn 0.993961 -0.0285767 -0.105945
v -2.87939 -109.261 -31.3545
vn 0.997452 0.0214028 0.0680499
v -2.87809 -109.061 -31.3935
vn 0.951722 0.173776 0.253036
v -2.87816 -109.012 -31.4929
vn 0.981732 0.135746 -0.133325
v -2.9782 -109.009 -31.5011
vn -0.517671 0.037606 -0.854753
v -2.88446 -109.005 -31.5006
vn 0.363757 0.280061 -0.888396
v -2.98101 -109.331 -30.9961
vn -0.506888 0.600462 -0.618474
v -2.88342 -109.366 -31.0336
vn 0.554954 0.698589 -0.451664
v -2.98135 -109.37 -31.0435
vn -0.506567 0.73443 -0.451666
v -2.88587 -109.389 -31.0875
vn 0.577014 0.77892 -0.245639
v -2.98155 -109.393 -31.1015
vn -0.505835 0.84068 -0.193358
v -2.88594 -109.399 -31.1345
vn 0.502426 0.863041 -0.0522402
v -2.9816 -109.398 -31.1527
vn -0.521785 0.85281 0.0213442
v -2.98153 -109.39 -31.2051
vn -0.439027 0.871155 0.219875
v -2.8859 -109.394 -31.1905
vn 0.499727 0.847269 0.180024
v -2.98141 -109.376 -31.2393
vn -0.537615 0.753615 0.378199
v -2.88456 -109.367 -31.2555
vn 0.536385 0.720162 0.440065
v -2.98115 -109.346 -31.2823
vn -0.515554 0.64883 0.559664
v -2.8853 -109.325 -31.3042
vn 0.541054 0.547769 0.638129
v -2.98085 -109.312 -31.3145
vn -0.506398 0.525033 0.684033
v -2.98048 -109.269 -31.3406
vn -0.530786 0.387556 0.753702
v -2.88482 -109.27 -31.3407
vn 0.518961 0.381145 0.76512
v -2.97987 -109.2 -31.3663
vn -0.51633 0.220571 0.827497
v -2.8843 -109.211 -31.3643
vn 0.520961 0.232887 0.821196
v -2.97875 -109.072 -31.3825
vn -0.512076 0.0781126 0.855381
v -2.88369 -109.141 -31.3781
vn 0.509922 0.0992954 0.85447
v -2.8831 -109.073 -31.3824
vn 0.51713 -0.00271017 0.855903
v -2.97653 -109.072 -31.3811
vn 0.142401 -0.0010699 -0.989809
v -2.98099 -109.072 -31.3838
vn 0.517145 -0.00518132 -0.855882
v -2.97653 -109.072 -31.3811
vn 0.517145 -0.00518132 -0.855882
v -2.88534 -109.073 -31.3811
vn -0.142512 0.000356821 -0.989793
v -2.88086 -109.072 -31.3837
vn -0.501898 0 -0.864927
v -2.88534 -109.073 -31.3811
vn -0.501898 0 -0.864927
v -2.97752 -109.186 -31.4975
vn -0.521317 -0.0559927 -0.851524
v -2.88445 -109.227 -31.4914
vn 0.516931 -0.104494 -0.849625
v -2.98079 -109.305 -31.4797
vn -0.521749 -0.151908 -0.839465
v -2.8877 -109.344 -31.474
vn 0.503492 -0.209752 -0.838153
v -2.98201 -109.444 -31.4429
vn -0.530549 -0.28337 -0.798886
v -2.88663 -109.476 -31.4316
vn 0.505733 -0.333416 -0.795655
v -2.98301 -109.559 -31.3904
vn -0.524278 -0.408664 -0.747079
v -2.88735 -109.56 -31.3904
vn 0.480336 -0.463174 -0.744814
v -2.98342 -109.606 -31.3576
vn -0.523186 -0.53821 -0.660762
v -2.88776 -109.607 -31.3576
vn 0.458044 -0.566654 -0.684908
v -2.98375 -109.644 -31.3211
vn -0.515897 -0.634891 -0.575121
v -2.88809 -109.645 -31.3211
vn 0.497054 -0.644002 -0.581549
v -2.98401 -109.675 -31.281
vn -0.50908 -0.723625 -0.466052
v -2.88837 -109.676 -31.281
vn 0.484238 -0.740774 -0.465584
v -2.98421 -109.697 -31.2373
vn -0.54155 -0.781808 -0.309029
v -2.88856 -109.698 -31.2373
vn 0.446442 -0.832268 -0.328664
v -2.98433 -109.711 -31.1903
vn -0.475527 -0.864366 -0.163539
v -2.88867 -109.712 -31.1903
vn 0.446545 -0.879348 -0.165362
v -2.98436 -109.714 -31.1238
vn -0.539241 -0.84089 0.0460735
v -2.88872 -109.716 -31.1399
vn 0.531919 -0.846389 -0.0262352
v -2.88869 -109.713 -31.0999
vn 0.55269 -0.815742 0.170581
v -2.98425 -109.701 -31.0611
vn -0.456488 -0.838066 0.29877
v -2.89073 -109.69 -31.0304
vn 0.513926 -0.776227 0.365174
v -2.98407 -109.681 -31.0163
vn -0.48057 -0.749167 0.455853
v -2.88823 -109.661 -30.9883
vn 0.506711 -0.682492 0.526734
v -2.98374 -109.644 -30.9678
vn -0.517372 -0.644163 0.563365
v -2.88785 -109.618 -30.9418
vn 0.498926 -0.573673 0.649593
v -2.98331 -109.594 -30.9235
vn -0.5458 -0.497712 0.674081
v -2.88736 -109.561 -30.9005
vn 0.495002 -0.435324 0.751975
v -2.98268 -109.521 -30.8792
vn -0.510819 -0.385364 0.768478
v -2.88645 -109.458 -30.8514
vn 0.514546 -0.304536 0.801561
v -2.98191 -109.434 -30.8428
vn -0.527402 -0.267039 0.806559
v -2.98427 -109.141 -31.3839
vn -0.860302 0.0583336 0.506436
v -2.98497 -109.221 -31.3669
vn -0.853856 0.138777 0.501667
v -2.9842 -109.287 -31.3359
vn -0.851689 0.254417 0.458146
v -2.98456 -109.327 -31.3075
vn -0.853788 0.34623 0.388807
v -2.98484 -109.359 -31.273
vn -0.854044 0.416897 0.311137
v -2.98507 -109.385 -31.2274
vn -0.851402 0.493011 0.179037
v -2.98588 -109.401 -31.1482
vn -0.847979 0.530009 0.00479219
v -2.98509 -109.388 -31.0743
vn -0.844203 0.511251 -0.161072
v -2.98493 -109.369 -31.0361
vn -0.860764 0.422586 -0.283736
v -2.98548 -109.432 -30.8462
vn -0.866212 -0.15264 0.475792
v -2.98624 -109.52 -30.8824
vn -0.856686 -0.238644 0.457316
v -2.98554 -109.593 -30.9246
vn -0.866185 -0.31395 0.388793
v -2.98734 -109.647 -30.9768
vn -0.863583 -0.375619 0.336356
v -2.9863 -109.68 -31.017
vn -0.857692 -0.438494 0.268493
v -2.98647 -109.701 -31.0616
vn -0.870839 -0.472796 0.134549
v -2.98724 -109.711 -31.1586
vn -0.857824 -0.513163 -0.0283093
v -2.98775 -109.694 -31.2359
vn -0.862461 -0.469048 -0.190143
v -2.98756 -109.672 -31.279
vn -0.863698 -0.423919 -0.272613
v -2.98731 -109.641 -31.3187
vn -0.854959 -0.381303 -0.351645
v -2.98697 -109.604 -31.3548
vn -0.865345 -0.312789 -0.391588
v -2.98646 -109.544 -31.3944
vn -0.863088 -0.247268 -0.440383
v -2.98451 -109.475 -31.4303
vn -0.847955 -0.184 -0.497108
v -2.98485 -109.36 -31.4652
vn -0.859556 -0.113972 -0.498171
v -2.98292 -109.216 -31.4899
vn -0.858999 -0.0461438 -0.509893
v -2.8815 -109.145 -31.4984
vn 0.857967 -0.0375347 -0.512332
v -2.8823 -109.315 -31.4753
vn 0.858092 -0.109375 -0.501713
v -2.88439 -109.476 -31.4303
vn 0.855414 -0.204473 -0.475875
v -2.88294 -109.618 -31.3334
vn 0.989505 -0.107279 -0.0968083
v -2.88376 -109.558 -31.3873
vn 0.868658 -0.264455 -0.418923
v -2.88417 -109.604 -31.3548
vn 0.861412 -0.325964 -0.389509
v -2.8845 -109.642 -31.3187
vn 0.849626 -0.395126 -0.3493
v -2.88476 -109.673 -31.279
vn 0.858145 -0.435235 -0.272319
v -2.88496 -109.695 -31.2359
vn 0.857099 -0.479986 -0.187068
v -2.88507 -109.708 -31.1896
vn 0.868455 -0.487259 -0.0914593
v -2.88374 -109.71 -31.1241
vn 0.990737 -0.135432 0.00986646
v -2.88511 -109.712 -31.132
vn 0.834195 -0.551393 0.00914919
v -2.88569 -109.703 -31.0735
vn 0.838372 -0.521227 0.159545
v -2.88473 -109.669 -31.0042
vn 0.829273 -0.462582 0.313565
v -2.88438 -109.629 -30.9573
vn 0.871883 -0.345268 0.347289
v -2.8851 -109.558 -30.9025
vn 0.861686 -0.260053 0.43574
v -2.88162 -109.466 -30.8613
vn 0.989612 -0.0586466 0.131256
v -2.88281 -109.45 -30.8527
vn 0.863563 -0.180366 0.470879
v -2.88068 -109.359 -31.0167
vn 0.871271 0.345584 -0.348509
v -2.88089 -109.383 -31.0538
vn 0.855434 0.465158 -0.227729
v -2.88106 -109.402 -31.1106
vn 0.859168 0.507845 -0.0626428
v -2.88237 -109.399 -31.1837
vn 0.871776 0.484161 0.0748013
v -2.88096 -109.391 -31.221
vn 0.861369 0.468253 0.196933
v -2.88203 -109.36 -31.273
vn 0.858982 0.404717 0.313614
v -2.88088 -109.305 -31.3251
vn 0.856718 0.291228 0.4257
v -2.88105 -109.247 -31.3554
vn 0.863085 0.183071 0.470711
v -2.87915 -109.183 -31.377
vn 0.858178 0.111347 0.501131
v -2.97211 -108.745 -31.157
vn -0.0581548 -0.997342 0.0438961
v -2.88251 -108.749 -31.1117
vn 0.0355151 -0.979918 -0.196213
v -2.97065 -108.757 -31.0758
vn -0.0492924 -0.944874 -0.323702
v -2.88269 -108.77 -31.049
vn 0.0388036 -0.857315 -0.513328
v -2.97407 -108.792 -31.0187
vn -0.0529622 -0.769039 -0.637003
v -2.88302 -108.807 -31.0013
vn 0.0451302 -0.701589 -0.711151
v -2.97472 -108.866 -30.959
vn -0.0658305 -0.471412 -0.879453
v -2.88346 -108.859 -30.9626
vn 0.0314916 -0.477837 -0.877884
v -2.88404 -108.924 -30.9341
vn 0.0405497 -0.280693 -0.958941
v -2.97555 -108.961 -30.9242
vn -0.0480687 -0.226495 -0.972826
v -2.88473 -109.004 -30.9175
vn 0.0422432 -0.102717 -0.993813
v -2.9748 -109.054 -30.9145
vn -0.0582335 -0.0260785 -0.997962
v -2.88581 -109.127 -30.9161
vn 0.0754174 0.0380114 -0.996427
v -2.97699 -109.126 -30.9161
vn -0.0760081 0.092017 -0.992852
v -2.97539 -109.121 -30.9158
vn 0.0820447 -0.103868 0.991201
v -2.88734 -109.122 -30.9158
vn -0.0768856 -0.0985039 0.992162
v -2.9771 -109.19 -30.8019
vn -0.191594 -0.93149 -0.309224
v -2.97708 -109.136 -30.9047
vn -0.354799 -0.782269 -0.512028
v -2.8859 -109.137 -30.9047
vn 0.159303 -0.762014 -0.62766
v -2.88851 -109.19 -30.8034
vn 0.260366 -0.942999 -0.207271
v -2.97437 -109.184 -30.794
vn 0.0760839 0.0784592 -0.99401
v -2.88788 -109.185 -30.7943
vn -0.0703687 0.0746455 -0.994724
v -2.97436 -109.183 -30.794
vn -0.0414394 -0.0666418 0.996916
v -2.88947 -109.188 -30.7943
vn 0.077362 -0.0629098 0.995016
v -2.88852 -109.079 -30.7903
vn 0.0766243 -0.0106089 0.997004
v -2.97462 -109.034 -30.7918
vn -0.0751836 0.0312313 0.996681
v -2.88581 -108.948 -30.7971
vn 0.073966 0.0935056 0.992867
v -2.97012 -108.876 -30.8055
vn -0.0397135 0.148081 0.988178
v -2.88633 -108.827 -30.8137
vn 0.0729833 0.196002 0.977884
v -2.97375 -108.754 -30.8317
vn -0.0644924 0.273729 0.959642
v -2.88227 -108.722 -30.8426
vn 0.0682732 0.314369 0.946843
v -2.97135 -108.658 -30.8664
vn -0.0776581 0.401001 0.91278
v -2.88147 -108.629 -30.8796
vn 0.064464 0.443721 0.893844
v -2.97043 -108.553 -30.9259
vn -0.0825859 0.59154 0.802035
v -2.88237 -108.554 -30.9258
vn 0.0798734 0.59195 0.802007
v -2.9682 -108.477 -30.9988
vn -0.0904786 0.794795 0.600095
v -2.88328 -108.478 -30.9988
vn 0.0932289 0.794873 0.599571
v -2.96788 -108.441 -31.0608
vn -0.083898 0.924508 0.371815
v -2.88289 -108.435 -31.0831
vn 0.0958843 0.954275 0.283137
v -2.96775 -108.425 -31.1288
vn -0.079726 0.990931 0.108167
v -2.87967 -108.424 -31.1523
vn 0.0915043 0.995577 -0.0213093
v -2.97095 -108.433 -31.2219
vn -0.0307538 0.981722 -0.187821
v -2.88291 -108.437 -31.2303
vn 0.0503727 0.92628 -0.373454
v -2.96804 -108.459 -31.2789
vn -0.0772783 0.85086 -0.519678
v -2.88484 -108.478 -31.3058
vn 0.0557117 0.787643 -0.613609
v -2.97153 -108.5 -31.3309
vn -0.0399027 0.72536 -0.687212
v -2.88377 -108.534 -31.3619
vn 0.0931725 0.629724 -0.771211
v -2.97208 -108.563 -31.3841
vn -0.0534915 0.561744 -0.82558
v -2.92682 -108.602 -31.4085
vn 0.00553443 0.481204 -0.876591
v -2.88635 -108.651 -31.4321
vn 0.0388118 0.393024 -0.918709
v -2.97159 -108.687 -31.4456
vn -0.0711016 0.34571 -0.935644
v -2.88548 -108.731 -31.461
vn 0.0393872 0.265466 -0.963315
v -2.97428 -108.815 -31.4813
vn -0.18466 0.045863 -0.981732
v -2.88564 -108.82 -31.4815
vn 0.198871 -0.0940832 -0.975499
v -2.97272 -108.893 -31.3607
vn -0.257809 -0.925196 -0.278472
v -2.97445 -108.834 -31.4722
vn -0.237583 -0.706011 -0.66716
v -2.88532 -108.834 -31.4727
vn 0.260611 -0.768671 -0.584146
v -2.88634 -108.894 -31.3607
vn 0.283404 -0.930776 -0.23095
v -2.97248 -108.891 -31.3501
vn -0.258945 -0.55804 0.788378
v -2.89002 -108.892 -31.349
vn 0.0457554 -0.638857 0.767964
v -2.97139 -108.842 -31.3229
vn -0.0598226 -0.546957 0.835021
v -2.88414 -108.852 -31.328
vn 0.252393 -0.547207 0.798037
v -2.97409 -108.794 -31.2821
vn -0.101788 -0.728907 0.677003
v -2.88278 -108.779 -31.2622
vn 0.0882052 -0.821147 0.563859
v -2.97379 -108.759 -31.228
vn -0.0570858 -0.889889 0.452592
v -2.88565 -108.75 -31.1946
vn 0.0208605 -0.969945 0.242428
v -2.98114 -108.82 -31.4729
vn -0.984438 -0.0981537 -0.145764
v -2.98204 -108.885 -31.3608
vn -0.955678 -0.264178 0.129957
v -2.98179 -108.805 -31.3058
vn -0.997681 -0.0451679 0.0509234
v -2.98458 -109.125 -30.9056
vn -0.998224 0.00536532 -0.0593365
v -2.98468 -109.187 -30.8019
vn -0.990175 -0.00155376 0.139823
v -2.98462 -109.18 -30.8071
vn -0.983704 -0.0748998 0.163455
v -2.98459 -109.177 -30.8011
vn 0.995893 -0.00150577 -0.0905212
v -2.98468 -109.187 -30.8019
vn 0.990349 0.00226465 -0.138578
v -2.98459 -109.125 -30.9028
vn -0.948223 -0.159689 -0.27454
v -2.9851 -109.133 -30.8052
vn -0.997097 0.0099794 0.0754914
v -2.98126 -108.795 -30.8321
vn -0.993981 0.0354646 0.103655
v -2.98208 -108.851 -30.9608
vn -0.994954 -0.0468571 -0.0887226
v -2.97961 -108.606 -30.9007
vn -0.99701 0.0436373 0.063767
v -2.9817 -108.743 -31.0833
vn -0.99806 -0.0579086 -0.0228824
v -2.97862 -108.493 -30.9944
vn -0.990497 0.108321 0.0847497
v -2.97837 -108.439 -31.1127
vn -0.993006 0.115804 0.0230018
v -2.98163 -108.736 -31.1977
vn -0.996389 -0.0799539 0.0285741
v -2.97852 -108.481 -31.2974
vn -0.992072 0.107632 -0.0648697
v -2.97985 -108.608 -31.399
vn -0.993508 0.0607899 -0.09616
v -2.87228 -108.448 -31.2082
vn 0.99736 0.0692631 -0.0218091
v -2.87267 -108.441 -31.0966
vn 0.992561 0.1182 0.0291926
v -2.87337 -108.522 -30.9676
vn 0.994137 0.0764497 0.0764598
v -2.8746 -108.663 -30.8731
vn 0.994593 0.0310883 0.0990864
v -2.87846 -109.181 -30.8061
vn -0.997 0.0151168 -0.0759062
v -2.87773 -109.123 -30.9022
vn -0.999958 0.00920585 0.000309349
v -2.87848 -109.183 -30.8063
vn 0.99967 -0.0100349 0.023651
v -2.87819 -109.125 -30.9056
vn 0.99655 -0.00874245 -0.082533
v -2.87614 -108.89 -30.9361
vn 0.998206 -0.0371026 -0.0469842
v -2.87503 -108.763 -31.0454
vn 0.9932 -0.0997865 -0.0599667
v -2.87431 -108.732 -31.1328
vn 0.992953 -0.118471 -0.00294405
v -2.87448 -108.751 -31.2316
vn 0.997901 -0.0591368 0.0263797
v -2.87501 -108.709 -31.4449
vn 0.997447 0.014579 -0.0699067
v -2.87551 -108.843 -31.3333
vn 0.99765 -0.0547941 0.0411298
v -2.87685 -108.824 -31.4737
vn 0.923668 -0.152401 -0.351585
v -2.9707 -109.122 -30.915
vn -0.0544247 -0.217123 -0.974626
v -2.87987 -109.126 -30.9067
vn 0.906276 -0.243846 -0.345258
v -2.97429 -109.185 -30.7956
vn -0.201414 -0.452922 0.868501
v -2.89002 -109.188 -30.7954
vn 0.264627 -0.375667 0.888171
v -2.98303 -109.183 -30.8055
vn -0.869841 -0.467656 -0.157082
v -2.87802 -108.887 -31.3569
vn 0.938054 -0.334826 0.0891361
v -2.88046 -109.181 -30.8035
vn 0.953726 -0.285691 0.0937364
v -2.97812 -108.743 -31.1182
vn -0.486187 -0.850104 -0.202352
v -2.88023 -108.743 -31.1339
vn 0.490794 -0.868174 -0.0734498
v -2.88032 -108.754 -31.0822
vn 0.50359 -0.808731 -0.303894
v -2.9762 -108.78 -31.0294
vn -0.54754 -0.698667 -0.460504
v -2.88051 -108.776 -31.0353
vn 0.485578 -0.731221 -0.479093
v -2.97865 -108.804 -30.9994
vn -0.536635 -0.569957 -0.622231
v -2.88077 -108.806 -31.0004
vn 0.527757 -0.598043 -0.603173
v -2.97682 -108.849 -30.9657
vn -0.53358 -0.440882 -0.721745
v -2.8802 -108.869 -30.9551
vn 0.52438 -0.403984 -0.749548
v -2.9773 -108.905 -30.9393
vn -0.506871 -0.297155 -0.809185
v -2.88309 -108.943 -30.9285
vn 0.503518 -0.216446 -0.836433
v -2.97797 -108.982 -30.9195
vn -0.509119 -0.135632 -0.849942
v -2.88165 -109.035 -30.9136
vn 0.513775 -0.0632672 -0.855589
v -2.97854 -109.047 -30.9127
vn -0.514909 -0.0090382 -0.857197
v -2.97923 -109.126 -30.9148
vn -0.511731 0.0740763 -0.855946
v -2.88357 -109.127 -30.9148
vn 0.515905 0.0698376 -0.853794
v -2.97915 -109.117 -30.9138
vn 0.501348 -0.101195 0.859308
v -2.97923 -109.126 -30.9148
vn 0.500013 -0.100363 0.860183
v -2.88357 -109.127 -30.9148
vn -0.504412 -0.0889211 0.858873
v -2.88349 -109.118 -30.9138
vn -0.511146 -0.0835777 0.855421
v -2.97976 -109.187 -30.7961
vn 0.515818 0.0680716 -0.853989
v -2.9797 -109.181 -30.7955
vn 0.514313 0.0668225 -0.854995
v -2.88405 -109.181 -30.7955
vn -0.520949 0.0697112 -0.850736
v -2.88411 -109.188 -30.7961
vn -0.517421 0.0732934 -0.852586
v -2.97976 -109.187 -30.7961
vn -0.518184 -0.0443484 0.854119
v -2.88411 -109.188 -30.7961
vn 0.518382 -0.0598036 0.853055
v -2.88327 -109.092 -30.7923
vn 0.517031 -0.0149432 0.855836
v -2.97861 -109.056 -30.7927
vn -0.516865 0.0118525 0.855985
v -2.97731 -108.906 -30.8039
vn -0.509426 0.114661 0.852841
v -2.88425 -108.948 -30.7973
vn 0.516745 0.0621986 0.853877
v -2.88113 -108.847 -30.8123
vn 0.52098 0.149458 0.840382
v -2.976 -108.756 -30.8341
vn -0.515907 0.239885 0.822371
v -2.88004 -108.722 -30.8439
vn 0.526162 0.264297 0.80827
v -2.97489 -108.629 -30.8808
vn -0.506363 0.356467 0.785193
v -2.87924 -108.63 -30.8808
vn 0.54365 0.369243 0.753727
v -2.97443 -108.576 -30.9106
vn -0.481901 0.476885 0.735086
v -2.87878 -108.578 -30.9106
vn 0.509956 0.46298 0.724978
v -2.97404 -108.531 -30.9437
vn -0.465375 0.572873 0.674717
v -2.87839 -108.532 -30.9437
vn 0.530421 0.543527 0.650563
v -2.97371 -108.494 -30.9802
vn -0.49753 0.65046 0.573904
v -2.87805 -108.495 -30.9802
vn 0.516892 0.639381 0.569223
v -2.97345 -108.464 -31.0195
vn -0.499996 0.732217 0.462451
v -2.8778 -108.465 -31.0195
vn 0.482737 0.73671 0.473521
v -2.97326 -108.443 -31.0615
vn -0.536093 0.784063 0.312808
v -2.8776 -108.443 -31.0615
vn 0.450075 0.82706 0.336755
v -2.97315 -108.429 -31.1058
vn -0.473616 0.863486 0.173432
v -2.87749 -108.43 -31.1058
vn 0.452022 0.875951 0.16848
v -2.97311 -108.425 -31.161
vn -0.491835 0.869083 -0.0528553
v -2.87746 -108.426 -31.161
vn 0.506458 0.862121 -0.0157592
v -2.87757 -108.438 -31.2297
vn 0.510958 0.823505 -0.2465
v -2.97325 -108.441 -31.2379
vn -0.5574 0.774313 -0.299574
v -2.87782 -108.467 -31.2854
vn 0.484806 0.732537 -0.477862
v -2.97131 -108.475 -31.3017
vn -0.496738 0.717148 -0.488825
v -2.97383 -108.507 -31.3372
vn -0.52482 0.600794 -0.603002
v -2.88034 -108.5 -31.3309
vn 0.527494 0.59531 -0.606099
v -2.97432 -108.564 -31.383
vn -0.544336 0.474729 -0.691615
v -2.87867 -108.565 -31.383
vn 0.545725 0.468404 -0.694826
v -2.97494 -108.634 -31.4227
vn -0.490945 0.358512 -0.794004
v -2.87938 -108.646 -31.4278
vn 0.515571 0.345854 -0.783946
v -2.9759 -108.744 -31.4631
vn -0.505748 0.239338 -0.828816
v -2.88024 -108.745 -31.4631
vn 0.527703 0.228107 -0.818227
v -2.97663 -108.827 -31.315
vn -0.502276 -0.490328 0.712248
v -2.88074 -108.803 -31.2925
vn 0.515662 -0.624303 0.586804
v -2.97631 -108.793 -31.2832
vn -0.474988 -0.640829 0.603096
v -2.97614 -108.771 -31.2549
vn -0.536031 -0.717703 0.444493
v -2.88041 -108.765 -31.242
vn 0.504819 -0.754038 0.420219
v -2.97597 -108.753 -31.2145
vn -0.454473 -0.836339 0.306581
v -2.88027 -108.749 -31.1976
vn 0.501813 -0.842414 0.196272
v -2.9759 -108.745 -31.1802
vn -0.417436 -0.89872 0.134347
v -2.97948 -108.745 -31.4596
vn -0.857049 0.147701 -0.493611
v -2.97862 -108.646 -31.4245
vn -0.858812 0.215175 -0.464912
v -2.97792 -108.566 -31.3801
vn -0.842545 0.308253 -0.441699
v -2.97737 -108.503 -31.3275
vn -0.86343 0.368652 -0.344361
v -2.97698 -108.46 -31.2684
vn -0.859947 0.448541 -0.243522
v -2.97676 -108.434 -31.2037
vn -0.858775 0.499577 -0.113705
v -2.97671 -108.428 -31.1523
vn -0.847782 0.53015 0.0143672
v -2.97675 -108.432 -31.1065
vn -0.868282 0.486997 0.0944502
v -2.97687 -108.446 -31.0628
vn -0.856545 0.479003 0.192059
v -2.97705 -108.467 -31.0214
vn -0.858379 0.436794 0.269066
v -2.97731 -108.497 -30.9826
vn -0.8484 0.398775 0.348133
v -2.97764 -108.534 -30.9465
vn -0.858033 0.335491 0.388876
v -2.97814 -108.592 -30.9062
vn -0.863464 0.265826 0.42868
v -2.97739 -108.66 -30.8691
vn -0.859998 0.189385 0.473853
v -2.97854 -108.791 -30.8255
vn -0.858334 0.118239 0.499283
v -2.98124 -108.947 -30.8023
vn -0.860833 0.0553433 0.505869
v -2.98239 -109.078 -30.7956
vn -0.858179 0.00261422 0.513344
v -2.98333 -109.187 -30.7997
vn -0.858573 -0.024396 0.512111
v -2.98326 -109.179 -30.799
vn 0.860026 0.0352892 -0.509028
v -2.98333 -109.187 -30.7997
vn 0.858535 0.0339383 -0.51163
v -2.98503 -109.125 -30.9025
vn 0.989337 -0.0250333 0.143478
v -2.98412 -109.124 -30.9086
vn 0.989326 -0.0249665 0.143562
v -2.98281 -109.126 -30.9113
vn 0.863578 -0.06484 0.500028
v -2.98274 -109.119 -30.9104
vn 0.863491 -0.0647479 0.500191
v -2.98281 -109.126 -30.9113
vn -0.858632 0.0505962 -0.510089
v -2.98264 -109.03 -30.9095
vn -0.858526 -0.0222685 -0.512287
v -2.98236 -108.922 -30.9273
vn -0.855725 -0.124015 -0.502349
v -2.98177 -108.854 -30.9564
vn -0.855143 -0.226407 -0.466337
v -2.98003 -108.808 -30.9922
vn -0.863345 -0.329138 -0.382496
v -2.98112 -108.78 -31.0198
vn -0.856491 -0.431205 -0.283699
v -2.98087 -108.75 -31.0732
vn -0.855883 -0.488535 -0.169696
v -2.97944 -108.74 -31.1256
vn -0.882498 -0.468852 -0.0370871
v -2.98081 -108.743 -31.2012
vn -0.890283 -0.442574 0.10735
v -2.98104 -108.77 -31.2621
vn -0.873633 -0.421497 0.243116
v -2.98009 -108.815 -31.3089
vn -0.863689 -0.328892 0.381931
v -2.87754 -108.845 -31.3304
vn 0.860573 -0.271924 0.430664
v -2.87719 -108.806 -31.3006
vn 0.855402 -0.353937 0.378175
v -2.87693 -108.775 -31.2651
vn 0.858583 -0.423033 0.289618
v -2.87675 -108.756 -31.2297
vn 0.850899 -0.48409 0.204027
v -2.87665 -108.743 -31.1882
vn 0.870394 -0.484894 0.0853954
v -2.87662 -108.74 -31.1335
vn 0.857715 -0.512561 -0.0400729
v -2.87674 -108.754 -31.074
vn 0.851412 -0.491905 -0.182008
v -2.87691 -108.773 -31.0333
vn 0.866516 -0.421369 -0.267579
v -2.87717 -108.803 -30.9978
vn 0.86726 -0.351555 -0.352518
v -2.87763 -108.856 -30.9583
vn 0.851549 -0.266821 -0.4513
v -2.87805 -108.904 -30.9352
vn 0.849382 -0.189765 -0.492483
v -2.87855 -108.962 -30.9194
vn 0.856191 -0.114309 -0.503856
v -2.87943 -109.062 -30.9087
vn 0.858395 -0.0228274 -0.512481
v -2.88 -109.127 -30.9113
vn 0.860737 0.0431659 -0.507217
v -2.87775 -109.125 -30.9025
vn -0.990262 -0.00500642 0.139129
v -2.87863 -109.125 -30.9086
vn -0.990059 -0.00689256 0.140487
v -2.87993 -109.12 -30.9104
vn -0.863962 -0.0482995 0.501236
v -2.88 -109.127 -30.9113
vn -0.863283 -0.0495364 0.502284
v -2.88053 -109.188 -30.7997
vn -0.857671 0.046636 -0.512079
v -2.88045 -109.179 -30.799
vn -0.856468 0.048216 -0.513943
v -2.88053 -109.188 -30.7997
vn 0.857789 -0.0397075 0.512467
v -2.87824 -109.079 -30.7979
vn 0.99008 -0.00431527 0.14044
v -2.87939 -109.057 -30.7963
vn 0.859189 0.00632326 0.511619
v -2.87639 -108.868 -30.8148
vn 0.990342 0.0157039 0.137757
v -2.8779 -108.887 -30.8094
vn 0.861743 0.0657597 0.503066
v -2.87841 -108.792 -30.8255
vn 0.858022 0.124107 0.498393
v -2.87727 -108.66 -30.8691
vn 0.862966 0.196455 0.465506
v -2.87522 -108.58 -30.9135
vn 0.867904 0.26247 0.421725
v -2.87483 -108.535 -30.9465
vn 0.862346 0.321903 0.390817
v -2.8745 -108.498 -30.9826
vn 0.854152 0.385937 0.348536
v -2.87425 -108.468 -31.0214
vn 0.870078 0.413628 0.268098
v -2.87406 -108.446 -31.0628
vn 0.888894 0.423074 0.175716
v -2.87394 -108.433 -31.1065
vn 0.880273 0.465289 0.0928754
v -2.87524 -108.428 -31.1698
vn 0.864668 0.499431 -0.0540214
v -2.87537 -108.443 -31.2374
vn 0.88018 0.429086 -0.2029
v -2.87299 -108.477 -31.2897
vn 0.990693 0.107823 -0.0830817
v -2.87568 -108.478 -31.3001
vn 0.85516 0.403831 -0.324996
v -2.8738 -108.57 -31.3772
vn 0.990732 0.0689151 -0.117049
v -2.87474 -108.525 -31.3481
vn 0.851529 0.342713 -0.396795
v -2.87644 -108.566 -31.3819
vn 0.849947 0.270589 -0.452075
v -2.87715 -108.646 -31.4265
vn 0.863848 0.189595 -0.466713
v -2.87667 -108.746 -31.4596
vn 0.858754 0.132864 -0.494862
v -2.98923 -110.759 -30.8146
vn -0.225912 -0.861201 0.455298
v -2.98964 -110.934 -31.2812
vn -0.0748865 -0.908397 0.411348
v -2.90468 -110.936 -31.2846
vn 0.0926745 -0.916469 0.389225
v -2.90051 -110.76 -30.8146
vn 0.311719 -0.880348 0.357518
v -2.98851 -110.445 -30.802
vn -0.533112 0.106897 0.839264
v -2.99109 -110.741 -30.802
vn -0.313717 -0.0557581 0.947878
v -2.90191 -110.742 -30.8022
vn 0.203426 -0.179498 0.962496
v -2.89732 -110.446 -30.802
vn 0.19586 0.250846 0.948006
v -2.98671 -110.229 -31.288
vn -0.0254223 0.899941 0.435269
v -2.99059 -110.428 -30.8145
vn -0.377316 0.799924 0.466642
v -2.89716 -110.427 -30.8144
vn 0.173804 0.851809 0.49418
v -2.89534 -110.23 -31.288
vn 0.0441797 0.899046 0.435619
v -2.98302 -110.047 -30.8147
vn -0.212751 -0.846202 0.488548
v -2.98655 -110.221 -31.2859
vn -0.0439781 -0.891384 0.451111
v -2.89848 -110.221 -31.2843
vn 0.0519432 -0.907458 0.41692
v -2.89476 -110.047 -30.8134
vn 0.302849 -0.847554 0.435816
v -2.98058 -109.729 -30.8022
vn -0.346611 0.135357 0.928191
v -2.98487 -110.029 -30.802
vn -0.319272 -0.0931992 0.943069
v -2.8957 -110.03 -30.8022
vn 0.212347 -0.117169 0.970144
v -2.8911 -109.733 -30.802
vn 0.229537 0.258856 0.938246
v -2.98289 -110.032 -31.48
vn -0.23924 0.816934 -0.524769
v -2.98221 -109.725 -30.8142
vn -0.141052 0.968159 -0.206817
v -2.89728 -109.724 -30.8141
vn 0.0160478 0.908186 -0.418259
v -2.89573 -110.033 -31.48
vn 0.387145 0.754736 -0.529615
v -2.98773 -110.357 -31.4922
vn -0.175419 -0.152142 -0.972667
v -2.98507 -110.051 -31.4922
vn -0.358422 0.105733 -0.927553
v -2.89388 -110.052 -31.4922
vn 0.169556 0.115456 -0.978734
v -2.89655 -110.358 -31.4922
vn 0.322313 -0.035077 -0.945983
v -2.98658 -110.578 -30.99
vn -0.102007 -0.908399 -0.405469
v -2.9879 -110.376 -31.4798
vn -0.371364 -0.833818 -0.408457
v -2.89671 -110.377 -31.4798
vn 0.0805328 -0.716323 -0.693106
v -2.89837 -110.578 -30.9899
vn 0.0247922 -0.902295 -0.430405
v -2.9892 -110.755 -31.4795
vn -0.262664 0.874005 -0.408807
v -2.98659 -110.585 -30.9911
vn -0.088732 0.930044 -0.356574
v -2.89843 -110.585 -30.9901
vn 0.0392528 0.929108 -0.367719
v -2.90003 -110.756 -31.4795
vn 0.330615 0.829978 -0.449255
v -2.994 -111.075 -31.4922
vn -0.171686 -0.112158 -0.978746
v -2.99137 -110.773 -31.4922
vn -0.297475 0.225979 -0.9276
v -2.90219 -110.774 -31.492
vn 0.206768 0.175279 -0.962561
v -2.90282 -111.076 -31.4922
vn 0.130761 -0.273966 -0.952809
v -2.99084 -111.431 -30.8139
vn -0.0694332 -0.932474 -0.354501
v -2.99216 -111.095 -31.4802
vn -0.405923 -0.731274 -0.548147
v -2.90298 -111.095 -31.4802
vn 0.226939 -0.845606 -0.483165
v -2.90591 -111.43 -30.814
vn 0.140762 -0.96439 -0.223913
v -2.99256 -111.141 -30.8022
vn -0.203729 0.176638 0.962961
v -2.99703 -111.422 -30.802
vn -0.223477 -0.272196 0.935931
v -2.90722 -111.424 -30.8026
vn 0.279085 -0.141683 0.949757
v -2.90339 -111.142 -30.802
vn 0.325345 0.0690649 0.94307
v -2.98977 -110.943 -31.2847
vn -0.0922454 0.916234 0.389879
v -2.99398 -111.124 -30.8146
vn -0.328697 0.82371 0.462018
v -2.90323 -111.124 -30.8146
vn 0.182298 0.857766 0.480631
v -2.90156 -110.944 -31.2848
vn 0.0743381 0.907682 0.413023
v -3.005 -111.414 -30.8155
vn -0.975855 -0.0173179 0.217731
v -3.00179 -111.138 -30.8118
vn -0.98437 0.0322824 0.173127
v -3.00086 -110.939 -31.3334
vn -0.999946 0.010345 0.000612264
v -3.00209 -111.08 -31.4788
vn -0.999986 0.0027095 -0.00447107
v -2.99938 -110.769 -31.4788
vn -0.999924 0.0115927 -0.00429654
v -3.00086 -110.939 -31.3334
vn -0.999985 0.00541754 0.00122822
v -2.99775 -110.582 -30.9414
vn -0.99997 0.0076906 -0.000417207
v -2.99917 -110.745 -30.8155
vn -0.999973 0.00563729 0.00472013
v -2.99582 -110.438 -30.8137
vn -0.972615 0.159937 0.168644
v -2.99462 -110.224 -31.3353
vn -0.995558 0.079556 0.0503597
v -2.99582 -110.362 -31.4788
vn -0.999987 0.00277341 -0.00427937
v -2.99262 -110.045 -31.4805
vn -0.985829 0.0604991 -0.156466
v -2.99462 -110.224 -31.3353
vn -0.99998 0.00622079 0.000913915
v -2.99039 -109.74 -30.8155
vn -0.999922 0.0124272 -0.000876538
v -2.99183 -110.032 -30.8112
vn -0.971105 -0.0177755 0.237989
v -2.89358 -110.94 -31.3334
vn 0.999968 -0.00792195 0.000931036
v -2.89573 -111.134 -30.8153
vn 0.990258 0.0880655 0.107858
v -2.89772 -111.415 -30.8155
vn 0.999918 -0.0127676 -0.00115133
v -2.89529 -111.084 -31.4791
vn 0.996593 -0.0745885 -0.0352035
v -2.89292 -110.771 -31.4824
vn 0.977985 0.0489397 -0.202856
v -2.89047 -110.583 -30.9414
vn 0.999978 -0.00657449 -0.00073695
v -2.89189 -110.746 -30.8155
vn 0.999886 -0.014578 0.00400459
v -2.89036 -110.443 -30.8112
vn 0.972779 -0.0056727 0.231664
v -2.89047 -110.583 -30.9414
vn 0.99992 -0.0125155 -0.00156571
v -2.88735 -110.225 -31.3353
vn 0.99599 -0.0774394 0.0447973
v -2.88902 -110.366 -31.479
vn 0.987613 -0.109293 -0.112582
v -2.88621 -110.044 -31.479
vn 0.979751 0.144282 -0.138815
v -2.88312 -109.741 -30.8155
vn 0.98044 0.0525243 0.189682
v -2.88648 -110.033 -30.8118
vn 0.984898 -0.024926 0.171331
v -2.9986 -110.936 -31.3014
vn -0.885446 -0.419232 0.200576
v -2.98818 -110.938 -31.2857
vn -0.103794 -0.568092 0.816394
v -2.99312 -110.938 -31.2875
vn -0.846492 -0.204215 0.491678
v -2.90626 -110.754 -30.8045
vn 0.0363591 -0.568842 0.821643
v -2.90623 -110.938 -31.2857
vn 0.0947014 -0.504182 0.858389
v -2.90149 -110.936 -31.2848
vn 0.68734 -0.625652 0.368949
v -2.89513 -110.938 -31.3056
vn 0.934423 -0.29893 0.193635
v -2.89585 -110.943 -31.3014
vn 0.916698 0.345469 0.200788
v -2.89149 -110.433 -30.814
vn 0.905167 0.348132 0.24388
v -2.99059 -110.428 -30.8145
vn -0.430575 0.833354 0.346592
v -2.98034 -110.227 -31.2885
vn -0.0162487 0.57709 0.816519
v -2.98688 -110.226 -31.2906
vn -0.251586 0.480993 0.839851
v -2.99125 -110.222 -31.3015
vn -0.92363 0.138173 0.357512
v -2.8932 -110.231 -31.291
vn 0.775566 0.509726 0.372393
v -2.90004 -110.228 -31.2888
vn 0.0890301 0.497398 0.862942
v -2.98195 -110.224 -31.2888
vn -0.0884579 -0.550557 0.830098
v -2.98686 -110.224 -31.2906
vn -0.829303 -0.285082 0.480608
v -2.90001 -110.225 -31.2888
vn 0.0759044 -0.623654 0.778007
v -2.89313 -110.222 -31.2908
vn 0.571629 -0.748171 0.33687
v -2.89511 -110.225 -31.2906
vn 0.824283 -0.303908 0.477699
v -2.98446 -109.726 -30.8144
vn -0.509401 0.796561 -0.325577
v -2.89149 -110.035 -31.4799
vn 0.526551 0.77061 -0.359034
v -2.88973 -109.726 -30.8129
vn 0.408214 0.884568 -0.225614
v -2.99347 -110.36 -31.4872
vn -0.930432 -0.216216 -0.295884
v -2.89095 -110.371 -31.4802
vn 0.814556 -0.517612 -0.26187
v -2.88815 -110.049 -31.4872
vn 0.910156 -0.00211409 -0.41426
v -2.98506 -110.579 -30.989
vn -0.0963381 -0.464767 -0.880176
v -2.98976 -110.577 -30.9899
vn -0.678259 -0.604569 -0.417686
v -2.99548 -110.578 -30.9733
vn -0.89153 -0.393381 -0.224557
v -2.99 -110.58 -30.9872
vn -0.85137 -0.183832 -0.4913
v -2.89136 -110.583 -30.965
vn 0.958948 -0.21691 -0.182671
v -2.9031 -110.58 -30.989
vn 0.0813796 -0.466571 -0.880732
v -2.89818 -110.581 -30.9872
vn 0.849446 -0.196398 -0.489764
v -2.98983 -110.585 -30.9901
vn -0.675379 0.641389 -0.363983
v -2.99707 -110.581 -30.9591
vn -0.970808 0.189444 -0.147113
v -2.98509 -110.583 -30.9891
vn -0.0847213 0.538365 -0.838442
v -2.99002 -110.583 -30.9873
vn -0.850309 0.200328 -0.486666
v -2.90477 -110.583 -30.9894
vn 0.0308403 0.62028 -0.783774
v -2.8982 -110.583 -30.9873
vn 0.324845 0.489494 -0.809241
v -2.89843 -110.585 -30.9901
vn 0.528649 0.805091 -0.268994
v -2.89273 -110.585 -30.9734
vn 0.865348 0.460462 -0.197858
v -3.0005 -111.083 -31.4833
vn -0.929071 -0.203426 -0.308942
v -2.90059 -111.076 -31.4909
vn 0.516466 -0.00497734 -0.856293
v -2.99639 -111.093 -31.4801
vn -0.422286 -0.809064 -0.408765
v -2.99931 -111.428 -30.8141
vn -0.411344 -0.874416 -0.257278
v -2.90366 -111.429 -30.8141
vn 0.504686 -0.789993 -0.348143
v -2.89718 -111.09 -31.4802
vn 0.860634 -0.32647 -0.390803
v -2.89761 -111.129 -30.8141
vn 0.815143 0.522089 0.250927
v -2.98822 -110.941 -31.2857
vn -0.0925615 0.487611 0.86814
v -2.99296 -110.943 -31.2848
vn -0.686177 0.629047 0.365324
v -2.99932 -110.942 -31.3056
vn -0.935969 0.294251 0.193336
v -2.90156 -110.944 -31.2848
vn 0.668979 0.617633 0.413517
v -2.9079 -110.941 -31.2854
vn 0.0275822 0.582673 0.812238
v -2.90133 -110.942 -31.2875
vn 0.320041 0.480303 0.816629
v -2.90133 -110.942 -31.2875
vn 0.847371 0.201946 0.491102
v -2.99146 -110.041 -30.815
vn -0.916533 -0.32521 0.23282
v -2.99243 -110.228 -31.3041
vn -0.85743 0.476187 0.19509
v -2.99722 -110.748 -30.8106
vn -0.913894 -0.197226 0.354824
v -3.00028 -111.128 -30.8149
vn -0.8649 0.413257 0.284898
v -3.00351 -111.422 -30.8147
vn -0.942463 -0.330524 -0.0501723
v -2.99743 -110.767 -31.4835
vn -0.925634 0.222995 -0.305737
v -2.99075 -110.038 -31.4795
vn -0.862912 0.45976 -0.209773
v -2.98844 -109.733 -30.8114
vn -0.955444 0.282263 0.0863439
v -2.88799 -110.043 -30.8149
vn 0.867429 -0.40395 0.290503
v -2.88461 -109.733 -30.8148
vn 0.956272 0.278863 -0.0882036
v -2.89426 -110.762 -31.4792
vn 0.896578 0.397252 -0.195805
v -2.89933 -111.419 -30.8081
vn 0.923281 -0.027385 0.383147
v -2.90005 -111.424 -30.8146
vn 0.90997 -0.407409 -0.0772852
v -2.89385 -110.75 -30.8115
vn 0.918287 -0.23674 0.317338
v -2.88781 -110.226 -31.3238
vn 0.971679 0.21647 0.0947683
v -2.88957 -110.223 -31.304
vn 0.817409 -0.541135 0.197525
v -2.99501 -110.934 -31.2879
vn -0.514553 -0.802616 0.301733
v -2.89936 -110.935 -31.2879
vn 0.511435 -0.805379 0.299666
v -2.99189 -110.576 -30.9867
vn -0.539599 -0.778386 -0.320856
v -2.89623 -110.578 -30.9867
vn 0.537464 -0.780994 -0.318089
v -2.99196 -110.585 -30.9869
vn -0.485057 0.82663 -0.285311
v -2.89631 -110.586 -30.9869
vn 0.584967 0.765448 -0.268146
v -2.99509 -110.944 -31.2879
vn -0.518792 0.799037 0.303964
v -2.89943 -110.944 -31.2879
vn 0.487606 0.81509 0.312838
v -2.99841 -111.843 -31.0673
vn -0.0972475 -0.0397577 0.994466
v -3.00259 -112.322 -31.0673
vn -0.0956642 0.0399296 0.994612
v -2.91599 -112.323 -31.0673
vn 0.0971578 0.0397652 0.994474
v -2.91182 -111.844 -31.0673
vn 0.0975227 -0.0416573 0.994361
v -2.99858 -111.83 -30.8136
vn -0.28741 -0.950156 0.120829
v -2.99914 -111.832 -31.057
vn -0.111894 -0.992721 0.0445558
v -2.90922 -111.833 -31.0571
vn 0.0419154 -0.997147 0.0627819
v -2.90986 -111.832 -30.8155
vn 0.279228 -0.92917 0.24223
v -2.99603 -111.538 -30.8028
vn -0.228417 0.162249 0.959948
v -3.00048 -111.818 -30.802
vn -0.233206 -0.264394 0.935794
v -2.91102 -111.82 -30.8027
vn 0.245864 -0.154117 0.956974
v -2.90688 -111.541 -30.802
vn 0.265351 0.228241 0.936747
v -2.99168 -111.526 -31.4788
vn -0.0102975 0.983803 -0.178956
v -2.99396 -111.527 -30.8135
vn -0.0922669 0.991249 0.0944063
v -2.90877 -111.528 -30.8155
vn 0.225199 0.96752 0.114853
v -2.90676 -111.528 -31.4788
vn 0.211566 0.949116 -0.233279
v -2.99848 -111.82 -31.4916
vn -0.228405 -0.157431 -0.960753
v -2.99806 -111.54 -31.4922
vn -0.229067 0.261346 -0.937671
v -2.90866 -111.539 -31.4915
vn 0.263953 0.120706 -0.956953
v -2.90929 -111.818 -31.4922
vn 0.245655 -0.25991 -0.933863
v -2.99914 -111.832 -31.2137
vn -0.0774699 -0.996047 -0.0434607
v -3.0006 -111.831 -31.4788
vn -0.244162 -0.934088 -0.260509
v -2.91296 -111.832 -31.4812
vn 0.133044 -0.982999 -0.126537
v -2.91088 -111.833 -31.2137
vn 0.102798 -0.993718 -0.0442358
v -3.00259 -112.322 -31.2033
vn -0.0950118 0.0397366 -0.994683
v -2.99841 -111.843 -31.2033
vn -0.0977775 -0.0399267 -0.994407
v -2.91182 -111.844 -31.2033
vn 0.0969926 -0.041455 -0.994421
v -2.91599 -112.323 -31.2033
vn 0.0977393 0.0399461 -0.99441
v -3.00299 -112.335 -31.4806
vn -0.189454 0.966786 -0.17156
v -3.00352 -112.334 -31.2137
vn -0.102941 0.993702 -0.044257
v -2.91341 -112.335 -31.2108
vn 0.0225684 0.998425 -0.0513544
v -2.9127 -112.336 -31.4788
vn 0.274168 0.932229 -0.236178
v -3.00552 -112.625 -31.4916
vn -0.237079 -0.151187 -0.959654
v -3.00511 -112.348 -31.4922
vn -0.262148 0.22863 -0.937554
v -2.91571 -112.347 -31.4915
vn 0.263827 0.11941 -0.95715
v -2.91633 -112.624 -31.4922
vn 0.262695 -0.231308 -0.936743
v -3.00138 -112.638 -30.8155
vn -0.0874648 -0.977907 0.189861
v -3.00763 -112.637 -31.4788
vn -0.285646 -0.939908 -0.187027
v -2.91845 -112.637 -31.4819
vn 0.257266 -0.925586 -0.277678
v -2.91644 -112.638 -30.8155
vn 0.266727 -0.932907 0.241955
v -3.00308 -112.346 -30.8026
vn -0.270445 0.124998 0.954586
v -3.00751 -112.623 -30.802
vn -0.249 -0.251702 0.935225
v -2.91814 -112.626 -30.8027
vn 0.264385 -0.125068 0.956273
v -2.91393 -112.349 -30.802
vn 0.265713 0.22555 0.937296
v -3.00519 -112.334 -31.0571
vn -0.0419666 0.997143 0.0628023
v -3.00455 -112.335 -30.8155
vn -0.229564 0.951716 0.203804
v -2.91582 -112.336 -30.8124
vn 0.266693 0.937143 0.225027
v -2.91527 -112.335 -31.057
vn 0.0329643 0.997439 0.0634727
v -3.00611 -111.54 -31.4788
vn -0.999941 0.01071 -0.001681
v -3.00772 -111.818 -31.4824
vn -0.960913 -0.22427 -0.162324
v -3.00779 -111.822 -31.1964
vn -0.979084 -0.113351 -0.168959
v -3.01242 -112.34 -31.1955
vn -0.975587 0.212342 -0.0560431
v -3.01268 -112.345 -31.4788
vn -0.947315 0.310069 -0.0803244
v -3.01475 -112.623 -31.4824
vn -0.985782 -0.008757 -0.167802
v -3.01556 -112.623 -30.8155
vn -0.974174 -0.0565894 0.218595
v -3.01237 -112.348 -30.8118
vn -0.985323 0.0347841 0.167116
v -3.01316 -112.348 -31.0814
vn -0.999954 0.00933187 0.00229048
v -3.00812 -111.823 -31.0767
vn -0.987552 -0.154231 0.0308772
v -3.007 -111.82 -30.811
vn -0.962687 -0.150289 0.225047
v -3.00611 -111.54 -30.8155
vn -0.999913 0.0131875 0.000962884
v -2.89883 -111.541 -30.8155
vn 0.97337 0.0221008 0.228173
v -2.90203 -111.819 -30.8118
vn 0.951199 -0.279848 0.130019
v -2.90206 -111.823 -31.0742
vn 0.971629 -0.112689 0.207936
v -2.90659 -112.342 -31.0776
vn 0.980941 0.157136 0.114293
v -2.9063 -112.346 -30.8155
vn 0.95189 0.295511 0.0811144
v -2.90906 -112.624 -30.8118
vn 0.985568 -0.0337683 0.16588
v -2.90828 -112.624 -31.4788
vn 0.972908 -0.0389983 -0.227881
v -2.90673 -112.349 -31.4824
vn 0.985695 0.017842 -0.167593
v -2.90629 -112.344 -31.1939
vn 0.9878 0.0216515 -0.154212
v -2.90125 -111.819 -31.1892
vn 0.999948 -0.0101469 -0.00134108
v -2.89961 -111.541 -31.4825
vn 0.985914 0.0169502 -0.166393
v -2.90209 -111.822 -31.4791
vn 0.98248 -0.181354 -0.0429305
v -3.00714 -112.324 -31.0693
vn -0.642808 0.262545 0.71963
v -3.00039 -112.328 -31.0653
vn -0.0556017 0.540478 0.839519
v -3.00724 -112.336 -31.0571
vn -0.543415 0.820116 0.179192
v -2.99611 -111.837 -31.0646
vn -0.0616399 -0.539103 0.839982
v -3.00293 -111.841 -31.0693
vn -0.620197 -0.181718 0.763108
v -3.00283 -111.83 -31.0571
vn -0.661176 -0.723538 0.198342
v -2.90727 -111.842 -31.0693
vn 0.625309 -0.201309 0.753965
v -2.91402 -111.839 -31.0653
vn 0.0566769 -0.494995 0.867045
v -2.90717 -111.831 -31.0571
vn 0.63999 -0.745186 0.187377
v -2.91829 -112.328 -31.0653
vn 0.0631329 0.485422 0.871997
v -2.91148 -112.325 -31.0693
vn 0.634933 0.197764 0.746826
v -2.91227 -111.835 -31.0627
vn 0.0454056 -0.889013 0.455625
v -2.99779 -111.835 -31.0627
vn -0.102196 -0.821081 0.561589
v -3.00019 -111.528 -30.8155
vn -0.554497 0.832186 9.15865e-05
v -3.00019 -111.528 -31.4788
vn -0.40781 0.892308 -0.19359
v -2.99608 -111.834 -31.2097
vn -0.0693238 -0.834636 -0.546422
v -3.00283 -111.83 -31.2135
vn -0.660837 -0.724029 -0.197679
v -3.00293 -111.841 -31.2014
vn -0.620189 -0.181937 -0.763063
v -2.90717 -111.831 -31.2135
vn 0.640158 -0.744975 -0.187642
v -2.91398 -111.834 -31.2097
vn 0.054041 -0.890594 -0.451577
v -2.90727 -111.842 -31.2014
vn 0.625049 -0.201074 -0.754244
v -2.99612 -111.838 -31.2053
vn -0.0601759 -0.539999 -0.839512
v -3.00039 -112.329 -31.206
vn -0.0570184 0.539723 -0.83991
v -3.00714 -112.324 -31.2014
vn -0.642535 0.262217 -0.719994
v -3.00724 -112.336 -31.2135
vn -0.543611 0.819927 -0.179462
v -2.91148 -112.325 -31.2014
vn 0.634982 0.197985 -0.746726
v -2.91829 -112.328 -31.2053
vn 0.0610718 0.493995 -0.867317
v -2.91402 -111.839 -31.2053
vn 0.058922 -0.486495 -0.871694
v -3.00042 -112.332 -31.2097
vn -0.0513511 0.825019 -0.562767
v -2.91833 -112.332 -31.2086
vn 0.0655806 0.824026 -0.562744
v -2.91148 -112.336 -31.2121
vn 0.599647 0.789088 -0.133284
v -3.00986 -112.636 -30.8155
vn -0.474345 -0.878242 0.0607331
v -3.00042 -112.331 -31.062
vn -0.0509387 0.825061 0.562743
v -2.91148 -112.336 -31.0585
vn 0.599492 0.789168 0.133503
v -2.91833 -112.333 -31.0609
vn 0.0659807 0.824023 0.562701
v -3.00418 -111.536 -31.483
vn -0.930046 0.235176 -0.282322
v -3.00414 -111.536 -30.8118
vn -0.927144 0.299007 0.225828
v -3.00644 -111.834 -31.0729
vn -0.891519 -0.0294852 0.452023
v -3.01116 -112.336 -31.0699
vn -0.965246 0.191773 0.177551
v -3.01085 -112.34 -30.8155
vn -0.900618 0.416283 0.124884
v -3.014 -112.631 -30.8149
vn -0.941778 -0.332783 0.0480667
v -3.0134 -112.632 -31.4788
vn -0.892277 -0.417983 -0.170679
v -3.01092 -112.348 -31.4873
vn -0.893977 0.0651356 -0.443354
v -3.01078 -112.332 -31.1978
vn -0.893805 0.0541599 -0.445174
v -2.90099 -111.533 -31.4788
vn 0.905941 0.404253 -0.125896
v -2.90349 -111.819 -31.4873
vn 0.891183 -0.143309 -0.430414
v -2.90292 -111.833 -31.1967
vn 0.961572 -0.198504 -0.18967
v -2.908 -112.34 -31.2054
vn 0.908915 0.415218 -0.0383025
v -2.90804 -112.34 -31.4788
vn 0.905916 0.404056 -0.126707
v -2.90991 -112.631 -31.4788
vn 0.925186 -0.362408 -0.11266
v -2.91059 -112.632 -30.8155
vn 0.900421 -0.417017 0.123846
v -2.90812 -112.349 -30.807
vn 0.894527 0.0500363 0.444206
v -2.90033 -111.534 -30.8155
vn 0.930695 0.347769 0.113422
v -3.01434 -113.637 -31.199
vn -0.270611 -0.119899 -0.955193
v -3.00995 -113.165 -31.2002
vn -0.0976909 -0.0399779 -0.994414
v -2.92251 -113.164 -31.2003
vn 0.0631455 -0.0363476 -0.997342
v -2.92516 -113.636 -31.1996
vn 0.26082 -0.239391 -0.935235
v -3.01416 -113.648 -31.0857
vn -0.175547 -0.97727 0.118853
v -3.016 -113.648 -31.192
vn -0.20027 -0.935021 -0.292621
v -2.92879 -113.649 -31.1898
vn 0.160475 -0.965618 -0.204523
v -2.92784 -113.649 -31.0844
vn 0.227406 -0.948345 0.221197
v -3.00995 -113.165 -31.0735
vn -0.0971869 -0.0384403 0.994524
v -3.01634 -113.635 -31.0741
vn -0.263745 -0.22661 0.937596
v -2.92688 -113.638 -31.0747
vn 0.269444 -0.130276 0.954164
v -2.92335 -113.166 -31.0735
vn 0.0969748 -0.0359042 0.994639
v -3.00921 -113.153 -30.937
vn -0.0844249 -0.996218 -0.020559
v -3.00921 -113.153 -31.0655
vn -0.0871942 -0.996186 0.00329316
v -2.92075 -113.153 -31.0633
vn 0.0497807 -0.997722 0.045519
v -2.92242 -113.154 -30.9395
vn 0.106245 -0.993296 -0.0455597
v -3.01461 -113.667 -30.9279
vn -0.265799 -0.117885 -0.956793
v -3.00995 -113.165 -30.9291
vn -0.0977372 -0.0398915 -0.994412
v -2.92335 -113.166 -30.9291
vn 0.0963065 -0.0367985 -0.994671
v -2.92542 -113.666 -30.9285
vn 0.257166 -0.236128 -0.937075
v -3.01442 -113.678 -30.8136
vn -0.174609 -0.977446 0.11879
v -3.01543 -113.677 -30.9191
vn -0.252141 -0.942245 -0.220452
v -2.92905 -113.679 -30.9188
vn 0.160233 -0.965714 -0.204261
v -2.9281 -113.679 -30.8124
vn 0.230536 -0.955966 0.181611
v -3.00334 -112.862 -30.8011
vn -0.0783011 0.183523 0.979892
v -3.0166 -113.665 -30.802
vn -0.149679 -0.212152 0.965706
v -2.93168 -113.666 -30.8011
vn 0.0766706 -0.196799 0.977441
v -2.91841 -112.863 -30.802
vn 0.143297 0.252392 0.956956
v -3.00948 -112.848 -31.4788
vn -0.204819 0.936215 -0.285571
v -3.00948 -112.848 -30.8155
vn -0.106449 0.971013 0.214016
v -2.92454 -112.848 -30.8155
vn 0.0853942 0.977006 0.195362
v -2.91829 -112.849 -31.4788
vn 0.144706 0.953419 -0.264674
v -3.01059 -113.693 -31.4931
vn -0.0793388 -0.182914 -0.979922
v -3.00959 -112.862 -31.4922
vn -0.147718 0.213485 -0.965714
v -2.92467 -112.863 -31.4931
vn 0.0485701 0.169104 -0.984401
v -2.92566 -113.694 -31.4922
vn 0.145749 -0.221842 -0.964128
v -3.01467 -113.706 -31.3773
vn -0.174799 -0.97756 0.117566
v -3.01651 -113.706 -31.4846
vn -0.199817 -0.93505 -0.29284
v -2.92929 -113.707 -31.4824
vn 0.122276 -0.9704 -0.208261
v -2.92835 -113.707 -31.376
vn 0.227041 -0.94878 0.219702
v -3.00995 -113.165 -31.3651
vn -0.0971496 -0.0383021 0.994533
v -3.01685 -113.693 -31.3657
vn -0.258743 -0.221971 0.940096
v -2.92738 -113.696 -31.3663
vn 0.263265 -0.128289 0.956155
v -2.92335 -113.166 -31.3651
vn 0.096902 -0.0357459 0.994652
v -3.00921 -113.153 -31.2081
vn -0.0844094 -0.996213 -0.020867
v -3.00921 -113.153 -31.3572
vn -0.0871735 -0.996189 0.00302886
v -2.92075 -113.153 -31.3549
vn 0.0496916 -0.997749 0.0450287
v -2.92242 -113.154 -31.2106
vn 0.106245 -0.993293 -0.0456175
v -3.02006 -113.139 -30.9151
vn -0.99034 -0.135219 -0.0306915
v -3.02375 -113.665 -30.9214
vn -0.949286 -0.227999 -0.216503
v -3.02465 -113.665 -30.8155
vn -0.983043 -0.171774 0.0641947
v -3.01764 -112.862 -30.8155
vn -0.999911 0.0130763 0.00262553
v -3.01764 -112.862 -31.4788
vn -0.999941 0.0102143 -0.00364514
v -3.01935 -113.146 -31.0838
vn -0.98168 -0.0828712 0.171569
v -3.02444 -113.693 -31.4819
vn -0.997207 0.00752655 -0.0743112
v -3.024 -113.693 -31.3728
vn -0.948682 -0.204404 0.24129
v -3.01935 -113.146 -31.3753
vn -0.981825 -0.0825859 0.170879
v -3.01932 -113.143 -31.1933
vn -0.973844 -0.0873592 -0.209752
v -3.02357 -113.639 -31.0871
vn -0.982918 -0.172792 0.0633689
v -3.0235 -113.635 -31.1924
vn -0.94911 -0.228785 -0.216444
v -2.91278 -113.14 -31.3791
vn 0.988223 -0.149608 0.0321331
v -2.91851 -113.694 -31.3728
vn 0.945777 -0.243086 0.215443
v -2.91762 -113.694 -31.4788
vn 0.980071 -0.188166 -0.0636725
v -2.91036 -112.863 -31.4788
vn 0.999986 -0.00446483 -0.0027122
v -2.91036 -112.863 -30.8155
vn 0.999967 -0.0072507 0.00355988
v -2.91363 -113.148 -31.1898
vn 0.980267 -0.0998443 -0.170609
v -2.91782 -113.666 -30.8124
vn 0.997237 -0.00991789 0.0736202
v -2.91826 -113.666 -30.9214
vn 0.945347 -0.219603 -0.241025
v -2.91363 -113.148 -30.9188
vn 0.980295 -0.0995118 -0.170645
v -2.91359 -113.144 -31.0804
vn 0.971264 -0.10056 0.215718
v -2.91799 -113.64 -31.1865
vn 0.980125 -0.188276 -0.0625012
v -2.91846 -113.636 -31.0817
vn 0.969483 -0.137777 0.20278
v -3.01446 -113.164 -31.1982
vn -0.635415 -0.197933 -0.746372
v -3.00765 -113.16 -31.2022
vn -0.0609806 -0.493915 -0.867369
v -2.92554 -113.159 -31.2029
vn 0.0569087 -0.539611 -0.839989
v -2.91881 -113.164 -31.1982
vn 0.643232 -0.262225 -0.719368
v -2.9187 -113.152 -31.2104
vn 0.545211 -0.818456 -0.181315
v -3.01868 -113.647 -31.1861
vn -0.440777 -0.896188 -0.0506301
v -3.01019 -113.647 -31.0791
vn -0.0581237 -0.8883 0.45557
v -3.00765 -113.16 -31.0715
vn -0.0630236 -0.485652 0.871877
v -3.01446 -113.164 -31.0754
vn -0.635124 -0.197691 0.746683
v -2.91881 -113.164 -31.0754
vn 0.652597 -0.28553 0.701847
v -2.92555 -113.16 -31.0715
vn 0.0554759 -0.540688 0.839392
v -3.01446 -113.152 -31.0647
vn -0.600216 -0.788502 0.134185
v -3.00761 -113.155 -31.067
vn -0.0675949 -0.828425 0.556006
v -2.9238 -113.157 -30.9337
vn 0.0420049 -0.82977 -0.556522
v -3.00933 -113.156 -30.9337
vn -0.106455 -0.824158 -0.556265
v -3.01446 -113.152 -30.9379
vn -0.64427 -0.726126 -0.240117
v -3.01446 -113.164 -30.9272
vn -0.616006 -0.166725 -0.769896
v -2.9187 -113.152 -30.9393
vn 0.531127 -0.831858 -0.160984
v -2.91881 -113.164 -30.9272
vn 0.644617 -0.284737 -0.709503
v -2.92552 -113.157 -31.0681
vn 0.0524912 -0.829465 0.556086
v -2.9187 -113.152 -31.0633
vn 0.530366 -0.832552 0.159906
v -3.00765 -113.16 -30.9311
vn -0.0609878 -0.494177 -0.867219
v -2.92554 -113.159 -30.9318
vn 0.0569124 -0.539879 -0.839816
v -3.01045 -113.677 -30.807
vn -0.0578702 -0.887617 0.456932
v -3.01883 -113.665 -30.8034
vn -0.514499 -0.0518143 0.855924
v -3.01183 -112.862 -30.8034
vn -0.448005 0.0607957 0.891962
v -2.91618 -112.863 -30.8034
vn 0.514605 0.0518126 0.855861
v -2.92318 -113.666 -30.8034
vn 0.44817 -0.0608174 0.891877
v -3.01172 -112.849 -30.8155
vn -0.560305 0.826013 0.0613239
v -2.91607 -112.85 -31.4788
vn 0.544742 0.836404 -0.0606946
v -2.91607 -112.85 -30.8155
vn 0.474992 0.877896 0.0606686
v -3.01183 -112.862 -31.4909
vn -0.511832 0.0603362 -0.856964
v -3.01909 -113.693 -31.4909
vn -0.446049 -0.0529336 -0.893442
v -2.92343 -113.694 -31.4909
vn 0.512324 -0.0604276 -0.856663
v -2.91618 -112.863 -31.4909
vn 0.427418 0.121141 -0.895901
v -3.01919 -113.705 -31.4788
vn -0.440714 -0.89619 -0.0511281
v -3.01069 -113.705 -31.3706
vn -0.0586556 -0.888328 0.455448
v -3.00765 -113.16 -31.3631
vn -0.063017 -0.485391 0.872023
v -3.01446 -113.164 -31.367
vn -0.615797 -0.166459 0.77012
v -3.01446 -113.152 -31.3562
vn -0.644077 -0.726194 0.240431
v -2.91881 -113.164 -31.367
vn 0.644772 -0.28499 0.70926
v -2.92555 -113.16 -31.3631
vn 0.0554728 -0.54042 0.839565
v -3.00761 -113.155 -31.3586
vn -0.0675629 -0.828451 0.555972
v -2.9238 -113.157 -31.2048
vn 0.0419764 -0.829796 -0.556486
v -3.00933 -113.156 -31.2048
vn -0.106395 -0.824207 -0.556204
v -3.01446 -113.152 -31.209
vn -0.600719 -0.788075 -0.13444
v -2.92552 -113.157 -31.3597
vn 0.0524596 -0.82949 0.556052
v -2.9187 -113.152 -31.3549
vn 0.529979 -0.832893 0.15941
v -3.02266 -113.693 -31.4873
vn -0.910905 -0.250558 -0.327831
v -3.01601 -112.855 -31.4788
vn -0.92522 0.36232 -0.112661
v -3.01541 -112.862 -31.4873
vn -0.894208 0.0640613 -0.443044
v -3.01608 -112.862 -30.8081
vn -0.942643 0.0528491 0.329592
v -3.01533 -112.854 -30.8155
vn -0.900531 0.416802 0.123772
v -3.02241 -113.665 -30.807
vn -0.894786 -0.0485318 0.443851
v -3.01797 -113.157 -30.9236
vn -0.924415 -0.0365884 -0.37963
v -3.02215 -113.635 -31.0791
vn -0.894795 -0.0491325 0.443766
v -2.91935 -113.636 -31.1946
vn 0.894786 -0.0642633 -0.441846
v -2.91961 -113.666 -30.807
vn 0.907136 -0.264093 0.327658
v -2.91192 -112.856 -30.8149
vn 0.950885 0.306233 0.045157
v -2.9126 -112.863 -30.807
vn 0.898181 0.118578 0.423333
v -2.91193 -112.863 -31.4861
vn 0.924896 0.0916635 -0.369005
v -2.91253 -112.854 -31.4788
vn 0.907477 0.410654 -0.0885968
v -2.91985 -113.694 -31.4873
vn 0.894216 -0.0639137 -0.443049
v -2.91517 -113.157 -31.3706
vn 0.920339 -0.0472575 0.388256
v -3.02325 -114.658 -31.199
vn -0.270487 -0.119921 -0.955226
v -3.01885 -114.186 -31.2002
vn -0.0970962 -0.0342363 -0.994686
v -2.93226 -114.187 -31.2002
vn 0.0949462 -0.0383485 -0.994743
v -2.93406 -114.657 -31.1996
vn 0.229108 -0.261108 -0.937727
v -3.02313 -114.668 -31.0846
vn -0.199725 -0.962568 0.18323
v -3.02335 -114.668 -31.1902
vn -0.237333 -0.94931 -0.206115
v -2.93773 -114.669 -31.1901
vn 0.188445 -0.96123 -0.201311
v -2.93675 -114.67 -31.0844
vn 0.26258 -0.939818 0.218617
v -3.01967 -114.184 -31.0734
vn -0.0633324 -0.0352647 0.997369
v -3.02525 -114.656 -31.0741
vn -0.263593 -0.22658 0.937646
v -2.93608 -114.657 -31.0743
vn 0.233187 -0.158207 0.959476
v -2.93226 -114.187 -31.0735
vn 0.0955344 -0.0398923 0.994626
v -3.02125 -114.174 -30.9393
vn -0.0606137 -0.99608 -0.0644272
v -3.01958 -114.174 -31.0631
vn -0.113067 -0.99245 0.0475352
v -2.92966 -114.175 -31.0633
vn 0.0423874 -0.997031 0.0642827
v -2.93133 -114.175 -30.9395
vn 0.103307 -0.993521 -0.0473703
v -3.02351 -114.688 -30.9279
vn -0.265805 -0.117915 -0.956788
v -3.01885 -114.186 -30.9291
vn -0.0970844 -0.0341508 -0.99469
v -2.93226 -114.187 -30.9291
vn 0.0949359 -0.0382747 -0.994747
v -2.93433 -114.687 -30.9285
vn 0.225497 -0.256751 -0.939803
v -3.02339 -114.698 -30.8125
vn -0.220545 -0.962787 0.156209
v -3.02361 -114.698 -30.9192
vn -0.211861 -0.94872 -0.234619
v -2.93799 -114.699 -30.9191
vn 0.14323 -0.96842 -0.20408
v -2.93701 -114.7 -30.8124
vn 0.27753 -0.948508 0.152672
v -3.01225 -113.883 -30.8011
vn -0.0223148 0.165673 0.985928
v -3.02551 -114.686 -30.802
vn -0.14969 -0.212425 0.965644
v -2.94058 -114.687 -30.8011
vn 0.0406373 -0.172792 0.98412
v -2.92732 -113.884 -30.802
vn 0.144801 0.259474 0.954833
v -3.01212 -113.868 -31.4788
vn -0.0135399 0.982814 -0.184099
v -3.01794 -113.87 -30.8155
vn -0.240739 0.962029 0.128629
v -2.93345 -113.869 -30.8155
vn 0.0236704 0.999719 0.000804816
v -2.9272 -113.87 -31.4788
vn 0.261431 0.924655 -0.276887
v -3.0195 -114.714 -31.4931
vn -0.0793455 -0.183038 -0.979899
v -3.0185 -113.883 -31.4922
vn -0.211416 0.27014 -0.939323
v -2.93358 -113.883 -31.4931
vn 0.0460456 0.202287 -0.978243
v -2.93457 -114.715 -31.4922
vn 0.124804 -0.260717 -0.957314
v -3.02363 -114.726 -31.3761
vn -0.199237 -0.962918 0.181914
v -3.02385 -114.726 -31.4828
vn -0.21192 -0.948376 -0.235949
v -2.93823 -114.727 -31.4827
vn 0.143288 -0.968175 -0.205196
v -2.93726 -114.728 -31.376
vn 0.26239 -0.940194 0.217228
v -3.01885 -114.186 -31.3651
vn -0.0964508 -0.0350772 0.994719
v -3.02575 -114.714 -31.3657
vn -0.258574 -0.22211 0.94011
v -2.93629 -114.717 -31.3663
vn 0.22816 -0.155991 0.961046
v -2.93226 -114.187 -31.3651
vn 0.0955264 -0.0397362 0.994633
v -3.02125 -114.174 -31.2104
vn -0.0606017 -0.996048 -0.0649243
v -3.01958 -114.174 -31.3547
vn -0.112965 -0.992503 0.0466589
v -2.92966 -114.175 -31.3549
vn 0.042296 -0.997066 0.0637928
v -2.93133 -114.175 -31.2106
vn 0.103287 -0.993532 -0.0471773
v -3.02897 -114.16 -30.9151
vn -0.990875 -0.134074 -0.013821
v -3.03267 -114.686 -30.9214
vn -0.949108 -0.228719 -0.216524
v -3.03356 -114.686 -30.8155
vn -0.98296 -0.172282 0.0640979
v -3.02655 -113.883 -30.8155
vn -0.999912 0.0130133 0.00261944
v -3.02655 -113.883 -31.4788
vn -0.999941 0.0101976 -0.00364312
v -3.02836 -114.167 -31.0813
vn -0.979207 -0.19452 0.0575843
v -3.03335 -114.714 -31.4819
vn -0.997207 0.00752651 -0.0743017
v -3.03291 -114.714 -31.3728
vn -0.94867 -0.204526 0.241235
v -3.02836 -114.167 -31.3728
vn -0.9792 -0.194724 0.057003
v -3.02823 -114.164 -31.1933
vn -0.979549 -0.103437 -0.172584
v -3.03247 -114.66 -31.0871
vn -0.983012 -0.172245 0.0633901
v -3.0324 -114.656 -31.1924
vn -0.949302 -0.228244 -0.216171
v -2.92169 -114.161 -31.3791
vn 0.98851 -0.150536 0.0136437
v -2.92742 -114.715 -31.3728
vn 0.946755 -0.0900681 0.309101
v -2.9274 -114.718 -31.4794
vn 0.974499 -0.223037 -0.0246137
v -2.91927 -113.884 -31.4788
vn 0.999986 -0.00444401 -0.0027053
v -2.91927 -113.884 -30.8155
vn 0.999967 -0.00723838 0.00355815
v -2.92243 -114.168 -31.1924
vn 0.97591 -0.210671 -0.0567317
v -2.92711 -114.689 -30.8136
vn 0.989912 -0.123771 0.0689543
v -2.92717 -114.687 -30.9214
vn 0.953498 -0.136595 -0.268671
v -2.92243 -114.168 -30.9214
vn 0.976008 -0.210157 -0.0569501
v -2.9225 -114.165 -31.0804
vn 0.977589 -0.12037 0.172718
v -2.92689 -114.66 -31.1867
vn 0.975963 -0.204521 -0.0752811
v -2.92691 -114.657 -31.0813
vn 0.940149 -0.265752 0.213297
v -3.02337 -114.184 -31.1982
vn -0.645363 -0.252608 -0.7209
v -3.01656 -114.18 -31.2022
vn -0.0641045 -0.56067 -0.825554
v -3.02327 -114.172 -31.2104
vn -0.550347 -0.814849 -0.182043
v -2.93446 -114.181 -31.2022
vn 0.0591237 -0.56191 -0.825083
v -2.92771 -114.185 -31.1982
vn 0.642906 -0.262132 -0.719693
v -2.92761 -114.173 -31.2104
vn 0.546509 -0.817622 -0.181167
v -3.01656 -114.18 -31.0715
vn -0.0686147 -0.560964 0.824992
v -3.02337 -114.184 -31.0754
vn -0.654532 -0.275382 0.704096
v -2.92771 -114.185 -31.0754
vn 0.652366 -0.285506 0.702072
v -2.93446 -114.181 -31.0715
vn 0.054272 -0.562078 0.825302
v -3.02327 -114.172 -31.0633
vn -0.537077 -0.827717 0.162581
v -3.01652 -114.176 -31.067
vn -0.0675791 -0.828452 0.555968
v -2.93272 -114.178 -30.9337
vn 0.0420058 -0.829777 -0.556513
v -3.01824 -114.177 -30.9337
vn -0.106423 -0.824194 -0.556219
v -3.02327 -114.172 -30.9393
vn -0.536297 -0.828436 -0.161489
v -3.02337 -114.184 -30.9272
vn -0.646908 -0.275333 -0.711127
v -2.92761 -114.173 -30.9393
vn 0.532503 -0.831002 -0.160863
v -2.92771 -114.185 -30.9272
vn 0.644342 -0.284713 -0.709762
v -2.93443 -114.178 -31.0681
vn 0.0524908 -0.829467 0.556084
v -2.92761 -114.173 -31.0633
vn 0.531748 -0.831692 0.159788
v -3.01656 -114.18 -30.9311
vn -0.0641114 -0.56094 -0.82537
v -2.93446 -114.181 -30.9311
vn 0.0591262 -0.562179 -0.824899
v -3.02775 -114.686 -30.8034
vn -0.51475 -0.0517012 0.85578
v -3.02074 -113.883 -30.8034
vn -0.422436 0.212267 0.881187
v -2.92509 -113.884 -30.8034
vn 0.51475 0.0517012 0.85578
v -2.9321 -114.687 -30.8034
vn 0.41687 -0.138994 0.898276
v -3.02064 -113.871 -31.4788
vn -0.437907 0.869482 -0.228557
v -2.92593 -113.872 -30.8134
vn 0.420012 0.893287 0.160092
v -3.02074 -113.883 -31.4909
vn -0.51222 0.0603281 -0.856733
v -3.02799 -114.714 -31.4909
vn -0.445855 -0.0528058 -0.893546
v -2.93234 -114.715 -31.4909
vn 0.50457 -0.0638281 -0.861008
v -2.92509 -113.884 -31.4909
vn 0.429946 0.123172 -0.894413
v -3.01656 -114.18 -31.3631
vn -0.0686075 -0.560694 0.825176
v -3.02337 -114.184 -31.367
vn -0.646598 -0.275007 0.711536
v -2.92771 -114.185 -31.367
vn 0.644494 -0.284967 0.709522
v -2.93446 -114.181 -31.3631
vn 0.0542699 -0.561808 0.825486
v -3.02327 -114.172 -31.3549
vn -0.536566 -0.828179 0.161915
v -3.01652 -114.176 -31.3586
vn -0.0675472 -0.828477 0.555934
v -2.93272 -114.178 -31.2048
vn 0.0419772 -0.829802 -0.556476
v -3.01824 -114.177 -31.2048
vn -0.106363 -0.824242 -0.556158
v -2.93443 -114.178 -31.3597
vn 0.0524591 -0.829492 0.55605
v -2.92761 -114.173 -31.3549
vn 0.531363 -0.832034 0.159292
v -3.02688 -114.176 -31.3706
vn -0.894757 -0.0384328 0.444897
v -3.03157 -114.714 -31.4873
vn -0.910797 -0.25079 -0.327952
v -3.02486 -113.875 -31.4794
vn -0.915407 0.382669 -0.124877
v -3.02431 -113.883 -31.4873
vn -0.893843 0.0638859 -0.443806
v -3.02499 -113.883 -30.8081
vn -0.922341 0.104577 0.371955
v -3.02424 -113.874 -30.8155
vn -0.883987 0.458118 0.0932496
v -3.03132 -114.686 -30.807
vn -0.894401 -0.0486367 0.444614
v -3.02688 -114.176 -30.9236
vn -0.942652 -0.0696382 -0.326432
v -3.02688 -114.176 -31.0791
vn -0.89504 -0.0391423 0.444266
v -3.03106 -114.656 -31.0791
vn -0.895321 -0.0489493 0.442724
v -2.92825 -114.657 -31.1946
vn 0.894544 -0.0643651 -0.442321
v -2.92408 -114.177 -30.9236
vn 0.89385 -0.053988 -0.445103
v -2.92852 -114.687 -30.807
vn 0.856269 -0.0944653 0.507818
v -2.92083 -113.876 -30.8149
vn 0.941393 0.333876 0.0480169
v -2.92151 -113.884 -30.807
vn 0.897125 0.116329 0.426185
v -2.92084 -113.884 -31.4861
vn 0.943028 0.0207264 -0.332067
v -2.92143 -113.875 -31.4788
vn 0.891676 0.419297 -0.170599
v -2.92876 -114.715 -31.4873
vn 0.897927 -0.0673541 -0.434961
v -2.92408 -114.177 -31.3706
vn 0.941485 -0.0858452 0.325941
v -2.92408 -114.177 -31.1946
vn 0.894192 -0.0541616 -0.444395
v -3.02538 -114.902 -30.8026
vn -0.237761 0.157452 0.958477
v -3.02983 -115.181 -30.802
vn -0.265289 -0.228225 0.936768
v -2.94068 -115.184 -30.8028
vn 0.228337 -0.162273 0.959963
v -2.93623 -114.904 -30.802
vn 0.241769 0.259764 0.934917
v -3.02103 -114.889 -31.4788
vn -0.0135597 0.982848 -0.183918
v -3.02685 -114.89 -30.8155
vn -0.240223 0.962171 0.128526
v -2.94236 -114.89 -30.8155
vn 0.0235806 0.999722 0.000804817
v -2.93611 -114.891 -31.4788
vn 0.131674 0.956068 -0.261908
v -3.02784 -115.669 -31.4931
vn -0.0794251 -0.181792 -0.980124
v -3.02741 -114.904 -31.4922
vn -0.245202 0.259123 -0.934201
v -2.94248 -114.904 -31.4931
vn 0.0457389 0.168071 -0.984713
v -2.94291 -115.67 -31.4922
vn 0.147312 -0.211132 -0.966293
v -3.03197 -115.682 -31.3733
vn -0.256536 -0.921543 0.291458
v -3.03164 -115.683 -31.4819
vn -0.298671 -0.921223 -0.249285
v -2.94503 -115.683 -31.4804
vn 0.207376 -0.957404 -0.20093
v -2.94559 -115.683 -31.3729
vn 0.232148 -0.950578 0.206175
v -3.02858 -115.205 -31.3619
vn -0.0633267 -0.0353124 0.997368
v -3.03409 -115.669 -31.3626
vn -0.264116 -0.223995 0.93812
v -2.94492 -115.67 -31.3628
vn 0.262451 -0.123298 0.957036
v -2.94117 -115.208 -31.362
vn 0.0955381 -0.0399658 0.994623
v -3.02815 -115.194 -30.8137
vn -0.225208 -0.967492 0.115068
v -3.02766 -115.195 -31.3499
vn -0.111866 -0.992805 0.0427
v -2.94107 -115.196 -31.3499
vn 0.10212 -0.993866 0.0424533
v -2.9392 -115.194 -30.8155
vn 0.239054 -0.966271 0.0957774
v -3.04169 -115.669 -31.4819
vn -0.997176 0.00741972 -0.0747365
v -3.04124 -115.669 -31.3698
vn -0.948574 -0.204114 0.241962
v -3.03747 -115.185 -31.3713
vn -0.989302 -0.143211 0.0277805
v -3.03746 -115.184 -30.8155
vn -0.991868 -0.104795 0.0722213
v -3.03546 -114.904 -30.8155
vn -0.999926 0.0121361 0.000739876
v -3.03546 -114.904 -31.4788
vn -0.999928 0.0109059 -0.00499921
v -2.92818 -114.904 -30.8155
vn 0.999975 -0.00697088 0.00146979
v -2.93138 -115.182 -30.8118
vn 0.985446 -0.0347834 0.166392
v -2.9306 -115.182 -31.376
vn 0.999951 -0.00977624 0.00182523
v -2.92818 -114.904 -31.4788
vn 0.999987 -0.00438018 -0.00254976
v -2.93486 -115.67 -31.4788
vn 0.980078 -0.188116 -0.0637199
v -2.93621 -115.67 -31.3702
vn 0.969477 -0.13774 0.202833
v -3.02954 -114.891 -31.4788
vn -0.437374 0.869806 -0.228343
v -2.93388 -114.892 -31.4788
vn 0.542103 0.839014 -0.0466927
v -2.93484 -114.893 -30.8134
vn 0.412767 0.899781 0.141485
v -3.03632 -115.669 -31.4909
vn -0.446265 -0.0528707 -0.893338
v -2.94068 -115.67 -31.4909
vn 0.512461 -0.0602482 -0.856595
v -2.934 -114.904 -31.4909
vn 0.426406 0.129725 -0.895181
v -3.02547 -115.201 -31.36
vn -0.0685824 -0.559947 0.825685
v -3.03228 -115.205 -31.3639
vn -0.618892 -0.174046 0.765951
v -3.03224 -115.193 -31.3536
vn -0.628039 -0.733033 0.261206
v -2.93662 -115.206 -31.3639
vn 0.617449 -0.184071 0.764771
v -2.94337 -115.202 -31.36
vn 0.0542448 -0.561128 0.82595
v -2.93651 -115.194 -31.3518
vn 0.655485 -0.729693 0.194646
v -3.02543 -115.197 -31.3555
vn -0.0675793 -0.828579 0.555778
v -2.94334 -115.199 -31.3566
vn 0.052473 -0.829555 0.555955
v -3.0399 -115.669 -31.4873
vn -0.91081 -0.25063 -0.328038
v -3.03377 -114.896 -31.4794
vn -0.915556 0.382316 -0.124869
v -3.03322 -114.904 -31.4873
vn -0.893842 0.0639702 -0.443795
v -3.03349 -114.899 -30.8118
vn -0.926982 0.289319 0.238745
v -3.03568 -115.185 -30.8112
vn -0.921928 -0.272344 0.275459
v -3.03579 -115.198 -31.3675
vn -0.895336 -0.0335737 0.444123
v -2.9371 -115.67 -31.4873
vn 0.894105 -0.0637987 -0.44329
v -2.93261 -115.194 -31.3644
vn 0.96158 -0.21253 0.173765
v -2.93291 -115.19 -30.8155
vn 0.88075 -0.459079 0.116302
v -2.93005 -114.901 -30.8112
vn 0.940888 0.237216 0.241782
v -2.92975 -114.904 -31.4861
vn 0.923501 0.0958329 -0.371432
v -2.93034 -114.896 -31.4788
vn 0.888753 0.450533 -0.0844862
v -3.03898 -116.228 -31.0584
vn -0.0419048 -0.242374 0.969277
v -3.03616 -116.444 -31.1044
vn -0.0463753 -0.248012 0.967646
v -2.94929 -116.401 -31.0941
vn 0.0405223 -0.221341 0.974354
v -2.94757 -116.204 -31.0517
vn 0.0387004 -0.272314 0.96143
v -3.03809 -116.127 -31.024
vn -0.0549365 -0.524609 0.849569
v -2.94691 -116.128 -31.024
vn 0.0406499 -0.51853 0.854093
v -3.03784 -116.099 -30.9901
vn -0.0568101 -0.988983 0.136696
v -2.94823 -116.1 -30.99
vn 0.0496454 -0.986455 0.156338
v -3.03635 -116.106 -30.9627
vn -0.0600614 -0.685977 -0.72514
v -2.94995 -116.119 -30.9519
vn 0.0821086 -0.680781 -0.72787
v -3.03517 -116.15 -30.9365
vn -0.0459931 -0.331508 -0.942331
v -2.9471 -116.151 -30.936
vn 0.0456973 -0.286086 -0.957114
v -3.0389 -116.219 -30.9215
vn -0.0442364 -0.100225 -0.993981
v -2.94771 -116.22 -30.9215
vn 0.0424884 -0.0909507 -0.994949
v -3.03967 -116.308 -30.9178
vn -0.0416883 0.0297377 -0.998688
v -2.9491 -116.379 -30.9203
vn 0.0574973 0.045851 -0.997292
v -3.04067 -116.423 -30.9239
vn -0.0425829 0.106015 -0.993452
v -2.9507 -116.563 -30.947
vn 0.0633044 0.1883 -0.980069
v -3.04189 -116.562 -30.947
vn -0.059749 0.193899 -0.9792
v -3.03562 -116.562 -30.9477
vn -0.00838277 -0.779177 0.626748
v -2.95695 -116.562 -30.9477
vn -0.0122074 -0.149184 0.988734
v -3.0421 -116.638 -30.8318
vn -0.228675 -0.91315 -0.337437
v -3.04205 -116.581 -30.9381
vn -0.276366 -0.829739 -0.484928
v -2.95312 -116.581 -30.9393
vn 0.240851 -0.77124 -0.58922
v -2.95134 -116.636 -30.8372
vn 0.193003 -0.956051 -0.220716
v -3.0394 -116.633 -30.8238
vn -0.170718 -0.430854 0.886126
v -2.95128 -116.63 -30.8224
vn 0.127486 -0.214905 0.968279
v -3.03876 -116.563 -30.8096
vn -0.0745871 -0.141255 0.98716
v -2.95322 -116.493 -30.8001
vn 0.0750908 -0.0811699 0.993868
v -3.03592 -116.416 -30.794
vn -0.0444793 -0.0608248 0.997157
v -2.95466 -116.3 -30.7898
vn 0.0105214 -0.00308951 0.99994
v -3.03616 -116.264 -30.7911
vn -0.0432359 0.0211488 0.998841
v -2.95034 -116.163 -30.7964
vn 0.0769598 0.0651695 0.994902
v -3.03507 -116.139 -30.7996
vn -0.0741715 0.115401 0.990546
v -2.94968 -116.087 -30.8065
vn 0.0402601 0.184241 0.982056
v -3.0339 -116.005 -30.8236
vn -0.080237 0.256753 0.963141
v -2.94828 -115.927 -30.8504
vn 0.0544706 0.346846 0.936339
v -3.03164 -115.926 -30.8502
vn -0.0436702 0.386605 0.921211
v -3.0328 -115.88 -30.8734
vn -0.0799801 0.509194 0.856928
v -2.94468 -115.872 -30.8786
vn 0.0577338 0.534328 0.843303
v -3.03238 -115.831 -30.9107
vn -0.0511335 0.674868 0.736164
v -2.94899 -115.829 -30.9133
vn 0.0538404 0.733674 0.677365
v -3.03205 -115.793 -30.9716
vn -0.0666389 0.946965 0.314351
v -2.94872 -115.798 -30.962
vn 0.0591938 0.947596 0.31394
v -2.94397 -115.791 -30.9982
vn 0.0880859 0.995344 -0.0391311
v -3.03518 -115.793 -31.0206
vn -0.0316455 0.974228 -0.223337
v -3.03058 -115.805 -31.0495
vn -0.0465734 0.873774 -0.484096
v -2.94724 -115.807 -31.052
vn 0.0565249 0.821204 -0.567828
v -3.03087 -115.837 -31.0875
vn -0.0375044 0.659807 -0.750499
v -2.94912 -115.843 -31.0919
vn 0.0574524 0.619593 -0.782818
v -3.0299 -115.906 -31.1307
vn -0.0384338 0.444516 -0.894946
v -2.94957 -115.896 -31.1247
vn 0.0496676 0.446876 -0.893216
v -2.95169 -115.959 -31.1518
vn 0.0780602 0.315158 -0.945824
v -3.03366 -115.978 -31.1578
vn -0.0684276 0.314156 -0.946902
v -3.03455 -116.08 -31.1857
vn -0.0288438 0.234737 -0.971631
v -2.94814 -116.268 -31.2251
vn 0.0437502 0.229375 -0.972354
v -3.03597 -116.243 -31.2197
vn -0.0421929 0.226387 -0.973123
v -3.03989 -116.333 -31.2456
vn -0.0269062 0.39642 -0.917675
v -2.94873 -116.337 -31.2474
vn 0.0456621 0.396036 -0.917099
v -2.95064 -116.376 -31.2761
vn 0.0612104 0.817964 -0.572004
v -3.03869 -116.375 -31.2749
vn -0.0621159 0.829799 -0.554595
v -3.04035 -116.386 -31.3001
vn -0.052299 0.984287 0.168651
v -2.95227 -116.384 -31.3152
vn 0.0274243 0.897327 0.440514
v -2.94898 -116.366 -31.3377
vn 0.0485022 0.591446 0.804885
v -3.04014 -116.362 -31.3394
vn -0.0543882 0.508153 0.859548
v -2.94864 -116.327 -31.3565
vn 0.0715266 0.311989 0.947389
v -3.03803 -116.3 -31.3635
vn -0.0768631 0.22758 0.970721
v -2.94761 -116.209 -31.3741
vn 0.0597428 0.0363056 0.997553
v -3.03861 -116.187 -31.3752
vn -0.0431902 0.0328605 0.998526
v -3.03758 -116.069 -31.3713
vn -0.0425528 -0.0718946 0.996504
v -2.9494 -116.055 -31.3698
vn 0.0417304 -0.0852454 0.995486
v -3.03697 -115.934 -31.3542
vn -0.191098 -0.165263 0.967559
v -2.94758 -115.847 -31.3356
vn 0.183148 -0.151034 0.971414
v -3.03507 -115.839 -31.337
vn -0.184011 0.0901682 0.97878
v -3.03303 -115.778 -31.4501
vn -0.233243 0.951066 0.202661
v -3.03548 -115.828 -31.3451
vn -0.322448 0.820091 0.472735
v -2.94792 -115.831 -31.3426
vn 0.174752 0.760429 0.625468
v -2.94643 -115.779 -31.4515
vn 0.273934 0.936621 0.218405
v -3.03374 -115.782 -31.462
vn -0.239441 0.464177 -0.852765
v -2.94559 -115.783 -31.4621
vn 0.220092 0.409656 -0.885292
v -2.99004 -115.846 -31.4774
vn 0.00143336 0.174825 -0.984598
v -3.03365 -115.976 -31.4934
vn -0.0757098 0.0972444 -0.992377
v -2.95034 -115.984 -31.4943
vn 0.0441358 0.0935704 -0.994634
v -3.03544 -116.181 -31.5019
vn -0.0600914 -0.0128535 -0.99811
v -2.95015 -116.141 -31.5027
vn 0.0767245 0.00863267 -0.997015
v -2.95114 -116.255 -31.5
vn 0.0762012 -0.0551421 -0.995567
v -2.9941 -116.31 -31.4967
vn -0.000877664 -0.0909478 -0.995855
v -3.03701 -116.361 -31.4902
vn -0.0808746 -0.130145 -0.988191
v -2.95412 -116.418 -31.4816
vn 0.0402486 -0.187829 -0.981377
v -3.03793 -116.468 -31.4706
vn -0.0446595 -0.233099 -0.971427
v -2.95507 -116.525 -31.4541
vn 0.0406295 -0.333105 -0.942014
v -3.03848 -116.531 -31.4519
vn -0.0938159 -0.333666 -0.938011
v -3.0375 -116.597 -31.4226
vn -0.0470368 -0.477418 -0.877417
v -2.9541 -116.593 -31.4249
vn 0.090832 -0.468423 -0.878823
v -2.95444 -116.634 -31.3991
vn 0.0318919 -0.621127 -0.78306
v -3.04272 -116.658 -31.3763
vn -0.0483323 -0.727289 -0.684627
v -2.95641 -116.68 -31.3499
vn 0.0408007 -0.86665 -0.497245
v -3.03982 -116.684 -31.3406
vn -0.093296 -0.893085 -0.440108
v -3.03835 -116.695 -31.3053
vn -0.05789 -0.984277 -0.166874
v -2.95656 -116.697 -31.2987
vn 0.0407044 -0.996006 -0.0794649
v -3.03989 -116.692 -31.2567
vn -0.0453247 -0.97486 0.21816
v -2.95652 -116.692 -31.254
vn 0.0418153 -0.947891 0.315839
v -3.03972 -116.672 -31.2174
vn -0.065795 -0.738354 0.671196
v -2.95634 -116.671 -31.215
vn 0.0475726 -0.778516 0.62582
v -2.95452 -116.642 -31.1866
vn 0.0361418 -0.582224 0.812225
v -3.03889 -116.577 -31.1499
vn -0.0848526 -0.426651 0.900427
v -2.95557 -116.583 -31.1512
vn 0.0503023 -0.415951 0.907995
v -2.95331 -116.503 -31.1205
vn 0.0759684 -0.313423 0.94657
v -3.04273 -115.789 -31.451
vn -0.972587 0.187101 -0.138084
v -3.04902 -116.56 -31.4319
vn -0.997439 -0.0198659 -0.0687074
v -3.04983 -116.653 -31.3714
vn -0.997906 -0.0360702 -0.0536955
v -3.05011 -116.685 -31.3019
vn -0.991993 -0.124853 -0.0190199
v -3.05001 -116.648 -31.211
vn -0.993758 -0.0776454 0.0800989
v -3.04856 -116.507 -31.1314
vn -0.996146 -0.023407 0.0845283
v -3.04859 -116.569 -30.9386
vn -0.963405 -0.0634105 -0.260442
v -3.04964 -116.626 -30.8349
vn -0.985145 -0.171711 -0.00209169
v -3.04759 -116.345 -30.9092
vn -0.997161 0.0107716 -0.0745202
v -3.04466 -116.06 -30.8197
vn -0.997056 0.0222741 0.0733764
v -3.04595 -116.157 -30.9264
vn -0.996357 -0.025415 -0.0814065
v -3.04579 -116.088 -31.005
vn -0.99822 -0.0572241 0.016806
v -3.04299 -115.869 -30.8935
vn -0.993113 0.0697719 0.0941215
v -3.04254 -115.817 -31.0524
vn -0.995682 0.084106 -0.0392842
v -3.04372 -115.926 -31.1241
vn -0.993817 0.0545165 -0.0967213
v -3.04585 -116.145 -31.0443
vn -0.995987 -0.0134258 0.0884904
v -3.0473 -116.286 -31.2199
vn -0.992949 0.0354471 -0.113122
v -3.04843 -116.391 -31.2721
vn -0.996008 0.083705 -0.0310196
v -3.04832 -116.378 -31.3427
vn -0.993575 0.0785677 0.0814666
v -3.04675 -116.274 -31.3761
vn -0.993914 0.0251826 0.107245
v -3.04516 -116.092 -31.491
vn -0.993999 0.013175 -0.108589
v -3.04459 -116.002 -31.374
vn -0.998278 0.00544838 0.0584007
v -3.04223 -115.84 -31.3446
vn -0.961996 0.082327 0.260356
v -2.9378 -115.904 -31.1194
vn 0.996346 0.0308611 -0.0796441
v -2.93715 -115.83 -31.0658
vn 0.992323 0.0861676 -0.0887167
v -2.93671 -115.805 -30.9849
vn 0.995501 0.0931177 0.0175348
v -2.93746 -115.865 -30.8957
vn 0.993702 0.0618756 0.0934225
v -2.93863 -116.024 -30.8308
vn 0.997387 0.0099789 0.0715542
v -2.94427 -116.627 -30.8332
vn 0.984589 -0.164342 0.0598066
v -2.94405 -116.569 -30.9408
vn 0.931518 -0.112372 -0.3459
v -2.9417 -116.376 -30.9136
vn 0.998316 -0.00636476 -0.057664
v -2.93989 -116.169 -30.9239
vn 0.993988 -0.0342888 -0.103979
v -2.93857 -116.095 -30.9899
vn 0.995544 -0.0942459 -0.00297915
v -2.94059 -116.326 -31.2299
vn 0.998481 0.0108106 -0.0540216
v -2.93957 -116.158 -31.0483
vn 0.994021 -0.0366756 0.102843
v -2.94249 -116.493 -31.1295
vn 0.997009 -0.0313636 0.0706289
v -2.94117 -116.394 -31.2785
vn 0.997858 0.0647436 -0.00933762
v -2.94409 -116.625 -31.1848
vn 0.995142 -0.0645003 0.074382
v -2.94432 -116.676 -31.3303
vn 0.992982 -0.111342 -0.0398713
v -2.94406 -116.62 -31.3979
vn 0.991582 -0.0812538 -0.100807
v -2.94268 -116.463 -31.4619
vn 0.993141 -0.0375124 -0.110746
v -2.9411 -116.333 -31.3638
vn 0.994544 0.02939 0.100087
v -2.93889 -116.029 -31.4905
vn 0.997188 -0.00423109 -0.074817
v -2.93999 -116.206 -31.3834
vn 0.997137 -0.0068997 0.0753072
v -2.93724 -115.84 -31.3466
vn 0.974057 0.0260996 0.224791
v -2.93713 -115.79 -31.4553
vn 0.991448 0.119186 -0.0531538
v -3.03948 -116.568 -30.9466
vn -0.23261 -0.139919 -0.962453
v -2.95431 -116.567 -30.9469
vn 0.171662 -0.0998093 -0.980087
v -3.0447 -116.628 -30.8236
vn -0.522001 -0.158302 0.838126
v -2.95615 -116.637 -30.8256
vn 0.154757 -0.734119 0.66115
v -3.04797 -116.605 -30.8233
vn -0.95387 -0.055641 0.29502
v -3.04088 -116.318 -31.0778
vn -0.522692 -0.188935 0.831322
v -2.94512 -116.179 -31.0463
vn 0.522139 -0.221041 0.823718
v -2.94766 -116.47 -31.1129
vn 0.52434 -0.208099 0.825689
v -3.0405 -116.147 -31.0352
vn -0.513888 -0.32745 0.792903
v -2.94457 -116.116 -31.0184
vn 0.510652 -0.504285 0.696369
v -3.04015 -116.106 -31.0115
vn -0.514784 -0.598167 0.614161
v -3.04006 -116.096 -30.9918
vn -0.5648 -0.819599 0.0962192
v -2.94442 -116.098 -30.9976
vn 0.515921 -0.822662 0.238856
v -2.94442 -116.099 -30.974
vn 0.506043 -0.823311 -0.257058
v -3.04011 -116.101 -30.9656
vn -0.500773 -0.694499 -0.516621
v -2.94452 -116.111 -30.9559
vn 0.529132 -0.57704 -0.622129
v -3.04036 -116.131 -30.942
vn -0.523275 -0.390236 -0.757561
v -2.94476 -116.139 -30.9388
vn 0.525256 -0.342677 -0.778896
v -3.04084 -116.186 -30.9252
vn -0.529534 -0.171214 -0.830831
v -2.94526 -116.195 -30.924
vn 0.523642 -0.155178 -0.837686
v -3.04153 -116.264 -30.9167
vn -0.513067 -0.00975453 -0.858293
v -2.94606 -116.287 -30.9165
vn 0.513324 -0.0240363 -0.857858
v -2.94692 -116.386 -30.9195
vn 0.513578 0.0603099 -0.855921
v -3.04269 -116.398 -30.9205
vn -0.509258 0.0784317 -0.857032
v -2.9468 -116.501 -30.9334
vn 0.517594 0.205669 -0.83054
v -3.04353 -116.494 -30.9322
vn -0.499175 0.146577 -0.854014
v -3.04412 -116.562 -30.9457
vn -0.51409 0.189279 -0.836591
v -3.04189 -116.562 -30.9469
vn 0 -1 0
v -3.04636 -116.563 -30.9443
vn 0.219783 -0.975549 0
v -3.04189 -116.562 -30.9469
vn 0.219783 -0.975549 0
v -2.9507 -116.563 -30.9468
vn -0.0945742 -0.800109 0.592352
v -2.94624 -116.564 -30.9444
vn -0.218664 -0.9758 0
v -2.9507 -116.563 -30.9469
vn -0.218664 -0.9758 0
v -3.04336 -116.476 -30.8006
vn -0.511674 -0.0682708 0.856463
v -2.94768 -116.473 -30.8003
vn 0.50939 -0.0770924 0.857076
v -3.04194 -116.312 -30.7922
vn -0.5182 0.0108329 0.855191
v -2.94608 -116.289 -30.7925
vn 0.516573 5.223e-05 0.856243
v -3.04065 -116.163 -30.7989
vn -0.51882 0.0863064 0.850516
v -2.94499 -116.164 -30.7989
vn 0.516951 0.0767731 0.852565
v -3.03761 -116.072 -30.8095
vn -0.50941 0.170436 0.843477
v -2.94441 -116.034 -30.8196
vn 0.520303 0.190884 0.832375
v -3.03895 -115.97 -30.836
vn -0.508282 0.272818 0.816835
v -2.94276 -115.909 -30.8611
vn 0.530711 0.36898 0.76302
v -3.0384 -115.906 -30.8607
vn -0.51239 0.377835 0.771166
v -3.03798 -115.858 -30.8902
vn -0.513116 0.511922 0.688946
v -2.94455 -115.858 -30.8891
vn 0.496663 0.537438 0.681532
v -3.03534 -115.812 -30.9344
vn -0.495221 0.695413 0.520727
v -2.94193 -115.814 -30.9351
vn 0.480124 0.727183 0.490597
v -3.03745 -115.798 -30.9659
vn -0.521067 0.815219 0.252798
v -2.94177 -115.796 -30.9721
vn 0.488778 0.861693 0.136311
v -3.03517 -115.792 -31.0094
vn -0.478061 0.877695 -0.0333071
v -2.94398 -115.792 -31.0094
vn 0.573303 0.799073 -0.181123
v -3.0375 -115.803 -31.041
vn -0.504076 0.763581 -0.403548
v -2.94195 -115.816 -31.0604
vn 0.506926 0.686964 -0.520679
v -3.03783 -115.841 -31.0882
vn -0.53543 0.543157 -0.646757
v -2.94356 -115.873 -31.1094
vn 0.510305 0.447239 -0.734552
v -3.03827 -115.892 -31.121
vn -0.531005 0.397586 -0.748304
v -2.94309 -115.947 -31.1445
vn 0.513913 0.306707 -0.801139
v -3.03886 -115.959 -31.1497
vn -0.51995 0.293861 -0.802058
v -3.03972 -116.058 -31.1785
vn -0.523669 0.197383 -0.82874
v -2.94421 -116.076 -31.1826
vn 0.523251 0.186814 -0.83145
v -3.04141 -116.252 -31.2196
vn -0.512406 0.211574 -0.832272
v -2.94585 -116.262 -31.2221
vn 0.529478 0.199257 -0.82459
v -3.04212 -116.333 -31.2443
vn -0.51196 0.343055 -0.787535
v -2.94658 -116.347 -31.2508
vn 0.528906 0.390777 -0.753361
v -3.04472 -116.375 -31.2685
vn -0.521916 0.598373 -0.607909
v -2.94687 -116.38 -31.2759
vn 0.548352 0.68255 -0.483152
v -3.04484 -116.388 -31.303
vn -0.551254 0.833163 -0.0442529
v -2.94694 -116.388 -31.2976
vn 0.550294 0.832472 -0.0645424
v -2.94629 -116.377 -31.3279
vn 0.508823 0.68289 0.524175
v -3.04243 -116.367 -31.3362
vn -0.521708 0.553904 0.648854
v -2.94659 -116.348 -31.35
vn 0.545714 0.395861 0.738574
v -3.04207 -116.327 -31.3578
vn -0.500896 0.269278 0.822553
v -2.9462 -116.303 -31.3644
vn 0.513945 0.177861 0.839182
v -3.04134 -116.244 -31.3737
vn -0.512292 0.0571762 0.856906
v -2.94557 -116.232 -31.3749
vn 0.515176 0.0602383 0.854965
v -2.94486 -116.15 -31.3766
vn 0.514208 -0.0293796 0.857162
v -3.04007 -116.098 -31.3742
vn -0.519632 -0.0576548 0.852443
v -2.9433 -115.97 -31.3606
vn 0.515429 -0.132674 0.8466
v -2.94236 -115.863 -31.478
vn 0.515683 0.130204 -0.846828
v -3.03887 -115.96 -31.4906
vn -0.514515 0.0858676 -0.853171
v -2.9434 -115.983 -31.4928
vn 0.513863 0.0732268 -0.854741
v -2.94456 -116.115 -31.5005
vn 0.514295 0.0180865 -0.857423
v -3.04068 -116.167 -31.5006
vn -0.517295 0.00199708 -0.855805
v -2.94578 -116.255 -31.4982
vn 0.516702 -0.0436529 -0.855052
v -3.04191 -116.308 -31.4937
vn -0.512386 -0.0745491 -0.855514
v -2.94685 -116.377 -31.4857
vn 0.51257 -0.129676 -0.848797
v -3.04292 -116.424 -31.4783
vn -0.521126 -0.157903 -0.838746
v -2.94785 -116.493 -31.4615
vn 0.527293 -0.240342 -0.814983
v -3.04363 -116.506 -31.4581
vn -0.502636 -0.251139 -0.827216
v -3.04429 -116.581 -31.4278
vn -0.53475 -0.376472 -0.756512
v -2.94926 -116.59 -31.423
vn 0.505052 -0.419053 -0.754531
v -3.04596 -116.644 -31.386
vn -0.539204 -0.569317 -0.620594
v -2.94937 -116.667 -31.3637
vn 0.503519 -0.683185 -0.528892
v -3.04405 -116.682 -31.3398
vn -0.503745 -0.771076 -0.389466
v -2.94959 -116.691 -31.3146
vn 0.430432 -0.878039 -0.209225
v -3.04528 -116.694 -31.2952
vn -0.417772 -0.908312 -0.0208726
v -2.9496 -116.693 -31.2677
vn 0.422932 -0.890643 0.166983
v -3.04521 -116.687 -31.2471
vn -0.549866 -0.776844 0.306856
v -2.94947 -116.677 -31.228
vn 0.481093 -0.742398 0.466256
v -3.04489 -116.65 -31.1965
vn -0.518151 -0.617572 0.591714
v -2.95015 -116.628 -31.1796
vn 0.532877 -0.486887 0.692087
v -3.0446 -116.617 -31.1719
vn -0.529795 -0.425536 0.733646
v -2.94845 -116.561 -31.1442
vn 0.513812 -0.340766 0.787322
v -3.04379 -116.524 -31.1307
vn -0.532309 -0.28088 0.798595
v -3.04295 -116.018 -31.3716
vn -0.85957 -0.0560883 0.50793
v -3.04403 -116.142 -31.3799
vn -0.858246 -0.00353784 0.513226
v -3.04654 -116.277 -31.3756
vn -0.861414 0.0722528 0.502738
v -3.04577 -116.342 -31.3555
vn -0.86387 0.213689 0.456142
v -3.04749 -116.385 -31.3212
vn -0.871349 0.421939 0.250436
v -3.04754 -116.39 -31.283
vn -0.854866 0.502767 -0.128179
v -3.04739 -116.373 -31.261
vn -0.845907 0.34786 -0.40427
v -3.04692 -116.32 -31.2337
vn -0.851477 0.179545 -0.492698
v -3.04481 -116.231 -31.2111
vn -0.857548 0.115377 -0.501298
v -3.04335 -116.064 -31.1764
vn -0.856346 0.135172 -0.498398
v -3.04244 -115.96 -31.1463
vn -0.856743 0.181454 -0.482769
v -3.04187 -115.894 -31.1178
vn -0.842818 0.268943 -0.466184
v -3.04065 -115.832 -31.0751
vn -0.85562 0.373152 -0.358709
v -3.04106 -115.802 -31.0295
vn -0.851267 0.496178 -0.170737
v -3.04241 -115.802 -30.9851
vn -0.989489 0.142884 0.0222607
v -3.04102 -115.797 -30.9856
vn -0.858566 0.508167 0.0680466
v -3.03983 -115.814 -30.9358
vn -0.858567 0.412648 0.304279
v -3.04022 -115.859 -30.8913
vn -0.839174 0.312619 0.445035
v -3.04208 -115.918 -30.8597
vn -0.851786 0.222055 0.474502
v -3.04119 -115.97 -30.8373
vn -0.86074 0.148186 0.486999
v -3.04343 -116.072 -30.8144
vn -0.857004 0.0982839 0.50585
v -3.0426 -116.132 -30.8033
vn -0.857856 0.0559869 0.510831
v -3.04641 -116.26 -30.8
vn -0.989982 0.0122722 0.140658
v -3.04387 -116.277 -30.7944
vn -0.858784 0.0103466 0.512233
v -3.04579 -116.497 -30.8041
vn -0.858311 -0.034257 0.511985
v -3.04758 -116.395 -30.9145
vn -0.859872 0.0570721 -0.507309
v -3.04551 -116.311 -30.9131
vn -0.858729 0.0126327 -0.512274
v -3.04589 -116.202 -30.9169
vn -0.860832 -0.0772809 -0.502987
v -3.04533 -116.137 -30.9339
vn -0.854426 -0.220132 -0.470636
v -3.04432 -116.098 -30.9662
vn -0.874202 -0.424421 -0.235877
v -3.04361 -116.094 -30.9952
vn -0.866356 -0.48301 0.126997
v -3.04495 -116.094 -31.0024
vn -0.990654 -0.119226 0.0662492
v -3.04509 -116.109 -31.0222
vn -0.86545 -0.347347 0.361035
v -3.04533 -116.137 -31.0379
vn -0.861131 -0.175042 0.477298
v -3.04566 -116.329 -31.0847
vn -0.859514 -0.110271 0.499075
v -3.04615 -116.538 -31.1368
vn -0.848295 -0.184698 0.496269
v -3.0481 -116.608 -31.1711
vn -0.850026 -0.261059 0.457497
v -3.04841 -116.643 -31.1949
vn -0.857925 -0.324529 0.398303
v -3.04861 -116.667 -31.2207
vn -0.859473 -0.40474 0.312238
v -3.04747 -116.689 -31.2575
vn -0.868818 -0.466181 0.166825
v -3.0475 -116.693 -31.3015
vn -0.885082 -0.465324 -0.0101422
v -3.04874 -116.682 -31.3322
vn -0.868101 -0.453613 -0.201583
v -3.0485 -116.654 -31.373
vn -0.855182 -0.37426 -0.358599
v -3.04809 -116.607 -31.4103
vn -0.86712 -0.255057 -0.427842
v -3.04635 -116.562 -31.436
vn -0.854029 -0.190283 -0.484177
v -3.04766 -116.404 -31.4739
vn -0.990111 -0.0153528 -0.139445
v -3.04698 -116.48 -31.462
vn -0.864081 -0.122487 -0.488222
v -3.04501 -116.409 -31.4796
vn -0.861452 -0.0669637 -0.503405
v -3.04383 -116.272 -31.4956
vn -0.85863 -0.0138959 -0.512407
v -3.04211 -116.075 -31.4972
vn -0.859784 0.0346381 -0.509482
v -3.04177 -115.883 -31.4776
vn -0.856454 0.0815882 -0.509736
v -2.93902 -115.891 -31.4787
vn 0.858747 0.0661834 -0.508108
v -2.93997 -116 -31.4907
vn 0.860306 0.0305445 -0.508862
v -2.9415 -116.174 -31.4971
vn 0.857587 -0.0166962 -0.514069
v -2.9405 -116.214 -31.4932
vn 0.990018 -0.013903 -0.140251
v -2.94299 -116.345 -31.4868
vn 0.860208 -0.0675485 -0.50545
v -2.94405 -116.467 -31.4653
vn 0.856432 -0.131325 -0.499278
v -2.94623 -116.562 -31.436
vn 0.851659 -0.204345 -0.482618
v -2.94529 -116.608 -31.4103
vn 0.862621 -0.269747 -0.427926
v -2.94569 -116.655 -31.373
vn 0.850693 -0.387075 -0.35566
v -2.94592 -116.681 -31.3382
vn 0.856041 -0.463377 -0.229075
v -2.94601 -116.691 -31.3013
vn 0.879935 -0.471377 -0.059317
v -2.94453 -116.676 -31.2404
vn 0.989422 -0.130008 0.0643598
v -2.94598 -116.688 -31.2581
vn 0.867049 -0.478346 0.139326
v -2.94581 -116.668 -31.2207
vn 0.846811 -0.410994 0.337632
v -2.94685 -116.634 -31.1851
vn 0.83909 -0.305601 0.45004
v -2.94639 -116.582 -31.1542
vn 0.84371 -0.219474 0.489883
v -2.94464 -116.457 -31.1125
vn 0.855001 -0.128967 0.502335
v -2.94146 -116.17 -31.0472
vn 0.859085 -0.156445 0.487338
v -2.94036 -116.121 -31.0272
vn 0.863272 -0.274356 0.423663
v -2.93946 -116.095 -31.0024
vn 0.856664 -0.440683 0.268189
v -2.9408 -116.093 -30.9903
vn 0.861032 -0.503885 0.0687348
v -2.93946 -116.094 -30.9696
vn 0.857718 -0.4945 -0.140677
v -2.94092 -116.108 -30.9543
vn 0.844019 -0.376862 -0.381585
v -2.93984 -116.138 -30.9339
vn 0.850718 -0.220889 -0.476956
v -2.94153 -116.178 -30.9232
vn 0.859815 -0.107668 -0.499125
v -2.94206 -116.238 -30.9147
vn 0.85754 -0.0483905 -0.512136
v -2.9428 -116.323 -30.9132
vn 0.859176 0.0026057 -0.511673
v -2.94373 -116.43 -30.9198
vn 0.856964 0.0476709 -0.513166
v -2.94613 -116.551 -30.8111
vn 0.859029 -0.0674843 0.507459
v -2.94262 -116.456 -30.8049
vn 0.989789 -0.0203 0.14109
v -2.94496 -116.417 -30.7973
vn 0.859049 -0.0251611 0.511274
v -2.94091 -116.261 -30.8
vn 0.990086 -0.00341726 0.140424
v -2.94363 -116.264 -30.7942
vn 0.859464 0.0150972 0.510973
v -2.94247 -116.132 -30.8033
vn 0.858262 0.0689533 0.508558
v -2.94149 -116.02 -30.8235
vn 0.858233 0.125055 0.497792
v -2.93945 -115.939 -30.8511
vn 0.863009 0.180748 0.471748
v -2.94037 -115.891 -30.8714
vn 0.854087 0.260234 0.450349
v -2.93854 -115.836 -30.9144
vn 0.869984 0.346243 0.35106
v -2.93829 -115.807 -30.9546
vn 0.874533 0.439108 0.205853
v -2.93953 -115.795 -30.9854
vn 0.878516 0.477706 0.00250307
v -2.93958 -115.8 -31.0303
vn 0.850184 0.474742 -0.227614
v -2.93997 -115.845 -31.0866
vn 0.858241 0.31026 -0.408854
v -2.93923 -115.914 -31.127
vn 0.853603 0.214821 -0.474566
v -2.93902 -116.045 -31.1683
vn 0.990185 0.0257704 -0.13737
v -2.93997 -116 -31.1591
vn 0.855475 0.143575 -0.497543
v -2.94142 -116.165 -31.1978
vn 0.859096 0.104456 -0.501041
v -2.9428 -116.324 -31.2367
vn 0.854676 0.178931 -0.487353
v -2.94316 -116.365 -31.2562
vn 0.860162 0.287943 -0.420963
v -2.94334 -116.385 -31.2775
vn 0.868576 0.431845 -0.243076
v -2.94272 -116.391 -31.3076
vn 0.871148 0.483348 0.08647
v -2.94329 -116.38 -31.3313
vn 0.866974 0.361016 0.343545
v -2.94299 -116.345 -31.3548
vn 0.860587 0.207208 0.465247
v -2.94158 -116.261 -31.3762
vn 0.862394 0.0605233 0.502607
v -2.94114 -116.133 -31.3795
vn 0.858646 -0.0225765 0.512072
v -2.93857 -115.992 -31.3699
vn 0.856765 -0.0723405 0.510607
v 27.7045 -177.148 -25.9141
vn -0.945447 -0.313068 -0.0901071
v 27.7334 -177.172 -25.9188
vn -0.08749 -0.994608 -0.055674
v 27.7333 -177.172 -25.9212
vn -0.987069 -0.135311 -0.0859389
v 27.7336 -177.17 -25.9263
vn 0.244362 -0.895271 -0.372528
v 27.7335 -177.17 -25.9263
vn -0.569337 -0.64088 -0.514906
v 27.7336 -177.167 -25.9314
vn 0.274363 -0.876667 -0.395196
v 27.7337 -177.166 -25.9326
vn -0.201607 -0.759829 -0.618073
v 27.7338 -177.163 -25.9358
vn -0.165603 -0.621642 -0.765596
v 27.7338 -177.164 -25.9348
vn -0.0487106 -0.730295 -0.681393
v 27.7341 -177.154 -25.9418
vn -0.00822767 -0.399923 -0.916512
v 27.7344 -177.146 -25.944
vn -0.0762924 -0.170118 -0.982466
v 27.7139 -177.147 -25.9342
vn -0.673755 -0.289111 -0.680051
v 27.7178 -177.147 -25.9388
vn 0 1 0
v 27.7156 -177.147 -25.9372
vn 0 1 0
v 27.7181 -177.168 -25.9134
vn -0.651063 -0.753452 -0.0918042
v 27.7253 -177.15 -25.9197
vn 0.529152 0.761275 0.374778
v 27.7339 -177.152 -25.9149
vn 0 0 0
v 27.7339 -177.152 -25.9153
vn 0 1 0
v 27.7339 -177.152 -25.9145
vn 0 1 0
v 27.734 -177.152 -25.9169
vn 0.0350888 0.98058 0.192953
v 27.734 -177.151 -25.918
vn -1 0 0
v 27.734 -177.151 -25.9183
vn -0.0642732 0.814479 0.576622
v 27.734 -177.15 -25.9202
vn 0.967872 0.157762 0.195791
v 27.7342 -177.147 -25.9225
vn 0.0529599 0.524027 0.850053
v 27.7341 -177.149 -25.9212
vn 0 1 0
v 46.0294 -177.148 -25.9234
vn -0.298545 0.532024 0.792351
v 26.6621 -176.627 -25.9824
vn -0.0495045 0.0127961 -0.998692
v 26.4842 -176.687 -25.9812
vn -0.0114641 -0.0199952 -0.999734
v 26.4867 -176.619 -25.9799
vn -0.010883 0.0194989 -0.999751
v 26.4876 -176.774 -25.9764
vn -0.0125941 -0.110195 -0.99383
v 26.6688 -176.704 -25.9836
vn -0.10246 -0.0370675 -0.994046
v 26.6874 -176.785 -25.9823
vn -0.292495 -0.131349 -0.947203
v 27.1536 -176.649 -26.0081
vn 0.046563 0.997693 0.0494006
v 26.7326 -176.629 -26.0212
vn 0.0575157 0.998295 0.00991527
v 26.7413 -176.63 -26.0031
vn 0.0479329 0.99885 0.00070103
v 27.1534 -176.648 -26.0282
vn 0.0465581 0.997687 0.0495246
v 26.6749 -176.628 -25.987
vn 0.0250681 0.999649 0.00856342
v 26.663 -176.628 -25.9626
vn 0.0331959 0.998291 0.0480989
v 26.4944 -176.621 -25.9598
vn 0.0454413 0.997637 0.0515307
v 26.5951 -176.41 -23.4537
vn 0.0445622 0.962177 0.268756
v 26.5932 -176.415 -23.4351
vn 0.0465816 0.990739 0.127543
v 26.7922 -176.424 -23.4349
vn 0.0307333 0.953731 0.299087
v 26.7968 -176.419 -23.4524
vn 0.031042 0.953948 0.298362
v 26.8681 -176.438 -23.3995
vn 0.0287088 0.95489 0.295569
v 26.8771 -176.434 -23.417
vn 0.0478733 0.957103 0.285765
v 27.1551 -176.446 -23.4191
vn 0.0452995 0.960908 0.273137
v 27.155 -176.452 -23.3998
vn 0.0469353 0.953847 0.296604
v 27.2097 -176.524 -24.2272
vn 0.0233445 0.99408 0.106109
v 27.6359 -176.537 -24.2511
vn 0.0888519 0.994657 0.0525699
v 27.1719 -176.524 -24.2429
vn -0.0299663 0.996959 0.0719345
v 27.1656 -176.524 -24.2708
vn -0.0695335 0.997364 -0.0207548
v 27.149 -176.526 -24.285
vn -0.00070956 0.998846 -0.0480188
v 27.1693 -176.526 -24.2841
vn -0.0191785 0.995129 -0.0966997
v 27.1423 -176.564 -24.679
vn -0.0013477 0.998134 -0.061052
v 27.1515 -176.581 -25.0721
vn -0.00106729 0.999065 -0.0432263
v 27.1313 -176.581 -25.0715
vn -0.00128171 0.999064 -0.0432313
v 27.1625 -176.564 -24.6794
vn -0.0012367 0.996885 -0.078857
v 27.1543 -176.581 -25.0829
vn 0.0794677 0.993886 0.0766481
v 27.1432 -176.577 -25.1097
vn 0.115315 0.98375 0.13762
v 27.1918 -176.575 -25.1356
vn 0.0800053 0.942666 0.324007
v 27.1917 -176.582 -25.1166
vn 0.0805232 0.943924 0.320194
v 27.6387 -176.597 -25.1198
vn 0.0346895 0.942844 0.331423
v 27.6583 -176.59 -25.139
vn 0.0325408 0.927794 0.371672
v 27.6585 -176.592 -25.1397
vn 0.71864 -0.149328 0.679159
v 27.6387 -176.597 -25.1198
vn 0.71864 -0.149328 0.679159
v 27.6382 -176.584 -24.6837
vn -0.102885 0.992234 -0.0698969
v 27.6577 -176.571 -24.5656
vn -0.110287 0.989759 -0.0906343
v 27.6586 -176.593 -24.9124
vn -0.108568 0.993699 -0.0278525
v 27.6557 -176.531 -24.23
vn -0.689716 -0.1855 0.699915
v 27.6569 -176.54 -24.2312
vn -0.689716 -0.1855 0.699915
v 27.6387 -176.597 -25.1198
vn -0.110179 0.993742 -0.0183602
v 27.6587 -176.594 -25.1403
vn -0.153015 0.988214 -0.00436727
v 27.6359 -176.537 -24.2511
vn -0.144579 0.982382 -0.118417
v 27.6557 -176.531 -24.23
vn -0.157967 0.978856 -0.129953
v 27.7228 -177.053 -24.2953
vn 0.761345 0.644673 -0.0689208
v 27.7092 -176.937 -24.2011
vn 0.991101 0.130993 -0.023646
v 27.7286 -176.988 -23.7587
vn 0.940613 0.313421 -0.130441
v 27.7167 -176.885 -23.7334
vn 0.820355 0.197768 -0.536568
v 27.7111 -177.033 -25.8038
vn 0.99436 0.105804 0.00729827
v 27.7001 -176.907 -25.952
vn 0.708936 0.157492 0.687463
v 27.7159 -176.9 -23.7571
vn 0.989358 0.144338 -0.0183796
v 27.6557 -176.531 -24.23
vn 0.991373 0.130645 -0.010578
v 27.6582 -176.582 -24.681
vn 0.9921 0.125174 -0.00831984
v 27.6691 -176.636 -24.2401
vn 0.991504 0.129768 -0.00893338
v 27.7203 -177.131 -25.3735
vn 0.834977 0.549813 -0.0227766
v 27.7062 -177.009 -25.3179
vn 0.992221 0.124453 -0.00283394
v 27.7191 -177.098 -24.834
vn 0.783312 0.619892 -0.0464338
v 27.7129 -176.925 -23.9786
vn 0.989542 0.141547 -0.0277775
v 27.6586 -176.593 -24.9124
vn 0.993094 0.117302 -0.00198252
v 27.6822 -176.798 -25.2203
vn 0.993108 0.11716 -0.00322745
v 27.6587 -176.594 -25.1403
vn 0.993428 0.114461 -6.57955e-05
v 27.6814 -176.73 -24.2413
vn 0.992345 0.122888 -0.0122357
v 27.6939 -176.826 -24.235
vn 0.991404 0.129696 -0.0172053
v 27.7066 -176.92 -24.2215
vn 0.991848 0.126496 -0.0153977
v 27.7383 -176.99 -23.7496
vn 0.164409 0.420452 -0.892295
v 27.7377 -176.996 -23.7571
vn 0.322633 0.878542 -0.352238
v 27.7381 -176.995 -23.7535
vn 0.261684 0.807459 -0.528708
v 27.7381 -176.995 -23.7542
vn 1 0 0
v 27.7381 -176.994 -23.7534
vn 1 0 0
v 27.7381 -176.995 -23.7545
vn 0 0 0
v 27.7381 -176.995 -23.7548
vn 0 0 0
v 27.7381 -176.995 -23.7553
vn 0 0 0
v 27.7381 -176.995 -23.7557
vn 0 0 0
v 27.7381 -176.995 -23.7562
vn -1 0 0
v 27.7381 -176.996 -23.757
vn -1 0 0
v 27.7381 -176.996 -23.7571
vn -1 0 0
v 27.7381 -176.995 -23.7564
vn -1 0 0
v 27.7384 -176.989 -23.7495
vn 0.691523 0.208787 -0.691523
v 27.1512 -177.006 -25.7908
vn 0 -0.254218 0.967147
v 27.1514 -177.006 -25.7908
vn 0 -0.254218 0.967147
v 27.1366 -176.981 -25.3146
vn 0.00421792 0.987682 -0.156418
v 27.1488 -176.992 -25.5571
vn 0.0500808 0.997456 -0.0507346
v 27.7062 -177.009 -25.3182
vn 0.031941 0.762275 -0.646464
v 27.7111 -177.033 -25.7979
vn 0.0504255 0.99737 -0.0520694
v 27.1512 -177.006 -25.7908
vn 0.0479576 0.997093 -0.0592066
v 27.1532 -176.87 -23.7502
vn 0.0499938 0.977325 -0.20576
v 27.7158 -176.899 -23.7529
vn 0.0454824 0.924254 -0.37906
v 27.1529 -176.865 -23.74
vn 0.0345811 0.77288 -0.633609
v 26.9174 -176.855 -23.7405
vn 0.102122 0.924854 -0.366357
v 27.1569 -176.973 -25.3081
vn -0.0445581 0.596521 -0.801359
v 27.7129 -176.925 -23.9786
vn 0.0524429 0.994316 -0.0926558
v 27.1524 -176.895 -23.9761
vn 0.0515604 0.995785 -0.0758485
v 27.1705 -176.908 -24.202
vn 0.0336821 0.982232 0.184624
v 27.7092 -176.937 -24.2011
vn 0.054526 0.991105 0.121399
v 27.1801 -176.898 -24.2142
vn -0.0536486 0.353661 0.933834
v 27.7068 -176.922 -24.2211
vn 0.0388107 0.530967 0.846503
v 27.6585 -176.592 -25.1397
vn 0.00471608 0.338433 -0.940979
v 27.1918 -176.575 -25.1356
vn -0.0848129 0.371586 -0.924516
v 27.6822 -176.798 -25.2203
vn 0.00946938 0.403616 -0.91488
v 27.1814 -176.776 -25.2155
vn -0.0266634 0.393724 -0.918842
v 27.1513 -177.001 -25.8055
vn 0.0468422 0.798978 0.599533
v 27.7109 -177.031 -25.8067
vn 0.0497563 0.943614 0.327287
v 27.1512 -177.006 -25.7908
vn 0.0506374 0.997152 0.0558824
v 26.8267 -176.988 -25.7963
vn 0.314208 0.858245 0.405819
v 27.1551 -176.446 -23.4191
vn 0.00641355 0.329313 -0.944199
v 26.8765 -176.543 -23.4553
vn 0.255025 0.36957 -0.893521
v 26.8721 -176.433 -23.4181
vn 0.286581 0.320742 -0.902771
v 26.8858 -176.652 -23.5067
vn 0.091318 0.629892 -0.771296
v 27.1563 -176.559 -23.4587
vn 0.00987361 0.392416 -0.919735
v 27.1548 -176.668 -23.5102
vn 0.0197246 0.65306 -0.757049
v 26.9293 -176.873 -23.8661
vn 0.153793 0.983166 -0.0986514
v 27.1184 -176.907 -24.2362
vn -0.0826365 0.996209 0.0271709
v 26.947 -176.893 -24.1056
vn 0.215467 0.975127 -0.05197
v 26.9511 -176.897 -24.2259
vn 0.27415 0.960387 -0.049993
v 27.099 -176.943 -24.7519
vn 0.023266 0.997459 -0.0673318
v 26.9471 -176.936 -24.762
vn 0.435988 0.897571 -0.0654268
v 26.9279 -176.968 -25.2987
vn 0.27264 0.95885 -0.0792149
v 27.0874 -176.974 -25.2458
vn -0.124067 0.989558 -0.0733678
v 26.9436 -176.962 -25.1643
vn 0.0879259 0.994097 -0.0635669
v 26.7896 -176.888 -25.9076
vn 0.270726 0.759248 0.591819
v 27.1521 -176.836 -25.9975
vn 0.0468876 0.695187 0.717299
v 26.7702 -176.819 -25.9913
vn 0.380961 0.715054 0.586146
v 26.8652 -176.98 -25.6012
vn 0.276521 0.955812 -0.0998032
v 26.8219 -176.988 -25.786
vn 0.303276 0.950248 -0.071078
v 26.8671 -176.432 -23.4193
vn 0.498404 0.294913 -0.815242
v 26.8174 -176.523 -23.4826
vn 0.490523 0.32676 -0.807846
v 26.8 -176.419 -23.4532
vn 0.375449 0.312145 -0.872699
v 26.8149 -176.625 -23.5338
vn 0.44377 0.621632 -0.645478
v 26.8774 -176.651 -23.5083
vn 0.410994 0.602502 -0.68416
v 26.9049 -176.852 -23.7466
vn 0.479517 0.821248 -0.309219
v 26.8481 -176.818 -23.7545
vn 0.429805 0.845286 -0.317427
v 26.8859 -176.86 -24.2262
vn 0.347607 0.936163 -0.0526051
v 26.8616 -176.846 -24.055
vn 0.299821 0.952819 -0.0473568
v 26.9351 -176.96 -25.1711
vn 0.440184 0.894901 -0.0734209
v 26.8626 -176.931 -25.3003
vn 0.446574 0.886954 -0.117829
v 26.8874 -176.89 -24.6292
vn 0.506515 0.859906 -0.0632761
v 26.7485 -176.944 -25.7835
vn 0.425279 0.883491 0.196423
v 26.7036 -176.795 -25.9583
vn 0.372958 0.73178 0.570439
v 27.1518 -176.824 -26.0034
vn 0.0346221 0.218627 0.975194
v 26.7516 -176.714 -26.0045
vn 0.240767 0.0661684 0.968325
v 26.7612 -176.806 -25.9964
vn 0.256343 0.350354 0.900855
v 27.1536 -176.649 -26.0081
vn 0.0113034 -0.0145148 0.999831
v 26.7413 -176.63 -26.0031
vn 0.0886701 -0.00507651 0.996048
v 27.1511 -176.738 -26.0093
vn 0.0140642 0.0387691 0.999149
v 26.8604 -176.922 -25.2243
vn 0.179024 0.981551 -0.0671428
v 26.6452 -176.914 -25.3007
vn 0.0513036 0.997297 -0.052605
v 26.7313 -176.943 -25.7745
vn 0.0912584 0.995559 0.0231145
v 26.5421 -176.934 -25.7686
vn 0.0503473 0.987736 0.14779
v 26.7318 -176.938 -25.7859
vn 0.102214 0.767438 0.632923
v 26.5374 -176.924 -25.7881
vn 0.0445637 0.778753 0.625746
v 26.6837 -176.793 -25.9529
vn 0.327669 0.455692 0.827634
v 26.4956 -176.782 -25.9514
vn 0.0407386 0.607314 0.793417
v 26.7922 -176.419 -23.4541
vn 0.141445 0.325433 -0.934926
v 26.598 -176.506 -23.4865
vn 0.00793778 0.353548 -0.935383
v 26.5951 -176.41 -23.4537
vn 0.00666333 0.323516 -0.946199
v 26.6032 -176.611 -23.535
vn 0.0209647 0.582398 -0.812633
v 26.7953 -176.521 -23.4892
vn 0.153221 0.378862 -0.912681
v 26.7951 -176.621 -23.5375
vn 0.0869519 0.616737 -0.782352
v 26.6301 -176.798 -23.75
vn 0.040595 0.849356 -0.526257
v 26.8257 -176.813 -23.7602
vn 0.0753668 0.918912 -0.387196
v 26.858 -176.851 -24.2266
vn 0 0.251738 -0.967796
v 26.8581 -176.851 -24.2266
vn 0 0.251738 -0.967796
v 26.845 -176.839 -23.994
vn 0.143469 0.986628 -0.0773427
v 26.6513 -176.828 -23.9788
vn 0.0506322 0.99477 -0.08871
v 26.6313 -176.803 -23.761
vn 0.0505807 0.973669 -0.222285
v 26.6653 -176.841 -24.224
vn 0.0538262 0.997428 -0.0473298
v 26.8581 -176.851 -24.2266
vn 0.141157 0.988066 -0.0616395
v 26.8599 -176.882 -24.6289
vn 0.055842 0.996032 -0.0692894
v 26.6653 -176.841 -24.224
vn 0.0538306 0.995687 -0.0755619
v 26.6558 -176.907 -25.1731
vn 0.0524231 0.996698 -0.0620033
v 26.6642 -176.889 -24.888
vn 0.053242 0.996414 -0.0657596
v 26.6677 -176.86 -24.4808
vn 0.0570537 0.995655 -0.073599
v 26.6782 -176.628 -25.9665
vn 0.405423 0.0410055 0.913209
v 26.7339 -176.629 -26.0011
vn 0.322734 0.0236429 0.946194
v 26.4944 -176.621 -25.9598
vn 0.0237321 0.00809961 0.999686
v 26.6755 -176.742 -25.9613
vn 0.123446 0.101235 0.987174
v 26.6653 -176.628 -25.9625
vn 0.0465521 -0.0131918 0.998829
v 26.494 -176.77 -25.9567
vn 0.0240995 0.127662 0.991525
v 26.8078 -176.619 -23.533
vn 0.152859 -0.316902 -0.936059
v 26.8001 -176.618 -23.5346
vn 0.152859 -0.316902 -0.936059
v 26.9049 -176.852 -23.7466
vn 0 0 0
v 26.7222 -176.866 -25.8708
vn 0.818022 0.519246 0.247434
v 26.7447 -176.941 -25.7878
vn 0.818022 0.519246 0.247434
v 26.8171 -176.983 -25.8013
vn 0.813095 0.0254976 0.581573
v 26.8159 -176.983 -25.7996
vn 0.813095 0.0254976 0.581573
v 26.8164 -176.983 -25.8003
vn 0.111543 0.857104 0.502923
v 26.9173 -176.855 -23.7417
vn -1 0 0
v 26.9173 -176.856 -23.7432
vn -1 0 0
v 26.9173 -176.855 -23.7417
vn 0 1 0
v 26.9174 -176.855 -23.7405
vn 0 1 0
v 27.1992 -176.801 -24.2288
vn -0.0560148 0.121678 0.990988
v 27.1579 -176.66 -24.2605
vn -0.807202 0.0285495 0.589584
v 27.1723 -176.524 -24.2416
vn -0.668183 -0.0566575 0.741837
v 27.1759 -176.614 -24.2446
vn -0.441989 -0.0290979 0.896549
v 27.1808 -176.524 -24.2345
vn -0.406673 -0.0734821 0.910614
v 27.2097 -176.524 -24.2272
vn -0.0757187 -0.0858849 0.993424
v 27.2064 -176.616 -24.2352
vn -0.0552216 -0.0400517 0.997671
v 27.1499 -176.526 -24.2831
vn -0.988737 0.00391298 0.149612
v 27.1283 -176.895 -24.2753
vn -0.973412 0.221099 0.0598692
v 27.1442 -176.71 -24.2955
vn -0.994812 0.0757741 0.0678814
v 27.2056 -176.709 -24.2356
vn -0.052726 0.0413646 0.997752
v 27.1474 -176.755 -24.2672
vn -0.927192 0.0922341 0.363053
v 27.122 -176.904 -24.2624
vn -0.773981 0.57665 0.261587
v 27.1742 -176.755 -24.2391
vn -0.515107 0.0973993 0.851574
v 27.1569 -176.895 -24.2233
vn -0.505065 0.585213 0.634377
v 27.1092 -176.941 -24.7523
vn -0.458477 0.887447 -0.0472951
v 27.1199 -176.926 -24.7536
vn -0.929702 0.368311 -0.000718571
v 27.1054 -176.958 -25.245
vn -0.967209 0.235478 -0.0951647
v 27.0984 -176.967 -25.2318
vn -0.689767 0.723048 -0.0377184
v 27.12 -176.97 -25.2885
vn -0.582933 0.58215 -0.566824
v 27.6691 -176.636 -24.2401
vn 0.00771338 -0.0628085 0.997996
v 27.6569 -176.54 -24.2312
vn 0.00563029 -0.0916102 0.995779
v 27.6814 -176.73 -24.2413
vn 0.0123936 0.0174799 0.99977
v 27.6939 -176.826 -24.235
vn 0.0169709 0.0953481 0.995299
v 27.1609 -176.775 -25.2108
vn -0.319061 0.396229 -0.860931
v 27.1372 -176.773 -25.1934
vn -0.803597 0.285217 -0.522382
v 27.1592 -176.576 -25.1247
vn -0.555836 0.331781 -0.762212
v 27.1313 -176.58 -25.0745
vn -0.999013 0.0435272 0.00882735
v 27.1226 -176.77 -25.1515
vn -0.99477 0.0909001 -0.046572
v 27.1317 -176.58 -25.0805
vn -0.992533 0.0828205 -0.0895501
v 27.1352 -176.579 -25.0928
vn -0.928503 0.174845 -0.327585
v 27.1357 -176.744 -24.7163
vn -0.998146 0.0569203 0.0215503
v 27.1423 -176.564 -24.679
vn -0.999148 0.0333369 0.0243473
v 27.1423 -176.564 -24.679
vn -0.999534 0.0247933 0.0178188
v 27.6978 -177.091 -24.8344
vn -0.977875 -0.20859 0.0158227
v 27.6566 -176.751 -25.1797
vn -0.993105 -0.117192 0.00286476
v 27.6741 -176.905 -25.246
vn -0.993311 -0.11536 0.00506005
v 27.6925 -177.046 -25.8201
vn -0.993893 -0.110077 -0.00774373
v 27.6828 -176.939 -25.9433
vn -0.971668 -0.127915 -0.198742
v 27.6983 -176.919 -23.7524
vn -0.979393 -0.157499 0.126429
v 27.7089 -176.993 -23.7578
vn -0.92109 -0.337059 0.194893
v 27.6372 -176.563 -24.4516
vn -0.991376 -0.130744 0.00893239
v 27.6454 -176.612 -24.2587
vn -0.991511 -0.129742 0.00857078
v 27.6359 -176.537 -24.2511
vn -0.991898 -0.12664 0.00999698
v 27.693 -177.052 -25.8004
vn -0.99258 -0.121431 -0.00621703
v 27.7003 -177.129 -25.3738
vn -0.960266 -0.278981 0.00766959
v 27.6878 -177.026 -25.3156
vn -0.993307 -0.115445 0.00379732
v 27.6952 -176.944 -23.9767
vn -0.989437 -0.14225 0.0279176
v 27.701 -177.046 -24.2957
vn -0.981161 -0.191281 0.0270872
v 27.6912 -176.956 -24.2039
vn -0.990935 -0.132087 0.0245133
v 27.6386 -176.595 -24.9165
vn -0.992886 -0.119047 0.00241113
v 27.6387 -176.597 -25.1198
vn -0.993364 -0.11501 0.000636868
v 27.6861 -177.011 -25.297
vn -0.993355 -0.11498 0.00514246
v 27.6892 -176.945 -24.2296
vn -0.990764 -0.134339 0.0184225
v 27.6861 -176.923 -24.2411
vn -0.991129 -0.131704 0.0177986
v 27.6382 -176.584 -24.6837
vn -0.992658 -0.120707 0.00771837
v 27.6576 -176.706 -24.2617
vn -0.991628 -0.128859 0.00833449
v 27.6718 -176.815 -24.2561
vn -0.99231 -0.123086 0.0130721
v 27.697 -176.917 -25.9711
vn -0.4573 -0.153054 -0.876043
v 27.7119 -176.895 -23.7146
vn -0.569674 -0.201949 0.796674
v 27.7382 -176.993 -23.7298
vn -0.30249 -0.361288 0.882026
v 27.7054 -177.059 -24.2946
vn -0.797498 -0.599847 0.0646506
v 27.7285 -177.016 -23.7556
vn -0.353924 -0.92289 0.151694
v 27.7184 -177.151 -25.3726
vn -0.234936 -0.970936 0.045686
v 27.7191 -177.07 -24.2936
vn -0.384124 -0.918733 0.091536
v 27.7301 -177.073 -24.2935
vn -0.000135448 -0.995546 0.0942766
v 27.7184 -177.118 -24.8326
vn -0.307928 -0.948852 0.0697147
v 27.7021 -177.104 -24.8335
vn -0.823362 -0.565919 0.0425403
v 27.7376 -177.01 -23.741
vn -0.077056 -0.850699 0.519974
v 27.7375 -177.013 -23.7464
vn -5.06865e-05 -0.9099 0.414827
v 27.7375 -177.012 -23.7444
vn -1 0 0
v 27.7375 -177.013 -23.7464
vn -1 0 0
v 27.7374 -177.014 -23.7469
vn 0.96361 -0.230032 0.136162
v 27.7375 -177.012 -23.7447
vn 0.96361 -0.230032 0.136162
v 27.7374 -177.014 -23.7474
vn 0.982378 -0.171194 0.0750127
v 27.7375 -177.013 -23.7464
vn 0.982378 -0.171194 0.0750127
v 27.7374 -177.015 -23.7502
vn 0.974833 -0.21014 0.0744366
v 27.7374 -177.014 -23.748
vn 0.974833 -0.21014 0.0744366
v 27.7374 -177.015 -23.7506
vn 0.995037 -0.0995037 0
v 27.7375 -177.014 -23.7487
vn 0.995037 -0.0995037 0
v 27.7374 -177.015 -23.7511
vn 0 0 0
v 27.7374 -177.015 -23.7526
vn 0 0 0
v 27.7378 -177.006 -23.7363
vn -0.404819 -0.585943 0.701992
v 27.7374 -177.015 -23.7532
vn -0.0709543 -0.980825 0.181517
v 27.6929 -177.052 -25.7965
vn 0 0.256458 -0.966555
v 27.1503 -177.026 -25.7896
vn 0 0.256458 -0.966555
v 27.1478 -177.012 -25.5505
vn -0.050076 -0.997455 0.0507472
v 27.1493 -177.002 -25.3209
vn -0.0321424 -0.994847 0.0961625
v 27.6881 -177.029 -25.3288
vn -0.0465466 -0.968037 0.246451
v 27.6899 -177.04 -25.564
vn -0.0492073 -0.997449 0.0517201
v 27.6929 -177.053 -25.7965
vn -0.0482075 -0.998822 0.00554607
v 27.6983 -176.919 -23.7524
vn -0.0507407 -0.98404 0.170557
v 27.1521 -176.89 -23.7474
vn -0.0505152 -0.98834 0.143637
v 27.1522 -176.881 -23.7269
vn -0.0398082 -0.841636 0.538576
v 27.6999 -176.911 -23.7351
vn -0.0295125 -0.715695 0.697789
v 27.6991 -176.914 -23.7387
vn -0.0415705 -0.872651 0.486571
v 27.1604 -176.989 -25.2947
vn 0.0119557 -0.607992 0.793853
v 27.6862 -177.011 -25.2984
vn -0.0202572 -0.585204 0.810633
v 27.6952 -176.944 -23.9767
vn -0.0516575 -0.994357 0.0926549
v 27.1602 -176.928 -24.202
vn -0.0404374 -0.999181 -0.00111918
v 27.1513 -176.917 -23.9925
vn -0.0519225 -0.995915 0.073869
v 27.6912 -176.956 -24.2039
vn -0.0534005 -0.998375 -0.0198778
v 27.6861 -176.923 -24.2411
vn -0.0287629 -0.316412 -0.948186
v 27.183 -176.903 -24.2337
vn 0.07348 -0.249917 -0.965475
v 27.6898 -176.949 -24.2237
vn -0.051962 -0.845809 -0.53095
v 27.1823 -176.921 -24.2193
vn 0.0064534 -0.816252 -0.577659
v 27.1767 -176.833 -25.2193
vn -0.00877101 -0.41071 0.911724
v 27.1878 -176.684 -25.1553
vn -0.00264426 -0.368583 0.929591
v 27.6741 -176.905 -25.246
vn -0.0102442 -0.421997 0.90654
v 27.1896 -176.582 -25.1166
vn -0.00428647 -0.354865 0.934908
v 27.6387 -176.597 -25.1198
vn -0.00609702 -0.353155 0.935545
v 27.6506 -176.7 -25.1586
vn -0.00691854 -0.378261 0.925673
v 27.6924 -177.046 -25.8209
vn -0.0491049 -0.874871 -0.48186
v 27.1504 -177.016 -25.819
vn -0.04781 -0.817029 -0.574611
v 26.8257 -177.009 -25.7923
vn -0.0884321 -0.99179 -0.0923739
v 26.8798 -176.551 -23.4363
vn -0.00972176 -0.360747 0.932613
v 27.155 -176.452 -23.3998
vn -0.00668085 -0.329526 0.944123
v 26.8769 -176.439 -23.3976
vn -0.159251 -0.325943 0.93188
v 27.1561 -176.569 -23.441
vn -0.00978737 -0.392333 0.919771
v 26.8832 -176.662 -23.4895
vn -0.115975 -0.594829 0.795443
v 27.1542 -176.686 -23.4996
vn -0.0173961 -0.615444 0.787988
v 26.9077 -176.866 -23.7237
vn -0.278493 -0.786051 0.551874
v 27.1219 -176.927 -24.2271
vn 0.0475731 0.639193 0.767574
v 26.9513 -176.917 -24.2249
vn 0.0475731 0.639193 0.767574
v 27.1219 -176.927 -24.2271
vn 0.0445561 -0.999006 -0.00145195
v 26.9283 -176.893 -23.8638
vn -0.170492 -0.980483 0.0979035
v 26.9156 -176.877 -23.7418
vn -0.0844841 -0.93582 0.342204
v 26.9379 -176.905 -23.9837
vn -0.19032 -0.980147 0.0555926
v 26.9488 -176.917 -24.2249
vn -0.185683 -0.980561 0.0634116
v 26.9513 -176.917 -24.2249
vn -0.0580355 -0.996487 0.0603719
v 27.0899 -176.995 -25.252
vn 0.189977 -0.978589 0.0791967
v 26.9274 -176.989 -25.297
vn -0.11891 -0.990966 0.0620158
v 27.1057 -176.963 -24.7508
vn 0.148325 -0.986965 0.0624513
v 26.9472 -176.967 -24.93
vn -0.1059 -0.992226 0.0653685
v 27.151 -176.853 -26.0089
vn 0 -0.249757 0.968308
v 26.7692 -176.834 -26.004
vn 0 -0.249757 0.968308
v 27.1518 -176.853 -26.0089
vn -0.0483941 -0.75892 -0.649383
v 26.8148 -176.999 -25.8131
vn -0.221127 -0.78808 -0.574484
v 26.7692 -176.834 -26.004
vn -0.156141 -0.743881 -0.649816
v 26.8682 -176.549 -23.4378
vn -0.431576 -0.370144 0.822639
v 26.863 -176.438 -23.4001
vn -0.365114 -0.313741 0.876504
v 26.7983 -176.425 -23.4332
vn -0.36568 -0.312373 0.876756
v 26.8002 -176.636 -23.5224
vn -0.165015 -0.669365 0.724376
v 26.8696 -176.667 -23.4983
vn -0.409126 -0.673259 0.615904
v 26.8329 -176.828 -23.7413
vn -0.249216 -0.8012 0.544032
v 26.9006 -176.872 -23.7441
vn -0.378156 -0.91019 0.168975
v 26.9193 -176.899 -23.9852
vn -0.504502 -0.862684 0.0354072
v 26.8531 -176.854 -23.8736
vn -0.475007 -0.877948 0.0598012
v 26.8409 -176.838 -23.7573
vn -0.796184 -0.605054 -0.000242453
v 26.936 -176.913 -24.2249
vn -0.42015 -0.906022 0.0509629
v 26.8666 -176.873 -24.2256
vn -0.297586 -0.952794 0.0602219
v 26.8511 -176.86 -23.9915
vn -0.284949 -0.957439 0.0459957
v 26.9302 -176.98 -25.1695
vn -0.455675 -0.887473 0.0689411
v 26.8512 -176.947 -25.2982
vn -0.399591 -0.911543 0.0970375
v 26.8667 -176.942 -25.1643
vn -0.464431 -0.882661 0.0722115
v 26.6998 -176.811 -25.9712
vn -0.405333 -0.677002 -0.614307
v 26.7249 -176.885 -25.8854
vn -0.531304 -0.693408 -0.486725
v 26.74 -176.957 -25.7997
vn -0.373948 -0.753686 -0.540482
v 26.7766 -176.912 -25.9031
vn -0.443644 -0.734066 -0.514128
v 26.7249 -176.885 -25.8854
vn -0.409872 -0.74353 -0.528363
v 26.8061 -177.003 -25.7889
vn -0.419291 -0.903044 -0.0933106
v 26.8012 -176.958 -25.5463
vn -0.451511 -0.881572 0.13773
v 26.7361 -176.962 -25.7877
vn -0.271857 -0.905633 -0.325457
v 26.8717 -176.993 -25.5091
vn -0.461433 -0.876857 0.134913
v 27.1534 -176.648 -26.0282
vn -0.0108715 0.0132096 -0.999854
v 26.7466 -176.714 -26.024
vn -0.127369 -0.031267 -0.991362
v 26.7369 -176.629 -26.0228
vn -0.109412 0.00371861 -0.99399
v 26.7606 -176.8 -26.0193
vn -0.186527 -0.178303 -0.966134
v 27.1508 -176.746 -26.0293
vn -0.0141504 -0.0400878 -0.999096
v 27.1515 -176.826 -26.0235
vn -0.0158069 -0.177891 -0.983923
v 26.6444 -176.935 -25.3044
vn -0.0503033 -0.997105 0.0570112
v 26.8369 -176.944 -25.2981
vn -0.131787 -0.989121 0.0653669
v 26.7297 -176.964 -25.7706
vn -0.0901132 -0.995452 0.0308969
v 26.5422 -176.954 -25.7674
vn -0.0494226 -0.998235 0.0329174
v 26.6093 -176.94 -25.4677
vn -0.05122 -0.997313 0.0523776
v 26.5364 -176.947 -25.7914
vn -0.0492932 -0.889617 -0.454039
v 26.6871 -176.807 -25.9689
vn -0.189218 -0.683137 -0.705351
v 26.4921 -176.8 -25.9621
vn -0.0415711 -0.643558 -0.764268
v 26.5932 -176.415 -23.4343
vn -0.00681472 -0.305882 0.952045
v 26.7909 -176.424 -23.435
vn -0.144969 -0.32644 0.934035
v 26.7952 -176.528 -23.4708
vn -0.125253 -0.372728 0.919449
v 26.6005 -176.617 -23.5148
vn -0.0168183 -0.504328 0.863348
v 26.596 -176.521 -23.4705
vn -0.00878328 -0.372457 0.928008
v 26.6022 -176.632 -23.5284
vn -0.0326333 -0.731477 0.681084
v 26.629 -176.817 -23.742
vn -0.0419637 -0.865534 0.49909
v 26.6308 -176.823 -23.7582
vn -0.0541176 -0.984809 0.16499
v 26.8305 -176.835 -23.7575
vn -0.205656 -0.971149 0.120729
v 26.6648 -176.861 -24.213
vn -0.0556024 -0.996696 0.0592088
v 26.651 -176.848 -23.9764
vn -0.0579091 -0.995159 0.0794047
v 26.8588 -176.902 -24.6278
vn -0.122977 -0.989811 0.0717698
v 26.6529 -176.93 -25.2259
vn -0.0533773 -0.996851 0.0586421
v 26.8529 -176.929 -25.0302
vn -0.0528888 -0.996653 0.0623376
v 26.6606 -176.919 -25.0439
vn -0.0530393 -0.996583 0.0633152
v 26.6669 -176.89 -24.6035
vn -0.0525988 -0.996006 0.072145
v 26.7288 -176.715 -26.0175
vn -0.514453 -0.0795356 -0.853822
v 26.6749 -176.628 -25.987
vn -0.348158 -0.026158 -0.937071
v 26.7223 -176.628 -26.0185
vn -0.522191 -0.0497714 -0.851375
v 26.8943 -176.869 -23.7429
vn 0.348861 0.173109 -0.921048
v 26.8412 -176.839 -23.7573
vn 0.348861 0.173109 -0.921048
v 26.8407 -176.838 -23.7573
vn -0.317309 -0.0671762 0.94594
v 26.8366 -176.836 -23.7586
vn -0.317309 -0.0671762 0.94594
v 26.8667 -176.942 -25.1643
vn -0.44978 0.892944 0.0186865
v 26.8542 -176.946 -25.2726
vn -0.44978 0.892944 0.0186865
v 26.7379 -176.956 -25.7996
vn -0.947233 -0.319475 -0.0261668
v 26.7149 -176.881 -25.8827
vn -0.947233 -0.319475 -0.0261668
v 27.1512 -176.848 -26.0132
vn -0.0916098 -0.63518 -0.766912
v 26.7698 -176.819 -26.0157
vn -0.0855759 -0.47056 -0.878208
v 26.7223 -176.628 -26.0185
vn -0.398991 -0.0320461 -0.916395
v 26.7309 -176.629 -26.0218
vn -0.271014 -0.0163773 -0.962436
v 26.7291 -176.628 -26.0213
vn 0 -1 0
v 26.7256 -176.628 -26.0201
vn 0 -1 0
v 26.8112 -177.002 -25.8078
vn -0.810767 -0.120653 -0.5728
v 26.8134 -177 -25.8113
vn -0.810767 -0.120653 -0.5728
v 26.9164 -176.874 -23.7334
vn 0.995 -0.0998769 0
v 26.9163 -176.875 -23.7362
vn 0.995 -0.0998769 0
v 26.9165 -176.872 -23.731
vn 0.998771 -0.0495574 0
v 26.9164 -176.874 -23.7334
vn 0.998771 -0.0495574 0
v 27.1988 -176.804 -24.2489
vn 0.0838327 -0.125515 -0.988543
v 27.1846 -176.523 -24.2576
vn 0.65732 0.0481357 -0.752073
v 27.1796 -176.523 -24.2608
vn 0.771297 0.0451826 -0.63487
v 27.1691 -176.526 -24.2881
vn 0.980133 0.00587012 -0.198254
v 27.1643 -176.711 -24.2957
vn 0.991331 -0.0359845 -0.126368
v 27.1824 -176.523 -24.2579
vn 0.690364 0.0554926 -0.721331
v 27.2015 -176.615 -24.2566
vn 0.219424 0.0371774 -0.974921
v 27.2096 -176.522 -24.2473
vn 0.103988 0.0876645 -0.990708
v 27.1535 -176.849 -24.2818
vn 0.9864 -0.120542 -0.111733
v 27.1549 -176.901 -24.2521
vn 0.678584 -0.427081 -0.5976
v 27.1723 -176.757 -24.2671
vn 0.750565 -0.101964 -0.652883
v 27.2053 -176.71 -24.2557
vn 0.132277 -0.0444775 -0.990214
v 27.1402 -176.928 -24.7541
vn 0.96151 -0.274697 -0.00635838
v 27.1233 -176.963 -25.2323
vn 0.957663 -0.287427 0.0163467
v 27.1449 -176.908 -24.2744
vn 0.75266 -0.635191 -0.173307
v 27.1278 -176.953 -24.752
vn 0.680813 -0.731772 0.0316903
v 27.1242 -176.978 -25.2634
vn 0.79389 -0.577239 0.191139
v 27.1304 -176.923 -24.2684
vn 0.505548 -0.862773 0.00660203
v 27.1337 -176.987 -25.2869
vn 0.329365 -0.788303 0.519709
v 27.6454 -176.612 -24.2587
vn -0.00738127 0.0700222 -0.997518
v 27.6359 -176.537 -24.2511
vn -0.00534889 0.100134 -0.99496
v 27.6576 -176.706 -24.2617
vn -0.0114831 -0.00860626 -0.999897
v 27.6718 -176.815 -24.2561
vn -0.0159942 -0.0892948 -0.995877
v 27.155 -176.781 -25.1848
vn 0.643188 -0.342915 0.68463
v 27.1425 -176.772 -25.1497
vn 0.987223 -0.117026 0.108145
v 27.1522 -176.581 -25.0784
vn 0.989593 -0.0909292 0.111521
v 27.1813 -176.784 -25.197
vn -0.583408 -0.287767 0.759491
v 27.1722 -176.883 -25.2415
vn -0.583408 -0.287767 0.759491
v 27.1878 -176.684 -25.1553
vn -0.598306 -0.274974 0.752608
v 27.1813 -176.784 -25.197
vn -0.598306 -0.274974 0.752608
v 27.1736 -176.784 -25.1954
vn 0.19414 -0.401654 0.894977
v 27.1845 -176.582 -25.1156
vn 0.156865 -0.37239 0.914723
v 27.1775 -176.582 -25.1138
vn 0.360819 -0.361196 0.859853
v 27.1542 -176.581 -25.0886
vn 0.942634 -0.161121 0.292372
v 27.1737 -176.582 -25.1121
vn 0.427929 -0.352976 0.832036
v 27.1463 -176.777 -25.1705
vn 0.872278 -0.246523 0.422324
v 27.1701 -176.582 -25.1099
vn 0.538149 -0.335659 0.773129
v 27.1565 -176.581 -25.0944
vn 0.848573 -0.22975 0.476592
v 27.1599 -176.582 -25.0996
vn 0.789268 -0.260287 0.556154
v 27.1668 -176.582 -25.1074
vn 0.598804 -0.322855 0.732938
v 27.1637 -176.582 -25.1045
vn 0.681373 -0.299956 0.667651
v 27.1586 -176.98 -25.2887
vn 0.0415144 -0.427346 0.903135
v 27.1559 -176.745 -24.7168
vn 0.998159 -0.0567675 -0.0213701
v 27.1625 -176.564 -24.6794
vn 0.999255 -0.031217 -0.0227137
v 26.6307 -176.8 -23.7555
vn -0.994065 0.00866206 -0.108443
v 26.6306 -176.823 -23.7562
vn -0.993552 0.00501494 -0.11327
v 26.6288 -176.815 -23.7406
vn -0.994784 -0.00815377 -0.101678
v 26.651 -176.848 -23.9764
vn -0.997498 0.00709616 -0.0703343
v 26.665 -176.84 -24.2134
vn -0.999312 0.00910392 -0.0359548
v 26.6648 -176.861 -24.213
vn -0.999398 0.00951608 -0.0333491
v 26.6513 -176.828 -23.9788
vn -0.996635 0.00782255 -0.0815878
v 26.6032 -176.611 -23.535
vn -0.991491 0.00889072 -0.129875
v 26.6013 -176.626 -23.5214
vn -0.992115 0.00820902 -0.125066
v 26.5951 -176.41 -23.4537
vn -0.995079 0.0116656 -0.0983968
v 26.596 -176.521 -23.4705
vn -0.993951 0.00844228 -0.109503
v 26.4908 -176.796 -25.9661
vn -0.971269 -0.0333545 0.235636
v 26.494 -176.77 -25.9567
vn -0.954549 0.00932167 0.297908
v 26.5393 -176.931 -25.7798
vn -0.968967 0.00564912 0.247126
v 26.5409 -176.954 -25.7727
vn -0.971939 0.00885707 0.235066
v 26.4875 -176.764 -25.9772
vn -0.95169 0.00838682 0.306947
v 26.4944 -176.621 -25.9598
vn -0.951015 0.0087334 0.30902
v 26.4884 -176.619 -25.9782
vn -0.950418 0.00844655 0.31086
v 26.6452 -176.914 -25.3007
vn -0.982789 0.00773622 0.184571
v 26.6444 -176.935 -25.3044
vn -0.985676 0.00709724 0.168499
v 26.5419 -176.934 -25.7696
vn -0.974678 0.00953591 0.223409
v 26.5413 -176.934 -25.7716
vn -0.970509 0.00970724 0.240871
v 26.4875 -176.619 -25.9791
vn -0.676653 0.00628642 0.736275
v 26.4857 -176.72 -25.9797
vn -0.639236 0.00589662 0.768988
v 26.6558 -176.907 -25.1731
vn -0.998772 0.00727989 0.0490072
v 26.6584 -176.924 -25.119
vn -0.999431 0.00728785 0.0329403
v 26.6642 -176.889 -24.888
vn -0.999848 0.00706877 0.0159292
v 26.6669 -176.89 -24.6035
vn -0.999959 0.00834007 0.00363407
v 26.6677 -176.86 -24.4808
vn -0.999955 0.00951281 -0.000313486
v 26.6677 -176.86 -24.4808
vn -0.999904 0.00956547 -0.0100504
v 46.021 -177.172 -25.925
vn 0.31261 -0.90671 -0.28311
v 46.0209 -177.169 -25.9289
vn -0.554147 -0.743836 -0.37367
v 46.0208 -177.168 -25.9314
vn -4.65499e-05 -0.816555 -0.577268
v 46.0207 -177.166 -25.9337
vn 0.247787 -0.701146 -0.668578
v 46.0204 -177.157 -25.9408
vn 0.0813995 -0.530758 -0.843606
v 46.0201 -177.147 -25.944
vn 0.197948 -0.253196 -0.946947
v 46.0224 -177.173 -25.913
vn 0.153784 -0.988091 -0.00526018
v 46.0206 -177.153 -25.9176
vn -0.216274 0.931816 0.291452
v 46.0204 -177.151 -25.9197
vn 0.14441 0.723824 0.674703
v 46.055 -176.908 -25.952
vn -0.870544 0.14919 0.46893
v 46.0371 -176.885 -23.7334
vn -0.725542 0.202971 -0.657564
v 46.0164 -176.99 -23.7494
vn -0.369223 0.362382 -0.855777
v 46.0341 -177.132 -25.3736
vn -0.677524 0.734779 -0.032587
v 46.0163 -176.994 -23.7522
vn -0.0370508 0.756334 -0.653136
v 46.0165 -176.997 -23.7565
vn -0.149225 0.945702 -0.288755
v 46.0163 -176.993 -23.7297
vn 0.168357 -0.258209 0.951306
v 46.0438 -176.896 -23.7146
vn 0.588198 -0.253483 0.767965
v 46.0298 -177.074 -24.2935
vn 0.156683 -0.983057 0.0951236
v 46.0171 -177.017 -23.7556
vn 0.0869036 -0.987648 0.130378
v 46.017 -177.013 -23.7451
vn 0.125542 -0.903258 0.410322
v 46.0169 -177.013 -23.7442
vn 0.17236 -0.864254 0.472607
v 27.7375 -177.014 -23.7476
vn -5.03738e-05 -0.914334 0.40496
v 46.0171 -177.016 -23.7529
vn -5.44116e-05 -0.99008 0.140506
v 46.0168 -177.009 -23.739
vn -0.257541 -0.69831 0.667859
v 46.0168 -177.008 -23.7381
vn -6.67351e-05 -0.875904 0.482486
v 46.0167 -177.006 -23.7355
vn 0.0188681 -0.556838 0.830407
v 46.0446 -177.148 -25.9305
vn 0.801042 -0.208501 -0.561123
v 46.0366 -177.148 -25.9388
vn 0 1 0
v 46.0389 -177.148 -25.9372
vn 0 1 0
v 46.0481 -177.153 -25.9162
vn 0.917246 -0.351399 -0.187558
v 46.0363 -177.169 -25.9134
vn 0.557834 -0.822353 -0.112052
v 46.0205 -177.153 -25.9153
vn 0 0 0
v 46.0205 -177.153 -25.9156
vn 0 0 0
v 46.0205 -177.151 -25.9202
vn -0.979228 0.0577899 0.194351
v 46.0264 -177.145 -25.9217
vn 0 -1 0
v 46.0257 -177.145 -25.9222
vn 0 -1 0
v 47.0891 -176.629 -25.9844
vn 0.279588 -0.0167867 -0.959973
v 47.2679 -176.62 -25.9799
vn 0.0108759 0.0194787 -0.999751
v 47.2703 -176.688 -25.9812
vn 0.0122479 -0.0135423 -0.999833
v 47.2668 -176.775 -25.9764
vn 0.013437 -0.106397 -0.994233
v 47.0624 -176.798 -25.9777
vn 0.324718 -0.608575 -0.724013
v 47.0889 -176.705 -25.9833
vn 0.10321 -0.0365586 -0.993987
v 46.6009 -176.65 -26.0081
vn -0.0465556 0.997731 0.0486426
v 47.0132 -176.631 -26.0031
vn -0.0482327 0.998836 0.000660997
v 47.0134 -176.63 -26.0233
vn -0.0580584 0.998267 0.00958582
v 46.6011 -176.649 -26.0282
vn -0.0465508 0.997725 0.0487647
v 47.014 -176.63 -26.0232
vn 0 0 0
v 47.0796 -176.629 -25.987
vn -0.0249123 0.999655 0.00829785
v 47.0915 -176.629 -25.9626
vn -0.0330385 0.998315 0.0477054
v 47.2602 -176.622 -25.9598
vn -0.0454452 0.99767 0.0508857
v 46.9594 -176.426 -23.4336
vn -0.0315641 0.955241 0.294142
v 47.1594 -176.411 -23.4537
vn -0.0453104 0.977047 0.208149
v 46.9578 -176.42 -23.4524
vn -0.0308111 0.95394 0.298411
v 46.8775 -176.435 -23.417
vn -0.0479211 0.956977 0.286179
v 46.8864 -176.439 -23.3995
vn -0.0287038 0.954835 0.295747
v 46.5995 -176.447 -23.4191
vn -0.0453328 0.960836 0.273386
v 46.5996 -176.453 -23.3998
vn -0.0469523 0.953843 0.296612
v 46.5448 -176.525 -24.2272
vn -0.0218766 0.991998 0.124347
v 46.5449 -176.522 -24.2473
vn 0.0631822 0.993789 0.0916004
v 46.1187 -176.538 -24.2511
vn -0.0895686 0.993886 0.0645614
v 46.581 -176.525 -24.2396
vn 0.05636 0.998096 -0.0250683
v 46.6056 -176.527 -24.2879
vn 0.017612 0.9982 -0.05733
v 46.6122 -176.565 -24.679
vn 0.00134791 0.998133 -0.061066
v 46.6232 -176.582 -25.0715
vn 0.00128184 0.999064 -0.0432313
v 46.603 -176.582 -25.0721
vn 0.00106729 0.999065 -0.0432263
v 46.592 -176.565 -24.6794
vn 0.00123704 0.996883 -0.0788816
v 46.5995 -176.582 -25.085
vn -0.120109 0.990986 0.0593353
v 46.6108 -176.578 -25.1112
vn -0.132614 0.968293 0.211715
v 46.5627 -176.576 -25.1356
vn -0.0421229 0.938472 0.342776
v 46.5628 -176.583 -25.1166
vn -0.101921 0.952591 0.286676
v 46.0962 -176.591 -25.139
vn -0.0327455 0.94396 0.328433
v 46.1159 -176.597 -25.1198
vn -0.0316551 0.932945 0.358624
v 46.096 -176.593 -25.1397
vn -0.713165 -0.151265 0.684481
v 46.1159 -176.597 -25.1198
vn -0.713165 -0.151265 0.684481
v 46.1164 -176.585 -24.6837
vn 0.126921 0.989457 -0.0697552
v 46.0959 -176.594 -24.9124
vn 0.140917 0.988682 -0.0514849
v 46.0968 -176.572 -24.5656
vn 0.140593 0.98598 -0.0898685
v 46.0988 -176.532 -24.23
vn 0 0 0
v 46.1159 -176.597 -25.1198
vn 0.0974826 0.995107 -0.0160758
v 46.0958 -176.595 -25.1403
vn 0.103446 0.994625 -0.00444193
v 46.0959 -176.594 -24.9124
vn 0.0971596 0.995077 -0.0195468
v 46.0988 -176.532 -24.23
vn 0.157148 0.978977 -0.130031
v 46.1187 -176.538 -24.2511
vn 0.14385 0.982482 -0.118476
v 46.0982 -176.536 -24.2306
vn 0.688113 -0.185334 0.701535
v 46.1187 -176.538 -24.2511
vn 0.688113 -0.185334 0.701535
v 46.0317 -177.054 -24.2955
vn -0.778035 0.624715 -0.0662837
v 46.0454 -176.938 -24.2038
vn -0.99149 0.128561 -0.0204825
v 46.0258 -176.989 -23.7587
vn -0.875104 0.47035 -0.113858
v 46.0438 -177.029 -25.8125
vn -0.992956 0.118473 -0.00149837
v 46.0386 -176.901 -23.7571
vn -0.989234 0.143572 -0.028327
v 46.0988 -176.532 -24.23
vn -0.991372 0.130647 -0.0105868
v 46.0963 -176.582 -24.681
vn -0.992065 0.125454 -0.00820399
v 46.0854 -176.637 -24.2401
vn -0.991464 0.130092 -0.00867145
v 46.0433 -177.034 -25.7979
vn -0.983838 0.178055 0.018939
v 46.0483 -177.009 -25.3174
vn -0.993338 0.115184 -0.00362722
v 46.0354 -177.099 -24.8342
vn -0.751439 0.658018 -0.0484943
v 46.0416 -176.926 -23.9786
vn -0.989544 0.141531 -0.027772
v 46.0959 -176.594 -24.9124
vn -0.993046 0.117709 -0.0022513
v 46.0958 -176.595 -25.1403
vn -0.993428 0.114457 -5.6812e-05
v 46.0723 -176.799 -25.2203
vn -0.993109 0.117144 -0.00336522
v 46.0731 -176.731 -24.2413
vn -0.992373 0.122681 -0.0120709
v 46.0606 -176.827 -24.235
vn -0.991404 0.129697 -0.0172023
v 46.0479 -176.921 -24.2215
vn -0.991294 0.129882 -0.0215914
v 46.0163 -176.993 -23.7515
vn 1 0 0
v 46.0162 -176.992 -23.7506
vn -0.882203 0.1756 -0.436901
v 46.0163 -176.993 -23.7511
vn -0.882203 0.1756 -0.436901
v 46.0163 -176.995 -23.7541
vn 0 1 0
v 46.0164 -176.996 -23.755
vn -1 0 0
v 46.0164 -176.995 -23.7543
vn -1 0 0
v 46.0164 -176.996 -23.7552
vn 0 0 0
v 46.0164 -176.996 -23.7561
vn 0 0 0
v 46.0164 -176.996 -23.7564
vn 0 0 0
v 46.0164 -176.997 -23.7572
vn -1 0 0
v 46.0164 -176.996 -23.7567
vn -1 0 0
v 46.6031 -177.007 -25.7908
vn 0 -0.254352 0.967112
v 46.0433 -177.034 -25.7979
vn 0 -0.254352 0.967112
v 46.6042 -176.982 -25.3191
vn -0.0331808 0.9921 -0.12098
v 46.6057 -176.993 -25.5571
vn -0.0496536 0.997415 -0.0519451
v 46.0483 -177.01 -25.3285
vn -0.0498893 0.998483 -0.0233071
v 46.0433 -177.034 -25.7979
vn -0.0498019 0.997325 -0.0534973
v 46.6033 -177.007 -25.7908
vn -0.0504248 0.991104 0.123167
v 46.6013 -176.871 -23.7502
vn -0.0501734 0.977307 -0.205799
v 46.0386 -176.901 -23.7571
vn -0.0427769 0.902412 -0.428746
v 46.6016 -176.866 -23.74
vn -0.0325771 0.751202 -0.659268
v 46.8371 -176.856 -23.7406
vn -0.123234 0.927333 -0.353365
v 46.0495 -176.999 -25.3126
vn -0.0153092 0.4918 -0.870574
v 46.6039 -176.976 -25.309
vn 0.0815885 0.576805 -0.812797
v 46.0485 -177.008 -25.3226
vn -0.0390864 0.881616 -0.470346
v 46.0416 -176.926 -23.9786
vn -0.0524434 0.994318 -0.0926332
v 46.6021 -176.896 -23.9761
vn -0.0520149 0.99573 -0.0762643
v 46.587 -176.909 -24.1991
vn 0.0333325 0.973803 0.224939
v 46.0453 -176.938 -24.2011
vn -0.0546615 0.983747 0.171041
v 46.5657 -176.898 -24.213
vn 0.0345866 0.363036 0.931133
v 46.0479 -176.921 -24.2215
vn -0.0332925 0.410577 0.911218
v 46.096 -176.593 -25.1397
vn -0.00471666 0.338446 -0.940974
v 46.5658 -176.576 -25.1354
vn 0.0390246 0.370608 -0.927969
v 46.0723 -176.799 -25.2203
vn -0.00946517 0.403615 -0.91488
v 46.581 -176.777 -25.2145
vn 0.127193 0.399679 -0.907788
v 46.6031 -177.002 -25.8055
vn -0.0472485 0.814777 0.577846
v 46.0436 -177.031 -25.8067
vn -0.0495956 0.941069 0.33456
v 46.5995 -176.447 -23.4191
vn -0.00708782 0.330665 -0.943722
v 46.8825 -176.434 -23.4181
vn -0.283957 0.321457 -0.903346
v 46.878 -176.543 -23.4553
vn -0.230927 0.371423 -0.899287
v 46.869 -176.653 -23.5065
vn -0.0631836 0.605951 -0.792989
v 46.5997 -176.669 -23.5105
vn -0.0193392 0.64446 -0.764393
v 46.5982 -176.56 -23.4587
vn -0.0107171 0.391419 -0.92015
v 46.8251 -176.873 -23.8661
vn -0.0689516 0.991957 -0.106147
v 46.635 -176.907 -24.2377
vn 0.224776 0.974206 0.0199634
v 46.8074 -176.894 -24.1056
vn -0.166736 0.98505 -0.0433014
v 46.8074 -176.896 -24.2257
vn -0.31845 0.946842 -0.0456142
v 46.8225 -176.884 -23.986
vn -0.245658 0.967349 -0.0623534
v 46.8066 -176.927 -24.6237
vn -0.372163 0.925709 -0.0675068
v 46.8109 -176.963 -25.1643
vn -0.0929512 0.993577 -0.0645318
v 46.6555 -176.944 -24.7519
vn -0.0105117 0.997698 -0.0669915
v 46.666 -176.976 -25.2614
vn 0.184495 0.977035 -0.106608
v 46.8266 -176.969 -25.2987
vn -0.339608 0.936611 -0.0861739
v 46.9644 -176.889 -25.908
vn -0.239595 0.763381 0.599869
v 46.6021 -176.836 -25.9979
vn -0.0320217 0.680712 0.731851
v 46.9843 -176.82 -25.9913
vn -0.354147 0.632118 0.689207
v 46.9365 -176.983 -25.8023
vn -0.27625 0.828993 0.486268
v 46.8699 -176.979 -25.5274
vn -0.237162 0.967056 -0.0924992
v 46.9356 -176.989 -25.7858
vn -0.30322 0.952897 -0.00664912
v 46.9472 -176.421 -23.4508
vn -0.461587 0.300437 -0.834671
v 46.9441 -176.523 -23.4858
vn -0.43666 0.341661 -0.832224
v 46.9493 -176.622 -23.5348
vn -0.203283 0.592193 -0.779733
v 46.8762 -176.651 -23.5068
vn -0.41912 0.583553 -0.69556
v 46.8496 -176.853 -23.7466
vn -0.414039 0.863791 -0.287116
v 46.9135 -176.815 -23.7537
vn -0.213187 0.923255 -0.319612
v 46.8686 -176.861 -24.2262
vn -0.4805 0.875588 -0.0496525
v 46.8928 -176.847 -24.055
vn -0.261193 0.963885 -0.0519945
v 46.9028 -176.822 -23.7585
vn -0.484185 0.872608 -0.0641871
v 46.8776 -176.926 -25.1666
vn -0.504761 0.859993 -0.0750238
v 46.8887 -176.933 -25.3003
vn -0.420862 0.89887 -0.122096
v 47.0137 -176.943 -25.7799
vn -0.235375 0.915393 0.326581
v 47.0509 -176.796 -25.9583
vn -0.480851 0.692095 0.538319
v 46.998 -176.951 -25.7768
vn -0.443219 0.890281 -0.104675
v 46.6027 -176.825 -26.0034
vn -0.0339474 0.238881 0.970455
v 46.9936 -176.799 -25.9992
vn -0.218912 0.219312 0.950778
v 47.0071 -176.715 -26.0035
vn -0.331159 0.0566548 0.941873
v 47.0132 -176.631 -26.0031
vn -0.115057 -0.00231317 0.993356
v 46.6009 -176.65 -26.0081
vn -0.0113034 -0.0145149 0.999831
v 46.6034 -176.739 -26.0093
vn -0.0140643 0.0387691 0.999149
v 46.9002 -176.925 -25.2736
vn -0.0929063 0.993644 -0.063566
v 47.1099 -176.915 -25.3044
vn -0.0520078 0.9974 -0.049886
v 46.9421 -176.929 -25.4174
vn -0.0818195 0.994987 -0.057509
v 47.2124 -176.935 -25.7686
vn -0.0503729 0.987746 0.147718
v 47.1099 -176.915 -25.3044
vn -0.0511036 0.997396 -0.0508902
v 47.0238 -176.941 -25.784
vn -0.0833302 0.779138 0.621289
v 47.2171 -176.925 -25.7881
vn -0.0445523 0.778692 0.625823
v 47.0705 -176.793 -25.9538
vn -0.341642 0.447636 0.826379
v 47.2589 -176.783 -25.9514
vn -0.0407344 0.60726 0.793458
v 46.97 -176.419 -23.4551
vn -0.233277 0.323373 -0.917067
v 47.1594 -176.411 -23.4537
vn -0.00668736 0.323471 -0.946215
v 47.1565 -176.507 -23.4865
vn -0.00792666 0.353546 -0.935384
v 47.1513 -176.612 -23.535
vn -0.0209724 0.582959 -0.812231
v 46.9669 -176.521 -23.4903
vn -0.0943034 0.37984 -0.920233
v 47.1237 -176.802 -23.7563
vn -0.0454413 0.913999 -0.403163
v 46.9324 -176.81 -23.753
vn -0.0626774 0.818217 -0.571482
v 46.8965 -176.852 -24.2266
vn 0 0.251378 -0.967889
v 46.8964 -176.852 -24.2266
vn 0 0.251378 -0.967889
v 46.9095 -176.84 -23.994
vn -0.0576669 0.995394 -0.076586
v 47.1032 -176.829 -23.9788
vn -0.0506052 0.994771 -0.0887129
v 47.0899 -176.841 -24.2028
vn -0.0565679 0.997196 -0.0489859
v 46.8965 -176.852 -24.2266
vn -0.141785 0.987996 -0.0613216
v 46.8964 -176.852 -24.2266
vn -0.051191 0.997675 -0.04498
v 47.0892 -176.842 -24.224
vn -0.051191 0.997675 -0.04498
v 46.8817 -176.894 -24.7631
vn -0.174077 0.982136 -0.0714552
v 47.0892 -176.842 -24.224
vn -0.0538657 0.995688 -0.0755284
v 47.0988 -176.908 -25.1731
vn -0.052424 0.996697 -0.062016
v 47.0903 -176.89 -24.888
vn -0.0532321 0.996415 -0.0657495
v 47.0868 -176.861 -24.4808
vn -0.0570049 0.995656 -0.0736112
v 47.0722 -176.629 -25.9685
vn -0.430048 0.0369829 0.902048
v 47.0222 -176.629 -26.0009
vn -0.503453 0.0476109 0.86271
v 47.2602 -176.622 -25.9598
vn -0.0237235 0.00810936 0.999686
v 47.0893 -176.629 -25.9632
vn -0.153455 0.00133426 0.988155
v 47.0788 -176.744 -25.9616
vn -0.170831 0.107361 0.979434
v 47.2605 -176.771 -25.9567
vn -0.0240983 0.127666 0.991524
v 46.9544 -176.619 -23.5346
vn -0.152608 -0.321541 -0.934517
v 46.962 -176.62 -23.5355
vn -0.152608 -0.321541 -0.934517
v 47.0323 -176.867 -25.8709
vn -0.814198 0.523179 0.251724
v 47.0098 -176.942 -25.7878
vn -0.814198 0.523179 0.251724
v 47.0193 -176.63 -26.0021
vn -0.39172 0.032134 0.919523
v 47.0185 -176.63 -26.0023
vn -0.273663 0.016917 0.961677
v 46.9374 -176.984 -25.8013
vn -0.809593 0.102544 0.577965
v 46.9386 -176.984 -25.7996
vn -0.809593 0.102544 0.577965
v 46.8372 -176.856 -23.7417
vn 1 0 0
v 46.8372 -176.857 -23.7432
vn 1 0 0
v 46.8372 -176.856 -23.7417
vn 0 1 0
v 46.8371 -176.856 -23.7406
vn 0 1 0
v 46.5553 -176.802 -24.2288
vn 0.0553183 0.12162 0.991034
v 46.591 -176.661 -24.254
vn 0.698724 0.00508864 0.715373
v 46.5954 -176.526 -24.2545
vn 0.89846 -0.027204 0.438213
v 46.5895 -176.525 -24.2478
vn 0.746727 -0.04937 0.663296
v 46.5812 -176.525 -24.2394
vn 0.618142 -0.0602693 0.783752
v 46.5788 -176.525 -24.2376
vn 0.414841 -0.0519322 0.908411
v 46.5448 -176.525 -24.2272
vn 0.0759948 -0.0859023 0.993401
v 46.5481 -176.617 -24.2352
vn 0.0552767 -0.0400629 0.997667
v 46.6056 -176.527 -24.2879
vn 0.976771 0.00695171 0.214173
v 46.6102 -176.71 -24.2928
vn 0.995789 0.0406499 0.0821748
v 46.6256 -176.894 -24.2724
vn 0.898662 0.436181 0.0463908
v 46.6166 -176.802 -24.2889
vn 0.992575 0.0921499 0.0793917
v 46.5489 -176.71 -24.2356
vn 0.0520689 0.0413519 0.997787
v 46.6046 -176.779 -24.2591
vn 0.834543 0.115062 0.538794
v 46.6124 -176.897 -24.2364
vn 0.663669 0.439133 0.605562
v 46.5773 -176.756 -24.2375
vn 0.395946 0.0942613 0.913423
v 46.645 -176.942 -24.7524
vn 0.486962 0.872226 -0.0457198
v 46.6344 -176.926 -24.7537
vn 0.947892 0.318578 0.00291582
v 46.65 -176.957 -25.2319
vn 0.960383 0.278171 -0.0169032
v 46.6513 -176.965 -25.2466
vn 0.816889 0.551703 -0.168273
v 46.6295 -176.969 -25.2911
vn 0.5731 0.498347 -0.650544
v 46.0976 -176.541 -24.2312
vn -0.00562662 -0.0916251 0.995778
v 46.0854 -176.637 -24.2401
vn -0.00771369 -0.0628051 0.997996
v 46.0731 -176.731 -24.2413
vn -0.0123936 0.0174799 0.99977
v 46.0606 -176.827 -24.235
vn -0.0169686 0.0953478 0.995299
v 46.6024 -176.775 -25.2069
vn 0.457738 0.379916 -0.803828
v 46.6002 -176.577 -25.1223
vn 0.606548 0.320088 -0.727766
v 46.6181 -176.774 -25.1919
vn 0.734416 0.313563 -0.601923
v 46.6222 -176.581 -25.0805
vn 0.990085 0.0899739 -0.107872
v 46.6321 -176.771 -25.1467
vn 0.996581 0.0798996 -0.0210175
v 46.6287 -176.772 -25.171
vn 0.93006 0.20025 -0.308039
v 46.6203 -176.579 -25.0923
vn 0.953841 0.148967 -0.260761
v 46.6182 -176.579 -25.098
vn 0.913001 0.187524 -0.362303
v 46.5751 -176.576 -25.1343
vn 0.147216 0.371665 -0.91662
v 46.614 -176.578 -25.106
vn 0.855689 0.226372 -0.465351
v 46.6089 -176.578 -25.1136
vn 0.756307 0.273725 -0.5942
v 46.5869 -176.576 -25.1301
vn 0.372831 0.359381 -0.855478
v 46.6047 -176.577 -25.1181
vn 0.706567 0.292042 -0.644573
v 46.5781 -176.576 -25.1335
vn 0.224062 0.371177 -0.901124
v 46.5952 -176.576 -25.1259
vn 0.531728 0.336095 -0.777371
v 46.6188 -176.745 -24.7163
vn 0.998147 0.0569424 0.0214302
v 46.6122 -176.565 -24.679
vn 0.999247 0.0314297 0.0227316
v 46.0566 -177.092 -24.8344
vn 0.9926 -0.121077 0.00922988
v 46.0804 -176.906 -25.246
vn 0.9933 -0.115446 0.00526895
v 46.0979 -176.753 -25.1797
vn 0.993113 -0.117132 0.002721
v 46.0721 -176.942 -25.9409
vn 0.986928 -0.118903 -0.108786
v 46.0622 -177.046 -25.8221
vn 0.994106 -0.107886 -0.0107076
v 46.0561 -176.918 -23.7488
vn 0.982313 -0.154755 0.105416
v 46.0455 -176.993 -23.7579
vn 0.925599 -0.30912 0.21843
v 46.0616 -177.053 -25.8005
vn 0.992603 -0.12127 -0.00580201
v 46.1173 -176.564 -24.4516
vn 0.991137 -0.132527 0.00914084
v 46.1187 -176.538 -24.2511
vn 0.991516 -0.129605 0.00988411
v 46.1091 -176.612 -24.2587
vn 0.99151 -0.129715 0.0090205
v 46.0547 -177.129 -25.3738
vn 0.97516 -0.221453 0.00459838
v 46.0667 -177.027 -25.3157
vn 0.993092 -0.117283 0.00374506
v 46.0593 -176.945 -23.9767
vn 0.989351 -0.142858 0.0278699
v 46.0527 -177.05 -24.2954
vn 0.974225 -0.223514 0.0304382
v 46.0633 -176.957 -24.2075
vn 0.990846 -0.1335 0.0200313
v 46.1159 -176.597 -25.1198
vn 0.993388 -0.114803 0.000568694
v 46.1159 -176.596 -24.9165
vn 0.992975 -0.118302 0.00210696
v 46.0684 -177.012 -25.297
vn 0.993345 -0.115056 0.00535268
v 46.0653 -176.946 -24.2296
vn 0.990633 -0.135291 0.0184913
v 46.0684 -176.924 -24.2411
vn 0.991125 -0.131755 0.0176371
v 46.1164 -176.585 -24.6837
vn 0.992636 -0.120889 0.00775108
v 46.0969 -176.707 -24.2617
vn 0.991705 -0.128237 0.00875538
v 46.0827 -176.816 -24.2561
vn 0.992275 -0.123369 0.0130845
v 46.0597 -176.918 -25.9711
vn 0.60375 -0.157653 -0.781429
v 46.0445 -177.065 -24.2941
vn 0.735341 -0.673963 0.0710501
v 46.0371 -177.007 -23.7561
vn 0.691925 -0.711085 0.124893
v 46.0342 -177.152 -25.3725
vn 0.306945 -0.950557 0.0471873
v 46.0528 -177.104 -24.8337
vn 0.890945 -0.452838 0.0339782
v 46.0275 -177.119 -24.8326
vn 0.0758594 -0.994426 0.0732243
v 46.0498 -177.14 -25.3733
vn 0.792097 -0.609839 0.0260638
v 46.0413 -177.115 -24.8328
vn 0.500831 -0.863203 0.0636335
v 46.0169 -177.013 -23.7444
vn 0.876421 -0.449031 0.173946
v 46.017 -177.012 -23.7421
vn 0.876421 -0.449031 0.173946
v 46.017 -177.015 -23.7469
vn -1 0 0
v 46.017 -177.013 -23.7447
vn -1 0 0
v 46.017 -177.015 -23.7474
vn -1 0 0
v 46.017 -177.014 -23.7464
vn -1 0 0
v 46.0171 -177.016 -23.7502
vn -0.994811 -0.101742 0
v 46.017 -177.015 -23.748
vn -0.994811 -0.101742 0
v 46.017 -177.016 -23.7506
vn -0.952052 -0.280255 0.122699
v 46.017 -177.015 -23.7487
vn -0.952052 -0.280255 0.122699
v 46.0171 -177.016 -23.7529
vn 0 -1 0
v 46.017 -177.016 -23.7506
vn 0 -1 0
v 46.0171 -177.016 -23.7531
vn 0 -1 0
v 46.017 -177.016 -23.751
vn 0 -1 0
v 46.0168 -177.01 -23.74
vn 0.0378726 -0.695767 0.717269
v 46.0616 -177.053 -25.7965
vn 0 0.256458 -0.966555
v 46.6042 -177.027 -25.7896
vn 0 0.256458 -0.966555
v 46.6067 -177.013 -25.5505
vn 0.0500787 -0.997456 0.0507343
v 46.595 -177.003 -25.318
vn -0.0355515 -0.983286 0.178562
v 46.0664 -177.03 -25.3288
vn 0.046513 -0.967871 0.247108
v 46.0646 -177.041 -25.564
vn 0.0492075 -0.99745 0.0516986
v 46.9363 -177.01 -25.7854
vn 0.379397 -0.920715 0.0913286
v 46.0616 -177.053 -25.7965
vn 0.0471485 -0.997593 0.0508515
v 46.0562 -176.92 -23.7524
vn 0.0507579 -0.980113 0.191838
v 46.6023 -176.891 -23.7474
vn 0.0493519 -0.992161 0.114808
v 46.8385 -176.875 -23.7361
vn 0.071189 -0.929231 0.362576
v 46.6023 -176.882 -23.7269
vn 0.0375696 -0.820576 0.570301
v 46.0542 -176.911 -23.7335
vn 0.0393678 -0.85617 0.515192
v 46.6051 -176.989 -25.2933
vn -0.0977342 -0.576087 0.811525
v 46.0683 -177.012 -25.2984
vn 0.0202696 -0.584579 0.811083
v 46.0562 -176.92 -23.7541
vn 0.0513062 -0.992359 0.112207
v 46.0593 -176.945 -23.9767
vn 0.0516697 -0.994356 0.0926616
v 46.5863 -176.929 -24.2
vn 0.0291535 -0.998005 -0.0559964
v 46.6032 -176.918 -23.9925
vn 0.0526055 -0.995883 0.0738156
v 46.0631 -176.957 -24.2003
vn 0.0547365 -0.99313 -0.103423
v 46.0631 -176.957 -24.2003
vn 0.051097 -0.997213 0.0543565
v 46.0684 -176.924 -24.2411
vn 0.0229097 -0.201362 -0.979249
v 46.5671 -176.901 -24.2336
vn -0.0810811 -0.234125 -0.96882
v 46.5782 -176.923 -24.2191
vn -0.271375 -0.596283 -0.755514
v 46.0642 -176.952 -24.2202
vn 0.0535958 -0.89054 -0.451736
v 46.0661 -176.94 -24.2337
vn 0.0400687 -0.550153 -0.834102
v 46.5777 -176.835 -25.2193
vn 0.00841147 -0.411671 0.911294
v 46.5667 -176.685 -25.1553
vn 0.00268259 -0.368598 0.929585
v 46.0804 -176.906 -25.246
vn 0.0107556 -0.422227 0.906426
v 46.5649 -176.583 -25.1166
vn 0.00430534 -0.354865 0.934908
v 46.1159 -176.597 -25.1198
vn 0.00408125 -0.351075 0.936339
v 46.1039 -176.701 -25.1586
vn 0.00675861 -0.378073 0.925751
v 46.0621 -177.046 -25.8213
vn 0.0483543 -0.856937 -0.513148
v 46.604 -177.017 -25.819
vn 0.0481113 -0.832056 -0.552602
v 46.0616 -177.053 -25.8005
vn 0.0493683 -0.994858 -0.0884321
v 46.9287 -177.009 -25.7991
vn 0.101406 -0.961812 -0.254234
v 46.8849 -176.55 -23.4377
vn 0.252201 -0.363677 0.896735
v 46.8833 -176.44 -23.3985
vn 0.127637 -0.328707 0.935767
v 46.5996 -176.453 -23.3998
vn 0.00736211 -0.330835 0.94366
v 46.5984 -176.57 -23.441
vn 0.0106453 -0.391335 0.920187
v 46.6003 -176.687 -23.4996
vn 0.026544 -0.633236 0.773503
v 46.8696 -176.664 -23.4897
vn 0.0989662 -0.586732 0.803711
v 46.8391 -176.868 -23.7229
vn 0.0564363 -0.816718 0.574271
v 46.6325 -176.927 -24.2271
vn 0.00834167 0.0861497 -0.996247
v 46.8032 -176.918 -24.2249
vn 0.00834167 0.0861497 -0.996247
v 46.6325 -176.927 -24.2271
vn -0.192505 -0.980262 0.0450359
v 46.8262 -176.894 -23.8638
vn 0.163335 -0.981761 0.0972945
v 46.819 -176.905 -23.9838
vn 0.0908108 -0.993711 0.0655107
v 46.8032 -176.918 -24.2249
vn 0.111136 -0.991952 0.0606696
v 46.8032 -176.918 -24.2249
vn 0.0600306 -0.996971 0.0494503
v 46.6638 -176.996 -25.259
vn -0.0542865 -0.995645 0.0757879
v 46.8271 -176.99 -25.297
vn 0.143611 -0.987439 0.0658771
v 46.801 -176.939 -24.4929
vn 0.0674022 -0.995393 0.0681821
v 46.6499 -176.964 -24.7508
vn -0.144934 -0.987472 0.0623973
v 46.8122 -176.975 -25.0338
vn 0.298974 -0.951545 0.0719509
v 46.6034 -176.854 -26.0089
vn 0 -0.249757 0.968308
v 46.9853 -176.835 -26.004
vn 0 -0.249757 0.968308
v 46.6027 -176.854 -26.0089
vn 0.0483337 -0.758932 -0.649374
v 46.9315 -177.001 -25.814
vn 0.113691 -0.786522 -0.607008
v 46.9915 -176.835 -26.0024
vn 0.276266 -0.735745 -0.618349
v 46.8771 -176.999 -25.5399
vn 0.120747 -0.990514 0.0655962
v 46.9587 -176.426 -23.4337
vn 0.339302 -0.315061 0.886347
v 46.8928 -176.439 -23.4004
vn 0.473811 -0.300041 0.827937
v 46.8861 -176.668 -23.4985
vn 0.449081 -0.586927 0.673679
v 46.9509 -176.635 -23.5189
vn 0.173878 -0.655535 0.734874
v 46.8543 -176.866 -23.7246
vn 0.339926 -0.787994 0.513338
v 46.9205 -176.834 -23.7489
vn 0.205074 -0.861482 0.464535
v 46.8557 -176.873 -23.7429
vn 0.348132 -0.925011 0.152181
v 46.8352 -176.9 -23.9852
vn 0.467052 -0.883283 0.0409091
v 46.9014 -176.855 -23.8736
vn 0.472869 -0.87908 0.0601024
v 46.8174 -176.915 -24.2249
vn 0.419599 -0.906062 0.0546686
v 46.8879 -176.874 -24.2256
vn 0.332935 -0.941472 0.0527674
v 46.9034 -176.861 -23.9915
vn 0.284962 -0.957434 0.0460032
v 46.9003 -176.947 -25.2726
vn 0.434056 -0.894729 0.105143
v 46.8878 -176.943 -25.1643
vn 0.511944 -0.855104 0.0819174
v 46.8258 -176.969 -25.0293
vn 0.487111 -0.870836 0.0660864
v 46.8878 -176.943 -25.1643
vn 0.460601 -0.885048 0.0673533
v 47.0387 -176.857 -25.9192
vn 0.455241 -0.733221 -0.505116
v 47.0135 -176.96 -25.7974
vn 0.453765 -0.759379 -0.466305
v 46.9499 -176.998 -25.8113
vn 0.415438 -0.778385 -0.470668
v 47.0143 -176.967 -25.7759
vn 0.257702 -0.96617 -0.0102319
v 46.9582 -176.955 -25.5351
vn 0.365092 -0.923617 0.116785
v 46.6011 -176.649 -26.0282
vn 0.0108714 0.0132117 -0.999854
v 47.0134 -176.63 -26.0233
vn 0.0111854 0.0151268 -0.999823
v 47.0032 -176.715 -26.0247
vn 0.125857 -0.0305776 -0.991577
v 46.9868 -176.811 -26.0177
vn 0.0583442 -0.21369 -0.975158
v 46.603 -176.827 -26.0235
vn 0.0149886 -0.160201 -0.986971
v 46.6037 -176.747 -26.0293
vn 0.0141506 -0.04009 -0.999096
v 47.1101 -176.936 -25.3044
vn 0.0503591 -0.997102 0.0570182
v 46.9365 -176.948 -25.3868
vn 0.0870046 -0.994493 0.0584356
v 47.2132 -176.955 -25.7714
vn 0.0502118 -0.998513 -0.0212466
v 47.1452 -176.941 -25.4677
vn 0.0512353 -0.997313 0.0523548
v 47.2181 -176.948 -25.7914
vn 0.0486601 -0.876484 -0.478966
v 47.0265 -176.957 -25.7959
vn 0.0985942 -0.824101 -0.557796
v 47.2624 -176.801 -25.9621
vn 0.0415675 -0.6436 -0.764232
v 47.1614 -176.421 -23.4358
vn 0.00681601 -0.305944 0.952025
v 46.9701 -176.425 -23.4357
vn 0.00650966 -0.287275 0.957826
v 46.9619 -176.529 -23.4712
vn 0.177158 -0.37153 0.911362
v 47.154 -176.618 -23.5148
vn 0.0168215 -0.504384 0.863316
v 47.1585 -176.522 -23.4705
vn 0.00878407 -0.372482 0.927998
v 46.9649 -176.425 -23.4354
vn 0.0315459 -0.326131 0.944798
v 47.1256 -176.818 -23.742
vn 0.0419523 -0.865701 0.4988
v 47.1524 -176.633 -23.5284
vn 0.0326468 -0.731286 0.681289
v 47.1237 -176.824 -23.7582
vn 0.0541099 -0.984746 0.165372
v 46.9199 -176.849 -23.876
vn 0.15822 -0.982571 0.097571
v 47.0898 -176.862 -24.213
vn 0.0555852 -0.996694 0.0592514
v 47.1035 -176.849 -23.9764
vn 0.0578818 -0.99516 0.079407
v 46.8957 -176.903 -24.6278
vn 0.125909 -0.989441 0.0717829
v 47.1016 -176.931 -25.2259
vn 0.0533955 -0.996853 0.0585951
v 46.9016 -176.93 -25.0302
vn 0.0804349 -0.9947 0.0640545
v 47.094 -176.921 -25.0439
vn 0.053006 -0.996584 0.0633334
v 47.0876 -176.891 -24.6035
vn 0.0526435 -0.996005 0.0721278
v 47.0694 -176.707 -25.9886
vn 0.497235 -0.0771569 -0.864179
v 47.0275 -176.629 -26.0199
vn 0.362433 -0.0279989 -0.931589
v 47.0081 -176.802 -26.0158
vn 0.407406 -0.365935 -0.836727
v 46.8602 -176.87 -23.7429
vn -0.350472 0.176584 -0.919776
v 46.9134 -176.84 -23.7573
vn -0.350472 0.176584 -0.919776
v 46.9137 -176.839 -23.7573
vn 0.320767 -0.0754794 0.944146
v 46.9179 -176.837 -23.7586
vn 0.320767 -0.0754794 0.944146
v 46.8878 -176.943 -25.1643
vn 0.453041 0.891284 0.0191389
v 46.9003 -176.947 -25.2726
vn 0.453041 0.891284 0.0191389
v 47.0125 -176.959 -25.7998
vn 0.0905137 -0.767066 -0.635151
v 47.0166 -176.957 -25.7996
vn 0.947129 -0.319761 -0.0264539
v 47.0396 -176.882 -25.8827
vn 0.947129 -0.319761 -0.0264539
v 46.6033 -176.849 -26.0132
vn 0.0422745 -0.643985 -0.763869
v 47.0182 -176.63 -26.0229
vn 0.0814238 0.00676065 -0.996657
v 47.0254 -176.629 -26.0213
vn 0 -1 0
v 47.0289 -176.629 -26.0201
vn 0 -1 0
v 46.9433 -177.003 -25.8078
vn 0.839037 0.0163821 -0.543828
v 46.941 -177.001 -25.8113
vn 0.839037 0.0163821 -0.543828
v 46.8381 -176.874 -23.7334
vn 0.998613 -0.0234035 0.0471643
v 46.8382 -176.876 -23.7362
vn 0.998613 -0.0234035 0.0471643
v 46.838 -176.873 -23.731
vn 0.997637 -0.0305374 0.0615409
v 46.8381 -176.874 -23.7334
vn 0.997637 -0.0305374 0.0615409
v 46.5557 -176.804 -24.2489
vn -0.0841605 -0.125464 -0.988522
v 46.5878 -176.676 -24.2916
vn -0.988577 -0.0420088 -0.144745
v 46.5704 -176.524 -24.2577
vn -0.638774 0.03815 -0.768448
v 46.5854 -176.527 -24.2881
vn -0.980492 0.00561545 -0.19648
v 46.5449 -176.522 -24.2473
vn -0.272442 0.0812424 -0.958736
v 46.5456 -176.616 -24.2553
vn -0.0575396 0.0406264 -0.997516
v 46.6046 -176.898 -24.2673
vn -0.963268 -0.225509 -0.145808
v 46.5859 -176.758 -24.2707
vn -0.83415 -0.0910415 -0.543971
v 46.5703 -176.758 -24.2566
vn -0.495591 -0.0962265 -0.863209
v 46.5492 -176.711 -24.2557
vn -0.0288971 -0.0425076 -0.998678
v 46.6147 -176.931 -24.7538
vn -0.984711 -0.173648 -0.0138052
v 46.6304 -176.97 -25.2514
vn -0.871498 -0.411427 0.26687
v 46.6267 -176.954 -24.752
vn -0.740594 -0.671454 0.025872
v 46.6406 -176.982 -25.2309
vn -0.651937 -0.756911 0.0454324
v 46.6164 -176.918 -24.2737
vn -0.563532 -0.81871 -0.110213
v 46.1091 -176.612 -24.2587
vn 0.00740873 0.0697416 -0.997538
v 46.1187 -176.538 -24.2511
vn 0.00506495 0.101492 -0.994823
v 46.0969 -176.707 -24.2617
vn 0.0114927 -0.00857772 -0.999897
v 46.0827 -176.816 -24.2561
vn 0.0161473 -0.0895916 -0.995848
v 46.6021 -176.78 -25.1801
vn -0.768085 -0.300786 0.565308
v 46.6119 -176.773 -25.1508
vn -0.994122 -0.0938619 0.0539544
v 46.6028 -176.582 -25.0763
vn -0.995313 -0.0721894 0.0643481
v 46.5732 -176.785 -25.197
vn 0.575067 -0.291357 0.764466
v 46.5822 -176.884 -25.2415
vn 0.575067 -0.291357 0.764466
v 46.5649 -176.583 -25.1166
vn 0.597734 -0.275134 0.753004
v 46.5667 -176.685 -25.1553
vn 0.597734 -0.275134 0.753004
v 46.579 -176.785 -25.1959
vn -0.166621 -0.402278 0.900228
v 46.5728 -176.583 -25.1142
vn -0.292433 -0.366745 0.883165
v 46.5978 -176.582 -25.0943
vn -0.901851 -0.196483 0.384785
v 46.5986 -176.746 -24.7168
vn -0.998149 -0.0569128 -0.0214267
v 46.592 -176.565 -24.6794
vn -0.999253 -0.0312455 -0.0227289
v 47.1237 -176.802 -23.7568
vn 0.993961 0.00883892 -0.109377
v 47.1237 -176.824 -23.7582
vn 0.994004 0.00465611 -0.109247
v 47.1035 -176.849 -23.9764
vn 0.997498 0.00712682 -0.0703352
v 47.0898 -176.862 -24.213
vn 0.999398 0.00952036 -0.0333513
v 47.0896 -176.841 -24.2134
vn 0.999311 0.00913927 -0.0359588
v 47.1032 -176.829 -23.9788
vn 0.996635 0.00788616 -0.081587
v 47.1524 -176.633 -23.5284
vn 0.994104 -0.0192467 -0.106708
v 47.1511 -176.614 -23.5361
vn 0.991609 0.00849002 -0.128996
v 47.1535 -176.624 -23.5194
vn 0.991508 0.0099523 -0.129663
v 47.1594 -176.411 -23.4537
vn 0.995265 0.0143442 -0.0961364
v 47.1585 -176.522 -23.4705
vn 0.993946 0.00842077 -0.109549
v 47.2668 -176.777 -25.9761
vn 0.952424 0.0067265 0.304702
v 47.2588 -176.784 -25.9508
vn 0.955981 0.00818496 0.293314
v 47.2124 -176.935 -25.7686
vn 0.97142 0.00789002 0.237235
v 47.2183 -176.947 -25.7923
vn 0.972101 -0.010705 0.234318
v 47.2661 -176.62 -25.9782
vn 0.951923 0.00844552 0.30622
v 47.2602 -176.622 -25.9598
vn 0.951774 0.00837296 0.306687
v 47.2605 -176.771 -25.9567
vn 0.951779 0.00820049 0.306674
v 47.2624 -176.801 -25.9621
vn 0.961985 0.0247253 0.271981
v 47.2132 -176.955 -25.7714
vn 0.972433 0.00743109 0.233065
v 47.1094 -176.915 -25.3007
vn 0.982789 0.00766788 0.184571
v 47.1101 -176.936 -25.3044
vn 0.985677 0.00705587 0.168497
v 47.267 -176.62 -25.9791
vn 0.668462 0.00584695 0.743723
v 47.2688 -176.722 -25.9797
vn 0.640977 0.00556926 0.76754
v 47.096 -176.905 -25.1195
vn 0.998332 0.00671632 0.0573429
v 47.0961 -176.925 -25.119
vn 0.999115 0.00621728 0.0416074
v 47.0918 -176.916 -24.9688
vn 0.99967 0.00837835 0.0242738
v 47.096 -176.905 -25.1195
vn 0.999566 0.0076934 0.0284195
v 47.0916 -176.895 -24.9688
vn 0.999546 0.00962499 0.0285599
v 47.089 -176.905 -24.8076
vn 0.999881 0.00639228 0.014015
v 47.0916 -176.895 -24.9688
vn 0.999837 0.00718724 0.0165585
v 47.0889 -176.885 -24.8072
vn 0.999855 0.00462895 0.0164001
v 47.0875 -176.894 -24.6443
vn 0.99996 0.00880594 0.0018091
v 47.0889 -176.885 -24.8072
vn 0.999934 0.00713021 0.00898773
v 47.0873 -176.873 -24.6437
vn 0.999915 0.00936782 0.00911123
v 47.0873 -176.873 -24.6437
vn 0.999951 0.00962784 -0.00233088
v 27.7375 -177.014 -23.7487
vn -5.00374e-05 -0.917497 0.397743
v 28.5545 -177.074 -25.2863
vn 0.109839 0.0862949 -0.990196
v 28.5527 -177.234 -25.2752
vn 0.138413 -0.142402 -0.980083
v 28.0731 -177.236 -25.2746
vn -0.0945419 -0.16603 -0.981578
v 28.0731 -177.072 -25.2862
vn -0.0919714 0.00598303 -0.995744
v 28.558 -176.995 -24.1887
vn 0.99082 0.13171 0.0304619
v 28.558 -177.16 -24.1778
vn 0.987762 -0.119564 0.100153
v 28.5584 -177.233 -25.2713
vn 0.986411 -0.127226 -0.103952
v 28.5584 -177.073 -25.2806
vn 0.992187 0.0897407 -0.0866678
v 28.0728 -176.995 -24.1839
vn -0.0836001 0.246525 0.965524
v 28.0726 -177.159 -24.1726
vn -0.0787259 -0.0382326 0.996163
v 28.5526 -177.157 -24.1722
vn 0.14453 -0.00427796 0.989491
v 28.5525 -176.996 -24.1834
vn 0.149575 0.159749 0.97576
v 28.0685 -177.07 -25.2809
vn -0.989866 0.107748 -0.0924926
v 28.0686 -177.235 -25.2706
vn -0.989365 -0.112878 -0.0917411
v 28.0681 -177.159 -24.1779
vn -0.989056 -0.125552 0.077497
v 28.0684 -176.994 -24.1894
vn -0.984037 0.159723 0.0784822
v 28.5527 -177.067 -25.281
vn 0.0277268 0.975783 -0.216977
v 28.0696 -177.068 -25.281
vn -0.0710863 0.98407 -0.162952
v 28.0719 -176.991 -24.1896
vn -0.137045 0.987979 0.071524
v 28.5553 -176.991 -24.1895
vn 0.174469 0.971573 0.160019
v 28.072 -177.163 -24.1776
vn -0.0939293 -0.990843 0.0969889
v 28.0712 -177.239 -25.2691
vn -0.253336 -0.967367 0.00474126
v 28.5544 -177.163 -24.1775
vn 0.113365 -0.988449 0.10058
v 28.5569 -177.239 -25.2691
vn 0.363837 -0.930575 -0.040662
v 29.4616 -176.995 -24.1872
vn 0.6744 0.112893 0.729685
v 29.4616 -177.16 -24.1758
vn 0.664146 -0.0939438 0.741677
v 30.2306 -177.211 -24.9508
vn 0.618369 -0.0481476 0.784412
v 30.2306 -177.049 -24.9627
vn 0.654339 0.147243 0.741728
v 28.8937 -176.993 -24.1839
vn -0.0945521 0.176833 0.979689
v 28.8937 -177.158 -24.1721
vn -0.06201 -0.0360766 0.997423
v 29.4526 -177.156 -24.1721
vn 0.0520186 -0.0282096 0.998248
v 29.4553 -176.996 -24.1835
vn 0.0717467 0.185038 0.980109
v 28.8884 -177.07 -25.2807
vn -0.990836 0.101272 -0.0893792
v 28.8885 -177.235 -25.2705
vn -0.988289 -0.118256 -0.0964361
v 28.8881 -177.158 -24.177
vn -0.993005 -0.0884145 0.0782539
v 28.888 -176.995 -24.1892
vn -0.983512 0.167033 0.0693098
v 29.3309 -177.074 -25.2863
vn 0.103943 0.0146645 -0.994475
v 29.3309 -177.236 -25.2746
vn 0.0805822 -0.208283 -0.974743
v 28.8938 -177.234 -25.2751
vn -0.08716 -0.186125 -0.978652
v 28.8926 -177.073 -25.286
vn -0.0738977 0.037692 -0.996553
v 29.3267 -177.015 -24.4763
vn 0.995476 0.0646732 -0.0695982
v 29.327 -177.179 -24.4654
vn 0.987979 -0.141196 -0.0629306
v 29.3366 -177.233 -25.2693
vn 0.994434 -0.0776238 -0.0712376
v 29.3366 -177.073 -25.2805
vn 0.993715 0.0898083 -0.0668133
v 30.1592 -177.073 -25.2822
vn -0.671534 0.00390224 -0.740963
v 30.1605 -177.235 -25.2716
vn -0.665859 -0.1463 -0.731593
v 29.331 -177.178 -24.4639
vn -0.627169 -0.160803 -0.762104
v 29.3304 -177.014 -24.4743
vn -0.647847 0.116956 -0.752739
v 30.6702 -177.073 -25.2861
vn 0.125816 -0.00480239 -0.992042
v 30.6715 -177.235 -25.2744
vn 0.0728029 -0.150461 -0.985932
v 30.1691 -177.233 -25.275
vn -0.0445158 -0.154644 -0.986967
v 30.168 -177.07 -25.286
vn -0.0624226 0.0201446 -0.997846
v 30.6758 -176.995 -24.188
vn 0.987852 0.133065 0.0802683
v 30.6759 -177.157 -24.1777
vn 0.987576 -0.13146 0.0860899
v 30.676 -177.233 -25.2692
vn 0.993855 -0.0881405 -0.0669627
v 30.6757 -177.071 -25.281
vn 0.995102 0.0744598 -0.0650253
v 30.2322 -176.993 -24.1838
vn -0.10812 0.146136 0.983338
v 30.233 -177.156 -24.172
vn -0.103918 -0.0257227 0.994253
v 30.6701 -177.156 -24.172
vn 0.0832295 0.00847568 0.996494
v 30.671 -176.995 -24.1833
vn 0.0725763 0.17789 0.98137
v 30.234 -177.049 -24.9601
vn -0.991503 0.112134 0.0659319
v 30.2343 -177.214 -24.9495
vn -0.991952 -0.0927669 0.0861678
v 30.2273 -177.157 -24.1777
vn -0.984949 -0.149305 0.0870812
v 30.2273 -176.997 -24.1889
vn -0.989074 0.121868 0.0829472
v 28.8937 -176.991 -24.1895
vn -0.131528 0.991307 -0.00319045
v 29.4584 -176.991 -24.1888
vn 0.204612 0.954851 0.215393
v 30.2399 -177.046 -24.9798
vn -0.0315846 0.999419 -0.0128397
v 30.2309 -176.991 -24.1869
vn -0.244967 0.968867 -0.0358826
v 30.6736 -176.991 -24.1893
vn 0.25375 0.967231 0.00865252
v 30.6721 -177.067 -25.2808
vn 0.0999866 0.981292 -0.164526
v 30.1647 -177.067 -25.2811
vn -0.0432595 0.98768 -0.15039
v 29.324 -177.01 -24.4633
vn 0.0206193 0.991368 -0.129476
v 28.8938 -177.067 -25.281
vn -0.0771102 0.990952 -0.109855
v 29.3327 -177.067 -25.2809
vn 0.115758 0.952457 -0.281827
v 28.8912 -177.239 -25.269
vn -0.284373 -0.958569 -0.016637
v 29.3344 -177.239 -25.269
vn 0.158589 -0.985871 -0.0539345
v 29.3254 -177.182 -24.4538
vn 0.0355272 -0.999228 -0.0167864
v 30.1652 -177.239 -25.27
vn -0.230121 -0.947579 -0.221671
v 30.6721 -177.239 -25.2688
vn 0.0871846 -0.995336 -0.0412822
v 30.6734 -177.162 -24.1752
vn 0.0463482 -0.963355 0.264196
v 30.2375 -177.217 -24.962
vn -0.00854507 -0.992116 0.125033
v 29.4559 -177.163 -24.1774
vn 0.043737 -0.972878 0.227146
v 28.8919 -177.163 -24.1775
vn -0.103634 -0.990497 0.09042
v 30.2295 -177.162 -24.1753
vn -0.0856224 -0.962409 0.257755
v 31.4956 -177.072 -25.286
vn 0.100437 0.0196451 -0.994749
v 31.4964 -177.236 -25.2743
vn 0.0762992 -0.151044 -0.985578
v 31.0169 -177.233 -25.2749
vn -0.060749 -0.166622 -0.984148
v 31.016 -177.07 -25.2859
vn -0.097924 0.0280765 -0.994798
v 31.5011 -177.041 -24.8474
vn 0.989873 0.124661 -0.0679099
v 31.501 -177.205 -24.8362
vn 0.992151 -0.108327 -0.0624586
v 31.501 -177.236 -25.2689
vn 0.991177 -0.0937922 -0.0936581
v 31.5014 -177.073 -25.2803
vn 0.993144 0.0870275 -0.0780405
v 32.271 -177.042 -24.8425
vn 0.101203 0.0291844 -0.994438
v 32.2712 -177.204 -24.8309
vn 0.0636758 -0.175529 -0.982413
v 31.5052 -177.202 -24.8314
vn 0.106438 -0.253835 -0.961373
v 31.5063 -177.039 -24.8424
vn 0.10544 0.0583731 -0.992711
v 32.2767 -177.028 -24.6452
vn 0.991105 0.0874123 0.100352
v 32.2763 -177.19 -24.6327
vn 0.990127 -0.101008 0.097186
v 32.2767 -177.202 -24.8255
vn 0.991223 -0.097711 -0.0890525
v 32.2764 -177.041 -24.8383
vn 0.996691 0.0510985 -0.0632074
v 31.507 -177.027 -24.6397
vn 0.107768 0.241492 0.9644
v 31.5063 -177.19 -24.6286
vn 0.0715979 -0.0270646 0.997066
v 32.271 -177.188 -24.6283
vn 0.105715 0.0034354 0.994391
v 32.2717 -177.025 -24.64
vn 0.0801063 0.15659 0.98441
v 31.501 -177.007 -24.3902
vn 0.986101 0.122531 -0.112213
v 31.5013 -177.174 -24.3787
vn 0.988844 -0.123963 -0.082584
v 31.501 -177.19 -24.6233
vn 0.990877 -0.0930413 0.0974971
v 31.5012 -177.024 -24.6375
vn 0.991447 0.110128 0.0700307
v 32.3254 -177.009 -24.3876
vn 0.0830832 0.0179665 -0.996381
v 32.3266 -177.172 -24.3758
vn 0.0840745 -0.179591 -0.980142
v 31.507 -177.171 -24.3764
vn 0.114771 -0.165537 -0.979502
v 31.5053 -177.007 -24.3874
vn 0.108642 0.101642 -0.988871
v 32.3311 -176.996 -24.1887
vn 0.992986 0.082282 0.084906
v 32.3307 -177.158 -24.1762
vn 0.989749 -0.0976865 0.104181
v 32.3311 -177.17 -24.3706
vn 0.990655 -0.13308 -0.02987
v 32.3307 -177.009 -24.3836
vn 0.993371 0.084583 -0.0778385
v 31.0167 -176.996 -24.1831
vn -0.100765 0.162206 0.981598
v 31.0167 -177.156 -24.1719
vn -0.0801012 -0.0189396 0.996607
v 32.3254 -177.157 -24.1718
vn 0.0908878 -0.0669207 0.99361
v 32.3254 -176.995 -24.1831
vn 0.0736766 0.177844 0.981297
v 31.0111 -177.073 -25.2803
vn -0.989246 0.107345 -0.0993437
v 31.0112 -177.235 -25.269
vn -0.983373 -0.15876 -0.0881647
v 31.011 -177.157 -24.1776
vn -0.986748 -0.124021 0.104625
v 31.011 -176.997 -24.1888
vn -0.987494 0.128265 0.0916769
v 31.4956 -177.036 -24.8372
vn 0.11418 0.984473 -0.133325
v 31.4983 -177.067 -25.2816
vn 0.16031 0.97677 -0.142203
v 31.015 -177.067 -25.2807
vn -0.109452 0.983526 -0.143867
v 31.015 -176.991 -24.1867
vn -0.220891 0.975297 -0.00187375
v 32.3289 -176.991 -24.1891
vn 0.0257819 0.998759 -0.0426141
v 32.3263 -177.004 -24.3831
vn 0.053856 0.985347 -0.161837
v 31.4955 -177.004 -24.3823
vn 0.0358665 0.997259 -0.0647195
v 31.4993 -177.023 -24.642
vn 0.0191654 0.999422 -0.0280876
v 32.2748 -177.023 -24.6432
vn 0.0192467 0.999727 -0.0132556
v 32.271 -177.208 -24.8251
vn 0.0909203 -0.995387 0.0306268
v 32.2719 -177.194 -24.6319
vn 0.063384 -0.991215 0.116087
v 31.5006 -177.193 -24.6312
vn 0.131651 -0.958365 0.253388
v 31.4955 -177.176 -24.3703
vn 0.108003 -0.993602 0.0330202
v 32.3282 -177.162 -24.1745
vn 0.0630407 -0.93249 0.355652
v 31.014 -177.162 -24.1752
vn -0.0591163 -0.959555 0.275245
v 31.0151 -177.239 -25.2688
vn -0.108397 -0.99409 0.00587285
v 31.4965 -177.208 -24.827
vn 0.0867847 -0.996225 0.00212412
v 32.273 -177.037 -24.8412
vn 0.148972 0.979814 -0.133311
v 32.3286 -177.175 -24.3739
vn 0.0861297 -0.948396 -0.305168
v 31.4973 -177.238 -25.2737
vn 0.100971 -0.981845 -0.160576
v 33.8242 -177.014 -24.4364
vn -0.926889 0.0955795 0.362963
v 33.8241 -177.175 -24.4261
vn -0.91215 -0.059593 0.405501
v 33.9421 -177.158 -24.2049
vn -0.840648 -0.0247251 0.541018
v 33.9424 -176.997 -24.2158
vn -0.83068 0.117406 0.54423
v 33.8246 -177.012 -24.4418
vn -0.569034 0.0371493 -0.821474
v 33.8442 -177.176 -24.4435
vn -0.601938 -0.116493 -0.79
v 33.8794 -177.014 -24.4794
vn -0.641851 0.0542339 -0.764909
v 33.9092 -177.18 -24.4947
vn -0.705879 -0.113155 -0.699236
v 33.9399 -177.018 -24.5401
vn -0.760803 0.0575589 -0.646425
v 33.9459 -177.183 -24.537
vn -0.810639 -0.109149 -0.575283
v 33.9795 -177.024 -24.6064
vn -0.905176 0.0855174 -0.416345
v 33.9758 -177.188 -24.5856
vn -0.881636 -0.128421 -0.454121
v 33.9948 -177.191 -24.6348
vn -0.946379 -0.13168 -0.295004
v 33.9987 -177.028 -24.6623
vn -0.969993 0.0694456 -0.233004
v 34.005 -177.195 -24.6864
vn -0.986569 -0.100028 -0.129136
v 34.0061 -177.032 -24.7178
vn -0.992276 0.121519 -0.0249305
v 34.0033 -177.198 -24.7682
vn -0.98624 -0.13673 0.0929321
v 34.0033 -177.036 -24.7796
vn -0.9774 0.169739 0.126004
v 33.9853 -177.04 -24.8478
vn -0.927274 0.171791 0.332641
v 33.9934 -177.203 -24.8144
vn -0.951261 -0.129002 0.280109
v 33.9657 -177.205 -24.8787
vn -0.859415 -0.0756726 0.505647
v 33.9401 -177.046 -24.9297
vn -0.792412 0.154517 0.590091
v 33.9082 -177.213 -24.9544
vn -0.697684 -0.0452065 0.714978
v 33.8905 -177.052 -24.9828
vn -0.646349 0.210606 0.733401
v 33.8265 -177.053 -25.0275
vn -0.500864 0.180267 0.846545
v 33.8264 -177.215 -25.016
vn -0.497006 -0.0898376 0.863084
v 33.7219 -177.057 -25.0726
vn -0.298722 0.207575 0.931492
v 33.722 -177.221 -25.0613
vn -0.297253 -0.035622 0.954134
v 33.6297 -177.058 -25.0952
vn -0.116327 0.20145 0.972567
v 33.6297 -177.222 -25.0835
vn -0.123969 -0.111444 0.986008
v 33.5612 -177.14 -25.0974
vn -0.077303 0.0696837 0.994569
v 33.4736 -177.057 -25.1061
vn -0.0577538 0.165129 0.98458
v 33.4668 -177.223 -25.0946
vn -0.0426448 -0.00901916 0.99905
v 33.3639 -177.073 -25.2965
vn -0.90822 0.127696 0.398536
v 33.3638 -177.236 -25.2861
vn -0.909713 -0.062948 0.410439
v 33.4641 -177.221 -25.0982
vn -0.841297 -0.0349039 0.539445
v 33.4651 -177.06 -25.1081
vn -0.832012 0.139994 0.536804
v 33.462 -177.074 -25.3038
vn 0.00770448 0.0921476 -0.995716
v 33.462 -177.234 -25.2926
vn 0.000545274 -0.21024 -0.97765
v 33.366 -177.234 -25.2905
vn -0.139009 -0.149006 -0.979017
v 33.3649 -177.072 -25.3013
vn -0.105399 0.0186105 -0.994256
v 33.6039 -177.074 -25.2999
vn 0.0538974 0.0436591 -0.997592
v 33.604 -177.236 -25.2883
vn 0.0571554 -0.199941 -0.97814
v 33.7381 -177.073 -25.2885
vn 0.111793 0.0326329 -0.993196
v 33.7381 -177.233 -25.2773
vn 0.117524 -0.199774 -0.972768
v 33.8638 -177.07 -25.2696
vn 0.179476 0.0429344 -0.982825
v 33.8639 -177.233 -25.2584
vn 0.178976 -0.22003 -0.958934
v 33.9807 -177.07 -25.2437
vn 0.249824 0.030628 -0.967807
v 33.9806 -177.232 -25.232
vn 0.255553 -0.166445 -0.952359
v 34.0877 -177.068 -25.2108
vn 0.330575 0.0467889 -0.942619
v 34.0877 -177.23 -25.1991
vn 0.332261 -0.197193 -0.922344
v 34.1845 -177.063 -25.171
vn 0.419232 0.0622562 -0.905742
v 34.1846 -177.226 -25.1598
vn 0.418449 -0.195712 -0.886903
v 34.2705 -177.062 -25.125
vn 0.516785 0.0664039 -0.853536
v 34.2705 -177.223 -25.1137
vn 0.515317 -0.201647 -0.832939
v 34.3449 -177.058 -25.0725
vn 0.622274 0.0759875 -0.779103
v 34.3447 -177.221 -25.0609
vn 0.631011 -0.157973 -0.759519
v 34.4072 -177.054 -25.0139
vn 0.73478 0.0583028 -0.675795
v 34.4069 -177.216 -25.0023
vn 0.733069 -0.183244 -0.655005
v 34.4564 -177.047 -24.9494
vn 0.83829 0.0792631 -0.539432
v 34.4564 -177.212 -24.9378
vn 0.842961 -0.136769 -0.520299
v 34.4925 -177.042 -24.8793
vn 0.921948 0.0888462 -0.376986
v 34.4925 -177.208 -24.8678
vn 0.923149 -0.139189 -0.358361
v 34.515 -177.039 -24.8036
vn 0.972444 0.126082 -0.196103
v 34.5148 -177.201 -24.7922
vn 0.978344 -0.114914 -0.172159
v 34.5225 -177.034 -24.7227
vn 0.990399 0.131269 -0.0433411
v 34.5222 -177.197 -24.7114
vn 0.992322 -0.122188 -0.0191566
v 34.5187 -177.028 -24.6711
vn 0.985006 0.119112 0.1248
v 34.5186 -177.193 -24.6596
vn 0.985881 -0.0771817 0.148599
v 34.4995 -177.024 -24.5959
vn 0.933474 0.15543 0.323215
v 34.4994 -177.186 -24.5846
vn 0.931597 -0.120946 0.342782
v 34.4501 -177.016 -24.5015
vn 0.820108 0.146482 0.553142
v 34.4658 -177.182 -24.5127
vn 0.847426 -0.115982 0.518091
v 34.4153 -177.178 -24.4456
vn 0.745331 -0.073119 0.662672
v 34.374 -177.012 -24.4146
vn 0.671262 0.176826 0.71982
v 34.3514 -177.174 -24.383
vn 0.6139 -0.0698775 0.786285
v 34.2998 -177.006 -24.3562
vn 0.558471 0.156807 0.814568
v 34.2708 -177.168 -24.3269
vn 0.516205 -0.0163791 0.856308
v 34.2094 -177.003 -24.3043
vn 0.451795 0.150232 0.879382
v 34.1416 -177.162 -24.262
vn 0.378251 -0.0841725 0.921868
v 34.0673 -176.999 -24.246
vn 0.32354 0.172248 0.930404
v 34.0285 -177.161 -24.2219
vn 0.27517 -0.0615509 0.959423
v 33.9478 -176.995 -24.2126
vn 0.157184 0.186648 0.969771
v 33.9474 -177.158 -24.2008
vn 0.11736 -0.00543761 0.993075
v 33.8258 -177.008 -24.4387
vn -0.0879085 0.990556 -0.105214
v 33.9448 -176.993 -24.2148
vn -0.00290791 0.999708 -0.0239791
v 34.1404 -176.997 -24.2765
vn 0.0210239 0.999622 -0.017695
v 33.9738 -177.018 -24.5869
vn -0.144015 0.98079 -0.13157
v 34.3206 -177.004 -24.3793
vn 0.0622646 0.998004 0.0105382
v 34.4679 -177.015 -24.5379
vn 0.153814 0.987986 0.0150019
v 34.0096 -177.029 -24.7335
vn -0.0617988 0.996346 -0.0589529
v 34.5149 -177.025 -24.6849
vn 0.183721 0.980757 -0.0660414
v 34.4996 -177.036 -24.8407
vn 0.0115371 0.997411 -0.0709762
v 34.4294 -177.046 -24.9801
vn 0.0910212 0.985093 -0.145967
v 33.9405 -177.042 -24.9309
vn -0.131262 0.991136 0.020482
v 34.2845 -177.055 -25.1081
vn 0.0827158 0.976899 -0.197045
v 34.0338 -177.063 -25.2262
vn 0.0513722 0.970768 -0.234458
v 33.8288 -177.049 -25.0317
vn -0.0431653 0.998896 0.0185228
v 33.8005 -177.067 -25.2755
vn 0.0209386 0.978018 -0.207466
v 33.6625 -177.053 -25.0941
vn -0.0308795 0.994966 0.0953384
v 33.3647 -177.068 -25.2988
vn -0.0528152 0.993386 -0.101956
v 33.4659 -177.055 -25.1109
vn -0.200482 0.973363 0.111226
v 33.4697 -177.227 -25.0994
vn -0.0301972 -0.99255 0.118035
v 33.3675 -177.24 -25.2866
vn -0.0232803 -0.999043 -0.0370209
v 33.6037 -177.239 -25.2848
vn 0.0105286 -0.995971 -0.0890522
v 34.2021 -177.229 -25.1441
vn 0.0200526 -0.99937 0.0292708
v 34.472 -177.213 -24.9011
vn 0.134871 -0.990857 0.00357473
v 34.5154 -177.201 -24.7386
vn 0.177259 -0.982827 0.0512781
v 34.4037 -177.18 -24.4366
vn 0.0472972 -0.9934 0.104494
v 33.9466 -177.164 -24.2036
vn -0.0102679 -0.978941 0.203887
v 33.8269 -177.179 -24.4285
vn -0.0551638 -0.998259 0.0208704
v 33.9305 -177.186 -24.5147
vn -0.0642698 -0.997792 0.0167735
v 34.1406 -177.168 -24.2639
vn 0.0586458 -0.974403 0.217023
v 34.275 -177.173 -24.3352
vn 0.0391481 -0.990515 0.131711
v 33.9978 -177.194 -24.6354
vn -0.0935587 -0.99511 0.0316787
v 34.495 -177.19 -24.5859
vn 0.148113 -0.981785 0.119003
v 33.9925 -177.206 -24.8011
vn -0.131818 -0.987199 0.0897923
v 34.3739 -177.221 -25.0293
vn 0.0853868 -0.996283 -0.0113423
v 33.901 -177.217 -24.9614
vn -0.0783017 -0.984909 0.154345
v 33.9216 -177.236 -25.242
vn 0.0137243 -0.999856 0.00998419
v 33.6669 -177.225 -25.0759
vn -0.017435 -0.98762 0.155894
v 32.9638 -177.033 -24.7135
vn 0.989853 0.11272 -0.0865187
v 32.9655 -177.191 -24.678
vn 0.977997 -0.167561 -0.12428
v 32.9618 -177.198 -24.7263
vn 0.99317 -0.109546 0.040172
v 32.9836 -177.025 -24.6211
vn 0.930605 0.0881531 -0.355251
v 32.9837 -177.188 -24.6097
vn 0.924508 -0.169588 -0.341356
v 33.0296 -177.021 -24.5393
vn 0.793524 0.10512 -0.59939
v 33.0296 -177.182 -24.5279
vn 0.785212 -0.161782 -0.59772
v 33.1 -177.014 -24.4703
vn 0.59273 0.0931177 -0.8
v 33.1001 -177.177 -24.459
vn 0.595477 -0.18453 -0.781892
v 33.194 -177.01 -24.4166
vn 0.390836 0.0781499 -0.917137
v 33.194 -177.175 -24.405
vn 0.390999 -0.193617 -0.899796
v 33.3102 -177.009 -24.3805
vn 0.219297 0.049553 -0.974399
v 33.3102 -177.171 -24.3691
vn 0.202018 -0.193524 -0.960072
v 33.4106 -177.009 -24.3657
vn 0.0752317 0.0736175 -0.994445
v 33.4474 -177.171 -24.3528
vn 0.0340755 -0.191602 -0.980881
v 33.4948 -177.006 -24.3629
vn -0.0219903 0.0324742 -0.999231
v 33.5805 -177.174 -24.3557
vn -0.0225654 -0.126258 -0.991741
v 33.6832 -176.994 -24.1774
vn 0.916294 0.0871069 -0.390918
v 33.6835 -177.157 -24.1649
vn 0.903522 -0.153769 -0.400004
v 33.5833 -177.169 -24.3529
vn 0.838379 -0.120154 -0.53168
v 33.5823 -177.007 -24.3652
vn 0.832103 0.054246 -0.551962
v 33.6824 -176.993 -24.1725
vn 0.112467 0.176006 0.977943
v 33.6243 -177.155 -24.1571
vn 0.0406461 0.0278709 0.998785
v 33.6827 -177.158 -24.1612
vn 0.170991 -0.0540515 0.983789
v 33.4971 -176.993 -24.1652
vn 0.00661799 0.162032 0.986763
v 33.4971 -177.158 -24.1538
vn -0.000247943 -0.0332559 0.999447
v 33.354 -176.993 -24.1696
vn -0.0583236 0.200356 0.977986
v 33.354 -177.158 -24.1582
vn -0.0624209 -0.0384583 0.997309
v 33.2194 -176.994 -24.1822
vn -0.124363 0.183206 0.975177
v 33.2194 -177.156 -24.1706
vn -0.12462 -0.0921526 0.987916
v 33.0939 -176.994 -24.2028
vn -0.193401 0.154066 0.968948
v 33.0939 -177.159 -24.1913
vn -0.197786 -0.0436325 0.979274
v 32.9778 -176.996 -24.2308
vn -0.272055 0.199243 0.941429
v 32.9777 -177.159 -24.2191
vn -0.2688 -0.0962361 0.958376
v 32.8717 -177.002 -24.2653
vn -0.349627 0.19154 0.9171
v 32.8717 -177.163 -24.2541
vn -0.349381 -0.0958604 0.932064
v 32.7762 -177.005 -24.3067
vn -0.438685 0.228283 0.869162
v 32.7764 -177.167 -24.2956
vn -0.436379 -0.0776599 0.896405
v 32.6918 -177.006 -24.3547
vn -0.531003 0.200477 0.823313
v 32.6917 -177.168 -24.3431
vn -0.532992 -0.0876151 0.841572
v 32.619 -177.01 -24.4078
vn -0.631986 0.191613 0.750919
v 32.6188 -177.172 -24.3963
vn -0.633065 -0.102366 0.7673
v 32.5584 -177.014 -24.4664
vn -0.738567 0.200807 0.64358
v 32.5581 -177.177 -24.4547
vn -0.733535 -0.100061 0.672246
v 32.5099 -177.018 -24.5293
vn -0.835329 0.18672 0.51707
v 32.5101 -177.182 -24.5179
vn -0.841257 -0.0705395 0.536014
v 32.475 -177.023 -24.5968
vn -0.915925 0.15729 0.369245
v 32.4749 -177.187 -24.5853
vn -0.915157 -0.126666 0.38268
v 32.4538 -177.027 -24.6681
vn -0.972025 0.155962 0.175622
v 32.4535 -177.192 -24.6566
vn -0.963481 -0.167986 0.20853
v 32.4466 -177.033 -24.7428
vn -0.995477 0.0921408 0.0231232
v 32.4466 -177.198 -24.7312
vn -0.988694 -0.14553 0.0361327
v 32.4503 -177.039 -24.7992
vn -0.976076 0.150516 -0.15691
v 32.4504 -177.201 -24.7879
vn -0.975446 -0.176913 -0.131172
v 32.4627 -177.043 -24.854
vn -0.951215 0.103806 -0.290541
v 32.4627 -177.203 -24.8429
vn -0.94578 -0.175654 -0.273215
v 32.4834 -177.045 -24.9069
vn -0.89542 0.108782 -0.431728
v 32.4832 -177.208 -24.8956
vn -0.898984 -0.167256 -0.404788
v 32.5114 -177.049 -24.9576
vn -0.825646 0.130327 -0.54893
v 32.5114 -177.21 -24.9464
vn -0.830505 -0.180519 -0.526948
v 32.5476 -177.052 -25.0057
vn -0.759371 0.0832759 -0.645306
v 32.5474 -177.214 -24.9945
vn -0.755876 -0.172422 -0.631603
v 32.591 -177.057 -25.0512
vn -0.679353 0.0743307 -0.730037
v 32.5913 -177.219 -25.0396
vn -0.678351 -0.186905 -0.710568
v 32.6423 -177.058 -25.0937
vn -0.597577 0.0590766 -0.799632
v 32.6422 -177.221 -25.0824
vn -0.596937 -0.191911 -0.778997
v 32.7005 -177.062 -25.133
vn -0.515341 0.0756443 -0.85364
v 32.7007 -177.224 -25.1214
vn -0.514043 -0.174453 -0.839837
v 32.7663 -177.062 -25.1687
vn -0.437835 0.0806298 -0.895433
v 32.7663 -177.228 -25.1572
vn -0.439091 -0.209708 -0.873626
v 32.8386 -177.065 -25.2011
vn -0.363482 0.0842139 -0.927787
v 32.8783 -177.229 -25.2038
vn -0.332559 -0.213224 -0.918662
v 32.9611 -177.069 -25.2414
vn -0.268975 0.0613236 -0.961193
v 33.0042 -177.233 -25.2417
vn -0.23758 -0.201007 -0.950343
v 33.0936 -177.071 -25.2721
vn -0.11095 -0.0066945 -0.993803
v 33.0932 -177.233 -25.2606
vn -0.10018 -0.132411 -0.986119
v 33.2082 -177.058 -25.0649
vn 0.918695 0.0495857 -0.391843
v 33.2082 -177.22 -25.0535
vn 0.933918 -0.119072 -0.337075
v 33.099 -177.232 -25.2576
vn 0.837722 -0.0995099 -0.536953
v 33.099 -177.072 -25.2688
vn 0.829494 0.0597918 -0.555305
v 33.1874 -177.054 -25.0501
vn 0.480868 0.154972 0.862989
v 33.1301 -177.216 -25.0082
vn 0.52389 -0.0354923 0.851046
v 33.2076 -177.218 -25.0475
vn 0.486035 0.00224796 0.873936
v 33.0984 -177.051 -24.9993
vn 0.600815 0.17923 0.779037
v 33.051 -177.212 -24.9467
vn 0.716745 -0.0370861 0.696348
v 33.0273 -177.047 -24.9306
vn 0.822814 0.134802 0.552091
v 32.9969 -177.207 -24.8706
vn 0.886487 -0.0451379 0.460547
v 32.9786 -177.039 -24.8409
vn 0.939729 0.151294 0.306627
v 32.9712 -177.202 -24.8029
vn 0.970062 -0.0680552 0.233127
v 32.9658 -177.036 -24.7868
vn 0.980944 0.11821 0.154191
v 33.0949 -177.066 -25.2685
vn 0.0326595 0.984036 -0.174949
v 32.8218 -177.061 -25.1901
vn -0.0511978 0.981869 -0.182518
v 32.6176 -177.053 -25.0717
vn -0.117743 0.970421 -0.210761
v 32.5328 -177.046 -24.9795
vn -0.174929 0.967831 -0.180841
v 32.4606 -177.034 -24.8119
vn -0.149789 0.9836 -0.100466
v 32.4766 -177.021 -24.6167
vn -0.123215 0.99206 -0.0252054
v 32.6101 -177.007 -24.4275
vn -0.135438 0.987776 0.0771652
v 33.6826 -176.99 -24.1754
vn 0.0178886 0.998946 0.0422643
v 33.5807 -177.003 -24.3652
vn 0.0189433 0.982568 -0.184935
v 33.337 -177.004 -24.3753
vn 0.013267 0.987638 -0.15619
v 33.287 -176.991 -24.1791
vn -0.0101948 0.997711 0.0668525
v 33.0365 -176.993 -24.2198
vn -0.00960519 0.999515 -0.0296279
v 33.1089 -177.01 -24.4641
vn 0.0588919 0.986486 -0.152897
v 32.8262 -176.997 -24.2916
vn -0.0826592 0.98964 0.117385
v 32.9952 -177.018 -24.5878
vn 0.1086 0.989061 -0.0998183
v 32.9676 -177.033 -24.7984
vn 0.0867403 0.995007 -0.0493688
v 33.0707 -177.046 -24.9793
vn 0.0557559 0.998423 -0.00656454
v 33.2061 -177.052 -25.0644
vn 0.19436 0.973937 -0.116919
v 33.0938 -177.238 -25.255
vn 0.0111888 -0.999233 -0.0375334
v 33.2076 -177.223 -25.0504
vn 0.0389932 -0.993228 0.109446
v 33.0621 -177.217 -24.9574
vn 0.0919911 -0.98177 0.166327
v 33.5818 -177.174 -24.3537
vn 0.00132362 -0.999916 0.0129133
v 33.6823 -177.161 -24.1638
vn 0.037577 -0.982431 0.182801
v 33.3597 -177.175 -24.3571
vn 0.0233866 -0.998108 -0.0568616
v 33.2871 -177.161 -24.167
vn -0.0062017 -0.982948 0.183779
v 33.1588 -177.179 -24.4191
vn 0.0272538 -0.999583 0.00955906
v 32.9782 -177.164 -24.2202
vn -0.0444521 -0.964404 0.260671
v 32.999 -177.189 -24.5644
vn 0.161573 -0.98653 -0.0255655
v 32.826 -177.17 -24.2792
vn -0.035179 -0.988453 0.147384
v 32.6091 -177.179 -24.4142
vn -0.09269 -0.980053 0.175799
v 32.9585 -177.202 -24.7427
vn 0.067551 -0.995341 0.068792
v 32.4952 -177.188 -24.5527
vn -0.11417 -0.985079 0.128781
v 32.4546 -177.2 -24.7082
vn -0.235327 -0.969132 0.0735129
v 32.4765 -177.211 -24.8676
vn -0.112986 -0.993246 0.0263753
v 32.5744 -177.221 -25.0144
vn -0.100534 -0.994732 -0.0200204
v 32.7356 -177.229 -25.1353
vn -0.0622327 -0.997292 -0.0391859
v 32.9013 -177.234 -25.2056
vn -0.0466245 -0.99696 -0.0624176
v 36.1867 -176.996 -24.1879
vn 0.913066 0.141593 0.382441
v 36.1862 -177.158 -24.1761
vn 0.90931 -0.0515694 0.412911
v 36.4782 -177.21 -24.9515
vn 0.894687 -0.11267 0.432251
v 36.4777 -177.048 -24.9626
vn 0.886673 0.141444 0.440232
v 35.67 -176.994 -24.1831
vn -0.0762489 0.134304 0.988002
v 35.6704 -177.159 -24.1716
vn -0.0740311 -0.0176214 0.9971
v 36.179 -177.156 -24.1713
vn 0.0606057 -0.0411399 0.997314
v 36.1807 -176.994 -24.183
vn 0.102718 0.170601 0.979972
v 35.3379 -177.05 -24.9662
vn -0.846108 0.19961 0.494223
v 35.3377 -177.214 -24.9561
vn -0.884813 -0.0531371 0.462906
v 35.6634 -177.156 -24.1767
vn -0.891617 -0.0447032 0.450577
v 35.6634 -176.996 -24.1879
vn -0.88779 0.171018 0.427296
v 35.046 -176.996 -24.188
vn 0.906774 0.0937854 0.411053
v 35.046 -177.158 -24.1767
vn 0.906582 -0.0736734 0.415549
v 35.3338 -177.212 -24.9551
vn 0.902515 -0.06135 0.426266
v 35.3338 -177.048 -24.9677
vn 0.90655 0.134691 0.400032
v 34.5275 -176.996 -24.1827
vn -0.151998 0.126591 0.98024
v 34.5275 -177.156 -24.1715
vn -0.0877344 -0.0135011 0.996052
v 35.0392 -177.157 -24.1714
vn 0.0705956 -0.0612406 0.995623
v 35.0394 -176.993 -24.1832
vn 0.062248 0.233972 0.970248
v 35.0322 -177.072 -25.2804
vn -0.871504 0.0640071 -0.486192
v 35.0328 -177.236 -25.2694
vn -0.874421 -0.156889 -0.4591
v 34.5242 -177.156 -24.1767
vn -0.932276 -0.169662 -0.319493
v 34.5246 -176.993 -24.1881
vn -0.931923 0.111623 -0.345051
v 35.5658 -177.073 -25.2855
vn 0.101503 0.0534746 -0.993397
v 35.565 -177.236 -25.2737
vn 0.0685055 -0.196109 -0.978186
v 35.0403 -177.234 -25.2743
vn -0.107918 -0.148321 -0.983033
v 35.0403 -177.073 -25.2856
vn -0.0880769 0.036383 -0.995449
v 35.9042 -177.015 -24.4748
vn 0.871913 0.0900799 -0.481303
v 35.9043 -177.178 -24.4623
vn 0.874885 -0.194317 -0.443641
v 35.5718 -177.233 -25.269
vn 0.88636 -0.153161 -0.436929
v 35.5709 -177.07 -25.2815
vn 0.884686 0.0702733 -0.46086
v 36.1893 -177.072 -25.2801
vn -0.907757 0.0745697 -0.412815
v 36.1897 -177.233 -25.2696
vn -0.916864 -0.140961 -0.373485
v 35.9079 -177.176 -24.4648
vn -0.910445 -0.131031 -0.392326
v 35.9078 -177.014 -24.4758
vn -0.894684 0.146979 -0.421826
v 36.7142 -177.072 -25.2854
vn 0.0609585 0.0496387 -0.996905
v 36.7147 -177.236 -25.2736
vn 0.063575 -0.161956 -0.984748
v 36.196 -177.236 -25.2737
vn -0.105801 -0.153996 -0.982391
v 36.197 -177.073 -25.2855
vn -0.0815538 0.0322801 -0.996146
v 37.2755 -176.996 -24.1859
vn 0.922712 0.123117 -0.365301
v 37.2751 -177.157 -24.1755
vn 0.924279 -0.128978 -0.359266
v 36.7222 -177.234 -25.2689
vn 0.85176 -0.184987 -0.490188
v 36.7225 -177.072 -25.2803
vn 0.849968 0.085134 -0.51991
v 36.7845 -176.996 -24.1825
vn -0.0623039 0.141904 0.987918
v 36.7854 -177.159 -24.1715
vn -0.084575 -0.0842047 0.992853
v 37.2716 -177.156 -24.1712
vn 0.132122 0.000548778 0.991233
v 37.2725 -176.993 -24.1829
vn 0.0569289 0.165451 0.984574
v 36.4815 -177.048 -24.9626
vn -0.901952 0.0944559 0.421379
v 36.4813 -177.213 -24.9514
vn -0.891218 -0.1208 0.437192
v 36.7786 -177.156 -24.1766
vn -0.900723 -0.0265299 0.433584
v 36.7794 -176.994 -24.1868
vn -0.90662 0.126627 0.4025
v 35.3354 -177.046 -24.9875
vn 0.0878679 0.996132 0.000121343
v 35.6675 -176.99 -24.1886
vn -0.139625 0.989033 0.0481502
v 36.1826 -176.99 -24.1885
vn 0.0955809 0.994988 0.0293798
v 36.4795 -177.046 -24.9735
vn 0.032287 0.999082 -0.028145
v 36.783 -176.99 -24.1876
vn -0.16824 0.921273 0.350645
v 37.2721 -176.99 -24.1881
vn 0.169529 0.984997 -0.0322747
v 36.7209 -177.067 -25.2805
vn 0.0593747 0.952438 -0.298891
v 36.1921 -177.067 -25.2823
vn -0.0888936 0.961637 -0.259522
v 35.9064 -177.009 -24.4549
vn -0.0312464 0.990519 -0.133779
v 35.5696 -177.067 -25.2821
vn 0.065874 0.992434 -0.103609
v 35.0346 -177.067 -25.2806
vn -0.0771876 0.945511 -0.316309
v 34.5307 -176.99 -24.1888
vn -0.0601803 0.997872 -0.0250779
v 35.042 -176.99 -24.1887
vn 0.0864615 0.986307 0.140441
v 35.0337 -177.238 -25.2687
vn -0.0522715 -0.998219 -0.0287552
v 35.5695 -177.238 -25.2685
vn 0.136927 -0.987889 -0.0729826
v 35.907 -177.18 -24.4523
vn -0.0718843 -0.997313 -0.0141119
v 36.193 -177.238 -25.2683
vn -0.161789 -0.985808 -0.0447978
v 36.7201 -177.238 -25.2685
vn 0.198214 -0.976388 -0.0858984
v 37.2701 -177.162 -24.1763
vn 0.084276 -0.993192 0.0804203
v 36.7827 -177.162 -24.1765
vn -0.0719723 -0.990689 0.115562
v 36.4795 -177.217 -24.9709
vn -0.0321583 -0.991633 0.125015
v 36.1827 -177.162 -24.1765
vn 0.09792 -0.985 0.14208
v 35.6675 -177.162 -24.1766
vn -0.101101 -0.982338 0.157451
v 35.3356 -177.217 -24.9691
vn 0.0351676 -0.989118 0.142862
v 34.5268 -177.162 -24.1765
vn -0.0920924 -0.995739 0.00479238
v 35.041 -177.162 -24.1768
vn 0.100384 -0.985299 0.138238
v 37.9161 -177.024 -24.6063
vn 0.102539 0.200212 0.974372
v 37.9158 -177.187 -24.5951
vn 0.0906331 -0.0225165 0.99563
v 38.7095 -177.185 -24.5948
vn -0.0950523 -0.0583761 0.993759
v 38.7124 -177.021 -24.6065
vn -0.0660357 0.20635 0.976247
v 37.9105 -176.996 -24.188
vn 0.987385 0.126673 0.0949995
v 37.9101 -177.158 -24.1756
vn 0.991251 -0.0655532 0.114561
v 37.9105 -177.185 -24.5899
vn 0.987903 -0.0935713 0.123663
v 37.9105 -177.022 -24.6038
vn 0.993087 0.0949482 0.0690088
v 37.4259 -176.995 -24.1824
vn -0.0826158 0.205067 0.975255
v 37.4243 -177.158 -24.1715
vn -0.0614467 -0.030893 0.997632
v 37.9047 -177.155 -24.1711
vn 0.0967451 -0.0138484 0.995213
v 37.9056 -176.993 -24.1828
vn 0.0803105 0.178064 0.980736
v 37.4203 -177.072 -25.2796
vn -0.98827 0.128789 -0.0820665
v 37.4204 -177.234 -25.2683
vn -0.99143 -0.110463 -0.0697527
v 37.4202 -177.156 -24.1769
vn -0.990924 -0.0979466 0.0920657
v 37.4206 -176.994 -24.187
vn -0.98815 0.119569 0.0962433
v 37.9049 -177.072 -25.2853
vn 0.0874085 0.0106042 -0.996116
v 37.9061 -177.235 -25.2736
vn 0.1097 -0.194811 -0.974687
v 37.4243 -177.233 -25.2741
vn -0.0900896 -0.172165 -0.98094
v 37.9106 -177.037 -24.8267
vn 0.986661 0.0920903 -0.134238
v 37.9105 -177.203 -24.818
vn 0.989066 -0.132227 -0.0652974
v 37.9106 -177.232 -25.2684
vn 0.993277 -0.0803994 -0.0832929
v 37.9106 -177.072 -25.2796
vn 0.989814 0.0970466 -0.104166
v 38.7099 -177.039 -24.8237
vn -0.109467 0.0595358 -0.992206
v 38.7109 -177.201 -24.8125
vn -0.091304 -0.161653 -0.982615
v 37.9156 -177.202 -24.812
vn 0.0907549 -0.208335 -0.973838
v 37.9143 -177.038 -24.8239
vn 0.118556 0.106611 -0.987207
v 38.7148 -177.072 -25.2795
vn -0.986253 0.113313 -0.12027
v 38.7152 -177.234 -25.2694
vn -0.991774 -0.100907 -0.0787503
v 38.7152 -177.203 -24.8173
vn -0.987913 -0.127369 -0.088344
v 38.7152 -177.037 -24.8288
vn -0.987608 0.0883562 -0.129707
v 39.1961 -177.072 -25.2852
vn 0.0834909 0.0212386 -0.996282
v 39.1973 -177.234 -25.2734
vn 0.087155 -0.192621 -0.977395
v 38.7206 -177.232 -25.274
vn -0.0697745 -0.158092 -0.984956
v 38.7189 -177.07 -25.2849
vn -0.111505 0.0117853 -0.993694
v 39.2014 -176.994 -24.1881
vn 0.982064 0.175815 0.0681177
v 39.2017 -177.156 -24.1767
vn 0.987889 -0.116713 0.102243
v 39.2019 -177.232 -25.2682
vn 0.991026 -0.088495 -0.100185
v 39.2018 -177.07 -25.2795
vn 0.979424 0.190125 -0.0676913
v 38.7196 -176.993 -24.1827
vn -0.102767 0.153661 0.982765
v 38.7198 -177.157 -24.1712
vn -0.104755 -0.0179198 0.994337
v 39.196 -177.155 -24.171
vn 0.125171 0.00346304 0.992129
v 39.1968 -176.992 -24.1828
vn 0.110531 0.183148 0.976852
v 38.7147 -177.025 -24.6022
vn -0.965406 0.237383 0.107895
v 38.7152 -177.188 -24.5897
vn -0.985932 -0.0795033 0.147029
v 38.7147 -177.156 -24.1768
vn -0.987945 -0.11917 0.0988115
v 38.7147 -176.996 -24.188
vn -0.989113 0.116769 0.0895551
v 37.4242 -176.99 -24.1885
vn -0.124615 0.992166 -0.00886623
v 37.9073 -176.99 -24.1859
vn 0.247593 0.967559 0.0502689
v 37.9048 -177.02 -24.6123
vn 0.0300442 0.999457 -0.0135175
v 37.4261 -177.066 -25.28
vn -0.0863296 0.98838 -0.125108
v 38.7167 -177.02 -24.6061
vn -0.0711429 0.996297 -0.0482786
v 38.7169 -176.99 -24.1883
vn -0.229917 0.972818 0.0276257
v 39.199 -176.99 -24.1858
vn 0.201031 0.979562 -0.00673974
v 39.1979 -177.066 -25.2798
vn 0.0835501 0.990894 -0.105585
v 38.7187 -177.066 -25.2799
vn -0.0659547 0.993877 -0.0886455
v 38.7178 -177.034 -24.8197
vn -0.029294 0.996947 -0.0723794
v 37.9067 -177.034 -24.8194
vn 0.0852087 0.991512 -0.0982042
v 37.9067 -177.066 -25.2799
vn 0.0943228 0.980423 -0.172842
v 37.4235 -177.238 -25.268
vn -0.226046 -0.974091 -0.00706552
v 37.9048 -177.206 -24.8065
vn 0.0661216 -0.997717 -0.0137432
v 38.7205 -177.206 -24.8064
vn -0.0602006 -0.998181 -0.00327547
v 38.7187 -177.238 -25.2679
vn -0.137769 -0.989102 -0.051936
v 39.198 -177.238 -25.2678
vn 0.0610043 -0.997346 -0.0397486
v 39.1994 -177.161 -24.1763
vn 0.131572 -0.961606 0.240839
v 38.7173 -177.191 -24.597
vn -0.0156928 -0.984904 0.172387
v 37.9078 -177.19 -24.5942
vn 0.00948645 -0.989749 0.142501
v 37.9047 -177.162 -24.1765
vn 0.0295169 -0.991859 0.123874
v 37.4241 -177.162 -24.1765
vn -0.12446 -0.988937 0.0807051
v 37.4237 -177.069 -25.2848
vn -0.12197 0.0774487 -0.989507
v 37.907 -177.238 -25.2705
vn 0.217537 -0.967411 -0.12959
v 38.7179 -177.16 -24.1739
vn -0.0404186 -0.958615 0.281821
v 40.8182 -177.037 -24.8183
vn 0.107873 0.0631799 -0.992155
v 40.8182 -177.202 -24.8068
vn 0.0845718 -0.153098 -0.984585
v 40.0335 -177.201 -24.8074
vn 0.124656 -0.166785 -0.978082
v 40.0334 -177.037 -24.8185
vn 0.0798323 0.0259143 -0.996471
v 40.823 -177.026 -24.6195
vn 0.988517 0.0967504 0.116078
v 40.8226 -177.188 -24.6087
vn 0.989443 -0.0955546 0.108961
v 40.8231 -177.199 -24.8016
vn 0.987882 -0.126535 -0.0898808
v 40.8231 -177.038 -24.8129
vn 0.989946 0.0985151 -0.101501
v 40.0342 -177.025 -24.6157
vn 0.140196 0.15221 0.978354
v 40.0323 -177.186 -24.6045
vn 0.101627 -0.057954 0.993133
v 40.8173 -177.185 -24.6044
vn 0.0981574 -0.0327658 0.994631
v 40.8181 -177.022 -24.6161
vn 0.0874213 0.189608 0.97796
v 40.0282 -177.007 -24.3907
vn 0.988562 0.0798281 -0.127954
v 40.0284 -177.173 -24.3777
vn 0.987657 -0.111651 -0.10985
v 40.0283 -177.189 -24.6018
vn 0.98366 -0.128836 0.125753
v 40.0284 -177.022 -24.6134
vn 0.989377 0.114702 0.0893088
v 40.8662 -177.007 -24.3863
vn 0.118117 0.0537459 -0.991544
v 40.8663 -177.171 -24.3749
vn 0.0732256 -0.220019 -0.972743
v 40.0323 -177.171 -24.3754
vn 0.159079 -0.193748 -0.968068
v 40.032 -177.006 -24.3865
vn 0.13197 0.059423 -0.989471
v 40.871 -176.995 -24.1859
vn 0.987999 0.0918858 0.124161
v 40.8707 -177.157 -24.1752
vn 0.993881 -0.0834784 0.0723343
v 40.8711 -177.169 -24.3696
vn 0.988045 -0.123745 -0.0919499
v 40.8706 -177.007 -24.3829
vn 0.990216 0.0988682 -0.0984735
v 39.5439 -176.995 -24.1821
vn -0.104968 0.149693 0.983145
v 39.543 -177.156 -24.1709
vn -0.0999388 -0.0837056 0.991466
v 40.8653 -177.155 -24.1708
vn 0.109406 -0.00693708 0.993973
v 40.8661 -176.992 -24.1826
vn 0.0813673 0.150445 0.985264
v 39.5383 -177.071 -25.2803
vn -0.982619 0.168543 -0.0778028
v 39.5387 -177.234 -25.2692
vn -0.991478 -0.101391 -0.0818013
v 39.5382 -177.157 -24.1757
vn -0.987908 -0.131659 0.0818758
v 39.5381 -176.996 -24.1879
vn -0.981213 0.178178 0.0739868
v 40.9103 -177.07 -25.2847
vn 0.0917031 0.0543537 -0.994302
v 40.9113 -177.234 -25.2732
vn 0.0983537 -0.189651 -0.976913
v 39.544 -177.232 -25.2739
vn -0.0826947 -0.173296 -0.981392
v 39.5432 -177.07 -25.2849
vn -0.0960629 0.0407176 -0.994542
v 40.916 -177.058 -25.0861
vn 0.990953 0.0994742 0.0900981
v 40.9156 -177.22 -25.073
vn 0.993878 -0.068974 0.0863061
v 40.9161 -177.232 -25.268
vn 0.992464 -0.085686 -0.0875957
v 40.9156 -177.07 -25.281
vn 0.991383 0.0696658 -0.110939
v 40.0342 -177.058 -25.0805
vn 0.121318 0.148854 0.981389
v 40.0328 -177.221 -25.0694
vn 0.0835821 -0.0482528 0.995332
v 40.9112 -177.221 -25.0694
vn 0.110514 -0.0417274 0.992998
v 40.9112 -177.055 -25.0809
vn 0.0784927 0.227417 0.970629
v 40.0285 -177.04 -24.8225
vn 0.976013 0.168538 -0.137816
v 40.0284 -177.202 -24.8114
vn 0.986755 -0.110795 -0.118484
v 40.0282 -177.221 -25.0641
vn 0.987432 -0.0772143 0.137899
v 40.0282 -177.055 -25.0756
vn 0.984226 0.161338 0.0725941
v 40.0259 -177.053 -25.0835
vn 0.0691559 0.997138 -0.0305593
v 40.913 -177.053 -25.0849
vn 0.0276385 0.99933 -0.0239882
v 40.9138 -177.066 -25.2796
vn 0.0501671 0.988283 -0.144153
v 39.5422 -177.066 -25.2798
vn -0.109909 0.981949 -0.153935
v 40.0259 -177.034 -24.8163
vn 0.0387724 0.987295 -0.154097
v 40.8686 -176.99 -24.1856
vn 0.00312876 0.999944 -0.0101192
v 40.8662 -177.003 -24.3821
vn 0.0530141 0.987514 -0.148344
v 40.0227 -177.003 -24.3813
vn 0.035317 0.997098 -0.0674344
v 39.542 -176.99 -24.1883
vn -0.383551 0.923099 -0.0278721
v 40.0263 -177.02 -24.6187
vn 0.0364987 0.999138 -0.0197726
v 40.8194 -177.02 -24.6192
vn 0.240723 0.96892 0.056976
v 40.8173 -177.033 -24.8132
vn 0.0293859 0.988817 -0.146212
v 40.0266 -177.205 -24.8046
vn 0.0442071 -0.998557 0.0304762
v 40.8173 -177.192 -24.6098
vn 0.0311413 -0.957022 0.288338
v 40.0227 -177.192 -24.6099
vn 0.0612582 -0.994792 0.0814684
v 40.0227 -177.175 -24.3693
vn 0.0765809 -0.996876 0.0193434
v 39.5396 -177.161 -24.1763
vn -0.0612663 -0.947667 0.313325
v 40.9103 -177.238 -25.2676
vn 0.028166 -0.999596 -0.00375875
v 40.9121 -177.224 -25.0724
vn 0.12336 -0.985518 0.116351
v 40.0268 -177.224 -25.0706
vn 0.0153969 -0.983329 0.181184
v 39.5422 -177.238 -25.2678
vn -0.0939514 -0.994234 -0.0516928
v 40.819 -177.205 -24.8063
vn 0.206445 -0.977509 -0.0430855
v 40.8662 -177.174 -24.3735
vn 0.0882117 -0.989753 -0.112287
v 40.8666 -177.16 -24.1719
vn 0.0967722 -0.967702 0.232782
v 42.4534 -177.039 -24.8184
vn 0.108241 0.00489245 -0.994113
v 42.4542 -177.201 -24.8067
vn 0.0914434 -0.157768 -0.983233
v 41.6684 -177.2 -24.8073
vn 0.15326 -0.259256 -0.953571
v 41.6694 -177.036 -24.8183
vn 0.107033 0.0389742 -0.993491
v 42.4591 -177.026 -24.6212
vn 0.991706 0.11847 0.049834
v 42.4586 -177.187 -24.6075
vn 0.992157 -0.0640387 0.107346
v 42.4591 -177.199 -24.8014
vn 0.989565 -0.111527 -0.0912314
v 42.4588 -177.038 -24.8144
vn 0.994908 0.0756597 -0.066585
v 41.6684 -177.025 -24.6155
vn 0.119185 0.207422 0.970964
v 41.6684 -177.185 -24.6043
vn 0.0912246 -0.136375 0.986448
v 42.4552 -177.185 -24.6043
vn 0.124292 -0.0568744 0.990614
v 41.6644 -177.007 -24.3891
vn 0.987067 0.102046 -0.123631
v 41.6641 -177.173 -24.3791
vn 0.976737 -0.195149 -0.0888954
v 41.6644 -177.188 -24.6014
vn 0.994934 -0.0765116 0.0652039
v 41.6644 -177.022 -24.6133
vn 0.98461 0.139893 0.104749
v 42.5023 -177.007 -24.3861
vn 0.118303 0.0556034 -0.991419
v 42.502 -177.171 -24.3747
vn 0.0977424 -0.142273 -0.98499
v 41.6671 -177.172 -24.375
vn 0.0749219 -0.167207 -0.983071
v 41.6694 -177.006 -24.3863
vn 0.115586 0.0182056 -0.993131
v 42.5071 -176.995 -24.1875
vn 0.988953 0.131772 0.0678896
v 42.5066 -177.156 -24.1738
vn 0.991401 -0.0798796 0.10365
v 42.5071 -177.169 -24.3694
vn 0.991208 -0.0978272 -0.089088
v 42.5067 -177.007 -24.3819
vn 0.990107 0.0997726 -0.0986585
v 41.1781 -176.995 -24.182
vn -0.0890836 0.162183 0.982731
v 42.5014 -177.155 -24.1706
vn 0.0980559 -0.019023 0.994999
v 42.5017 -176.993 -24.1824
vn 0.0678096 0.151348 0.986152
v 41.1746 -177.07 -25.2793
vn -0.989466 0.109689 -0.0944758
v 41.1743 -177.232 -25.268
vn -0.989783 -0.112736 -0.0872976
v 41.1744 -177.157 -24.1763
vn -0.987801 -0.135016 0.0775912
v 41.1745 -176.993 -24.1878
vn -0.988032 0.131934 0.0799173
v 42.5472 -177.07 -25.2846
vn 0.119213 0.0579544 -0.991176
v 42.5473 -177.234 -25.273
vn 0.0969875 -0.184383 -0.978057
v 41.1792 -177.234 -25.2733
vn -0.107381 -0.130941 -0.985558
v 41.18 -177.072 -25.2849
vn -0.0796502 0.0131522 -0.996736
v 42.5521 -177.058 -25.0859
vn 0.991675 0.0884717 0.0935641
v 42.5517 -177.22 -25.0735
vn 0.992887 -0.0879453 0.0802517
v 42.5521 -177.232 -25.2678
vn 0.990287 -0.0877763 -0.107832
v 42.5517 -177.07 -25.2803
vn 0.988887 0.10887 -0.101238
v 41.6684 -177.057 -25.0802
vn 0.128361 0.147849 0.980645
v 41.6684 -177.22 -25.069
vn 0.133695 -0.0349857 0.990405
v 42.5463 -177.219 -25.0689
vn 0.0605541 -0.0569214 0.996541
v 42.5475 -177.056 -25.0807
vn 0.0996828 0.158875 0.982254
v 41.6643 -177.037 -24.8226
vn 0.993149 0.0666246 -0.0960031
v 41.6645 -177.203 -24.8095
vn 0.98742 -0.10705 -0.116368
v 41.6645 -177.221 -25.0664
vn 0.986335 -0.105369 0.126649
v 41.6645 -177.055 -25.078
vn 0.992783 0.105938 0.0561983
v 41.6606 -177.052 -25.0855
vn 0.0467664 0.997745 0.0481509
v 41.1765 -177.066 -25.2796
vn -0.115693 0.98812 -0.101162
v 41.6588 -177.033 -24.8131
vn 0.0402314 0.996984 -0.0663663
v 42.5064 -176.99 -24.1879
vn 0.0912851 0.99579 -0.00831872
v 42.504 -177.003 -24.3819
vn 0.097332 0.989547 -0.106407
v 41.6605 -177.003 -24.382
vn 0.0464575 0.993771 -0.101293
v 41.1778 -176.99 -24.185
vn -0.00365173 0.999922 -0.0119237
v 41.66 -177.02 -24.619
vn 0.0402826 0.998381 -0.0401627
v 42.4547 -177.034 -24.8156
vn 0.110978 0.979979 -0.165303
v 42.4552 -177.205 -24.8011
vn 0.0893643 -0.988315 -0.123481
v 42.4538 -177.19 -24.6054
vn 0.111557 -0.955114 0.274429
v 41.662 -177.191 -24.6068
vn 0.0759786 -0.984482 0.158188
v 41.6587 -177.175 -24.3691
vn 0.0546366 -0.995585 -0.0763179
v 42.5014 -177.175 -24.3699
vn 0.049435 -0.998177 -0.0346218
v 42.5031 -177.161 -24.176
vn 0.0642503 -0.986768 0.148864
v 41.1788 -177.161 -24.174
vn -0.172205 -0.955773 0.238418
v 42.55 -177.237 -25.2699
vn 0.00961812 -0.999939 0.00541172
v 41.6617 -177.224 -25.0729
vn 0.0606069 -0.990558 0.122966
v 41.1801 -177.238 -25.2676
vn -0.0386462 -0.999228 -0.00711475
v 41.6588 -177.205 -24.8011
vn 0.0641677 -0.995631 -0.067835
v 42.4558 -177.021 -24.6165
vn 0.125698 0.18904 0.973891
v 41.1799 -177.16 -24.1711
vn -0.0594485 -0.117092 0.99134
v 42.5477 -177.053 -25.0825
vn 0.0945173 0.945346 0.312071
v 42.5463 -177.066 -25.2837
vn 0.162121 0.967027 -0.196404
v 42.4554 -177.02 -24.6186
vn 0.1098 0.993881 -0.0120408
v 42.548 -177.223 -25.0714
vn 0.138242 -0.980464 0.139928
v 42.8159 -176.993 -24.1822
vn -0.121867 0.130165 0.983974
v 42.816 -177.158 -24.1707
vn -0.0401799 -0.0527812 0.997797
v 43.2947 -177.155 -24.1705
vn 0.103309 -0.0243092 0.994352
v 43.2947 -176.995 -24.1817
vn 0.0943549 0.145316 0.984876
v 42.8103 -177.072 -25.279
vn -0.990742 0.0968485 -0.0951391
v 42.8104 -177.233 -25.2677
vn -0.989241 -0.12454 -0.0767628
v 42.8102 -177.155 -24.1763
vn -0.991549 -0.114067 0.0617931
v 42.8106 -176.993 -24.1876
vn -0.988429 0.126325 0.083971
v 44.0774 -177.072 -25.2846
vn 0.161726 0.00617663 -0.986816
v 44.0774 -177.233 -25.2733
vn 0.126201 -0.147682 -0.98095
v 42.8157 -177.234 -25.273
vn -0.0841123 -0.114601 -0.989844
v 42.8153 -177.07 -25.2845
vn -0.0750149 0.0373096 -0.996484
v 44.0831 -177.058 -25.0808
vn 0.993494 0.0811441 0.0799107
v 44.0828 -177.219 -25.0683
vn 0.99485 -0.0796677 0.0626655
v 44.0831 -177.232 -25.2695
vn 0.98776 -0.118988 -0.100855
v 44.0828 -177.07 -25.2802
vn 0.989639 0.114758 -0.0862891
v 43.3062 -177.056 -25.0753
vn 0.106588 0.172566 0.979214
v 43.3029 -177.221 -25.0639
vn 0.107054 -0.0522869 0.992877
v 44.0774 -177.217 -25.0639
vn 0.0826252 0.00459427 0.99657
v 44.0782 -177.054 -25.0757
vn 0.102791 0.171168 0.979865
v 43.3005 -176.995 -24.1874
vn 0.992408 0.0860777 0.0878497
v 43.3001 -177.157 -24.1749
vn 0.99125 -0.0915888 0.0950527
v 43.3002 -177.219 -25.0589
vn 0.988994 -0.106212 0.103003
v 43.3002 -177.054 -25.0709
vn 0.988427 0.118275 0.094985
v 42.8159 -176.989 -24.1879
vn -0.0497255 0.998716 0.00971802
v 43.2947 -176.989 -24.1878
vn 0.0607061 0.998066 -0.0134088
v 43.2948 -177.052 -25.0813
vn 0.0217612 0.999692 -0.0119486
v 42.8134 -177.066 -25.2794
vn -0.215513 0.962335 -0.165727
v 44.0799 -177.237 -25.2698
vn 0.143752 -0.989566 -0.00972397
v 44.0788 -177.223 -25.065
vn 0.156711 -0.949066 0.273341
v 43.2983 -177.223 -25.0626
vn 0.155599 -0.980951 0.116297
v 43.2982 -177.161 -24.1759
vn 0.132533 -0.98285 0.128218
v 42.8125 -177.161 -24.1759
vn -0.176109 -0.980002 0.0926401
v 42.8122 -177.237 -25.2698
vn -0.0257804 -0.999202 0.0305131
v 44.0794 -177.066 -25.2834
vn 0.109786 0.922942 -0.36895
v 44.0798 -177.052 -25.0763
vn 0.16093 0.986908 0.010662
v 45.2316 -177.027 -24.647
vn 0.226619 0.152303 0.962002
v 44.9985 -177.187 -24.5886
vn 0.202604 -0.028004 0.97886
v 44.9864 -177.022 -24.5971
vn 0.216213 0.192899 0.957101
v 44.8806 -177.183 -24.5592
vn 0.282325 -0.0311051 0.958814
v 44.8485 -177.019 -24.5599
vn 0.3525 0.168147 0.920581
v 44.8121 -177.182 -24.5348
vn 0.418833 -0.0432166 0.907034
v 44.7743 -177.016 -24.5241
vn 0.646324 0.172533 0.743302
v 44.7723 -177.18 -24.5112
vn 0.645994 -0.0410003 0.762241
v 44.7521 -177.016 -24.4972
vn 0.959394 0.143317 0.242949
v 44.7521 -177.178 -24.4859
vn 0.895153 -0.146335 0.421054
v 44.7475 -177.176 -24.4567
vn 0.978626 -0.164526 -0.123379
v 44.7504 -177.012 -24.4567
vn 0.843009 0.0798133 -0.531946
v 44.7678 -177.173 -24.4218
vn 0.69858 -0.12083 -0.705256
v 44.8005 -177.009 -24.4107
vn 0.379234 0.0593895 -0.923393
v 44.8004 -177.173 -24.3991
vn 0.454083 -0.186256 -0.871273
v 44.8541 -177.171 -24.379
vn 0.265813 -0.127699 -0.955529
v 44.905 -177.006 -24.3793
vn 0.146555 0.0397142 -0.988405
v 44.9227 -177.171 -24.365
vn 0.155431 -0.142412 -0.977528
v 45.021 -177.006 -24.3693
vn 0.0239826 0.0130196 -0.999628
v 45.003 -177.171 -24.3577
vn 0.0270677 -0.161477 -0.986505
v 45.2064 -177.006 -24.3737
vn -0.0744003 0.0155191 -0.997108
v 45.2175 -177.173 -24.3622
vn -0.0838047 -0.156613 -0.984098
v 45.3816 -177.008 -24.3939
vn -0.167568 -0.0138239 -0.985764
v 45.3554 -177.172 -24.3781
vn -0.149392 -0.157648 -0.97613
v 45.5119 -177.006 -24.4195
vn -0.185172 0.0299308 -0.98225
v 45.5103 -177.174 -24.4079
vn -0.164719 -0.195344 -0.966803
v 45.6186 -176.997 -24.2241
vn 0.928484 0.0565464 -0.367042
v 45.6188 -177.16 -24.2116
vn 0.9157 -0.123619 -0.382376
v 45.5152 -177.171 -24.4042
vn 0.837377 -0.11536 -0.534314
v 45.5139 -177.01 -24.4169
vn 0.84337 0.0578234 -0.534213
v 45.6194 -176.994 -24.2196
vn 0.245483 0.172961 0.953846
v 45.6171 -177.159 -24.2071
vn 0.247974 -0.0384914 0.968002
v 45.4781 -176.995 -24.1922
vn 0.147847 0.114783 0.982327
v 45.459 -177.155 -24.1782
vn 0.144296 0.0232991 0.98926
v 45.334 -176.994 -24.175
vn 0.0899522 0.17725 0.980046
v 45.2529 -177.155 -24.1576
vn 0.0729174 -0.0731248 0.994654
v 45.1781 -176.993 -24.1653
vn 0.0364955 0.142341 0.989145
v 45.0702 -177.153 -24.1523
vn -5.11053e-05 0.0463922 0.998923
v 45.0133 -176.992 -24.165
vn -0.025621 0.219927 0.97518
v 44.9563 -177.157 -24.155
vn -0.0369972 -0.080511 0.996067
v 44.8004 -176.994 -24.1794
vn -0.119062 0.202331 0.972053
v 44.8498 -177.157 -24.1624
vn -0.107732 -0.0494533 0.992949
v 44.7511 -177.155 -24.1741
vn -0.173226 -0.0773873 0.981837
v 44.6604 -176.996 -24.2015
vn -0.208456 0.15333 0.965938
v 44.5781 -176.994 -24.2223
vn -0.271527 0.176659 0.946079
v 44.5411 -177.159 -24.2226
vn -0.307488 -0.0663121 0.949239
v 44.5044 -176.996 -24.2463
vn -0.349372 0.192439 0.917009
v 44.4116 -177.001 -24.2887
vn -0.483327 0.201196 0.852007
v 44.4394 -177.162 -24.262
vn -0.428282 -0.106371 0.897362
v 44.3837 -177.163 -24.2927
vn -0.52814 -0.0986476 0.843408
v 44.3375 -177.006 -24.3375
vn -0.640037 0.168398 0.749663
v 44.3375 -177.166 -24.3263
vn -0.641929 -0.0761607 0.762972
v 44.3011 -177.006 -24.374
vn -0.759555 0.194046 0.620824
v 44.3014 -177.171 -24.3626
vn -0.765934 -0.0589222 0.640214
v 44.2747 -177.171 -24.4012
vn -0.867771 -0.0923138 0.488315
v 44.2588 -177.012 -24.4534
vn -0.917192 0.21581 0.334941
v 44.2587 -177.176 -24.4419
vn -0.960118 -0.11481 0.254934
v 44.2535 -177.015 -24.496
vn -0.994074 0.107877 0.0134277
v 44.2553 -177.18 -24.5025
vn -0.983958 -0.154779 -0.0887134
v 44.2635 -177.019 -24.5488
vn -0.933861 0.106496 -0.341412
v 44.2795 -177.184 -24.5703
vn -0.836691 -0.16553 -0.522062
v 44.303 -177.024 -24.6127
vn -0.739799 0.0977737 -0.665686
v 44.3337 -177.188 -24.6306
vn -0.622119 -0.159175 -0.766571
v 44.3714 -177.028 -24.6691
vn -0.535489 0.0956975 -0.839103
v 44.4159 -177.192 -24.6831
vn -0.455812 -0.161004 -0.875393
v 44.4667 -177.031 -24.7184
vn -0.392836 0.059651 -0.917672
v 44.5235 -177.194 -24.7294
vn -0.340983 -0.174513 -0.923729
v 44.5534 -177.034 -24.7512
vn -0.29922 0.0609489 -0.952236
v 44.6189 -177.197 -24.7596
vn -0.267388 -0.146986 -0.952312
v 44.7276 -177.036 -24.7975
vn -0.218812 0.0186726 -0.975588
v 44.7276 -177.199 -24.7862
vn -0.214205 -0.174508 -0.961074
v 44.9666 -177.038 -24.8453
vn -0.207431 0.0148386 -0.978137
v 44.9756 -177.205 -24.8361
vn -0.222321 -0.170089 -0.960022
v 45.0608 -177.04 -24.8692
vn -0.276414 0.0422563 -0.960109
v 45.1208 -177.206 -24.879
vn -0.388763 -0.162068 -0.906972
v 45.1597 -177.042 -24.9083
vn -0.462032 0.0423264 -0.885853
v 45.181 -177.043 -24.9238
vn -0.697626 0.0653856 -0.713472
v 45.1844 -177.209 -24.9155
vn -0.689751 -0.185142 -0.699976
v 45.2039 -177.048 -24.9571
vn -0.928946 0.0910096 -0.358854
v 45.2043 -177.21 -24.9446
vn -0.940701 -0.12825 -0.314061
v 45.2073 -177.213 -24.9736
vn -0.981193 -0.121059 0.150351
v 45.2012 -177.05 -25.0035
vn -0.910389 0.120791 0.395729
v 45.1929 -177.214 -25.0058
vn -0.786971 -0.131142 0.602892
v 45.1679 -177.053 -25.0404
vn -0.565301 0.169771 0.807225
v 45.1656 -177.216 -25.0305
vn -0.539995 -0.0324422 0.841043
v 45.1146 -177.055 -25.0653
vn -0.331244 0.178078 0.926588
v 45.1138 -177.219 -25.0547
vn -0.348108 -0.0391283 0.936637
v 45.0679 -177.22 -25.0672
vn -0.169025 -0.0196443 0.985416
v 44.9845 -177.056 -25.0909
vn -0.0954507 0.147518 0.984443
v 44.9027 -177.056 -25.0961
vn -0.0173383 0.153033 0.988069
v 44.8783 -177.221 -25.0846
vn -0.0175729 -0.0634453 0.997831
v 44.7759 -177.057 -25.0942
vn 0.0435386 0.166398 0.985097
v 44.7348 -177.223 -25.0808
vn 0.0751587 0.0259575 0.996834
v 44.6102 -177.055 -25.0804
vn 0.118235 0.144707 0.982385
v 44.55 -177.219 -25.0607
vn 0.144443 -0.0383072 0.988771
v 44.4735 -177.053 -25.0605
vn 0.177401 0.141997 0.973841
v 44.3262 -177.216 -25.0174
vn 0.192369 0.00776148 0.981292
v 44.3266 -177.052 -25.029
vn 0.192881 0.156791 0.968614
v 44.2266 -177.067 -25.2296
vn -0.935637 0.12046 0.331772
v 44.227 -177.228 -25.2175
vn -0.922988 -0.0872836 0.374799
v 44.3213 -177.214 -25.0216
vn -0.862031 -0.0325748 0.505808
v 44.3218 -177.053 -25.0321
vn -0.859758 0.1244 0.495319
v 44.2264 -177.065 -25.2336
vn -0.340622 0.0138564 -0.940098
v 44.3118 -177.231 -25.2422
vn -0.18821 -0.16962 -0.967371
v 44.2279 -177.229 -25.223
vn -0.340969 -0.174602 -0.923718
v 44.3395 -177.068 -25.2585
vn -0.174137 0.072264 -0.982066
v 44.4839 -177.071 -25.2802
vn -0.118119 -0.0195602 -0.992807
v 44.5343 -177.234 -25.274
vn -0.104539 -0.196556 -0.974904
v 44.6403 -177.072 -25.2943
vn -0.0658192 0.000739302 -0.997831
v 44.6819 -177.233 -25.2853
vn -0.0524785 -0.143933 -0.988195
v 44.8081 -177.072 -25.3005
vn -0.0154897 0.0756021 -0.997018
v 44.8365 -177.233 -25.2897
vn -0.00203985 -0.154159 -0.988044
v 44.9677 -177.072 -25.2982
vn 0.0432373 0.0859849 -0.995358
v 44.9677 -177.234 -25.2868
vn 0.0335154 -0.199196 -0.979386
v 45.0878 -177.236 -25.2782
vn 0.0871624 -0.177333 -0.980283
v 45.1971 -177.071 -25.2773
vn 0.116755 0.0610597 -0.991282
v 45.1971 -177.231 -25.2661
vn 0.145535 -0.201724 -0.96857
v 45.2954 -177.068 -25.2597
vn 0.18688 0.0497443 -0.981122
v 45.2955 -177.231 -25.2486
vn 0.20238 -0.218283 -0.95467
v 45.383 -177.067 -25.2385
vn 0.272007 0.0602329 -0.960408
v 45.383 -177.23 -25.2268
vn 0.274361 -0.173176 -0.945905
v 45.46 -177.067 -25.2131
vn 0.34984 0.0901457 -0.932462
v 45.46 -177.228 -25.2018
vn 0.348503 -0.213227 -0.912732
v 45.5263 -177.063 -25.1842
vn 0.440553 0.0517292 -0.896235
v 45.5263 -177.228 -25.1726
vn 0.438712 -0.190874 -0.878122
v 45.5821 -177.06 -25.1523
vn 0.544462 0.0664695 -0.836148
v 45.5821 -177.225 -25.1407
vn 0.54224 -0.196886 -0.81683
v 45.6278 -177.06 -25.1178
vn 0.660046 0.0870347 -0.746166
v 45.6278 -177.22 -25.1066
vn 0.654459 -0.218005 -0.723987
v 45.663 -177.057 -25.0807
vn 0.778142 0.0831824 -0.622556
v 45.6628 -177.219 -25.0692
vn 0.781924 -0.185334 -0.595186
v 45.688 -177.054 -25.0416
vn 0.88428 0.11874 -0.451608
v 45.688 -177.217 -25.0303
vn 0.880552 -0.196505 -0.431292
v 45.7028 -177.05 -25.0009
vn 0.961888 0.113947 -0.248569
v 45.7027 -177.215 -24.9894
vn 0.960859 -0.156354 -0.2287
v 45.7079 -177.047 -24.9589
vn 0.988346 0.149766 -0.0272398
v 45.7076 -177.212 -24.9474
vn 0.989327 -0.144382 -0.0196663
v 45.6999 -177.045 -24.9073
vn 0.950636 0.159657 0.266085
v 45.6999 -177.206 -24.896
vn 0.950922 -0.12602 0.282606
v 45.679 -177.042 -24.8594
vn 0.831754 0.202324 0.516963
v 45.6677 -177.202 -24.8334
vn 0.790445 -0.102279 0.603934
v 45.6416 -177.037 -24.8161
vn 0.687108 0.185765 0.702406
v 45.6268 -177.201 -24.7908
vn 0.638528 -0.0853811 0.764848
v 45.5697 -177.034 -24.7632
vn 0.515514 0.161198 0.841582
v 45.5696 -177.197 -24.7521
vn 0.492106 -0.0501281 0.869091
v 45.4987 -177.031 -24.7278
vn 0.393994 0.170994 0.903067
v 45.4706 -177.194 -24.7053
vn 0.35567 -0.0272453 0.934214
v 45.4425 -177.03 -24.7055
vn 0.31991 0.154527 0.934761
v 45.344 -177.19 -24.6638
vn 0.265383 -0.0222194 0.963887
v 45.2316 -177.189 -24.636
vn 0.206541 -0.112869 0.971906
v 44.7398 -177.032 -24.7954
vn -0.0248748 0.985106 -0.170141
v 44.4986 -177.026 -24.7242
vn -0.0401191 0.985612 -0.164193
v 44.3437 -177.022 -24.6427
vn -0.198815 0.935806 -0.291102
v 44.2608 -177.013 -24.5224
vn -0.197359 0.978161 -0.0651908
v 44.2684 -177.007 -24.4339
vn -0.272365 0.961982 0.0202083
v 44.3512 -177 -24.3321
vn -0.0818339 0.996515 0.016185
v 44.5789 -176.992 -24.2252
vn -0.015392 0.999525 -0.0267073
v 45.6184 -176.992 -24.2223
vn 0.0644303 0.997564 0.0267285
v 45.5124 -177.006 -24.4173
vn 0.0218119 0.988709 -0.148253
v 45.3656 -177.004 -24.3862
vn -0.0120127 0.988693 -0.149469
v 45.3677 -176.989 -24.1846
vn 0.0152636 0.996596 0.0810195
v 45.1115 -177.002 -24.3661
vn -0.00374731 0.977652 -0.210195
v 45.034 -176.988 -24.1698
vn -0.00507316 0.998625 0.052178
v 44.8009 -176.99 -24.1831
vn -0.0146353 0.997593 0.0677736
v 44.8721 -177.003 -24.381
vn 0.0145606 0.988674 -0.149373
v 44.7539 -177.007 -24.4485
vn 0.0901883 0.987582 -0.128639
v 44.7565 -177.012 -24.5078
vn 0.0501394 0.998687 0.0105081
v 44.9118 -177.017 -24.5854
vn 0.0307234 0.998954 0.0338726
v 44.9794 -177.035 -24.8429
vn -0.0158394 0.991663 -0.127881
v 45.1296 -177.021 -24.6315
vn 0.00314063 0.998665 -0.0515645
v 45.1621 -177.04 -24.91
vn -0.0581728 0.987166 -0.148728
v 45.4764 -177.027 -24.7277
vn 0.0462831 0.997416 0.0549457
v 45.6618 -177.035 -24.8477
vn 0.0955871 0.995352 0.0117601
v 45.2077 -177.045 -24.9874
vn -0.0589795 0.99588 -0.0688732
v 45.7026 -177.045 -24.9797
vn 0.223129 0.968587 -0.109786
v 45.6309 -177.053 -25.1054
vn 0.0610659 0.988048 -0.141536
v 45.4921 -177.06 -25.1968
vn 0.0587393 0.978019 -0.200072
v 45.3136 -177.063 -25.2494
vn 0.0137363 0.99214 -0.124377
v 45.1088 -177.051 -25.0717
vn -0.0298241 0.999242 0.0250042
v 45.0413 -177.067 -25.2904
vn 0.00704229 0.978662 -0.205357
v 44.9391 -177.053 -25.0978
vn -0.00118394 0.994407 0.105607
v 44.595 -177.066 -25.2856
vn -0.00616108 0.989957 -0.141232
v 44.6647 -177.053 -25.091
vn 0.00637046 0.999856 -0.0157578
v 44.4619 -177.051 -25.0618
vn 0.00736361 0.999567 -0.0284852
v 44.2292 -177.062 -25.2296
vn -0.0854653 0.986256 -0.141401
v 44.324 -177.049 -25.0315
vn -0.0327373 0.999348 -0.015235
v 44.2309 -177.234 -25.218
vn -0.0537445 -0.998232 -0.0253885
v 44.4455 -177.237 -25.2602
vn -0.00746643 -0.999911 0.0110228
v 45.581 -177.228 -25.139
vn 0.0824737 -0.994217 -0.0687804
v 45.6761 -177.221 -25.0372
vn 0.0940453 -0.995563 0.00321833
v 45.7008 -177.213 -24.9217
vn 0.218236 -0.969623 0.11047
v 45.6359 -177.204 -24.8071
vn 0.0777385 -0.982655 0.168362
v 45.4879 -177.198 -24.7168
vn 0.0307423 -0.988121 0.150569
v 45.5105 -177.176 -24.4054
vn 0.00826601 -0.999896 0.0118398
v 45.6163 -177.163 -24.2099
vn 0.079126 -0.976425 0.200833
v 45.3718 -177.16 -24.1725
vn 0.0123387 -0.98769 0.155939
v 45.3279 -177.174 -24.3711
vn -0.0136399 -0.999735 -0.0185495
v 45.0106 -177.174 -24.3563
vn 0.00673837 -0.999946 0.0079288
v 45.0137 -177.159 -24.1576
vn -0.0030094 -0.982764 0.184841
v 44.8059 -177.176 -24.3936
vn 0.054892 -0.998394 -0.0140138
v 44.7177 -177.161 -24.1836
vn -0.0266312 -0.983445 0.179241
v 44.4724 -177.166 -24.2493
vn -0.0334973 -0.988908 0.144705
v 44.7443 -177.181 -24.4564
vn 0.161321 -0.986484 0.0287163
v 44.3265 -177.173 -24.3472
vn -0.108045 -0.976693 0.185465
v 44.254 -177.182 -24.4843
vn -0.0794836 -0.99514 0.0581213
v 44.3045 -177.19 -24.5999
vn -0.0245762 -0.998833 0.041587
v 44.407 -177.196 -24.6735
vn -0.0543766 -0.99673 -0.0597688
v 44.7866 -177.185 -24.5246
vn 0.104986 -0.972457 0.208101
v 44.7666 -177.204 -24.7888
vn -0.0297352 -0.997091 -0.0701776
v 45.0322 -177.19 -24.5996
vn 0.0118552 -0.992304 0.123256
v 45.0027 -177.207 -24.8405
vn -0.0133594 -0.999828 0.0128692
v 45.2313 -177.192 -24.6369
vn 0.0576386 -0.949686 0.307855
v 45.181 -177.212 -24.9046
vn -0.124239 -0.988719 -0.083657
v 45.2019 -177.217 -24.983
vn -0.179029 -0.975708 0.126268
v 45.2673 -177.236 -25.2471
vn 0.0285856 -0.996819 -0.0743987
v 45.0854 -177.223 -25.0672
vn -0.0192356 -0.984878 0.172181
v 45.0278 -177.238 -25.2819
vn 0.00302881 -0.999609 0.0278103
v 44.627 -177.238 -25.2782
vn -0.00371495 -0.999972 0.00656657
v 44.6798 -177.224 -25.0788
vn 0.00654292 -0.988328 0.152204
v 44.3253 -177.22 -25.0202
vn -0.0375607 -0.985996 0.162482
f 1//1 2//2 3//3
f 3//3 4//4 1//1
f 5//5 6//6 7//7
f 7//7 8//8 5//5
f 9//9 10//10 11//11
f 11//11 12//12 9//9
f 13//13 14//14 15//15
f 15//15 16//16 13//13
f 17//17 18//18 19//19
f 19//19 20//20 17//17
f 21//21 22//22 23//23
f 23//23 24//24 21//21
f 5//5 25//25 6//6
f 17//17 29//29 28//28
f 28//28 18//18 17//17
f 20//20 30//30 29//29
f 29//29 17//17 20//20
f 19//19 31//31 20//20
f 24//24 34//34 33//33
f 33//33 21//21 24//24
f 22//22 32//32 35//35
f 35//35 23//23 22//22
f 36//36 37//37 38//38
f 38//38 39//39 36//36
f 40//40 41//41 42//42
f 42//42 43//43 40//40
f 44//44 45//45 46//46
f 46//46 47//47 44//44
f 48//48 49//49 50//50
f 50//50 51//51 48//48
f 52//52 53//53 54//54
f 54//54 55//55 52//52
f 56//56 57//57 58//58
f 58//58 59//59 56//56
f 60//60 61//61 62//62
f 62//62 63//63 60//60
f 64//64 65//65 66//66
f 66//66 67//67 64//64
f 68//68 69//69 70//70
f 70//70 71//71 68//68
f 72//72 73//73 74//74
f 74//74 75//75 72//72
f 76//76 77//77 78//78
f 79//79 80//80 81//81
f 82//82 79//79 81//81
f 83//83 82//82 81//81
f 84//84 83//83 81//81
f 78//78 81//81 85//85
f 78//78 85//85 86//86
f 76//76 78//78 86//86
f 87//87 88//88 89//89
f 87//87 89//89 90//90
f 87//87 90//90 91//91
f 87//87 91//91 92//92
f 93//93 87//87 92//92
f 94//94 93//93 95//95
f 96//96 94//94 95//95
f 96//96 95//95 97//97
f 41//41 101//101 36//36
f 39//39 42//42 41//41
f 39//39 106//106 42//42
f 61//61 117//117 56//56
f 59//59 123//123 62//62
f 136//136 83//83 61//61
f 83//83 117//117 61//61
f 110//110 111//111 78//78
f 87//87 104//104 105//105
f 36//36 101//101 98//98
f 41//41 36//36 39//39
f 42//42 106//106 43//43
f 46//46 108//108 47//47
f 108//108 46//46 45//45
f 54//54 114//114 55//55
f 56//56 117//117 111//111
f 59//59 62//62 61//61
f 61//61 56//56 59//59
f 62//62 123//123 63//63
f 64//64 125//125 65//65
f 66//66 126//126 67//67
f 86//86 132//132 131//131
f 131//131 76//76 86//86
f 85//85 101//101 86//86
f 101//101 41//41 86//86
f 81//81 98//98 101//101
f 101//101 85//85 81//81
f 80//80 134//134 98//98
f 98//98 81//81 80//80
f 135//135 79//79 82//82
f 136//136 82//82 83//83
f 84//84 111//111 83//83
f 77//77 137//137 78//78
f 139//139 97//97 95//95
f 95//95 112//112 139//139
f 91//91 123//123 92//92
f 90//90 141//141 123//123
f 123//123 91//91 90//90
f 89//89 142//142 141//141
f 141//141 90//90 89//89
f 88//88 143//143 142//142
f 142//142 89//89 88//88
f 87//87 105//105 88//88
f 93//93 106//106 87//87
f 106//106 93//93 94//94
f 96//96 138//138 145//145
f 145//145 94//94 96//96
f 146//146 147//147 148//148
f 148//148 149//149 146//146
f 150//150 151//151 152//152
f 152//152 153//153 150//150
f 154//154 155//155 156//156
f 156//156 157//157 154//154
f 158//158 159//159 160//160
f 160//160 161//161 158//158
f 162//162 163//163 164//164
f 164//164 165//165 162//162
f 166//166 167//167 168//168
f 168//168 169//169 166//166
f 170//170 171//171 172//172
f 172//172 173//173 170//170
f 174//174 175//175 176//176
f 176//176 177//177 174//174
f 178//178 179//179 180//180
f 180//180 181//181 178//178
f 182//182 183//183 184//184
f 184//184 185//185 182//182
f 186//186 187//187 188//188
f 186//186 188//188 189//189
f 190//190 186//186 189//189
f 191//191 192//192 193//193
f 189//189 191//191 193//193
f 190//190 189//189 193//193
f 194//194 190//190 193//193
f 195//195 194//194 193//193
f 196//196 197//197 198//198
f 199//199 200//200 201//201
f 202//202 199//199 201//201
f 198//198 202//202 201//201
f 198//198 201//201 203//203
f 196//196 198//198 203//203
f 204//204 196//196 203//203
f 204//204 203//203 205//205
f 238//238 239//239 189//189
f 178//178 231//231 179//179
f 182//182 233//233 183//183
f 184//184 235//235 185//185
f 193//193 236//236 195//195
f 191//191 237//237 192//192
f 189//189 239//239 237//237
f 237//237 191//191 189//189
f 188//188 240//240 238//238
f 238//238 189//189 188//188
f 194//194 242//242 190//190
f 244//244 201//201 200//200
f 199//199 245//245 200//200
f 202//202 246//246 199//199
f 198//198 247//247 202//202
f 197//197 248//248 247//247
f 247//247 198//198 197//197
f 204//204 243//243 196//196
f 249//249 250//250 251//251
f 251//251 252//252 249//249
f 255//255 253//253 254//254
f 254//254 256//256 255//255
f 257//257 255//255 256//256
f 256//256 258//258 257//257
f 259//259 257//257 258//258
f 258//258 260//260 259//259
f 261//261 259//259 260//260
f 260//260 262//262 261//261
f 263//263 261//261 262//262
f 262//262 264//264 263//263
f 265//265 263//263 264//264
f 266//266 265//265 264//264
f 264//264 267//267 266//266
f 268//268 266//266 267//267
f 267//267 269//269 268//268
f 270//270 268//268 269//269
f 269//269 271//271 270//270
f 272//272 270//270 271//271
f 271//271 273//273 272//272
f 276//276 277//277 278//278
f 278//278 279//279 276//276
f 280//280 281//281 282//282
f 282//282 283//283 280//280
f 284//284 280//280 283//283
f 284//284 286//286 285//285
f 287//287 285//285 286//286
f 286//286 288//288 287//287
f 289//289 287//287 288//288
f 288//288 290//290 289//289
f 291//291 289//289 290//290
f 290//290 292//292 291//291
f 293//293 291//291 292//292
f 292//292 294//294 293//293
f 295//295 293//293 294//294
f 294//294 296//296 295//295
f 297//297 295//295 296//296
f 296//296 298//298 297//297
f 299//299 297//297 298//298
f 298//298 300//300 299//299
f 301//301 299//299 300//300
f 300//300 302//302 301//301
f 303//303 301//301 302//302
f 302//302 304//304 303//303
f 305//305 303//303 304//304
f 304//304 306//306 305//305
f 307//307 305//305 306//306
f 306//306 308//308 307//307
f 309//309 307//307 308//308
f 308//308 310//310 309//309
f 313//313 314//314 315//315
f 317//317 318//318 319//319
f 320//320 317//317 319//319
f 316//316 320//320 319//319
f 316//316 319//319 321//321
f 315//315 316//316 321//321
f 313//313 315//315 321//321
f 313//313 321//321 322//322
f 323//323 313//313 322//322
f 323//323 322//322 324//324
f 325//325 323//323 324//324
f 325//325 324//324 311//311
f 312//312 325//325 311//311
f 326//326 327//327 328//328
f 329//329 326//326 328//328
f 329//329 328//328 330//330
f 329//329 330//330 331//331
f 332//332 329//329 331//331
f 331//331 333//333 334//334
f 332//332 331//331 334//334
f 332//332 334//334 335//335
f 336//336 332//332 335//335
f 336//336 335//335 337//337
f 338//338 336//336 337//337
f 338//338 337//337 339//339
f 277//277 311//311 340//340
f 341//341 338//338 278//278
f 250//250 309//309 251//251
f 278//278 338//338 279//279
f 277//277 340//340 341//341
f 341//341 278//278 277//277
f 343//343 282//282 281//281
f 284//284 285//285 280//280
f 284//284 283//283 286//286
f 310//310 251//251 309//309
f 311//311 277//277 312//312
f 431//431 335//335 334//334
f 440//440 330//330 328//328
f 457//457 455//455 456//456
f 456//456 458//458 457//457
f 459//459 457//457 458//458
f 458//458 460//460 459//459
f 461//461 459//459 460//460
f 460//460 462//462 461//461
f 462//462 463//463 461//461
f 464//464 461//461 463//463
f 465//465 464//464 463//463
f 463//463 466//466 465//465
f 467//467 465//465 466//466
f 466//466 468//468 467//467
f 471//471 472//472 473//473
f 473//473 474//474 471//471
f 479//479 481//481 480//480
f 482//482 480//480 481//481
f 481//481 483//483 482//482
f 484//484 482//482 483//483
f 483//483 485//485 484//484
f 486//486 484//484 485//485
f 485//485 487//487 486//486
f 488//488 486//486 487//487
f 487//487 489//489 488//488
f 490//490 488//488 489//489
f 489//489 491//491 490//490
f 492//492 490//490 491//491
f 493//493 492//492 491//491
f 491//491 494//494 493//493
f 495//495 493//493 494//494
f 494//494 496//496 495//495
f 497//497 495//495 496//496
f 496//496 498//498 497//497
f 499//499 497//497 498//498
f 499//499 501//501 500//500
f 502//502 500//500 501//501
f 501//501 503//503 502//502
f 504//504 502//502 503//503
f 505//505 504//504 503//503
f 507//507 505//505 506//506
f 506//506 508//508 507//507
f 509//509 507//507 508//508
f 508//508 510//510 509//509
f 511//511 512//512 513//513
f 513//513 514//514 511//511
f 517//517 515//515 516//516
f 516//516 518//518 517//517
f 519//519 517//517 518//518
f 520//520 519//519 518//518
f 518//518 521//521 520//520
f 455//455 520//520 521//521
f 521//521 456//456 455//455
f 529//529 526//526 530//530
f 524//524 530//530 531//531
f 532//532 524//524 531//531
f 532//532 531//531 533//533
f 534//534 532//532 533//533
f 534//534 533//533 535//535
f 536//536 534//534 535//535
f 536//536 535//535 537//537
f 538//538 536//536 537//537
f 538//538 537//537 539//539
f 538//538 539//539 540//540
f 538//538 540//540 522//522
f 523//523 538//538 522//522
f 541//541 542//542 543//543
f 550//550 548//548 549//549
f 550//550 549//549 551//551
f 550//550 551//551 552//552
f 545//545 550//550 552//552
f 544//544 545//545 552//552
f 543//543 544//544 552//552
f 543//543 552//552 553//553
f 541//541 543//543 553//553
f 541//541 553//553 554//554
f 555//555 541//541 554//554
f 555//555 554//554 556//556
f 557//557 555//555 556//556
f 474//474 473//473 559//559
f 559//559 473//473 558//558
f 472//472 558//558 473//473
f 478//478 477//477 479//479
f 479//479 480//480 478//478
f 479//479 477//477 481//481
f 499//499 500//500 497//497
f 499//499 498//498 501//501
f 505//505 503//503 506//506
f 510//510 513//513 512//512
f 512//512 509//509 510//510
f 637//637 540//540 539//539
f 530//530 526//526 531//531
f 529//529 472//472 564//564
f 686//686 548//548 550//550
f 694//694 544//544 543//543
f 704//704 705//705 706//706
f 706//706 707//707 704//704
f 708//708 709//709 710//710
f 710//710 711//711 708//708
f 712//712 713//713 714//714
f 714//714 715//715 712//712
f 716//716 717//717 718//718
f 718//718 719//719 716//716
f 720//720 721//721 722//722
f 722//722 723//723 720//720
f 724//724 725//725 726//726
f 726//726 727//727 724//724
f 728//728 729//729 730//730
f 730//730 731//731 728//728
f 732//732 733//733 734//734
f 734//734 735//735 732//732
f 736//736 737//737 738//738
f 738//738 739//739 736//736
f 740//740 741//741 742//742
f 742//742 743//743 740//740
f 744//744 745//745 746//746
f 746//746 747//747 744//744
f 748//748 749//749 750//750
f 750//750 751//751 748//748
f 752//752 753//753 754//754
f 754//754 755//755 752//752
f 756//756 757//757 758//758
f 759//759 756//756 758//758
f 760//760 759//759 761//761
f 762//762 760//760 761//761
f 762//762 761//761 763//763
f 762//762 763//763 764//764
f 762//762 764//764 765//765
f 766//766 762//762 765//765
f 767//767 766//766 768//768
f 769//769 767//767 768//768
f 770//770 769//769 768//768
f 771//771 772//772 773//773
f 771//771 773//773 774//774
f 771//771 774//774 775//775
f 771//771 775//775 776//776
f 777//777 771//771 776//776
f 778//778 777//777 779//779
f 780//780 778//778 779//779
f 780//780 779//779 781//781
f 780//780 781//781 782//782
f 780//780 782//782 783//783
f 784//784 780//780 783//783
f 789//789 709//709 704//704
f 710//710 789//789 707//707
f 795//795 708//708 713//713
f 711//711 803//803 714//714
f 729//729 811//811 724//724
f 727//727 816//816 730//730
f 814//814 728//728 733//733
f 734//734 731//731 815//815
f 745//745 831//831 740//740
f 743//743 834//834 746//746
f 835//835 748//748 753//753
f 757//757 835//835 753//753
f 767//767 811//811 729//729
f 782//782 816//816 727//727
f 774//774 834//834 743//743
f 778//778 803//803 711//711
f 707//707 789//789 704//704
f 708//708 795//795 709//709
f 709//709 789//789 710//710
f 714//714 803//803 801//801
f 713//713 708//708 711//711
f 711//711 714//714 713//713
f 719//719 722//722 721//721
f 721//721 716//716 719//719
f 724//724 811//811 810//810
f 726//726 813//813 727//727
f 813//813 726//726 725//725
f 728//728 814//814 729//729
f 730//730 816//816 731//731
f 729//729 724//724 727//727
f 727//727 730//730 729//729
f 734//734 815//815 859//859
f 733//733 728//728 731//731
f 731//731 734//734 733//733
f 739//739 742//742 736//736
f 740//740 831//831 741//741
f 745//745 740//740 743//743
f 741//741 736//736 742//742
f 746//746 834//834 833//833
f 743//743 746//746 745//745
f 748//748 835//835 749//749
f 753//753 748//748 751//751
f 751//751 754//754 753//753
f 768//768 799//799 842//842
f 764//764 795//795 765//765
f 761//761 786//786 844//844
f 844//844 763//763 761//761
f 788//788 758//758 757//757
f 757//757 753//753 788//788
f 835//835 757//757 756//756
f 759//759 831//831 845//845
f 845//845 756//756 759//759
f 831//831 745//745 845//845
f 760//760 846//846 831//831
f 831//831 759//759 760//760
f 846//846 760//760 820//820
f 766//766 814//814 820//820
f 820//820 762//762 766//766
f 814//814 733//733 819//819
f 814//814 766//766 767//767
f 767//767 729//729 814//814
f 769//769 847//847 767//767
f 770//770 842//842 847//847
f 847//847 769//769 770//770
f 783//783 849//849 784//784
f 849//849 783//783 782//782
f 782//782 727//727 849//849
f 781//781 815//815 816//816
f 816//816 782//782 781//781
f 779//779 822//822 781//781
f 775//775 850//850 822//822
f 822//822 776//776 775//775
f 774//774 743//743 775//775
f 773//773 851//851 774//774
f 772//772 852//852 851//851
f 851//851 773//773 772//772
f 771//771 794//794 852//852
f 852//852 772//772 771//771
f 777//777 853//853 793//793
f 793//793 771//771 777//777
f 853//853 777//777 778//778
f 778//778 711//711 853//853
f 803//803 778//778 854//854
f 854//854 801//801 803//803
f 784//784 848//848 780//780
f 864//864 865//865 866//866
f 866//866 867//867 864//864
f 868//868 869//869 870//870
f 870//870 871//871 868//868
f 872//872 873//873 874//874
f 874//874 875//875 872//872
f 876//876 877//877 878//878
f 878//878 879//879 876//876
f 880//880 881//881 882//882
f 882//882 883//883 880//880
f 884//884 885//885 886//886
f 886//886 887//887 884//884
f 888//888 889//889 890//890
f 890//890 891//891 888//888
f 892//892 893//893 894//894
f 894//894 895//895 892//892
f 896//896 897//897 898//898
f 898//898 899//899 896//896
f 900//900 901//901 902//902
f 902//902 903//903 900//900
f 904//904 905//905 906//906
f 906//906 907//907 904//904
f 908//908 909//909 910//910
f 910//910 911//911 908//908
f 912//912 913//913 914//914
f 915//915 916//916 917//917
f 918//918 919//919 920//920
f 917//917 918//918 920//920
f 915//915 917//917 920//920
f 914//914 915//915 920//920
f 914//914 920//920 921//921
f 912//912 914//914 921//921
f 921//921 922//922 923//923
f 912//912 921//921 923//923
f 924//924 925//925 926//926
f 927//927 928//928 929//929
f 930//930 931//931 932//932
f 929//929 930//930 932//932
f 927//927 929//929 932//932
f 926//926 927//927 932//932
f 926//926 932//932 933//933
f 924//924 926//926 933//933
f 934//934 924//924 933//933
f 934//934 933//933 935//935
f 876//876 950//950 877//877
f 878//878 951//951 879//879
f 951//951 878//878 877//877
f 900//900 969//969 901//901
f 902//902 970//970 903//903
f 970//970 902//902 901//901
f 923//923 974//974 973//973
f 973//973 912//912 923//923
f 922//922 975//975 923//923
f 920//920 977//977 921//921
f 918//918 978//978 919//919
f 917//917 979//979 978//978
f 978//978 918//918 917//917
f 916//916 980//980 979//979
f 979//979 917//917 916//916
f 913//913 982//982 914//914
f 935//935 984//984 934//934
f 932//932 986//986 933//933
f 930//930 987//987 931//931
f 929//929 988//988 987//987
f 987//987 930//930 929//929
f 988//988 929//929 928//928
f 925//925 990//990 926//926
f 934//934 983//983 991//991
f 991//991 924//924 934//934
f 992//992 993//993 994//994
f 994//994 995//995 992//992
f 996//996 997//997 998//998
f 998//998 999//999 996//996
f 1000//1000 1001//1001 1002//1002
f 1002//1002 1003//1003 1000//1000
f 1004//1004 1005//1005 1006//1006
f 1006//1006 1007//1007 1004//1004
f 1008//1008 1009//1009 1010//1010
f 1010//1010 1011//1011 1008//1008
f 1012//1012 1013//1013 1014//1014
f 1014//1014 1015//1015 1012//1012
f 1016//1016 1017//1017 1018//1018
f 1018//1018 1019//1019 1016//1016
f 1020//1020 1021//1021 1022//1022
f 1022//1022 1023//1023 1020//1020
f 1024//1024 1025//1025 1026//1026
f 1026//1026 1027//1027 1024//1024
f 1028//1028 1029//1029 1030//1030
f 1030//1030 1031//1031 1028//1028
f 1032//1032 1033//1033 1034//1034
f 1034//1034 1035//1035 1032//1032
f 1036//1036 1037//1037 1038//1038
f 1038//1038 1039//1039 1036//1036
f 1040//1040 1041//1041 1042//1042
f 1040//1040 1042//1042 1043//1043
f 1040//1040 1043//1043 1044//1044
f 1045//1045 1040//1040 1044//1044
f 1046//1046 1047//1047 1048//1048
f 1044//1044 1046//1046 1048//1048
f 1044//1044 1048//1048 1049//1049
f 1045//1045 1044//1044 1049//1049
f 1050//1050 1045//1045 1049//1049
f 1051//1051 1050//1050 1049//1049
f 1052//1052 1053//1053 1054//1054
f 1052//1052 1054//1054 1055//1055
f 1052//1052 1055//1055 1056//1056
f 1057//1057 1052//1052 1056//1056
f 1058//1058 1059//1059 1060//1060
f 1056//1056 1058//1058 1060//1060
f 1056//1056 1060//1060 1061//1061
f 1057//1057 1056//1056 1061//1061
f 1062//1062 1057//1057 1061//1061
f 1062//1062 1061//1061 1063//1063
f 1106//1106 1107//1107 1044//1044
f 1043//1043 1108//1108 1109//1109
f 1116//1116 1117//1117 1056//1056
f 1055//1055 1118//1118 1119//1119
f 1016//1016 1087//1087 1017//1017
f 1018//1018 1089//1089 1019//1019
f 1026//1026 1094//1094 1027//1027
f 1044//1044 1107//1107 1046//1046
f 1043//1043 1109//1109 1106//1106
f 1106//1106 1044//1044 1043//1043
f 1042//1042 1110//1110 1108//1108
f 1108//1108 1043//1043 1042//1042
f 1040//1040 1111//1111 1041//1041
f 1050//1050 1113//1113 1045//1045
f 1058//1058 1115//1115 1059//1059
f 1056//1056 1117//1117 1058//1058
f 1055//1055 1119//1119 1116//1116
f 1116//1116 1056//1056 1055//1055
f 1054//1054 1120//1120 1118//1118
f 1118//1118 1055//1055 1054//1054
f 1052//1052 1121//1121 1053//1053
f 1062//1062 1114//1114 1057//1057
f 1122//1122 1123//1123 1124//1124
f 1124//1124 1125//1125 1122//1122
f 1126//1126 1127//1127 1128//1128
f 1128//1128 1129//1129 1126//1126
f 1130//1130 1131//1131 1132//1132
f 1132//1132 1133//1133 1130//1130
f 1134//1134 1135//1135 1136//1136
f 1136//1136 1137//1137 1134//1134
f 1138//1138 1139//1139 1140//1140
f 1140//1140 1141//1141 1138//1138
f 1142//1142 1143//1143 1144//1144
f 1144//1144 1145//1145 1142//1142
f 1146//1146 1147//1147 1148//1148
f 1148//1148 1149//1149 1146//1146
f 1150//1150 1151//1151 1152//1152
f 1152//1152 1153//1153 1150//1150
f 1154//1154 1155//1155 1156//1156
f 1156//1156 1157//1157 1154//1154
f 1158//1158 1159//1159 1160//1160
f 1160//1160 1161//1161 1158//1158
f 1162//1162 1163//1163 1164//1164
f 1164//1164 1165//1165 1162//1162
f 1166//1166 1167//1167 1168//1168
f 1168//1168 1169//1169 1166//1166
f 1170//1170 1171//1171 1172//1172
f 1170//1170 1172//1172 1173//1173
f 1170//1170 1173//1173 1174//1174
f 1175//1175 1170//1170 1174//1174
f 1176//1176 1177//1177 1178//1178
f 1174//1174 1176//1176 1178//1178
f 1174//1174 1178//1178 1179//1179
f 1175//1175 1174//1174 1179//1179
f 1180//1180 1175//1175 1179//1179
f 1181//1181 1180//1180 1179//1179
f 1182//1182 1183//1183 1184//1184
f 1182//1182 1184//1184 1185//1185
f 1182//1182 1185//1185 1186//1186
f 1187//1187 1182//1182 1186//1186
f 1188//1188 1189//1189 1190//1190
f 1186//1186 1188//1188 1190//1190
f 1186//1186 1190//1190 1191//1191
f 1187//1187 1186//1186 1191//1191
f 1192//1192 1187//1187 1191//1191
f 1192//1192 1191//1191 1193//1193
f 1237//1237 1238//1238 1174//1174
f 1173//1173 1239//1239 1240//1240
f 1246//1246 1247//1247 1186//1186
f 1185//1185 1248//1248 1249//1249
f 1146//1146 1216//1216 1147//1147
f 1148//1148 1218//1218 1149//1149
f 1150//1150 1219//1219 1151//1151
f 1152//1152 1220//1220 1153//1153
f 1156//1156 1223//1223 1157//1157
f 1164//1164 1229//1229 1165//1165
f 1176//1176 1236//1236 1177//1177
f 1174//1174 1238//1238 1176//1176
f 1173//1173 1240//1240 1237//1237
f 1237//1237 1174//1174 1173//1173
f 1172//1172 1241//1241 1239//1239
f 1239//1239 1173//1173 1172//1172
f 1170//1170 1242//1242 1171//1171
f 1180//1180 1243//1243 1175//1175
f 1188//1188 1245//1245 1189//1189
f 1186//1186 1247//1247 1188//1188
f 1185//1185 1249//1249 1246//1246
f 1246//1246 1186//1186 1185//1185
f 1184//1184 1250//1250 1248//1248
f 1248//1248 1185//1185 1184//1184
f 1182//1182 1251//1251 1183//1183
f 1192//1192 1244//1244 1187//1187
f 1252//1252 1253//1253 1254//1254
f 1254//1254 1255//1255 1252//1252
f 1256//1256 1257//1257 1258//1258
f 1258//1258 1259//1259 1256//1256
f 1260//1260 1261//1261 1262//1262
f 1262//1262 1263//1263 1260//1260
f 1264//1264 1265//1265 1266//1266
f 1266//1266 1267//1267 1264//1264
f 1268//1268 1269//1269 1270//1270
f 1270//1270 1271//1271 1268//1268
f 1272//1272 1273//1273 1274//1274
f 1274//1274 1275//1275 1272//1272
f 1276//1276 1277//1277 1278//1278
f 1278//1278 1279//1279 1280//1280
f 1278//1278 1280//1280 1281//1281
f 1276//1276 1278//1278 1281//1281
f 1282//1282 1283//1283 1284//1284
f 1285//1285 1282//1282 1284//1284
f 1286//1286 1285//1285 1284//1284
f 1286//1286 1284//1284 1287//1287
f 1278//1278 1306//1306 1307//1307
f 1312//1312 1313//1313 1285//1285
f 1258//1258 1289//1289 1259//1259
f 1262//1262 1292//1292 1263//1263
f 1281//1281 1303//1303 1276//1276
f 1280//1280 1304//1304 1281//1281
f 1279//1279 1305//1305 1304//1304
f 1304//1304 1280//1280 1279//1279
f 1278//1278 1307//1307 1279//1279
f 1306//1306 1278//1278 1277//1277
f 1283//1283 1310//1310 1284//1284
f 1285//1285 1313//1313 1311//1311
f 1311//1311 1282//1282 1285//1285
f 1286//1286 1308//1308 1312//1312
f 1312//1312 1285//1285 1286//1286
f 1316//1316 1314//1314 1315//1315
f 1317//1317 1316//1316 1315//1315
f 1315//1315 1318//1318 1317//1317
f 1319//1319 1317//1317 1318//1318
f 1318//1318 1320//1320 1319//1319
f 1320//1320 1321//1321 1319//1319
f 1322//1322 1319//1319 1321//1321
f 1321//1321 1323//1323 1322//1322
f 1324//1324 1322//1322 1323//1323
f 1323//1323 1325//1325 1324//1324
f 1326//1326 1324//1324 1325//1325
f 1325//1325 1327//1327 1326//1326
f 1328//1328 1326//1326 1327//1327
f 1327//1327 1329//1329 1328//1328
f 1329//1329 1330//1330 1328//1328
f 1331//1331 1328//1328 1330//1330
f 1334//1334 1335//1335 1336//1336
f 1336//1336 1337//1337 1334//1334
f 1339//1339 1340//1340 1338//1338
f 1341//1341 1338//1338 1340//1340
f 1340//1340 1342//1342 1341//1341
f 1343//1343 1341//1341 1342//1342
f 1342//1342 1344//1344 1343//1343
f 1345//1345 1343//1343 1344//1344
f 1347//1347 1345//1345 1346//1346
f 1348//1348 1350//1350 1349//1349
f 1351//1351 1349//1349 1350//1350
f 1350//1350 1352//1352 1351//1351
f 1353//1353 1351//1351 1352//1352
f 1352//1352 1354//1354 1353//1353
f 1355//1355 1353//1353 1354//1354
f 1356//1356 1355//1355 1354//1354
f 1354//1354 1357//1357 1356//1356
f 1358//1358 1356//1356 1357//1357
f 1358//1358 1360//1360 1359//1359
f 1361//1361 1359//1359 1360//1360
f 1360//1360 1362//1362 1361//1361
f 1362//1362 1363//1363 1361//1361
f 1364//1364 1361//1361 1363//1363
f 1363//1363 1365//1365 1364//1364
f 1366//1366 1364//1364 1365//1365
f 1367//1367 1366//1366 1365//1365
f 1365//1365 1368//1368 1367//1367
f 1369//1369 1367//1367 1368//1368
f 1368//1368 1370//1370 1369//1369
f 1371//1371 1369//1369 1370//1370
f 1370//1370 1372//1372 1371//1371
f 1373//1373 1371//1371 1372//1372
f 1372//1372 1374//1374 1373//1373
f 1374//1374 1375//1375 1373//1373
f 1376//1376 1373//1373 1375//1375
f 1375//1375 1377//1377 1376//1376
f 1378//1378 1376//1376 1377//1377
f 1377//1377 1379//1379 1378//1378
f 1380//1380 1378//1378 1379//1379
f 1379//1379 1381//1381 1380//1380
f 1381//1381 1382//1382 1380//1380
f 1383//1383 1380//1380 1382//1382
f 1384//1384 1385//1385 1386//1386
f 1386//1386 1387//1387 1384//1384
f 1390//1390 1388//1388 1389//1389
f 1390//1390 1392//1392 1391//1391
f 1392//1392 1393//1393 1391//1391
f 1394//1394 1391//1391 1393//1393
f 1395//1395 1394//1394 1393//1393
f 1393//1393 1396//1396 1395//1395
f 1397//1397 1395//1395 1396//1396
f 1396//1396 1398//1398 1397//1397
f 1399//1399 1397//1397 1398//1398
f 1398//1398 1400//1400 1399//1399
f 1400//1400 1401//1401 1399//1399
f 1402//1402 1399//1399 1401//1401
f 1401//1401 1403//1403 1402//1402
f 1404//1404 1402//1402 1403//1403
f 1403//1403 1405//1405 1404//1404
f 1406//1406 1404//1404 1405//1405
f 1405//1405 1407//1407 1406//1406
f 1408//1408 1406//1406 1407//1407
f 1407//1407 1409//1409 1408//1408
f 1409//1409 1410//1410 1408//1408
f 1411//1411 1408//1408 1410//1410
f 1410//1410 1412//1412 1411//1411
f 1413//1413 1411//1411 1412//1412
f 1414//1414 1413//1413 1412//1412
f 1412//1412 1415//1415 1414//1414
f 1416//1416 1414//1414 1415//1415
f 1416//1416 1417//1417 1314//1314
f 1417//1417 1315//1315 1314//1314
f 1422//1422 1423//1423 1424//1424
f 1425//1425 1422//1422 1424//1424
f 1425//1425 1424//1424 1426//1426
f 1427//1427 1425//1425 1426//1426
f 1428//1428 1427//1427 1426//1426
f 1428//1428 1426//1426 1429//1429
f 1428//1428 1429//1429 1430//1430
f 1430//1430 1431//1431 1432//1432
f 1428//1428 1430//1430 1432//1432
f 1433//1433 1428//1428 1432//1432
f 1433//1433 1432//1432 1434//1434
f 1433//1433 1434//1434 1435//1435
f 1421//1421 1433//1433 1435//1435
f 1420//1420 1421//1421 1435//1435
f 1419//1419 1420//1420 1435//1435
f 1419//1419 1435//1435 1436//1436
f 1437//1437 1419//1419 1436//1436
f 1437//1437 1436//1436 1438//1438
f 1439//1439 1437//1437 1438//1438
f 1439//1439 1438//1438 1440//1440
f 1439//1439 1440//1440 1441//1441
f 1418//1418 1439//1439 1441//1441
f 1442//1442 1443//1443 1444//1444
f 1446//1446 1447//1447 1448//1448
f 1449//1449 1446//1446 1448//1448
f 1449//1449 1448//1448 1450//1450
f 1449//1449 1450//1450 1451//1451
f 1445//1445 1449//1449 1451//1451
f 1444//1444 1445//1445 1451//1451
f 1442//1442 1444//1444 1451//1451
f 1442//1442 1451//1451 1452//1452
f 1453//1453 1442//1442 1452//1452
f 1453//1453 1452//1452 1454//1454
f 1455//1455 1453//1453 1454//1454
f 1455//1455 1454//1454 1456//1456
f 1455//1455 1456//1456 1457//1457
f 1455//1455 1457//1457 1458//1458
f 1455//1455 1458//1458 1459//1459
f 1460//1460 1455//1455 1459//1459
f 1461//1461 1460//1460 1459//1459
f 1461//1461 1459//1459 1462//1462
f 1463//1463 1461//1461 1462//1462
f 1335//1335 1464//1464 1336//1336
f 1345//1345 1344//1344 1346//1346
f 1347//1347 1346//1346 1348//1348
f 1348//1348 1349//1349 1347//1347
f 1358//1358 1359//1359 1356//1356
f 1385//1385 1383//1383 1382//1382
f 1382//1382 1386//1386 1385//1385
f 1390//1390 1391//1391 1388//1388
f 1414//1414 1416//1416 1314//1314
f 1585//1585 1430//1430 1429//1429
f 1609//1609 1419//1419 1437//1437
f 1612//1612 1437//1437 1439//1439
f 1619//1619 1462//1462 1459//1459
f 1622//1622 1459//1459 1458//1458
f 1630//1630 1456//1456 1454//1454
f 1644//1644 1446//1446 1449//1449
f 1648//1648 1449//1449 1445//1445
f 1671//1671 1672//1672 1673//1673
f 1673//1673 1674//1674 1671//1671
f 1675//1675 1676//1676 1677//1677
f 1677//1677 1678//1678 1675//1675
f 1679//1679 1680//1680 1681//1681
f 1681//1681 1682//1682 1679//1679
f 1683//1683 1684//1684 1685//1685
f 1685//1685 1686//1686 1683//1683
f 1687//1687 1688//1688 1689//1689
f 1689//1689 1690//1690 1687//1687
f 1691//1691 1692//1692 1693//1693
f 1693//1693 1694//1694 1691//1691
f 1685//1685 1696//1696 1686//1686
f 1696//1696 1685//1685 1684//1684
f 1687//1687 1698//1698 1688//1688
f 1690//1690 1699//1699 1687//1687
f 1689//1689 1700//1700 1690//1690
f 1688//1688 1697//1697 1689//1689
f 1694//1694 1703//1703 1702//1702
f 1702//1702 1691//1691 1694//1694
f 1692//1692 1701//1701 1704//1704
f 1704//1704 1693//1693 1692//1692
f 1705//1705 1706//1706 1707//1707
f 1707//1707 1708//1708 1705//1705
f 1709//1709 1710//1710 1711//1711
f 1711//1711 1712//1712 1709//1709
f 1713//1713 1714//1714 1715//1715
f 1715//1715 1716//1716 1713//1713
f 1717//1717 1718//1718 1719//1719
f 1719//1719 1720//1720 1717//1717
f 1721//1721 1722//1722 1723//1723
f 1723//1723 1724//1724 1721//1721
f 1725//1725 1726//1726 1727//1727
f 1727//1727 1728//1728 1725//1725
f 1729//1729 1730//1730 1731//1731
f 1731//1731 1732//1732 1729//1729
f 1733//1733 1734//1734 1735//1735
f 1735//1735 1736//1736 1733//1733
f 1737//1737 1738//1738 1739//1739
f 1739//1739 1740//1740 1737//1737
f 1741//1741 1742//1742 1743//1743
f 1743//1743 1744//1744 1741//1741
f 1745//1745 1746//1746 1747//1747
f 1748//1748 1749//1749 1750//1750
f 1751//1751 1748//1748 1750//1750
f 1752//1752 1751//1751 1750//1750
f 1753//1753 1752//1752 1750//1750
f 1747//1747 1750//1750 1754//1754
f 1747//1747 1754//1754 1755//1755
f 1745//1745 1747//1747 1755//1755
f 1756//1756 1757//1757 1758//1758
f 1756//1756 1758//1758 1759//1759
f 1756//1756 1759//1759 1760//1760
f 1756//1756 1760//1760 1761//1761
f 1762//1762 1756//1756 1761//1761
f 1763//1763 1762//1762 1764//1764
f 1765//1765 1763//1763 1764//1764
f 1765//1765 1764//1764 1766//1766
f 1710//1710 1769//1769 1705//1705
f 1708//1708 1776//1776 1711//1711
f 1730//1730 1790//1790 1725//1725
f 1731//1731 1728//1728 1791//1791
f 1705//1705 1769//1769 1767//1767
f 1708//1708 1711//1711 1705//1705
f 1711//1711 1776//1776 1712//1712
f 1710//1710 1705//1705 1711//1711
f 1713//1713 1778//1778 1714//1714
f 1715//1715 1780//1780 1716//1716
f 1725//1725 1790//1790 1783//1783
f 1730//1730 1725//1725 1728//1728
f 1731//1731 1791//1791 1732//1732
f 1728//1728 1731//1731 1730//1730
f 1733//1733 1794//1794 1734//1734
f 1755//1755 1801//1801 1800//1800
f 1800//1800 1745//1745 1755//1755
f 1754//1754 1769//1769 1755//1755
f 1769//1769 1710//1710 1755//1755
f 1750//1750 1767//1767 1769//1769
f 1769//1769 1754//1754 1750//1750
f 1749//1749 1803//1803 1750//1750
f 1751//1751 1805//1805 1804//1804
f 1804//1804 1748//1748 1751//1751
f 1752//1752 1790//1790 1751//1751
f 1790//1790 1730//1730 1751//1751
f 1753//1753 1783//1783 1790//1790
f 1790//1790 1752//1752 1753//1753
f 1746//1746 1807//1807 1747//1747
f 1808//1808 1765//1765 1766//1766
f 1764//1764 1785//1785 1809//1809
f 1809//1809 1766//1766 1764//1764
f 1760//1760 1791//1791 1785//1785
f 1785//1785 1761//1761 1760//1760
f 1791//1791 1760//1760 1759//1759
f 1758//1758 1812//1812 1811//1811
f 1811//1811 1759//1759 1758//1758
f 1757//1757 1813//1813 1758//1758
f 1756//1756 1773//1773 1813//1813
f 1762//1762 1776//1776 1756//1756
f 1776//1776 1708//1708 1814//1814
f 1763//1763 1815//1815 1776//1776
f 1776//1776 1762//1762 1763//1763
f 1765//1765 1808//1808 1815//1815
f 1815//1815 1763//1763 1765//1765
f 1816//1816 1817//1817 1818//1818
f 1818//1818 1819//1819 1816//1816
f 1820//1820 1821//1821 1822//1822
f 1822//1822 1823//1823 1820//1820
f 1824//1824 1825//1825 1826//1826
f 1826//1826 1827//1827 1824//1824
f 1828//1828 1829//1829 1830//1830
f 1830//1830 1831//1831 1828//1828
f 1832//1832 1833//1833 1834//1834
f 1834//1834 1835//1835 1832//1832
f 1836//1836 1837//1837 1838//1838
f 1838//1838 1839//1839 1836//1836
f 1840//1840 1841//1841 1842//1842
f 1842//1842 1843//1843 1840//1840
f 1844//1844 1845//1845 1846//1846
f 1846//1846 1847//1847 1844//1844
f 1848//1848 1849//1849 1850//1850
f 1850//1850 1851//1851 1848//1848
f 1852//1852 1853//1853 1854//1854
f 1854//1854 1855//1855 1852//1852
f 1856//1856 1857//1857 1858//1858
f 1856//1856 1858//1858 1859//1859
f 1860//1860 1856//1856 1859//1859
f 1861//1861 1862//1862 1863//1863
f 1859//1859 1861//1861 1863//1863
f 1860//1860 1859//1859 1863//1863
f 1864//1864 1860//1860 1863//1863
f 1865//1865 1864//1864 1863//1863
f 1866//1866 1867//1867 1868//1868
f 1869//1869 1870//1870 1871//1871
f 1872//1872 1869//1869 1871//1871
f 1868//1868 1872//1872 1871//1871
f 1868//1868 1871//1871 1873//1873
f 1866//1866 1868//1868 1873//1873
f 1874//1874 1866//1866 1873//1873
f 1874//1874 1873//1873 1875//1875
f 1859//1859 1911//1911 1912//1912
f 1918//1918 1919//1919 1872//1872
f 1848//1848 1903//1903 1849//1849
f 1850//1850 1905//1905 1851//1851
f 1863//1863 1908//1908 1865//1865
f 1862//1862 1909//1909 1908//1908
f 1908//1908 1863//1863 1862//1862
f 1859//1859 1912//1912 1910//1910
f 1910//1910 1861//1861 1859//1859
f 1858//1858 1913//1913 1911//1911
f 1911//1911 1859//1859 1858//1858
f 1864//1864 1914//1914 1860//1860
f 1871//1871 1916//1916 1873//1873
f 1916//1916 1871//1871 1870//1870
f 1869//1869 1917//1917 1870//1870
f 1872//1872 1919//1919 1869//1869
f 1868//1868 1920//1920 1918//1918
f 1918//1918 1872//1872 1868//1868
f 1867//1867 1921//1921 1920//1920
f 1920//1920 1868//1868 1867//1867
f 1874//1874 1915//1915 1866//1866
f 1922//1922 1923//1923 1924//1924
f 1924//1924 1925//1925 1922//1922
f 1927//1927 1928//1928 1926//1926
f 1929//1929 1926//1926 1928//1928
f 1928//1928 1930//1930 1929//1929
f 1931//1931 1929//1929 1930//1930
f 1932//1932 1931//1931 1930//1930
f 1930//1930 1933//1933 1932//1932
f 1934//1934 1932//1932 1933//1933
f 1933//1933 1935//1935 1934//1934
f 1936//1936 1934//1934 1935//1935
f 1935//1935 1937//1937 1936//1936
f 1938//1938 1936//1936 1937//1937
f 1937//1937 1939//1939 1938//1938
f 1940//1940 1938//1938 1939//1939
f 1939//1939 1941//1941 1940//1940
f 1942//1942 1940//1940 1941//1941
f 1941//1941 1943//1943 1942//1942
f 1944//1944 1942//1942 1943//1943
f 1943//1943 1945//1945 1944//1944
f 1948//1948 1949//1949 1950//1950
f 1950//1950 1951//1951 1948//1948
f 1952//1952 1953//1953 1954//1954
f 1954//1954 1955//1955 1952//1952
f 1956//1956 1952//1952 1955//1955
f 1956//1956 1958//1958 1957//1957
f 1958//1958 1959//1959 1957//1957
f 1960//1960 1957//1957 1959//1959
f 1959//1959 1961//1961 1960//1960
f 1962//1962 1960//1960 1961//1961
f 1961//1961 1963//1963 1962//1962
f 1964//1964 1962//1962 1963//1963
f 1963//1963 1965//1965 1964//1964
f 1966//1966 1964//1964 1965//1965
f 1965//1965 1967//1967 1966//1966
f 1968//1968 1966//1966 1967//1967
f 1967//1967 1969//1969 1968//1968
f 1970//1970 1968//1968 1969//1969
f 1969//1969 1971//1971 1970//1970
f 1972//1972 1970//1970 1971//1971
f 1971//1971 1973//1973 1972//1972
f 1974//1974 1972//1972 1973//1973
f 1973//1973 1975//1975 1974//1974
f 1976//1976 1974//1974 1975//1975
f 1975//1975 1977//1977 1976//1976
f 1978//1978 1976//1976 1977//1977
f 1977//1977 1979//1979 1978//1978
f 1982//1982 1983//1983 1984//1984
f 1984//1984 1985//1985 1986//1986
f 1986//1986 1987//1987 1988//1988
f 1986//1986 1988//1988 1989//1989
f 1984//1984 1986//1986 1989//1989
f 1984//1984 1989//1989 1990//1990
f 1982//1982 1984//1984 1990//1990
f 1982//1982 1990//1990 1991//1991
f 1992//1992 1982//1982 1991//1991
f 1993//1993 1992//1992 1991//1991
f 1993//1993 1991//1991 1994//1994
f 1993//1993 1994//1994 1980//1980
f 1981//1981 1993//1993 1980//1980
f 1995//1995 1996//1996 1997//1997
f 1998//1998 1995//1995 1997//1997
f 1998//1998 1997//1997 1999//1999
f 2000//2000 1998//1998 1999//1999
f 2000//2000 1999//1999 2001//2001
f 2000//2000 2001//2001 2002//2002
f 2000//2000 2002//2002 2003//2003
f 2004//2004 2000//2000 2003//2003
f 2005//2005 2004//2004 2003//2003
f 2005//2005 2003//2003 2006//2006
f 1949//1949 1980//1980 1950//1950
f 1950//1950 2005//2005 1951//1951
f 2008//2008 1954//1954 1953//1953
f 1956//1956 1957//1957 1952//1952
f 1956//1956 1955//1955 1958//1958
f 1979//1979 1924//1924 1923//1923
f 1923//1923 1978//1978 1979//1979
f 1980//1980 1949//1949 1981//1981
f 2095//2095 2002//2002 2001//2001
f 2102//2102 2001//2001 1999//1999
f 2108//2108 1997//1997 1996//1996
f 2121//2121 2119//2119 2120//2120
f 2120//2120 2122//2122 2121//2121
f 2123//2123 2121//2121 2122//2122
f 2122//2122 2124//2124 2123//2123
f 2125//2125 2123//2123 2124//2124
f 2124//2124 2126//2126 2125//2125
f 2126//2126 2127//2127 2125//2125
f 2128//2128 2125//2125 2127//2127
f 2127//2127 2129//2129 2128//2128
f 2130//2130 2128//2128 2129//2129
f 2129//2129 2131//2131 2130//2130
f 2132//2132 2130//2130 2131//2131
f 2135//2135 2136//2136 2137//2137
f 2137//2137 2138//2138 2135//2135
f 2142//2142 2143//2143 2141//2141
f 2144//2144 2141//2141 2143//2143
f 2143//2143 2145//2145 2144//2144
f 2146//2146 2144//2144 2145//2145
f 2145//2145 2147//2147 2146//2146
f 2148//2148 2146//2146 2147//2147
f 2147//2147 2149//2149 2148//2148
f 2150//2150 2148//2148 2149//2149
f 2149//2149 2151//2151 2150//2150
f 2152//2152 2150//2150 2151//2151
f 2151//2151 2153//2153 2152//2152
f 2154//2154 2152//2152 2153//2153
f 2153//2153 2155//2155 2154//2154
f 2156//2156 2154//2154 2155//2155
f 2155//2155 2157//2157 2156//2156
f 2158//2158 2156//2156 2157//2157
f 2157//2157 2159//2159 2158//2158
f 2160//2160 2158//2158 2159//2159
f 2161//2161 2163//2163 2162//2162
f 2164//2164 2162//2162 2163//2163
f 2163//2163 2165//2165 2164//2164
f 2166//2166 2164//2164 2165//2165
f 2165//2165 2167//2167 2166//2166
f 2169//2169 2167//2167 2168//2168
f 2168//2168 2170//2170 2169//2169
f 2170//2170 2172//2172 2171//2171
f 2173//2173 2174//2174 2175//2175
f 2175//2175 2176//2176 2173//2173
f 2179//2179 2177//2177 2178//2178
f 2178//2178 2180//2180 2179//2179
f 2181//2181 2179//2179 2180//2180
f 2180//2180 2182//2182 2181//2181
f 2183//2183 2181//2181 2182//2182
f 2182//2182 2184//2184 2183//2183
f 2119//2119 2183//2183 2184//2184
f 2184//2184 2120//2120 2119//2119
f 2185//2185 2186//2186 2187//2187
f 2193//2193 2190//2190 2194//2194
f 2188//2188 2194//2194 2195//2195
f 2196//2196 2188//2188 2195//2195
f 2196//2196 2195//2195 2197//2197
f 2198//2198 2196//2196 2197//2197
f 2197//2197 2199//2199 2200//2200
f 2198//2198 2197//2197 2200//2200
f 2201//2201 2198//2198 2200//2200
f 2201//2201 2200//2200 2202//2202
f 2201//2201 2202//2202 2203//2203
f 2201//2201 2203//2203 2185//2185
f 2187//2187 2201//2201 2185//2185
f 2204//2204 2205//2205 2206//2206
f 2210//2210 2211//2211 2212//2212
f 2207//2207 2210//2210 2212//2212
f 2207//2207 2212//2212 2213//2213
f 2206//2206 2207//2207 2213//2213
f 2204//2204 2206//2206 2213//2213
f 2204//2204 2213//2213 2214//2214
f 2204//2204 2214//2214 2215//2215
f 2216//2216 2204//2204 2215//2215
f 2216//2216 2215//2215 2217//2217
f 2218//2218 2216//2216 2217//2217
f 2220//2220 2137//2137 2219//2219
f 2137//2137 2220//2220 2138//2138
f 2136//2136 2219//2219 2137//2137
f 2160//2160 2159//2159 2161//2161
f 2161//2161 2162//2162 2160//2160
f 2167//2167 2169//2169 2166//2166
f 2167//2167 2165//2165 2168//2168
f 2170//2170 2171//2171 2169//2169
f 2174//2174 2171//2171 2172//2172
f 2172//2172 2175//2175 2174//2174
f 2193//2193 2136//2136 2223//2223
f 2217//2217 2224//2224 2218//2218
f 2210//2210 2353//2353 2351//2351
f 2353//2353 2210//2210 2207//2207
f 2216//2216 2367//2367 2365//2365
f 2365//2365 2204//2204 2216//2216
f 2372//2372 2373//2373 2374//2374
f 2374//2374 2375//2375 2372//2372
f 2376//2376 2377//2377 2378//2378
f 2378//2378 2379//2379 2376//2376
f 2380//2380 2381//2381 2382//2382
f 2382//2382 2383//2383 2380//2380
f 2384//2384 2385//2385 2386//2386
f 2386//2386 2387//2387 2384//2384
f 2388//2388 2389//2389 2390//2390
f 2390//2390 2391//2391 2388//2388
f 2392//2392 2393//2393 2394//2394
f 2394//2394 2395//2395 2392//2392
f 2396//2396 2397//2397 2398//2398
f 2398//2398 2399//2399 2396//2396
f 2400//2400 2401//2401 2402//2402
f 2402//2402 2403//2403 2400//2400
f 2404//2404 2405//2405 2406//2406
f 2406//2406 2407//2407 2404//2404
f 2408//2408 2409//2409 2410//2410
f 2410//2410 2411//2411 2408//2408
f 2412//2412 2413//2413 2414//2414
f 2414//2414 2415//2415 2412//2412
f 2416//2416 2417//2417 2418//2418
f 2418//2418 2419//2419 2416//2416
f 2420//2420 2421//2421 2422//2422
f 2422//2422 2423//2423 2420//2420
f 2424//2424 2425//2425 2426//2426
f 2427//2427 2424//2424 2426//2426
f 2428//2428 2427//2427 2429//2429
f 2430//2430 2428//2428 2429//2429
f 2430//2430 2429//2429 2431//2431
f 2430//2430 2431//2431 2432//2432
f 2430//2430 2432//2432 2433//2433
f 2434//2434 2430//2430 2433//2433
f 2435//2435 2434//2434 2436//2436
f 2437//2437 2435//2435 2436//2436
f 2438//2438 2437//2437 2436//2436
f 2439//2439 2440//2440 2441//2441
f 2439//2439 2441//2441 2442//2442
f 2439//2439 2442//2442 2443//2443
f 2439//2439 2443//2443 2444//2444
f 2445//2445 2439//2439 2444//2444
f 2446//2446 2445//2445 2447//2447
f 2448//2448 2446//2446 2447//2447
f 2448//2448 2447//2447 2449//2449
f 2448//2448 2449//2449 2450//2450
f 2448//2448 2450//2450 2451//2451
f 2452//2452 2448//2448 2451//2451
f 2456//2456 2375//2375 2378//2378
f 2372//2372 2456//2456 2377//2377
f 2382//2382 2379//2379 2461//2461
f 2401//2401 2476//2476 2396//2396
f 2477//2477 2402//2402 2399//2399
f 2395//2395 2478//2478 2398//2398
f 2413//2413 2494//2494 2408//2408
f 2411//2411 2499//2499 2414//2414
f 2500//2500 2422//2422 2419//2419
f 2432//2432 2376//2376 2381//2381
f 2450//2450 2478//2478 2395//2395
f 2478//2478 2449//2449 2477//2477
f 2441//2441 2519//2519 2520//2520
f 2519//2519 2440//2440 2500//2500
f 2375//2375 2456//2456 2372//2372
f 2377//2377 2456//2456 2378//2378
f 2382//2382 2461//2461 2466//2466
f 2381//2381 2376//2376 2379//2379
f 2379//2379 2382//2382 2381//2381
f 2389//2389 2384//2384 2387//2387
f 2387//2387 2390//2390 2389//2389
f 2394//2394 2475//2475 2395//2395
f 2475//2475 2394//2394 2393//2393
f 2396//2396 2476//2476 2397//2397
f 2399//2399 2402//2402 2396//2396
f 2398//2398 2478//2478 2399//2399
f 2397//2397 2392//2392 2395//2395
f 2395//2395 2398//2398 2397//2397
f 2402//2402 2477//2477 2527//2527
f 2401//2401 2396//2396 2402//2402
f 2409//2409 2404//2404 2407//2407
f 2408//2408 2494//2494 2409//2409
f 2413//2413 2408//2408 2411//2411
f 2407//2407 2410//2410 2409//2409
f 2412//2412 2497//2497 2413//2413
f 2414//2414 2499//2499 2498//2498
f 2411//2411 2414//2414 2413//2413
f 2419//2419 2422//2422 2421//2421
f 2421//2421 2416//2416 2419//2419
f 2422//2422 2500//2500 2531//2531
f 2436//2436 2465//2465 2508//2508
f 2508//2508 2438//2438 2436//2436
f 2432//2432 2381//2381 2509//2509
f 2431//2431 2510//2510 2432//2432
f 2429//2429 2453//2453 2510//2510
f 2510//2510 2431//2431 2429//2429
f 2425//2425 2511//2511 2503//2503
f 2503//2503 2426//2426 2425//2425
f 2427//2427 2494//2494 2512//2512
f 2512//2512 2424//2424 2427//2427
f 2494//2494 2413//2413 2512//2512
f 2428//2428 2513//2513 2494//2494
f 2494//2494 2427//2427 2428//2428
f 2513//2513 2428//2428 2487//2487
f 2434//2434 2476//2476 2487//2487
f 2487//2487 2430//2430 2434//2434
f 2476//2476 2401//2401 2481//2481
f 2476//2476 2434//2434 2435//2435
f 2435//2435 2397//2397 2476//2476
f 2437//2437 2515//2515 2435//2435
f 2515//2515 2437//2437 2438//2438
f 2517//2517 2451//2451 2450//2450
f 2450//2450 2395//2395 2517//2517
f 2478//2478 2450//2450 2449//2449
f 2447//2447 2483//2483 2449//2449
f 2443//2443 2518//2518 2483//2483
f 2483//2483 2444//2444 2443//2443
f 2442//2442 2499//2499 2443//2443
f 2441//2441 2520//2520 2442//2442
f 2519//2519 2441//2441 2440//2440
f 2439//2439 2460//2460 2440//2440
f 2445//2445 2521//2521 2459//2459
f 2459//2459 2439//2439 2445//2445
f 2521//2521 2445//2445 2446//2446
f 2461//2461 2446//2446 2522//2522
f 2522//2522 2466//2466 2461//2461
f 2452//2452 2516//2516 2448//2448
f 2532//2532 2533//2533 2534//2534
f 2534//2534 2535//2535 2532//2532
f 2536//2536 2537//2537 2538//2538
f 2538//2538 2539//2539 2536//2536
f 2540//2540 2541//2541 2542//2542
f 2542//2542 2543//2543 2540//2540
f 2544//2544 2545//2545 2546//2546
f 2546//2546 2547//2547 2544//2544
f 2548//2548 2549//2549 2550//2550
f 2550//2550 2551//2551 2548//2548
f 2552//2552 2553//2553 2554//2554
f 2554//2554 2555//2555 2552//2552
f 2556//2556 2557//2557 2558//2558
f 2558//2558 2559//2559 2556//2556
f 2560//2560 2561//2561 2562//2562
f 2562//2562 2563//2563 2560//2560
f 2564//2564 2565//2565 2566//2566
f 2566//2566 2567//2567 2564//2564
f 2568//2568 2569//2569 2570//2570
f 2570//2570 2571//2571 2568//2568
f 2572//2572 2573//2573 2574//2574
f 2574//2574 2575//2575 2572//2572
f 2576//2576 2577//2577 2578//2578
f 2578//2578 2579//2579 2576//2576
f 2580//2580 2581//2581 2582//2582
f 2583//2583 2584//2584 2585//2585
f 2586//2586 2587//2587 2588//2588
f 2585//2585 2586//2586 2588//2588
f 2583//2583 2585//2585 2588//2588
f 2582//2582 2583//2583 2588//2588
f 2582//2582 2588//2588 2589//2589
f 2580//2580 2582//2582 2589//2589
f 2589//2589 2590//2590 2591//2591
f 2580//2580 2589//2589 2591//2591
f 2592//2592 2593//2593 2594//2594
f 2595//2595 2596//2596 2597//2597
f 2598//2598 2599//2599 2600//2600
f 2597//2597 2598//2598 2600//2600
f 2595//2595 2597//2597 2600//2600
f 2594//2594 2595//2595 2600//2600
f 2594//2594 2600//2600 2601//2601
f 2592//2592 2594//2594 2601//2601
f 2602//2602 2592//2592 2601//2601
f 2602//2602 2601//2601 2603//2603
f 2544//2544 2618//2618 2545//2545
f 2568//2568 2635//2635 2569//2569
f 2591//2591 2640//2640 2639//2639
f 2639//2639 2580//2580 2591//2591
f 2640//2640 2591//2591 2590//2590
f 2588//2588 2642//2642 2589//2589
f 2587//2587 2643//2643 2642//2642
f 2642//2642 2588//2588 2587//2587
f 2585//2585 2645//2645 2644//2644
f 2644//2644 2586//2586 2585//2585
f 2584//2584 2646//2646 2585//2585
f 2580//2580 2639//2639 2581//2581
f 2603//2603 2649//2649 2602//2602
f 2601//2601 2650//2650 2603//2603
f 2650//2650 2601//2601 2600//2600
f 2599//2599 2652//2652 2600//2600
f 2597//2597 2654//2654 2653//2653
f 2653//2653 2598//2598 2597//2597
f 2596//2596 2655//2655 2597//2597
f 2602//2602 2648//2648 2656//2656
f 2656//2656 2592//2592 2602//2602
f 2657//2657 2658//2658 2659//2659
f 2659//2659 2660//2660 2657//2657
f 2661//2661 2662//2662 2663//2663
f 2663//2663 2664//2664 2661//2661
f 2665//2665 2666//2666 2667//2667
f 2667//2667 2668//2668 2665//2665
f 2669//2669 2670//2670 2671//2671
f 2671//2671 2672//2672 2669//2669
f 2673//2673 2674//2674 2675//2675
f 2675//2675 2676//2676 2673//2673
f 2677//2677 2678//2678 2679//2679
f 2679//2679 2680//2680 2677//2677
f 2681//2681 2682//2682 2683//2683
f 2683//2683 2684//2684 2681//2681
f 2685//2685 2686//2686 2687//2687
f 2687//2687 2688//2688 2685//2685
f 2689//2689 2690//2690 2691//2691
f 2691//2691 2692//2692 2689//2689
f 2693//2693 2694//2694 2695//2695
f 2695//2695 2696//2696 2693//2693
f 2697//2697 2698//2698 2699//2699
f 2699//2699 2700//2700 2697//2697
f 2701//2701 2702//2702 2703//2703
f 2703//2703 2704//2704 2701//2701
f 2705//2705 2706//2706 2707//2707
f 2705//2705 2707//2707 2708//2708
f 2705//2705 2708//2708 2709//2709
f 2710//2710 2705//2705 2709//2709
f 2711//2711 2712//2712 2713//2713
f 2709//2709 2711//2711 2713//2713
f 2709//2709 2713//2713 2714//2714
f 2710//2710 2709//2709 2714//2714
f 2715//2715 2710//2710 2714//2714
f 2716//2716 2715//2715 2714//2714
f 2717//2717 2718//2718 2719//2719
f 2717//2717 2719//2719 2720//2720
f 2717//2717 2720//2720 2721//2721
f 2722//2722 2717//2717 2721//2721
f 2723//2723 2724//2724 2725//2725
f 2721//2721 2723//2723 2725//2725
f 2721//2721 2725//2725 2726//2726
f 2722//2722 2721//2721 2726//2726
f 2727//2727 2722//2722 2726//2726
f 2727//2727 2726//2726 2728//2728
f 2778//2778 2779//2779 2709//2709
f 2708//2708 2780//2780 2781//2781
f 2721//2721 2787//2787 2788//2788
f 2789//2789 2790//2790 2720//2720
f 2681//2681 2754//2754 2682//2682
f 2683//2683 2756//2756 2684//2684
f 2687//2687 2759//2759 2688//2688
f 2689//2689 2761//2761 2690//2690
f 2691//2691 2763//2763 2692//2692
f 2711//2711 2777//2777 2712//2712
f 2709//2709 2779//2779 2711//2711
f 2708//2708 2781//2781 2778//2778
f 2778//2778 2709//2709 2708//2708
f 2707//2707 2782//2782 2780//2780
f 2780//2780 2708//2708 2707//2707
f 2705//2705 2783//2783 2706//2706
f 2715//2715 2784//2784 2710//2710
f 2723//2723 2786//2786 2724//2724
f 2721//2721 2788//2788 2723//2723
f 2720//2720 2790//2790 2787//2787
f 2787//2787 2721//2721 2720//2720
f 2719//2719 2791//2791 2789//2789
f 2789//2789 2720//2720 2719//2719
f 2717//2717 2792//2792 2718//2718
f 2727//2727 2785//2785 2722//2722
f 2793//2793 2794//2794 2795//2795
f 2795//2795 2796//2796 2793//2793
f 2797//2797 2798//2798 2799//2799
f 2799//2799 2800//2800 2797//2797
f 2801//2801 2802//2802 2803//2803
f 2803//2803 2804//2804 2801//2801
f 2805//2805 2806//2806 2807//2807
f 2807//2807 2808//2808 2805//2805
f 2809//2809 2810//2810 2811//2811
f 2811//2811 2812//2812 2809//2809
f 2813//2813 2814//2814 2815//2815
f 2815//2815 2816//2816 2813//2813
f 2817//2817 2818//2818 2819//2819
f 2819//2819 2820//2820 2817//2817
f 2821//2821 2822//2822 2823//2823
f 2823//2823 2824//2824 2821//2821
f 2825//2825 2826//2826 2827//2827
f 2827//2827 2828//2828 2825//2825
f 2829//2829 2830//2830 2831//2831
f 2831//2831 2832//2832 2829//2829
f 2833//2833 2834//2834 2835//2835
f 2835//2835 2836//2836 2833//2833
f 2837//2837 2838//2838 2839//2839
f 2839//2839 2840//2840 2837//2837
f 2841//2841 2842//2842 2843//2843
f 2841//2841 2843//2843 2844//2844
f 2841//2841 2844//2844 2845//2845
f 2846//2846 2841//2841 2845//2845
f 2847//2847 2848//2848 2849//2849
f 2845//2845 2847//2847 2849//2849
f 2845//2845 2849//2849 2850//2850
f 2846//2846 2845//2845 2850//2850
f 2851//2851 2846//2846 2850//2850
f 2852//2852 2851//2851 2850//2850
f 2853//2853 2854//2854 2855//2855
f 2853//2853 2855//2855 2856//2856
f 2853//2853 2856//2856 2857//2857
f 2858//2858 2853//2853 2857//2857
f 2859//2859 2860//2860 2861//2861
f 2857//2857 2859//2859 2861//2861
f 2857//2857 2861//2861 2862//2862
f 2858//2858 2857//2857 2862//2862
f 2863//2863 2858//2858 2862//2862
f 2863//2863 2862//2862 2864//2864
f 2909//2909 2910//2910 2845//2845
f 2911//2911 2912//2912 2844//2844
f 2857//2857 2920//2920 2921//2921
f 2856//2856 2922//2922 2923//2923
f 2817//2817 2888//2888 2818//2818
f 2819//2819 2890//2890 2820//2820
f 2821//2821 2891//2891 2822//2822
f 2823//2823 2892//2892 2824//2824
f 2892//2892 2823//2823 2822//2822
f 2825//2825 2894//2894 2826//2826
f 2827//2827 2896//2896 2828//2828
f 2847//2847 2908//2908 2848//2848
f 2845//2845 2910//2910 2847//2847
f 2844//2844 2912//2912 2909//2909
f 2909//2909 2845//2845 2844//2844
f 2843//2843 2913//2913 2911//2911
f 2911//2911 2844//2844 2843//2843
f 2841//2841 2914//2914 2842//2842
f 2851//2851 2916//2916 2846//2846
f 2857//2857 2921//2921 2859//2859
f 2856//2856 2923//2923 2920//2920
f 2920//2920 2857//2857 2856//2856
f 2855//2855 2924//2924 2922//2922
f 2922//2922 2856//2856 2855//2855
f 2853//2853 2925//2925 2854//2854
f 2863//2863 2917//2917 2858//2858
f 2927//2927 2928//2928 2929//2929
f 2929//2929 2930//2930 2927//2927
f 2931//2931 2932//2932 2933//2933
f 2933//2933 2934//2934 2931//2931
f 2935//2935 2936//2936 2937//2937
f 2937//2937 2938//2938 2935//2935
f 2939//2939 2940//2940 2941//2941
f 2941//2941 2942//2942 2939//2939
f 2943//2943 2944//2944 2945//2945
f 2945//2945 2946//2946 2943//2943
f 2947//2947 2948//2948 2949//2949
f 2949//2949 2950//2950 2947//2947
f 2951//2951 2952//2952 2953//2953
f 2953//2953 2954//2954 2955//2955
f 2953//2953 2955//2955 2956//2956
f 2951//2951 2953//2953 2956//2956
f 2957//2957 2958//2958 2959//2959
f 2960//2960 2957//2957 2959//2959
f 2961//2961 2960//2960 2959//2959
f 2961//2961 2959//2959 2962//2962
f 2978//2978 2979//2979 2956//2956
f 2987//2987 2988//2988 2960//2960
f 2931//2931 2963//2963 2932//2932
f 2933//2933 2965//2965 2934//2934
f 2965//2965 2933//2933 2932//2932
f 2935//2935 2966//2966 2936//2936
f 2937//2937 2968//2968 2938//2938
f 2956//2956 2979//2979 2951//2951
f 2955//2955 2980//2980 2978//2978
f 2978//2978 2956//2956 2955//2955
f 2954//2954 2981//2981 2980//2980
f 2980//2980 2955//2955 2954//2954
f 2951//2951 2977//2977 2952//2952
f 2959//2959 2984//2984 2962//2962
f 2958//2958 2985//2985 2984//2984
f 2984//2984 2959//2959 2958//2958
f 2957//2957 2986//2986 2958//2958
f 2960//2960 2988//2988 2986//2986
f 2986//2986 2957//2957 2960//2960
f 2961//2961 2983//2983 2987//2987
f 2987//2987 2960//2960 2961//2961
f 2989//2989 2990//2990 2991//2991
f 2991//2991 2992//2992 2989//2989
f 2993//2993 2989//2989 2992//2992
f 2992//2992 2994//2994 2993//2993
f 2995//2995 2993//2993 2994//2994
f 2994//2994 2996//2996 2995//2995
f 2997//2997 2995//2995 2996//2996
f 2996//2996 2998//2998 2997//2997
f 2999//2999 2997//2997 2998//2998
f 2998//2998 3000//3000 2999//2999
f 3001//3001 2999//2999 3000//3000
f 3000//3000 3002//3002 3001//3001
f 3003//3003 3001//3001 3002//3002
f 3002//3002 3004//3004 3003//3003
f 3005//3005 3003//3003 3004//3004
f 3004//3004 3006//3006 3005//3005
f 3007//3007 3005//3005 3006//3006
f 3010//3010 3011//3011 3012//3012
f 3012//3012 3013//3013 3010//3010
f 3016//3016 3014//3014 3015//3015
f 3015//3015 3017//3017 3016//3016
f 3018//3018 3016//3016 3017//3017
f 3017//3017 3019//3019 3018//3018
f 3020//3020 3018//3018 3019//3019
f 3019//3019 3021//3021 3020//3020
f 3022//3022 3020//3020 3021//3021
f 3021//3021 3023//3023 3022//3022
f 3023//3023 3025//3025 3024//3024
f 3026//3026 3024//3024 3025//3025
f 3027//3027 3026//3026 3025//3025
f 3025//3025 3028//3028 3027//3027
f 3029//3029 3027//3027 3028//3028
f 3028//3028 3030//3030 3029//3029
f 3031//3031 3029//3029 3030//3030
f 3030//3030 3032//3032 3031//3031
f 3032//3032 3033//3033 3031//3031
f 3034//3034 3031//3031 3033//3033
f 3034//3034 3036//3036 3035//3035
f 3037//3037 3035//3035 3036//3036
f 3036//3036 3038//3038 3037//3037
f 3039//3039 3037//3037 3038//3038
f 3038//3038 3040//3040 3039//3039
f 3040//3040 3041//3041 3039//3039
f 3042//3042 3039//3039 3041//3041
f 3041//3041 3043//3043 3042//3042
f 3045//3045 3043//3043 3044//3044
f 3046//3046 3045//3045 3044//3044
f 3044//3044 3047//3047 3046//3046
f 3047//3047 3048//3048 3046//3046
f 3049//3049 3046//3046 3048//3048
f 3050//3050 3049//3049 3048//3048
f 3048//3048 3051//3051 3050//3050
f 3053//3053 3051//3051 3052//3052
f 3052//3052 3054//3054 3053//3053
f 3055//3055 3053//3053 3054//3054
f 3054//3054 3056//3056 3055//3055
f 3057//3057 3055//3055 3056//3056
f 3058//3058 3057//3057 3056//3056
f 3056//3056 3059//3059 3058//3058
f 3060//3060 3058//3058 3059//3059
f 3059//3059 3061//3061 3060//3060
f 3062//3062 3060//3060 3061//3061
f 3063//3063 3064//3064 3065//3065
f 3065//3065 3066//3066 3063//3063
f 3069//3069 3067//3067 3068//3068
f 3069//3069 3071//3071 3070//3070
f 3072//3072 3070//3070 3071//3071
f 3071//3071 3073//3073 3072//3072
f 3073//3073 3074//3074 3072//3072
f 3075//3075 3072//3072 3074//3074
f 3075//3075 3077//3077 3076//3076
f 3078//3078 3076//3076 3077//3077
f 3077//3077 3079//3079 3078//3078
f 3080//3080 3078//3078 3079//3079
f 3081//3081 3080//3080 3079//3079
f 3079//3079 3082//3082 3081//3081
f 3082//3082 3083//3083 3081//3081
f 3084//3084 3081//3081 3083//3083
f 3083//3083 3085//3085 3084//3084
f 3086//3086 3084//3084 3085//3085
f 3087//3087 3086//3086 3085//3085
f 3085//3085 3088//3088 3087//3087
f 3089//3089 3087//3087 3088//3088
f 3088//3088 3090//3090 3089//3089
f 3091//3091 3089//3089 3090//3090
f 3090//3090 3092//3092 3091//3091
f 3092//3092 3093//3093 3091//3091
f 3093//3093 3095//3095 3094//3094
f 3095//3095 3096//3096 3094//3094
f 2990//2990 3094//3094 3096//3096
f 3096//3096 2991//2991 2990//2990
f 3105//3105 3103//3103 3104//3104
f 3105//3105 3104//3104 3106//3106
f 3107//3107 3105//3105 3106//3106
f 3108//3108 3107//3107 3106//3106
f 3108//3108 3106//3106 3109//3109
f 3108//3108 3109//3109 3110//3110
f 3108//3108 3110//3110 3111//3111
f 3112//3112 3108//3108 3111//3111
f 3112//3112 3111//3111 3113//3113
f 3102//3102 3112//3112 3113//3113
f 3102//3102 3113//3113 3114//3114
f 3101//3101 3102//3102 3114//3114
f 3099//3099 3101//3101 3114//3114
f 3098//3098 3099//3099 3114//3114
f 3098//3098 3114//3114 3115//3115
f 3098//3098 3115//3115 3116//3116
f 3117//3117 3098//3098 3116//3116
f 3117//3117 3116//3116 3118//3118
f 3097//3097 3117//3117 3118//3118
f 3097//3097 3118//3118 3119//3119
f 3120//3120 3121//3121 3122//3122
f 3125//3125 3126//3126 3127//3127
f 3124//3124 3125//3125 3127//3127
f 3124//3124 3127//3127 3128//3128
f 3124//3124 3128//3128 3129//3129
f 3123//3123 3124//3124 3129//3129
f 3122//3122 3123//3123 3129//3129
f 3120//3120 3122//3122 3129//3129
f 3130//3130 3120//3120 3129//3129
f 3130//3130 3129//3129 3131//3131
f 3130//3130 3131//3131 3132//3132
f 3133//3133 3130//3130 3132//3132
f 3133//3133 3132//3132 3134//3134
f 3133//3133 3134//3134 3135//3135
f 3135//3135 3136//3136 3137//3137
f 3133//3133 3135//3135 3137//3137
f 3138//3138 3133//3133 3137//3137
f 3138//3138 3137//3137 3139//3139
f 3140//3140 3138//3138 3139//3139
f 3141//3141 3140//3140 3139//3139
f 3141//3141 3139//3139 3142//3142
f 3011//3011 3143//3143 3012//3012
f 3144//3144 3012//3012 3143//3143
f 3019//3019 3017//3017 3021//3021
f 3023//3023 3024//3024 3022//3022
f 3034//3034 3033//3033 3036//3036
f 3043//3043 3041//3041 3044//3044
f 3051//3051 3053//3053 3050//3050
f 3061//3061 3065//3065 3062//3062
f 3064//3064 3062//3062 3065//3065
f 3069//3069 3070//3070 3067//3067
f 3069//3069 3068//3068 3071//3071
f 3075//3075 3076//3076 3072//3072
f 3075//3075 3074//3074 3077//3077
f 3093//3093 3094//3094 3091//3091
f 3262//3262 3110//3110 3109//3109
f 3104//3104 3147//3147 3270//3270
f 3270//3270 3106//3106 3104//3104
f 3100//3100 3101//3101 3099//3099
f 3293//3293 3098//3098 3117//3117
f 3302//3302 3139//3139 3137//3137
f 3134//3134 3310//3310 3135//3135
f 3125//3125 3330//3330 3328//3328
f 3330//3330 3125//3125 3124//3124
f 3130//3130 3342//3342 3120//3120
f 3365//3365 3361//3361 3354//3354
f 3368//3368 3354//3354 3361//3361
f 3364//3364 3363//3363 3365//3365
f 3365//3365 3363//3363 3361//3361
f 3361//3361 3355//3355 3368//3368
f 3380//3380 3381//3381 3382//3382
f 3383//3383 3384//3384 3385//3385
f 3381//3381 3384//3384 3383//3383
f 3381//3381 3380//3380 3384//3384
f 3386//3386 3387//3387 3388//3388
f 3387//3387 3386//3386 3389//3389
f 3390//3390 3388//3388 3387//3387
f 3390//3390 3391//3391 3388//3388
f 3392//3392 3391//3391 3390//3390
f 3393//3393 3395//3395 3396//3396
f 3396//3396 3397//3397 3398//3398
f 3397//3397 3396//3396 3395//3395
f 3397//3397 3399//3399 3398//3398
f 3399//3399 3397//3397 3400//3400
f 3401//3401 3402//3402 3403//3403
f 3407//3407 3408//3408 3409//3409
f 3410//3410 3405//3405 3406//3406
f 3410//3410 3407//3407 3405//3405
f 3408//3408 3407//3407 3410//3410
f 3412//3412 3414//3414 3413//3413
f 3412//3412 3411//3411 3414//3414
f 3413//3413 3415//3415 3416//3416
f 3413//3413 3414//3414 3415//3415
f 3419//3419 3420//3420 3421//3421
f 3424//3424 3421//3421 3425//3425
f 3419//3419 3421//3421 3424//3424
f 3420//3420 3426//3426 3427//3427
f 3420//3420 3419//3419 3426//3426
f 3432//3432 3369//3369 3433//3433
f 3430//3430 3434//3434 3431//3431
f 3437//3437 3436//3436 3435//3435
f 3432//3432 3438//3438 3369//3369
f 3439//3439 3438//3438 3432//3432
f 3439//3439 3440//3440 3438//3438
f 3430//3430 3441//3441 3434//3434
f 3428//3428 3441//3441 3430//3430
f 3428//3428 3429//3429 3441//3441
f 3442//3442 3443//3443 3444//3444
f 3445//3445 3436//3436 3437//3437
f 3443//3443 3440//3440 3439//3439
f 3436//3436 3443//3443 3442//3442
f 3436//3436 3440//3440 3443//3443
f 3445//3445 3440//3440 3436//3436
f 3446//3446 3440//3440 3445//3445
f 3447//3447 3440//3440 3446//3446
f 3447//3447 3428//3428 3440//3440
f 3429//3429 3428//3428 3447//3447
f 3433//3433 3377//3377 3379//3379
f 3433//3433 3369//3369 3377//3377
f 3430//3430 3431//3431 3448//3448
f 3449//3449 3428//3428 3430//3430
f 3369//3369 3438//3438 3373//3373
f 3449//3449 3448//3448 3450//3450
f 3449//3449 3430//3430 3448//3448
f 3466//3466 3465//3465 3464//3464
f 3467//3467 3465//3465 3466//3466
f 3467//3467 3468//3468 3465//3465
f 3470//3470 3472//3472 3471//3471
f 3470//3470 3469//3469 3472//3472
f 3473//3473 3466//3466 3464//3464
f 3474//3474 3469//3469 3470//3470
f 3475//3475 3477//3477 3476//3476
f 3475//3475 3474//3474 3477//3477
f 3469//3469 3474//3474 3475//3475
f 3476//3476 3479//3479 3478//3478
f 3476//3476 3477//3477 3479//3479
f 3473//3473 3482//3482 3466//3466
f 3483//3483 3482//3482 3473//3473
f 3483//3483 3480//3480 3482//3482
f 3481//3481 3480//3480 3483//3483
f 3485//3485 3487//3487 3486//3486
f 3485//3485 3484//3484 3487//3487
f 3488//3488 3489//3489 3490//3490
f 3491//3491 3492//3492 3493//3493
f 3489//3489 3492//3492 3491//3491
f 3489//3489 3488//3488 3492//3492
f 3493//3493 3472//3472 3491//3491
f 3471//3471 3472//3472 3493//3493
f 3469//3469 3494//3494 3472//3472
f 3496//3496 3495//3495 3497//3497
f 3496//3496 3476//3476 3495//3495
f 3496//3496 3475//3475 3476//3476
f 3494//3494 3475//3475 3496//3496
f 3494//3494 3469//3469 3475//3475
f 3497//3497 3498//3498 3499//3499
f 3500//3500 3501//3501 3464//3464
f 3502//3502 3501//3501 3500//3500
f 3502//3502 3498//3498 3501//3501
f 3499//3499 3498//3498 3502//3502
f 3498//3498 3497//3497 3495//3495
f 3503//3503 3504//3504 3505//3505
f 3504//3504 3487//3487 3484//3484
f 3504//3504 3503//3503 3487//3487
f 3506//3506 3486//3486 3507//3507
f 3506//3506 3465//3465 3468//3468
f 3506//3506 3464//3464 3465//3465
f 3500//3500 3464//3464 3506//3506
f 3508//3508 3509//3509 3510//3510
f 3511//3511 3489//3489 3512//3512
f 3509//3509 3489//3489 3511//3511
f 3509//3509 3490//3490 3489//3489
f 3512//3512 3514//3514 3511//3511
f 3512//3512 3513//3513 3514//3514
f 3515//3515 3496//3496 3497//3497
f 3516//3516 3496//3496 3515//3515
f 3516//3516 3513//3513 3496//3496
f 3514//3514 3513//3513 3516//3516
f 3499//3499 3515//3515 3497//3497
f 3517//3517 3500//3500 3518//3518
f 3519//3519 3499//3499 3517//3517
f 3515//3515 3499//3499 3519//3519
f 3503//3503 3520//3520 3487//3487
f 3503//3503 3521//3521 3520//3520
f 3503//3503 3505//3505 3521//3521
f 3506//3506 3507//3507 3520//3520
f 3506//3506 3518//3518 3500//3500
f 3522//3522 3523//3523 3524//3524
f 3523//3523 3525//3525 3526//3526
f 3523//3523 3527//3527 3525//3525
f 3523//3523 3522//3522 3527//3527
f 3529//3529 3530//3530 3531//3531
f 3529//3529 3528//3528 3530//3530
f 3533//3533 3534//3534 3535//3535
f 3533//3533 3532//3532 3534//3534
f 3536//3536 3537//3537 3538//3538
f 3539//3539 3540//3540 3541//3541
f 3537//3537 3540//3540 3539//3539
f 3537//3537 3536//3536 3540//3540
f 3541//3541 3542//3542 3539//3539
f 3543//3543 3542//3542 3541//3541
f 3543//3543 3547//3547 3548//3548
f 3546//3546 3547//3547 3543//3543
f 3546//3546 3549//3549 3547//3547
f 3516//3516 3549//3549 3546//3546
f 3550//3550 3549//3549 3516//3516
f 3551//3551 3552//3552 3550//3550
f 3553//3553 3528//3528 3529//3529
f 3553//3553 3551//3551 3528//3528
f 3554//3554 3551//3551 3553//3553
f 3555//3555 3551//3551 3554//3554
f 3552//3552 3551//3551 3555//3555
f 3523//3523 3534//3534 3524//3524
f 3523//3523 3556//3556 3534//3534
f 3557//3557 3556//3556 3523//3523
f 3558//3558 3559//3559 3560//3560
f 3559//3559 3558//3558 3561//3561
f 3540//3540 3509//3509 3511//3511
f 3540//3540 3511//3511 3541//3541
f 3509//3509 3540//3540 3510//3510
f 3543//3543 3548//3548 3542//3542
f 3514//3514 3541//3541 3511//3511
f 3543//3543 3541//3541 3514//3514
f 3550//3550 3516//3516 3515//3515
f 3516//3516 3543//3543 3514//3514
f 3546//3546 3543//3543 3516//3516
f 3507//3507 3486//3486 3487//3487
f 3551//3551 3515//3515 3528//3528
f 3551//3551 3550//3550 3515//3515
f 3528//3528 3517//3517 3518//3518
f 3528//3528 3519//3519 3517//3517
f 3515//3515 3519//3519 3528//3528
f 3487//3487 3520//3520 3507//3507
f 3535//3535 3559//3559 3561//3561
f 3535//3535 3534//3534 3559//3559
f 3533//3533 3530//3530 3532//3532
f 3531//3531 3530//3530 3533//3533
f 3506//3506 3520//3520 3518//3518
f 3530//3530 3528//3528 3520//3520
f 3518//3518 3520//3520 3528//3528
f 3534//3534 3556//3556 3559//3559
f 3530//3530 3520//3520 3532//3532
f 3532//3532 3521//3521 3534//3534
f 3521//3521 3532//3532 3520//3520
f 3524//3524 3521//3521 3505//3505
f 3524//3524 3534//3534 3521//3521
f 3524//3524 3504//3504 3522//3522
f 3505//3505 3504//3504 3524//3524
f 3502//3502 3500//3500 3517//3517
f 3517//3517 3499//3499 3502//3502
f 3494//3494 3513//3513 3472//3472
f 3496//3496 3513//3513 3494//3494
f 3472//3472 3512//3512 3491//3491
f 3513//3513 3512//3512 3472//3472
f 3512//3512 3489//3489 3491//3491
f 3577//3577 3576//3576 3575//3575
f 3577//3577 3579//3579 3578//3578
f 3580//3580 3579//3579 3577//3577
f 3581//3581 3575//3575 3576//3576
f 3582//3582 3585//3585 3583//3583
f 3586//3586 3585//3585 3582//3582
f 3586//3586 3587//3587 3585//3585
f 3588//3588 3587//3587 3586//3586
f 3478//3478 3587//3587 3588//3588
f 3478//3478 3574//3574 3587//3587
f 3587//3587 3574//3574 3584//3584
f 3584//3584 3577//3577 3587//3587
f 3577//3577 3584//3584 3580//3580
f 3587//3587 3577//3577 3575//3575
f 3587//3587 3575//3575 3585//3585
f 3575//3575 3581//3581 3585//3585
f 3585//3585 3581//3581 3583//3583
f 3589//3589 3498//3498 3495//3495
f 3589//3589 3590//3590 3592//3592
f 3498//3498 3589//3589 3501//3501
f 3590//3590 3591//3591 3592//3592
f 3590//3590 3586//3586 3582//3582
f 3590//3590 3589//3589 3586//3586
f 3586//3586 3589//3589 3495//3495
f 3501//3501 3589//3589 3592//3592
f 3593//3593 3464//3464 3501//3501
f 3501//3501 3592//3592 3593//3593
f 3593//3593 3592//3592 3591//3591
f 3464//3464 3593//3593 3473//3473
f 3586//3586 3495//3495 3588//3588
f 3588//3588 3476//3476 3478//3478
f 3476//3476 3588//3588 3495//3495
f 3479//3479 3574//3574 3478//3478
f 3579//3579 3594//3594 3595//3595
f 3580//3580 3594//3594 3579//3579
f 3580//3580 3596//3596 3594//3594
f 3584//3584 3596//3596 3580//3580
f 3584//3584 3597//3597 3596//3596
f 3574//3574 3597//3597 3584//3584
f 3574//3574 3479//3479 3597//3597
f 3598//3598 3599//3599 3600//3600
f 3599//3599 3602//3602 3604//3604
f 3483//3483 3598//3598 3481//3481
f 3602//3602 3599//3599 3591//3591
f 3598//3598 3483//3483 3473//3473
f 3599//3599 3593//3593 3591//3591
f 3598//3598 3600//3600 3481//3481
f 3600//3600 3599//3599 3604//3604
f 3593//3593 3598//3598 3473//3473
f 3599//3599 3598//3598 3593//3593
f 3605//3605 3583//3583 3606//3606
f 3590//3590 3602//3602 3591//3591
f 3583//3583 3590//3590 3582//3582
f 3602//3602 3606//3606 3601//3601
f 3607//3607 3583//3583 3581//3581
f 3605//3605 3602//3602 3590//3590
f 3583//3583 3605//3605 3590//3590
f 3602//3602 3605//3605 3606//3606
f 3608//3608 3609//3609 3610//3610
f 3354//3354 3611//3611 3612//3612
f 3615//3615 3616//3616 3617//3617
f 3354//3354 3618//3618 3611//3611
f 3619//3619 3618//3618 3354//3354
f 3619//3619 3620//3620 3618//3618
f 3608//3608 3620//3620 3619//3619
f 3621//3621 3614//3614 3613//3613
f 3621//3621 3622//3622 3614//3614
f 3623//3623 3622//3622 3621//3621
f 3609//3609 3624//3624 3625//3625
f 3608//3608 3626//3626 3620//3620
f 3623//3623 3608//3608 3622//3622
f 3627//3627 3608//3608 3623//3623
f 3628//3628 3608//3608 3627//3627
f 3629//3629 3616//3616 3615//3615
f 3629//3629 3630//3630 3616//3616
f 3608//3608 3610//3610 3626//3626
f 3631//3631 3608//3608 3628//3628
f 3609//3609 3629//3629 3624//3624
f 3629//3629 3631//3631 3630//3630
f 3629//3629 3608//3608 3631//3631
f 3609//3609 3608//3608 3629//3629
f 3365//3365 3632//3632 3364//3364
f 3365//3365 3612//3612 3632//3632
f 3354//3354 3612//3612 3365//3365
f 3614//3614 3633//3633 3613//3613
f 3634//3634 3633//3633 3614//3614
f 3635//3635 3614//3614 3622//3622
f 3635//3635 3636//3636 3614//3614
f 3638//3638 3636//3636 3635//3635
f 3638//3638 3639//3639 3636//3636
f 3640//3640 3639//3639 3638//3638
f 3637//3637 3368//3368 3355//3355
f 3619//3619 3368//3368 3637//3637
f 3619//3619 3354//3354 3368//3368
f 3641//3641 3637//3637 3640//3640
f 3637//3637 3641//3641 3619//3619
f 3608//3608 3619//3619 3641//3641
f 3635//3635 3640//3640 3638//3638
f 3640//3640 3635//3635 3641//3641
f 3641//3641 3635//3635 3608//3608
f 3622//3622 3608//3608 3635//3635
f 3636//3636 3634//3634 3614//3614
f 3636//3636 3657//3657 3642//3642
f 3636//3636 3642//3642 3634//3634
f 3642//3642 3656//3656 3634//3634
f 3660//3660 3662//3662 3661//3661
f 3660//3660 3663//3663 3662//3662
f 3664//3664 3663//3663 3660//3660
f 3667//3667 3665//3665 3669//3669
f 3666//3666 3665//3665 3667//3667
f 3662//3662 3670//3670 3661//3661
f 3671//3671 3670//3670 3662//3662
f 3666//3666 3672//3672 3665//3665
f 3675//3675 3674//3674 3673//3673
f 3672//3672 3674//3674 3675//3675
f 3672//3672 3666//3666 3674//3674
f 3673//3673 3678//3678 3675//3675
f 3679//3679 3678//3678 3673//3673
f 3679//3679 3676//3676 3678//3678
f 3677//3677 3676//3676 3679//3679
f 3685//3685 3683//3683 3681//3681
f 3685//3685 3684//3684 3683//3683
f 3680//3680 3682//3682 3685//3685
f 3682//3682 3670//3670 3671//3671
f 3680//3680 3670//3670 3682//3682
f 3680//3680 3685//3685 3681//3681
f 3688//3688 3686//3686 3664//3664
f 3689//3689 3690//3690 3691//3691
f 3692//3692 3693//3693 3694//3694
f 3692//3692 3689//3689 3693//3693
f 3690//3690 3689//3689 3692//3692
f 3695//3695 3694//3694 3693//3693
f 3695//3695 3667//3667 3694//3694
f 3699//3699 3666//3666 3700//3700
f 3699//3699 3674//3674 3666//3666
f 3701//3701 3674//3674 3699//3699
f 3702//3702 3674//3674 3701//3701
f 3702//3702 3673//3673 3674//3674
f 3703//3703 3698//3698 3673//3673
f 3704//3704 3705//3705 3661//3661
f 3702//3702 3706//3706 3698//3698
f 3707//3707 3706//3706 3702//3702
f 3707//3707 3704//3704 3706//3706
f 3705//3705 3704//3704 3707//3707
f 3711//3711 3710//3710 3687//3687
f 3712//3712 3710//3710 3711//3711
f 3660//3660 3688//3688 3664//3664
f 3660//3660 3705//3705 3688//3688
f 3661//3661 3705//3705 3660//3660
f 3713//3713 3714//3714 3715//3715
f 3718//3718 3717//3717 3716//3716
f 3695//3695 3717//3717 3718//3718
f 3721//3721 3719//3719 3722//3722
f 3720//3720 3724//3724 3723//3723
f 3720//3720 3725//3725 3724//3724
f 3720//3720 3721//3721 3725//3725
f 3720//3720 3719//3719 3721//3721
f 3726//3726 3728//3728 3727//3727
f 3726//3726 3724//3724 3728//3728
f 3723//3723 3724//3724 3726//3726
f 3731//3731 3732//3732 3711//3711
f 3730//3730 3732//3732 3731//3731
f 3729//3729 3732//3732 3733//3733
f 3734//3734 3735//3735 3736//3736
f 3735//3735 3737//3737 3727//3727
f 3735//3735 3734//3734 3737//3737
f 3738//3738 3739//3739 3740//3740
f 3741//3741 3742//3742 3743//3743
f 3739//3739 3742//3742 3741//3741
f 3739//3739 3738//3738 3742//3742
f 3746//3746 3748//3748 3747//3747
f 3745//3745 3748//3748 3746//3746
f 3745//3745 3744//3744 3748//3748
f 3750//3750 3749//3749 3751//3751
f 3736//3736 3749//3749 3750//3750
f 3754//3754 3755//3755 3716//3716
f 3754//3754 3756//3756 3755//3755
f 3754//3754 3752//3752 3756//3756
f 3753//3753 3752//3752 3754//3754
f 3718//3718 3757//3757 3758//3758
f 3757//3757 3718//3718 3716//3716
f 3725//3725 3761//3761 3724//3724
f 3725//3725 3762//3762 3761//3761
f 3760//3760 3762//3762 3725//3725
f 3760//3760 3759//3759 3762//3762
f 3761//3761 3763//3763 3724//3724
f 3745//3745 3764//3764 3744//3744
f 3765//3765 3764//3764 3745//3745
f 3765//3765 3766//3766 3764//3764
f 3765//3765 3767//3767 3766//3766
f 3763//3763 3767//3767 3765//3765
f 3763//3763 3761//3761 3767//3767
f 3768//3768 3769//3769 3770//3770
f 3769//3769 3768//3768 3385//3385
f 3754//3754 3713//3713 3715//3715
f 3713//3713 3754//3754 3716//3716
f 3757//3757 3716//3716 3755//3755
f 3716//3716 3717//3717 3713//3713
f 3758//3758 3760//3760 3718//3718
f 3759//3759 3760//3760 3758//3758
f 3667//3667 3700//3700 3666//3666
f 3667//3667 3695//3695 3700//3700
f 3718//3718 3719//3719 3695//3695
f 3760//3760 3719//3719 3718//3718
f 3760//3760 3725//3725 3721//3721
f 3686//3686 3711//3711 3687//3687
f 3686//3686 3688//3688 3711//3711
f 3727//3727 3765//3765 3745//3745
f 3763//3763 3765//3765 3727//3727
f 3728//3728 3763//3763 3727//3727
f 3763//3763 3728//3728 3724//3724
f 3711//3711 3736//3736 3731//3731
f 3734//3734 3736//3736 3711//3711
f 3385//3385 3751//3751 3383//3383
f 3750//3750 3751//3751 3385//3385
f 3746//3746 3749//3749 3736//3736
f 3746//3746 3747//3747 3749//3749
f 3735//3735 3727//3727 3745//3745
f 3746//3746 3736//3736 3735//3735
f 3735//3735 3745//3745 3746//3746
f 3385//3385 3384//3384 3769//3769
f 3731//3731 3750//3750 3729//3729
f 3736//3736 3750//3750 3731//3731
f 3750//3750 3385//3385 3729//3729
f 3743//3743 3780//3780 3741//3741
f 3779//3779 3780//3780 3743//3743
f 3779//3779 3712//3712 3780//3780
f 3768//3768 3741//3741 3385//3385
f 3739//3739 3768//3768 3781//3781
f 3768//3768 3739//3739 3741//3741
f 3385//3385 3741//3741 3729//3729
f 3712//3712 3741//3741 3780//3780
f 3712//3712 3729//3729 3741//3741
f 3732//3732 3729//3729 3712//3712
f 3711//3711 3732//3732 3712//3712
f 3734//3734 3711//3711 3688//3688
f 3727//3727 3737//3737 3705//3705
f 3734//3734 3705//3705 3737//3737
f 3688//3688 3705//3705 3734//3734
f 3726//3726 3705//3705 3707//3707
f 3726//3726 3727//3727 3705//3705
f 3723//3723 3726//3726 3702//3702
f 3707//3707 3702//3702 3726//3726
f 3720//3720 3699//3699 3719//3719
f 3699//3699 3700//3700 3719//3719
f 3701//3701 3723//3723 3702//3702
f 3701//3701 3720//3720 3723//3723
f 3699//3699 3720//3720 3701//3701
f 3700//3700 3695//3695 3719//3719
f 3717//3717 3695//3695 3693//3693
f 3717//3717 3693//3693 3713//3713
f 3713//3713 3689//3689 3691//3691
f 3689//3689 3713//3713 3693//3693
f 3795//3795 3794//3794 3792//3792
f 3801//3801 3800//3800 3799//3799
f 3801//3801 3677//3677 3800//3800
f 3791//3791 3677//3677 3801//3801
f 3801//3801 3797//3797 3802//3802
f 3797//3797 3801//3801 3792//3792
f 3801//3801 3802//3802 3791//3791
f 3792//3792 3801//3801 3795//3795
f 3801//3801 3799//3799 3795//3795
f 3806//3806 3803//3803 3805//3805
f 3706//3706 3806//3806 3808//3808
f 3805//3805 3803//3803 3799//3799
f 3804//3804 3806//3806 3807//3807
f 3803//3803 3806//3806 3804//3804
f 3808//3808 3806//3806 3805//3805
f 3807//3807 3806//3806 3704//3704
f 3806//3806 3706//3706 3704//3704
f 3698//3698 3706//3706 3808//3808
f 3704//3704 3809//3809 3807//3807
f 3809//3809 3704//3704 3661//3661
f 3799//3799 3800//3800 3805//3805
f 3805//3805 3673//3673 3698//3698
f 3805//3805 3679//3679 3673//3673
f 3800//3800 3679//3679 3805//3805
f 3698//3698 3808//3808 3805//3805
f 3661//3661 3670//3670 3809//3809
f 3677//3677 3679//3679 3800//3800
f 3791//3791 3676//3676 3677//3677
f 3810//3810 3798//3798 3811//3811
f 3810//3810 3797//3797 3798//3798
f 3812//3812 3797//3797 3810//3810
f 3812//3812 3802//3802 3797//3797
f 3813//3813 3802//3802 3812//3812
f 3813//3813 3791//3791 3802//3802
f 3676//3676 3791//3791 3813//3813
f 3815//3815 3826//3826 3824//3824
f 3814//3814 3821//3821 3827//3827
f 3826//3826 3814//3814 3829//3829
f 3807//3807 3815//3815 3804//3804
f 3670//3670 3821//3821 3809//3809
f 3826//3826 3815//3815 3807//3807
f 3821//3821 3814//3814 3809//3809
f 3814//3814 3826//3826 3807//3807
f 3814//3814 3807//3807 3809//3809
f 3833//3833 3795//3795 3803//3803
f 3815//3815 3803//3803 3804//3804
f 3795//3795 3834//3834 3794//3794
f 3834//3834 3815//3815 3816//3816
f 3803//3803 3795//3795 3799//3799
f 3833//3833 3815//3815 3834//3834
f 3795//3795 3833//3833 3834//3834
f 3815//3815 3833//3833 3803//3803
f 3838//3838 3839//3839 3840//3840
f 3838//3838 3841//3841 3839//3839
f 3836//3836 3841//3841 3838//3838
f 3836//3836 3835//3835 3841//3841
f 3842//3842 3837//3837 3843//3843
f 3835//3835 3837//3837 3842//3842
f 3845//3845 3844//3844 3843//3843
f 3850//3850 3851//3851 3852//3852
f 3850//3850 3847//3847 3851//3851
f 3846//3846 3847//3847 3850//3850
f 3848//3848 3846//3846 3849//3849
f 3855//3855 3854//3854 3853//3853
f 3855//3855 3849//3849 3854//3854
f 3854//3854 3859//3859 3853//3853
f 3860//3860 3859//3859 3854//3854
f 3860//3860 3861//3861 3859//3859
f 3862//3862 3861//3861 3860//3860
f 3862//3862 3863//3863 3861//3861
f 3840//3840 3863//3863 3862//3862
f 3840//3840 3839//3839 3864//3864
f 3355//3355 3357//3357 3865//3865
f 3358//3358 3359//3359 3866//3866
f 3866//3866 3865//3865 3357//3357
f 3360//3360 3867//3867 3866//3866
f 3362//3362 3868//3868 3867//3867
f 3869//3869 3361//3361 3363//3363
f 3872//3872 3369//3369 3373//3373
f 3873//3873 3377//3377 3369//3369
f 3379//3379 3874//3874 3433//3433
f 3431//3431 3875//3875 3876//3876
f 3876//3876 3448//3448 3431//3431
f 3438//3438 3877//3877 3872//3872
f 3872//3872 3373//3373 3438//3438
f 3450//3450 3878//3878 3879//3879
f 3879//3879 3449//3449 3450//3450
f 3633//3633 3634//3634 3880//3880
f 3880//3880 3881//3881 3633//3633
f 3636//3636 3639//3639 3882//3882
f 3882//3882 3883//3883 3636//3636
f 3642//3642 3643//3643 3884//3884
f 3656//3656 3642//3642 3888//3888
f 3889//3889 3890//3890 3656//3656
f 3634//3634 3656//3656 3890//3890
f 3891//3891 3894//3894 3870//3870
f 3870//3870 3894//3894 3869//3869
f 3894//3894 3895//3895 3865//3865
f 3865//3865 3869//3869 3894//3894
f 3865//3865 3895//3895 3871//3871
f 3873//3873 3872//3872 3379//3379
f 3901//3901 3902//3902 3903//3903
f 3904//3904 3905//3905 3906//3906
f 3903//3903 3904//3904 3906//3906
f 3903//3903 3906//3906 3901//3901
f 3907//3907 3908//3908 3909//3909
f 3909//3909 3910//3910 3907//3907
f 3912//3912 3909//3909 3908//3908
f 3912//3912 3908//3908 3913//3913
f 3914//3914 3912//3912 3913//3913
f 3916//3916 3917//3917 3915//3915
f 3917//3917 3918//3918 3919//3919
f 3919//3919 3915//3915 3917//3917
f 3919//3919 3918//3918 3920//3920
f 3920//3920 3921//3921 3919//3919
f 3922//3922 3923//3923 3924//3924
f 3923//3923 3922//3922 3925//3925
f 3927//3927 3928//3928 3929//3929
f 3930//3930 3925//3925 3926//3926
f 3930//3930 3926//3926 3927//3927
f 3929//3929 3930//3930 3927//3927
f 3932//3932 3933//3933 3934//3934
f 3933//3933 3935//3935 3936//3936
f 3933//3933 3936//3936 3934//3934
f 3939//3939 3940//3940 3941//3941
f 3943//3943 3944//3944 3945//3945
f 3939//3939 3943//3943 3945//3945
f 3941//3941 3946//3946 3947//3947
f 3941//3941 3947//3947 3939//3939
f 3952//3952 3875//3875 3954//3954
f 3957//3957 3955//3955 3956//3956
f 3953//3953 3874//3874 3379//3379
f 3958//3958 3953//3953 3379//3379
f 3958//3958 3379//3379 3877//3877
f 3959//3959 3958//3958 3877//3877
f 3959//3959 3877//3877 3960//3960
f 3952//3952 3954//3954 3961//3961
f 3950//3950 3952//3952 3961//3961
f 3950//3950 3961//3961 3951//3951
f 3962//3962 3963//3963 3964//3964
f 3965//3965 3957//3957 3956//3956
f 3964//3964 3959//3959 3960//3960
f 3956//3956 3962//3962 3964//3964
f 3956//3956 3964//3964 3960//3960
f 3965//3965 3956//3956 3960//3960
f 3966//3966 3965//3965 3960//3960
f 3967//3967 3966//3966 3960//3960
f 3967//3967 3960//3960 3950//3950
f 3951//3951 3967//3967 3950//3950
f 3952//3952 3876//3876 3875//3875
f 3879//3879 3952//3952 3950//3950
f 3379//3379 3872//3872 3877//3877
f 3879//3879 3878//3878 3876//3876
f 3879//3879 3876//3876 3952//3952
f 3983//3983 3981//3981 3982//3982
f 3984//3984 3983//3983 3982//3982
f 3984//3984 3982//3982 3985//3985
f 3987//3987 3988//3988 3989//3989
f 3987//3987 3989//3989 3986//3986
f 3991//3991 3981//3981 3992//3992
f 3991//3991 3992//3992 3990//3990
f 3993//3993 3987//3987 3986//3986
f 3994//3994 3995//3995 3996//3996
f 3994//3994 3996//3996 3993//3993
f 3986//3986 3994//3994 3993//3993
f 3997//3997 3998//3998 3996//3996
f 3995//3995 3997//3997 3996//3996
f 3991//3991 3990//3990 4001//4001
f 4002//4002 3991//3991 4001//4001
f 4002//4002 4001//4001 3999//3999
f 4000//4000 4002//4002 3999//3999
f 4004//4004 3985//3985 4003//4003
f 4005//4005 4006//4006 4007//4007
f 4008//4008 4009//4009 4010//4010
f 4007//4007 4008//4008 4010//4010
f 4007//4007 4010//4010 4005//4005
f 4009//4009 4008//4008 3989//3989
f 3988//3988 4009//4009 3989//3989
f 3986//3986 3989//3989 4011//4011
f 4013//4013 4014//4014 4012//4012
f 4013//4013 4012//4012 3995//3995
f 4013//4013 3995//3995 3994//3994
f 4015//4015 4013//4013 3994//3994
f 4011//4011 4015//4015 3994//3994
f 4011//4011 3994//3994 3986//3986
f 4016//4016 4017//4017 4018//4018
f 4017//4017 4020//4020 4019//4019
f 4017//4017 4019//4019 4018//4018
f 4012//4012 4014//4014 4016//4016
f 4018//4018 4012//4012 4016//4016
f 4021//4021 4023//4023 4022//4022
f 4022//4022 4003//4003 4024//4024
f 4022//4022 4024//4024 4021//4021
f 4025//4025 4026//4026 3985//3985
f 4025//4025 3985//3985 3982//3982
f 4025//4025 3982//3982 3981//3981
f 4020//4020 4025//4025 3981//3981
f 4020//4020 3981//3981 4019//4019
f 4006//4006 4027//4027 4028//4028
f 4029//4029 4030//4030 4007//4007
f 4028//4028 4029//4029 4007//4007
f 4028//4028 4007//4007 4006//4006
f 4030//4030 4029//4029 4032//4032
f 4030//4030 4032//4032 4031//4031
f 4033//4033 4014//4014 4015//4015
f 4034//4034 4033//4033 4015//4015
f 4034//4034 4015//4015 4031//4031
f 4035//4035 4034//4034 4031//4031
f 4016//4016 4014//4014 4033//4033
f 4036//4036 4037//4037 4020//4020
f 4036//4036 4020//4020 4016//4016
f 4033//4033 4036//4036 4016//4016
f 4021//4021 4024//4024 4038//4038
f 4021//4021 4038//4038 4039//4039
f 4021//4021 4039//4039 4023//4023
f 4025//4025 4020//4020 4037//4037
f 4025//4025 4037//4037 4040//4040
f 4026//4026 4025//4025 4040//4040
f 4043//4043 4044//4044 4045//4045
f 4043//4043 4045//4045 4046//4046
f 4042//4042 4043//4043 4046//4046
f 4042//4042 4046//4046 4041//4041
f 4050//4050 4038//4038 4049//4049
f 4051//4051 4050//4050 4049//4049
f 4048//4048 4049//4049 4047//4047
f 4053//4053 4055//4055 4054//4054
f 4053//4053 4054//4054 4052//4052
f 4056//4056 4057//4057 4058//4058
f 4059//4059 4029//4029 4060//4060
f 4058//4058 4059//4059 4060//4060
f 4058//4058 4060//4060 4056//4056
f 4029//4029 4059//4059 4061//4061
f 4062//4062 4029//4029 4061//4061
f 4032//4032 4061//4061 4066//4066
f 4065//4065 4032//4032 4066//4066
f 4065//4065 4066//4066 4067//4067
f 4034//4034 4065//4065 4067//4067
f 4068//4068 4034//4034 4067//4067
f 4069//4069 4067//4067 4070//4070
f 4071//4071 4068//4068 4072//4072
f 4073//4073 4048//4048 4047//4047
f 4074//4074 4073//4073 4047//4047
f 4074//4074 4047//4047 4071//4071
f 4075//4075 4074//4074 4071//4071
f 4072//4072 4075//4075 4071//4071
f 4043//4043 4076//4076 4077//4077
f 4043//4043 4042//4042 4054//4054
f 4078//4078 4079//4079 4080//4080
f 4080//4080 4081//4081 4078//4078
f 4060//4060 4029//4029 4028//4028
f 4028//4028 4056//4056 4060//4060
f 4032//4032 4062//4062 4061//4061
f 4062//4062 4032//4032 4029//4029
f 4032//4032 4035//4035 4031//4031
f 4034//4034 4032//4032 4065//4065
f 4068//4068 4033//4033 4034//4034
f 4034//4034 4035//4035 4032//4032
f 4024//4024 4003//4003 3985//3985
f 4026//4026 4024//4024 3985//3985
f 4047//4047 4037//4037 4036//4036
f 4071//4071 4047//4047 4036//4036
f 4071//4071 4036//4036 4033//4033
f 4071//4071 4033//4033 4068//4068
f 4024//4024 4026//4026 4040//4040
f 4024//4024 4040//4040 4038//4038
f 4055//4055 4081//4081 4080//4080
f 4055//4055 4080//4080 4054//4054
f 4050//4050 4053//4053 4052//4052
f 4050//4050 4052//4052 4038//4038
f 4040//4040 4037//4037 4049//4049
f 4038//4038 4040//4040 4049//4049
f 4049//4049 4037//4037 4047//4047
f 4080//4080 4076//4076 4043//4043
f 4043//4043 4054//4054 4080//4080
f 4038//4038 4054//4054 4039//4039
f 4052//4052 4054//4054 4038//4038
f 4023//4023 4039//4039 4054//4054
f 4042//4042 4023//4023 4054//4054
f 4023//4023 4042//4042 4041//4041
f 4023//4023 4041//4041 4022//4022
f 4017//4017 4016//4016 4020//4020
f 3989//3989 4031//4031 4011//4011
f 4013//4013 4015//4015 4014//4014
f 4011//4011 4031//4031 4015//4015
f 4031//4031 3989//3989 4008//4008
f 4031//4031 4008//4008 4030//4030
f 4030//4030 4008//4008 4007//4007
f 4101//4101 4099//4099 4100//4100
f 4096//4096 4095//4095 4102//4102
f 4104//4104 4105//4105 4107//4107
f 4108//4108 4104//4104 4107//4107
f 4108//4108 4107//4107 4109//4109
f 3997//3997 4108//4108 4109//4109
f 3997//3997 4109//4109 4094//4094
f 4109//4109 4106//4106 4094//4094
f 4109//4109 4107//4107 4095//4095
f 4106//4106 4109//4109 4099//4099
f 4099//4099 4101//4101 4106//4106
f 4109//4109 4095//4095 4099//4099
f 4107//4107 4105//4105 4103//4103
f 4102//4102 4095//4095 4107//4107
f 4103//4103 4102//4102 4107//4107
f 4111//4111 4104//4104 4110//4110
f 4018//4018 4019//4019 4110//4110
f 4111//4111 4113//4113 4112//4112
f 4110//4110 4113//4113 4111//4111
f 4110//4110 4104//4104 4012//4012
f 4110//4110 4019//4019 4113//4113
f 4110//4110 4012//4012 4018//4018
f 4113//4113 4019//4019 4114//4114
f 4108//4108 4012//4012 4104//4104
f 3981//3981 4114//4114 4019//4019
f 3981//3981 3991//3991 4114//4114
f 4012//4012 4108//4108 3995//3995
f 3997//3997 3995//3995 4108//4108
f 3998//3998 3997//3997 4094//4094
f 4100//4100 4115//4115 4116//4116
f 4101//4101 4100//4100 4116//4116
f 4101//4101 4116//4116 4117//4117
f 4106//4106 4101//4101 4117//4117
f 4106//4106 4117//4117 4118//4118
f 4094//4094 4106//4106 4118//4118
f 4094//4094 4118//4118 3998//3998
f 4119//4119 4120//4120 4121//4121
f 4124//4124 4122//4122 4123//4123
f 4121//4121 4128//4128 4124//4124
f 4119//4119 4114//4114 4002//4002
f 4123//4123 4112//4112 4113//4113
f 4123//4123 4113//4113 4124//4124
f 4124//4124 4113//4113 4114//4114
f 4124//4124 4114//4114 4121//4121
f 4114//4114 3991//3991 4002//4002
f 4002//4002 4130//4130 4119//4119
f 4121//4121 4114//4114 4119//4119
f 4134//4134 4135//4135 4103//4103
f 4111//4111 4112//4112 4123//4123
f 4135//4135 4102//4102 4103//4103
f 4105//4105 4104//4104 4111//4111
f 4123//4123 4122//4122 4135//4135
f 4103//4103 4105//4105 4111//4111
f 4134//4134 4111//4111 4123//4123
f 4103//4103 4111//4111 4134//4134
f 4123//4123 4135//4135 4134//4134
f 4136//4136 4137//4137 4138//4138
f 3894//3894 4139//4139 4140//4140
f 3894//3894 4140//4140 4143//4143
f 4144//4144 4145//4145 4146//4146
f 4147//4147 3894//3894 4143//4143
f 4147//4147 4143//4143 4148//4148
f 4136//4136 4147//4147 4148//4148
f 4149//4149 4141//4141 4142//4142
f 4149//4149 4142//4142 4150//4150
f 4151//4151 4149//4149 4150//4150
f 4138//4138 4152//4152 4153//4153
f 4136//4136 4148//4148 4154//4154
f 4151//4151 4150//4150 4136//4136
f 4155//4155 4151//4151 4136//4136
f 4156//4156 4155//4155 4136//4136
f 4157//4157 4144//4144 4146//4146
f 4157//4157 4146//4146 4158//4158
f 4136//4136 4154//4154 4137//4137
f 4159//4159 4156//4156 4136//4136
f 4138//4138 4153//4153 4157//4157
f 4157//4157 4158//4158 4159//4159
f 4157//4157 4159//4159 4136//4136
f 4138//4138 4157//4157 4136//4136
f 3891//3891 3870//3870 4160//4160
f 3891//3891 4160//4160 4139//4139
f 3894//3894 3891//3891 4139//4139
f 4142//4142 4141//4141 3881//3881
f 4161//4161 4150//4150 4142//4142
f 4161//4161 4142//4142 4162//4162
f 3882//3882 4161//4161 4162//4162
f 3882//3882 4162//4162 3883//3883
f 4136//4136 4150//4150 4164//4164
f 4147//4147 4136//4136 4164//4164
f 4163//4163 3871//3871 3895//3895
f 4166//4166 4163//4163 3895//3895
f 4166//4166 3895//3895 3894//3894
f 4147//4147 4166//4166 3894//3894
f 4167//4167 4165//4165 4163//4163
f 4163//4163 4166//4166 4164//4164
f 4164//4164 4167//4167 4163//4163
f 4166//4166 4147//4147 4164//4164
f 4165//4165 4167//4167 3882//3882
f 4161//4161 3882//3882 4167//4167
f 4167//4167 4164//4164 4161//4161
f 4150//4150 4161//4161 4164//4164
f 4162//4162 4142//4142 3885//3885
f 3883//3883 4162//4162 3885//3885
f 4142//4142 3881//3881 3885//3885
f 3880//3880 3885//3885 3881//3881
f 3880//3880 4182//4182 3885//3885
f 4182//4182 3880//3880 3890//3890
f 4185//4185 4186//4186 4187//4187
f 4185//4185 4187//4187 4188//4188
f 4189//4189 4185//4185 4188//4188
f 4189//4189 4188//4188 4190//4190
f 4191//4191 4192//4192 4193//4193
f 4193//4193 4194//4194 4195//4195
f 4193//4193 4195//4195 4191//4191
f 4187//4187 4186//4186 4196//4196
f 4197//4197 4187//4187 4196//4196
f 4192//4192 4198//4198 4199//4199
f 4202//4202 4200//4200 4201//4201
f 4199//4199 4203//4203 4201//4201
f 4199//4199 4201//4201 4192//4192
f 4206//4206 4200//4200 4202//4202
f 4206//4206 4202//4202 4207//4207
f 4206//4206 4207//4207 4208//4208
f 4205//4205 4206//4206 4208//4208
f 4205//4205 4208//4208 4204//4204
f 4214//4214 4210//4210 4212//4212
f 4214//4214 4212//4212 4213//4213
f 4209//4209 4214//4214 4211//4211
f 4211//4211 4197//4197 4196//4196
f 4209//4209 4211//4211 4196//4196
f 4209//4209 4210//4210 4214//4214
f 4218//4218 4217//4217 4215//4215
f 4216//4216 4218//4218 4215//4215
f 4219//4219 4220//4220 4221//4221
f 4222//4222 4223//4223 4224//4224
f 4222//4222 4224//4224 4219//4219
f 4221//4221 4222//4222 4219//4219
f 4225//4225 4224//4224 4223//4223
f 4225//4225 4223//4223 4194//4194
f 4229//4229 4193//4193 4192//4192
f 4229//4229 4192//4192 4201//4201
f 4230//4230 4229//4229 4201//4201
f 4231//4231 4230//4230 4201//4201
f 4232//4232 4201//4201 4200//4200
f 4232//4232 4200//4200 4228//4228
f 4233//4233 4186//4186 4234//4234
f 4235//4235 4231//4231 4228//4228
f 4235//4235 4228//4228 4236//4236
f 4235//4235 4236//4236 4233//4233
f 4237//4237 4235//4235 4233//4233
f 4234//4234 4237//4237 4233//4233
f 4241//4241 4216//4216 4240//4240
f 4242//4242 4241//4241 4240//4240
f 4185//4185 4189//4189 4243//4243
f 4186//4186 4185//4185 4243//4243
f 4186//4186 4243//4243 4234//4234
f 4219//4219 4244//4244 4245//4245
f 4219//4219 4246//4246 4247//4247
f 4249//4249 4247//4247 4246//4246
f 4248//4248 4249//4249 4246//4246
f 4251//4251 4253//4253 4254//4254
f 4251//4251 4254//4254 4255//4255
f 4251//4251 4255//4255 4252//4252
f 4251//4251 4252//4252 4250//4250
f 4237//4237 4256//4256 4257//4257
f 4258//4258 4237//4237 4257//4257
f 4253//4253 4258//4258 4259//4259
f 4253//4253 4259//4259 4254//4254
f 4242//4242 3905//3905 4260//4260
f 4260//4260 4261//4261 4262//4262
f 4260//4260 4262//4262 4242//4242
f 4189//4189 4263//4263 4264//4264
f 4264//4264 4256//4256 4189//4189
f 4265//4265 4266//4266 4267//4267
f 4268//4268 4269//4269 4270//4270
f 4267//4267 4268//4268 4270//4270
f 4267//4267 4270//4270 4265//4265
f 4272//4272 4263//4263 4273//4273
f 4272//4272 4273//4273 4274//4274
f 4272//4272 4274//4274 4271//4271
f 3905//3905 4277//4277 4275//4275
f 4276//4276 3905//3905 4275//4275
f 4280//4280 4247//4247 4281//4281
f 4280//4280 4281//4281 4282//4282
f 4280//4280 4282//4282 4278//4278
f 4283//4283 4280//4280 4278//4278
f 4249//4249 4284//4284 4285//4285
f 4285//4285 4247//4247 4249//4249
f 4286//4286 4249//4249 4287//4287
f 4255//4255 4254//4254 4288//4288
f 4255//4255 4288//4288 4289//4289
f 4287//4287 4255//4255 4289//4289
f 4287//4287 4289//4289 4286//4286
f 4288//4288 4254//4254 4290//4290
f 4272//4272 4271//4271 4291//4291
f 4292//4292 4272//4272 4291//4291
f 4292//4292 4291//4291 4293//4293
f 4292//4292 4293//4293 4294//4294
f 4290//4290 4292//4292 4294//4294
f 4290//4290 4294//4294 4288//4288
f 4295//4295 4296//4296 3901//3901
f 3905//3905 4297//4297 4295//4295
f 4280//4280 4244//4244 4219//4219
f 4219//4219 4247//4247 4280//4280
f 4285//4285 4281//4281 4247//4247
f 4286//4286 4284//4284 4249//4249
f 4194//4194 4193//4193 4225//4225
f 4249//4249 4248//4248 4250//4250
f 4252//4252 4287//4287 4249//4249
f 4287//4287 4252//4252 4255//4255
f 4216//4216 4241//4241 4218//4218
f 4217//4217 4218//4218 4189//4189
f 4259//4259 4290//4290 4254//4254
f 4256//4256 4292//4292 4290//4290
f 4256//4256 4272//4272 4292//4292
f 4259//4259 4256//4256 4290//4290
f 4262//4262 4261//4261 4263//4263
f 4189//4189 4262//4262 4263//4263
f 3905//3905 3904//3904 4277//4277
f 4263//4263 4276//4276 4275//4275
f 4263//4263 4275//4275 4273//4273
f 4264//4264 4263//4263 4272//4272
f 4272//4272 4256//4256 4264//4264
f 4295//4295 3901//3901 3906//3906
f 3906//3906 3905//3905 4295//4295
f 4261//4261 4276//4276 4263//4263
f 3905//3905 4276//4276 4261//4261
f 3905//3905 4242//4242 4297//4297
f 4307//4307 4269//4269 4268//4268
f 4307//4307 4268//4268 4242//4242
f 4297//4297 4268//4268 4267//4267
f 4267//4267 4296//4296 4295//4295
f 4295//4295 4297//4297 4267//4267
f 4297//4297 4242//4242 4268//4268
f 4262//4262 4241//4241 4242//4242
f 4262//4262 4189//4189 4218//4218
f 4262//4262 4218//4218 4241//4241
f 4256//4256 4234//4234 4243//4243
f 4189//4189 4256//4256 4243//4243
f 4237//4237 4234//4234 4256//4256
f 4253//4253 4231//4231 4235//4235
f 4258//4258 4253//4253 4237//4237
f 4253//4253 4235//4235 4237//4237
f 4251//4251 4250//4250 4229//4229
f 4229//4229 4250//4250 4193//4193
f 4251//4251 4230//4230 4231//4231
f 4251//4251 4231//4231 4253//4253
f 4230//4230 4251//4251 4229//4229
f 4248//4248 4193//4193 4250//4250
f 4248//4248 4225//4225 4193//4193
f 4224//4224 4225//4225 4248//4248
f 4246//4246 4224//4224 4248//4248
f 4219//4219 4224//4224 4246//4246
f 4318//4318 4319//4319 4320//4320
f 4321//4321 4319//4319 4322//4322
f 4325//4325 4324//4324 4323//4323
f 4325//4325 4323//4323 4206//4206
f 4325//4325 4206//4206 4205//4205
f 4317//4317 4325//4325 4205//4205
f 4325//4325 4326//4326 4322//4322
f 4322//4322 4319//4319 4325//4325
f 4324//4324 4325//4325 4319//4319
f 4326//4326 4325//4325 4317//4317
f 4318//4318 4324//4324 4319//4319
f 4323//4323 4324//4324 4318//4318
f 4329//4329 4323//4323 4327//4327
f 4329//4329 4330//4330 4236//4236
f 4327//4327 4328//4328 4329//4329
f 4329//4329 4328//4328 4330//4330
f 4331//4331 4323//4323 4329//4329
f 4228//4228 4331//4331 4329//4329
f 4236//4236 4228//4228 4329//4329
f 4330//4330 4233//4233 4236//4236
f 4186//4186 4233//4233 4196//4196
f 4328//4328 4233//4233 4330//4330
f 4233//4233 4328//4328 4196//4196
f 4200//4200 4331//4331 4228//4228
f 4200//4200 4206//4206 4331//4331
f 4206//4206 4323//4323 4331//4331
f 4317//4317 4205//4205 4204//4204
f 4332//4332 4333//4333 4321//4321
f 4332//4332 4321//4321 4322//4322
f 4334//4334 4332//4332 4322//4322
f 4334//4334 4322//4322 4326//4326
f 4335//4335 4334//4334 4326//4326
f 4335//4335 4326//4326 4317//4317
f 4204//4204 4335//4335 4317//4317
f 4337//4337 4345//4345 4336//4336
f 4336//4336 4344//4344 4343//4343
f 4336//4336 4328//4328 4337//4337
f 4343//4343 4196//4196 4336//4336
f 4345//4345 4344//4344 4336//4336
f 4336//4336 4196//4196 4328//4328
f 4346//4346 4327//4327 4318//4318
f 4337//4337 4328//4328 4327//4327
f 4318//4318 4320//4320 4347//4347
f 4347//4347 4338//4338 4337//4337
f 4327//4327 4323//4323 4318//4318
f 4346//4346 4347//4347 4337//4337
f 4318//4318 4347//4347 4346//4346
f 4337//4337 4327//4327 4346//4346
f 4350//4350 4351//4351 4352//4352
f 4350//4350 4352//4352 4353//4353
f 4349//4349 4350//4350 4353//4353
f 4349//4349 4353//4353 4348//4348
f 4348//4348 4355//4355 4354//4354
f 4349//4349 4348//4348 4354//4354
f 4358//4358 4356//4356 4355//4355
f 4358//4358 4355//4355 4357//4357
f 4359//4359 4363//4363 4364//4364
f 4359//4359 4364//4364 4365//4365
f 4360//4360 4361//4361 4362//4362
f 4360//4360 4362//4362 4366//4366
f 4361//4361 4368//4368 4369//4369
f 4361//4361 4369//4369 4367//4367
f 4369//4369 4368//4368 4372//4372
f 4373//4373 4369//4369 4372//4372
f 4374//4374 4373//4373 4375//4375
f 4374//4374 4375//4375 4376//4376
f 4377//4377 4374//4374 4378//4378
f 4377//4377 4378//4378 4379//4379
f 4380//4380 4377//4377 4381//4381
f 4380//4380 4381//4381 4382//4382
f 4351//4351 4380//4380 4383//4383
f 4351//4351 4383//4383 4352//4352
f 3355//3355 3865//3865 3871//3871
f 3869//3869 3868//3868 3361//3361
f 3363//3363 3364//3364 3870//3870
f 3870//3870 3869//3869 3363//3363
f 3428//3428 3449//3449 3879//3879
f 3879//3879 3950//3950 3428//3428
f 3440//3440 3428//3428 3950//3950
f 3950//3950 3960//3960 3440//3440
f 3438//3438 3440//3440 3960//3960
f 3960//3960 3877//3877 3438//3438
f 3450//3450 3448//3448 3878//3878
f 3876//3876 3878//3878 3448//3448
f 3364//3364 3632//3632 4160//4160
f 4160//4160 3870//3870 3364//3364
f 3637//3637 3355//3355 3871//3871
f 3871//3871 4163//4163 3637//3637
f 3882//3882 3639//3639 3640//3640
f 3640//3640 4165//4165 3882//3882
f 3640//3640 3637//3637 4163//4163
f 4163//4163 4165//4165 3640//3640
f 4384//4384 3657//3657 3887//3887
f 3887//3887 3884//3884 4384//4384
f 3642//3642 3885//3885 4182//4182
f 3890//3890 3880//3880 3634//3634
f 3883//3883 3657//3657 3636//3636
f 4385//4385 4386//4386 4387//4387
f 4387//4387 4388//4388 4385//4385
f 4389//4389 4390//4390 4391//4391
f 4391//4391 4392//4392 4389//4389
f 4393//4393 4394//4394 4395//4395
f 4395//4395 4396//4396 4393//4393
f 4397//4397 4398//4398 4399//4399
f 4399//4399 4400//4400 4397//4397
f 4401//4401 4402//4402 4403//4403
f 4403//4403 4404//4404 4401//4401
f 4406//4406 4407//4407 4405//4405
f 4407//4407 4406//4406 4408//4408
f 4409//4409 4410//4410 4411//4411
f 4411//4411 4412//4412 4409//4409
f 4413//4413 4414//4414 4415//4415
f 4415//4415 4416//4416 4413//4413
f 4417//4417 4418//4418 4419//4419
f 4419//4419 4420//4420 4417//4417
f 4421//4421 4422//4422 4423//4423
f 4423//4423 4424//4424 4421//4421
f 4425//4425 4426//4426 4427//4427
f 4427//4427 4428//4428 4425//4425
f 4429//4429 4430//4430 4431//4431
f 4431//4431 4432//4432 4429//4429
f 4433//4433 4434//4434 4435//4435
f 4435//4435 4436//4436 4433//4433
f 4437//4437 4438//4438 4439//4439
f 4439//4439 4440//4440 4437//4437
f 4441//4441 4442//4442 4443//4443
f 4443//4443 4444//4444 4441//4441
f 4445//4445 4446//4446 4447//4447
f 4447//4447 4448//4448 4445//4445
f 4449//4449 4450//4450 4451//4451
f 4451//4451 4452//4452 4453//4453
f 4451//4451 4453//4453 4454//4454
f 4451//4451 4454//4454 4455//4455
f 4451//4451 4455//4455 4456//4456
f 4449//4449 4451//4451 4456//4456
f 4457//4457 4449//4449 4456//4456
f 4457//4457 4456//4456 4458//4458
f 4459//4459 4460//4460 4461//4461
f 4461//4461 4462//4462 4463//4463
f 4463//4463 4464//4464 4465//4465
f 4461//4461 4463//4463 4465//4465
f 4461//4461 4465//4465 4466//4466
f 4461//4461 4466//4466 4467//4467
f 4459//4459 4461//4461 4467//4467
f 4465//4465 4464//4464 4468//4468
f 4469//4469 4470//4470 4471//4471
f 4471//4471 4472//4472 4469//4469
f 4473//4473 4474//4474 4475//4475
f 4475//4475 4476//4476 4473//4473
f 4477//4477 4478//4478 4479//4479
f 4479//4479 4480//4480 4477//4477
f 4481//4481 4482//4482 4483//4483
f 4483//4483 4484//4484 4481//4481
f 4485//4485 4486//4486 4487//4487
f 4487//4487 4488//4488 4485//4485
f 4489//4489 4490//4490 4491//4491
f 4491//4491 4492//4492 4489//4489
f 4493//4493 4494//4494 4495//4495
f 4495//4495 4496//4496 4493//4493
f 4497//4497 4498//4498 4499//4499
f 4499//4499 4500//4500 4497//4497
f 4501//4501 4502//4502 4503//4503
f 4503//4503 4504//4504 4501//4501
f 4505//4505 4506//4506 4507//4507
f 4507//4507 4508//4508 4505//4505
f 4509//4509 4510//4510 4511//4511
f 4509//4509 4511//4511 4512//4512
f 4513//4513 4514//4514 4515//4515
f 4512//4512 4513//4513 4515//4515
f 4512//4512 4515//4515 4516//4516
f 4509//4509 4512//4512 4516//4516
f 4509//4509 4516//4516 4517//4517
f 4518//4518 4519//4519 4520//4520
f 4521//4521 4522//4522 4523//4523
f 4521//4521 4523//4523 4524//4524
f 4520//4520 4521//4521 4524//4524
f 4520//4520 4524//4524 4525//4525
f 4518//4518 4520//4520 4525//4525
f 4517//4517 4526//4526 4509//4509
f 4522//4522 4521//4521 4527//4527
f 4525//4525 4524//4524 4528//4528
f 4529//4529 4530//4530 4531//4531
f 4531//4531 4532//4532 4529//4529
f 4534//4534 4533//4533 4535//4535
f 4535//4535 4536//4536 4534//4534
f 4536//4536 4535//4535 4537//4537
f 4537//4537 4538//4538 4536//4536
f 4539//4539 4540//4540 4538//4538
f 4538//4538 4537//4537 4539//4539
f 4539//4539 4541//4541 4540//4540
f 4541//4541 4539//4539 4542//4542
f 4542//4542 4543//4543 4541//4541
f 4543//4543 4542//4542 4544//4544
f 4544//4544 4545//4545 4543//4543
f 4545//4545 4544//4544 4546//4546
f 4547//4547 4548//4548 4545//4545
f 4545//4545 4546//4546 4547//4547
f 4547//4547 4549//4549 4548//4548
f 4549//4549 4547//4547 4550//4550
f 4550//4550 4551//4551 4549//4549
f 4551//4551 4550//4550 4552//4552
f 4553//4553 4554//4554 4551//4551
f 4551//4551 4552//4552 4553//4553
f 4555//4555 4556//4556 4554//4554
f 4554//4554 4553//4553 4555//4555
f 4557//4557 4558//4558 4556//4556
f 4556//4556 4555//4555 4557//4557
f 4558//4558 4557//4557 4559//4559
f 4560//4560 4561//4561 4559//4559
f 4562//4562 4563//4563 4564//4564
f 4564//4564 4565//4565 4562//4562
f 4566//4566 4567//4567 4568//4568
f 4568//4568 4569//4569 4566//4566
f 4570//4570 4571//4571 4567//4567
f 4567//4567 4566//4566 4570//4570
f 4572//4572 4573//4573 4571//4571
f 4571//4571 4570//4570 4572//4572
f 4574//4574 4575//4575 4573//4573
f 4573//4573 4572//4572 4574//4574
f 4576//4576 4577//4577 4575//4575
f 4575//4575 4574//4574 4576//4576
f 4578//4578 4579//4579 4577//4577
f 4577//4577 4576//4576 4578//4578
f 4580//4580 4581//4581 4579//4579
f 4579//4579 4578//4578 4580//4580
f 4582//4582 4583//4583 4581//4581
f 4581//4581 4580//4580 4582//4582
f 4584//4584 4585//4585 4583//4583
f 4583//4583 4582//4582 4584//4584
f 4586//4586 4587//4587 4585//4585
f 4585//4585 4584//4584 4586//4586
f 4588//4588 4589//4589 4587//4587
f 4587//4587 4586//4586 4588//4588
f 4590//4590 4591//4591 4589//4589
f 4589//4589 4588//4588 4590//4590
f 4592//4592 4593//4593 4591//4591
f 4591//4591 4590//4590 4592//4592
f 4594//4594 4595//4595 4593//4593
f 4593//4593 4592//4592 4594//4594
f 4596//4596 4597//4597 4595//4595
f 4595//4595 4594//4594 4596//4596
f 4598//4598 4599//4599 4597//4597
f 4597//4597 4596//4596 4598//4598
f 4600//4600 4601//4601 4599//4599
f 4599//4599 4598//4598 4600//4600
f 4600//4600 4602//4602 4601//4601
f 4602//4602 4600//4600 4603//4603
f 4603//4603 4604//4604 4602//4602
f 4605//4605 4606//4606 4604//4604
f 4604//4604 4603//4603 4605//4605
f 4606//4606 4605//4605 4607//4607
f 4607//4607 4608//4608 4606//4606
f 4608//4608 4607//4607 4609//4609
f 4609//4609 4610//4610 4608//4608
f 4611//4611 4612//4612 4610//4610
f 4610//4610 4609//4609 4611//4611
f 4613//4613 4614//4614 4615//4615
f 4616//4616 4613//4613 4615//4615
f 4616//4616 4615//4615 4617//4617
f 4616//4616 4617//4617 4618//4618
f 4619//4619 4616//4616 4618//4618
f 4619//4619 4618//4618 4620//4620
f 4619//4619 4620//4620 4621//4621
f 4619//4619 4621//4621 4622//4622
f 4623//4623 4619//4619 4622//4622
f 4623//4623 4622//4622 4624//4624
f 4623//4623 4624//4624 4625//4625
f 4626//4626 4623//4623 4625//4625
f 4626//4626 4625//4625 4627//4627
f 4628//4628 4626//4626 4627//4627
f 4628//4628 4627//4627 4629//4629
f 4630//4630 4628//4628 4629//4629
f 4631//4631 4632//4632 4633//4633
f 4638//4638 4639//4639 4640//4640
f 4641//4641 4638//4638 4640//4640
f 4642//4642 4641//4641 4640//4640
f 4642//4642 4640//4640 4643//4643
f 4637//4637 4642//4642 4643//4643
f 4644//4644 4637//4637 4643//4643
f 4636//4636 4644//4644 4643//4643
f 4636//4636 4643//4643 4645//4645
f 4635//4635 4636//4636 4645//4645
f 4646//4646 4635//4635 4645//4645
f 4634//4634 4646//4646 4645//4645
f 4634//4634 4645//4645 4647//4647
f 4648//4648 4634//4634 4647//4647
f 4648//4648 4647//4647 4649//4649
f 4633//4633 4648//4648 4649//4649
f 4633//4633 4649//4649 4631//4631
f 4560//4560 4559//4559 4557//4557
f 4561//4561 4558//4558 4559//4559
f 4650//4650 4651//4651 4652//4652
f 4653//4653 4654//4654 4651//4651
f 4651//4651 4650//4650 4653//4653
f 4655//4655 4656//4656 4654//4654
f 4654//4654 4653//4653 4655//4655
f 4657//4657 4658//4658 4656//4656
f 4656//4656 4655//4655 4657//4657
f 4659//4659 4660//4660 4658//4658
f 4658//4658 4657//4657 4659//4659
f 4661//4661 4662//4662 4660//4660
f 4660//4660 4659//4659 4661//4661
f 4663//4663 4664//4664 4662//4662
f 4662//4662 4661//4661 4663//4663
f 4664//4664 4663//4663 4665//4665
f 4665//4665 4666//4666 4664//4664
f 4667//4667 4668//4668 4669//4669
f 4669//4669 4670//4670 4667//4667
f 4671//4671 4672//4672 4673//4673
f 4672//4672 4671//4671 4674//4674
f 4674//4674 4675//4675 4672//4672
f 4676//4676 4677//4677 4675//4675
f 4675//4675 4674//4674 4676//4676
f 4678//4678 4679//4679 4677//4677
f 4677//4677 4676//4676 4678//4678
f 4680//4680 4681//4681 4679//4679
f 4679//4679 4678//4678 4680//4680
f 4682//4682 4683//4683 4681//4681
f 4681//4681 4680//4680 4682//4682
f 4684//4684 4685//4685 4683//4683
f 4683//4683 4682//4682 4684//4684
f 4686//4686 4687//4687 4685//4685
f 4685//4685 4684//4684 4686//4686
f 4688//4688 4689//4689 4687//4687
f 4687//4687 4686//4686 4688//4688
f 4690//4690 4691//4691 4689//4689
f 4689//4689 4688//4688 4690//4690
f 4692//4692 4693//4693 4691//4691
f 4691//4691 4690//4690 4692//4692
f 4694//4694 4695//4695 4693//4693
f 4693//4693 4692//4692 4694//4694
f 4696//4696 4697//4697 4695//4695
f 4695//4695 4694//4694 4696//4696
f 4698//4698 4699//4699 4697//4697
f 4697//4697 4696//4696 4698//4698
f 4700//4700 4701//4701 4699//4699
f 4699//4699 4698//4698 4700//4700
f 4702//4702 4703//4703 4701//4701
f 4701//4701 4700//4700 4702//4702
f 4704//4704 4705//4705 4703//4703
f 4703//4703 4702//4702 4704//4704
f 4706//4706 4707//4707 4705//4705
f 4705//4705 4704//4704 4706//4706
f 4708//4708 4709//4709 4707//4707
f 4707//4707 4706//4706 4708//4708
f 4710//4710 4711//4711 4709//4709
f 4709//4709 4708//4708 4710//4710
f 4712//4712 4713//4713 4711//4711
f 4711//4711 4710//4710 4712//4712
f 4714//4714 4715//4715 4713//4713
f 4713//4713 4712//4712 4714//4714
f 4716//4716 4717//4717 4715//4715
f 4715//4715 4714//4714 4716//4716
f 4718//4718 4719//4719 4717//4717
f 4717//4717 4716//4716 4718//4718
f 4720//4720 4721//4721 4719//4719
f 4719//4719 4718//4718 4720//4720
f 4721//4721 4720//4720 4722//4722
f 4722//4722 4723//4723 4721//4721
f 4724//4724 4725//4725 4723//4723
f 4723//4723 4722//4722 4724//4724
f 4726//4726 4727//4727 4728//4728
f 4728//4728 4729//4729 4726//4726
f 4730//4730 4731//4731 4732//4732
f 4731//4731 4730//4730 4733//4733
f 4735//4735 4736//4736 4734//4734
f 4737//4737 4738//4738 4736//4736
f 4738//4738 4737//4737 4739//4739
f 4739//4739 4652//4652 4738//4738
f 4652//4652 4739//4739 4650//4650
f 4747//4747 4748//4748 4749//4749
f 4750//4750 4747//4747 4749//4749
f 4751//4751 4750//4750 4749//4749
f 4751//4751 4749//4749 4752//4752
f 4753//4753 4751//4751 4752//4752
f 4753//4753 4752//4752 4754//4754
f 4746//4746 4753//4753 4754//4754
f 4745//4745 4746//4746 4754//4754
f 4745//4745 4754//4754 4755//4755
f 4744//4744 4745//4745 4755//4755
f 4743//4743 4744//4744 4755//4755
f 4742//4742 4743//4743 4755//4755
f 4741//4741 4742//4742 4755//4755
f 4741//4741 4755//4755 4756//4756
f 4740//4740 4741//4741 4756//4756
f 4740//4740 4756//4756 4757//4757
f 4758//4758 4759//4759 4760//4760
f 4763//4763 4761//4761 4762//4762
f 4763//4763 4762//4762 4764//4764
f 4765//4765 4763//4763 4764//4764
f 4765//4765 4764//4764 4766//4766
f 4767//4767 4765//4765 4766//4766
f 4767//4767 4766//4766 4768//4768
f 4767//4767 4768//4768 4769//4769
f 4770//4770 4767//4767 4769//4769
f 4770//4770 4769//4769 4771//4771
f 4770//4770 4771//4771 4772//4772
f 4770//4770 4772//4772 4773//4773
f 4770//4770 4773//4773 4774//4774
f 4760//4760 4770//4770 4774//4774
f 4760//4760 4774//4774 4775//4775
f 4760//4760 4775//4775 4776//4776
f 4758//4758 4760//4760 4776//4776
f 4675//4675 4673//4673 4672//4672
f 4734//4734 4731//4731 4733//4733
f 4735//4735 4734//4734 4733//4733
f 4735//4735 4737//4737 4736//4736
f 4777//4777 4778//4778 4779//4779
f 4779//4779 4780//4780 4777//4777
f 4781//4781 4782//4782 4783//4783
f 4783//4783 4784//4784 4781//4781
f 4785//4785 4786//4786 4787//4787
f 4787//4787 4788//4788 4785//4785
f 4789//4789 4790//4790 4791//4791
f 4791//4791 4792//4792 4789//4789
f 4793//4793 4794//4794 4795//4795
f 4795//4795 4796//4796 4793//4793
f 4797//4797 4798//4798 4799//4799
f 4799//4799 4800//4800 4797//4797
f 4801//4801 4802//4802 4803//4803
f 4803//4803 4804//4804 4801//4801
f 4805//4805 4806//4806 4807//4807
f 4807//4807 4808//4808 4805//4805
f 4809//4809 4810//4810 4811//4811
f 4811//4811 4812//4812 4809//4809
f 4813//4813 4814//4814 4815//4815
f 4815//4815 4816//4816 4813//4813
f 4817//4817 4818//4818 4819//4819
f 4819//4819 4820//4820 4817//4817
f 4821//4821 4822//4822 4823//4823
f 4823//4823 4824//4824 4821//4821
f 4825//4825 4826//4826 4827//4827
f 4827//4827 4828//4828 4825//4825
f 4829//4829 4830//4830 4831//4831
f 4832//4832 4833//4833 4834//4834
f 4832//4832 4834//4834 4835//4835
f 4832//4832 4835//4835 4836//4836
f 4832//4832 4836//4836 4837//4837
f 4831//4831 4832//4832 4837//4837
f 4829//4829 4831//4831 4837//4837
f 4829//4829 4837//4837 4838//4838
f 4829//4829 4838//4838 4839//4839
f 4829//4829 4839//4839 4840//4840
f 4841//4841 4829//4829 4840//4840
f 4842//4842 4843//4843 4844//4844
f 4844//4844 4845//4845 4846//4846
f 4847//4847 4848//4848 4849//4849
f 4846//4846 4847//4847 4849//4849
f 4844//4844 4846//4846 4849//4849
f 4849//4849 4850//4850 4851//4851
f 4844//4844 4849//4849 4851//4851
f 4844//4844 4851//4851 4852//4852
f 4842//4842 4844//4844 4852//4852
f 4853//4853 4842//4842 4852//4852
f 4854//4854 4853//4853 4852//4852
f 4855//4855 4856//4856 4857//4857
f 4857//4857 4858//4858 4855//4855
f 4859//4859 4860//4860 4861//4861
f 4861//4861 4862//4862 4859//4859
f 4863//4863 4864//4864 4865//4865
f 4865//4865 4866//4866 4863//4863
f 4867//4867 4868//4868 4869//4869
f 4869//4869 4870//4870 4867//4867
f 4871//4871 4872//4872 4873//4873
f 4874//4874 4875//4875 4876//4876
f 4876//4876 4877//4877 4874//4874
f 4878//4878 4879//4879 4880//4880
f 4880//4880 4881//4881 4878//4878
f 4882//4882 4883//4883 4884//4884
f 4884//4884 4885//4885 4882//4882
f 4886//4886 4887//4887 4888//4888
f 4888//4888 4889//4889 4886//4886
f 4890//4890 4891//4891 4892//4892
f 4892//4892 4893//4893 4890//4890
f 4894//4894 4895//4895 4896//4896
f 4896//4896 4897//4897 4894//4894
f 4898//4898 4899//4899 4900//4900
f 4900//4900 4901//4901 4898//4898
f 4902//4902 4903//4903 4904//4904
f 4905//4905 4902//4902 4904//4904
f 4906//4906 4907//4907 4908//4908
f 4906//4906 4908//4908 4909//4909
f 4909//4909 4910//4910 4911//4911
f 4906//4906 4909//4909 4911//4911
f 4906//4906 4911//4911 4912//4912
f 4904//4904 4906//4906 4912//4912
f 4905//4905 4904//4904 4912//4912
f 4905//4905 4912//4912 4913//4913
f 4916//4916 4917//4917 4918//4918
f 4916//4916 4918//4918 4919//4919
f 4916//4916 4919//4919 4920//4920
f 4916//4916 4920//4920 4921//4921
f 4915//4915 4916//4916 4921//4921
f 4921//4921 4922//4922 4923//4923
f 4915//4915 4921//4921 4923//4923
f 4914//4914 4915//4915 4923//4923
f 4871//4871 4873//4873 4924//4924
f 4915//4915 4914//4914 4925//4925
f 4920//4920 4919//4919 4926//4926
f 4927//4927 4928//4928 4929//4929
f 4929//4929 4930//4930 4927//4927
f 4931//4931 4932//4932 4933//4933
f 4933//4933 4934//4934 4931//4931
f 4935//4935 4936//4936 4937//4937
f 4937//4937 4938//4938 4935//4935
f 4939//4939 4940//4940 4941//4941
f 4941//4941 4942//4942 4939//4939
f 4943//4943 4944//4944 4945//4945
f 4945//4945 4946//4946 4943//4943
f 4947//4947 4948//4948 4949//4949
f 4949//4949 4950//4950 4947//4947
f 4951//4951 4952//4952 4953//4953
f 4953//4953 4954//4954 4951//4951
f 4955//4955 4956//4956 4957//4957
f 4957//4957 4958//4958 4955//4955
f 4959//4959 4960//4960 4961//4961
f 4961//4961 4962//4962 4959//4959
f 4963//4963 4964//4964 4965//4965
f 4965//4965 4966//4966 4963//4963
f 4967//4967 4968//4968 4969//4969
f 4969//4969 4970//4970 4967//4967
f 4971//4971 4972//4972 4973//4973
f 4973//4973 4974//4974 4971//4971
f 4975//4975 4976//4976 4977//4977
f 4975//4975 4977//4977 4978//4978
f 4979//4979 4975//4975 4978//4978
f 4980//4980 4981//4981 4982//4982
f 4983//4983 4980//4980 4982//4982
f 4978//4978 4983//4983 4982//4982
f 4978//4978 4982//4982 4984//4984
f 4979//4979 4978//4978 4984//4984
f 4979//4979 4984//4984 4985//4985
f 4986//4986 4979//4979 4985//4985
f 4987//4987 4988//4988 4989//4989
f 4989//4989 4990//4990 4991//4991
f 4992//4992 4993//4993 4994//4994
f 4995//4995 4992//4992 4994//4994
f 4991//4991 4995//4995 4994//4994
f 4991//4991 4994//4994 4987//4987
f 4989//4989 4991//4991 4987//4987
f 4988//4988 4987//4987 4996//4996
f 4991//4991 4990//4990 4997//4997
f 4997//4997 4998//4998 4991//4991
f 4999//4999 5000//5000 5001//5001
f 5001//5001 5002//5002 4999//4999
f 5003//5003 5004//5004 5005//5005
f 5005//5005 5006//5006 5003//5003
f 5007//5007 5008//5008 5009//5009
f 5010//5010 5011//5011 5012//5012
f 5012//5012 5013//5013 5010//5010
f 5014//5014 5015//5015 5016//5016
f 5016//5016 5017//5017 5014//5014
f 5018//5018 5019//5019 5020//5020
f 5020//5020 5021//5021 5018//5018
f 5023//5023 5024//5024 5022//5022
f 5025//5025 5026//5026 5027//5027
f 5027//5027 5028//5028 5025//5025
f 5029//5029 5030//5030 5031//5031
f 5031//5031 5032//5032 5029//5029
f 5033//5033 5034//5034 5035//5035
f 5035//5035 5036//5036 5033//5033
f 5037//5037 5038//5038 5039//5039
f 5039//5039 5040//5040 5037//5037
f 5041//5041 5042//5042 5043//5043
f 5043//5043 5044//5044 5041//5041
f 5047//5047 5045//5045 5046//5046
f 5048//5048 5049//5049 5050//5050
f 5051//5051 5048//5048 5050//5050
f 5046//5046 5051//5051 5050//5050
f 5046//5046 5050//5050 5052//5052
f 5047//5047 5046//5046 5052//5052
f 5053//5053 5047//5047 5052//5052
f 5054//5054 5055//5055 5056//5056
f 5057//5057 5058//5058 5059//5059
f 5057//5057 5059//5059 5060//5060
f 5056//5056 5057//5057 5060//5060
f 5063//5063 5061//5061 5062//5062
f 5060//5060 5063//5063 5062//5062
f 5060//5060 5062//5062 5064//5064
f 5056//5056 5060//5060 5064//5064
f 5054//5054 5056//5056 5064//5064
f 5009//5009 5065//5065 5007//5007
f 5023//5023 5022//5022 5066//5066
f 5046//5046 5045//5045 5067//5067
f 5067//5067 5068//5068 5046//5046
f 5053//5053 5052//5052 5069//5069
f 5061//5061 5070//5070 5062//5062
f 5071//5071 5072//5072 5073//5073
f 5073//5073 5074//5074 5071//5071
f 5075//5075 5076//5076 5077//5077
f 5077//5077 5078//5078 5075//5075
f 5079//5079 5080//5080 5081//5081
f 5081//5081 5082//5082 5079//5079
f 5083//5083 5084//5084 5085//5085
f 5085//5085 5086//5086 5083//5083
f 5087//5087 5088//5088 5089//5089
f 5089//5089 5090//5090 5087//5087
f 5091//5091 5092//5092 5093//5093
f 5093//5093 5094//5094 5091//5091
f 5095//5095 5096//5096 5097//5097
f 5098//5098 5095//5095 5097//5097
f 5099//5099 5100//5100 5101//5101
f 5101//5101 5102//5102 5103//5103
f 5101//5101 5103//5103 5104//5104
f 5099//5099 5101//5101 5104//5104
f 5098//5098 5097//5097 5106//5106
f 5106//5106 5105//5105 5098//5098
f 5108//5108 5107//5107 5109//5109
f 5109//5109 5110//5110 5108//5108
f 5110//5110 5109//5109 5111//5111
f 5111//5111 5112//5112 5110//5110
f 5113//5113 5114//5114 5112//5112
f 5112//5112 5111//5111 5113//5113
f 5115//5115 5116//5116 5114//5114
f 5114//5114 5113//5113 5115//5115
f 5115//5115 5117//5117 5116//5116
f 5117//5117 5115//5115 5118//5118
f 5118//5118 5119//5119 5117//5117
f 5120//5120 5121//5121 5119//5119
f 5120//5120 5122//5122 5121//5121
f 5123//5123 5124//5124 5122//5122
f 5125//5125 5126//5126 5124//5124
f 5124//5124 5123//5123 5125//5125
f 5127//5127 5128//5128 5126//5126
f 5126//5126 5125//5125 5127//5127
f 5129//5129 5130//5130 5128//5128
f 5128//5128 5127//5127 5129//5129
f 5131//5131 5132//5132 5129//5129
f 5133//5133 5134//5134 5135//5135
f 5135//5135 5136//5136 5133//5133
f 5139//5139 5140//5140 5138//5138
f 5138//5138 5137//5137 5139//5139
f 5140//5140 5139//5139 5141//5141
f 5142//5142 5141//5141 5143//5143
f 5144//5144 5143//5143 5145//5145
f 5145//5145 5146//5146 5144//5144
f 5147//5147 5148//5148 5146//5146
f 5146//5146 5145//5145 5147//5147
f 5147//5147 5149//5149 5148//5148
f 5149//5149 5147//5147 5150//5150
f 5151//5151 5152//5152 5150//5150
f 5152//5152 5151//5151 5153//5153
f 5154//5154 5155//5155 5152//5152
f 5152//5152 5153//5153 5154//5154
f 5154//5154 5156//5156 5155//5155
f 5157//5157 5158//5158 5156//5156
f 5156//5156 5154//5154 5157//5157
f 5159//5159 5160//5160 5158//5158
f 5158//5158 5157//5157 5159//5159
f 5160//5160 5159//5159 5161//5161
f 5162//5162 5163//5163 5161//5161
f 5164//5164 5165//5165 5163//5163
f 5163//5163 5162//5162 5164//5164
f 5165//5165 5164//5164 5166//5166
f 5166//5166 5167//5167 5165//5165
f 5167//5167 5166//5166 5168//5168
f 5168//5168 5169//5169 5167//5167
f 5169//5169 5168//5168 5170//5170
f 5170//5170 5171//5171 5169//5169
f 5171//5171 5170//5170 5172//5172
f 5172//5172 5173//5173 5171//5171
f 5173//5173 5172//5172 5174//5174
f 5173//5173 5174//5174 5175//5175
f 5176//5176 5177//5177 5175//5175
f 5178//5178 5179//5179 5177//5177
f 5177//5177 5176//5176 5178//5178
f 5179//5179 5178//5178 5180//5180
f 5180//5180 5181//5181 5179//5179
f 5183//5183 5184//5184 5182//5182
f 5185//5185 5186//5186 5184//5184
f 5184//5184 5183//5183 5185//5185
f 5185//5185 5187//5187 5186//5186
f 5187//5187 5185//5185 5188//5188
f 5188//5188 5189//5189 5187//5187
f 5190//5190 5191//5191 5189//5189
f 5189//5189 5188//5188 5190//5190
f 5192//5192 5193//5193 5191//5191
f 5191//5191 5190//5190 5192//5192
f 5192//5192 5194//5194 5193//5193
f 5196//5196 5197//5197 5195//5195
f 5197//5197 5196//5196 5198//5198
f 5198//5198 5199//5199 5197//5197
f 5199//5199 5198//5198 5200//5200
f 5200//5200 5201//5201 5199//5199
f 5201//5201 5200//5200 5202//5202
f 5202//5202 5203//5203 5201//5201
f 5203//5203 5202//5202 5204//5204
f 5205//5205 5206//5206 5207//5207
f 5207//5207 5208//5208 5205//5205
f 5209//5209 5210//5210 5211//5211
f 5210//5210 5209//5209 5212//5212
f 5212//5212 5213//5213 5210//5210
f 5215//5215 5216//5216 5214//5214
f 5214//5214 5213//5213 5215//5215
f 5217//5217 5218//5218 5216//5216
f 5219//5219 5220//5220 5218//5218
f 5218//5218 5217//5217 5219//5219
f 5220//5220 5219//5219 5221//5221
f 5222//5222 5223//5223 5221//5221
f 5224//5224 5225//5225 5223//5223
f 5223//5223 5222//5222 5224//5224
f 5226//5226 5227//5227 5225//5225
f 5225//5225 5224//5224 5226//5226
f 5228//5228 5229//5229 5227//5227
f 5227//5227 5226//5226 5228//5228
f 5230//5230 5231//5231 5229//5229
f 5229//5229 5228//5228 5230//5230
f 5232//5232 5233//5233 5231//5231
f 5231//5231 5230//5230 5232//5232
f 5234//5234 5235//5235 5233//5233
f 5233//5233 5232//5232 5234//5234
f 5236//5236 5237//5237 5235//5235
f 5235//5235 5234//5234 5236//5236
f 5238//5238 5239//5239 5237//5237
f 5237//5237 5236//5236 5238//5238
f 5240//5240 5241//5241 5239//5239
f 5239//5239 5238//5238 5240//5240
f 5242//5242 5243//5243 5241//5241
f 5241//5241 5240//5240 5242//5242
f 5244//5244 5245//5245 5243//5243
f 5243//5243 5242//5242 5244//5244
f 5246//5246 5247//5247 5245//5245
f 5245//5245 5244//5244 5246//5246
f 5247//5247 5246//5246 5248//5248
f 5248//5248 5249//5249 5247//5247
f 5250//5250 5251//5251 5249//5249
f 5249//5249 5248//5248 5250//5250
f 5252//5252 5253//5253 5251//5251
f 5251//5251 5250//5250 5252//5252
f 5253//5253 5252//5252 5254//5254
f 5254//5254 5255//5255 5253//5253
f 5255//5255 5254//5254 5107//5107
f 5107//5107 5256//5256 5255//5255
f 5107//5107 5108//5108 5256//5256
f 5264//5264 5265//5265 5266//5266
f 5267//5267 5264//5264 5266//5266
f 5267//5267 5266//5266 5268//5268
f 5269//5269 5267//5267 5268//5268
f 5270//5270 5269//5269 5268//5268
f 5270//5270 5268//5268 5271//5271
f 5263//5263 5270//5270 5271//5271
f 5263//5263 5271//5271 5272//5272
f 5262//5262 5263//5263 5272//5272
f 5261//5261 5262//5262 5272//5272
f 5260//5260 5261//5261 5272//5272
f 5260//5260 5272//5272 5273//5273
f 5259//5259 5260//5260 5273//5273
f 5258//5258 5259//5259 5273//5273
f 5257//5257 5258//5258 5273//5273
f 5257//5257 5273//5273 5274//5274
f 5275//5275 5257//5257 5274//5274
f 5275//5275 5274//5274 5276//5276
f 5277//5277 5275//5275 5276//5276
f 5277//5277 5276//5276 5278//5278
f 5277//5277 5278//5278 5279//5279
f 5280//5280 5277//5277 5279//5279
f 5280//5280 5279//5279 5281//5281
f 5280//5280 5281//5281 5282//5282
f 5280//5280 5282//5282 5283//5283
f 5280//5280 5283//5283 5284//5284
f 5285//5285 5280//5280 5284//5284
f 5285//5285 5284//5284 5286//5286
f 5287//5287 5285//5285 5286//5286
f 5287//5287 5286//5286 5288//5288
f 5289//5289 5287//5287 5288//5288
f 5290//5290 5289//5289 5288//5288
f 5290//5290 5288//5288 5291//5291
f 5292//5292 5290//5290 5291//5291
f 5300//5300 5301//5301 5302//5302
f 5303//5303 5300//5300 5302//5302
f 5304//5304 5303//5303 5302//5302
f 5304//5304 5302//5302 5305//5305
f 5306//5306 5304//5304 5305//5305
f 5306//5306 5305//5305 5307//5307
f 5306//5306 5307//5307 5308//5308
f 5309//5309 5306//5306 5308//5308
f 5309//5309 5308//5308 5310//5310
f 5309//5309 5310//5310 5311//5311
f 5309//5309 5311//5311 5312//5312
f 5309//5309 5312//5312 5313//5313
f 5314//5314 5309//5309 5313//5313
f 5314//5314 5313//5313 5315//5315
f 5316//5316 5314//5314 5315//5315
f 5316//5316 5315//5315 5317//5317
f 5318//5318 5316//5316 5317//5317
f 5299//5299 5318//5318 5317//5317
f 5299//5299 5317//5317 5319//5319
f 5299//5299 5319//5319 5320//5320
f 5298//5298 5299//5299 5320//5320
f 5297//5297 5298//5298 5320//5320
f 5296//5296 5297//5297 5320//5320
f 5295//5295 5296//5296 5320//5320
f 5321//5321 5295//5295 5320//5320
f 5321//5321 5320//5320 5322//5322
f 5323//5323 5321//5321 5322//5322
f 5324//5324 5323//5323 5322//5322
f 5324//5324 5322//5322 5325//5325
f 5294//5294 5324//5324 5325//5325
f 5294//5294 5325//5325 5326//5326
f 5293//5293 5294//5294 5326//5326
f 5118//5118 5120//5120 5119//5119
f 5123//5123 5122//5122 5120//5120
f 5130//5130 5129//5129 5132//5132
f 5137//5137 5141//5141 5139//5139
f 5142//5142 5138//5138 5140//5140
f 5140//5140 5141//5141 5142//5142
f 5143//5143 5144//5144 5142//5142
f 5142//5142 5144//5144 5146//5146
f 5152//5152 5149//5149 5150//5150
f 5159//5159 5162//5162 5161//5161
f 5176//5176 5175//5175 5174//5174
f 5180//5180 5182//5182 5181//5181
f 5184//5184 5181//5181 5182//5182
f 5192//5192 5195//5195 5194//5194
f 5197//5197 5194//5194 5195//5195
f 5210//5210 5213//5213 5214//5214
f 5213//5213 5217//5217 5215//5215
f 5215//5215 5217//5217 5216//5216
f 5220//5220 5216//5216 5218//5218
f 5219//5219 5222//5222 5221//5221
