# Created by Open3D 
# object name: InfoWheels Exterior Rear Strut Metal
# number of vertices: 10337
# number of triangles: 7198
v 71.6945 112.346 46.0184
vn 0.00966721 -0.177573 -0.98406
v 71.5033 112.233 46.057
vn 0.0226704 -0.51024 -0.859733
v 71.4979 112.336 46.0184
vn 0.00591177 -0.132981 -0.991101
v 71.6999 112.243 46.057
vn 0.0310116 -0.547559 -0.836192
v 71.677 112.681 46.0187
vn 0.998598 0.0528656 -0.0025308
v 71.6758 112.702 46.0405
vn 0.998575 0.0533573 0.000323432
v 71.6976 112.287 46.0187
vn 0.998606 0.052741 0.00194823
v 71.6791 112.64 46.3907
vn 0.998626 0.0524069 -9.33314e-05
v 71.6817 112.59 46.2981
vn 0.998632 0.0522833 0.000138891
v 71.6252 113.668 46.8768
vn 0.998605 0.0528033 -0.000326261
v 71.6856 112.516 46.2593
vn 0.998631 0.0523084 0.000103394
v 71.6987 112.266 46.0405
vn 0.998587 0.0530753 0.00273487
v 71.6901 112.432 46.2651
vn 0.998628 0.0523653 -0.000369415
v 71.6936 112.363 46.3137
vn 0.998668 0.0515903 0.000275373
v 71.7494 111.3 46.8768
vn 0.998873 0.0473662 -0.00286621
v 71.6954 112.33 46.3909
vn 0.998626 0.0523997 -1.61494e-05
v 71.6794 112.634 46.4543
vn 0.99863 0.052325 4.48984e-05
v 71.6817 112.59 46.5261
vn 0.998628 0.0523723 -1.59658e-06
v 71.6856 112.516 46.5648
vn 0.998628 0.0523739 3.32382e-05
v 71.6223 113.724 47.0027
vn 0.998696 0.0510491 0.000165669
v 71.6901 112.432 46.5591
vn 0.998624 0.0524454 0.000365836
v 71.6936 112.363 46.5105
vn 0.998639 0.0521464 -0.000720656
v 71.6952 112.332 46.4546
vn 0.998624 0.0524365 -2.43492e-05
v 71.7523 111.243 47.0027
vn 0.99871 0.0507717 -0.000287927
v 71.4835 112.611 46.0184
vn 0 0 -1
v 71.4979 112.336 46.0184
vn 0 0 -1
v 71.6801 112.622 46.0184
vn 0 0 -1
v 71.6945 112.346 46.0184
vn 0 0 -1
v 71.6801 112.622 46.0184
vn -0.00751267 0.134695 -0.990859
v 71.4781 112.715 46.057
vn -0.0220095 0.51004 -0.859869
v 71.6747 112.725 46.057
vn -0.0281329 0.509866 -0.859794
v 71.4835 112.611 46.0184
vn -0.00747054 0.122456 -0.992446
v 71.7517 111.255 46.9464
vn 0.0526845 -0.946022 -0.319792
v 71.5556 111.235 46.9958
vn 0.0527476 -0.985406 -0.161843
v 71.5528 111.289 46.8768
vn 0.0458786 -0.79956 -0.598831
v 71.7494 111.3 46.8768
vn 0.0447028 -0.762687 -0.645222
v 71.7522 111.245 46.9958
vn 0.0403117 -0.992962 -0.111363
v 71.5556 111.235 47.1995
vn 0.0521056 -0.998642 0.000283905
v 71.7522 111.245 47.0027
vn 0.0448742 -0.998829 -0.0181009
v 72.2633 111.272 47.0027
vn 0.0525977 -0.998616 0.000408071
v 71.5556 111.235 46.9958
vn 0.0559826 -0.99839 -0.0091326
v 72.2633 111.272 47.1995
vn 0.0522147 -0.998636 0
v 71.6228 113.714 46.9464
vn -0.0485025 0.944008 -0.326338
v 71.4258 113.712 46.9958
vn -0.0563932 0.9869 -0.151153
v 71.4286 113.658 46.8768
vn -0.0415389 0.801125 -0.597054
v 71.6252 113.668 46.8768
vn -0.0413385 0.763165 -0.64488
v 71.6224 113.722 46.9958
vn -0.0411529 0.994261 -0.0987515
v 71.4258 113.712 46.9958
vn -0.055547 0.998283 0.0185632
v 71.4258 113.712 47.1995
vn -0.052075 0.998643 -0.000995646
v 71.6224 113.722 47.0027
vn -0.0453571 0.998814 0.0177181
v 72.1335 113.749 47.0027
vn -0.0525976 0.998616 -0.000408497
v 72.1335 113.749 47.1995
vn -0.0522141 0.998636 0
v 71.4287 113.658 46.8768
vn -0.0354067 0.654527 -0.755209
v 71.4781 112.715 46.0569
vn -0.0284005 0.654744 -0.755317
v 71.6746 112.725 46.057
vn -0.0376393 0.654453 -0.755165
v 71.6252 113.668 46.8768
vn -0.0353914 0.654528 -0.755209
v 71.5033 112.233 46.0569
vn 0.0274453 -0.654773 -0.755327
v 71.5529 111.289 46.8769
vn 0.034321 -0.654515 -0.755269
v 71.6998 112.243 46.0569
vn 0.0355828 -0.654449 -0.755268
v 71.7494 111.3 46.8768
vn 0.0399865 -0.654369 -0.755117
v 72.2633 111.272 47.1995
vn 0.134737 -0.990881 0
v 72.2633 111.272 47.0027
vn 0.134737 -0.990881 0
v 72.3723 111.292 47.0027
vn 0.264854 -0.964288 0
v 72.3723 111.292 47.1995
vn 0.302812 -0.95305 0
v 72.5053 111.356 47.0027
vn 0.577267 -0.816555 0
v 72.5053 111.356 47.1995
vn 0.555743 -0.831354 0
v 72.5897 111.428 47.1995
vn 0.725546 -0.688174 0
v 72.6123 111.458 47.0027
vn 0.809267 -0.587441 0
v 72.6525 111.52 47.1995
vn 0.866088 -0.499891 0
v 72.6825 111.587 47.0027
vn 0.947128 -0.320857 0
v 72.7104 111.769 47.0027
vn 0.997433 -0.0716029 0
v 72.7016 111.659 47.1995
vn 0.984682 -0.174362 0
v 72.7104 111.769 47.1995
vn 0.999633 -0.0271062 0
v 72.5254 113.575 47.1995
vn 0 0 1
v 72.2861 113.232 47.1995
vn 0 0 1
v 72.4449 113.651 47.1995
vn 0 0 1
v 72.2807 113.335 47.1995
vn 0 0 1
v 72.63 113.302 47.1995
vn 0 0 1
v 72.3504 113.709 47.1995
vn 0 0 1
v 72.2477 113.399 47.1995
vn 0 0 1
v 72.2085 113.752 47.1995
vn 0 0 1
v 72.2599 113.166 47.1995
vn 0 0 1
v 72.7104 111.769 47.1995
vn 0 0 1
v 72.6525 111.52 47.1995
vn 0 0 1
v 72.3603 111.778 47.1995
vn 0 0 1
v 72.5897 111.428 47.1995
vn 0 0 1
v 72.3586 111.704 47.1995
vn 0 0 1
v 72.5053 111.356 47.1995
vn 0 0 1
v 72.305 111.853 47.1995
vn 0 0 1
v 72.3723 111.292 47.1995
vn 0 0 1
v 72.3152 111.644 47.1995
vn 0 0 1
v 72.2035 113.43 47.1995
vn 0 0 1
v 72.1498 113.437 47.1995
vn 0 0 1
v 72.0825 113.414 47.1995
vn 0 0 1
v 72.202 113.124 47.1995
vn 0 0 1
v 72.2698 111.868 47.1995
vn 0 0 1
v 72.032 113.34 47.1995
vn 0 0 1
v 72.0305 113.271 47.1995
vn 0 0 1
v 71.4258 113.712 47.1995
vn 0 0 1
v 72.0564 113.163 47.1995
vn 0 0 1
v 72.1478 111.832 47.1995
vn 0 0 1
v 72.114 111.765 47.1995
vn 0 0 1
v 71.5556 111.235 47.1995
vn 0 0 1
v 72.1307 113.121 47.1995
vn 0 0 1
v 72.2132 111.868 47.1995
vn 0 0 1
v 72.2633 111.272 47.1995
vn 0 0 1
v 72.2452 111.618 47.1995
vn 0 0 1
v 72.1729 111.636 47.1995
vn 0 0 1
v 72.1155 111.709 47.1995
vn 0 0 1
v 72.1335 113.749 47.0027
vn 0.0696187 0.997574 0
v 72.1335 113.749 47.1995
vn 0.0269644 0.999636 0
v 72.2441 113.741 47.1995
vn 0.172532 0.985004 0
v 72.3155 113.722 47.0027
vn 0.320886 0.947118 0
v 72.3829 113.692 47.1995
vn 0.501533 0.865138 0
v 72.4449 113.651 47.0027
vn 0.589355 0.807874 0
v 72.4998 113.601 47.1995
vn 0.732042 0.681259 0
v 72.5674 113.514 47.1995
vn 0.86603 0.499992 0
v 72.5833 113.48 47.0027
vn 0.89698 0.442072 0
v 72.5254 113.575 47.0027
vn 0.774523 0.632546 0
v 72.6098 113.411 47.1995
vn 0.964726 0.263258 0
v 72.63 113.302 47.0027
vn 0.984707 0.174217 0
v 72.63 113.302 47.1995
vn 0.991523 0.129934 0
v 71.4989 112.316 46.4121
vn -0.0528989 0.990303 0.128456
v 71.6955 112.327 46.4121
vn -0.0535821 0.979424 0.194569
v 71.4981 112.33 46.3499
vn -0.0484318 0.923468 0.380606
v 71.6936 112.363 46.3137
vn -0.0415744 0.742937 0.668069
v 71.6901 112.432 46.2651
vn -0.0166855 0.312619 0.949732
v 71.4954 112.383 46.2847
vn -0.0342234 0.611578 0.790444
v 71.4924 112.442 46.2579
vn -0.0108692 0.20348 0.979019
v 71.489 112.505 46.2593
vn 0.0101232 -0.180906 0.983448
v 71.6856 112.516 46.2593
vn 0.0126848 -0.225911 0.974065
v 71.4851 112.58 46.2981
vn 0.0355995 -0.66399 0.746893
v 71.6817 112.59 46.2981
vn 0.0365441 -0.699101 0.714089
v 71.6797 112.628 46.3494
vn 0.0479078 -0.917406 0.395058
v 71.4828 112.623 46.3701
vn 0.0503521 -0.9566 0.287022
v 71.6791 112.64 46.4122
vn 0.0558555 -0.998156 -0.0237456
v 71.4828 112.623 46.4543
vn 0.0508976 -0.962808 -0.265351
v 71.6797 112.628 46.4749
vn 0.0478994 -0.917217 -0.395498
v 71.6817 112.59 46.5261
vn 0.0365548 -0.69932 -0.713874
v 71.4851 112.58 46.5261
vn 0.0355873 -0.663746 -0.747111
v 71.6856 112.516 46.5648
vn 0.0126456 -0.225211 -0.974228
v 71.489 112.505 46.5648
vn 0.0101028 -0.180541 -0.983516
v 71.4924 112.442 46.5663
vn -0.0108692 0.20348 -0.979019
v 71.6901 112.432 46.5591
vn -0.0166855 0.312619 -0.949732
v 71.4954 112.383 46.5395
vn -0.0342234 0.611578 -0.790444
v 71.6936 112.363 46.5105
vn -0.0415744 0.742937 -0.668069
v 71.4981 112.33 46.4743
vn -0.0484317 0.923466 -0.380612
v 71.6955 112.327 46.4121
vn -0.053582 0.979422 -0.19458
v 71.4989 112.316 46.4121
vn -0.0528989 0.990302 -0.128468
v 72.2319 111.872 47.1995
vn -0.105112 -0.99446 0
v 72.2319 111.872 47.0027
vn -0.154244 -0.988033 0
v 72.2874 111.86 47.1995
vn -0.432988 -0.9014 0
v 72.3196 111.841 47.0027
vn -0.599385 -0.800461 0
v 72.3447 111.813 47.1995
vn -0.864761 -0.502184 0
v 72.3603 111.778 47.0027
vn -0.947436 -0.319946 0
v 72.3651 111.741 47.1995
vn -0.997312 0.0732695 0
v 72.3586 111.704 47.0027
vn -0.963201 0.268783 0
v 72.3415 111.67 47.1995
vn -0.79773 0.603015 0
v 72.2821 111.626 47.1995
vn -0.318849 0.947806 0
v 72.3304 111.655 47.0027
vn -0.716307 0.697785 0
v 72.2821 111.626 47.0027
vn -0.365428 0.93084 0
v 72.2077 111.621 47.0027
vn 0.217755 0.976003 0
v 72.2077 111.621 47.1995
vn 0.265188 0.964197 0
v 72.1566 111.646 47.1995
vn 0.638257 0.769824 0
v 72.144 111.66 47.0027
vn 0.728635 0.684902 0
v 72.1234 111.692 47.1995
vn 0.930321 0.366746 0
v 72.1131 111.728 47.0027
vn 0.98859 0.150631 0
v 72.114 111.765 47.1995
vn 0.989054 -0.147553 0
v 72.1259 111.801 47.0027
vn 0.868436 -0.495801 0
v 72.1478 111.832 47.1995
vn 0.754691 -0.65608 0
v 72.2319 111.872 47.1995
vn 0.300459 -0.953795 0
v 72.1778 111.855 47.0027
vn 0.437292 -0.899319 0
v 72.2319 111.872 47.0027
vn 0.209257 -0.977861 0
v 72.0322 113.237 47.1995
vn 0.998637 0.0521948 0
v 72.0287 113.304 47.0027
vn 0.998637 0.0521948 0
v 72.0287 113.304 47.1995
vn 0.998637 0.0521948 0
v 72.0322 113.237 47.0027
vn 0.998637 0.0521948 0
v 72.2877 113.251 47.0027
vn -0.996289 0.0860712 0
v 72.2877 113.251 47.1995
vn -0.985871 0.167507 0
v 72.2778 113.197 47.0027
vn -0.943732 0.330711 0
v 72.2599 113.166 47.1995
vn -0.771559 0.636157 0
v 72.2191 113.13 47.1995
vn -0.469751 0.882799 0
v 72.2487 113.152 47.0027
vn -0.693117 0.720825 0
v 72.202 113.124 47.0027
vn -0.353565 0.93541 0
v 72.1666 113.117 47.1995
vn 0.00455324 0.99999 0
v 72.1307 113.121 47.0027
vn 0.186917 0.982376 0
v 72.0687 113.156 47.1995
vn 0.583634 0.812017 0
v 72.0687 113.156 47.0027
vn 0.704046 0.710154 0
v 72.0322 113.237 47.1995
vn 0.96142 0.275085 0
v 72.0322 113.237 47.0027
vn 0.967585 0.252546 0
v 72.2842 113.317 47.0027
vn -0.998602 -0.0528678 0
v 72.2877 113.251 47.1995
vn -0.998602 -0.0528678 0
v 72.2842 113.317 47.1995
vn -0.998602 -0.0528678 0
v 72.2877 113.251 47.0027
vn -0.998602 -0.0528678 0
v 72.0287 113.304 47.0027
vn 0.995834 -0.0911828 0
v 72.0387 113.357 47.1995
vn 0.917836 -0.396959 0
v 72.0287 113.304 47.1995
vn 0.995834 -0.0911828 0
v 72.0387 113.357 47.0027
vn 0.854252 -0.519859 0
v 72.0825 113.414 47.1995
vn 0.541743 -0.840544 0
v 72.1145 113.43 47.0027
vn 0.373604 -0.927588 0
v 72.1498 113.437 47.1995
vn 0.0325758 -0.999469 0
v 72.168 113.438 47.0027
vn -0.0832295 -0.99653 0
v 72.2193 113.421 47.1995
vn -0.518511 -0.855071 0
v 72.2193 113.421 47.0027
vn -0.474511 -0.88025 0
v 72.2687 113.369 47.1995
vn -0.903975 -0.427584 0
v 72.2687 113.369 47.0027
vn -0.871979 -0.489544 0
v 72.2842 113.317 47.0027
vn -0.981592 -0.190992 0
v 72.2842 113.317 47.1995
vn -0.981592 -0.190992 0
v 71.4258 113.712 46.9237
vn -0.998625 -0.052417 0.000111553
v 71.4913 112.462 46.5708
vn -0.998624 -0.0524456 -0.000291264
v 71.4258 113.712 47.1995
vn -0.99863 -0.0523271 7.15211e-05
v 71.4265 113.698 46.9304
vn -0.998648 -0.0519739 -0.000303026
v 71.4837 112.607 46.4932
vn -0.998613 -0.0526448 0.000789511
v 71.4825 112.629 46.4336
vn -0.99863 -0.0523183 1.45851e-05
v 71.4869 112.545 46.5506
vn -0.998649 -0.0519437 -0.00143583
v 71.5556 111.235 47.1995
vn -0.998629 -0.0523388 7.13525e-05
v 71.5549 111.249 46.9304
vn -0.998648 -0.0519739 0.000303026
v 71.5556 111.235 46.9236
vn -0.99862 -0.0525133 -0.000222534
v 71.4954 112.383 46.5395
vn -0.998643 -0.05207 0.00101436
v 71.4981 112.33 46.4743
vn -0.998628 -0.0523583 0.000118474
v 71.4989 112.316 46.4121
vn -0.998624 -0.052438 -5.83492e-05
v 71.4781 112.715 46.057
vn -0.99857 -0.0532478 0.004852
v 71.4837 112.607 46.331
vn -0.99859 -0.0530899 -0.000525108
v 71.4869 112.545 46.2736
vn -0.998674 -0.0514713 0.00040752
v 71.501 112.278 46.0184
vn -0.998642 -0.0520977 0.000170512
v 71.4912 112.463 46.2565
vn -0.998616 -0.0525868 0.000380393
v 71.4945 112.401 46.2723
vn -0.99867 -0.0515448 -0.000618315
v 71.497 112.352 46.3137
vn -0.998639 -0.0521578 -0.000254428
v 71.5001 112.294 46.0247
vn -0.998497 -0.0541617 -0.00840794
v 72.7104 111.769 47.0027
vn 0.998627 0.0523781 0
v 72.63 113.302 47.0027
vn 0.998627 0.0523781 0
v 72.7104 111.769 47.1995
vn 0.998627 0.0523781 0
v 72.63 113.302 47.1995
vn 0.998627 0.0523781 0
v 72.0305 113.271 47.0027
vn 0 0 -1
v 71.6224 113.722 47.0027
vn 0 0 -1
v 72.0387 113.357 47.0027
vn 0 0 -1
v 72.1335 113.749 47.0027
vn 0 0 -1
v 72.0825 113.414 47.0027
vn 0 0 -1
v 71.7522 111.245 47.0027
vn 0 0 -1
v 72.0588 113.161 47.0027
vn 0 0 -1
v 72.1143 111.789 47.0027
vn 0 0 -1
v 72.1498 113.437 47.0027
vn 0 0 -1
v 72.2441 113.741 47.0027
vn 0 0 -1
v 72.2035 113.43 47.0027
vn 0 0 -1
v 72.1778 111.855 47.0027
vn 0 0 -1
v 72.1307 113.121 47.0027
vn 0 0 -1
v 72.202 113.124 47.0027
vn 0 0 -1
v 72.3196 111.841 47.0027
vn 0 0 -1
v 72.2509 111.87 47.0027
vn 0 0 -1
v 72.1234 111.692 47.0027
vn 0 0 -1
v 72.2633 111.272 47.0027
vn 0 0 -1
v 72.1729 111.636 47.0027
vn 0 0 -1
v 72.2452 111.618 47.0027
vn 0 0 -1
v 72.3723 111.292 47.0027
vn 0 0 -1
v 72.3152 111.644 47.0027
vn 0 0 -1
v 72.2477 113.399 47.0027
vn 0 0 -1
v 72.3829 113.692 47.0027
vn 0 0 -1
v 72.2807 113.335 47.0027
vn 0 0 -1
v 72.63 113.302 47.0027
vn 0 0 -1
v 72.2599 113.166 47.0027
vn 0 0 -1
v 72.2845 113.214 47.0027
vn 0 0 -1
v 72.4998 113.601 47.0027
vn 0 0 -1
v 72.7163 111.656 47.0027
vn 0 0 -1
v 72.3551 111.797 47.0027
vn 0 0 -1
v 72.5053 111.356 47.0027
vn 0 0 -1
v 72.3586 111.704 47.0027
vn 0 0 -1
v 72.5897 111.428 47.0027
vn 0 0 -1
v 2.07489 112.622 46.0184
vn 0.00762228 0.135059 -0.990808
v 2.08029 112.725 46.057
vn 0.0275818 0.510082 -0.859683
v 2.27147 112.611 46.0184
vn 0.0101301 0.175061 -0.984506
v 2.27687 112.715 46.057
vn 0.0230013 0.551622 -0.833777
v 2.05735 112.287 46.0187
vn -0.998636 0.0522109 -0.000599952
v 2.05623 112.266 46.0405
vn -0.998634 0.0522371 -0.00112319
v 2.07798 112.681 46.0187
vn -0.998628 0.0523731 -0.000310407
v 2.0595 112.328 46.3907
vn -0.998626 0.0524119 0.000123766
v 2.06209 112.377 46.2981
vn -0.998616 0.0525848 -0.000134193
v 2.0056 111.3 46.8768
vn -0.998633 0.0522666 -6.22728e-05
v 2.066 112.452 46.2593
vn -0.998631 0.0523042 6.7017e-05
v 2.0791 112.702 46.0405
vn -0.99863 0.0523229 0.00064333
v 2.0704 112.536 46.2651
vn -0.998623 0.0524524 0.000173958
v 2.074 112.604 46.3137
vn -0.998632 0.0522882 7.41433e-05
v 2.12973 113.668 46.8768
vn -0.998635 0.0522379 0.000117284
v 2.07591 112.641 46.4121
vn -0.998631 0.0523165 2.71332e-05
v 2.05981 112.334 46.4543
vn -0.998632 0.0522809 -0.000169742
v 2.06209 112.377 46.5261
vn -0.998624 0.0524472 0.000284753
v 2.066 112.452 46.5648
vn -0.998629 0.0523392 -1.60202e-05
v 2.00265 111.243 47.0027
vn -0.998593 0.0530166 0.000634545
v 2.0704 112.536 46.5591
vn -0.998625 0.0524171 -0.000274503
v 2.074 112.604 46.5105
vn -0.998629 0.0523414 -3.02115e-05
v 2.0756 112.635 46.4546
vn -0.998631 0.0523062 5.65155e-05
v 2.13267 113.724 47.0027
vn -0.998679 0.051381 0.000399192
v 2.25702 112.336 46.0184
vn 0 0 -1
v 2.27147 112.611 46.0184
vn 0 0 -1
v 2.06044 112.346 46.0184
vn 0 0 -1
v 2.07489 112.622 46.0184
vn 0 0 -1
v 2.25162 112.233 46.057
vn -0.0226765 -0.509503 -0.86017
v 2.25702 112.336 46.0184
vn -0.0056472 -0.127938 -0.991766
v 2.06044 112.346 46.0184
vn -0.00966 -0.180827 -0.983467
v 2.05504 112.243 46.057
vn -0.0309962 -0.547587 -0.836174
v 2.1321 113.714 46.9464
vn 0.0485022 0.944006 -0.326343
v 2.32915 113.712 46.9958
vn 0.0564062 0.986894 -0.151189
v 2.32631 113.658 46.8768
vn 0.0411723 0.801267 -0.596889
v 2.12973 113.668 46.8768
vn 0.0413035 0.763186 -0.644857
v 2.13257 113.722 46.9958
vn 0.0411644 0.994259 -0.098764
v 2.32915 113.712 47.1995
vn 0.0520763 0.998643 -0.000992867
v 2.13257 113.722 47.0027
vn 0.0472342 0.998532 0.0265247
v 1.62146 113.749 47.0027
vn 0.0525972 0.998616 -0.000407072
v 1.62146 113.749 47.1995
vn 0.0522151 0.998636 0
v 2.32915 113.712 46.9958
vn 0.0555957 0.998278 0.0187152
v 2.00322 111.255 46.9464
vn -0.0525196 -0.945739 -0.320656
v 2.19934 111.235 46.9958
vn -0.0526371 -0.985173 -0.163292
v 2.20218 111.289 46.8768
vn -0.0465446 -0.801043 -0.596795
v 2.005 111.289 46.8892
vn -0.0447972 -0.763575 -0.644163
v 2.00276 111.245 46.9958
vn -0.0403237 -0.992961 -0.111368
v 2.19934 111.235 46.9958
vn -0.0555946 -0.998289 0.0180923
v 2.19934 111.235 47.1995
vn -0.0521062 -0.998642 0.000282189
v 2.00276 111.245 47.0027
vn -0.0467493 -0.998546 -0.0268577
v 1.49165 111.272 47.0027
vn -0.0525972 -0.998616 0.000407088
v 1.49165 111.272 47.1995
vn -0.0522151 -0.998636 0
v 2.25155 112.232 46.0569
vn -0.0287075 -0.654737 -0.755311
v 2.20204 111.289 46.8769
vn -0.0343161 -0.654515 -0.755269
v 2.05514 112.243 46.0569
vn -0.0349473 -0.654446 -0.755301
v 2.0056 111.3 46.8768
vn -0.0400003 -0.654368 -0.755117
v 2.32625 113.658 46.8769
vn 0.0354596 0.654525 -0.755208
v 2.2768 112.714 46.0569
vn 0.0317087 0.654646 -0.755271
v 2.12981 113.668 46.8769
vn 0.0353538 0.654531 -0.755208
v 2.08039 112.725 46.0569
vn 0.0370128 0.654475 -0.755177
v 1.62146 113.749 47.1995
vn -0.0696196 0.997574 0
v 1.62146 113.749 47.0027
vn -0.0269623 0.999636 0
v 1.5109 113.741 47.0027
vn -0.158792 0.987312 0
v 1.43952 113.722 47.1995
vn -0.345792 0.938311 0
v 1.40458 113.709 47.0027
vn -0.406049 0.913851 0
v 1.31002 113.651 47.0027
vn -0.630461 0.776221 0
v 1.33943 113.674 47.1995
vn -0.522841 0.85243 0
v 1.2551 113.601 47.1995
vn -0.706531 0.707683 0
v 1.22958 113.575 47.0027
vn -0.791753 0.610842 0
v 1.17163 113.48 47.0027
vn -0.908186 0.418567 0
v 1.18759 113.514 47.1995
vn -0.852472 0.522772 0
v 1.12494 113.302 47.0027
vn -0.984705 0.17423 0
v 1.14514 113.411 47.1995
vn -0.961123 0.27612 0
v 1.12494 113.302 47.1995
vn -0.991552 0.129709 0
v 1.10247 111.52 47.1995
vn 0 0 1
v 1.39388 111.802 47.1995
vn 0 0 1
v 1.16529 111.428 47.1995
vn 0 0 1
v 1.3885 111.699 47.1995
vn 0 0 1
v 1.24961 111.356 47.1995
vn 0 0 1
v 1.04458 111.769 47.1995
vn 0 0 1
v 1.4147 111.632 47.1995
vn 0 0 1
v 1.4191 111.277 47.1995
vn 0 0 1
v 1.43951 111.878 47.1995
vn 0 0 1
v 1.12494 113.302 47.1995
vn 0 0 1
v 1.22958 113.575 47.1995
vn 0 0 1
v 1.47208 113.256 47.1995
vn 0 0 1
v 1.31002 113.651 47.1995
vn 0 0 1
v 1.48154 113.329 47.1995
vn 0 0 1
v 1.40458 113.709 47.1995
vn 0 0 1
v 1.51922 113.176 47.1995
vn 0 0 1
v 1.5109 113.741 47.1995
vn 0 0 1
v 1.53103 113.385 47.1995
vn 0 0 1
v 1.47263 111.591 47.1995
vn 0 0 1
v 1.55181 111.592 47.1995
vn 0 0 1
v 1.48886 111.901 47.1995
vn 0 0 1
v 1.55267 113.157 47.1995
vn 0 0 1
v 1.63534 111.668 47.1995
vn 0 0 1
v 1.64416 111.738 47.1995
vn 0 0 1
v 2.19934 111.235 47.1995
vn 0 0 1
v 1.63751 111.827 47.1995
vn 0 0 1
v 1.67782 113.18 47.1995
vn 0 0 1
v 1.59209 111.881 47.1995
vn 0 0 1
v 1.71845 113.243 47.1995
vn 0 0 1
v 2.32915 113.712 47.1995
vn 0 0 1
v 1.60902 113.152 47.1995
vn 0 0 1
v 1.54294 111.903 47.1995
vn 0 0 1
v 1.62146 113.749 47.1995
vn 0 0 1
v 1.60336 113.404 47.1995
vn 0 0 1
v 1.67339 113.378 47.1995
vn 0 0 1
v 1.7228 113.299 47.1995
vn 0 0 1
v 1.49165 111.272 47.0027
vn -0.177674 -0.984089 0
v 1.49165 111.272 47.1995
vn -0.13474 -0.990881 0
v 1.38261 111.292 47.1995
vn -0.277644 -0.960684 0
v 1.31361 111.319 47.0027
vn -0.419043 -0.907966 0
v 1.24961 111.356 47.1995
vn -0.587919 -0.80892 0
v 1.19217 111.403 47.0027
vn -0.66924 -0.743047 0
v 1.14272 111.458 47.1995
vn -0.801598 -0.597863 0
v 1.08478 111.552 47.1995
vn -0.913487 -0.406868 0
v 1.0724 111.587 47.0027
vn -0.938228 -0.346017 0
v 1.12016 111.487 47.0027
vn -0.838723 -0.544559 0
v 1.05327 111.659 47.1995
vn -0.986887 -0.161415 0
v 1.04458 111.769 47.0027
vn -0.997475 -0.0710159 0
v 1.04458 111.769 47.1995
vn -0.999657 -0.0262083 0
v 2.07591 112.641 46.4121
vn -0.0503154 -0.988888 0.139887
v 2.07515 112.626 46.3499
vn -0.0456202 -0.896949 0.439774
v 2.27174 112.617 46.3499
vn -0.0474641 -0.933069 0.356553
v 2.27249 112.631 46.4121
vn -0.0503154 -0.988888 0.139887
v 2.07238 112.574 46.2847
vn -0.0274257 -0.539019 0.841847
v 2.26698 112.526 46.2651
vn -0.0192454 -0.378246 0.925505
v 2.26987 112.581 46.297
vn -0.0363527 -0.714667 0.69852
v 2.06822 112.494 46.2565
vn -0.00114948 -0.0225916 0.999744
v 2.26258 112.442 46.2593
vn 0.00805035 0.15822 0.987371
v 2.06391 112.412 46.2736
vn 0.0254808 0.501002 0.865071
v 2.25867 112.368 46.2981
vn 0.0344071 0.66561 0.745506
v 2.06069 112.351 46.331
vn 0.0443243 0.840821 0.539495
v 2.25669 112.329 46.3494
vn 0.0504706 0.931544 0.36011
v 2.0595 112.328 46.4122
vn 0.0522438 0.998374 -0.0227855
v 2.25608 112.318 46.4122
vn 0.0508029 0.99847 0.0218191
v 2.06069 112.351 46.4932
vn 0.0443147 0.840631 -0.539792
v 2.25669 112.329 46.4749
vn 0.0504634 0.931435 -0.360391
v 2.25867 112.368 46.5261
vn 0.0343932 0.665366 -0.745724
v 2.06291 112.393 46.5408
vn 0.0312835 0.615133 -0.787802
v 2.066 112.452 46.5648
vn 0.0125717 0.247141 -0.968898
v 2.26258 112.442 46.5648
vn 0.0080317 0.157853 -0.98743
v 2.26698 112.526 46.5591
vn -0.0192454 -0.378246 -0.925505
v 2.06934 112.516 46.5663
vn -0.00803267 -0.157872 -0.987427
v 2.07238 112.574 46.5395
vn -0.0274257 -0.539019 -0.841847
v 2.26987 112.581 46.5272
vn -0.0363527 -0.714667 -0.69852
v 2.27174 112.617 46.4743
vn -0.0474639 -0.933066 -0.356559
v 2.07515 112.626 46.4743
vn -0.0456201 -0.896947 -0.439778
v 2.07591 112.641 46.4121
vn -0.0503153 -0.988887 -0.139899
v 2.27249 112.631 46.4121
vn -0.0503153 -0.988887 -0.139899
v 1.59004 113.15 47.1995
vn 0.291956 0.956432 0
v 1.59004 113.15 47.0027
vn 0.238238 0.971207 0
v 1.50594 113.19 47.1995
vn 0.750974 0.660332 0
v 1.50594 113.19 47.0027
vn 0.682928 0.730486 0
v 1.47208 113.256 47.0027
vn 0.975152 0.221536 0
v 1.47208 113.256 47.1995
vn 0.992429 0.122816 0
v 1.48154 113.329 47.0027
vn 0.931125 -0.364701 0
v 1.47365 113.312 47.1995
vn 0.947653 -0.319301 0
v 1.50208 113.361 47.1995
vn 0.732186 -0.681104 0
v 1.56582 113.4 47.1995
vn 0.22208 -0.975028 0
v 1.51473 113.376 47.0027
vn 0.638193 -0.769877 0
v 1.56582 113.4 47.0027
vn 0.273574 -0.961851 0
v 1.64031 113.396 47.0027
vn -0.324318 -0.945948 0
v 1.64031 113.396 47.1995
vn -0.370842 -0.928696 0
v 1.69965 113.35 47.1995
vn -0.82957 -0.558403 0
v 1.69965 113.35 47.0027
vn -0.80065 -0.599133 0
v 1.72323 113.28 47.0027
vn -0.998838 -0.0481871 0
v 1.72323 113.28 47.1995
vn -0.999997 0.00224278 0
v 1.70285 113.208 47.1995
vn -0.864853 0.502025 0
v 1.71323 113.224 47.0027
vn -0.889187 0.457544 0
v 1.67782 113.18 47.0027
vn -0.599704 0.800222 0
v 1.64559 113.16 47.1995
vn -0.42931 0.903157 0
v 1.59004 113.15 47.0027
vn -0.132412 0.991195 0
v 1.59004 113.15 47.1995
vn -0.0787418 0.996895 0
v 1.64591 111.771 47.1995
vn -0.998631 0.0523152 0
v 1.6424 111.704 47.1995
vn -0.998631 0.0523152 0
v 1.64591 111.771 47.0027
vn -0.998631 0.0523152 0
v 1.6424 111.704 47.0027
vn -0.998631 0.0523152 0
v 1.39035 111.784 47.1995
vn 0.962057 -0.272849 0
v 1.40584 111.836 47.0027
vn 0.902879 -0.429895 0
v 1.42689 111.865 47.1995
vn 0.700945 -0.713215 0
v 1.48886 111.901 47.1995
vn 0.212828 -0.97709 0
v 1.43951 111.878 47.0027
vn 0.611914 -0.790924 0
v 1.48886 111.901 47.0027
vn 0.262301 -0.964986 0
v 1.39035 111.784 47.0027
vn 0.981311 -0.192431 0
v 1.56012 111.897 47.0027
vn -0.482711 -0.87578 0
v 1.56012 111.897 47.1995
vn -0.373813 -0.927504 0
v 1.61805 111.856 47.1995
vn -0.804782 -0.593571 0
v 1.64591 111.771 47.1995
vn -0.985131 -0.171803 0
v 1.63593 111.824 47.0027
vn -0.935663 -0.352896 0
v 1.64591 111.771 47.0027
vn -0.995849 -0.0910192 0
v 1.38685 111.717 47.1995
vn 0.998638 -0.0521723 0
v 1.39035 111.784 47.1995
vn 0.998638 -0.0521723 0
v 1.38685 111.717 47.0027
vn 0.998638 -0.0521723 0
v 1.39035 111.784 47.0027
vn 0.998638 -0.0521723 0
v 1.6424 111.704 47.0027
vn -0.981311 0.192431 0
v 1.62692 111.652 47.1995
vn -0.869103 0.494632 0
v 1.6424 111.704 47.1995
vn -0.981311 0.192431 0
v 1.62692 111.652 47.0027
vn -0.902919 0.429812 0
v 1.57743 111.601 47.1995
vn -0.456834 0.889552 0
v 1.57743 111.601 47.0027
vn -0.536936 0.843623 0
v 1.508 111.584 47.0027
vn 0.0236269 0.999721 0
v 1.508 111.584 47.1995
vn 0.0745198 0.99722 0
v 1.44067 111.607 47.1995
vn 0.602205 0.798342 0
v 1.44067 111.607 47.0027
vn 0.561829 0.827253 0
v 1.39683 111.664 47.1995
vn 0.943779 0.330577 0
v 1.39683 111.664 47.0027
vn 0.917622 0.397455 0
v 1.38685 111.717 47.1995
vn 0.995851 0.0910034 0
v 1.38685 111.717 47.0027
vn 0.995851 0.0910034 0
v 2.19935 111.235 46.9236
vn 0.998627 -0.0523857 5.69952e-05
v 2.2649 112.486 46.5708
vn 0.99863 -0.0523337 -1.08485e-05
v 2.19934 111.235 47.1995
vn 0.99863 -0.0523327 -2.00604e-05
v 2.20009 111.249 46.9304
vn 0.998703 -0.0509117 0.000946884
v 2.25727 112.34 46.4932
vn 0.998635 -0.0522385 0.000231093
v 2.25608 112.318 46.4336
vn 0.998626 -0.0524083 -0.000195645
v 2.26049 112.402 46.5506
vn 0.998628 -0.0523699 -0.000167636
v 2.32915 113.712 47.1995
vn 0.99863 -0.052336 -2.00131e-05
v 2.32841 113.698 46.9304
vn 0.998713 -0.0507101 -0.00128423
v 2.32914 113.712 46.9237
vn 0.998621 -0.052495 -1.28065e-05
v 2.26895 112.563 46.5395
vn 0.998627 -0.0523801 0.000167147
v 2.27174 112.617 46.4743
vn 0.99863 -0.0523267 -1.99368e-06
v 2.27249 112.631 46.4121
vn 0.998631 -0.0523165 -2.7157e-05
v 2.25396 112.278 46.0184
vn 0.99864 -0.0521332 0.000462214
v 2.25727 112.34 46.331
vn 0.99864 -0.0521383 -0.000144412
v 2.25949 112.383 46.2835
vn 0.998616 -0.052588 0.000128938
v 2.25485 112.294 46.0247
vn 0.998631 -0.0523105 -9.42125e-05
v 2.26258 112.442 46.2593
vn 0.998631 -0.052316 7.75637e-06
v 2.27687 112.715 46.057
vn 0.998618 -0.0525326 0.00166324
v 2.26698 112.526 46.2651
vn 0.998623 -0.0524524 -0.000173958
v 2.27058 112.595 46.3137
vn 0.998632 -0.0522893 -7.41324e-05
v 1.12494 113.302 47.0027
vn -0.998629 0.0523481 0
v 1.04458 111.769 47.0027
vn -0.998629 0.0523481 0
v 1.04458 111.769 47.1995
vn -0.998629 0.0523481 0
v 1.12494 113.302 47.1995
vn -0.998629 0.0523481 0
v 1.64416 111.738 47.0027
vn 0 0 -1
v 2.00276 111.245 47.0027
vn 0 0 -1
v 1.62692 111.652 47.0027
vn 0 0 -1
v 1.49165 111.272 47.0027
vn 0 0 -1
v 1.55181 111.592 47.0027
vn 0 0 -1
v 2.13257 113.722 47.0027
vn 0 0 -1
v 1.63593 111.824 47.0027
vn 0 0 -1
v 1.68861 113.184 47.0027
vn 0 0 -1
v 1.47263 111.591 47.0027
vn 0 0 -1
v 1.38261 111.292 47.0027
vn 0 0 -1
v 1.59209 111.881 47.0027
vn 0 0 -1
v 1.48886 111.901 47.0027
vn 0 0 -1
v 1.50594 113.19 47.0027
vn 0 0 -1
v 1.55267 113.157 47.0027
vn 0 0 -1
v 1.72366 113.261 47.0027
vn 0 0 -1
v 1.71677 113.317 47.0027
vn 0 0 -1
v 1.62146 113.749 47.0027
vn 0 0 -1
v 1.67339 113.378 47.0027
vn 0 0 -1
v 1.60902 113.152 47.0027
vn 0 0 -1
v 1.54294 111.903 47.0027
vn 0 0 -1
v 1.60336 113.404 47.0027
vn 0 0 -1
v 1.5109 113.741 47.0027
vn 0 0 -1
v 1.53103 113.385 47.0027
vn 0 0 -1
v 1.4147 111.632 47.0027
vn 0 0 -1
v 1.24961 111.356 47.0027
vn 0 0 -1
v 1.3885 111.699 47.0027
vn 0 0 -1
v 1.03872 111.656 47.0027
vn 0 0 -1
v 1.43951 111.878 47.0027
vn 0 0 -1
v 1.39741 111.82 47.0027
vn 0 0 -1
v 1.16529 111.428 47.0027
vn 0 0 -1
v 1.12494 113.302 47.0027
vn 0 0 -1
v 1.47534 113.237 47.0027
vn 0 0 -1
v 1.31002 113.651 47.0027
vn 0 0 -1
v 1.48154 113.329 47.0027
vn 0 0 -1
v 1.40458 113.709 47.0027
vn 0 0 -1
v 1.22958 113.575 47.0027
vn 0 0 -1
v 1.46518 112.62 46.61
vn 0.311611 0.882718 -0.351721
v 1.46082 112.641 46.6584
vn 0.279547 0.886495 -0.368755
v 1.43052 112.638 46.6229
vn 0.322287 0.882797 -0.341761
v 1.34764 112.404 46.6077
vn -0.610661 -0.741641 0.2776
v 1.36861 112.292 46.367
vn -0.228766 -0.898473 0.374717
v 1.3658 112.247 46.2217
vn -0.674278 -0.721439 0.157719
v 1.33546 112.473 46.6993
vn -0.867945 0.430629 -0.247445
v 1.36665 112.312 46.3146
vn -0.533457 0.772512 -0.344455
v 1.36468 112.48 46.6982
vn 0.613835 0.739838 -0.275402
v 1.3925 112.326 46.3541
vn 0.811301 0.554826 -0.184279
v 1.37751 112.449 46.6402
vn 0.773645 0.598689 -0.207475
v 1.38452 112.409 46.5682
vn 0.992455 0.121244 0.01827
v 1.53263 112.751 46.4864
vn -0.228641 -0.292634 0.928487
v 1.49354 112.763 46.4809
vn -0.225243 -0.298652 0.927401
v 1.29282 112.319 46.2398
vn -0.948805 0.281263 -0.143738
v 1.33416 112.407 46.1393
vn -0.949184 0.280681 -0.142366
v 1.27884 112.305 46.3055
vn -0.948368 0.282112 -0.144953
v 1.25898 112.293 46.4112
vn -0.949782 0.278176 -0.143292
v 1.25349 112.332 46.5231
vn -0.948804 0.279529 -0.147085
v 1.3869 112.561 46.0899
vn -0.948969 0.27973 -0.145635
v 1.41758 112.676 46.1119
vn -0.948734 0.280273 -0.146121
v 1.43347 112.759 46.1685
vn -0.94917 0.279225 -0.145294
v 1.43692 112.838 46.2975
vn -0.949819 0.277372 -0.1446
v 1.2672 112.432 46.6261
vn -0.949372 0.279334 -0.143756
v 1.29349 112.543 46.6688
vn -0.949173 0.279602 -0.144543
v 1.33372 112.673 46.6551
vn -0.949139 0.280592 -0.142841
v 1.41509 112.848 46.4596
vn -0.949884 0.276508 -0.145818
v 1.38247 112.79 46.5612
vn -0.949467 0.278661 -0.144432
v 1.43932 112.8 46.2772
vn -0.893535 -0.394878 0.213697
v 1.42422 112.73 46.173
vn -0.877958 -0.193641 0.437828
v 1.44055 112.732 46.2043
vn -0.884264 -0.253561 0.392152
v 1.39249 112.59 46.1099
vn -0.814782 0.0782188 0.574467
v 1.39319 112.534 46.1336
vn -0.754865 0.292828 0.586882
v 1.35701 112.477 46.1241
vn -0.700061 0.449773 0.554634
v 1.33972 112.408 46.1729
vn -0.630827 0.633705 0.447745
v 1.30944 112.345 46.2508
vn -0.548628 0.796176 0.255171
v 1.28714 112.316 46.3405
vn -0.491326 0.870886 0.0124996
v 1.26096 112.319 46.4494
vn -0.453741 0.824425 -0.338294
v 1.28753 112.326 46.4245
vn -0.458671 0.839993 -0.289884
v 1.27591 112.393 46.5622
vn -0.470159 0.633802 -0.614203
v 1.2967 112.542 46.6457
vn -0.547819 0.276973 -0.789418
v 1.31069 112.508 46.6235
vn -0.5243 0.366576 -0.768591
v 1.33729 112.64 46.6361
vn -0.625194 0.0120935 -0.780376
v 1.37253 112.734 46.5871
vn -0.715561 -0.23317 -0.658487
v 1.40587 112.824 46.4734
vn -0.814329 -0.417619 -0.403067
v 1.43296 112.824 46.3638
vn -0.878909 -0.471972 -0.0690036
v 1.43932 112.8 46.2772
vn -0.895527 -0.424736 0.132779
v 1.27223 112.459 46.0595
vn -0.926318 0.291542 0.238616
v 1.30592 112.466 46.0695
vn 0.115532 0.565287 0.816764
v 1.28561 112.427 46.0833
vn -0.587233 -0.393827 0.707148
v 1.3053 112.433 46.0418
vn 0.324034 -0.37959 -0.866553
v 1.28832 112.489 46.0322
vn -0.757006 0.274264 -0.593061
v 1.27452 112.432 46.0524
vn -0.688999 -0.701905 -0.180582
v 1.34321 112.435 46.0525
vn -0.31938 0.26971 -0.908435
v 1.32815 112.401 46.0586
vn 0.0848458 -0.754817 -0.650425
v 1.34314 112.402 46.0807
vn 0.161924 -0.975574 0.148449
v 1.33666 112.409 46.0866
vn 0.170866 -0.480446 0.860219
v 1.36413 112.439 46.0887
vn -0.135144 0.695346 0.705854
v 1.40246 112.251 46.176
vn -0.796401 -0.600656 -0.0704085
v 1.37318 112.297 46.157
vn -0.847404 -0.466641 -0.253283
v 1.35839 112.379 46.1209
vn -0.860488 -0.185329 -0.474567
v 1.3757 112.455 46.0903
vn -0.7863 0.084709 -0.61201
v 1.4255 112.52 46.0611
vn -0.535455 0.267585 -0.801053
v 1.48321 112.558 46.0459
vn -0.297204 0.423224 -0.855892
v 1.55083 112.579 46.0398
vn -0.0486374 0.370648 -0.927499
v 1.4401 112.528 46.0011
vn -0.291622 0.803212 0.51943
v 1.56522 112.563 46.0038
vn -0.00265139 0.969699 0.244289
v 1.7118 112.531 46.0044
vn 0.277768 0.817153 0.50508
v 1.7198 112.517 46.0445
vn 0.703205 0.707083 -0.0744103
v 1.80259 112.406 46.0735
vn 0.677658 0.422108 0.602167
v 1.80015 112.298 46.1222
vn 0.709259 0.177023 0.682359
v 1.35477 112.425 46.047
vn -0.17732 0.477814 0.860379
v 1.79614 112.301 46.1254
vn 0.705211 0.0207672 0.708693
v 1.77147 112.229 46.1442
vn 0.442756 -0.0107157 0.896578
v 1.65365 112.151 46.1775
vn 0.16564 -0.0394127 0.985398
v 1.4148 112.204 46.1491
vn -0.564083 -0.119159 0.817075
v 1.35621 112.328 46.1038
vn -0.758746 0.148698 0.634187
v 1.36276 112.407 46.073
vn -0.840015 0.354881 0.410407
v 1.51954 112.147 46.1789
vn -0.101666 0.0234467 0.994542
v 1.81815 112.283 46.1171
vn 0.216834 0.303477 0.927839
v 1.73521 112.164 46.1665
vn 0.147956 0.226064 0.962811
v 1.62367 112.13 46.1836
vn 0.0223826 0.172454 0.984763
v 1.48511 112.131 46.1773
vn -0.126343 0.195198 0.972592
v 1.35933 112.246 46.1241
vn -0.236835 0.294762 0.925756
v 1.35471 112.445 46.0327
vn -0.238738 0.494718 0.835619
v 1.48447 112.572 45.9753
vn -0.109572 0.61873 0.777925
v 1.59677 112.587 45.9701
vn 0.0386154 0.630094 0.775558
v 1.74518 112.536 45.9965
vn 0.145742 0.56624 0.811253
v 1.8382 112.377 46.0712
vn 0.225095 0.458233 0.859857
v 1.82095 112.297 46.1103
vn 0.23868 0.359089 0.902267
v 1.35555 112.324 46.4941
vn 0.314114 0.851374 -0.420113
v 1.2842 112.345 46.4832
vn 0.314469 0.83237 -0.456366
v 1.35818 112.366 46.5579
vn 0.3069 0.679783 -0.666114
v 1.28977 112.406 46.5648
vn 0.296623 0.632419 -0.715584
v 1.40419 112.568 46.6474
vn 0.139036 -0.0409151 -0.989442
v 1.31706 112.534 46.6323
vn 0.167999 0.0542629 -0.984293
v 1.37854 112.475 46.6335
vn 0.215183 0.258607 -0.94171
v 1.44489 112.637 46.6342
vn 0.014431 -0.412307 -0.910931
v 1.36888 112.695 46.6044
vn -0.0403656 -0.561078 -0.826778
v 1.41114 112.787 46.5039
vn -0.181236 -0.858849 -0.479096
v 1.51739 112.759 46.514
vn -0.172447 -0.858209 -0.483465
v 1.48962 112.705 46.591
vn -0.0800568 -0.653119 -0.753011
v 1.44527 112.793 46.2921
vn -0.312033 -0.870418 0.3808
v 1.51285 112.787 46.3642
vn -0.298762 -0.943744 0.141732
v 1.4345 112.811 46.3971
vn -0.269386 -0.960287 -0.0726594
v 1.49176 112.779 46.4854
vn -0.222278 -0.921561 -0.318304
v 1.51669 112.734 46.2406
vn -0.308217 -0.745686 0.590724
v 1.3245 112.448 46.6085
vn 0.269115 0.477971 -0.836134
v 1.44055 112.732 46.2043
vn -0.295572 -0.645894 0.703888
v 1.50001 112.639 46.1665
vn -0.241527 -0.354186 0.903447
v 1.40733 112.581 46.1306
vn -0.191624 -0.154375 0.969252
v 1.46077 112.495 46.1457
vn -0.0977311 0.174504 0.979794
v 1.37545 112.479 46.1432
vn -0.0406306 0.343312 0.938342
v 1.41567 112.376 46.2072
vn 0.0794889 0.659839 0.74719
v 1.34501 112.4 46.1918
vn 0.077909 0.654736 0.751832
v 1.38226 112.313 46.301
vn 0.199536 0.911216 0.360375
v 1.30828 112.333 46.3031
vn 0.222306 0.921978 0.317076
v 1.3455 112.319 46.4695
vn 0.290669 0.927613 -0.234618
v 1.2842 112.345 46.4832
vn 0.311037 0.90777 -0.281443
v 1.33297 112.314 46.3457
vn 0.252531 0.953439 0.164868
v 1.38023 112.535 46.7425
vn -0.51894 0.134433 0.844174
v 1.32317 112.643 46.6674
vn -0.62582 0.307052 0.716986
v 1.43678 112.625 46.7505
vn -0.391974 0.283477 0.875213
v 1.52887 112.59 46.784
vn -0.152141 0.197184 0.968489
v 1.28603 112.515 46.663
vn -0.731711 0.0101734 0.681539
v 1.4625 112.557 46.7753
vn -0.297749 0.135266 0.945012
v 1.35484 112.426 46.7152
vn -0.585446 -0.244087 0.773094
v 1.27376 112.4 46.6217
vn -0.780178 -0.328551 0.532332
v 1.32074 112.253 46.2816
vn -0.695168 -0.585126 -0.417574
v 1.3598 112.326 46.1573
vn -0.614551 -0.462433 -0.639126
v 1.37459 112.482 46.7395
vn -0.47831 -0.128501 0.868739
v 1.2936 112.3 46.5663
vn -0.73135 -0.54643 0.408094
v 1.33571 112.335 46.6563
vn -0.628924 -0.449052 0.634671
v 1.30332 112.241 46.365
vn -0.722472 -0.685185 -0.0924958
v 1.25702 112.297 46.433
vn -0.786361 -0.608476 0.106742
v 1.32781 112.218 46.4659
vn -0.606139 -0.784112 0.133281
v 1.5203 112.519 46.7927
vn -0.218772 -0.0151772 0.975658
v 1.54454 112.597 46.7845
vn -0.0973455 0.183125 0.978258
v 1.36193 112.194 46.3588
vn -0.558063 -0.816901 -0.145736
v 1.34266 112.239 46.5577
vn -0.610101 -0.698266 0.374435
v 1.42458 112.174 46.3038
vn -0.403145 -0.865605 -0.296987
v 1.36455 112.225 46.2675
vn -0.529544 -0.764389 -0.367823
v 1.40741 112.23 46.6202
vn -0.487203 -0.694297 0.529703
v 1.43017 112.354 46.7312
vn -0.385306 -0.398381 0.832365
v 1.41418 112.16 46.417
vn -0.42055 -0.90725 0.00596624
v 1.45407 112.176 46.5666
vn -0.401968 -0.836818 0.371695
v 1.46145 112.263 46.6846
vn -0.372873 -0.632182 0.6792
v 1.48664 112.39 46.7649
vn -0.269744 -0.299941 0.915027
v 1.54454 112.597 46.7845
vn -0.096143 0.191535 0.976765
v 1.45799 112.149 46.4891
vn -0.358187 -0.931095 0.0690227
v 1.37898 112.497 46.0869
vn -0.536103 -0.0635354 -0.841758
v 1.3296 112.387 46.1526
vn -0.636566 -0.33349 -0.695391
v 1.32788 112.502 46.7062
vn -0.674382 0.0203516 0.738102
v 1.27502 112.293 46.308
vn -0.730149 -0.598181 -0.330246
v 1.37168 112.26 46.2061
vn -0.545344 -0.611513 -0.573282
v 1.48353 112.189 46.2218
vn -0.285504 -0.842243 -0.457291
v 1.48617 112.151 46.3082
vn -0.286736 -0.915681 -0.281622
v 1.54719 112.127 46.4205
vn -0.066914 -0.997606 0.0174837
v 1.47177 112.14 46.3811
vn -0.192442 -0.96913 -0.15412
v 1.45799 112.149 46.4891
vn -0.203678 -0.953601 0.221722
v 1.50704 112.18 46.2267
vn -0.122178 -0.9083 -0.40008
v 1.58997 112.133 46.3376
vn 0.020892 -0.977757 -0.208696
v 1.45407 112.176 46.5666
vn -0.234395 -0.865666 0.442359
v 1.59887 112.161 46.5786
vn -0.0108336 -0.874806 0.484353
v 1.46145 112.263 46.6846
vn -0.222376 -0.683941 0.694819
v 1.5345 112.31 46.7381
vn -0.105453 -0.515271 0.850515
v 1.47798 112.352 46.7499
vn -0.185684 -0.398955 0.897974
v 1.57562 112.416 46.7836
vn 0.00886078 -0.237099 0.971445
v 1.50844 112.476 46.7881
vn -0.106082 -0.0331565 0.993804
v 1.5562 112.582 46.7879
vn -0.0307643 0.178085 0.983534
v 1.61977 112.174 46.2314
vn 0.0957196 -0.906236 -0.411793
v 1.61125 112.134 46.4886
vn 0.0714221 -0.978115 0.195421
v 1.57189 112.25 46.6963
vn -0.00770425 -0.671833 0.740662
v 1.65308 112.134 46.3907
vn 0.203333 -0.977083 -0.0629685
v 1.66221 112.188 46.6053
vn 0.228505 -0.83469 0.501076
v 1.6674 112.23 46.6588
vn 0.244905 -0.725529 0.64314
v 1.66847 112.287 46.7109
vn 0.249144 -0.575537 0.7789
v 1.63382 112.34 46.7523
vn 0.156061 -0.436771 0.885933
v 1.54454 112.597 46.7845
vn -0.0787731 0.188972 0.978818
v 1.69159 112.199 46.2214
vn 0.314565 -0.842385 -0.437534
v 1.71704 112.168 46.3118
vn 0.370184 -0.889728 -0.267109
v 1.72659 112.158 46.4191
vn 0.398676 -0.916912 0.0181375
v 1.69447 112.163 46.5261
vn 0.317833 -0.895701 0.31097
v 1.6148 112.525 46.7931
vn 0.108566 0.0426633 0.993173
v 1.75465 112.207 46.2594
vn 0.5246 -0.751319 -0.400392
v 1.7691 112.201 46.5309
vn 0.515749 -0.799458 0.308009
v 1.77849 112.264 46.6231
vn 0.529365 -0.628721 0.569633
v 1.66924 112.46 46.7816
vn 0.266435 -0.162444 0.950065
v 1.76364 112.253 46.2005
vn 0.58039 -0.583174 -0.56838
v 1.80233 112.207 46.3457
vn 0.592401 -0.798485 -0.107162
v 1.81236 112.209 46.4517
vn 0.621133 -0.779823 0.0779131
v 1.73528 112.346 46.7202
vn 0.426584 -0.420412 0.8008
v 1.54454 112.597 46.7845
vn -0.0595421 0.191641 0.979657
v 1.84286 112.265 46.5341
vn 0.707469 -0.629394 0.321482
v 1.8305 112.253 46.2912
vn 0.673918 -0.667057 -0.3176
v 1.87844 112.282 46.3774
vn 0.795237 -0.598939 -0.0941871
v 1.87057 112.271 46.4584
vn 0.786728 -0.605148 0.121877
v 1.8129 112.345 46.6632
vn 0.625801 -0.422958 0.655347
v 1.7296 112.45 46.7575
vn 0.410635 -0.146767 0.89991
v 1.83571 112.3 46.23
vn 0.747181 -0.470385 -0.46953
v 1.8802 112.359 46.5849
vn 0.808327 -0.382323 0.447702
v 1.78642 112.418 46.718
vn 0.556955 -0.23428 0.796815
v 1.60883 112.601 46.7812
vn 0.121414 0.2366 0.963991
v 1.90565 112.355 46.3085
vn 0.873906 -0.397719 -0.279478
v 1.92561 112.366 46.4636
vn 0.899978 -0.395549 0.183249
v 1.84896 112.446 46.6701
vn 0.724418 -0.155951 0.671489
v 1.84986 112.451 46.1566
vn 0.734584 -0.213625 -0.644012
v 1.93685 112.395 46.4095
vn 0.956795 -0.290409 -0.0143347
v 1.9073 112.444 46.5894
vn 0.878906 -0.103267 0.465682
v 1.81707 112.529 46.7068
vn 0.57538 0.0430281 0.816754
v 1.94293 112.463 46.4934
vn 0.970414 -0.114346 0.212653
v 1.71529 112.599 46.7552
vn 0.37143 0.248 0.894726
v 1.81174 112.421 46.1305
vn 0.649274 -0.217738 -0.72872
v 1.91553 112.445 46.2598
vn 0.899252 -0.159049 -0.407491
v 1.94746 112.442 46.3714
vn 0.98175 -0.133728 -0.135215
v 1.88215 112.522 46.6381
vn 0.808601 0.0482702 0.586374
v 1.93788 112.526 46.5252
vn 0.955158 0.0569616 0.290567
v 1.80561 112.587 46.7039
vn 0.611824 0.215692 0.761018
v 1.95408 112.514 46.402
vn 0.999278 0.0225512 -0.0305602
v 1.89507 112.584 46.6023
vn 0.844493 0.204444 0.495009
v 1.89891 112.533 46.2207
vn 0.856333 0.0696649 -0.511704
v 1.94134 112.554 46.332
vn 0.961868 0.154389 -0.225775
v 1.94127 112.602 46.4267
vn 0.964327 0.258369 0.0576038
v 1.92489 112.616 46.5115
vn 0.92284 0.289637 0.253923
v 1.84097 112.686 46.6142
vn 0.704766 0.476601 0.525506
v 1.78595 112.655 46.6928
vn 0.563022 0.382286 0.73271
v 1.83506 112.535 46.1407
vn 0.688527 0.0766157 -0.721152
v 1.77326 112.509 46.0898
vn 0.525261 0.0879474 -0.846384
v 1.91914 112.626 46.3039
vn 0.886441 0.319996 -0.334402
v 1.88651 112.676 46.5485
vn 0.821851 0.44862 0.351142
v 1.6345 112.667 46.7551
vn 0.181136 0.485151 0.855464
v 1.90003 112.694 46.3652
vn 0.856135 0.498507 -0.136102
v 1.80532 112.627 46.1388
vn 0.605478 0.289973 -0.741156
v 1.8589 112.631 46.1961
vn 0.748011 0.332816 -0.574206
v 1.88533 112.722 46.4395
vn 0.820568 0.567838 0.0650256
v 1.75707 112.74 46.6499
vn 0.486157 0.615331 0.620499
v 1.68976 112.726 46.7019
vn 0.315584 0.58215 0.749338
v 1.87376 112.691 46.2728
vn 0.787705 0.490118 -0.373236
v 1.8329 112.769 46.4985
vn 0.681777 0.697117 0.221827
v 1.78331 112.784 46.5655
vn 0.545741 0.740149 0.392869
v 1.70836 112.562 46.0623
vn 0.350028 0.267805 -0.897642
v 1.81139 112.722 46.2106
vn 0.636584 0.564735 -0.525201
v 1.82441 112.78 46.333
vn 0.668414 0.719355 -0.189081
v 1.71616 112.704 46.1246
vn 0.374684 0.521463 -0.766609
v 1.76948 112.793 46.261
vn 0.51872 0.753839 -0.403306
v 1.75028 112.84 46.3817
vn 0.466899 0.880398 -0.0831004
v 1.73931 112.841 46.4873
vn 0.429625 0.887642 0.165876
v 1.70683 112.824 46.5733
vn 0.350468 0.839842 0.414532
v 1.71822 112.799 46.2191
vn 0.380051 0.720075 -0.580563
v 1.64541 112.838 46.5889
vn 0.200738 0.835029 0.51228
v 1.5894 112.763 46.693
vn 0.0409786 0.681446 0.730721
v 1.65427 112.655 46.074
vn 0.229196 0.387567 -0.892895
v 1.68937 112.839 46.2734
vn 0.307504 0.879525 -0.36315
v 1.65267 112.869 46.3358
vn 0.20024 0.956037 -0.214236
v 1.66234 112.876 46.4263
vn 0.231317 0.972543 0.0255595
v 1.60706 112.87 46.5131
vn 0.0865719 0.962886 0.255647
v 1.60671 112.734 46.1146
vn 0.0880238 0.604509 -0.79172
v 1.59018 112.823 46.2026
vn 0.072061 0.791026 -0.607524
v 1.54492 112.816 46.6306
vn -0.071004 0.812611 0.578465
v 1.53756 112.717 46.7304
vn -0.044073 0.602237 0.7971
v 1.55047 112.583 46.0426
vn 0.00360894 0.290488 -0.956872
v 1.58749 112.856 46.2645
vn 0.0401308 0.918218 -0.394037
v 1.58104 112.885 46.4315
vn 0.0211596 0.998757 0.0451218
v 1.5403 112.882 46.3581
vn -0.0493442 0.991177 -0.12302
v 1.53389 112.681 46.0795
vn -0.10429 0.461399 -0.881042
v 1.50634 112.843 46.2544
vn -0.167121 0.897573 -0.407963
v 1.48393 112.867 46.4869
vn -0.233212 0.953164 0.192591
v 1.49957 112.844 46.5712
vn -0.198668 0.890634 0.409026
v 1.5021 112.732 46.1186
vn -0.193931 0.604572 -0.772583
v 1.47927 112.873 46.4027
vn -0.251531 0.967232 -0.0345562
v 1.47839 112.631 46.0697
vn -0.252796 0.330655 -0.909264
v 1.43533 112.77 46.177
vn -0.288598 0.71438 -0.637473
v 1.43692 112.838 46.2975
vn -0.312544 0.89074 -0.329997
v 1.46463 112.737 46.6961
vn -0.292908 0.608082 0.737863
v 1.41626 112.849 46.4529
vn -0.37336 0.918822 0.127941
v 1.38241 112.796 46.5727
vn -0.421487 0.819923 0.387394
v 1.42801 112.787 46.6258
vn -0.387957 0.732574 0.559307
v 1.46128 112.555 46.0538
vn -0.309943 0.166065 -0.93614
v 1.41915 112.683 46.114
vn -0.382291 0.434916 -0.815292
v 1.50425 112.671 46.7509
vn -0.257518 0.461702 0.848832
v 1.39581 112.675 46.7066
vn -0.470065 0.475524 0.743583
v 1.35955 112.743 46.6216
vn -0.535016 0.606438 0.58821
v 1.37898 112.497 46.0869
vn -0.459556 0.103889 -0.882052
v 1.48318 112.616 46.7652
vn -0.214109 0.319176 0.923192
v 1.32317 112.643 46.6674
vn -0.562699 0.396718 0.725248
v 1.5455 112.599 46.7838
vn -0.0647933 0.292204 0.954159
v 1.52731 112.611 46.7787
vn -0.277901 0.061699 0.958626
v 1.76917 112.452 46.2295
vn -0.71277 0.147328 0.685751
v 1.73598 112.352 46.2554
vn -0.609554 0.532588 0.587191
v 1.70884 112.29 46.3127
vn -0.522555 0.760657 0.385145
v 1.69375 112.264 46.3619
vn -0.399525 0.906768 0.134726
v 1.77202 112.304 46.422
vn -0.637595 0.768745 0.0500384
v 1.71481 112.272 46.4612
vn -0.4436 0.88436 -0.145353
v 1.80446 112.402 46.2951
vn -0.793226 0.36347 0.48855
v 1.79578 112.347 46.3406
vn -0.754127 0.576886 0.313837
v 1.67251 112.263 46.4992
vn -0.346655 0.869078 -0.352893
v 1.82262 112.488 46.2901
vn -0.854277 0.0525669 0.517153
v 1.79801 112.574 46.277
vn -0.824135 -0.278546 0.493167
v 1.83888 112.426 46.3548
vn -0.924872 0.281761 0.255387
v 1.83168 112.382 46.4146
vn -0.857921 0.509316 0.0675965
v 1.84034 112.554 46.3473
vn -0.931114 -0.228538 0.284248
v 1.85566 112.506 46.4061
vn -0.997931 -0.0390278 0.0510882
v 1.80274 112.347 46.4773
vn -0.812533 0.558422 -0.1672
v 1.85173 112.438 46.4316
vn -0.983346 0.180893 0.0175348
v 1.78352 112.351 46.528
vn -0.69253 0.557412 -0.457923
v 1.80426 112.645 46.3724
vn -0.842627 -0.51659 0.152031
v 1.83137 112.425 46.504
vn -0.897647 0.286012 -0.335302
v 1.83064 112.605 46.4526
vn -0.893439 -0.429757 -0.130675
v 1.83746 112.479 46.5168
vn -0.919263 0.0728041 -0.386852
v 1.73561 112.319 46.5479
vn -0.501757 0.655931 -0.56391
v 1.83048 112.56 46.513
vn -0.896054 -0.23742 -0.375126
v 1.78487 112.65 46.508
vn -0.773156 -0.543278 -0.327229
v 1.80134 112.511 46.5803
vn -0.772036 -0.000483785 -0.635579
v 1.76019 112.406 46.5987
vn -0.614501 0.356729 -0.703657
v 1.74508 112.57 46.6151
vn -0.6381 -0.261233 -0.724283
v 1.68382 112.367 46.6245
vn -0.364185 0.586867 -0.723158
v 1.70988 112.468 46.6497
vn -0.497352 0.138122 -0.856483
v 1.58813 112.8 46.2799
vn 0.179216 -0.839831 0.512411
v 1.56184 112.787 46.2856
vn 0.831768 -0.473544 0.289685
v 1.59289 112.718 46.1722
vn -0.0664941 -0.663228 0.745458
v 1.55746 112.676 46.1496
vn 0.588418 -0.518469 0.620447
v 1.56899 112.602 46.1059
vn 0.020172 -0.283991 0.958615
v 1.53228 112.565 46.105
vn 0.616137 -0.273963 0.738457
v 1.52151 112.465 46.0982
vn 0.250586 0.0469559 0.966955
v 1.48906 112.449 46.1191
vn 0.862858 -0.13604 0.486795
v 1.47613 112.361 46.1425
vn 0.522923 0.350679 0.776902
v 1.43006 112.305 46.2287
vn 0.943866 0.0149623 0.32999
v 1.45438 112.295 46.2003
vn 0.471563 0.58862 0.656624
v 1.42954 112.25 46.2764
vn 0.560257 0.708901 0.428453
v 1.3984 112.246 46.3654
vn 0.889168 0.404445 0.214022
v 1.40211 112.234 46.4252
vn 0.630515 0.776141 -0.00752474
v 1.39023 112.266 46.5213
vn 0.888453 0.438549 -0.135373
v 1.39264 112.265 46.3783
vn 0.985071 -0.0600155 0.161346
v 1.62294 112.769 46.295
vn -0.996802 0.0794119 -0.00890988
v 1.61532 112.743 46.2171
vn -0.743948 -0.471344 0.473683
v 1.59166 112.582 46.1402
vn -0.970656 0.20108 0.131881
v 1.58991 112.66 46.1336
vn -0.576053 -0.34239 0.742248
v 1.57301 112.567 46.1049
vn -0.613832 0.0188211 0.789212
v 1.53484 112.45 46.1018
vn -0.494342 0.325493 0.806027
v 1.54273 112.419 46.1346
vn -0.893538 0.391647 0.219552
v 1.50058 112.341 46.1564
vn -0.458656 0.679748 0.572343
v 1.48803 112.285 46.2457
vn -0.894033 0.447848 0.0117156
v 1.45482 112.258 46.2522
vn -0.18447 0.921013 0.343082
v 1.45561 112.243 46.3782
vn -0.834545 0.539917 -0.109656
v 1.42499 112.225 46.3851
vn -0.105427 0.994415 -0.004944
v 1.40166 112.253 46.5276
vn -0.168887 0.937996 -0.302723
v 1.44072 112.267 46.5217
vn -0.819872 0.526524 -0.224905
v 1.6009 112.801 46.2797
vn -0.658716 -0.65897 0.363114
v 1.43815 112.265 46.5225
vn -0.788772 0.530725 -0.310111
v 1.42003 112.308 46.6084
vn -0.180549 0.74631 -0.640643
v 1.40166 112.253 46.5276
vn 0.0326797 0.878424 -0.476764
v 1.45822 112.408 46.6657
vn -0.784345 0.403587 -0.471085
v 1.41845 112.386 46.6745
vn -0.0285382 0.516758 -0.855656
v 1.45235 112.475 46.7063
vn -0.325133 0.284584 -0.901832
v 1.49552 112.542 46.6931
vn -0.896222 0.23858 -0.373987
v 1.4756 112.567 46.7123
vn -0.298676 0.0145147 -0.954244
v 1.51122 112.666 46.6804
vn -0.430058 -0.295325 -0.853131
v 1.55238 112.702 46.6291
vn -0.945942 0.101143 -0.308163
v 1.5442 112.751 46.6177
vn -0.515875 -0.54266 -0.662868
v 1.58336 112.781 46.5444
vn -0.953782 -0.104321 -0.28181
v 1.57701 112.825 46.4816
vn -0.599214 -0.739817 -0.305962
v 1.60582 112.817 46.378
vn -0.752182 -0.658929 0.00594674
v 1.61192 112.785 46.2874
vn -0.913962 -0.391443 0.106986
v 1.38731 112.28 46.5274
vn 0.903194 0.369974 -0.217625
v 1.38651 112.356 46.6044
vn 0.993921 -0.0841225 -0.0710263
v 1.39971 112.32 46.6165
vn 0.598872 0.536766 -0.594336
v 1.41766 112.42 46.6832
vn 0.585829 0.217924 -0.780585
v 1.42597 112.531 46.6908
vn 0.926597 -0.321605 -0.194904
v 1.44896 112.541 46.7113
vn 0.493704 -0.145752 -0.857329
v 1.48606 112.653 46.6875
vn 0.364583 -0.465319 -0.806571
v 1.50417 112.738 46.6221
vn 0.648998 -0.637345 -0.415442
v 1.54019 112.779 46.5891
vn 0.183743 -0.852649 -0.48911
v 1.53059 112.798 46.5202
vn 0.658461 -0.744402 -0.110884
v 1.57033 112.826 46.4655
vn 0.160678 -0.97964 -0.120368
v 1.57604 112.823 46.3686
vn 0.334074 -0.919755 0.206022
v 1.58555 112.798 46.2807
vn 0.22001 -0.913072 0.343359
v 1.66107 112.172 45.2859
vn -0.335345 -0.856018 -0.393417
v 1.73962 111.96 45.4008
vn -0.61686 -0.0198985 -0.786822
v 1.78283 111.974 45.3624
vn -0.673767 -0.158767 -0.721686
v 1.53891 111.887 45.431
vn 0.241336 0.297279 -0.923787
v 1.56281 111.836 45.422
vn 0.0162406 0.325944 -0.94525
v 1.41674 112.047 45.3389
vn 0.708302 -0.359261 -0.607651
v 1.47537 112.126 45.32
vn 0.47889 -0.765057 -0.430526
v 1.65496 112.183 45.2644
vn -0.126842 -0.929853 -0.345376
v 1.76804 112.084 45.3119
vn -0.61986 -0.57812 -0.530614
v 1.74405 112.076 45.348
vn -0.627351 -0.550455 -0.550844
v 1.73934 111.894 45.3984
vn -0.476704 0.155284 -0.86524
v 1.64866 111.883 45.4345
vn -0.303598 0.269716 -0.913828
v 1.45006 111.949 45.4007
vn 0.613646 0.0349981 -0.788805
v 1.42618 111.928 45.3776
vn 0.619434 0.0144361 -0.784916
v 1.50093 112.164 45.2707
vn 0.348712 -0.849066 -0.396847
v 1.6139 112.173 45.301
vn -0.0577904 -0.930103 -0.362724
v 1.54001 111.881 45.4336
vn 0.37648 0.844434 -0.381042
v 1.53067 112.123 45.9614
vn 0.386877 0.840277 -0.379817
v 1.4873 112.144 45.9514
vn 0.575982 0.746498 -0.333145
v 1.49021 111.906 45.4214
vn 0.615048 0.720675 -0.319913
v 1.44721 111.952 45.3994
vn 0.875809 0.44432 -0.188516
v 1.44254 112.185 45.931
vn 0.844419 0.492073 -0.21171
v 1.4192 112.24 45.9055
vn 0.985124 0.161832 -0.0578037
v 1.42636 112.021 45.3674
vn 0.99958 0.0286987 0.00413446
v 1.43307 112.068 45.3457
vn 0.956773 -0.25783 0.134569
v 1.42085 112.3 45.8784
vn 0.975518 -0.19331 0.104862
v 1.44721 112.354 45.854
vn 0.817482 -0.518268 0.251241
v 1.49429 112.395 45.8361
vn 0.534868 -0.764683 0.359411
v 1.50933 112.155 45.3074
vn 0.515465 -0.775562 0.364416
v 1.58865 112.177 45.2989
vn 0.0260647 -0.90867 0.4167
v 1.55492 112.417 45.8272
vn 0.172258 -0.894609 0.412313
v 1.61986 112.416 45.8288
vn -0.225387 -0.887523 0.401875
v 1.45402 112.109 45.3275
vn 0.83058 -0.500566 0.24407
v 1.6489 112.169 45.3036
vn -0.342229 -0.856642 0.386063
v 1.67923 112.392 45.8407
vn -0.575701 -0.747464 0.33146
v 1.69501 112.145 45.3151
vn -0.614624 -0.72124 0.319452
v 1.7403 112.094 45.3394
vn -0.876238 -0.443822 0.187694
v 1.72399 112.349 45.861
vn -0.844394 -0.492851 0.209993
v 1.74733 112.294 45.8866
vn -0.985255 -0.161745 0.0557863
v 1.75886 112.03 45.369
vn -0.999553 -0.0295422 -0.00450329
v 1.75215 111.982 45.3908
vn -0.956821 0.257197 -0.13544
v 1.74569 112.236 45.9137
vn -0.975533 0.192342 -0.106486
v 1.71932 112.181 45.938
vn -0.817189 0.51797 -0.252802
v 1.67224 112.14 45.9559
vn -0.534832 0.764177 -0.360538
v 1.69544 111.906 45.4247
vn -0.63363 0.69875 -0.332056
v 1.64262 111.882 45.4349
vn -0.304378 0.863732 -0.401647
v 1.61161 112.118 45.9648
vn -0.172485 0.893865 -0.413828
v 1.54001 111.881 45.4336
vn 0.187708 0.893976 -0.406906
v 1.53067 112.123 45.9614
vn 0.189951 0.893372 -0.407192
v 1.73119 111.942 45.4089
vn -0.830179 0.501001 -0.244543
v 1.66583 112.4 45.8366
vn -0.275627 -0.746561 -0.605539
v 1.63586 112.412 45.8306
vn -0.197595 -0.786265 -0.585443
v 1.69263 112.383 45.8448
vn -0.329133 -0.709241 -0.623418
v 1.71523 112.362 45.8551
vn -0.409573 -0.624783 -0.664752
v 1.73276 112.337 45.8669
vn -0.459167 -0.54475 -0.701721
v 1.74454 112.309 45.8798
vn -0.48607 -0.471878 -0.735573
v 1.75012 112.28 45.8934
vn -0.499751 -0.37276 -0.781856
v 1.7493 112.25 45.907
vn -0.492752 -0.277056 -0.824885
v 1.74209 112.221 45.9203
vn -0.466695 -0.192001 -0.863326
v 1.72877 112.193 45.9326
vn -0.433305 -0.128249 -0.892076
v 1.70987 112.169 45.9434
vn -0.368376 -0.0455202 -0.928562
v 1.6861 112.148 45.9525
vn -0.280313 0.0260171 -0.959556
v 1.65838 112.132 45.9594
vn -0.194845 0.0704752 -0.978299
v 1.62777 112.121 45.9639
vn -0.0987301 0.0996408 -0.990113
v 1.59545 112.116 45.9657
vn -0.000133193 0.111708 -0.993741
v 1.56267 112.116 45.9649
vn 0.0773906 0.1079 -0.991145
v 1.53067 112.123 45.9614
vn 0.154884 0.0949688 -0.983358
v 1.5007 112.135 45.9555
vn 0.247553 0.0622703 -0.966871
v 1.4739 112.152 45.9472
vn 0.33047 0.0149103 -0.943699
v 1.4513 112.173 45.9369
vn 0.404865 -0.0490691 -0.913059
v 1.43378 112.198 45.9251
vn 0.461985 -0.122772 -0.878349
v 1.42199 112.226 45.9122
vn 0.503248 -0.209061 -0.838472
v 1.41641 112.255 45.8987
vn 0.525901 -0.303347 -0.794612
v 1.41724 112.285 45.885
vn 0.527619 -0.387198 -0.756105
v 1.42445 112.314 45.8718
vn 0.504568 -0.490449 -0.710542
v 1.43776 112.342 45.8595
vn 0.458104 -0.589936 -0.664918
v 1.45666 112.366 45.8486
vn 0.40405 -0.659288 -0.6341
v 1.48043 112.387 45.8395
vn 0.341962 -0.714447 -0.610432
v 1.50815 112.403 45.8326
vn 0.270207 -0.760896 -0.589937
v 1.53876 112.414 45.8281
vn 0.185737 -0.796055 -0.57602
v 1.57108 112.419 45.8263
vn 0.0348513 -0.824493 -0.564798
v 1.60387 112.419 45.8271
vn -0.0680225 -0.818385 -0.57063
v 1.63586 112.412 45.8306
vn -0.0979732 -0.816247 -0.569334
v 1.45098 112.194 46.2008
vn -0.258439 0.0496109 0.964753
v 1.44716 112.174 46.1792
vn -0.438764 -0.892342 -0.105884
v 1.39873 112.232 46.1631
vn -0.471118 0.442132 -0.763261
v 1.39032 112.257 46.1875
vn -0.255214 0.706403 -0.660197
v 1.416 112.218 46.1551
vn -0.188373 0.244468 -0.951184
v 1.3936 112.226 46.1632
vn -0.261079 0.300365 -0.917398
v 1.43652 112.216 46.1976
vn 0.22101 0.1803 0.95846
v 1.42724 112.191 46.1837
vn -0.447531 -0.843141 0.298043
v 1.39683 112.213 46.1695
vn -0.655554 -0.561571 -0.504863
v 1.38978 112.225 46.212
vn -0.195942 -0.819693 0.538248
v 1.37816 112.235 46.192
vn -0.904229 -0.158441 -0.396567
v 1.35184 112.257 46.2291
vn -0.0286263 -0.86987 0.49245
v 1.35143 112.312 46.3261
vn 0.0974313 -0.861599 0.498151
v 1.32375 112.314 46.3663
vn 0.909602 -0.367228 0.19434
v 1.32192 112.246 46.2944
vn 0.996771 -0.0744236 0.0301281
v 1.34668 112.225 46.2908
vn 0.0980598 0.86643 -0.489575
v 1.35288 112.308 46.443
vn 0.319317 0.825208 -0.465906
v 1.37633 112.221 46.2555
vn -0.970997 0.214102 -0.106422
v 1.3816 112.28 46.3429
vn -0.935998 0.31315 -0.160762
v 1.33551 112.387 46.5698
vn 0.329137 0.818008 -0.471733
v 1.3287 112.472 46.7029
vn 0.97618 0.184008 -0.114955
v 1.3269 112.448 46.6084
vn 0.966306 -0.228499 0.118497
v 1.36505 112.467 46.719
vn -0.320536 0.831014 -0.454613
v 1.38386 112.461 46.6502
vn -0.999507 -0.023992 0.0202756
v 1.38592 112.514 46.7468
vn -0.992569 0.109114 -0.0538641
v 1.3681 112.539 46.7344
vn 0.122386 -0.867071 0.482918
v 1.35343 112.486 46.6306
vn -0.065878 -0.870227 0.488226
v 1.51379 111.799 45.4488
vn -0.164201 -0.915699 -0.366788
v 1.60531 111.79 45.4547
vn 0.0563115 -0.934961 -0.350253
v 1.7312 111.82 45.4538
vn 0.416934 -0.819259 -0.393676
v 1.79447 111.896 45.3986
vn 0.60649 -0.635223 -0.478187
v 1.84482 111.975 45.3847
vn 0.698237 -0.399788 -0.59383
v 1.83102 112.007 45.3483
vn 0.713699 -0.319768 -0.623203
v 1.81001 112.131 45.3019
vn 0.64146 -0.00861411 -0.767108
v 1.72274 112.212 45.2633
vn 0.395843 0.239339 -0.886581
v 1.61264 112.244 45.2468
vn 0.071683 0.342649 -0.936725
v 1.46998 112.215 45.2574
vn -0.279971 0.282661 -0.917452
v 1.3957 112.156 45.2835
vn -0.559164 0.0739618 -0.825751
v 1.34643 112.057 45.3277
vn -0.681325 -0.19891 -0.704437
v 1.34992 111.959 45.3729
vn -0.660827 -0.484294 -0.573382
v 1.4046 111.858 45.4307
vn -0.530864 -0.711125 -0.460961
v 1.51379 111.799 45.4488
vn -0.330862 -0.855277 -0.398789
v 1.65789 112.235 46.5403
vn 0.314659 0.828766 -0.462748
v 1.45236 112.296 46.5089
vn 0.316539 0.832917 -0.45393
v 1.45408 112.329 46.5625
vn 0.309359 0.754271 -0.579114
v 1.65961 112.269 46.594
vn 0.305303 0.719041 -0.624316
v 1.46348 112.39 46.6194
vn 0.274947 0.517944 -0.810023
v 1.67663 112.367 46.6709
vn 0.261062 0.44477 -0.856753
v 1.48326 112.476 46.6544
vn 0.196027 0.16386 -0.966811
v 1.69978 112.456 46.6912
vn 0.154554 0.0122033 -0.987909
v 1.51908 112.596 46.6502
vn 0.0481318 -0.324136 -0.944785
v 1.73447 112.563 46.6724
vn 0.019737 -0.404051 -0.914523
v 1.5677 112.717 46.5654
vn -0.10505 -0.71111 -0.695189
v 1.76079 112.629 46.6273
vn -0.0844212 -0.665102 -0.741965
v 1.78472 112.677 46.5619
vn -0.174841 -0.847179 -0.501716
v 1.58942 112.753 46.4924
vn -0.225392 -0.921771 -0.315494
v 1.80514 112.7 46.4729
vn -0.263582 -0.95675 -0.123105
v 1.60503 112.763 46.4103
vn -0.280476 -0.959709 -0.0170855
v 1.61284 112.747 46.328
vn -0.31285 -0.888058 0.336865
v 1.81837 112.687 46.3594
vn -0.309844 -0.906506 0.286783
v 1.81635 112.638 46.2787
vn -0.305988 -0.704692 0.640141
v 1.612 112.706 46.2544
vn -0.308724 -0.742805 0.594079
v 1.80052 112.548 46.2088
vn -0.247277 -0.378998 0.891748
v 1.60261 112.645 46.1976
vn -0.2697 -0.484785 0.832013
v 1.58568 112.569 46.1636
vn -0.202834 -0.190503 0.960504
v 1.78047 112.468 46.1878
vn -0.160263 -0.0322386 0.986548
v 1.56304 112.489 46.1561
vn -0.121575 0.100063 0.987526
v 1.75587 112.389 46.1941
vn -0.0723384 0.256565 0.963816
v 1.53716 112.411 46.176
vn -0.0111861 0.429117 0.90318
v 1.72619 112.308 46.2341
vn 0.0457587 0.580251 0.813151
v 1.51083 112.345 46.2211
vn 0.0905739 0.685148 0.722751
v 1.69244 112.237 46.3179
vn 0.185702 0.865976 0.464327
v 1.48691 112.298 46.2865
vn 0.179869 0.855636 0.485319
v 1.67351 112.214 46.3965
vn 0.255591 0.953557 0.159382
v 1.46798 112.274 46.3651
vn 0.251892 0.949311 0.188039
v 1.66163 112.216 46.4798
vn 0.302424 0.940164 -0.156944
v 1.4561 112.277 46.4484
vn 0.303215 0.939465 -0.159581
v 1.45236 112.296 46.5089
vn 0.314255 0.892896 -0.322461
v 1.65789 112.235 46.5403
vn 0.314255 0.892896 -0.322461
v 1.38856 112.582 46.0061
vn -0.647998 0.760042 0.0493452
v 1.29418 112.492 46.0576
vn -0.45659 0.714105 0.530642
v 1.31636 112.465 46.0559
vn 0.649781 -0.573746 0.498598
v 1.40512 112.572 46.0329
vn 0.0272001 0.309971 0.950357
v 1.41308 112.552 46.0031
vn 0.438457 -0.698888 -0.565076
v 1.29753 112.477 46.0272
vn -0.23614 -0.076481 -0.968705
v 1.39113 112.577 46.0001
vn -0.574883 0.418426 -0.703157
v 1.67512 112.248 45.2568
vn 0.269033 0.87736 -0.397316
v 1.62849 112.257 45.252
vn 0.12567 0.902554 -0.411828
v 1.6624 112.578 45.9758
vn 0.197589 0.892358 -0.405777
v 1.573 112.588 45.9692
vn -0.0216984 0.908564 -0.417181
v 1.52435 112.251 45.2529
vn -0.19499 0.890322 -0.411467
v 1.46801 112.569 45.9762
vn -0.464504 0.801922 -0.375708
v 1.44278 112.215 45.2678
vn -0.557833 0.750704 -0.353928
v 1.38082 112.504 46.0048
vn -0.771899 0.57255 -0.276332
v 1.39079 112.17 45.2874
vn -0.777636 0.566159 -0.273398
v 1.35122 112.109 45.315
vn -0.927245 0.333901 -0.16949
v 1.33907 112.44 46.033
vn -0.923846 0.34145 -0.172974
v 1.33255 112.044 45.3444
vn -0.994094 0.0908863 -0.0593083
v 1.32196 112.386 46.0575
vn -0.988231 0.13164 -0.0779158
v 1.32104 112.322 46.0872
vn -0.992847 -0.114198 0.034842
v 1.33307 111.992 45.3683
vn -0.989084 -0.139776 0.0466526
v 1.35141 111.929 45.3974
vn -0.92179 -0.358305 0.148054
v 1.33519 112.267 46.1125
vn -0.938444 -0.319937 0.13024
v 1.37892 111.884 45.4186
vn -0.82133 -0.523937 0.225628
v 1.36086 112.221 46.1342
vn -0.838159 -0.501231 0.215075
v 1.40261 112.176 46.1551
vn -0.683523 -0.668134 0.293928
v 1.43757 111.831 45.444
vn -0.587713 -0.739333 0.328602
v 1.45413 112.142 46.1719
vn -0.471852 -0.80448 0.360788
v 1.5289 111.79 45.4641
vn -0.276546 -0.875295 0.396712
v 1.51575 112.12 46.183
vn -0.285632 -0.872908 0.395533
v 1.59517 111.785 45.468
vn 0.0133074 -0.90899 0.416606
v 1.57118 112.113 46.1868
vn -0.0113971 -0.909193 0.416219
v 1.66132 111.792 45.4655
vn 0.252931 -0.877751 0.406915
v 1.63611 112.119 46.1855
vn 0.217671 -0.885715 0.410035
v 1.69764 112.139 46.1774
vn 0.411649 -0.825711 0.385676
v 1.71429 111.812 45.4573
vn 0.450548 -0.808509 0.378574
v 1.76868 111.847 45.4421
vn 0.674166 -0.666834 0.317541
v 1.74799 112.17 46.1641
vn 0.646859 -0.688782 0.327342
v 1.78419 112.203 46.1495
vn 0.789289 -0.552722 0.267434
v 1.80695 111.886 45.425
vn 0.819148 -0.515746 0.251002
v 1.83387 111.932 45.4043
vn 0.924383 -0.340272 0.172429
v 1.81601 112.251 46.1285
vn 0.901934 -0.386177 0.193346
v 1.83517 112.303 46.1048
vn 0.977624 -0.184134 0.101719
v 1.85242 112 45.3739
vn 0.994651 -0.0861568 0.0569774
v 1.83869 112.379 46.0702
vn 0.996241 0.0840759 -0.0208664
v 1.85169 112.056 45.3481
vn 0.990981 0.127556 -0.0410683
v 1.83425 112.114 45.321
vn 0.916258 0.37003 -0.153458
v 1.81402 112.46 46.0326
vn 0.908683 0.385332 -0.160666
v 1.80112 112.166 45.2965
vn 0.798109 0.552886 -0.239454
v 1.78623 112.499 46.0142
vn 0.79085 0.561428 -0.243627
v 1.76565 112.201 45.2799
vn 0.642296 0.700897 -0.310159
v 1.7401 112.54 45.9944
vn 0.616192 0.719981 -0.319273
v 1.67512 112.248 45.2568
vn 0.410974 0.831351 -0.374108
v 1.6624 112.578 45.9758
vn 0.421782 0.826954 -0.371815
v 1.41381 112.556 46.0167
vn 0.735041 0.636727 -0.233008
v 1.39291 112.578 46.0081
vn 0.745853 0.629036 -0.219128
v 1.49835 112.306 46.2284
vn -0.949071 0.281146 -0.142202
v 1.54607 112.431 46.1565
vn -0.948712 0.280517 -0.145794
v 1.45247 112.246 46.4123
vn -0.94898 0.279813 -0.145401
v 1.5745 112.514 46.13
vn -0.948407 0.280614 -0.147579
v 1.44926 112.296 46.531
vn -0.949338 0.279198 -0.144239
v 1.59415 112.607 46.1806
vn -0.948929 0.279942 -0.145486
v 1.60876 112.652 46.1706
vn -0.949231 0.279133 -0.145071
v 1.62035 112.763 46.3093
vn -0.948868 0.280214 -0.14536
v 1.60498 112.755 46.3952
vn -0.948397 0.281731 -0.145501
v 1.45054 112.342 46.6111
vn -0.948586 0.280188 -0.147238
v 1.47889 112.467 46.6664
vn -0.94938 0.279284 -0.143802
v 1.50893 112.577 46.6814
vn -0.949453 0.27923 -0.143419
v 1.54637 112.676 46.6257
vn -0.949264 0.280128 -0.142921
v 1.59618 112.776 46.4921
vn -0.949287 0.280192 -0.14264
v 1.53149 112.786 46.4737
vn 0.94814 -0.283493 0.143741
v 1.55284 112.8 46.3615
vn 0.950192 -0.276982 0.142889
v 1.50044 112.741 46.5912
vn 0.949081 -0.2801 0.144185
v 1.55862 112.782 46.288
vn 0.947936 -0.282267 0.147456
v 1.5573 112.75 46.2364
vn 0.948915 -0.279369 0.146672
v 1.46818 112.655 46.6361
vn 0.949602 -0.276429 0.14779
v 1.43328 112.558 46.6785
vn 0.950589 -0.280826 0.132355
v 1.54506 112.67 46.1614
vn 0.948827 -0.279355 0.147271
v 1.51987 112.566 46.1265
vn 0.948118 -0.279402 0.151682
v 1.48587 112.452 46.1299
vn 0.949426 -0.279049 0.143954
v 1.45977 112.382 46.1657
vn 0.949034 -0.2796 0.145462
v 1.42463 112.528 46.6773
vn 0.951892 -0.282583 0.118523
v 1.40895 112.47 46.6677
vn 0.951621 -0.277175 0.132631
v 1.40149 112.438 46.6545
vn 0.948518 -0.280549 0.146991
v 1.39538 112.411 46.6421
vn 0.946148 -0.28308 0.157068
v 1.38952 112.379 46.6192
vn 0.937845 -0.300565 0.173516
v 1.38326 112.336 46.5788
vn 0.94154 -0.29593 0.161024
v 1.38102 112.31 46.5417
vn 0.956761 -0.259056 0.132279
v 1.3811 112.289 46.5006
vn 0.959364 -0.248139 0.134345
v 1.432 112.317 46.2226
vn 0.945374 -0.291621 0.145691
v 1.40179 112.272 46.3328
vn 0.946704 -0.287519 0.145208
v 1.38551 112.267 46.4309
vn 0.946399 -0.288837 0.144573
v 1.39228 112.266 46.3841
vn 0.94251 -0.304123 0.138505
v 1.68195 112.355 46.6136
vn -0.948734 0.280409 -0.145857
v 1.66497 112.306 46.6307
vn -0.948497 0.28088 -0.146493
v 1.68879 112.415 46.6858
vn -0.949185 0.279735 -0.144211
v 1.67235 112.276 46.525
vn -0.949247 0.278984 -0.145251
v 1.65987 112.231 46.5193
vn -0.949316 0.278753 -0.145244
v 1.70821 112.462 46.6488
vn -0.949336 0.279154 -0.144338
v 1.72129 112.525 46.6857
vn -0.949258 0.280463 -0.142299
v 1.74306 112.565 46.6183
vn -0.94924 0.27963 -0.144053
v 1.75096 112.606 46.6457
vn -0.949035 0.279628 -0.145401
v 1.68297 112.225 46.3572
vn -0.949122 0.27989 -0.144321
v 1.68018 112.253 46.43
vn -0.949518 0.278576 -0.144259
v 1.7013 112.277 46.3373
vn -0.948963 0.280523 -0.14414
v 1.72619 112.308 46.2341
vn -0.949052 0.279571 -0.145396
v 1.74879 112.39 46.2438
vn -0.949158 0.279545 -0.144755
v 1.79418 112.689 46.5226
vn -0.948999 0.280314 -0.144309
v 1.79095 112.655 46.4773
vn -0.948771 0.281238 -0.144012
v 1.81596 112.694 46.39
vn -0.949763 0.277713 -0.144311
v 1.80481 112.638 46.3548
vn -0.949633 0.277644 -0.145295
v 1.76532 112.418 46.19
vn -0.948894 0.280217 -0.145182
v 1.79121 112.509 46.195
vn -0.949607 0.278125 -0.144546
v 1.79714 112.568 46.27
vn -0.949194 0.279611 -0.14439
v 1.81408 112.625 46.2693
vn -0.949767 0.27838 -0.142993
v 1.50978 112.784 46.373
vn -0.964357 0.233266 -0.124909
v 1.49263 112.76 46.4796
vn -0.954077 -0.207657 -0.215908
v 1.53218 112.746 46.4174
vn 0.032003 -0.999454 -0.00817184
v 1.54437 112.754 46.4902
vn 0.972057 -0.0749779 0.22245
v 1.5546 112.788 46.4102
vn 0.856751 0.500209 0.125573
v 1.52731 112.729 46.3154
vn -0.666887 -0.721821 0.185028
v 1.56795 112.727 46.2778
vn 0.767982 -0.576989 0.278005
v 1.55993 112.775 46.313
vn 0.77433 0.599275 -0.203181
v 1.5296 112.679 46.2492
vn -0.239891 -0.666797 0.705574
v 1.55766 112.718 46.2244
vn 0.772231 0.425407 -0.471898
v 1.51308 112.717 46.2313
vn -0.930401 0.314028 -0.189053
v 1.54097 112.63 46.1572
vn 0.694008 0.160881 -0.701762
v 1.49377 112.588 46.1826
vn -0.772515 -0.000376631 0.634996
v 1.51862 112.559 46.1864
vn 0.28633 -0.195095 0.938058
v 1.54293 112.583 46.1585
vn 0.969385 -0.221922 -0.105089
v 1.46852 112.52 46.1558
vn -0.931784 0.362979 -0.00501128
v 1.49192 112.452 46.1454
vn 0.580627 -0.293184 -0.75955
v 1.4823 112.438 46.1975
vn 0.482214 0.241596 0.842081
v 1.46173 112.354 46.2339
vn 0.951481 -0.166324 0.258882
v 1.44566 112.337 46.2116
vn 0.463084 -0.671002 -0.57906
v 1.42108 112.38 46.24
vn -0.356342 0.707565 0.610223
v 1.40947 112.361 46.218
vn -0.947295 0.22615 -0.22691
v 1.41159 112.368 46.2256
vn -0.879206 0.474614 0.0416923
v 1.40038 112.335 46.3063
vn -0.54613 0.812198 0.205123
v 1.46227 112.354 46.2343
vn 0.957415 -0.201986 0.206296
v 1.42309 112.323 46.3447
vn 0.625191 0.73669 0.257729
v 1.43856 112.301 46.2838
vn 0.407954 -0.870765 -0.274484
v 1.41506 112.292 46.4277
vn 0.960213 -0.266087 0.0847852
v 1.39318 112.272 46.4112
vn 0.203591 -0.966138 0.158518
v 1.39478 112.348 46.4822
vn 0.367414 0.858239 -0.358374
v 1.39903 112.324 46.5487
vn 0.436632 -0.765051 0.473339
v 1.42375 112.419 46.6253
vn 0.952618 -0.226827 0.202652
v 1.4083 112.397 46.5653
vn 0.553517 0.437702 -0.708545
v 1.4056 112.422 46.6428
vn 0.286284 -0.523294 0.802624
v 1.39109 112.476 46.6061
vn -0.534094 0.391601 -0.749261
v 1.43574 112.496 46.6201
vn 0.647772 -0.0528481 -0.759999
v 1.43775 112.533 46.6687
vn 0.454875 -0.15336 0.877251
v 1.38118 112.475 46.6424
vn -0.967821 0.138535 0.210072
v 1.43526 112.633 46.6159
vn -0.728679 0.088502 -0.679113
v 1.4818 112.625 46.6369
vn 0.922304 -0.340065 -0.183608
v 1.36943 112.465 46.7054
vn -0.0563385 0.407525 0.911455
v 1.34022 112.473 46.6997
vn -0.0561076 0.408406 0.911074
v 1.36346 112.299 46.4023
vn -0.958824 -0.213669 -0.187089
v 1.36321 112.326 46.4658
vn -0.832381 0.514171 -0.20681
v 1.36224 112.324 46.4666
vn -0.870962 0.437115 -0.224402
v 1.36007 112.378 46.5672
vn -0.945172 0.290447 -0.1493
v 1.37039 112.417 46.0863
vn -0.979678 0.184317 -0.0791055
v 1.36399 112.381 46.1027
vn -0.992351 0.0200153 -0.121819
v 1.36423 112.346 46.1195
vn -0.996749 -0.0740425 0.0317561
v 1.37046 112.315 46.1322
vn -0.96734 -0.233022 0.0997715
v 1.38405 112.282 46.1489
vn -0.904406 -0.390246 0.172504
v 1.39805 112.258 46.1592
vn -0.842043 -0.467139 0.269715
v 1.41072 112.243 46.1671
vn -0.800688 -0.524527 0.289431
v 1.55784 112.723 46.728
vn -0.0165284 0.41058 0.911675
v 1.6255 112.687 46.7461
vn -0.0363734 0.412821 0.910086
v 1.59717 112.609 46.7807
vn -0.0327508 0.453527 0.890641
v 1.50085 112.653 46.7595
vn -0.0360102 0.412303 0.910335
v 1.33239 112.455 46.7069
vn -0.0968728 0.406253 0.908611
v 1.34096 112.445 46.7118
vn 0.0310728 0.465461 0.884523
v 1.33841 112.446 46.7099
vn -0.66377 -0.698002 0.268705
v 1.33382 112.452 46.7075
vn -0.836164 -0.468209 0.285675
v 1.63295 112.178 46.2264
vn 0.180821 -0.924271 -0.336194
v 1.56587 112.172 46.2271
vn 0.0368971 -0.929908 -0.365936
v 1.67341 112.19 46.2238
vn 0.269076 -0.845604 -0.461034
v 1.70385 112.205 46.2186
vn 0.242341 -0.700658 -0.671081
v 1.53153 112.176 46.2249
vn -0.196936 -0.927263 -0.318434
v 1.56587 112.172 46.2271
vn -0.0930409 -0.9463 -0.309613
v 1.43684 112.216 46.2065
vn -0.4175 -0.856808 -0.302612
v 1.67739 112.545 46.0371
vn 0.450008 0.752686 -0.480579
v 1.70692 112.528 46.0443
vn 0.589452 0.72462 -0.357033
v 1.73613 112.505 46.0549
vn 0.729766 0.656353 -0.191421
v 1.64753 112.556 46.0309
vn 0.359403 0.813968 -0.456384
v 1.75691 112.481 46.0663
vn 0.803431 0.458273 -0.380111
v 1.64753 112.556 46.0309
vn 0.286197 0.846794 -0.448365
v 1.62012 112.562 46.0271
vn 0.18923 0.93957 -0.285307
v 1.78891 112.418 46.0918
vn 0.960475 0.234355 -0.150218
v 1.77993 112.442 46.0811
vn 0.925084 0.345221 -0.158248
v 1.73863 112.502 46.0546
vn 0.759058 0.60188 -0.248134
v 1.76765 112.465 46.0706
vn 0.852099 0.493649 -0.173891
v 1.71686 112.52 46.0448
vn 0.632397 0.705066 -0.320868
v 1.67431 112.544 46.0326
vn 0.446104 0.827792 -0.340223
v 1.62401 112.56 46.0253
vn 0.186769 0.860115 -0.474678
v 1.59792 112.562 46.0177
vn -0.0129726 -0.984825 -0.173064
v 1.72068 112.515 46.0482
vn -0.547426 -0.811014 -0.206353
v 1.79499 112.423 46.0817
vn -0.340066 -0.45817 -0.82124
v 1.5168 112.572 45.9987
vn 0.030736 -0.0708128 -0.997016
v 1.66254 112.572 46.0075
vn 0.0882992 -0.137665 -0.986535
v 1.81707 112.315 46.1334
vn 0.496625 -0.415407 -0.762103
v 1.38779 112.493 46.0259
vn -0.45792 -0.00360408 -0.888986
v 1.48803 112.588 46.0157
vn -0.425247 0.72236 -0.545309
v 1.73864 112.546 46.029
vn 0.501967 0.270722 -0.821425
v 1.82108 112.434 46.0856
vn 0.811792 -0.0304254 -0.583153
v 1.78758 112.246 46.1686
vn 0.746239 -0.634213 -0.202241
v 1.69597 112.174 46.1893
vn 0.394796 -0.857024 -0.331129
v 1.54312 112.146 46.1892
vn -0.110813 -0.945496 -0.306199
v 1.39669 112.525 46.0402
vn -0.69324 0.707113 0.139318
v 1.60018 112.609 46.0252
vn -0.0521811 0.995236 0.0823543
v 1.67576 112.594 46.0255
vn 0.345968 0.932013 -0.107974
v 1.76793 112.534 46.057
vn 0.716806 0.694412 -0.0630996
v 1.58375 112.159 46.2248
vn -0.0247672 -0.62149 0.78303
v 1.81748 112.452 46.1064
vn 0.725821 0.474316 0.498204
v 1.83168 112.378 46.1378
vn 0.68188 0.21027 0.70059
v 1.77293 112.249 46.1943
vn 0.520982 -0.0849799 0.849327
v 1.67568 112.174 46.2183
vn 0.257659 -0.396221 0.881261
v 1.45574 112.173 46.1932
vn -0.321224 -0.481768 0.815301
v 1.74388 112.543 46.0703
vn 0.24366 0.649159 0.720571
v 1.36123 112.449 46.0831
vn -0.105457 0.413628 0.904318
v 1.4733 112.572 46.0404
vn 0.0956074 0.109324 0.989398
v 1.3451 112.446 46.0585
vn -0.715605 0.0599352 -0.695929
v 1.5237 112.437 46.1008
vn -0.0160395 0.415803 0.909313
v 1.49339 112.356 46.1371
vn -0.0226344 0.414324 0.909848
v 1.48073 112.205 45.2518
vn 0.0150392 -0.415946 -0.909265
v 1.58978 112.233 45.2409
vn 0.0147751 -0.414087 -0.910118
v 1.52374 112.179 45.264
vn 0.0150043 -0.417722 -0.908451
v 1.63221 112.184 45.2636
vn 0.0173148 -0.415644 -0.909363
v 1.71742 112.199 45.2587
vn 0.0183246 -0.414914 -0.909676
v 1.37687 112.1 45.2975
vn 0.0157959 -0.416181 -0.909144
v 1.39904 112.023 45.3336
vn 0.0159988 -0.418013 -0.9083
v 1.75173 112.111 45.2993
vn 0.0173577 -0.415796 -0.909292
v 1.8221 112.073 45.3178
vn 0.0181542 -0.415561 -0.909384
v 1.77235 111.945 45.3758
vn 0.0163589 -0.416576 -0.908954
v 1.81966 111.944 45.3769
vn 0.0165026 -0.416815 -0.908842
v 1.37269 111.939 45.3714
vn 0.0149423 -0.416434 -0.909043
v 1.41948 111.929 45.3771
vn 0.0139335 -0.41637 -0.909088
v 1.47866 111.869 45.4052
vn 0.0169689 -0.415656 -0.909364
v 1.48515 111.82 45.428
vn 0.0162229 -0.415966 -0.909236
v 1.58925 111.838 45.4216
vn 0.01593 -0.41644 -0.909024
v 1.73114 111.837 45.4244
vn 0.0155652 -0.415725 -0.909357
v 1.70961 111.872 45.4082
vn 0.0160484 -0.416757 -0.908876
v 1.60593 111.795 45.4414
vn 0.0155546 -0.416511 -0.908998
v 2.71948 112.51 46.5134
vn 0.9986 -0.0528831 0.00109292
v 2.72079 112.534 46.359
vn 0.998554 -0.0537552 -0.000279729
v 2.71417 112.407 46.5217
vn 0.998631 -0.0523049 0.000227968
v 2.71217 112.369 46.3266
vn 0.998622 -0.0524801 -0.000397794
v 2.71087 112.345 46.4489
vn 0.998656 -0.0518297 -0.000660356
v 2.07494 112.623 46.627
vn 0.998626 -0.0523952 7.49202e-05
v 2.07082 112.544 46.5535
vn 0.998633 -0.0522619 9.735e-05
v 2.08095 112.737 46.3796
vn 0.998632 -0.0522953 6.39136e-05
v 2.07469 112.618 46.4906
vn 0.998611 -0.052691 -0.000114434
v 2.06603 112.453 46.6622
vn 0.998634 -0.0522456 0.000167785
v 2.06467 112.427 46.5548
vn 0.998629 -0.052354 0.000315844
v 2.07947 112.709 46.2956
vn 0.998614 -0.0526306 -8.89383e-05
v 2.07554 112.634 46.3805
vn 0.998625 -0.0524261 8.3251e-06
v 2.07547 112.633 46.2068
vn 0.998625 -0.0524193 2.19165e-05
v 2.07244 112.575 46.2863
vn 0.998623 -0.0524589 5.72562e-05
v 2.0693 112.515 46.162
vn 0.998634 -0.0522587 0.000153395
v 2.05986 112.335 46.6174
vn 0.998621 -0.0525028 0.000303321
v 2.06074 112.351 46.4935
vn 0.998606 -0.052778 -3.52968e-05
v 2.05587 112.259 46.5286
vn 0.998635 -0.0522264 -2.204e-06
v 2.05976 112.333 46.3837
vn 0.998642 -0.05209 0.000148865
v 2.05438 112.23 46.4447
vn 0.99864 -0.0521427 0.000226417
v 2.06758 112.483 46.2584
vn 0.99863 -0.0523335 0.000138863
v 2.06039 112.345 46.1973
vn 0.998626 -0.0524014 -7.42282e-05
v 2.06275 112.39 46.2882
vn 0.998639 -0.0521619 3.70316e-05
v 1.98058 112.628 46.627
vn 0.0242186 0.4361 0.899572
v 2.07063 112.541 46.6595
vn 0.0113684 0.232715 0.972479
v 1.97423 112.506 46.6653
vn 0.00355117 0.0757877 0.997118
v 2.06403 112.415 46.6544
vn -0.0159022 -0.300007 0.953805
v 1.96962 112.419 46.6574
vn -0.0132821 -0.250448 0.968039
v 2.07494 112.623 46.627
vn 0.0200925 0.474241 0.880166
v 1.96436 112.319 46.5974
vn -0.0347768 -0.656078 0.753891
v 2.05733 112.287 46.5687
vn -0.0420584 -0.793265 0.607422
v 1.96002 112.235 46.4447
vn -0.0437735 -0.96023 0.275757
v 2.05438 112.23 46.4447
vn -0.0541085 -0.965086 0.256283
v 2.06039 112.345 46.1973
vn -0.0236353 -0.417316 -0.908454
v 1.96603 112.35 46.1973
vn -0.0203012 -0.437713 -0.898885
v 1.97084 112.441 46.1614
vn -0.00844053 -0.159361 -0.987184
v 1.97695 112.558 46.1698
vn 0.015898 0.299994 -0.953809
v 2.06725 112.476 46.1571
vn -0.00300209 -0.0566789 -0.998388
v 2.07135 112.554 46.1668
vn 0.0191236 0.360902 -0.932408
v 1.98377 112.688 46.2535
vn 0.038089 0.718532 -0.69445
v 2.07672 112.656 46.2246
vn 0.0348746 0.657652 -0.752514
v 1.9862 112.734 46.3509
vn 0.0451832 0.960748 -0.273718
v 2.07947 112.709 46.2956
vn 0.0473783 0.886573 -0.460156
v 2.08095 112.737 46.3796
vn 0.0569463 0.97716 -0.204732
v 1.96052 112.244 46.4857
vn -0.999364 0.0352712 0.00516604
v 1.96005 112.236 46.4438
vn -0.998997 0.0447629 0.00126563
v 1.96123 112.259 46.5215
vn -0.999612 0.0247221 0.0128139
v 1.96222 112.278 46.5547
vn -0.998773 0.0495278 0.000597561
v 1.98058 112.628 46.627
vn -0.998909 0.0423485 -0.019687
v 1.97761 112.571 46.6528
vn -0.998437 0.0544644 0.0125238
v 1.98063 112.628 46.6252
vn -0.998911 0.0375324 -0.0277108
v 1.97476 112.517 46.6659
vn -0.998421 0.0506381 -0.0243244
v 1.9633 112.298 46.5814
vn -0.985866 0.144464 -0.0848373
v 1.96511 112.333 46.6139
vn -0.980848 0.15133 -0.122621
v 1.96679 112.364 46.635
vn -0.984433 0.127739 -0.120728
v 1.96838 112.395 46.6494
vn -0.997719 0.0617996 -0.0271687
v 1.97184 112.461 46.6649
vn -0.996929 0.061644 -0.0483
v 2.08095 112.737 46.3796
vn 0.0497049 0.905851 0.42067
v 1.98657 112.742 46.3805
vn 0.0473497 0.927191 0.371584
v 1.9806 112.628 46.6261
vn 0.0485422 0.916513 0.397048
v 2.07494 112.623 46.627
vn 0.0425293 0.905024 0.423229
v 1.97778 112.574 46.1716
vn -0.997601 0.0625187 -0.0297117
v 1.97585 112.537 46.1615
vn -0.998554 0.0537506 0.000605727
v 1.97961 112.609 46.187
vn -0.998841 0.0473772 0.00844838
v 1.97386 112.5 46.157
vn -0.998549 0.0508103 0.017848
v 1.97185 112.461 46.1583
vn -0.998635 0.049954 -0.0152695
v 1.98111 112.638 46.205
vn -0.998441 0.0557351 -0.00306607
v 1.98299 112.674 46.236
vn -0.998667 0.0516084 -0.000532544
v 1.98439 112.7 46.2695
vn -0.998469 0.0553168 2.03477e-06
v 1.96989 112.423 46.1653
vn -0.998638 0.0472592 -0.0220952
v 1.96786 112.385 46.1783
vn -0.997345 0.0663446 0.0300111
v 1.96601 112.349 46.1982
vn -0.998196 0.0588204 0.0120106
v 1.98603 112.731 46.3341
vn -0.996728 0.0804212 -0.00816454
v 1.9865 112.74 46.3713
vn -0.939869 0.337042 -0.0552228
v 1.96002 112.235 46.4447
vn -0.0481146 -0.900688 -0.431794
v 2.05438 112.23 46.4447
vn -0.0547654 -0.904928 -0.422027
v 2.06039 112.345 46.1973
vn -0.0523948 -0.905146 -0.42186
v 1.96603 112.35 46.1973
vn -0.0430731 -0.899826 -0.434118
v 1.33858 112.489 46.2815
vn -0.998645 0.0520293 0.000893961
v 1.34733 112.656 46.3923
vn -0.998659 0.0517417 0.00149567
v 1.33579 112.436 46.3078
vn -0.998614 0.0526305 -0.000439402
v 1.34702 112.65 46.4563
vn -0.998623 0.0524523 -0.000286206
v 1.33373 112.396 46.3639
vn -0.998626 0.0523936 -0.000284134
v 1.34525 112.616 46.5076
vn -0.998633 0.0522638 5.15595e-05
v 1.3333 112.388 46.4319
vn -0.998676 0.051407 0.00201985
v 1.34135 112.542 46.5462
vn -0.998641 0.0521096 0.000876177
v 1.78294 112.596 46.3284
vn -0.0398252 0.856737 -0.514213
v 1.87389 112.612 46.3503
vn -0.0693452 0.899174 -0.432061
v 1.78444 112.625 46.4163
vn -0.0518665 0.996146 0.0707321
v 1.87433 112.621 46.4535
vn -0.0556692 0.937565 0.343327
v 1.78236 112.585 46.5051
vn -0.0651732 0.679264 0.730995
v 1.87221 112.581 46.5189
vn -0.0886105 0.396871 0.913587
v 1.77912 112.523 46.5363
vn -0.0955688 0.187558 0.977593
v 1.7755 112.454 46.5301
vn -0.123068 -0.350469 0.928453
v 1.86573 112.457 46.5443
vn -0.118242 -0.194102 0.973829
v 1.77222 112.391 46.4806
vn -0.155186 -0.886436 0.436061
v 1.86276 112.4 46.5092
vn -0.144177 -0.699449 0.699988
v 1.86065 112.36 46.3839
vn -0.161502 -0.980435 -0.112535
v 1.77127 112.373 46.3978
vn -0.155686 -0.979297 -0.129381
v 1.77315 112.409 46.327
vn -0.145511 -0.715936 -0.682834
v 1.86465 112.436 46.2889
vn -0.132406 -0.428122 -0.893969
v 1.7786 112.513 46.2891
vn -0.0985179 0.154928 -0.983001
v 1.86937 112.526 46.2806
vn -0.0933976 0.271262 -0.957963
v 1.78294 112.596 46.3284
vn -0.0688286 0.656519 -0.751162
v 1.87313 112.598 46.3222
vn -0.0718187 0.673165 -0.735997
v 2.07498 112.623 46.4849
vn 0.0428758 0.81643 0.57585
v 2.68438 112.591 46.4849
vn 0.0428691 0.8164 0.575893
v 2.07229 112.572 46.5415
vn 0.0295581 0.562917 0.825985
v 2.68169 112.541 46.5415
vn 0.0295578 0.562933 0.825974
v 2.06935 112.516 46.5655
vn 0.0107424 0.20459 0.978789
v 2.67875 112.484 46.5655
vn 0.0107424 0.20459 0.978789
v 2.06578 112.448 46.5633
vn -0.0117221 -0.223201 0.974702
v 2.67555 112.423 46.5662
vn -0.00968338 -0.184393 0.982805
v 2.0617 112.37 46.5177
vn -0.038866 -0.740154 0.671313
v 2.67259 112.366 46.5434
vn -0.0292817 -0.557541 0.829633
v 2.6703 112.323 46.5006
vn -0.0429651 -0.818248 0.573258
v 2.05981 112.334 46.4594
vn -0.0513306 -0.97745 0.204836
v 2.66904 112.299 46.4443
vn -0.0513269 -0.977437 0.204895
v 2.05946 112.327 46.3983
vn -0.0522692 -0.995296 -0.0815726
v 2.06036 112.344 46.3394
vn -0.0487309 -0.928033 -0.369297
v 2.669 112.298 46.3832
vn -0.0515823 -0.982215 -0.180537
v 2.6702 112.32 46.3265
vn -0.0443735 -0.84496 -0.532986
v 2.06275 112.39 46.2882
vn -0.0312159 -0.594442 -0.803533
v 2.67244 112.363 46.2827
vn -0.0295587 -0.562911 -0.825989
v 2.06598 112.452 46.2588
vn -0.0107038 -0.203848 -0.978944
v 2.67538 112.42 46.2588
vn -0.0107049 -0.203857 -0.978942
v 2.06918 112.513 46.258
vn 0.00968102 0.184376 -0.982808
v 2.67858 112.481 46.258
vn 0.00968087 0.184374 -0.982809
v 2.07215 112.569 46.2809
vn 0.0289106 0.550606 -0.834264
v 2.68184 112.543 46.2863
vn 0.0305395 0.581628 -0.812881
v 2.07443 112.613 46.3237
vn 0.0435295 0.828887 -0.55772
v 2.0757 112.637 46.3799
vn 0.0511397 0.97382 -0.221494
v 2.68469 112.597 46.3581
vn 0.0492774 0.938376 -0.342085
v 2.07573 112.638 46.441
vn 0.0516628 0.983848 0.171391
v 2.68528 112.609 46.4259
vn 0.052263 0.995296 0.0815726
v 2.07498 112.623 46.4849
vn 0.0483751 0.921201 0.386069
v 2.68438 112.591 46.4849
vn 0.0490198 0.933513 0.355177
v 2.68087 112.525 46.2725
vn 0.719416 0.167133 -0.674172
v 2.71924 112.504 46.3074
vn 0.72097 0.137155 -0.679257
v 2.71336 112.392 46.3134
vn 0.700515 -0.380831 -0.603528
v 2.67391 112.392 46.2707
vn 0.699222 -0.313625 -0.642439
v 2.67005 112.318 46.3336
vn 0.682724 -0.698754 -0.213614
v 2.7106 112.34 46.3764
vn 0.681318 -0.702688 -0.205025
v 2.71122 112.351 46.4699
vn 0.687458 -0.640316 0.342631
v 2.67039 112.324 46.4951
vn 0.688427 -0.616103 0.382734
v 2.71452 112.414 46.5226
vn 0.704395 -0.244704 0.666294
v 2.67696 112.45 46.5644
vn 0.715937 -0.0526326 0.696178
v 2.71941 112.508 46.5108
vn 0.736191 0.306327 0.603479
v 2.68259 112.558 46.5261
vn 0.735225 0.450289 0.50664
v 2.7222 112.561 46.4123
vn 0.76313 0.646235 -0.00348369
v 2.68498 112.603 46.4482
vn 0.744179 0.645046 0.173531
v 2.68469 112.597 46.3581
vn 0.743207 0.620965 -0.249091
v 2.71924 112.504 46.3074
vn 0.73519 0.419778 -0.532243
v 2.68087 112.525 46.2725
vn 0.731537 0.400644 -0.551669
v 1.86091 112.365 46.3849
vn -0.322557 -0.929979 -0.17634
v 1.94336 112.318 46.3224
vn -0.873809 -0.457208 -0.165588
v 1.92929 112.324 46.4405
vn -0.75808 -0.646514 0.0856368
v 1.88009 112.365 46.4698
vn -0.36527 -0.842937 0.395014
v 1.96339 112.3 46.5735
vn -0.99096 -0.0991352 0.0903902
v 1.96007 112.236 46.4429
vn -0.99293 -0.118506 -0.00679706
v 1.86417 112.427 46.531
vn -0.449518 -0.500159 0.740118
v 1.94268 112.375 46.5539
vn -0.82449 -0.339496 0.452724
v 1.96217 112.444 46.6154
vn -0.862469 -0.0733088 0.500773
v 1.86947 112.529 46.5431
vn -0.295507 0.170904 0.93993
v 1.97083 112.442 46.6592
vn -0.993283 0.0345919 0.110416
v 1.94563 112.575 46.5631
vn -0.72912 0.352455 0.586651
v 1.98063 112.628 46.6252
vn -0.984033 0.110727 0.139347
v 1.88339 112.605 46.4936
vn -0.248161 0.747608 0.616035
v 1.96008 112.66 46.5011
vn -0.763985 0.550571 0.33645
v 1.87407 112.616 46.4756
vn -0.281767 0.902091 0.326862
v 1.97526 112.694 46.3639
vn -0.833613 0.552339 0.00324629
v 1.97709 112.681 46.5123
vn -0.833258 0.521477 0.18369
v 1.92541 112.643 46.3885
vn -0.500827 0.85707 -0.120844
v 1.87402 112.615 46.3565
vn -0.239287 0.885471 -0.39835
v 1.98655 112.742 46.3813
vn -0.98039 0.194891 -0.0292001
v 1.95451 112.616 46.2808
vn -0.776003 0.473149 -0.417073
v 1.87047 112.548 46.2871
vn -0.279697 0.296562 -0.913138
v 1.97688 112.557 46.167
vn -0.977279 0.0376722 -0.208581
v 1.94998 112.53 46.2338
vn -0.800777 0.173546 -0.57327
v 1.9156 112.465 46.2588
vn -0.545732 -0.115552 -0.829955
v 1.96845 112.396 46.1806
vn -0.994699 0.00110214 -0.102827
v 1.86456 112.435 46.2905
vn -0.320577 -0.472341 -0.821051
v 1.94336 112.373 46.267
vn -0.791189 -0.357222 -0.496399
v 1.95694 112.297 46.312
vn -0.910243 -0.331577 -0.248019
v 1.86131 112.373 46.3486
vn -0.345932 -0.773321 -0.531324
v 1.9833 112.68 46.2449
vn -0.990826 0.122203 -0.0577086
v 1.55337 112.406 46.6448
vn -0.137743 -0.420537 0.896758
v 1.54705 112.329 46.5885
vn -0.0826121 -0.689838 0.719234
v 1.48377 112.304 46.5408
vn -0.291072 -0.816086 0.49928
v 1.54408 112.273 46.5019
vn -0.138197 -0.938566 0.316219
v 1.54317 112.255 46.4131
vn -0.149203 -0.987231 0.0557942
v 1.49581 112.264 46.3784
vn -0.23971 -0.957071 -0.162954
v 1.54421 112.275 46.3129
vn -0.159279 -0.897683 -0.410847
v 1.54758 112.339 46.2222
vn -0.125993 -0.678108 -0.724083
v 1.55106 112.406 46.1793
vn -0.132673 -0.395276 -0.908931
v 1.50371 112.458 46.169
vn -0.227666 -0.21415 -0.949899
v 1.55602 112.5 46.1573
vn -0.0853443 0.032097 -0.995834
v 1.56046 112.62 46.1814
vn 0.0277409 0.441767 -0.896701
v 1.46843 112.345 46.5821
vn -0.34811 -0.655682 0.670001
v 1.45424 112.286 46.473
vn -0.404753 -0.881336 0.243764
v 1.44181 112.29 46.362
vn -0.449318 -0.871855 -0.194891
v 1.4729 112.345 46.2387
vn -0.351924 -0.644067 -0.679211
v 1.41529 112.343 46.2863
vn -0.564429 -0.665617 -0.488236
v 1.44983 112.41 46.2038
vn -0.418346 -0.394087 -0.818341
v 1.45443 112.5 46.1806
vn -0.403708 -0.0451515 -0.913773
v 1.49319 112.58 46.1758
vn -0.245596 0.265844 -0.932207
v 1.38967 112.322 46.4128
vn -0.659387 -0.751794 0.00381707
v 1.36941 112.403 46.2756
vn -0.671766 -0.39332 -0.627717
v 1.38282 112.479 46.2313
vn -0.68725 -0.124291 -0.715709
v 1.39755 112.351 46.5339
vn -0.65581 -0.62006 0.430626
v 1.34156 112.379 46.3743
vn -0.809708 -0.551624 -0.200208
v 1.41929 112.554 46.2034
vn -0.542683 0.167377 -0.823092
v 1.4177 112.394 46.5903
vn -0.547143 -0.466904 0.69472
v 1.33467 112.414 46.4956
vn -0.832449 -0.475631 0.28426
v 1.33635 112.446 46.2988
vn -0.84554 -0.252874 -0.47023
v 1.3522 112.561 46.2692
vn -0.777877 0.212054 -0.591558
v 1.45314 112.442 46.6339
vn -0.403979 -0.264748 0.87562
v 1.36596 112.45 46.5686
vn -0.756359 -0.236126 0.610054
v 1.40899 112.472 46.6148
vn -0.582102 -0.153241 0.798545
v 1.45722 112.626 46.2091
vn -0.392972 0.459508 -0.796508
v 1.36409 112.629 46.2985
vn -0.747351 0.509146 -0.426892
v 1.34014 112.519 46.5482
vn -0.810288 0.082586 0.580184
v 1.46282 112.684 46.2529
vn -0.375594 0.6553 -0.655371
v 1.53987 112.674 46.2179
vn -0.0522081 0.641175 -0.765616
v 1.39545 112.546 46.6056
vn -0.635132 0.141473 0.759337
v 1.40111 112.698 46.3389
vn -0.61516 0.73424 -0.287176
v 1.51822 112.495 46.6647
vn -0.133874 -0.142343 0.980722
v 1.5622 112.618 46.18
vn -0.0220808 0.421179 -0.906709
v 1.37416 112.608 46.5607
vn -0.656088 0.363327 0.66147
v 1.35187 112.659 46.429
vn -0.77858 0.625269 0.053415
v 1.48297 112.578 46.645
vn -0.339495 0.160638 0.926789
v 1.38216 112.659 46.5246
vn -0.681635 0.617773 0.392084
v 1.40649 112.712 46.4604
vn -0.580943 0.808381 0.0950004
v 1.48576 112.727 46.2971
vn -0.302302 0.850033 -0.431344
v 1.4577 112.643 46.6035
vn -0.391265 0.540806 0.744608
v 1.46073 112.708 46.5392
vn -0.383896 0.776504 0.499665
v 1.45525 112.746 46.4234
vn -0.325103 0.944189 0.0530494
v 1.46843 112.746 46.3622
vn -0.272128 0.94584 -0.17701
v 1.53117 112.695 46.582
vn -0.0969143 0.721789 0.685295
v 1.5755 112.739 46.3015
vn 0.0675891 0.895103 -0.440706
v 1.49558 112.75 46.4799
vn -0.15474 0.961041 0.229032
v 1.5622 112.618 46.18
vn -0.00627039 0.458562 -0.88864
v 1.59474 112.569 46.6546
vn 0.154265 0.230583 0.960747
v 1.55569 112.638 46.6326
vn -0.00844867 0.502926 0.864288
v 1.55604 112.738 46.5244
vn -0.00172631 0.899352 0.437221
v 1.59773 112.76 46.4247
vn 0.187038 0.981523 0.0403702
v 1.55092 112.403 46.6442
vn -0.038698 -0.379766 0.924273
v 1.63513 112.637 46.6168
vn 0.306199 0.502623 0.808463
v 1.62944 112.721 46.5387
vn 0.296706 0.837391 0.459066
v 1.61993 112.488 46.6572
vn 0.24909 -0.0854483 0.964703
v 1.64574 112.739 46.3479
vn 0.356081 0.899439 -0.253409
v 1.62508 112.683 46.24
vn 0.278695 0.677595 -0.680584
v 1.66706 112.665 46.5812
vn 0.487574 0.65082 0.581983
v 1.69131 112.72 46.4643
vn 0.514179 0.819986 0.251482
v 1.70484 112.713 46.3741
vn 0.585282 0.796746 -0.150469
v 1.68279 112.533 46.6314
vn 0.527526 -0.0168211 0.849372
v 1.71797 112.609 46.5816
vn 0.63293 0.390163 0.668709
v 1.74547 112.656 46.4978
vn 0.767426 0.550522 0.328607
v 1.74814 112.677 46.4254
vn 0.752527 0.656174 0.0560264
v 1.70651 112.685 46.3026
vn 0.633625 0.611476 -0.473938
v 1.66565 112.604 46.2001
vn 0.4512 0.465523 -0.761385
v 1.65055 112.407 46.6243
vn 0.331238 -0.336057 0.881673
v 1.7824 112.586 46.506
vn 0.834989 0.326589 0.442869
v 1.77299 112.638 46.3763
vn 0.838687 0.527529 -0.135342
v 1.74502 112.535 46.5815
vn 0.740042 0.0948255 0.665843
v 1.5622 112.618 46.18
vn 0.0657326 0.441231 -0.894983
v 1.74183 112.442 46.5728
vn 0.700113 -0.217434 0.680121
v 1.77663 112.475 46.5333
vn 0.842508 -0.122411 0.524591
v 1.78069 112.553 46.2961
vn 0.848356 0.33205 -0.412353
v 1.73121 112.582 46.2401
vn 0.710489 0.355393 -0.607372
v 1.34471 112.606 46.5168
vn -0.803513 0.391917 0.448071
v 1.55804 112.396 46.6407
vn 0.210882 -0.461665 0.861623
v 1.61119 112.363 46.6131
vn 0.169033 -0.54666 0.820116
v 1.66894 112.364 46.5885
vn 0.495649 -0.561158 0.662898
v 1.77505 112.445 46.5282
vn 0.77243 -0.386825 0.503705
v 1.78069 112.553 46.2961
vn 0.833262 0.0949263 -0.544669
v 1.72719 112.487 46.2267
vn 0.674892 -0.0939928 -0.731906
v 1.73121 112.582 46.2401
vn 0.67202 0.188001 -0.716271
v 1.66565 112.604 46.2001
vn 0.451364 0.257649 -0.854334
v 1.60227 112.586 46.1753
vn 0.222228 0.292451 -0.930101
v 1.5622 112.618 46.18
vn 0.073274 0.431878 -0.898951
v 1.70553 112.345 46.5355
vn 0.584332 -0.649863 0.48604
v 1.7297 112.333 46.4669
vn 0.677979 -0.703417 0.213422
v 1.77183 112.383 46.464
vn 0.808364 -0.536009 0.243397
v 1.77603 112.464 46.2891
vn 0.811108 -0.214103 -0.544301
v 1.65247 112.503 46.1771
vn 0.35819 -0.000524158 -0.933648
v 1.76008 112.364 46.3802
vn 0.784515 -0.600045 -0.156469
v 1.72528 112.361 46.2973
vn 0.692743 -0.583143 -0.424324
v 1.66605 112.305 46.5127
vn 0.426532 -0.827752 0.364551
v 1.69982 112.378 46.2463
vn 0.506624 -0.459755 -0.729354
v 1.68213 112.29 46.3849
vn 0.506392 -0.861432 -0.0387649
v 1.65127 112.447 46.1849
vn 0.374235 -0.249085 -0.893255
v 1.56416 112.568 46.1659
vn 0.0511485 0.224921 -0.973034
v 1.56525 112.313 46.5701
vn 0.0457951 -0.788257 0.61364
v 1.64983 112.294 46.3173
vn 0.382705 -0.854 -0.352451
v 1.66552 112.34 46.2575
vn 0.347889 -0.65447 -0.671299
v 1.60544 112.263 46.4554
vn 0.196116 -0.979156 0.0528357
v 1.59035 112.39 46.1893
vn 0.170468 -0.467113 -0.86761
v 1.55257 112.434 46.1704
vn 0.0777402 -0.250927 -0.964879
v 1.54353 112.262 46.4544
vn 0.0323746 -0.991391 0.126872
v 1.59487 112.292 46.2842
vn 0.142145 -0.821468 -0.552254
v 1.54421 112.275 46.3129
vn 0.0428277 -0.950943 -0.306388
v 1.54758 112.339 46.2222
vn 0.0451275 -0.720191 -0.692306
v 2.26544 95.0866 7.92856
vn 0.0788659 -0.905541 0.416864
v 2.26645 95.0604 7.87131
vn 0.0458792 -0.907824 0.416835
v 2.15098 95.0599 7.93877
vn 0.633385 -0.699106 0.331775
v 2.14014 95.0269 7.88443
vn 0.415965 -0.823807 0.385117
v 2.08172 94.9722 7.90847
vn 0.842154 -0.48433 0.237068
v 2.06725 94.976 7.97577
vn 0.90531 -0.379818 0.190135
v 2.05074 94.8819 7.94931
vn 0.998558 -0.0398065 0.0360144
v 2.05399 94.8706 8.02387
vn 0.994946 0.0968029 -0.0266653
v 2.07438 94.7843 7.99453
vn 0.885162 0.428672 -0.180909
v 2.09143 94.7835 8.0645
vn 0.793407 0.55855 -0.241925
v 2.14953 94.7108 8.02953
vn 0.577017 0.745996 -0.332478
v 2.17789 94.7269 8.09194
vn 0.38044 0.843102 -0.380059
v 2.22914 94.6883 8.04124
vn 0.130703 0.902014 -0.411445
v 2.2908 94.7156 8.09912
vn -0.175145 0.893655 -0.413165
v 2.31897 94.6958 8.03937
vn -0.318631 0.859355 -0.39998
v 2.36819 94.7448 8.08711
vn -0.553011 0.75364 -0.355255
v 2.39134 94.7343 8.02302
vn -0.669746 0.670493 -0.319185
v 2.42661 94.7995 8.06307
vn -0.842134 0.484383 -0.23703
v 2.44108 94.7957 7.99576
vn -0.905299 0.379882 -0.190063
v 2.45572 94.9056 8.01493
vn -0.999537 -0.0301765 -0.00394825
v 2.45434 94.9011 7.94767
vn -0.994943 -0.0968442 0.0266417
v 2.38835 95.0114 7.89589
vn -0.671905 -0.677579 0.299048
v 2.43151 94.9935 7.97421
vn -0.86604 -0.460109 0.195636
v 2.35782 95.0594 7.94268
vn -0.495091 -0.792827 0.355401
v 2.26645 95.0604 7.87131
vn -0.186488 -0.894494 0.406328
v 2.26544 95.0866 7.92856
vn -0.169541 -0.897175 0.407839
v 2.23448 94.551 8.10428
vn 0.0491732 -0.907341 0.41751
v 2.23347 94.5773 8.16154
vn 0.0226 -0.908351 0.417598
v 2.36288 94.5957 8.15538
vn 0.301931 -0.864565 0.401702
v 2.43312 94.5962 8.08708
vn 0.447846 -0.809783 0.37906
v 2.47052 94.6473 8.13362
vn 0.624907 -0.705504 0.334299
v 2.54362 94.6938 8.04429
vn 0.822239 -0.511607 0.249361
v 2.54699 94.7226 8.10047
vn 0.831057 -0.499882 0.24385
v 2.60107 94.8405 8.04734
vn 0.968226 -0.220328 0.118292
v 2.60543 94.8398 7.97845
vn 0.99279 -0.101315 0.0640604
v 2.6055 94.9165 7.94325
vn 0.978969 0.191416 -0.0705631
v 2.59581 94.9717 7.9871
vn 0.97369 0.213119 -0.080675
v 2.57341 95.0144 7.89781
vn 0.872191 0.450169 -0.19139
v 2.53117 95.0974 7.92834
vn 0.785934 0.567087 -0.246414
v 2.48021 95.1197 7.84791
vn 0.63413 0.707055 -0.312974
v 2.40357 95.1871 7.88496
vn 0.434813 0.821511 -0.368859
v 2.38475 95.1727 7.8219
vn 0.359323 0.850757 -0.383536
v 2.27472 95.1922 7.81104
vn 0.061486 0.907803 -0.414866
v 2.23626 95.2183 7.86769
vn -0.0537592 0.907119 -0.417427
v 2.12387 95.1678 7.81954
vn -0.370779 0.841796 -0.392304
v 2.08899 95.1795 7.88287
vn -0.47129 0.798625 -0.374277
v 2.00214 95.0963 7.85017
vn -0.719778 0.62617 -0.299718
v 1.95454 95.0636 7.93362
vn -0.849066 0.474379 -0.23249
v 1.9389 95.0116 7.88791
vn -0.89755 0.394598 -0.196714
v 1.90419 94.9143 7.93189
vn -0.997397 0.057244 -0.0438449
v 1.90204 94.9063 8.0048
vn -0.999727 0.00878707 -0.0216719
v 1.91975 94.7756 7.99577
vn -0.956524 -0.271176 0.107355
v 1.94079 94.7551 8.0748
vn -0.893957 -0.413121 0.173702
v 1.99445 94.6542 8.0527
vn -0.740145 -0.616137 0.269373
v 2.06325 94.6312 8.1338
vn -0.533284 -0.772518 0.344708
v 2.10811 94.581 8.0883
vn -0.432608 -0.822516 0.369213
v 2.23347 94.5773 8.16154
vn -0.15853 -0.898731 0.408842
v 2.23448 94.551 8.10428
vn -0.137335 -0.901257 0.410944
v 2.43395 94.9875 7.97701
vn -0.0161642 0.416566 0.908962
v 2.58502 95.0086 7.97002
vn -0.0161509 0.416521 0.908983
v 2.50662 95.1229 7.9162
vn -0.0161217 0.416818 0.908847
v 2.3759 95.0498 7.94741
vn -0.0160049 0.416739 0.908885
v 2.60735 94.9087 8.0162
vn -0.0160609 0.417037 0.908748
v 2.45919 94.9152 8.01057
vn -0.0160705 0.417051 0.908741
v 2.44689 94.8401 8.04483
vn -0.0161566 0.416628 0.908934
v 2.41797 95.185 7.88619
vn -0.0161194 0.416766 0.908871
v 2.32033 95.2145 7.87091
vn -0.0160434 0.416758 0.908876
v 2.30005 95.0812 7.93169
vn -0.0161639 0.416789 0.90886
v 2.59007 94.8078 8.06217
vn -0.016105 0.416711 0.908896
v 2.51752 94.6893 8.11523
vn -0.0161584 0.416737 0.908884
v 2.38434 94.7571 8.08174
vn -0.0161437 0.41675 0.908878
v 2.42351 94.6189 8.14582
vn -0.0162056 0.416662 0.908917
v 2.31776 94.5839 8.15999
vn -0.0158455 0.41676 0.908879
v 2.30454 94.7184 8.09806
vn -0.0160071 0.416725 0.908892
v 2.20077 94.7193 8.09586
vn -0.0160903 0.416726 0.90889
v 2.18694 94.5835 8.15787
vn -0.0160404 0.416744 0.908882
v 2.23616 95.2201 7.86685
vn -0.0160543 0.416744 0.908882
v 2.21651 95.0823 7.92967
vn -0.0161115 0.416753 0.908877
v 2.15307 95.2059 7.87192
vn -0.016014 0.416711 0.908898
v 2.13912 95.0532 7.94168
vn -0.0160911 0.416722 0.908892
v 2.03676 95.1506 7.89518
vn -0.016 0.416773 0.90887
v 1.97622 95.0967 7.91883
vn -0.0161167 0.416657 0.908921
v 2.07125 94.9813 7.97341
vn -0.016085 0.416716 0.908895
v 1.92547 95.0147 7.95552
vn -0.0160754 0.416805 0.908854
v 1.90204 94.9063 8.0048
vn -0.0161776 0.416732 0.908885
v 2.0478 94.9083 8.00648
vn -0.0161794 0.41677 0.908868
v 2.10625 94.6056 8.1463
vn -0.0162366 0.41671 0.908895
v 2.11009 94.7646 8.07349
vn -0.0159866 0.416553 0.908971
v 2.02025 94.6567 8.12131
vn -0.0160657 0.416633 0.908933
v 1.96339 94.7132 8.09445
vn -0.0161671 0.416634 0.908931
v 2.06197 94.8335 8.04101
vn -0.0161044 0.416742 0.908882
v 1.91819 94.7971 8.05516
vn -0.0160571 0.416682 0.90891
v 2.45829 94.8889 7.95335
vn 0.016043 -0.416707 -0.908899
v 2.42508 94.978 7.91188
vn 0.0160518 -0.416715 -0.908895
v 2.59671 94.9497 7.92788
vn 0.0159847 -0.416777 -0.908868
v 2.54949 95.051 7.8806
vn 0.0160449 -0.41668 -0.908911
v 2.4815 95.1211 7.84729
vn 0.0161768 -0.416624 -0.908935
v 2.35883 95.0331 7.88542
vn 0.0161074 -0.416688 -0.908907
v 2.60543 94.8398 7.97845
vn 0.0161126 -0.416689 -0.908906
v 2.38401 95.171 7.82267
vn 0.0160663 -0.416701 -0.908902
v 2.28044 95.0589 7.87225
vn 0.0161814 -0.416837 -0.908837
v 2.24659 95.1934 7.80996
vn 0.0161121 -0.416726 -0.908889
v 2.43708 94.7904 7.99812
vn 0.0160526 -0.416767 -0.908872
v 2.5755 94.7412 8.02312
vn 0.0160321 -0.416772 -0.90887
v 2.49231 94.6385 8.06873
vn 0.0161462 -0.416715 -0.908894
v 2.3692 94.7185 8.02986
vn 0.0161149 -0.416722 -0.908891
v 2.39068 94.5776 8.09487
vn 0.0160769 -0.416744 -0.908882
v 2.29182 94.6894 8.04187
vn 0.016215 -0.416727 -0.908887
v 2.26271 94.552 8.10432
vn 0.0158188 -0.416624 -0.908941
v 2.20828 94.6906 8.03984
vn 0.0162175 -0.416854 -0.908829
v 2.19735 95.0506 7.87458
vn 0.0160997 -0.416682 -0.90891
v 2.13618 95.1742 7.81685
vn 0.0161596 -0.416609 -0.908942
v 2.10783 95.0023 7.89516
vn 0.016089 -0.416663 -0.908918
v 2.03118 95.1182 7.84064
vn 0.0160144 -0.416812 -0.908852
v 2.06144 94.9316 7.92671
vn 0.0160001 -0.416696 -0.908905
v 1.94213 95.0196 7.88426
vn 0.0161662 -0.416655 -0.908921
v 1.90618 94.914 7.93203
vn 0.0159946 -0.416622 -0.908939
v 2.05072 94.6095 8.07421
vn 0.0160952 -0.416836 -0.908839
v 2.13243 94.7219 8.02413
vn 0.0160147 -0.416702 -0.908902
v 2.1515 94.5652 8.09631
vn 0.0161123 -0.416811 -0.90885
v 1.96605 94.6879 8.03675
vn 0.0160562 -0.416682 -0.908911
v 2.05516 94.8316 7.97249
vn 0.0160779 -0.416707 -0.908899
v 1.90945 94.8038 7.98264
vn 0.0161317 -0.416818 -0.908847
v 2.18871 94.3204 6.65265
vn -0.31487 -0.879766 0.356186
v 2.14978 94.3288 6.63924
vn -0.312336 -0.879973 0.357902
v 2.20308 94.5791 6.65988
vn 0.0623501 0.924331 -0.376463
v 2.20869 94.6732 6.89016
vn 0.371036 0.858424 -0.354176
v 2.21186 94.5858 6.68103
vn 0.411536 0.84156 -0.349879
v 2.17823 94.519 6.54495
vn -0.972907 0.217741 -0.0777227
v 2.19308 94.7263 7.03182
vn -0.508712 0.811057 -0.288787
v 2.18236 94.6621 6.9383
vn -0.936807 -0.318387 0.144989
v 2.19703 94.4899 6.55656
vn 0.0547752 -0.927069 0.370866
v 2.20636 94.6331 6.90637
vn 0.308324 -0.882363 0.355488
v 2.20986 94.5156 6.61813
vn 0.414518 -0.845751 0.335978
v 2.21751 94.5525 6.69783
vn 0.581603 -0.755601 0.301339
v 2.12868 94.1747 6.77869
vn 0.228433 0.295207 -0.927724
v 2.09989 94.2044 6.78105
vn 0.228734 0.294513 -0.92787
v 2.06811 94.6386 7.07039
vn -0.949174 0.279565 -0.144611
v 2.10488 94.7112 6.96952
vn -0.94917 0.279381 -0.144994
v 2.0224 94.516 7.13346
vn -0.949185 0.279297 -0.145058
v 2.13745 94.7167 6.76667
vn -0.94927 0.279174 -0.144736
v 2.12473 94.7305 6.8767
vn -0.94915 0.279455 -0.144981
v 2.13803 94.677 6.68632
vn -0.949261 0.279177 -0.144788
v 1.98837 94.4012 7.13482
vn -0.949134 0.279398 -0.145197
v 1.96332 94.2878 7.08048
vn -0.949288 0.279194 -0.144578
v 1.95657 94.2246 7.00273
vn -0.949252 0.279233 -0.144741
v 1.96028 94.1645 6.86256
vn -0.949125 0.279558 -0.144948
v 2.1289 94.61 6.61699
vn -0.949239 0.27928 -0.144731
v 2.10589 94.5053 6.56584
vn -0.949198 0.279381 -0.144806
v 2.07988 94.4124 6.55707
vn -0.949149 0.279585 -0.144735
v 2.04953 94.3217 6.58095
vn -0.949215 0.279268 -0.144912
v 1.98639 94.1854 6.73181
vn -0.949253 0.279107 -0.144978
v 2.02189 94.2524 6.62851
vn -0.949179 0.279364 -0.144963
v 1.97128 94.2144 6.9545
vn -0.451434 0.761691 -0.464796
v 1.98196 94.3064 7.06212
vn -0.480183 0.567779 -0.66862
v 1.99136 94.399 7.11125
vn -0.549346 0.271657 -0.790204
v 2.04299 94.5652 7.09346
vn -0.679469 -0.126267 -0.722758
v 2.06034 94.5473 7.08105
vn -0.666636 -0.0921372 -0.739667
v 2.10826 94.6568 6.97824
vn -0.799019 -0.395795 -0.452674
v 2.0997 94.6884 6.95938
vn -0.822602 -0.435194 -0.365968
v 2.13612 94.688 6.85591
vn -0.884531 -0.464356 -0.0444828
v 2.12901 94.7002 6.79023
vn -0.890488 -0.452178 0.0506555
v 2.12356 94.6031 6.63877
vn -0.879734 -0.212811 0.425181
v 2.14149 94.6172 6.68429
vn -0.890923 -0.294902 0.345382
v 2.11961 94.506 6.61324
vn -0.830569 0.0202972 0.556545
v 2.08135 94.4294 6.58029
vn -0.779366 0.218872 0.587098
v 2.07886 94.366 6.61013
vn -0.715656 0.411666 0.56424
v 2.02853 94.2785 6.63533
vn -0.629504 0.637659 0.443977
v 1.99331 94.2066 6.72726
vn -0.579116 0.753415 0.311432
v 1.99686 94.1974 6.8221
vn -0.511578 0.858145 0.0432951
v 1.96901 94.1863 6.84748
vn -0.477445 0.872751 -0.101742
v 1.97128 94.2144 6.9545
vn -0.45054 0.827062 -0.336128
v 1.95954 94.5847 7.14705
vn -0.599561 -0.264106 -0.755497
v 2.00699 94.5987 7.1401
vn 0.292 -0.571659 -0.766774
v 1.99189 94.6292 7.13612
vn -0.294332 0.568356 -0.768336
v 1.99282 94.6082 7.17667
vn 0.110901 0.338212 0.934513
v 2.0005 94.5952 7.16178
vn 0.591461 -0.465483 0.658407
v 1.94827 94.588 7.16836
vn -0.906042 0.224847 0.358513
v 1.99307 94.6353 7.15111
vn -0.228012 0.961616 0.152663
v 2.02556 94.5904 7.17119
vn -0.712646 -0.0338065 0.700709
v 2.03179 94.6296 7.15951
vn 0.252699 0.730518 0.634418
v 2.05716 94.6148 7.15891
vn 0.80091 0.574134 0.17004
v 2.05414 94.5962 7.13616
vn 0.615781 0.319866 -0.72007
v 2.0211 94.5975 7.14014
vn -0.446094 -0.555576 -0.701666
v 2.13002 94.6694 7.09866
vn -0.618858 0.781557 0.0786354
v 2.20283 94.706 7.08316
vn -0.330673 0.943168 0.0330102
v 2.06099 94.5823 7.13651
vn -0.839815 0.495593 0.221581
v 2.046 94.5155 7.16133
vn -0.821221 0.270804 0.502257
v 2.05188 94.4599 7.18733
vn -0.806192 0.0595358 0.588651
v 2.07293 94.4119 7.20853
vn -0.698288 -0.123557 0.705073
v 2.11636 94.3552 7.22938
vn -0.482623 -0.15628 0.861772
v 2.0948 94.3986 7.25541
vn -0.573792 -0.737148 -0.356896
v 2.17664 94.339 7.28988
vn -0.288958 -0.900257 -0.325639
v 2.27198 94.3215 7.29904
vn 0.034225 -0.961314 -0.273319
v 2.39212 94.3547 7.29864
vn 0.277465 -0.737757 -0.615409
v 2.41277 94.3741 7.25663
vn 0.578279 -0.811565 0.0834013
v 2.483 94.4585 7.2402
vn 0.641028 -0.563324 -0.521297
v 2.03163 94.5499 7.2019
vn -0.294071 -0.357427 -0.886435
v 2.03828 94.4737 7.23781
vn -0.413528 -0.475522 -0.776449
v 2.50199 94.5708 7.20153
vn 0.629864 -0.298385 -0.717103
v 2.21843 94.7363 7.11772
vn -0.117151 0.131155 -0.984416
v 2.13517 94.6757 7.12229
vn -0.568181 0.521504 -0.636557
v 2.07211 94.6348 7.15504
vn -0.49644 -0.0476942 -0.86676
v 2.483 94.4585 7.2402
vn 0.70109 -0.455818 -0.548364
v 2.45615 94.6647 7.15767
vn 0.507893 -0.0926045 -0.856428
v 2.39333 94.7187 7.13181
vn 0.318755 -0.0209789 -0.947605
v 2.33284 94.7418 7.12013
vn 0.155859 -0.0478171 -0.986621
v 2.50585 94.4636 7.25398
vn 0.269691 -0.454214 -0.849092
v 2.5233 94.5767 7.20564
vn 0.262798 -0.350117 -0.899086
v 2.43098 94.7061 7.1431
vn 0.183801 -0.233374 -0.954858
v 2.29317 94.7596 7.11446
vn 0.0407077 -0.168955 -0.984783
v 2.17888 94.7543 7.11814
vn -0.0948152 -0.196961 -0.975816
v 2.04819 94.6378 7.16725
vn -0.213792 -0.308048 -0.927038
v 2.01158 94.488 7.23727
vn -0.227778 -0.464895 -0.855564
v 2.04321 94.4139 7.2718
vn -0.175635 -0.556144 -0.812315
v 2.16821 94.3224 7.31596
vn -0.0751592 -0.618043 -0.782544
v 2.37237 94.3179 7.32164
vn 0.0753113 -0.628019 -0.774546
v 2.47025 94.3884 7.29107
vn 0.196804 -0.565353 -0.801027
v 2.50585 94.4636 7.25398
vn 0.251311 -0.497783 -0.830093
v 2.21644 94.6432 6.76222
vn -0.319417 -0.780176 0.537864
v 2.14304 94.6377 6.71358
vn -0.309005 -0.754099 0.579526
v 2.1439 94.325 6.62471
vn -0.0743932 0.249379 0.965544
v 2.0861 94.3867 6.6026
vn -0.110263 0.131304 0.985191
v 2.18716 94.4687 6.61697
vn -0.209523 -0.212621 0.954407
v 2.12073 94.5106 6.61479
vn -0.220504 -0.269805 0.937328
v 2.17277 94.5699 6.65657
vn -0.279318 -0.523854 0.80471
v 2.17707 94.3153 6.62977
vn 0.000605087 0.467576 0.883953
v 2.04916 94.2858 6.65002
vn 0.0188859 0.513569 0.857841
v 2.021 94.2276 6.72232
vn 0.17015 0.845766 0.505696
v 2.12116 94.189 6.75252
vn 0.178072 0.858547 0.480819
v 2.14893 94.2433 6.67547
vn 0.0750072 0.656292 0.75077
v 1.98514 94.2158 6.93445
vn 0.313892 0.891771 -0.325908
v 2.05689 94.2101 6.98364
vn 0.31522 0.831424 -0.457571
v 2.06201 94.1791 6.88794
vn 0.295508 0.950263 -0.098362
v 2.08176 94.1874 6.77119
vn 0.222359 0.92326 0.313283
v 1.99686 94.1974 6.8221
vn 0.265522 0.95698 0.116995
v 2.00543 94.3637 7.08677
vn 0.238959 0.333367 -0.912011
v 2.06587 94.2806 7.06214
vn 0.282961 0.552822 -0.783786
v 1.9878 94.2731 7.02758
vn 0.300726 0.659524 -0.688907
v 2.09292 94.3994 7.11323
vn 0.167742 0.0570311 -0.98418
v 2.03672 94.4779 7.10191
vn 0.110422 -0.140985 -0.983835
v 2.12339 94.5 7.10542
vn 0.0538633 -0.311423 -0.948744
v 2.07486 94.5871 7.06263
vn -0.0108564 -0.493033 -0.869943
v 2.15366 94.5811 7.06069
vn -0.0677284 -0.629603 -0.77396
v 2.104 94.6511 6.99513
vn -0.139177 -0.787177 -0.600817
v 2.19065 94.6541 6.95546
vn -0.213845 -0.911662 -0.350918
v 2.12404 94.6808 6.92122
vn -0.237957 -0.939685 -0.245701
v 2.21644 94.6432 6.76222
vn -0.312683 -0.898258 0.308808
v 2.18808 94.6679 6.80871
vn -0.29791 -0.94924 0.100956
v 2.14382 94.6726 6.77569
vn -0.30647 -0.922514 0.234614
v 2.13387 94.3484 6.52972
vn -0.370192 0.0153475 -0.928828
v 2.25555 94.3741 6.50554
vn -0.0467016 -0.00933423 -0.998865
v 2.2939 94.3035 6.51069
vn -0.0317861 -0.150872 -0.988042
v 2.15944 94.4658 6.53001
vn -0.352866 0.200098 -0.914027
v 2.21225 94.4487 6.51301
vn -0.141408 0.133233 -0.980945
v 2.18244 94.5201 6.54066
vn -0.236943 0.392335 -0.888781
v 2.11239 94.5326 6.57594
vn -0.389331 0.396602 -0.831341
v 2.19314 94.5924 6.5792
vn -0.208983 0.559946 -0.80174
v 2.30328 94.2894 6.51397
vn 0.0555388 -0.195649 -0.9791
v 2.16768 94.718 7.02178
vn -0.32956 0.873522 0.35826
v 2.12632 94.6668 7.08593
vn -0.420588 0.768397 0.482361
v 2.13309 94.6336 6.63502
vn -0.312395 0.668354 -0.675065
v 2.2056 94.6759 6.65479
vn -0.181256 0.78027 -0.598603
v 2.27245 94.48 6.51692
vn -0.0063007 0.263626 -0.964604
v 2.18433 94.7473 6.84444
vn -0.237435 0.96621 -0.100311
v 2.18756 94.7456 6.95379
vn -0.223224 0.966212 0.128865
v 2.13828 94.7 6.72914
vn -0.259747 0.877055 -0.404111
v 2.29715 94.639 6.60733
vn 0.0665329 0.691154 -0.719638
v 2.2953 94.5436 6.54096
vn 0.0581152 0.430035 -0.90094
v 2.2562 94.7601 6.85879
vn -0.0462757 0.997083 -0.0606929
v 2.27001 94.7329 6.74366
vn -0.0109668 0.929853 -0.367769
v 2.2928 94.7538 6.95285
vn 0.0425749 0.983309 0.176894
v 2.22658 94.7296 7.02757
vn -0.0918271 0.927127 0.363324
v 2.34077 94.7061 7.07172
vn 0.0885703 0.918191 0.386109
v 2.31571 94.6966 6.67637
vn 0.110902 0.830781 -0.545439
v 2.33026 94.7547 6.85431
vn 0.143256 0.98657 -0.0784693
v 2.34827 94.7281 6.74616
vn 0.191426 0.911564 -0.363878
v 2.37908 94.5795 6.57671
vn 0.204891 0.542392 -0.814758
v 2.35252 94.4591 6.5186
vn 0.173632 0.243576 -0.954213
v 2.39117 94.6653 6.66297
vn 0.25603 0.771731 -0.582134
v 2.03131 94.5176 7.14478
vn -0.608597 0.468647 0.640296
v 2.08657 94.6776 7.02468
vn -0.468206 0.77372 0.426779
v 2.1272 94.7313 6.86196
vn -0.349384 0.935992 -0.043006
v 2.06874 94.3768 6.56142
vn -0.480559 0.0480154 -0.875647
v 2.37262 94.7447 6.93762
vn 0.211276 0.968589 0.13114
v 2.38894 94.7339 6.8099
vn 0.254772 0.945664 -0.202016
v 2.41761 94.7294 6.92263
vn 0.388156 0.915332 0.10725
v 2.43807 94.7138 6.80226
vn 0.430502 0.875888 -0.217917
v 2.42211 94.6979 7.03236
vn 0.387407 0.829138 0.403046
v 2.34077 94.7061 7.07172
vn 0.279202 0.876119 0.393017
v 2.48395 94.6969 6.89785
vn 0.552789 0.832457 0.0379519
v 2.47994 94.6615 6.73517
vn 0.54622 0.740543 -0.391458
v 2.46335 94.6301 6.66888
vn 0.500063 0.65791 -0.563109
v 2.38615 94.6213 6.61115
vn 0.393386 0.580668 -0.712792
v 2.36984 94.5335 6.5486
vn 0.317523 0.391199 -0.863795
v 2.4163 94.4551 6.53874
vn 0.423498 0.10891 -0.899326
v 2.33131 94.3807 6.50639
vn 0.214538 0.0596821 -0.974891
v 2.31894 94.2916 6.51564
vn 0.154363 -0.221659 -0.962829
v 2.50655 94.6668 6.96959
vn 0.614226 0.755622 0.227511
v 2.5144 94.6667 6.81651
vn 0.635549 0.749573 -0.18498
v 2.47557 94.4884 6.58129
vn 0.533 0.28649 -0.796137
v 2.3765 94.2917 6.52922
vn 0.279251 -0.231498 -0.931894
v 2.44146 94.6446 7.10168
vn 0.520486 0.647542 0.556582
v 2.51616 94.5629 6.65654
vn 0.637905 0.482871 -0.599928
v 2.52573 94.6098 7.05225
vn 0.66503 0.601179 0.443078
v 2.56863 94.6186 6.8596
vn 0.794285 0.604542 -0.0603238
v 2.56871 94.5756 6.74495
vn 0.77703 0.512716 -0.365167
v 2.56594 94.6057 6.97342
vn 0.766849 0.59568 0.238971
v 2.57266 94.4974 6.68061
vn 0.788356 0.306768 -0.533281
v 2.54394 94.4594 6.62841
vn 0.71184 0.209917 -0.670238
v 2.60722 94.5643 6.88575
vn 0.877788 0.479044 -0.00197863
v 2.61753 94.5183 6.80047
vn 0.90466 0.365129 -0.219709
v 2.45203 94.3331 6.55264
vn 0.471913 -0.123578 -0.872941
v 2.30328 94.2894 6.51397
vn 0.116486 -0.208538 -0.971052
v 2.49899 94.5243 7.15562
vn 0.63555 0.423419 0.645595
v 2.60202 94.52 7.01056
vn 0.866424 0.369491 0.335837
v 2.57557 94.5045 7.07777
vn 0.795488 0.326852 0.510262
v 2.62581 94.5133 6.93398
vn 0.927663 0.349763 0.130793
v 2.62699 94.4285 6.75408
vn 0.931688 0.123268 -0.341705
v 2.56538 94.3875 6.64196
vn 0.771903 0.0196148 -0.635438
v 2.64807 94.4421 6.86473
vn 0.984285 0.17063 -0.0454831
v 2.51467 94.4523 7.16715
vn 0.651102 0.17281 0.739056
v 2.63767 94.4265 6.98357
vn 0.957223 0.120279 0.263169
v 2.53635 94.3159 6.61639
vn 0.689608 -0.162562 -0.705701
v 2.60624 94.4195 7.06447
vn 0.874123 0.0989154 0.475526
v 2.65232 94.369 6.89481
vn 0.99924 -0.0318015 0.0225444
v 2.6009 94.3158 6.70328
vn 0.863426 -0.167329 -0.475916
v 2.54922 94.3974 7.14451
vn 0.725743 0.0450626 0.686488
v 2.63275 94.3134 6.77835
vn 0.94447 -0.177322 -0.276645
v 2.43776 94.2171 6.58086
vn 0.454795 -0.37797 -0.806412
v 2.61466 94.3331 7.04467
vn 0.89581 -0.123811 0.426844
v 2.63943 94.3242 6.96977
vn 0.963264 -0.149845 0.222866
v 2.63809 94.2763 6.86414
vn 0.960262 -0.273975 -0.0532362
v 2.52115 94.2531 6.62489
vn 0.651882 -0.337808 -0.678922
v 2.57117 94.3342 7.1163
vn 0.783354 -0.121165 0.609652
v 2.60178 94.2326 6.76087
vn 0.862506 -0.391308 -0.320875
v 2.50213 94.3354 7.1845
vn 0.601321 -0.122596 0.789546
v 2.60439 94.2171 6.96937
vn 0.873261 -0.435176 0.219174
v 2.55101 94.1951 6.70191
vn 0.730796 -0.488242 -0.47703
v 2.30328 94.2894 6.51397
vn 0.125488 -0.248546 -0.960457
v 2.41809 94.3347 7.23401
vn 0.449314 -0.115014 0.885939
v 2.59123 94.262 7.05696
vn 0.833372 -0.311789 0.456375
v 2.58384 94.172 6.8184
vn 0.815505 -0.553093 -0.170409
v 2.50483 94.2631 7.15945
vn 0.610995 -0.308171 0.729188
v 2.54155 94.1698 7.04929
vn 0.70661 -0.55656 0.436971
v 2.57463 94.151 6.90651
vn 0.796139 -0.602357 0.0576929
v 2.47233 94.1737 6.63406
vn 0.518599 -0.550259 -0.654424
v 2.5254 94.2045 7.10767
vn 0.661745 -0.463503 0.589287
v 2.50193 94.1345 6.70574
vn 0.602226 -0.64807 -0.466186
v 2.52348 94.1143 6.98994
vn 0.657469 -0.701907 0.273971
v 2.51706 94.0975 6.81793
vn 0.64001 -0.74868 -0.172816
v 2.36774 94.1971 6.56541
vn 0.258111 -0.499092 -0.827216
v 2.39324 94.2534 7.22241
vn 0.304137 -0.379771 0.873656
v 2.4404 94.1859 7.16409
vn 0.437339 -0.512212 0.739171
v 2.44822 94.1091 7.08302
vn 0.459765 -0.713735 0.528393
v 2.47677 94.0666 6.94701
vn 0.527274 -0.834696 0.158945
v 2.457 94.0731 6.75546
vn 0.483584 -0.808219 -0.336047
v 2.4121 94.1142 6.64966
vn 0.363575 -0.70246 -0.611853
v 2.38791 94.0652 6.70591
vn 0.299964 -0.831447 -0.467672
v 2.3033 94.2941 7.25151
vn 0.0739643 -0.277347 0.957918
v 2.38514 94.1145 7.13101
vn 0.293746 -0.701479 0.649338
v 2.41239 94.0353 6.81219
vn 0.364917 -0.91172 -0.188688
v 2.30062 94.2187 7.2264
vn 0.0708468 -0.427815 0.901086
v 2.33481 94.1366 7.16759
vn 0.133726 -0.65034 0.74778
v 2.37496 94.046 7.03074
vn 0.263388 -0.884374 0.385369
v 2.36257 94.0179 6.95114
vn 0.238222 -0.956774 0.166838
v 2.28252 94.1594 6.5748
vn 0.0359124 -0.610489 -0.79121
v 2.35123 94.009 6.8672
vn 0.206456 -0.977435 -0.044682
v 2.30875 94.0897 6.64164
vn 0.0923532 -0.766632 -0.63541
v 2.27368 94.071 7.10311
vn -0.00250299 -0.81517 0.579216
v 2.30745 94.018 6.77313
vn 0.0894294 -0.953783 -0.28688
v 2.23178 94.1346 7.16862
vn -0.129225 -0.636538 0.760342
v 2.26537 94.026 7.01666
vn -0.0213501 -0.937746 0.346666
v 2.26544 94.0018 6.88106
vn -0.021586 -0.999762 -0.00304444
v 2.25312 94.0407 6.7161
vn -0.0540427 -0.896387 -0.439965
v 2.22617 94.2236 7.22743
vn -0.173328 -0.456093 0.87289
v 2.19283 94.0641 7.07704
vn -0.21479 -0.832773 0.510249
v 2.21646 94.0115 6.81031
vn -0.149356 -0.970398 -0.189792
v 2.17257 94.3172 7.24468
vn -0.270919 -0.249036 0.92983
v 2.1283 94.0537 7.01087
vn -0.38298 -0.862156 0.331682
v 2.13692 94.03 6.93493
vn -0.35783 -0.925104 0.127042
v 2.14541 94.0254 6.85605
vn -0.342992 -0.936301 -0.0754783
v 2.19169 94.0924 6.64964
vn -0.259266 -0.776337 -0.574528
v 2.13436 94.2011 7.18772
vn -0.368084 -0.471134 0.80159
v 2.10675 94.1042 7.08647
vn -0.427374 -0.705581 0.565249
v 2.1598 94.0409 6.75567
vn -0.30165 -0.891859 -0.337038
v 2.16619 94.1619 6.59096
vn -0.277946 -0.579806 -0.765879
v 2.10309 94.2938 7.21239
vn -0.449324 -0.229989 0.863257
v 2.04396 94.2207 7.14015
vn -0.57507 -0.427427 0.697568
v 2.04954 94.1385 7.07306
vn -0.589646 -0.635337 0.498663
v 2.04323 94.0903 6.96768
vn -0.60612 -0.765565 0.215704
v 2.01991 94.1 6.89562
vn -0.669706 -0.74216 0.0263065
v 2.07822 94.0739 6.7759
vn -0.514291 -0.809236 -0.283975
v 2.09765 94.1279 6.6607
vn -0.465054 -0.664132 -0.585366
v 2.22056 94.2232 6.54156
vn -0.182737 -0.41832 -0.889728
v 1.99066 94.1663 7.01914
vn -0.74347 -0.564928 0.357923
v 1.96326 94.1641 6.84227
vn -0.752113 -0.647724 -0.121569
v 2.02669 94.1238 6.75037
vn -0.637354 -0.688604 -0.345838
v 2.06357 94.4143 7.20057
vn -0.556968 0.00985472 0.830475
v 2.0311 94.3291 7.17253
vn -0.636613 -0.136019 0.759093
v 1.9963 94.264 7.11646
vn -0.736418 -0.308965 0.601855
v 1.95385 94.2087 6.98983
vn -0.823861 -0.465825 0.322892
v 2.05573 94.2029 6.62843
vn -0.571099 -0.486633 -0.661086
v 1.99418 94.1981 6.70536
vn -0.701455 -0.512115 -0.49568
v 2.11761 94.2371 6.56851
vn -0.412647 -0.380099 -0.827797
v 2.17002 94.2696 6.53496
vn -0.277396 -0.288927 -0.916282
v 1.98356 94.382 7.12945
vn -0.74302 -0.0193922 0.668988
v 2.04307 94.3039 6.58903
vn -0.591562 -0.260985 -0.762851
v 2.06874 94.3768 6.56142
vn -0.484197 -0.117172 -0.867078
v 2.25389 94.3021 6.51246
vn -0.106987 -0.2149 -0.970758
v 2.37985 94.7447 6.89033
vn 0.306262 0.951944 0.00248687
v 2.39257 94.7081 6.73634
vn 0.357078 0.852093 -0.382665
v 2.30232 94.2865 6.51464
vn 0.0676105 -0.245726 -0.966979
v 2.03131 94.5176 7.14478
vn -0.645499 0.308678 0.698606
v 2.2801 94.2866 6.51354
vn 0.00621464 0.056842 -0.998364
v 2.4131 94.3557 7.11795
vn -0.515709 0.0657482 -0.854237
v 2.44364 94.4436 7.08731
vn -0.5783 -0.247303 -0.777438
v 2.4816 94.4132 7.06483
vn -0.709863 -0.149347 -0.688324
v 2.51463 94.4829 6.97104
vn -0.835331 -0.440478 -0.32894
v 2.47631 94.514 7.00899
vn -0.724411 -0.504237 -0.470078
v 2.50089 94.5342 6.88698
vn -0.804817 -0.587707 -0.0828861
v 2.534 94.4138 6.98764
vn -0.906447 -0.164484 -0.388971
v 2.39414 94.2883 7.11218
vn -0.465355 0.366376 -0.805738
v 2.51643 94.357 7.02562
vn -0.83934 0.0559596 -0.540718
v 2.47425 94.2934 7.06057
vn -0.681939 0.303047 -0.665674
v 2.54766 94.4304 6.91932
vn -0.965097 -0.229909 -0.125414
v 2.50506 94.5165 6.82554
vn -0.835074 -0.47829 0.271829
v 2.42715 94.225 7.05594
vn -0.549787 0.554646 -0.624581
v 2.53639 94.4642 6.84725
vn -0.918255 -0.361846 0.160857
v 2.37521 94.1964 7.05901
vn -0.334626 0.68183 -0.650487
v 2.51579 94.2829 6.9954
vn -0.837299 0.349362 -0.420567
v 2.54549 94.3392 6.96082
vn -0.949359 0.127127 -0.287326
v 2.4229 94.1678 6.97871
vn -0.473213 0.80538 -0.356977
v 2.47341 94.2115 6.99034
vn -0.710015 0.646833 -0.278363
v 2.5268 94.2546 6.9236
vn -0.872061 0.470133 -0.135957
v 2.54924 94.3162 6.86724
vn -0.964935 0.252028 0.0733716
v 2.55346 94.3606 6.83993
vn -0.990403 -0.0329257 0.134232
v 2.40156 94.1378 6.87668
vn -0.416565 0.909096 0.00417988
v 2.45337 94.171 6.85023
vn -0.579429 0.801928 0.145508
v 2.50921 94.2275 6.85367
vn -0.809576 0.570225 0.13939
v 2.53539 94.3724 6.78498
vn -0.913372 0.000881944 0.407125
v 2.48305 94.2235 6.78675
vn -0.708227 0.582746 0.398525
v 2.51099 94.302 6.75912
vn -0.802742 0.270687 0.53135
v 2.49666 94.443 6.73889
vn -0.834317 -0.273552 0.478628
v 2.41381 94.1758 6.76652
vn -0.481686 0.778307 0.402761
v 2.45242 94.2759 6.70652
vn -0.642929 0.439468 0.627305
v 2.48205 94.3759 6.70532
vn -0.757387 0.0365131 0.651944
v 2.37241 94.144 6.97629
vn -0.330735 0.87943 -0.34237
v 2.07913 94.1602 6.98122
vn 0.998139 -0.00409235 -0.060836
v 2.09149 94.1353 6.99283
vn 0.692426 0.626186 -0.358382
v 2.10467 94.1833 7.08047
vn 0.566945 0.562281 -0.602008
v 2.11028 94.2636 7.13576
vn 0.613734 0.302554 -0.729241
v 2.0984 94.2999 7.12436
vn 0.979828 -0.145063 -0.137456
v 2.1275 94.3829 7.16809
vn 0.786566 -0.120631 -0.605609
v 2.16969 94.4687 7.17816
vn 0.356807 -0.184763 -0.915725
v 2.15625 94.4954 7.1561
vn 0.815796 -0.417228 -0.400496
v 2.19266 94.5617 7.14115
vn 0.444043 -0.644525 -0.622426
v 2.20011 94.6152 7.07462
vn 0.858126 -0.505167 -0.091795
v 2.23258 94.6316 7.08497
vn 0.127987 -0.776078 -0.617513
v 2.25178 94.6784 7.00865
vn 0.183265 -0.91882 -0.349549
v 2.2489 94.6915 6.94594
vn 0.592657 -0.805094 -0.0241357
v 2.28439 94.7045 6.88622
vn -0.0345082 -0.999372 -0.00800677
v 2.27122 94.6807 6.77904
vn 0.543629 -0.806899 0.231044
v 2.30041 94.6761 6.74859
vn 0.0457893 -0.92939 0.366247
v 2.20685 94.6308 7.04308
vn -0.958017 0.151915 -0.243155
v 2.11381 94.1764 7.07025
vn -0.0812459 0.764041 -0.640031
v 2.13767 94.1404 6.99134
vn -0.429207 0.794256 -0.430045
v 2.15089 94.2387 7.10672
vn -0.854408 0.390857 -0.34237
v 2.12823 94.2622 7.14128
vn -0.120083 0.510873 -0.851228
v 2.1592 94.372 7.177
vn -0.277209 0.202645 -0.939197
v 2.19107 94.4023 7.15891
vn -0.869642 0.259915 -0.419722
v 2.19714 94.4972 7.16908
vn -0.463134 -0.0933168 -0.881362
v 2.2526 94.5767 7.09228
vn -0.934792 0.101447 -0.3404
v 2.22756 94.5814 7.12655
vn -0.478439 -0.411036 -0.77598
v 2.25784 94.6627 7.03315
vn -0.483414 -0.69413 -0.53338
v 2.29188 94.6649 6.97558
vn -0.923915 -0.219616 -0.313288
v 2.29439 94.6968 6.91296
vn -0.646443 -0.742703 -0.174654
v 2.32247 94.6437 6.76383
vn -0.996522 0.000458066 -0.0833247
v 2.30041 94.6761 6.74859
vn -0.685124 -0.711234 0.157323
v 2.30483 94.6208 6.67573
vn -0.648336 -0.544113 0.532543
v 2.32247 94.6437 6.76383
vn -0.99853 0.0488878 0.0234183
v 2.29321 94.5479 6.61147
vn -0.614519 -0.330464 0.716352
v 2.29423 94.4888 6.60182
vn -0.900186 0.0513933 0.432463
v 2.27392 94.3897 6.59194
vn -0.960107 0.26235 0.0967829
v 2.25918 94.4137 6.56612
vn -0.483342 0.053514 0.873794
v 2.22519 94.2997 6.57846
vn -0.411451 0.406962 0.81553
v 2.20628 94.2055 6.64599
vn -0.850596 0.488142 0.19546
v 2.17126 94.1776 6.65546
vn -0.170178 0.795075 0.582146
v 2.16372 94.1285 6.76201
vn -0.639791 0.759639 0.116685
v 2.12496 94.1011 6.85213
vn -0.117205 0.993055 0.0101969
v 2.13212 94.1158 6.93518
vn -0.568336 0.788813 -0.234028
v 2.30041 94.6761 6.74859
vn -0.642958 -0.676418 0.359254
v 2.10118 94.1278 6.99646
vn -0.378288 0.858591 -0.346006
v 2.28993 94.6571 6.71768
vn 0.0952107 -0.816222 0.569839
v 2.26393 94.6636 6.75371
vn 0.790357 -0.52926 0.308577
v 2.26863 94.559 6.61448
vn 0.0987904 -0.550464 0.828993
v 2.24562 94.5389 6.62081
vn 0.827441 -0.399927 0.394207
v 2.25556 94.464 6.57039
vn 0.176602 -0.28348 0.942577
v 2.20641 94.3815 6.58283
vn 0.855462 -0.240792 0.45848
v 2.22397 94.3548 6.56679
vn 0.275011 0.0451665 0.960379
v 2.1849 94.2685 6.5934
vn 0.524056 0.215103 0.824073
v 2.14214 94.192 6.66349
vn 0.876239 0.0447671 0.479792
v 2.1582 94.1563 6.67783
vn 0.375886 0.641158 0.669049
v 2.10791 94.1336 6.77986
vn 0.923941 0.252042 0.287765
v 2.12095 94.1098 6.78796
vn 0.508867 0.818832 0.265648
v 2.10031 94.1076 6.90025
vn 0.638425 0.769249 -0.025871
v 2.07833 94.1543 6.9839
vn 0.874988 0.466395 -0.129889
v 2.19283 94.7026 8.03405
vn 0.102108 0.928399 0.357281
v 2.4289 94.7968 7.99505
vn -0.64352 0.56807 0.513009
v 2.3907 94.7769 7.97102
vn -0.590206 0.651817 0.476226
v 2.41707 94.8797 7.92433
vn -0.705055 0.210821 0.677091
v 2.36158 95.016 7.89332
vn -0.439794 -0.204986 0.874392
v 2.36324 94.9735 7.88037
vn -0.471741 -0.184182 0.862286
v 2.26754 95.0114 7.86129
vn -0.0644508 -0.343637 0.936888
v 2.08716 94.956 7.91602
vn 0.600935 0.00255945 0.799294
v 2.09726 94.8994 7.90966
vn 0.657139 0.139525 0.740744
v 2.18768 94.7137 8.0126
vn 0.287052 0.878494 0.381902
v 2.30089 94.7173 7.99673
vn -0.204632 0.90802 0.365548
v 2.34348 94.7168 8.03019
vn -0.334888 0.860509 0.383893
v 2.44346 94.9121 7.94244
vn -0.693719 0.158091 0.702681
v 2.17631 94.9905 7.86929
vn 0.324703 -0.25654 0.91036
v 2.20361 95.0405 7.87933
vn 0.173928 -0.311986 0.934031
v 2.10787 94.7922 7.95897
vn 0.601269 0.60697 0.519676
v 2.06296 94.8424 7.96765
vn 0.679833 0.406181 0.61061
v 2.11951 94.7463 8.01269
vn 0.477762 0.756628 0.446383
v 2.30778 95.0053 7.86481
vn -0.220329 -0.888066 0.403476
v 2.31712 94.7633 7.337
vn -0.237065 -0.884298 0.402265
v 2.26873 94.77 7.33312
vn -0.0253815 -0.908509 0.417094
v 2.23895 95.0114 7.86082
vn 0.20668 -0.887808 0.411193
v 2.20472 94.7594 7.33679
vn 0.359335 -0.845481 0.395019
v 2.16264 94.9861 7.87107
vn 0.643231 -0.691518 0.328718
v 2.16169 94.7379 7.34593
vn 0.614406 -0.712647 0.338584
v 2.12847 94.705 7.36045
vn 0.817059 -0.518081 0.252993
v 2.10818 94.9312 7.89528
vn 0.928187 -0.331561 0.168927
v 2.1021 94.6507 7.3848
vn 0.975421 -0.192801 0.106687
v 2.10914 94.5632 7.4251
vn 0.933154 0.333092 -0.135179
v 2.09767 94.6064 7.40508
vn 0.997203 0.0732419 -0.0149167
v 2.08814 94.8558 7.92946
vn 0.996234 0.0842053 -0.0206897
v 2.10807 94.7882 7.96081
vn 0.882204 0.43395 -0.182767
v 2.1372 94.7526 7.97763
vn 0.6253 0.713613 -0.315843
v 2.14386 94.5135 7.44849
vn 0.7248 0.631408 -0.275661
v 2.19695 94.4798 7.46487
vn 0.405748 0.833899 -0.374141
v 2.20667 94.7152 7.99603
vn 0.290603 0.871933 -0.394058
v 2.26032 94.4673 7.47176
vn 0.0244338 0.909295 -0.415434
v 2.25914 94.7095 7.99959
vn -0.0241908 0.908729 -0.416684
v 2.30748 94.7166 7.99715
vn -0.312801 0.861475 -0.400021
v 2.30903 94.4723 7.47031
vn -0.265536 0.875014 -0.404774
v 2.3535 94.4912 7.4624
vn -0.534168 0.765244 -0.359258
v 2.35084 94.7375 7.98834
vn -0.575109 0.739885 -0.349027
v 2.39113 94.52 7.44988
vn -0.756702 0.589503 -0.282645
v 2.39562 94.7806 7.96942
vn -0.844457 0.48122 -0.235202
v 2.42182 94.8504 7.93784
vn -0.998951 -0.04565 0.00359549
v 2.41668 94.5582 7.43283
vn -0.913835 0.363184 -0.181669
v 2.43055 94.601 7.41345
vn -0.992276 0.105667 -0.0649824
v 2.42859 94.6455 7.39302
vn -0.985297 -0.160928 0.0573804
v 2.39993 94.936 7.89823
vn -0.870276 -0.453272 0.192779
v 2.40525 94.7004 7.3674
vn -0.845119 -0.491085 0.211208
v 2.36049 94.7429 7.34713
vn -0.575995 -0.746509 0.333099
v 2.36726 94.9736 7.88041
vn -0.671832 -0.677531 0.299322
v 2.30778 95.0053 7.86481
vn -0.40627 -0.83324 0.375041
v 2.31712 94.7633 7.337
vn -0.391157 -0.838813 0.378669
v 2.22793 94.4706 7.4696
vn 0.0763887 0.818982 0.568713
v 2.26614 94.5767 7.31106
vn 0.100973 0.815541 0.569823
v 2.27671 94.467 7.47217
vn -0.0385181 0.824629 0.564361
v 2.30903 94.4723 7.47031
vn -0.173664 0.801558 0.572141
v 2.33964 94.4832 7.46585
vn -0.268203 0.76288 0.588286
v 2.36736 94.4993 7.45895
vn -0.349412 0.710441 0.610889
v 2.39113 94.52 7.44988
vn -0.420498 0.64213 0.640976
v 2.41003 94.5445 7.43898
vn -0.473415 0.566032 0.674897
v 2.42334 94.5718 7.42668
vn -0.509906 0.480222 0.713711
v 2.43055 94.601 7.41345
vn -0.527627 0.389843 0.75474
v 2.43138 94.6308 7.3998
vn -0.525501 0.298053 0.796877
v 2.4258 94.6601 7.38624
vn -0.503633 0.208328 0.838423
v 2.41401 94.6879 7.37331
vn -0.462459 0.12344 0.878006
v 2.39649 94.713 7.3615
vn -0.403272 0.0474853 0.913847
v 2.37389 94.7344 7.35126
vn -0.330967 -0.0143929 0.943532
v 2.34709 94.7514 7.34299
vn -0.247663 -0.061992 0.966861
v 2.31712 94.7633 7.337
vn -0.15313 -0.0948897 0.98364
v 2.28512 94.7697 7.33353
vn -0.051987 -0.110453 0.992521
v 2.25233 94.7702 7.33271
vn 0.0489171 -0.107606 0.992989
v 2.22002 94.7649 7.33456
vn 0.123225 -0.0931701 0.987995
v 2.18941 94.754 7.33903
vn 0.194699 -0.0700792 0.978356
v 2.16169 94.7379 7.34593
vn 0.282616 -0.0242933 0.958926
v 2.13792 94.7172 7.355
vn 0.35937 0.0363358 0.932487
v 2.11902 94.6927 7.36589
vn 0.42155 0.109111 0.900217
v 2.1057 94.6653 7.37819
vn 0.467381 0.19255 0.862833
v 2.09849 94.6362 7.39142
vn 0.494118 0.281255 0.822644
v 2.09767 94.6064 7.40508
vn 0.500552 0.383728 0.776016
v 2.10325 94.577 7.41863
vn 0.47618 0.50558 0.719473
v 2.11503 94.5493 7.43156
vn 0.448028 0.567459 0.69084
v 2.13256 94.5242 7.44337
vn 0.408601 0.628384 0.66195
v 2.15516 94.5027 7.45361
vn 0.341339 0.698903 0.628508
v 2.18196 94.4857 7.46188
vn 0.25068 0.760608 0.598861
v 2.21193 94.4738 7.46787
vn 0.194417 0.78791 0.584294
v 2.29328 94.7289 7.07993
vn 0.042709 0.114285 -0.99253
v 2.2768 94.746 7.10117
vn 0.109137 0.987984 -0.109438
v 2.20777 94.717 7.09394
vn -0.762736 -0.2524 0.595423
v 2.18309 94.7117 7.05078
vn -0.965653 -0.0274082 0.258385
v 2.20791 94.7325 7.09769
vn -0.600612 -0.0291555 0.799009
v 2.22755 94.729 7.11358
vn -0.566081 -0.120934 0.815431
v 2.24608 94.726 7.07255
vn 0.396259 0.0591891 -0.916229
v 2.25465 94.7467 7.10868
vn -0.230592 0.955652 0.183183
v 2.22338 94.7461 7.07767
vn -0.330996 0.941727 -0.0599312
v 2.2041 94.7309 7.03226
vn -0.36567 0.893319 -0.261278
v 2.17607 94.7231 7.02056
vn 0.567837 0.713544 -0.410385
v 2.17182 94.6723 6.92393
vn 0.702827 0.61386 -0.359458
v 2.16634 94.7373 6.96599
vn 0.85387 -0.458633 0.246093
v 2.16023 94.6808 6.87431
vn 0.880948 -0.416828 0.224021
v 2.19729 94.6637 6.8027
vn -0.415412 -0.791133 0.448933
v 2.21405 94.7432 6.98375
vn -0.95296 -0.259521 0.156575
v 2.2201 94.6799 6.90105
vn -0.995589 0.0860593 -0.0373795
v 2.19245 94.5925 6.67903
vn -0.0948164 -0.86698 0.489239
v 2.16735 94.5029 6.54062
vn 0.702696 -0.624151 0.341545
v 2.15871 94.5438 6.63477
vn 0.925023 -0.336436 0.176472
v 2.21009 94.4993 6.53775
vn -0.81475 -0.499366 0.294646
v 2.2039 94.4909 6.60812
vn -0.849894 0.464953 -0.247987
v 2.20963 94.4465 6.51315
vn -0.87084 0.435191 -0.228575
v 2.17842 94.4354 6.5181
vn 0.687319 0.630212 -0.361146
v 2.16665 94.497 6.6178
vn 0.531679 0.735413 -0.420101
v 2.33403 95.0866 7.84967
vn 0.279001 0.880008 0.384375
v 2.44386 95.0153 7.88429
vn 0.52173 0.715363 0.464816
v 2.50004 94.9467 7.90591
vn 0.673866 0.4415 0.592438
v 2.49287 94.8583 7.96798
vn 0.687156 0.285138 0.668216
v 2.49873 94.7893 7.97803
vn 0.650988 0.0931173 0.753355
v 2.42759 94.7072 8.02527
vn 0.475435 -0.159155 0.865235
v 2.29272 94.6457 8.05107
vn 0.11981 -0.329463 0.936536
v 2.136 94.6534 8.03393
vn -0.283923 -0.291068 0.913601
v 2.06184 94.7218 8.01211
vn -0.5618 -0.107358 0.820278
v 2.01077 94.8197 7.96631
vn -0.698826 0.160103 0.697144
v 2.00924 94.9126 7.9237
vn -0.700981 0.422583 0.574499
v 2.06278 95.0133 7.87305
vn -0.544416 0.705993 0.452974
v 2.20057 95.0895 7.84598
vn -0.150154 0.921434 0.358348
v 2.33403 95.0866 7.84967
vn 0.149025 0.921589 0.35842
v 2.51878 94.5542 6.80837
vn -0.314575 -0.827034 0.465895
v 2.31324 94.6147 6.77699
vn -0.314569 -0.827052 0.465867
v 2.31151 94.581 6.72332
vn -0.308652 -0.736256 0.602214
v 2.51705 94.5205 6.75469
vn -0.308663 -0.736262 0.602201
v 2.29999 94.5101 6.66218
vn -0.266364 -0.467833 0.842723
v 2.50766 94.4591 6.69783
vn -0.271967 -0.496352 0.82442
v 2.4825 94.3537 6.6593
vn -0.172864 -0.0781046 0.981844
v 2.27445 94.4042 6.62528
vn -0.163759 -0.0453255 0.985459
v 2.24652 94.3147 6.63571
vn -0.057019 0.300087 0.952206
v 2.45538 94.2634 6.66295
vn -0.0675687 0.268772 0.960831
v 2.41919 94.1678 6.71565
vn 0.0764139 0.651166 0.755079
v 2.20733 94.214 6.69817
vn 0.0991813 0.702452 0.704787
v 2.39195 94.112 6.78672
vn 0.176713 0.854065 0.489229
v 2.16988 94.152 6.82406
vn 0.247898 0.947323 0.202793
v 2.37303 94.0886 6.86532
vn 0.254384 0.952122 0.169566
v 2.15562 94.152 6.91727
vn 0.300781 0.940832 -0.156094
v 2.36116 94.0914 6.94865
vn 0.300781 0.940832 -0.156094
v 2.35762 94.1204 7.02765
vn 0.31458 0.827627 -0.464837
v 2.15209 94.1809 6.99627
vn 0.314589 0.827629 -0.464826
v 2.15728 94.2328 7.06239
vn 0.295821 0.63472 -0.713877
v 2.36281 94.1723 7.09376
vn 0.29273 0.61463 -0.732488
v 2.17061 94.302 7.10845
vn 0.244934 0.366718 -0.897511
v 2.37615 94.2415 7.13982
vn 0.239375 0.342058 -0.908678
v 2.19971 94.4114 7.12883
vn 0.127231 -0.0805356 -0.988598
v 2.3962 94.3205 7.16085
vn 0.167451 0.0584337 -0.984147
v 2.42079 94.4009 7.15456
vn 0.0718777 -0.255843 -0.964042
v 2.22845 94.4993 7.10988
vn 0.0117484 -0.428649 -0.903395
v 2.44727 94.4737 7.12162
vn -0.0359267 -0.553567 -0.832029
v 2.25477 94.5653 7.06481
vn -0.0868599 -0.675008 -0.732679
v 2.47548 94.5357 7.05643
vn -0.145104 -0.796985 -0.586311
v 2.28108 94.6156 6.98952
vn -0.192559 -0.879667 -0.434865
v 2.50465 94.5753 6.94168
vn -0.260532 -0.955791 -0.136329
v 2.30552 94.6361 6.8688
vn -0.287832 -0.956824 0.0405009
v 2.51878 94.5542 6.80837
vn -0.309934 -0.909864 0.275842
v 2.31324 94.6147 6.77699
vn -0.311945 -0.896312 0.315145
v 1.97192 94.4476 7.21799
vn -0.915716 -0.295712 -0.272065
v 1.95935 94.5697 7.14934
vn -0.587436 -0.405401 -0.700407
v 1.98816 94.5776 7.15408
vn 0.851022 -0.0348145 -0.523975
v 1.99765 94.4447 7.19761
vn 0.140414 -0.35021 -0.926087
v 2.0127 94.4586 7.22407
vn 0.874025 0.323178 0.362818
v 1.97747 94.5862 7.18086
vn 0.436634 0.41465 0.798383
v 1.94783 94.5768 7.17282
vn -0.907867 -0.0187114 0.41884
v 1.98009 94.4542 7.22994
vn -0.701916 0.131921 0.699936
v 2.17269 94.6381 8.04163
vn -0.3797 -0.843467 0.379989
v 2.18542 94.3084 7.32268
vn -0.366754 -0.848099 0.382386
v 2.09225 94.6789 8.02146
vn -0.62418 -0.71432 0.316461
v 2.12022 94.3391 7.30746
vn -0.570463 -0.75037 0.33394
v 2.0215 94.7563 7.98474
vn -0.854416 -0.477872 0.203989
v 2.05689 94.3937 7.28129
vn -0.806129 -0.543167 0.234788
v 2.02001 94.461 7.2498
vn -0.95344 -0.280178 0.111594
v 1.99836 94.8241 7.95323
vn -0.985659 -0.159325 0.0556089
v 2.00642 94.5354 7.21546
vn -0.999794 0.00455962 -0.0197773
v 2.00281 94.9251 7.90704
vn -0.982391 0.162641 -0.0919534
v 2.01803 94.5993 7.18636
vn -0.953419 0.267458 -0.139496
v 2.03258 94.9865 7.87941
vn -0.854147 0.466823 -0.22915
v 2.04593 94.659 7.15946
vn -0.848399 0.475338 -0.232965
v 2.08129 94.7001 7.14125
vn -0.707058 0.638 -0.304999
v 2.09368 95.0498 7.85141
vn -0.623068 0.706774 -0.335047
v 2.13194 94.7363 7.12557
vn -0.522436 0.771554 -0.362995
v 2.17104 95.0878 7.83539
vn -0.326654 0.85694 -0.398687
v 2.19009 94.7615 7.11503
vn -0.29006 0.867969 -0.403106
v 2.24633 94.7712 7.1116
vn -0.0792127 0.905623 -0.416621
v 2.24787 95.102 7.83027
vn -0.0277787 0.908475 -0.417015
v 2.30483 95.098 7.83306
vn 0.188072 0.894059 -0.406554
v 2.30814 94.7699 7.11329
vn 0.157887 0.898672 -0.409219
v 2.38173 94.7483 7.12448
vn 0.432119 0.822629 -0.369532
v 2.3636 95.0809 7.84196
vn 0.420743 0.82743 -0.371933
v 2.43378 95.0373 7.86316
vn 0.673842 0.676116 -0.298002
v 2.46516 94.6922 7.15165
vn 0.718734 0.636748 -0.279236
v 2.48594 94.9764 7.89203
vn 0.887835 0.424059 -0.17867
v 2.50491 94.6353 7.17844
vn 0.906397 0.389813 -0.162759
v 2.50748 94.9284 7.91442
vn 0.966211 0.240376 -0.0930353
v 2.52326 94.5875 7.20069
vn 0.975838 0.204622 -0.0766121
v 2.51562 94.8771 7.93811
vn 0.998954 0.0456272 -0.00316462
v 2.53044 94.503 7.23957
vn 0.990104 -0.120139 0.0725316
v 2.50799 94.8083 7.96951
vn 0.969431 -0.216051 0.116304
v 2.48625 94.7555 7.99333
vn 0.885489 -0.416217 0.206574
v 2.48744 94.4084 7.28218
vn 0.840967 -0.486089 0.237681
v 2.44255 94.7014 8.01739
vn 0.722154 -0.623833 0.298873
v 2.4102 94.3324 7.31568
vn 0.537278 -0.763043 0.359302
v 2.36557 94.6508 8.03922
vn 0.429901 -0.817787 0.382635
v 2.30534 94.2998 7.32876
vn 0.0905923 -0.904666 0.41638
v 2.26682 94.6285 8.0477
vn 0.0273445 -0.908459 0.417078
v 2.17269 94.6381 8.04163
vn -0.239753 -0.88409 0.401128
v 2.18542 94.3084 7.32268
vn -0.224353 -0.887317 0.402907
v 1.99296 94.4579 7.23241
vn 0.190035 -0.909879 0.368791
v 1.99674 94.4473 7.20438
vn 0.187314 -0.91132 0.36662
v 2.23176 94.5076 7.10421
vn -0.949152 0.279419 -0.145032
v 2.24789 94.5608 7.10116
vn -0.949171 0.279471 -0.144808
v 2.28956 94.6433 6.9873
vn -0.949154 0.279466 -0.144929
v 2.18503 94.3752 7.15515
vn -0.949138 0.279419 -0.145125
v 2.19124 94.3812 7.12603
vn -0.949142 0.279352 -0.145231
v 2.31426 94.6625 6.8626
vn -0.949049 0.279801 -0.144971
v 2.31403 94.5858 6.71622
vn -0.949139 0.279506 -0.144951
v 2.14417 94.1672 7.02173
vn -0.949203 0.279416 -0.144707
v 2.15348 94.2394 7.10006
vn -0.94921 0.279396 -0.144701
v 2.15315 94.1391 6.90881
vn -0.949146 0.279564 -0.144795
v 2.31046 94.5406 6.65238
vn -0.949174 0.279428 -0.144876
v 2.27386 94.396 6.61339
vn -0.949225 0.279316 -0.144758
v 2.23631 94.2736 6.62339
vn -0.949163 0.279501 -0.144807
v 2.15746 94.122 6.84748
vn -0.949061 0.279688 -0.145115
v 2.18973 94.1725 6.73359
vn -0.949169 0.279495 -0.144775
v 2.11931 94.176 6.73969
vn 0.949268 -0.279056 0.144978
v 2.09306 94.1431 6.84815
vn 0.949042 -0.279881 0.144864
v 2.08283 94.1491 6.92674
vn 0.94896 -0.280042 0.145093
v 2.0825 94.2057 7.03805
vn 0.949016 -0.279755 0.145279
v 2.15867 94.255 6.63402
vn 0.949149 -0.279121 0.145625
v 2.1774 94.3108 6.61892
vn 0.949118 -0.279069 0.145928
v 2.09474 94.2839 7.10868
vn 0.948847 -0.280194 0.145538
v 2.1125 94.3606 7.14012
vn 0.949077 -0.279526 0.145322
v 2.12712 94.4113 7.14219
vn 0.948962 -0.27952 0.146083
v 2.15249 94.4948 7.13692
vn 0.949132 -0.279409 0.145185
v 2.18571 94.5822 7.08798
vn 0.94923 -0.279422 0.144516
v 2.20771 94.3975 6.58775
vn 0.948319 -0.278532 0.152024
v 2.2216 94.4474 6.59291
vn 0.949705 -0.279121 0.141957
v 2.23266 94.491 6.60452
vn 0.948729 -0.279886 0.146893
v 2.24072 94.5266 6.6203
vn 0.948771 -0.280046 0.146313
v 2.24474 94.5449 6.62932
vn 0.949175 -0.279709 0.144325
v 2.25076 94.5779 6.65352
vn 0.948721 -0.280605 0.145567
v 2.25673 94.6257 6.70648
vn 0.948831 -0.280303 0.14543
v 2.25779 94.6465 6.73975
vn 0.949354 -0.279049 0.144423
v 2.25673 94.6688 6.7897
vn 0.949916 -0.277245 0.144205
v 2.22835 94.6658 6.96979
vn 0.949134 -0.279456 0.14508
v 2.21465 94.6455 7.02026
vn 0.949276 -0.278772 0.145465
v 2.23864 94.6788 6.92745
vn 0.949473 -0.277936 0.145782
v 2.25214 94.6787 6.83881
vn 0.948242 -0.283228 0.143591
v 2.49245 94.4218 6.72547
vn -0.949179 0.279394 -0.14491
v 2.51235 94.4898 6.72626
vn -0.949162 0.279443 -0.144923
v 2.47941 94.3435 6.66009
vn -0.949173 0.27939 -0.144953
v 2.5048 94.5128 6.82016
vn -0.949143 0.2795 -0.144938
v 2.51789 94.5615 6.82825
vn -0.949217 0.27924 -0.144957
v 2.46846 94.327 6.69987
vn -0.949186 0.279343 -0.14496
v 2.43225 94.1997 6.69173
vn -0.949192 0.279336 -0.144932
v 2.43159 94.2192 6.73357
vn -0.94918 0.279402 -0.144886
v 2.4921 94.5303 6.93696
vn -0.949174 0.279429 -0.144871
v 2.50465 94.5753 6.94168
vn -0.949212 0.279284 -0.144905
v 2.47548 94.5357 7.05643
vn -0.949193 0.27933 -0.144937
v 2.46219 94.4872 7.04994
vn -0.949146 0.279562 -0.144803
v 2.44727 94.4737 7.12162
vn -0.949138 0.279533 -0.144907
v 2.43065 94.4088 7.10532
vn -0.949163 0.279414 -0.144973
v 2.39258 94.1151 6.78838
vn -0.949191 0.279377 -0.14486
v 2.39359 94.1408 6.83132
vn -0.949204 0.279263 -0.144996
v 2.37576 94.1316 6.93036
vn -0.949217 0.279246 -0.144941
v 2.36513 94.0887 6.91732
vn -0.949198 0.279306 -0.144951
v 2.35762 94.1204 7.02765
vn -0.949171 0.279415 -0.144918
v 2.3722 94.1683 7.02445
vn -0.949173 0.279376 -0.14498
v 2.41135 94.3709 7.15864
vn -0.949204 0.279325 -0.144874
v 2.3916 94.2748 7.10267
vn -0.9492 0.2794 -0.144762
v 2.38546 94.2803 7.15367
vn -0.949251 0.27928 -0.144656
v 2.36734 94.1975 7.11251
vn -0.949113 0.279568 -0.145004
v 2.08297 94.1939 6.77355
vn -0.882004 0.454118 -0.12588
v 2.11177 94.2143 6.78712
vn 0.217771 0.962204 0.163521
v 2.13623 94.1748 6.78058
vn 0.772532 -0.634946 0.00615269
v 2.11151 94.1909 6.97346
vn 0.989698 -0.0712367 0.124194
v 2.1001 94.1487 6.85818
vn 0.271203 -0.962462 0.0107529
v 2.08864 94.2244 6.94172
vn 0.0154591 0.931392 -0.363688
v 2.08777 94.1871 6.99032
vn 0.282076 -0.845641 0.453127
v 2.05807 94.2194 6.9941
vn -0.972873 0.208173 -0.10091
v 2.10377 94.2838 7.03077
vn 0.416503 0.54897 -0.724677
v 2.11101 94.2729 7.0806
vn 0.601164 -0.51843 0.608138
v 2.0772 94.3373 7.0896
vn -0.926667 0.270362 -0.261136
v 2.12805 94.3628 7.07987
vn 0.536445 0.0969077 -0.838353
v 2.14761 94.3859 7.11593
vn 0.949941 -0.3013 0.0826454
v 2.12085 94.3593 7.12829
vn 0.332924 -0.34579 0.877263
v 2.11443 94.469 7.10482
vn -0.958515 0.278526 -0.0605929
v 2.14089 94.4687 7.07601
vn -0.158856 -0.153391 -0.975313
v 2.1486 94.4529 7.13363
vn 0.44847 -0.061631 0.891671
v 2.18586 94.5737 7.01829
vn 0.0913241 -0.620005 -0.779265
v 2.18364 94.5387 7.10074
vn 0.656044 0.14648 0.740372
v 2.21593 94.5784 7.03522
vn 0.921479 -0.388377 -0.00624395
v 2.16408 94.5979 7.03124
vn -0.932403 0.113334 -0.343191
v 2.19874 94.6108 7.05769
vn 0.505519 0.458115 0.73115
v 2.16597 94.5895 7.02433
vn -0.948809 -0.0122925 -0.315611
v 2.19553 94.6392 6.9252
vn -0.973472 0.044343 -0.224467
v 2.20752 94.5758 7.02937
vn 0.677475 -0.687896 -0.260435
v 2.2315 94.6214 6.90431
vn 0.171794 -0.982059 -0.0777624
v 2.23956 94.6304 6.97514
vn 0.959761 -0.0706177 0.271793
v 2.20401 94.6071 7.05657
vn 0.550337 0.564364 0.615323
v 2.24057 94.6664 6.93297
vn 0.682581 0.672176 0.286816
v 2.26879 94.6406 6.81039
vn 0.963824 -0.233985 0.12765
v 2.26027 94.663 6.80717
vn 0.793564 0.600079 -0.100803
v 2.23348 94.6022 6.77255
vn -0.213292 -0.881588 0.42108
v 2.25897 94.6071 6.69807
vn 0.745735 0.482976 -0.458926
v 2.25904 94.5274 6.65585
vn 0.771046 -0.511072 0.379861
v 2.21701 94.5314 6.68144
vn -0.535076 -0.424523 0.730393
v 2.22117 94.4636 6.6553
vn 0.182899 -0.291075 0.939054
v 2.23494 94.4815 6.61001
vn 0.664623 0.082679 -0.74259
v 2.19892 94.5038 6.62288
vn -0.948522 0.314921 -0.0336127
v 2.22511 94.3951 6.61751
vn 0.953897 -0.264319 -0.14218
v 2.19733 94.3143 6.6451
vn 0.771555 -0.149295 0.618397
v 2.1439 94.325 6.62471
vn -0.946859 0.319996 0.032573
v 2.16787 94.3296 6.65699
vn -0.262263 0.309134 0.914141
v 2.18549 94.3061 6.61446
vn 0.604423 -0.354006 -0.71369
v 2.20482 94.4908 6.60704
vn -0.576931 0.412258 -0.70512
v 2.19345 94.4977 6.55347
vn -0.0100961 -0.37639 -0.926406
v 2.1986 94.5136 6.5469
vn -0.0109032 -0.37723 -0.926056
v 2.21373 94.673 6.87074
vn -0.627035 0.7775 -0.0481823
v 2.21397 94.6479 6.78867
vn -0.992551 0.0791848 -0.0925835
v 2.21456 94.6424 6.79051
vn -0.992676 0.103972 -0.0615177
v 2.21186 94.5858 6.68103
vn -0.952377 0.270402 -0.140926
v 2.06706 94.5903 7.14956
vn -0.906271 0.372255 -0.200249
v 2.08515 94.622 7.13485
vn -0.840396 0.519619 -0.154045
v 2.10915 94.651 7.12198
vn -0.744171 0.598197 -0.29727
v 2.141 94.6771 7.11108
vn -0.605391 0.718112 -0.343244
v 2.16883 94.6931 7.10421
vn -0.462573 0.8124 -0.355012
v 2.19313 94.703 7.10008
vn -0.351245 0.840647 -0.412237
v 2.21404 94.7092 7.09761
vn -0.292151 0.871256 -0.394412
v 2.27066 94.177 6.56364
vn 0.016543 -0.415259 -0.909553
v 2.23187 94.2676 6.52138
vn 0.0162023 -0.415579 -0.909413
v 2.33753 94.2508 6.53098
vn 0.0158486 -0.417112 -0.908717
v 2.18401 94.5259 6.54208
vn -0.0118663 -0.375457 -0.926764
v 2.19778 94.531 6.53983
vn -0.0097207 -0.377868 -0.925808
v 2.19708 94.5316 6.54138
vn -0.130957 0.897195 -0.421771
v 2.18875 94.5291 6.54168
vn -0.454967 0.788617 -0.413628
v 2.42132 94.6616 7.09692
vn 0.470989 0.755121 0.456028
v 2.46401 94.6121 7.11919
vn 0.576655 0.623144 0.528357
v 2.39022 94.6805 7.09309
vn 0.430852 0.815238 0.386979
v 2.32259 94.7062 7.07807
vn 0.157326 0.946188 0.282802
v 2.39233 94.6816 7.08821
vn 0.328836 0.907123 0.262668
v 2.24212 94.7128 7.07136
vn -0.0266426 0.947471 0.318731
v 2.24888 94.3215 7.27221
vn -0.118404 -0.881233 0.457613
v 2.20029 94.3303 7.26748
vn -0.239159 -0.842614 0.482498
v 2.26844 94.3215 7.27422
vn 0.0315321 -0.889837 0.455188
v 2.30036 94.3236 7.27318
vn 0.153114 -0.881396 0.446875
v 2.35294 94.3377 7.26821
vn 0.369535 -0.804985 0.464157
v 2.3293 94.3297 7.27098
vn 0.261468 -0.877612 0.401786
v 2.18107 94.3371 7.26449
vn -0.400853 -0.82118 0.406177
v 2.16347 94.3453 7.26112
vn -0.471274 -0.7894 0.393382
v 2.20029 94.3303 7.26748
vn -0.345434 -0.833026 0.432137
v 2.39115 94.3591 7.26287
vn 0.565189 -0.753048 0.336868
v 2.36628 94.344 7.26705
vn 0.381393 -0.698219 0.605829
v 2.30576 94.3258 7.2755
vn 0.230932 -0.954115 0.190619
v 2.27826 94.3224 7.27564
vn 0.0461936 -0.872732 0.486009
v 2.23981 94.324 7.27424
vn -0.166733 -0.88013 0.444489
v 2.17932 94.3398 7.26579
vn -0.423488 -0.809356 0.406942
v 2.06016 94.4233 7.25235
vn 0.214754 0.541678 0.81269
v 2.20733 94.3139 7.29443
vn 0.225497 0.890535 0.395093
v 2.30263 94.3256 7.27419
vn -0.131715 0.979547 0.152116
v 2.39702 94.3331 7.28144
vn -0.19498 0.423964 0.884442
v 2.28937 94.2904 7.29512
vn 0.0717187 -0.335397 0.939343
v 2.49882 94.5573 7.19078
vn 0.501538 0.413842 0.759733
v 2.0207 94.5089 7.20635
vn -0.767934 0.198424 0.60902
v 2.09516 94.3465 7.26597
vn -0.632297 -0.502331 0.5898
v 2.44306 94.3623 7.26859
vn 0.49359 0.00634647 0.869672
v 2.19309 94.2926 7.28496
vn -0.316564 -0.815016 0.48532
v 2.49062 94.6175 7.15244
vn 0.622361 0.637544 0.454098
v 2.0395 94.4113 7.23536
vn -0.889132 -0.357552 0.28566
v 2.4929 94.4086 7.23029
vn 0.895195 -0.37358 0.243031
v 2.51282 94.4785 7.19321
vn 0.938719 -0.216059 -0.26856
v 2.42666 94.6919 7.11265
vn 0.724779 0.477443 -0.496733
v 2.33075 94.7355 7.11127
vn 0.261264 0.91439 0.309245
v 2.02261 94.5788 7.15987
vn -0.935741 0.284203 0.208848
v 2.36455 94.2973 7.2648
vn 0.377255 -0.918663 -0.117206
v 2.2639 94.2791 7.26697
vn 0.00654706 -0.903896 -0.427703
v 2.43293 94.3353 7.24575
vn 0.499456 -0.701827 -0.507921
v 2.49889 94.5714 7.14468
vn 0.661054 -0.077004 -0.746376
v 2.2935 94.7309 7.07985
vn 0.161835 0.453687 -0.876343
v 2.01994 94.487 7.18755
vn -0.817076 -0.275573 -0.506405
v 2.10528 94.3407 7.24137
vn -0.427114 -0.713651 -0.555226
v 2.39461 94.6938 7.09424
vn 0.302207 0.183103 -0.935491
v 2.03803 94.5676 7.14477
vn 0.0150591 -0.40303 -0.915063
v 2.05148 94.4211 7.20344
vn 0.313169 -0.150076 -0.937765
v 2.18465 94.4917 7.1758
vn 0.0169623 -0.416768 -0.908854
v 2.21053 94.5722 7.13931
vn 0.0169588 -0.417233 -0.908641
v 2.07023 94.7327 8.01807
vn -0.0161546 0.416628 0.908934
v 2.10364 94.7578 8.00716
vn -0.0159718 0.416747 0.908882
v 2.19465 94.6641 8.05174
vn -0.0160316 0.416636 0.908932
v 2.19553 94.7041 8.0334
vn -0.0162029 0.416685 0.908907
v 2.01842 94.8253 7.97471
vn -0.0160757 0.416884 0.908818
v 2.06166 94.8624 7.95846
vn -0.0160752 0.416755 0.908877
v 2.12313 95.0045 7.89439
vn -0.0161637 0.416716 0.908893
v 2.02288 94.9274 7.92796
vn -0.0161525 0.416518 0.908984
v 2.2771 94.6957 8.03872
vn -0.0159799 0.416792 0.908861
v 2.35318 94.6762 8.04898
vn -0.0162173 0.416714 0.908893
v 2.36934 94.731 8.02415
vn -0.0163499 0.41666 0.908915
v 2.46617 94.7761 8.00519
vn -0.016014 0.416807 0.908854
v 2.43238 94.8013 7.99302
vn -0.0160437 0.416773 0.908869
v 2.08147 95.0247 7.88441
vn -0.0160825 0.416656 0.908922
v 2.22565 95.088 7.85793
vn -0.0162008 0.416609 0.908941
v 2.30234 95.0445 7.87921
vn -0.0160439 0.416717 0.908895
v 2.37698 95.059 7.87392
vn -0.0160126 0.416847 0.908836
v 2.47881 94.9448 7.92806
vn -0.0160539 0.416643 0.908929
v 2.44844 94.8888 7.95318
vn -0.0160461 0.416796 0.908858
v 2.40085 94.9889 7.90647
vn -0.0160335 0.416816 0.908849
v 1.81014 112.45 45.0918
vn 0.370642 0.919592 0.130287
v 1.95611 112.359 45.1479
vn 0.398362 0.833669 0.382496
v 1.80924 112.429 45.1319
vn 0.118259 0.645154 0.754845
v 1.6873 112.485 45.0702
vn 0.0914727 0.980982 -0.171191
v 1.63659 112.475 45.1049
vn 0.0264154 0.740606 0.67142
v 1.51873 112.482 45.0897
vn -0.0978037 0.927942 0.359665
v 1.49452 112.481 45.0602
vn -0.271813 0.945561 -0.178977
v 1.36419 112.444 45.0983
vn -0.414007 0.871841 0.261708
v 1.39814 112.435 45.1219
vn -0.116865 0.603731 0.788575
v 1.20067 112.327 45.1609
vn -0.381304 0.665015 0.642155
v 1.10536 112.179 45.225
vn -0.545796 0.562866 0.620717
v 1.05564 112.074 45.2508
vn -0.923843 0.287301 0.252926
v 1.07172 112.013 45.3065
vn -0.335785 0.38754 0.858523
v 1.0553 111.908 45.3266
vn -0.897897 0.0491418 0.437454
v 1.13029 111.785 45.4124
vn -0.367992 0.195831 0.908973
v 1.09848 111.772 45.3863
vn -0.809761 -0.250624 0.530542
v 1.24407 111.61 45.4668
vn -0.560417 -0.409022 0.720162
v 1.24246 111.655 45.4764
vn -0.203093 0.180956 0.962293
v 1.40535 111.535 45.5144
vn -0.332447 -0.411525 0.848602
v 1.50065 111.499 45.5189
vn -0.0998753 -0.789209 0.605949
v 1.4976 111.538 45.5321
vn -0.0756138 0.0561793 0.995553
v 1.61717 111.504 45.5339
vn 0.0365388 -0.544218 0.838147
v 1.68113 111.537 45.5355
vn 0.0572347 0.00629616 0.998341
v 1.75016 111.513 45.5126
vn 0.266597 -0.749499 0.605951
v 1.82331 111.551 45.516
vn 0.392223 -0.380807 0.837346
v 1.83055 111.586 45.5179
vn 0.0981513 0.189259 0.977009
v 1.99127 111.671 45.4708
vn 0.459855 -0.0611978 0.885883
v 2.09452 111.84 45.4003
vn 0.455121 0.183614 0.871292
v 2.13416 111.974 45.3274
vn 0.817172 0.19719 0.541615
v 2.10583 112.087 45.2912
vn 0.367489 0.45066 0.813546
v 2.12464 112.128 45.2332
vn 0.951799 0.267938 0.149291
v 2.05676 112.223 45.2278
vn 0.345318 0.568237 0.746902
v 2.0622 112.252 45.1794
vn 0.759837 0.622035 0.188998
v 1.95427 112.358 45.1512
vn 0.51838 0.702374 0.487804
v 1.26476 112.386 45.0998
vn -0.562746 0.820696 0.0988635
v 1.12843 112.25 45.1598
vn -0.76283 0.623577 0.171002
v 1.92343 111.592 45.4754
vn 0.553588 -0.467838 0.688962
v 2.05975 111.728 45.4155
vn 0.748743 -0.268524 0.606036
v 2.13319 111.899 45.3382
vn 0.968446 -0.081888 0.235386
v 1.9685 111.695 45.4723
vn 0.18611 0.233469 0.954387
v 2.29295 103.385 25.598
vn 0.224231 -0.0889839 -0.970465
v 2.16001 103.458 25.5596
vn 0.132284 -0.168432 -0.976797
v 2.1152 103.514 25.5631
vn 0.334443 0.609816 -0.718521
v 2.31084 103.415 25.6156
vn 0.499991 0.492607 -0.712284
v 2.02111 103.514 25.5382
vn 0.124657 0.40027 -0.907879
v 1.95106 103.497 25.537
vn 0.0161208 -0.184411 -0.982717
v 1.91583 103.539 25.5482
vn -0.0357011 0.706544 -0.706768
v 1.81326 103.504 25.5389
vn -0.163029 0.371971 -0.913816
v 1.70274 103.449 25.5556
vn -0.0982631 -0.192655 -0.976334
v 1.71967 103.496 25.5644
vn -0.391624 0.569705 -0.722542
v 1.54202 103.365 25.6027
vn -0.526643 0.148449 -0.837024
v 1.43876 103.196 25.6732
vn -0.650495 -0.0118536 -0.759418
v 1.44027 103.128 25.6965
vn -0.25769 -0.372272 -0.891633
v 1.39912 103.062 25.746
vn -0.814707 -0.202492 -0.543368
v 1.43803 102.902 25.8042
vn -0.339635 -0.470853 -0.814215
v 1.41585 102.901 25.8395
vn -0.922124 -0.366749 -0.123217
v 1.44944 102.827 25.8524
vn -0.621157 -0.624393 -0.4736
v 1.57926 102.674 25.9152
vn -0.330589 -0.688114 -0.645918
v 1.71958 102.604 25.9432
vn -0.103023 -0.630793 -0.769081
v 1.75324 102.572 25.9767
vn -0.388554 -0.901005 -0.192914
v 1.85792 102.553 25.9789
vn -0.0813926 -0.892955 -0.442727
v 1.9502 102.545 26.0043
vn 0.0142048 -0.998523 0.0524483
v 1.93509 102.568 25.9621
vn 0.018849 -0.624605 -0.780714
v 2.10432 102.586 25.961
vn 0.119235 -0.713308 -0.690634
v 2.09537 102.569 26.0039
vn 0.274676 -0.945476 0.175008
v 2.16477 102.596 25.9614
vn 0.382648 -0.853503 -0.353713
v 2.32142 102.716 25.903
vn 0.283878 -0.623976 -0.728057
v 2.34029 102.707 25.9255
vn 0.586229 -0.731161 -0.348911
v 2.42763 102.894 25.8221
vn 0.306594 -0.484358 -0.819388
v 2.45047 102.873 25.8515
vn 0.737787 -0.551476 -0.389286
v 2.47764 102.962 25.8227
vn 0.924225 -0.287244 -0.251591
v 2.48287 103.063 25.7645
vn 0.834261 -0.204647 -0.511984
v 2.45206 103.115 25.7244
vn 0.388605 -0.317494 -0.864976
v 2.46973 103.186 25.7314
vn 0.959562 0.0751118 -0.271292
v 2.403 103.252 25.6611
vn 0.368124 -0.19591 -0.908903
v 2.40741 103.307 25.6708
vn 0.771056 0.267042 -0.578067
v 2.30014 103.397 25.6052
vn 0.539826 0.0908399 -0.836861
v 1.56478 103.341 25.6012
vn -0.186064 -0.233504 -0.954388
v 1.56851 103.413 25.6116
vn -0.624228 0.467052 -0.62626
v 1.45235 103.275 25.6729
vn -0.818361 0.216207 -0.532485
v 1.39491 103.109 25.7479
vn -0.971783 0.0441493 -0.231708
v 1.5342 102.707 25.9345
vn -0.677253 -0.730985 -0.0836018
v 1.78737 102.567 26.0035
vn -0.278621 -0.93555 0.217065
v 2.26851 102.65 25.9736
vn 0.562744 -0.820697 -0.0988709
v 2.40484 102.786 25.9137
vn 0.762811 -0.623596 -0.17102
v 1.7457 102.643 26.1389
vn -0.376203 -0.660134 0.650149
v 1.84351 102.62 26.1509
vn -0.160164 -0.549395 0.820069
v 1.94132 102.614 26.1559
vn -0.0106881 -0.49037 0.871449
v 2.06699 102.627 26.1512
vn 0.144729 -0.493447 0.85765
v 2.16862 102.66 26.1378
vn 0.405399 -0.910607 -0.0802905
v 2.34159 102.777 26.0876
vn 0.568243 -0.276477 0.775023
v 2.4529 102.944 26.0129
vn 0.858164 -0.195712 0.474606
v 2.4797 103.039 25.9697
vn 0.792704 0.17513 0.583909
v 2.48315 103.154 25.9177
vn 0.785241 0.319891 0.530157
v 2.46576 103.246 25.8751
vn 0.787106 0.446287 0.425784
v 2.43298 103.329 25.8367
vn 0.843816 0.52897 0.0903607
v 1.56512 102.741 26.0902
vn -0.473005 -0.450412 0.757229
v 2.30827 103.483 25.7634
vn 0.692958 0.689558 0.210522
v 1.97132 103.608 25.7
vn 0.0333834 0.981656 0.187715
v 2.12538 103.583 25.712
vn 0.328065 0.935242 -0.133028
v 1.80631 103.596 25.7019
vn -0.191475 0.948379 0.252814
v 1.69934 103.561 25.7162
vn -0.456349 0.885583 0.0865408
v 1.5318 103.447 25.7661
vn -0.731798 0.674872 -0.0949707
v 1.42048 103.279 25.8408
vn -0.896811 0.44215 0.0152625
v 1.3933 103.184 25.8835
vn -0.784392 0.36386 0.502329
v 1.38651 103.086 25.9267
vn -0.881075 0.164094 0.443598
v 1.40687 102.982 25.9787
vn -0.88527 -0.0814823 0.457883
v 1.44117 102.892 26.0179
vn -0.755886 -0.151064 0.637037
v 2.30827 103.483 25.7634
vn 0.473589 0.872827 0.117838
v 1.56512 102.741 26.0902
vn -0.686256 -0.268281 0.676076
v 1.74531 102.653 26.1604
vn -0.366232 -0.92815 0.0664248
v 1.84306 102.63 26.1737
vn -0.146606 -0.984959 -0.0914421
v 1.94094 102.624 26.177
vn 0.00894732 -0.966221 -0.257558
v 2.05878 102.636 26.1735
vn 0.185712 -0.976579 -0.108651
v 2.16824 102.671 26.1601
vn 0.444983 -0.83202 0.33126
v 2.3412 102.787 26.1098
vn 0.581426 -0.7565 -0.299419
v 2.45252 102.955 26.0351
vn 0.874758 -0.469147 -0.121241
v 2.4797 103.05 25.9925
vn 0.815575 -0.315295 -0.485209
v 2.48278 103.164 25.9387
vn 0.814394 -0.174219 -0.553543
v 2.46529 103.256 25.8962
vn 0.798821 -0.0285683 -0.60089
v 2.43441 103.336 25.8597
vn 0.79023 0.190077 -0.582587
v 1.56473 102.751 26.1124
vn -0.459289 -0.87454 -0.155671
v 2.30788 103.493 25.7856
vn 0.678243 0.252404 -0.69013
v 2.03404 103.613 25.7251
vn 0.160939 0.470538 -0.867578
v 2.1273 103.591 25.737
vn 0.372034 0.644042 -0.668432
v 1.93168 103.62 25.7199
vn 0.00959077 0.484747 -0.874602
v 1.80606 103.606 25.7242
vn -0.168809 0.66823 -0.72455
v 1.70436 103.573 25.738
vn -0.432309 0.781732 -0.44945
v 1.5314 103.457 25.7883
vn -0.560465 0.281338 -0.778928
v 1.42007 103.29 25.8631
vn -0.862421 0.192984 -0.46796
v 1.39328 103.195 25.9061
vn -0.796823 -0.174077 -0.578593
v 1.38983 103.08 25.9582
vn -0.763186 -0.328723 -0.556317
v 1.40732 102.988 26.0006
vn -0.732392 -0.46185 -0.500296
v 1.44 102.905 26.0393
vn -0.835029 -0.539098 -0.11
v 2.30788 103.493 25.7856
vn 0.4728 0.45005 -0.757572
v 1.56473 102.751 26.1124
vn -0.664129 -0.694903 -0.275756
v 2.09328 112.131 45.0342
vn 0.831284 0.543122 0.118261
v 2.12596 112.048 45.0728
vn 0.737298 0.460224 0.494555
v 2.14345 111.956 45.1153
vn 0.765679 0.328277 0.553146
v 2.14001 111.841 45.1674
vn 0.804088 0.16884 0.570031
v 2.1132 111.747 45.2104
vn 0.8629 -0.194755 0.466342
v 2.00189 111.579 45.2852
vn 0.554569 -0.274661 0.785503
v 1.82892 111.463 45.3355
vn 0.44328 -0.804275 0.395784
v 1.71945 111.429 45.3496
vn 0.172261 -0.569541 0.80371
v 1.60161 111.416 45.3536
vn -0.0104365 -0.486536 0.873598
v 1.50381 111.422 45.3485
vn -0.159821 -0.547853 0.821166
v 1.40598 111.445 45.3365
vn -0.350937 -0.535942 0.76786
v 1.96856 112.285 44.9611
vn 0.674334 0.693312 0.254152
v 1.22541 111.543 45.2879
vn -0.466054 -0.431206 0.772564
v 1.10068 111.697 45.2153
vn -0.844233 -0.282583 0.455432
v 1.06799 111.78 45.1772
vn -0.798121 0.0294533 0.601777
v 1.0505 111.872 45.1348
vn -0.814194 0.174018 0.553901
v 1.05358 111.986 45.081
vn -0.809129 0.318543 0.493802
v 1.08076 112.082 45.0384
vn -0.873828 0.470513 0.122645
v 1.19208 112.249 44.9637
vn -0.583403 0.755429 0.298274
v 1.36505 112.365 44.9134
vn -0.43555 0.838628 -0.327108
v 1.47451 112.4 44.9
vn -0.185835 0.977362 0.101136
v 1.59234 112.413 44.8965
vn -0.0103001 0.964315 0.264556
v 1.69471 112.405 44.9016
vn 0.140985 0.96178 0.234738
v 1.78798 112.383 44.9131
vn 0.359356 0.932229 -0.0425679
v 1.22541 111.543 45.2879
vn -0.6868 -0.266253 0.676325
v 1.96856 112.285 44.9611
vn 0.459793 0.87474 0.153036
v 2.0947 112.139 45.0572
vn 0.783616 0.179658 -0.5947
v 2.12558 112.058 45.0939
vn 0.79542 -0.0320034 -0.605213
v 2.14308 111.966 45.1363
vn 0.805664 -0.179676 -0.564466
v 2.13998 111.851 45.19
vn 0.804493 -0.321188 -0.499629
v 2.11281 111.757 45.2326
vn 0.873455 -0.471003 -0.123422
v 2.00148 111.589 45.3074
vn 0.581162 -0.757242 -0.298052
v 1.82853 111.473 45.3577
vn 0.444939 -0.834898 0.323999
v 1.72689 111.44 45.371
vn 0.181016 -0.980589 0.0753564
v 1.60123 111.426 45.3746
vn 0.00860336 -0.96444 -0.264163
v 1.49887 111.433 45.3695
vn -0.141477 -0.962353 -0.232078
v 1.4056 111.455 45.358
vn -0.358153 -0.932719 0.0419848
v 1.96816 112.295 44.9832
vn 0.689221 0.270454 -0.672182
v 1.22502 111.553 45.31
vn -0.454729 -0.874287 -0.169835
v 1.10031 111.707 45.2368
vn -0.832207 -0.542249 -0.115744
v 1.06762 111.79 45.1983
vn -0.737387 -0.460532 -0.494136
v 1.05013 111.882 45.1558
vn -0.763204 -0.329247 -0.555983
v 1.05358 111.997 45.1037
vn -0.80589 -0.167074 -0.568003
v 1.08038 112.091 45.0606
vn -0.864218 0.197017 -0.462937
v 1.1917 112.259 44.9859
vn -0.570246 0.275815 -0.773786
v 1.36466 112.375 44.9356
vn -0.442249 0.795933 -0.413409
v 1.46636 112.408 44.9218
vn -0.165971 0.659319 -0.733316
v 1.59197 112.422 44.9176
vn 0.00939531 0.480431 -0.876982
v 1.68958 112.415 44.9213
vn 0.180973 0.668223 -0.721614
v 1.78759 112.393 44.9346
vn 0.352036 0.541499 -0.763446
v 1.22502 111.553 45.31
vn -0.675655 -0.693025 -0.251409
v 1.96816 112.295 44.9832
vn 0.467923 0.435991 -0.768739
v 1.51383 111.43 45.3582
vn -0.163237 -0.956409 0.242149
v 1.41083 111.456 45.3485
vn -0.388966 -0.914367 0.112419
v 1.61707 111.425 45.3609
vn 0.0193481 -0.79998 0.599715
v 1.72564 111.44 45.3575
vn 0.204706 -0.798684 0.565862
v 1.82615 111.473 45.3458
vn 0.446626 -0.878465 0.169779
v 1.99777 111.587 45.2948
vn 0.730167 -0.559001 0.392904
v 2.10802 111.753 45.2208
vn 0.901929 -0.223353 0.369646
v 2.13379 111.847 45.178
vn 0.977513 -0.186097 -0.0991743
v 2.13995 111.949 45.1305
vn 0.977048 0.139222 0.161225
v 2.12415 112.044 45.087
vn 0.946299 0.311294 0.0872584
v 2.08911 112.133 45.0473
vn 0.837219 0.326534 -0.438679
v 1.23015 111.554 45.2985
vn -0.467575 -0.414382 0.780808
v 1.96448 112.285 44.9722
vn 0.724395 0.679662 0.115377
v 1.67968 112.407 44.9135
vn 0.177081 0.844615 -0.50524
v 1.78444 112.385 44.9272
vn 0.39278 0.9134 0.106882
v 1.57336 112.413 44.9124
vn -0.0262044 0.971373 -0.236111
v 1.46793 112.398 44.9136
vn -0.204444 0.799918 -0.56421
v 1.36743 112.365 44.9253
vn -0.446639 0.878384 -0.170161
v 1.19581 112.251 44.9764
vn -0.73736 0.644651 -0.201805
v 1.08592 112.085 45.0509
vn -0.898054 0.232694 -0.373299
v 1.05979 111.991 45.0931
vn -0.966405 0.0274484 -0.255555
v 1.05362 111.889 45.1406
vn -0.977057 -0.1392 -0.161194
v 1.06943 111.794 45.1841
vn -0.945938 -0.312028 -0.0885478
v 1.11928 111.686 45.2386
vn -0.800798 -0.590127 -0.102335
v 1.96387 112.286 44.9764
vn 0.535978 0.581228 -0.612292
v 1.22963 111.554 45.2993
vn -0.74561 -0.665972 0.0233885
v 2.46289 103.24 25.8867
vn 0.946644 0.148124 -0.286226
v 2.414 103.35 25.8349
vn 0.799975 0.59146 0.101072
v 2.4793 103.15 25.9305
vn 0.979316 0.136694 0.149179
v 2.47349 103.045 25.9804
vn 0.966368 -0.0228118 0.256148
v 2.4353 102.928 26.0331
vn 0.894027 -0.30144 0.331437
v 2.33748 102.785 26.0971
vn 0.697163 -0.559234 0.448578
v 2.16619 102.67 26.1469
vn 0.440585 -0.699728 0.562375
v 2.05394 102.635 26.1593
vn 0.200983 -0.79657 0.57016
v 1.9599 102.624 26.1652
vn 0.0261702 -0.968113 0.249144
v 1.85353 102.628 26.1606
vn -0.159957 -0.958738 0.235021
v 1.74884 102.651 26.1463
vn -0.395162 -0.913434 -0.0973916
v 2.30366 103.482 25.7742
vn 0.745972 0.665539 -0.0241534
v 1.56992 102.75 26.0975
vn -0.574233 -0.724395 0.381455
v 1.40994 102.989 25.9852
vn -0.952238 -0.141533 0.270577
v 1.44433 102.903 26.0256
vn -0.844849 -0.407406 0.346771
v 1.39333 103.087 25.943
vn -0.977313 -0.140925 -0.15811
v 1.39747 103.179 25.902
vn -0.96362 0.0100113 -0.267089
v 1.42527 103.283 25.8527
vn -0.902027 0.234892 -0.362179
v 1.53551 103.449 25.7787
vn -0.741828 0.66834 -0.0548985
v 1.70696 103.564 25.7296
vn -0.447153 0.603143 -0.66051
v 1.80764 103.596 25.716
vn -0.21648 0.944309 -0.247825
v 1.91307 103.611 25.7129
vn -0.0197761 0.80534 -0.592484
v 2.02428 103.606 25.7154
vn 0.172991 0.796904 -0.578808
v 2.1219 103.58 25.7287
vn 0.414974 0.528384 -0.74068
v 1.56992 102.75 26.0975
vn -0.764387 -0.614403 0.195501
v 2.30376 103.481 25.7712
vn 0.561757 0.776314 -0.285948
v 1.53066 103.446 25.7612
vn -0.652863 0.684086 -0.325264
v 1.64446 103.466 25.5885
vn -0.524398 0.770309 -0.362809
v 1.53307 103.383 25.6246
vn -0.675373 0.666033 -0.316658
v 1.68257 103.553 25.7149
vn -0.461485 0.803003 -0.377118
v 1.81824 103.597 25.6972
vn -0.214007 0.885913 -0.411533
v 1.77376 103.524 25.5643
vn -0.29819 0.864745 -0.404103
v 2.00874 103.605 25.6966
vn 0.144024 0.900343 -0.410656
v 1.91555 103.545 25.5568
vn -0.0578235 0.907003 -0.417136
v 2.14795 103.574 25.7133
vn 0.38314 0.841831 -0.380164
v 2.19297 103.492 25.5866
vn 0.447814 0.81557 -0.366481
v 2.05877 103.537 25.5634
vn 0.217012 0.888438 -0.404456
v 2.27123 103.507 25.7459
vn 0.635095 0.707545 -0.309895
v 2.40424 103.374 25.8095
vn 0.859551 0.470176 -0.200266
v 2.34588 103.385 25.6382
vn 0.722602 0.634186 -0.275054
v 2.46731 103.249 25.868
vn 0.962421 0.252787 -0.0992204
v 2.47891 103.141 25.7524
vn 0.980405 0.184983 -0.0677339
v 2.43329 103.272 25.6913
vn 0.896486 0.408482 -0.171624
v 2.48778 103.003 25.8158
vn 0.995309 -0.0799565 0.0544787
v 2.48553 103.112 25.9312
vn 0.999693 -0.010205 0.0225853
v 2.46637 102.975 25.9937
vn 0.960917 -0.244777 0.129313
v 2.42933 102.888 26.0327
vn 0.87938 -0.427027 0.210566
v 2.45027 102.869 25.8766
vn 0.936776 -0.311555 0.159323
v 2.34115 102.775 26.083
vn 0.747272 -0.598308 0.289159
v 2.37794 102.747 25.9313
vn 0.796103 -0.544396 0.264297
v 2.30919 102.678 25.9615
vn 0.648648 -0.686672 0.328233
v 2.22543 102.685 26.1223
vn 0.523448 -0.770715 0.36332
v 2.18225 102.602 25.9945
vn 0.455951 -0.805844 0.377789
v 2.13425 102.643 26.1398
vn 0.329561 -0.856672 0.396867
v 1.9857 102.613 26.1509
vn 0.103486 -0.902428 0.418228
v 2.03876 102.555 26.0133
vn 0.180047 -0.892582 0.413378
v 1.83381 102.617 26.1466
vn -0.186393 -0.893419 0.408731
v 1.88684 102.55 26.0127
vn -0.110043 -0.903306 0.414644
v 1.69063 102.662 26.1233
vn -0.462276 -0.808319 0.364584
v 1.6476 102.62 25.9765
vn -0.528207 -0.774586 0.34787
v 1.7385 102.579 25.9969
vn -0.335922 -0.857566 0.389535
v 1.56422 102.738 26.0863
vn -0.671124 -0.677639 0.300663
v 1.5342 102.707 25.9345
vn -0.72589 -0.629369 0.27745
v 1.4502 102.813 25.8847
vn -0.887362 -0.424978 0.178838
v 1.47357 102.839 26.0385
vn -0.85158 -0.482331 0.20535
v 1.41107 102.956 25.9837
vn -0.95374 -0.27927 0.1113
v 1.38826 103.084 25.9242
vn -0.999468 -0.0324973 -0.0026138
v 1.40312 102.935 25.8274
vn -0.97298 -0.215737 0.0822654
v 1.41326 103.256 25.8458
vn -0.96178 0.242196 -0.127753
v 1.39491 103.109 25.7479
vn -0.989195 0.125869 -0.075168
v 1.47213 103.376 25.7921
vn -0.843128 0.482765 -0.236799
v 1.45235 103.275 25.6729
vn -0.879602 0.426207 -0.2113
v 1.53307 103.383 25.6246
vn -0.794093 0.546472 -0.266055
v 1.53066 103.446 25.7612
vn -0.794068 0.546512 -0.266045
v 2.25931 103.345 25.6007
vn 0.773714 0.583113 -0.247679
v 2.34444 103.251 25.6454
vn 0.855799 0.477725 -0.198462
v 2.39681 103.139 25.6977
vn 0.966787 0.239239 -0.0899268
v 2.41217 103.018 25.7536
vn 0.99947 -0.0190028 0.0264185
v 2.38927 102.897 25.8085
vn 0.951112 -0.275074 0.140431
v 2.32998 102.787 25.8579
vn 0.825827 -0.509147 0.242441
v 2.23908 102.696 25.8979
vn 0.633942 -0.701462 0.325682
v 2.12396 102.632 25.9251
vn 0.389844 -0.837999 0.38181
v 1.99394 102.6 25.9376
vn 0.112959 -0.906422 0.406988
v 1.85953 102.603 25.9339
vn -0.171945 -0.900356 0.399742
v 1.73166 102.64 25.9148
vn -0.440444 -0.822044 0.360905
v 1.62065 102.708 25.8815
vn -0.675332 -0.677659 0.291042
v 1.48314 102.914 25.7846
vn -0.967013 -0.238444 0.0896158
v 1.53551 102.802 25.8369
vn -0.855775 -0.477812 0.198355
v 1.49068 103.156 25.6737
vn -0.950834 0.276197 -0.14011
v 1.46779 103.036 25.7287
vn -0.99947 0.0192023 -0.0262732
v 1.54998 103.266 25.6244
vn -0.825807 0.509278 -0.242236
v 1.75599 103.421 25.557
vn -0.389838 0.838065 -0.381672
v 1.64087 103.357 25.5843
vn -0.634079 0.701654 -0.325001
v 1.88602 103.453 25.5448
vn -0.112946 0.906302 -0.407259
v 2.1483 103.413 25.5675
vn 0.441705 0.810406 -0.384888
v 2.02042 103.45 25.5483
vn 0.170158 0.897679 -0.406471
v 2.25931 103.345 25.6007
vn 0.564336 0.753074 -0.338238
v 1.46057 112.047 45.7458
vn -0.559996 -0.112088 0.820878
v 1.4153 112.11 45.7162
vn -0.660025 0.0576288 0.74903
v 1.40061 112.184 45.6821
vn -0.715184 0.333604 0.614182
v 1.42662 112.255 45.6498
vn -0.616569 0.60805 0.500117
v 1.50606 112.323 45.6201
vn -0.319373 0.867384 0.381636
v 1.61316 112.339 45.6148
vn 0.0923161 0.927277 0.362815
v 1.69706 112.316 45.6158
vn 0.428391 0.797594 0.424647
v 1.75865 112.237 45.6642
vn 0.63984 0.537738 0.549038
v 1.76725 112.138 45.7095
vn 0.672158 0.164568 0.721887
v 1.72402 112.06 45.7446
vn 0.506232 -0.132143 0.852213
v 1.65589 112.017 45.7631
vn 0.248017 -0.294287 0.922975
v 1.56079 112.008 45.7655
vn -0.113038 -0.335926 0.935081
v 1.45408 112.036 45.7398
vn -0.391256 -0.246336 0.8867
v 1.7262 112.146 45.2828
vn 0.811521 0.532543 -0.240482
v 1.72019 112.302 45.6227
vn 0.772752 0.581925 -0.253412
v 1.75566 112.263 45.6413
vn 0.845797 0.488121 -0.215323
v 1.78068 112.191 45.6748
vn 0.989571 0.135431 -0.0490736
v 1.7881 111.99 45.3555
vn 0.989336 -0.12921 0.067222
v 1.77836 112.075 45.3163
vn 0.951864 0.281149 -0.122105
v 1.75317 111.91 45.3914
vn 0.817172 -0.522285 0.243821
v 1.76198 112.092 45.7196
vn 0.890001 -0.409625 0.200262
v 1.68158 111.854 45.4159
vn 0.427595 -0.822235 0.375622
v 1.71176 112.032 45.7466
vn 0.63949 -0.69658 0.325315
v 1.6367 111.998 45.7605
vn 0.279081 -0.872091 0.401959
v 1.58973 111.834 45.4233
vn -0.0208926 -0.9119 0.40988
v 1.49867 111.856 45.4119
vn -0.463799 -0.812264 0.353721
v 1.52697 112 45.7576
vn -0.325548 -0.862913 0.386522
v 1.45408 112.036 45.7398
vn -0.675713 -0.676927 0.29186
v 1.42925 111.913 45.3843
vn -0.841739 -0.499951 0.203774
v 1.4077 112.099 45.7102
vn -0.912981 -0.377852 0.153927
v 1.39738 111.994 45.3469
vn -0.994077 -0.106552 0.0213898
v 1.39516 112.198 45.6646
vn -0.980539 0.169538 -0.0989964
v 1.41035 112.078 45.3082
vn -0.936947 0.306702 -0.167522
v 1.42463 112.269 45.6326
vn -0.820173 0.511736 -0.255819
v 1.4652 112.148 45.2771
vn -0.642574 0.687763 -0.337758
v 1.48648 112.32 45.6102
vn -0.528194 0.766659 -0.365028
v 1.54937 112.187 45.2607
vn -0.235193 0.877973 -0.41695
v 1.59265 112.347 45.6001
vn 0.0573125 0.906174 -0.419004
v 1.64356 112.187 45.2627
vn 0.224404 0.883659 -0.410841
v 1.67393 112.33 45.6089
vn 0.461282 0.807576 -0.367478
v 1.7262 112.146 45.2828
vn 0.512069 0.780612 -0.358373
v 1.72019 112.302 45.6227
vn 0.559077 0.757246 -0.337655
v 1.91264 112.328 45.1919
vn 0.773633 0.583402 -0.247253
v 1.99777 112.234 45.2365
vn 0.856244 0.476254 -0.200071
v 2.0655 112 45.3449
vn 0.999496 -0.0192176 0.0252523
v 2.05014 112.121 45.2889
vn 0.96721 0.234913 -0.0965392
v 2.0426 111.88 45.3997
vn 0.950743 -0.275187 0.142685
v 1.89242 111.679 45.4892
vn 0.632799 -0.701144 0.328578
v 1.9833 111.77 45.4492
vn 0.825822 -0.501769 0.257383
v 1.77729 111.615 45.5164
vn 0.389816 -0.838129 0.381553
v 1.64726 111.583 45.5287
vn 0.114769 -0.903023 0.413978
v 1.51287 111.585 45.5252
vn -0.170133 -0.888157 0.426886
v 1.38498 111.622 45.5061
vn -0.441034 -0.819975 0.364871
v 1.27398 111.691 45.4727
vn -0.677205 -0.676062 0.290402
v 1.13647 111.897 45.3757
vn -0.966794 -0.239267 0.0897796
v 1.18884 111.785 45.4282
vn -0.855778 -0.47779 0.198397
v 1.14401 112.139 45.2649
vn -0.951125 0.275297 -0.139905
v 1.12111 112.018 45.3199
vn -0.999477 0.01915 -0.0260496
v 1.20331 112.249 45.2155
vn -0.8258 0.509262 -0.242294
v 1.2942 112.34 45.1756
vn -0.632098 0.701056 -0.330109
v 1.40932 112.403 45.1483
vn -0.387908 0.823627 -0.413722
v 1.53935 112.436 45.136
vn -0.114863 0.890078 -0.441098
v 1.67375 112.433 45.1395
vn 0.170597 0.897563 -0.406543
v 1.80163 112.396 45.1586
vn 0.440466 0.822485 -0.359873
v 1.91264 112.328 45.1919
vn 0.563086 0.758053 -0.329074
v 1.96665 112.36 45.1238
vn 0.740669 0.616641 -0.266764
v 2.06157 112.253 45.1747
vn 0.859562 0.470147 -0.200286
v 2.03735 112.23 45.0196
vn 0.781392 0.573343 -0.246384
v 1.96907 112.298 44.9872
vn 0.740651 0.616652 -0.26679
v 2.12464 112.128 45.2332
vn 0.953768 0.278966 -0.111824
v 2.12705 112.065 45.0966
vn 0.970515 0.224947 -0.0865952
v 2.09061 112.151 45.0565
vn 0.896497 0.408449 -0.171648
v 2.14285 111.991 45.2964
vn 0.999489 0.0318246 0.003017
v 2.14527 111.928 45.1598
vn 0.999291 -0.0241629 0.0288571
v 2.12369 111.854 45.3589
vn 0.960923 -0.244738 0.129343
v 2.08666 111.767 45.3979
vn 0.880105 -0.426271 0.209066
v 2.1076 111.748 45.2418
vn 0.936782 -0.311524 0.159351
v 1.99848 111.654 45.4482
vn 0.725471 -0.620527 0.297722
v 1.96652 111.557 45.3267
vn 0.670895 -0.669202 0.319483
v 2.03527 111.626 45.2965
vn 0.815117 -0.521931 0.251341
v 1.88275 111.564 45.4875
vn 0.52344 -0.770691 0.363381
v 1.79157 111.522 45.505
vn 0.329435 -0.856727 0.396851
v 1.83958 111.48 45.3597
vn 0.455894 -0.80584 0.377866
v 1.64302 111.493 45.5161
vn 0.103567 -0.902492 0.41807
v 1.54417 111.429 45.3779
vn -0.10997 -0.903306 0.414662
v 1.69609 111.434 45.3784
vn 0.180049 -0.892629 0.413276
v 1.49114 111.496 45.5118
vn -0.186482 -0.893366 0.408804
v 1.34796 111.542 45.4884
vn -0.462189 -0.808314 0.364706
v 1.39582 111.458 45.3621
vn -0.336026 -0.857439 0.389723
v 1.26445 111.527 45.3283
vn -0.603994 -0.727722 0.324979
v 1.18741 111.651 45.4353
vn -0.740059 -0.615598 0.270834
v 1.1 111.763 45.3822
vn -0.896895 -0.407933 0.170792
v 1.08419 111.744 45.2256
vn -0.933673 -0.331877 0.134583
v 1.15568 111.622 45.2825
vn -0.799816 -0.55064 0.238935
v 1.05437 111.895 45.3211
vn -0.98052 -0.184448 0.0675272
v 1.04776 111.924 45.1423
vn -0.999691 0.0102247 -0.0226382
v 1.06692 112.061 45.0798
vn -0.960924 0.244734 -0.129346
v 1.0455 112.033 45.2577
vn -0.995305 0.0799593 -0.0545338
v 1.08301 112.167 45.1968
vn -0.936784 0.311516 -0.159354
v 1.15534 112.289 45.1422
vn -0.7961 0.544393 -0.264312
v 1.19214 112.26 44.9905
vn -0.74729 0.598275 -0.289179
v 1.10395 112.148 45.0408
vn -0.879399 0.426999 -0.210547
v 1.30786 112.351 44.9511
vn -0.523437 0.770746 -0.363269
v 1.22409 112.358 45.112
vn -0.648706 0.68664 -0.328188
v 1.35103 112.435 45.079
vn -0.455899 0.805909 -0.377712
v 1.49452 112.481 45.0602
vn -0.180165 0.892522 -0.413455
v 1.54759 112.423 44.9225
vn -0.103566 0.902376 -0.41832
v 1.39904 112.393 44.9337
vn -0.329452 0.856684 -0.39693
v 1.64644 112.486 45.0607
vn 0.110144 0.903248 -0.414742
v 1.69947 112.419 44.9269
vn 0.18651 0.893358 -0.40881
v 1.84023 112.437 45.0868
vn 0.422112 0.826017 -0.37352
v 1.84265 112.373 44.9502
vn 0.476651 0.801786 -0.360476
v 1.96665 112.36 45.1238
vn 0.605465 0.727712 -0.322255
v 1.96907 112.298 44.9872
vn 0.602571 0.730667 -0.32099
v 1.97535 112.135 44.6319
vn 0.783236 0.566053 -0.257148
v 1.96961 112.284 44.9562
vn 0.74071 0.615355 -0.269605
v 2.03789 112.216 44.9886
vn 0.800964 0.538234 -0.262221
v 2.09799 111.986 44.7021
vn 0.864237 0.462772 -0.19732
v 2.09116 112.137 45.0255
vn 0.861956 0.462103 -0.208548
v 2.11703 111.939 44.7031
vn 0.934178 0.332139 -0.130363
v 2.1276 112.051 45.0656
vn 0.976528 0.201779 -0.0753597
v 2.12607 111.897 44.6654
vn 0.951092 0.287079 -0.114064
v 2.20369 109.882 40.2687
vn 0.947651 0.29625 -0.119136
v 2.14598 111.96 45.1076
vn 0.996143 0.0850857 -0.0214357
v 2.14566 111.868 45.15
vn 0.995296 -0.0801781 0.0543742
v 2.48482 103.08 25.9834
vn 0.995295 -0.0801906 0.0543798
v 2.48514 103.172 25.941
vn 0.9912 0.126111 -0.0402242
v 2.08963 111.69 45.2303
vn 0.893511 -0.401987 0.200113
v 2.42878 102.903 26.0637
vn 0.893533 -0.401951 0.200087
v 2.46582 102.989 26.0247
vn 0.951924 -0.271731 0.141429
v 2.12666 111.777 45.1914
vn 0.969047 -0.217466 0.116857
v 1.96707 111.543 45.2957
vn 0.672166 -0.66845 0.318382
v 2.30623 102.755 26.1291
vn 0.672108 -0.668499 0.318404
v 2.37498 102.824 26.0989
vn 0.796168 -0.544559 0.263766
v 2.03582 111.612 45.2655
vn 0.795341 -0.54555 0.264212
v 1.88572 111.487 45.32
vn 0.496856 -0.785506 0.368936
v 1.79454 111.445 45.3374
vn 0.329426 -0.856056 0.398306
v 2.1337 102.658 26.1708
vn 0.38735 -0.835438 0.389877
v 2.22488 102.699 26.1533
vn 0.548488 -0.756354 0.356497
v 1.69663 111.42 45.3475
vn 0.178145 -0.893268 0.412719
v 2.03579 102.632 26.1808
vn 0.180211 -0.892916 0.412583
v 1.4941 111.419 45.3442
vn -0.186536 -0.894297 0.406739
v 1.83326 102.631 26.1776
vn -0.186536 -0.894297 0.40674
v 1.9345 102.623 26.1831
vn -0.0329577 -0.908733 0.416075
v 1.59534 111.411 45.3498
vn 0.0285353 -0.908445 0.41703
v 1.39637 111.444 45.3311
vn -0.393548 -0.838271 0.377387
v 1.30548 111.485 45.3107
vn -0.528187 -0.775365 0.346163
v 1.64464 102.697 26.1441
vn -0.528114 -0.775405 0.346182
v 1.73553 102.656 26.1644
vn -0.335899 -0.858429 0.38765
v 1.22451 111.54 45.2839
vn -0.651252 -0.694109 0.306729
v 1.56367 102.752 26.1173
vn -0.697534 -0.655946 0.288411
v 2.46676 103.263 25.899
vn 0.960879 0.257822 -0.101186
v 2.43032 103.349 25.8589
vn 0.901137 0.39988 -0.167474
v 2.19664 109.886 40.2275
vn 0.932843 0.333431 -0.136486
v 2.30877 103.496 25.7896
vn 0.74073 0.615541 -0.269126
v 2.0551 110.068 40.1229
vn 0.773641 0.581173 -0.252425
v 2.37705 103.428 25.822
vn 0.801329 0.549159 -0.237267
v 2.1858 109.904 40.2024
vn 0.913953 0.374765 -0.155697
v 2.17778 109.919 40.1932
vn 0.824198 0.520313 -0.223545
v 1.15623 111.608 45.2515
vn -0.800648 -0.549859 0.237945
v 1.49539 102.82 26.0848
vn -0.800653 -0.549853 0.237942
v 1.10296 111.687 45.2146
vn -0.8969 -0.407791 0.171104
v 1.44212 102.899 26.048
vn -0.8969 -0.407791 0.171103
v 1.06652 111.773 45.1745
vn -0.962601 -0.252321 0.098657
v 1.40568 102.985 26.0078
vn -0.9626 -0.252325 0.0986586
v 1.04847 111.956 45.0901
vn -0.9953 0.0801452 -0.0543589
v 1.38762 103.168 25.9235
vn -0.995301 0.080131 -0.0543523
v 1.38731 103.076 25.9659
vn -0.995879 -0.0878185 0.0226429
v 1.04815 111.864 45.1325
vn -0.995882 -0.087791 0.0226302
v 1.1045 112.133 45.0098
vn -0.893491 0.402019 -0.200138
v 1.44366 103.345 25.8432
vn -0.893468 0.40206 -0.200157
v 1.40662 103.259 25.8821
vn -0.960734 0.245392 -0.129514
v 1.06746 112.047 45.0488
vn -0.96074 0.245371 -0.129504
v 1.15831 112.212 44.9746
vn -0.778084 0.565672 -0.273132
v 1.22706 112.281 44.9444
vn -0.67211 0.668497 -0.318403
v 1.56622 103.493 25.7778
vn -0.672167 0.668449 -0.318382
v 1.49747 103.424 25.808
vn -0.815074 0.521039 -0.253322
v 1.30841 112.337 44.9202
vn -0.548508 0.756342 -0.356492
v 1.64757 103.549 25.7535
vn -0.494627 0.786673 -0.369445
v 1.39959 112.378 44.9027
vn -0.357345 0.846575 -0.394482
v 1.49749 112.404 44.8927
vn -0.151558 0.897487 -0.414183
v 1.83665 103.616 25.726
vn -0.213006 0.886712 -0.41033
v 1.73874 103.59 25.7361
vn -0.35733 0.84658 -0.394485
v 1.59879 112.413 44.8904
vn 0.00330731 0.909031 -0.416715
v 1.93794 103.625 25.7237
vn -0.00876418 0.908908 -0.416906
v 1.691 112.406 44.8951
vn 0.137851 0.901924 -0.409305
v 1.77618 110.211 40.1069
vn 0.180741 0.895245 -0.40727
v 1.79775 112.38 44.909
vn 0.373059 0.846131 -0.380643
v 1.74954 112.245 44.5726
vn 0.280896 0.874271 -0.395912
v 1.87712 112.2 44.6005
vn 0.479818 0.7995 -0.361352
v 1.97535 112.135 44.6319
vn 0.596575 0.732296 -0.328391
v 1.88865 112.339 44.9294
vn 0.552559 0.76116 -0.339579
v 1.96961 112.284 44.9562
vn 0.602673 0.729113 -0.324313
v 1.70785 112.241 44.5399
vn 0.216422 0.888678 -0.404243
v 2.03918 103.617 25.7293
vn 0.193678 0.893052 -0.406136
v 1.80181 110.192 40.0784
vn 0.200887 0.891819 -0.405343
v 1.82525 110.182 40.0693
vn 0.259016 0.879676 -0.398848
v 2.13691 103.592 25.7424
vn 0.375211 0.845085 -0.380851
v 1.84529 110.176 40.0697
vn 0.390505 0.839492 -0.377834
v 1.95691 110.132 40.0915
vn 0.479808 0.800757 -0.358571
v 2.22781 103.551 25.7628
vn 0.549349 0.763207 -0.340193
v 1.51302 111.581 45.5163
vn -0.015918 0.422454 0.906245
v 1.43081 111.563 45.5233
vn -0.014247 0.421821 0.906567
v 1.58874 111.542 45.5355
vn -0.0146899 0.416709 0.908921
v 1.64742 111.579 45.5198
vn -0.015109 0.415368 0.909528
v 1.38514 111.618 45.4971
vn -0.0127521 0.420464 0.907219
v 1.23156 111.734 45.4415
vn -0.0186206 0.414885 0.909683
v 1.2905 111.632 45.4894
vn -0.0173522 0.416665 0.908895
v 1.83501 111.643 45.4939
vn -0.015898 0.415374 0.909512
v 1.79615 111.582 45.5209
vn -0.0155796 0.413363 0.910433
v 1.9685 111.695 45.4723
vn -0.0165365 0.417778 0.908399
v 1.17668 111.732 45.4411
vn -0.0207503 0.413001 0.910494
v 1.108 111.863 45.38
vn -0.0176344 0.416549 0.908942
v 1.13663 111.893 45.3668
vn -0.0180288 0.417529 0.908485
v 1.12127 112.014 45.3109
vn -0.0153279 0.416164 0.90916
v 1.11091 112.149 45.2489
vn -0.0172176 0.417746 0.908401
v 1.08174 112.006 45.314
vn -0.0129499 0.415901 0.909318
v 1.17382 112.19 45.2313
vn -0.0188317 0.418288 0.908119
v 1.21843 112.315 45.1745
vn -0.0218431 0.422113 0.90628
v 1.29436 112.336 45.1666
vn -0.0201103 0.421796 0.906468
v 1.98346 111.765 45.4402
vn -0.0178093 0.417819 0.908356
v 2.05901 111.815 45.4188
vn -0.0166521 0.415485 0.909448
v 2.0542 111.936 45.3633
vn -0.0164912 0.416746 0.908873
v 2.09911 111.956 45.3549
vn -0.0157022 0.417579 0.908505
v 2.07894 112.147 45.2668
vn -0.018587 0.415394 0.909452
v 2.0503 112.117 45.28
vn -0.0196362 0.414837 0.909684
v 1.97483 112.314 45.1885
vn -0.0128571 0.419599 0.907618
v 1.99793 112.23 45.2276
vn -0.0163852 0.416347 0.909058
v 1.91279 112.324 45.183
vn -0.014566 0.417862 0.908394
v 1.39078 112.428 45.1258
vn -0.016953 0.416297 0.90907
v 1.47449 112.415 45.1332
vn -0.0160303 0.414555 0.909883
v 1.59819 112.468 45.1114
vn -0.0158713 0.413162 0.910519
v 1.80477 112.427 45.1335
vn -0.0160797 0.417644 0.908469
v 1.80179 112.392 45.1497
vn -0.0173052 0.417255 0.908625
v 1.67391 112.429 45.1306
vn -0.0152397 0.418483 0.908097
v 1.6471 111.587 45.5377
vn -0.0160225 0.417039 0.908747
v 1.58973 111.834 45.4233
vn -0.014892 0.417185 0.9087
v 1.51271 111.59 45.5342
vn -0.0157533 0.417139 0.908706
v 1.49867 111.856 45.4119
vn -0.016276 0.416694 0.908901
v 1.38482 111.626 45.515
vn -0.0169729 0.415964 0.909223
v 1.68158 111.854 45.4159
vn -0.016483 0.416956 0.908777
v 1.77713 111.619 45.5254
vn -0.0164119 0.416811 0.908845
v 1.89226 111.683 45.4981
vn -0.0164303 0.41696 0.908776
v 1.27382 111.695 45.4817
vn -0.0158313 0.416679 0.908916
v 1.18868 111.789 45.4371
vn -0.0157056 0.417354 0.908608
v 1.42925 111.913 45.3843
vn -0.0161044 0.416854 0.908831
v 1.13631 111.901 45.3847
vn -0.0163125 0.416631 0.908929
v 1.39738 111.994 45.3469
vn -0.0166412 0.417364 0.908587
v 1.12096 112.022 45.3288
vn -0.016533 0.417597 0.908482
v 1.41035 112.078 45.3082
vn -0.0158448 0.417022 0.908758
v 1.20315 112.253 45.2245
vn -0.0157073 0.416132 0.909169
v 1.14385 112.143 45.2739
vn -0.0155536 0.416066 0.909201
v 1.4652 112.148 45.2771
vn -0.0158493 0.415763 0.909335
v 1.75317 111.91 45.3914
vn -0.0167347 0.416751 0.908867
v 2.04244 111.884 45.4087
vn -0.0164304 0.417199 0.908666
v 1.7881 111.99 45.3555
vn -0.0159872 0.417238 0.908657
v 1.98315 111.774 45.4581
vn -0.0170197 0.416919 0.908784
v 2.06534 112.004 45.3538
vn -0.0158134 0.416771 0.908874
v 1.77836 112.075 45.3163
vn -0.0162848 0.416439 0.909018
v 2.04998 112.126 45.2979
vn -0.016532 0.416023 0.909204
v 1.7262 112.146 45.2828
vn -0.016132 0.416773 0.908867
v 1.99761 112.238 45.2455
vn -0.0164869 0.416865 0.908819
v 1.91248 112.332 45.2009
vn -0.0166539 0.41685 0.908823
v 1.54937 112.187 45.2607
vn -0.0166238 0.415589 0.909401
v 1.40916 112.408 45.1573
vn -0.0157361 0.415616 0.909404
v 1.29404 112.344 45.1845
vn -0.0160587 0.415614 0.909399
v 1.53919 112.44 45.1449
vn -0.0163436 0.416064 0.909188
v 1.64356 112.187 45.2627
vn -0.0158119 0.416559 0.908971
v 1.67359 112.437 45.1485
vn -0.0150566 0.416952 0.908804
v 1.80147 112.4 45.1676
vn -0.0156516 0.416931 0.908803
v 1.64799 112.029 45.7684
vn -0.0181861 0.414812 0.909725
v 1.49017 112.044 45.7585
vn -0.017037 0.414975 0.909673
v 1.42566 112.243 45.6661
vn -0.0190641 0.418691 0.907928
v 1.7171 112.272 45.6579
vn -0.0118986 0.426242 0.904531
v 1.4229 112.12 45.7222
vn -0.0238052 0.4137 0.910102
v 1.73637 112.103 45.7361
vn 0.00517597 0.405334 0.914154
v 1.57929 112.336 45.6262
vn -0.0182848 0.41774 0.908383
v 1.99409 102.596 25.9286
vn 0.0153224 -0.415636 -0.909402
v 1.79575 102.618 25.9154
vn 0.0155233 -0.416654 -0.908932
v 2.40088 102.953 25.7722
vn 0.0157822 -0.416258 -0.90911
v 1.47939 103.092 25.6923
vn 0.019114 -0.418105 -0.908198
v 2.12412 102.628 25.9162
vn 0.0155771 -0.415671 -0.909382
v 1.50949 102.854 25.8018
vn 0.0221529 -0.414577 -0.909745
v 1.62081 102.704 25.8726
vn 0.0189912 -0.414528 -0.909838
v 1.59559 103.307 25.5954
vn 0.0168131 -0.416974 -0.908763
v 1.82116 103.433 25.542
vn 0.016474 -0.41759 -0.908486
v 2.23924 102.692 25.889
vn 0.0175183 -0.417232 -0.908631
v 2.37078 103.191 25.6626
vn 0.0154994 -0.417805 -0.908404
v 2.08452 103.427 25.5489
vn 0.0146693 -0.419992 -0.907409
v 2.25947 103.341 25.5918
vn 0.0191568 -0.414362 -0.90991
v 2.33013 102.783 25.849
vn 0.0187346 -0.417977 -0.908264
v 1.79544 102.625 25.9333
vn 0.0156889 -0.417556 -0.908516
v 1.82938 102.578 25.9555
vn 0.0154032 -0.417842 -0.908389
v 1.99378 102.604 25.9465
vn 0.0164741 -0.419328 -0.907685
v 1.62049 102.712 25.8905
vn 0.014112 -0.41813 -0.908278
v 1.67984 102.628 25.93
vn 0.0157869 -0.417096 -0.908725
v 1.55845 102.722 25.885
vn 0.0128218 -0.419612 -0.907613
v 2.18137 102.668 25.9204
vn 0.0176658 -0.418571 -0.908012
v 2.31486 102.721 25.899
vn 0.0188708 -0.417083 -0.908672
v 2.19157 102.627 25.9395
vn 0.0167698 -0.41861 -0.908011
v 2.04101 102.578 25.9594
vn 0.0169601 -0.420717 -0.907033
v 1.4704 102.842 25.8282
vn 0.0148752 -0.417599 -0.90851
v 1.50917 102.862 25.8197
vn 0.0146719 -0.417223 -0.908686
v 1.43319 102.983 25.7628
vn 0.0145017 -0.416546 -0.908999
v 1.46763 103.04 25.7376
vn 0.0153469 -0.417084 -0.908738
v 1.45727 103.174 25.6756
vn 0.0138946 -0.41598 -0.909268
v 1.52017 103.215 25.658
vn 0.0130044 -0.415099 -0.909683
v 1.56478 103.341 25.6012
vn 0.0142744 -0.415576 -0.909446
v 1.64071 103.361 25.5933
vn 0.0148915 -0.415523 -0.909461
v 2.35947 102.846 25.8421
vn 0.0188956 -0.418253 -0.908134
v 2.42237 102.887 25.8245
vn 0.0175603 -0.417673 -0.908428
v 2.41201 103.022 25.7626
vn 0.0162172 -0.416162 -0.909146
v 2.45154 103.03 25.7595
vn 0.0128221 -0.415886 -0.909326
v 2.37047 103.199 25.6805
vn 0.0196545 -0.415559 -0.909354
v 2.42529 103.173 25.6935
vn 0.0188448 -0.416218 -0.90907
v 2.35661 103.304 25.6324
vn 0.0213646 -0.413192 -0.910393
v 2.24278 103.404 25.584
vn 0.0172359 -0.416408 -0.909014
v 2.25915 103.349 25.6096
vn 0.0183625 -0.41528 -0.909508
v 1.73714 103.454 25.5525
vn 0.0157937 -0.41424 -0.91003
v 1.88586 103.457 25.5537
vn 0.0146471 -0.413847 -0.910229
v 1.75583 103.425 25.566
vn 0.0158297 -0.414282 -0.910011
v 1.89106 103.494 25.537
vn 0.0142486 -0.412962 -0.910637
v 2.0842 103.436 25.5668
vn 0.0157082 -0.41755 -0.908518
v 2.05025 103.483 25.5446
vn 0.0159526 -0.416128 -0.909166
v 1.79686 110.197 40.0818
vn -0.588136 -0.156363 -0.793503
v 1.82013 110.186 40.0702
vn -0.379909 -0.389701 -0.838929
v 1.78748 110.203 40.0914
vn -0.800754 -0.0853416 -0.592882
v 1.78137 110.209 40.1011
vn -0.926181 -0.05083 -0.373638
v 1.84587 110.178 40.0689
vn -0.161218 -0.373092 -0.91368
v 1.77559 110.222 40.1254
vn -0.948809 0.133013 -0.286476
v 1.77559 110.222 40.1254
vn -0.983108 0.159154 -0.0903863
v 1.69809 112.23 44.5055
vn -0.986752 0.140135 -0.0817515
v 1.7156 112.246 44.5504
vn -0.750731 0.468879 0.465355
v 1.70276 112.24 44.53
vn -0.911681 0.330448 0.244216
v 1.72891 112.249 44.5627
vn -0.557397 0.435554 0.706824
v 1.74002 112.249 44.5695
vn -0.364402 0.401628 0.840182
v 1.69809 112.23 44.5055
vn -0.963973 0.256276 0.0712602
v 1.76609 112.244 44.5779
vn -0.186587 0.504404 0.843067
v 1.7655 112.243 44.5786
vn 0.0227608 0.49611 0.867961
v 1.90589 112.182 44.6089
vn 0.0329103 0.490232 0.870971
v 2.09976 111.987 44.7018
vn -0.0419047 0.39799 0.916432
v 2.01766 112.101 44.6481
vn -0.0154237 0.417105 0.908727
v 2.12009 111.936 44.7025
vn 0.201533 -0.214656 0.955671
v 2.11119 111.963 44.7073
vn 0.118335 0.065391 0.990818
v 2.12355 111.924 44.6957
vn 0.298517 -0.477056 0.826622
v 2.12564 111.914 44.6877
vn 0.42041 -0.620535 0.661961
v 2.09976 111.987 44.7018
vn 0.0339277 0.255286 0.96627
v 2.12794 111.898 44.6652
vn 0.416493 -0.730478 0.541235
v 2.12607 111.897 44.6654
vn 0.429049 -0.818121 0.382876
v 2.20731 109.89 40.2849
vn 0.339327 -0.852768 0.397043
v 2.19933 109.887 40.2312
vn 0.400128 -0.859485 -0.318094
v 2.20459 109.883 40.2583
vn 0.464909 -0.8852 -0.0167379
v 2.19528 109.892 40.2185
vn 0.370455 -0.740405 -0.56086
v 2.19068 109.9 40.2082
vn 0.300912 -0.609661 -0.733325
v 2.20544 109.889 40.2851
vn 0.298889 -0.926738 0.227645
v 2.17955 109.92 40.1929
vn 0.165757 -0.532089 -0.830304
v 1.84529 110.176 40.0697
vn -0.00507125 -0.455222 -0.890364
v 1.96997 110.127 40.094
vn 0.0146028 -0.421795 -0.906574
v 2.17955 109.92 40.1929
vn 0.0306281 -0.406207 -0.913268
v 2.09745 110.034 40.1391
vn 0.0129162 -0.418909 -0.907936
v 2.04589 110.074 40.12
vn 0.0156641 -0.421457 -0.906713
v 1.75344 112.249 44.5741
vn 0.271636 0.878376 -0.393281
v 1.72426 111.562 43.0447
vn 0.242952 0.884911 -0.397375
v 1.81823 112.001 44.0778
vn 0.425447 0.827735 -0.365855
v 1.81388 112.054 44.1913
vn 0.296755 0.87135 -0.39075
v 1.8131 112.129 44.3573
vn 0.279757 0.876643 -0.391451
v 1.81496 112.027 44.1336
vn 0.563152 0.755167 -0.335534
v 1.8449 112.149 44.4364
vn 0.413004 0.839518 -0.35304
v 1.90323 112.189 44.6056
vn 0.51818 0.790789 -0.325796
v 1.9104 112.123 44.4697
vn 0.546502 0.767185 -0.335802
v 1.89682 112.088 44.3683
vn 0.490962 0.794231 -0.357986
v 1.8984 112.045 44.2737
vn 0.514875 0.783875 -0.34705
v 1.87322 111.946 44.0179
vn 0.468077 0.806039 -0.362223
v 1.90562 111.987 44.1557
vn 0.548879 0.764389 -0.338292
v 1.93049 111.936 44.082
vn 0.589485 0.738939 -0.326308
v 1.8811 111.863 43.8427
vn 0.393893 0.837703 -0.378289
v 1.879 111.802 43.7042
vn 0.489935 0.795437 -0.356712
v 1.88464 111.654 43.3818
vn 0.359268 0.846982 -0.391851
v 1.88207 111.722 43.5303
vn 0.44228 0.817432 -0.369044
v 1.88569 111.621 43.3098
vn 0.355938 0.8559 -0.375156
v 1.86073 111.306 42.5774
vn 0.40231 0.836758 -0.371461
v 1.89481 111.398 42.8225
vn 0.408432 0.83324 -0.372685
v 1.89126 111.48 43.0016
vn 0.481843 0.800153 -0.357187
v 1.89018 111.586 43.2366
vn 0.472108 0.804874 -0.359571
v 1.89002 111.514 43.075
vn 0.510585 0.781663 -0.358197
v 1.8402 111.296 42.5343
vn 0.345493 0.859329 -0.377078
v 1.93604 111.792 43.7681
vn 0.549956 0.762489 -0.34082
v 1.9087 111.594 43.2796
vn 0.544918 0.781725 -0.303268
v 1.92573 111.662 43.4592
vn 0.524142 0.773943 -0.35537
v 1.90914 111.433 42.9209
vn 0.477635 0.801758 -0.359233
v 1.95576 112.078 44.4499
vn 0.663951 0.692568 -0.281991
v 2.01766 112.101 44.6481
vn 0.701011 0.661492 -0.26648
v 1.96175 111.812 43.8606
vn 0.536361 0.773436 -0.337808
v 1.95811 111.928 44.1152
vn 0.628276 0.711644 -0.314377
v 1.97119 111.769 43.7835
vn 0.6514 0.687663 -0.320621
v 1.97001 111.662 43.5369
vn 0.625687 0.714247 -0.313635
v 2.00225 111.443 43.1097
vn 0.603348 0.718875 -0.345239
v 1.97543 111.429 43.0262
vn 0.638146 0.703994 -0.311707
v 1.99116 111.556 43.3416
vn 0.657107 0.717722 -0.230403
v 1.97354 111.383 42.9152
vn 0.647359 0.695525 -0.311724
v 1.98998 111.589 43.4137
vn 0.678189 0.655704 -0.33183
v 1.995 111.612 43.4777
vn 0.657955 0.683798 -0.315462
v 1.95488 111.321 42.742
vn 0.555053 0.759861 -0.338419
v 1.95355 111.274 42.6345
vn 0.627568 0.713159 -0.31235
v 1.73718 111.227 42.3146
vn 0.264408 0.878374 -0.398181
v 1.84984 111.177 42.2811
vn 0.361595 0.848382 -0.38665
v 1.87114 111.262 42.4915
vn 0.442322 0.817811 -0.368153
v 1.87929 111.179 42.317
vn 0.493532 0.793595 -0.355856
v 1.7501 110.893 41.5846
vn 0.310354 0.865175 -0.393893
v 1.84874 111.159 42.2389
vn 0.323758 0.86029 -0.393803
v 1.9187 110.769 41.4509
vn 0.369703 0.846337 -0.38345
v 1.91691 110.873 41.6804
vn 0.337066 0.857671 -0.388314
v 1.87641 111.136 42.2182
vn 0.412252 0.829457 -0.376895
v 1.91422 110.988 41.9339
vn 0.451216 0.813748 -0.366358
v 1.89694 111.333 42.6807
vn 0.478792 0.80143 -0.358424
v 1.91976 110.742 41.3912
vn 0.421898 0.82738 -0.370735
v 1.93209 111.003 41.9927
vn 0.514033 0.783543 -0.349041
v 1.95588 110.881 41.7552
vn 0.515183 0.78252 -0.349641
v 1.76301 110.558 40.8546
vn 0.230193 0.885689 -0.403194
v 1.924 110.632 41.1514
vn 0.451407 0.815387 -0.362458
v 1.9443 110.317 40.4764
vn 0.478467 0.801338 -0.359063
v 1.826 110.186 40.07
vn 0.258734 0.880736 -0.396687
v 1.93269 110.411 40.6699
vn 0.459312 0.811274 -0.361756
v 1.92877 110.517 40.9009
vn 0.465438 0.807076 -0.363311
v 1.92972 110.492 40.8469
vn 0.421696 0.825902 -0.374243
v 1.94052 110.213 40.2386
vn 0.372672 0.843129 -0.387619
v 1.98302 110.122 40.0966
vn 0.535292 0.763509 -0.361271
v 1.95427 111.085 42.2123
vn 0.557031 0.758934 -0.337246
v 1.94533 110.953 41.8996
vn 0.579761 0.744481 -0.331097
v 1.98824 110.747 41.5107
vn 0.58024 0.743433 -0.33261
v 1.96578 110.361 40.6047
vn 0.556395 0.75935 -0.337361
v 1.9769 110.731 41.4535
vn 0.556221 0.760374 -0.335336
v 1.98108 110.623 41.2172
vn 0.545882 0.763754 -0.344517
v 2.0122 110.313 40.5797
vn 0.601279 0.730357 -0.324103
v 1.99848 110.2 40.2976
vn 0.565027 0.753141 -0.336932
v 2.00571 111.144 42.4393
vn 0.613111 0.716128 -0.333551
v 1.99625 110.988 42.0672
vn 0.6812 0.670394 -0.294173
v 1.97998 110.832 41.6845
vn 0.548964 0.760251 -0.347357
v 2.01039 110.839 41.762
vn 0.646263 0.697768 -0.308973
v 1.98299 111.285 42.7113
vn 0.684151 0.673708 -0.279382
v 1.98299 111.105 42.3059
vn 0.665339 0.674685 -0.319569
v 2.08281 111.087 42.5163
vn 0.715744 0.644587 -0.268733
v 2.07862 111.143 42.633
vn 0.740224 0.616572 -0.268156
v 1.97842 110.688 41.359
vn 0.661804 0.68171 -0.311908
v 2.01682 110.576 41.1784
vn 0.600089 0.732809 -0.320754
v 1.97971 110.654 41.2861
vn 0.626677 0.716853 -0.30561
v 1.99708 110.479 40.9216
vn 0.597188 0.730075 -0.3322
v 1.98635 110.506 40.9635
vn 0.573012 0.74763 -0.335719
v 2.01539 110.355 40.6775
vn 0.597918 0.733707 -0.32275
v 1.99366 110.56 41.0979
vn 0.616361 0.720119 -0.318633
v 2.00249 110.276 40.4735
vn 0.535759 0.770588 -0.34519
v 2.03217 110.167 40.2855
vn 0.61954 0.71375 -0.326696
v 2.04548 110.267 40.5409
vn 0.674162 0.676134 -0.297234
v 2.00395 112.031 44.4503
vn 0.704056 0.651115 -0.283467
v 1.97518 112.016 44.3483
vn 0.647871 0.694335 -0.313308
v 1.99203 111.936 44.2051
vn 0.679103 0.670936 -0.297766
v 1.97732 111.851 43.9809
vn 0.175867 0.913579 -0.366667
v 1.99685 111.89 44.1145
vn 0.709792 0.644916 -0.283334
v 1.97835 111.838 43.9529
vn 0.425459 0.83341 -0.352721
v 2.00723 111.952 44.2779
vn 0.737133 0.618419 -0.272384
v 2.07778 111.455 43.3487
vn 0.787142 0.576138 -0.220166
v 2.0127 111.754 43.8424
vn 0.720318 0.630423 -0.289324
v 2.06965 111.673 43.8253
vn 0.812772 0.533191 -0.234754
v 2.02461 111.606 43.5361
vn 0.733112 0.618837 -0.282112
v 2.07898 111.421 43.2747
vn 0.811487 0.538845 -0.22613
v 1.9868 111.511 43.2313
vn 0.707901 0.655453 -0.263169
v 2.06653 111.349 43.0677
vn 0.782441 0.571362 -0.247652
v 2.02928 111.337 42.9328
vn 0.698807 0.653232 -0.291474
v 2.03749 111.272 42.8076
vn 0.729501 0.627347 -0.272514
v 2.06409 111.817 44.1391
vn 0.806289 0.542725 -0.235263
v 2.02543 111.828 44.0436
vn 0.757969 0.593181 -0.271329
v 2.06541 111.783 44.0648
vn 0.833912 0.505564 -0.22135
v 2.07093 111.639 43.7526
vn 0.835239 0.505501 -0.216435
v 2.07351 111.564 43.586
vn 0.787164 0.566537 -0.243739
v 2.03095 111.684 43.7314
vn 0.747431 0.609749 -0.263729
v 2.04967 111.858 44.1875
vn 0.786462 0.56445 -0.250746
v 2.05302 112.002 44.5295
vn 0.81992 0.531796 -0.211954
v 2.10485 111.981 44.7036
vn 0.911561 0.378919 -0.159615
v 2.06027 111.898 44.3147
vn 0.850599 0.483838 -0.205871
v 2.14272 111.564 43.9349
vn 0.894068 0.411918 -0.175969
v 2.1298 111.899 44.6649
vn 0.929906 0.339879 -0.140558
v 2.06626 111.315 42.9895
vn 0.781381 0.572302 -0.248825
v 2.07633 111.36 43.1259
vn 0.779605 0.577094 -0.243265
v 2.07588 111.503 43.4545
vn 0.833439 0.501694 -0.231695
v 2.07715 111.47 43.3824
vn 0.845894 0.500933 -0.183109
v 2.08851 111.184 42.7593
vn 0.829417 0.516794 -0.212114
v 2.15564 111.229 43.2049
vn 0.89053 0.419301 -0.176473
v 2.09501 111.049 42.4689
vn 0.829552 0.51406 -0.218142
v 2.09781 110.935 42.215
vn 0.783983 0.570965 -0.24366
v 2.03527 110.897 41.9505
vn 0.689678 0.660513 -0.29676
v 2.04358 110.921 42.0233
vn 0.722457 0.634184 -0.275437
v 2.09583 110.983 42.3182
vn 0.782199 0.571375 -0.248385
v 2.04721 110.843 41.8535
vn 0.7414 0.615059 -0.268382
v 2.04106 110.748 41.6228
vn 0.535252 0.766623 -0.354676
v 2.05476 110.704 41.555
vn 0.6195 0.720076 -0.312587
v 2.04065 110.779 41.6924
vn 0.627319 0.715892 -0.306544
v 2.06269 110.782 41.754
vn 0.732542 0.623871 -0.272335
v 2.03189 110.45 40.9247
vn 0.55315 0.772305 -0.312364
v 2.04697 110.68 41.4834
vn 0.702563 0.649794 -0.290125
v 2.05708 110.458 41.0007
vn 0.694516 0.657914 -0.291198
v 2.11327 110.535 41.3432
vn 0.802625 0.549956 -0.230956
v 2.07689 110.414 40.9515
vn 0.748702 0.595981 -0.290261
v 2.07572 110.295 40.6774
vn 0.705414 0.648082 -0.287019
v 2.09745 110.034 40.1391
vn 0.716726 0.629605 -0.299835
v 2.06274 110.182 40.3884
vn 0.607427 0.7223 -0.330628
v 2.07577 110.148 40.3429
vn 0.599595 0.733551 -0.319984
v 2.08642 110.109 40.2831
vn 0.731737 0.622054 -0.278584
v 2.08442 110.226 40.5418
vn 0.675017 0.672906 -0.302572
v 2.11499 110.481 41.2232
vn 0.813648 0.534902 -0.227719
v 2.06436 110.504 41.1248
vn 0.729937 0.62624 -0.273888
v 2.07836 111.054 42.4244
vn 0.770014 0.586149 -0.252008
v 2.09962 110.887 42.1098
vn 0.825022 0.520982 -0.218899
v 2.10466 110.755 41.8233
vn 0.889047 0.421658 -0.178326
v 2.10896 110.646 41.5845
vn 0.831694 0.510273 -0.218875
v 2.1199 110.362 40.9662
vn 0.827057 0.507407 -0.241898
v 2.08412 110.649 41.5123
vn 0.778591 0.569962 -0.262562
v 2.11194 110.569 41.4161
vn 0.873861 0.446342 -0.192733
v 2.11891 110.387 41.0204
vn 0.845023 0.488977 -0.216423
v 2.08155 110.373 40.8717
vn 0.751725 0.604104 -0.264514
v 2.12402 110.253 40.7274
vn 0.792485 0.560133 -0.241286
v 2.12602 110.202 40.6173
vn 0.821763 0.522696 -0.226925
v 2.19439 110.225 41.0149
vn 0.794275 0.570879 -0.207905
v 2.12112 110.329 40.893
vn 0.842446 0.495398 -0.211817
v 2.18795 109.909 40.2025
vn 0.911417 0.381221 -0.154887
v 2.13037 110.091 40.374
vn 0.833126 0.502855 -0.230301
v 1.93084 110.408 40.6714
vn 0.865198 -0.450613 0.219956
v 1.92972 110.492 40.8469
vn 0.864957 -0.450553 0.221023
v 1.98619 110.479 40.9094
vn 0.508273 -0.634846 -0.581919
v 1.92972 110.492 40.8469
vn 0.555152 -0.551636 -0.622498
v 1.99014 110.385 40.702
vn -0.795097 0.546041 -0.263934
v 1.98506 110.478 40.9101
vn -0.814846 0.520993 -0.25415
v 1.99247 110.378 40.6902
vn -0.781081 0.399924 -0.479556
v 1.99614 110.371 40.6811
vn -0.70479 0.283247 -0.650417
v 1.98985 110.385 40.7022
vn -0.791689 0.477949 -0.380518
v 2.01336 110.352 40.6755
vn -0.076138 -0.353561 -0.932308
v 2.00171 110.363 40.6755
vn -0.482017 -0.0152566 -0.876029
v 2.02353 110.348 40.6828
vn 0.561419 -0.661871 -0.496725
v 2.01718 110.35 40.6763
vn 0.39021 -0.5963 -0.701543
v 2.0301 110.348 40.6973
vn 0.732267 -0.67853 -0.0581611
v 2.03385 110.354 40.7182
vn 0.732989 -0.662581 0.153993
v 2.0306 110.448 40.9253
vn 0.761033 -0.586348 0.277533
v 2.03361 110.354 40.7199
vn 0.786784 -0.555992 0.268037
v 2.0773 110.407 40.945
vn -0.0131877 -0.438357 -0.898704
v 2.1183 110.361 40.9667
vn -0.0147188 -0.437732 -0.898985
v 2.0306 110.448 40.9253
vn 0.0189955 -0.408756 -0.912446
v 2.1183 110.361 40.9667
vn -0.569301 0.749343 -0.338202
v 2.12112 110.329 40.893
vn -0.565092 0.745285 -0.353866
v 2.11952 110.328 40.8935
vn -0.00444774 0.429973 0.902831
v 2.08009 110.372 40.8722
vn -0.00713954 0.438875 0.89852
v 2.08155 110.373 40.8717
vn -0.609878 0.715799 -0.34012
v 2.08033 110.327 40.777
vn -0.609877 0.715829 -0.340058
v 2.08179 110.328 40.7765
vn -0.488182 0.271925 -0.829298
v 2.12402 110.253 40.7274
vn -0.476799 0.277818 -0.833954
v 2.12242 110.252 40.7278
vn -0.564425 0.745666 -0.354127
v 2.12456 110.205 40.6247
vn -0.480411 0.796607 -0.366909
v 2.12596 110.206 40.6243
vn 0.425582 -0.278922 0.860861
v 2.07287 110.293 40.6785
vn 0.466415 -0.238807 0.851721
v 2.06475 110.293 40.6523
vn -0.551672 0.804521 0.22001
v 2.0743 110.294 40.6779
vn -0.618649 0.775651 0.125057
v 2.05438 110.296 40.6304
vn -0.514007 0.712438 0.477733
v 2.04238 110.301 40.6162
vn -0.320299 0.680137 0.65941
v 2.02908 110.308 40.6058
vn -0.187099 0.550378 0.813682
v 1.97523 110.349 40.5995
vn 0.445145 0.0890781 0.891017
v 1.9975 110.331 40.5958
vn 0.172967 0.291 0.940958
v 1.9578 110.367 40.6117
vn 0.646288 -0.101563 0.756305
v 2.022 110.313 40.6022
vn -0.0883431 0.432016 0.897529
v 1.94325 110.385 40.6327
vn 0.786922 -0.241744 0.567727
v 1.93379 110.404 40.6611
vn 0.862048 -0.323514 0.390143
v 2.06404 110.721 41.6241
vn 0.610565 -0.717336 0.335617
v 2.06051 110.78 41.7549
vn 0.726014 -0.61949 0.298556
v 2.08122 110.77 41.786
vn 0.411117 -0.742765 -0.528473
v 2.06088 110.78 41.7547
vn 0.465452 -0.695007 -0.548015
v 2.10466 110.755 41.8233
vn 0.342684 -0.779648 -0.524134
v 2.10306 110.754 41.8237
vn -0.581773 0.736205 -0.345748
v 2.10736 110.645 41.5849
vn -0.561739 0.747968 -0.353542
v 2.10157 110.641 41.5569
vn -0.555682 0.82648 0.0902655
v 2.10736 110.645 41.5849
vn -0.592949 0.800905 -0.0834372
v 2.08777 110.644 41.5197
vn -0.444255 0.756265 0.480312
v 2.0686 110.657 41.4931
vn -0.227603 0.709835 0.666582
v 2.05875 110.667 41.4872
vn -0.0409789 0.416788 0.90808
v 2.0686 110.657 41.4931
vn -0.112765 0.500457 0.858386
v 2.04687 110.677 41.4831
vn 0.0984634 0.351581 0.930965
v 2.0348 110.69 41.4814
vn 0.283841 0.281957 0.916479
v 2.02495 110.7 41.4832
vn 0.328438 0.0823534 0.940929
v 2.02495 110.7 41.4832
vn 0.425296 -0.0103581 0.904995
v 2.01467 110.713 41.4897
vn 0.5291 -0.1424 0.836525
v 2.00474 110.726 41.5009
vn 0.665398 -0.255447 0.701422
v 1.99711 110.738 41.515
vn 0.69002 -0.406675 0.598739
v 1.9927 110.75 41.5303
vn 0.729553 -0.48194 0.485269
v 1.98896 110.764 41.5544
vn 0.808362 -0.487573 0.329885
v 1.98778 110.762 41.5551
vn 0.831796 -0.47789 0.282377
v 1.98719 110.777 41.5838
vn 0.796805 -0.546492 0.257776
v 1.98742 110.788 41.607
vn 0.752331 -0.599282 0.273604
v 1.98727 110.804 41.6426
vn 0.808734 -0.531866 0.251135
v 1.98628 110.812 41.6621
vn 0.734877 -0.626796 0.259003
v 1.98699 110.817 41.6712
vn 0.780008 -0.563701 0.271716
v 1.98706 110.814 41.6636
vn 0.799861 -0.530469 0.280758
v 1.98672 110.82 41.6773
vn 0.781034 -0.528227 0.333109
v 1.98178 110.829 41.6873
vn 0.517804 -0.102663 0.849317
v 1.97926 110.831 41.6874
vn -0.155924 0.502921 0.850152
v 1.97627 110.833 41.6837
vn -0.593286 0.697527 0.40183
v 1.9735 110.831 41.6759
vn -0.765226 0.636885 -0.0938367
v 1.97184 110.827 41.6697
vn -0.776692 0.580068 -0.245501
v 1.97283 110.825 41.6622
vn -0.810061 0.539274 -0.230184
v 1.97307 110.819 41.6498
vn -0.809944 0.509098 -0.291223
v 1.97312 110.818 41.6479
vn -0.82998 0.502162 -0.24283
v 1.97527 110.754 41.5106
vn -0.737016 0.608686 -0.293785
v 1.97541 110.755 41.5105
vn -0.44295 0.685092 0.578312
v 1.91784 110.767 41.4516
vn -0.532105 0.519358 0.66868
v 1.91426 110.866 41.6688
vn 0.902699 -0.385818 0.190473
v 1.91801 110.768 41.4514
vn 0.884082 -0.419519 0.205922
v 1.91847 110.877 41.6965
vn 0.832528 -0.552219 -0.0441665
v 1.92769 110.883 41.7232
vn 0.745739 -0.601523 -0.286431
v 1.94115 110.883 41.7434
vn 0.541709 -0.63788 -0.547412
v 1.91426 110.866 41.6688
vn 0.879454 -0.456537 0.134667
v 1.96038 110.878 41.7607
vn 0.207832 -0.576807 -0.79
v 1.99147 110.859 41.7732
vn -0.0106823 -0.409043 -0.912453
v 2.01083 110.839 41.7678
vn -0.382414 0.143691 -0.91275
v 2.0253 110.82 41.7548
vn -0.627206 0.26171 -0.733567
v 2.03214 110.805 41.7397
vn -0.776919 0.330091 -0.536132
v 1.99147 110.859 41.7732
vn -0.352352 -0.0988049 -0.930637
v 2.03855 110.787 41.712
vn -0.720809 0.51197 -0.467248
v 2.03935 110.786 41.7082
vn -0.705497 0.614032 -0.353892
v 2.03951 110.777 41.6915
vn -0.731206 0.612043 -0.301232
v 2.03976 110.772 41.6798
vn -0.670038 0.680202 -0.297278
v 2.03971 110.767 41.6694
vn -0.691782 0.667321 -0.275899
v 2.04105 110.763 41.6565
vn -0.718526 0.655222 -0.233249
v 2.03836 110.757 41.6487
vn -0.730323 0.613905 -0.299581
v 2.03978 110.756 41.6428
vn -0.694805 0.651186 -0.305292
v 2.0396 110.748 41.6255
vn -0.712847 0.650469 -0.262183
v 2.03978 110.74 41.6061
vn -0.645859 0.703582 -0.296375
v 2.03984 110.733 41.5898
vn -0.742187 0.591819 -0.314498
v 2.04079 110.725 41.5752
vn -0.713422 0.602041 -0.358575
v 2.03846 110.75 41.6333
vn -0.657508 0.692079 -0.297842
v 2.04241 110.72 41.5674
vn -0.694866 0.518424 -0.498396
v 2.04838 110.711 41.5555
vn -0.545679 0.214619 -0.810045
v 2.05065 110.705 41.5548
vn -0.204904 -0.235879 -0.949935
v 2.05962 110.698 41.5613
vn 0.485733 -0.773137 -0.407826
v 2.06354 110.7 41.573
vn 0.706856 -0.705422 0.0523006
v 2.05553 110.701 41.5562
vn 0.179372 -0.561478 -0.807817
v 2.06393 110.703 41.5849
vn 0.617191 -0.74632 0.249162
v 2.06427 110.711 41.6036
vn 0.66161 -0.681213 0.3134
v 2.06377 110.716 41.6141
vn 0.669565 -0.672659 0.314982
v 2.06435 110.707 41.5942
vn 0.63004 -0.713944 0.305505
v 2.06384 110.72 41.6222
vn 0.624354 -0.693407 0.359679
v 2.06278 110.702 41.5876
vn 0.917712 -0.378766 0.119755
v 2.0982 110.881 42.0989
vn -0.690661 0.652647 -0.311512
v 2.10298 110.756 41.8282
vn -0.617765 0.709921 -0.3382
v 2.10298 110.756 41.8282
vn 0.317887 -0.0715649 0.945424
v 2.0552 110.831 41.85
vn 0.376974 -0.0244193 0.925902
v 1.99258 110.904 41.8781
vn 0.430769 0.0223916 0.902185
v 1.95555 110.942 41.8952
vn 0.462017 0.0476821 0.885588
v 1.95555 110.942 41.8952
vn 0.452544 0.0780637 0.888319
v 1.93973 110.955 41.9021
vn 0.469361 0.0840797 0.878994
v 1.93025 110.963 41.907
vn 0.524563 0.0591797 0.849312
v 1.9195 110.975 41.9168
vn 0.707345 -0.106409 0.698813
v 1.93025 110.963 41.907
vn 0.575731 0.00381085 0.81763
v 1.91211 110.984 41.9282
vn 0.800354 -0.235454 0.551357
v 1.90829 110.992 41.9421
vn 0.816582 -0.500774 0.287088
v 1.90829 110.996 41.9553
vn 0.798504 -0.596743 -0.0793083
v 1.90988 110.999 41.9569
vn 0.84564 -0.532479 -0.0368564
v 1.91843 111.002 41.9763
vn 0.748981 -0.571735 -0.334883
v 1.94164 111.001 42.0069
vn 0.502559 -0.623641 -0.598755
v 1.95438 110.998 42.0206
vn 0.491819 -0.631799 -0.599119
v 1.97531 110.994 42.0429
vn 0.411735 -0.740417 -0.531278
v 1.95422 110.996 42.0224
vn 0.504217 -0.621218 -0.599877
v 1.99358 110.986 42.0671
vn 0.498552 -0.624518 -0.601185
v 2.00464 110.984 42.0775
vn 0.432912 -0.698689 -0.569579
v 2.03403 110.97 42.1179
vn 0.397784 -0.735769 -0.548098
v 2.06156 110.955 42.1563
vn 0.365651 -0.75296 -0.547129
v 2.09632 110.932 42.2111
vn 0.318034 -0.781104 -0.537338
v 2.09833 110.891 42.1215
vn -0.475461 0.797711 -0.370937
v 2.09472 110.931 42.2115
vn -0.579489 0.736152 -0.349676
v 2.03232 110.93 42.0203
vn -0.357509 0.777381 0.517557
v 2.0709 110.909 42.0779
vn -0.314203 0.79533 0.518388
v 2.09833 110.891 42.1215
vn -0.267752 0.818973 0.507534
v 1.99365 110.944 41.9702
vn -0.510762 0.642749 0.57096
v 2.01933 110.915 41.9583
vn -0.433549 -0.00264044 -0.901126
v 1.99365 110.944 41.9702
vn -0.428251 -0.0213479 -0.903407
v 2.05797 110.865 41.9396
vn -0.394339 0.0388353 -0.918144
v 2.05652 110.864 41.9401
vn 0.737056 -0.610377 0.290153
v 2.05633 110.908 42.0324
vn 0.671461 -0.668877 0.318972
v 2.05633 110.908 42.0324
vn 0.399057 -0.729903 -0.554973
v 2.0982 110.881 42.0989
vn 0.350912 -0.76618 -0.538358
v 2.02455 111.021 42.2137
vn 0.195861 0.236567 0.951669
v 1.89611 111.123 42.2153
vn 0.231718 0.284266 0.930322
v 2.09609 110.936 42.2197
vn 0.162077 0.206459 0.964938
v 1.88934 111.125 42.2161
vn 0.202785 0.304655 0.930625
v 1.87608 111.134 42.2177
vn 0.332989 0.292953 0.896268
v 1.86775 111.14 42.2198
vn 0.47418 0.157355 0.866252
v 1.85704 111.148 42.2275
vn 0.699 -0.0040967 0.71511
v 1.86426 111.141 42.2217
vn 0.599489 0.0599698 0.798133
v 1.85215 111.152 42.2329
vn 0.785623 -0.124647 0.60602
v 1.84706 111.159 42.2421
vn 0.870469 -0.126511 0.475687
v 1.84379 111.165 42.2526
vn 0.903718 -0.26251 0.338203
v 1.84359 111.167 42.2575
vn 0.928085 -0.32525 0.181304
v 1.84609 111.175 42.278
vn 0.876335 -0.457303 -0.151366
v 1.85483 111.178 42.2942
vn 0.715533 -0.512991 -0.474186
v 1.87628 111.178 42.316
vn 0.552053 -0.543555 -0.632287
v 1.94297 111.167 42.3747
vn 0.42447 -0.655939 -0.624155
v 1.87794 111.18 42.316
vn 0.484437 -0.570353 -0.663338
v 2.00442 111.142 42.4399
vn 0.277164 -0.790637 -0.54596
v 1.94712 111.199 42.4606
vn 0.413563 0.0799269 0.906961
v 2.00571 111.144 42.4393
vn 0.382496 0.0577642 0.92215
v 1.89847 111.239 42.4797
vn 0.465603 0.12913 0.875522
v 1.89847 111.239 42.4797
vn 0.445369 0.143533 0.883768
v 1.88782 111.247 42.4838
vn 0.427457 0.161358 0.889519
v 1.87424 111.257 42.4891
vn 0.477611 0.161566 0.863588
v 1.86312 111.265 42.4943
vn 0.521946 0.0741346 0.849751
v 1.85381 111.272 42.5005
vn 0.654686 0.0513823 0.754153
v 1.84488 111.28 42.5104
vn 0.746964 -0.197073 0.634986
v 1.84079 111.286 42.5187
vn 0.904991 -0.104665 0.412355
v 1.83893 111.289 42.525
vn 0.911722 -0.278068 0.302393
v 1.84126 111.301 42.5489
vn 0.87611 -0.46144 -0.139658
v 1.83888 111.29 42.5259
vn 0.932101 -0.274037 0.236835
v 1.85241 111.305 42.5717
vn 0.650194 -0.540415 -0.534041
v 1.87296 111.303 42.591
vn 0.472438 -0.526806 -0.706596
v 1.87356 111.301 42.5928
vn 0.286088 -0.45849 -0.841392
v 1.90801 111.292 42.6093
vn 0.271175 -0.483886 -0.832057
v 1.94692 111.278 42.6303
vn 0.248836 -0.525921 -0.813319
v 1.98996 111.251 42.661
vn 0.243154 -0.544982 -0.802416
v 2.01887 111.234 42.6815
vn 0.225298 -0.561065 -0.796522
v 2.06018 111.202 42.7165
vn 0.210842 -0.586834 -0.781775
v 2.08695 111.176 42.743
vn 0.171444 -0.631472 -0.756207
v 2.08695 111.176 42.743
vn -0.568231 0.743548 -0.352491
v 2.08878 111.131 42.6442
vn -0.473724 0.80048 -0.367173
v 2.04045 111.178 42.6002
vn -0.16725 0.577729 0.79891
v 2.08908 111.131 42.6441
vn -0.100225 0.632178 0.768314
v 1.97816 111.22 42.5562
vn -0.117635 0.639907 0.759396
v 1.97695 111.219 42.5568
vn -0.41706 -0.046306 -0.907699
v 1.9991 111.195 42.5482
vn -0.388296 -0.0472383 -0.920323
v 2.01151 111.184 42.5434
vn -0.377831 -0.0349832 -0.925213
v 2.019 111.175 42.5408
vn -0.35935 -0.0180087 -0.933029
v 2.01469 111.18 42.5423
vn -0.380329 -0.0473547 -0.923638
v 2.00916 111.181 42.5445
vn -0.373106 -0.0367191 -0.927062
v 2.02435 111.163 42.5391
vn -0.380331 -0.0407081 -0.923954
v 2.03212 111.16 42.5362
vn -0.35394 -0.023914 -0.934962
v 2.04563 111.142 42.5315
vn -0.345544 -0.0097573 -0.938352
v 2.05679 111.12 42.5275
vn -0.346645 -0.0078244 -0.937964
v 2.03058 111.155 42.5369
vn -0.354743 -0.0234693 -0.934669
v 2.03672 111.147 42.5347
vn -0.325081 -0.0131046 -0.945596
v 2.06286 111.117 42.5255
vn -0.318481 -0.00424708 -0.94792
v 2.07122 111.099 42.5226
vn -0.333237 0.0324696 -0.942284
v 2.08014 111.09 42.5187
vn -0.349273 0.110725 -0.930456
v 2.08677 111.076 42.5112
vn -0.436847 0.424677 -0.792978
v 2.09268 111.061 42.4949
vn -0.556568 0.611135 -0.562802
v 2.08127 111.086 42.5176
vn -0.480819 0.247883 -0.841051
v 2.0939 111.046 42.4679
vn -0.592785 0.741776 -0.313648
v 2.08998 111.045 42.451
vn -0.577923 0.788467 0.210536
v 2.08539 111.046 42.4395
vn -0.420067 0.807579 0.413956
v 2.09376 111.046 42.4668
vn -0.536023 0.844154 0.00911073
v 2.08002 111.05 42.4294
vn -0.368303 0.778495 0.508231
v 2.07345 111.054 42.4187
vn -0.338669 0.744501 0.575345
v 2.06842 111.058 42.4111
vn -0.31198 0.746828 0.587295
v 2.06122 111.063 42.4015
vn -0.323272 0.781553 0.533545
v 2.04136 111.075 42.3755
vn -0.41205 0.631439 0.656887
v 2.05951 111.062 42.4018
vn -0.350629 0.677275 0.646806
v 2.02294 111.086 42.3527
vn -0.330107 0.691613 0.642418
v 2.00785 111.093 42.3354
vn -0.400543 0.685926 0.607513
v 1.9808 111.104 42.3054
vn -0.484166 0.637708 0.599093
v 2.09453 110.982 42.3186
vn -0.132141 -0.232327 -0.96362
v 1.9814 111.104 42.3051
vn -0.153465 -0.249614 -0.956107
v 2.09609 110.936 42.2197
vn -0.573439 0.741462 -0.348427
v 2.09263 110.98 42.3191
vn -0.723293 0.618503 -0.307086
v 1.9284 111.326 42.7146
vn -0.53903 0.570396 0.619754
v 1.89601 111.332 42.6814
vn -0.465343 0.680704 0.565772
v 1.95375 111.319 42.7427
vn -0.507321 0.61313 0.605556
v 1.89601 111.332 42.6814
vn 0.889581 -0.413024 0.19508
v 1.8948 111.372 42.7694
vn 0.876271 -0.431823 0.213726
v 1.8948 111.372 42.7694
vn 0.893726 -0.400365 0.202388
v 1.89367 111.389 42.8074
vn 0.876278 -0.423886 0.229036
v 1.89329 111.41 42.8543
vn 0.890975 -0.417933 0.177473
v 1.90065 111.428 42.8998
vn 0.841333 -0.540312 -0.0148671
v 1.89329 111.41 42.8543
vn 0.852883 -0.513015 0.0969848
v 1.91074 111.434 42.9293
vn 0.757387 -0.60384 -0.248479
v 1.92297 111.434 42.9553
vn 0.680966 -0.624172 -0.383008
v 1.94617 111.432 42.9819
vn 0.475524 -0.473973 -0.741098
v 1.93577 111.435 42.97
vn 0.548216 -0.617022 -0.564573
v 1.92401 111.435 42.9546
vn 0.560675 -0.709487 -0.426933
v 1.97907 111.418 43.0054
vn 0.173635 -0.636602 -0.751391
v 1.97783 111.417 43.0061
vn 0.0113717 -0.504189 -0.863518
v 2.014 111.386 43.0184
vn -0.179311 -0.295931 -0.938228
v 2.04201 111.354 43.0157
vn -0.360976 0.00484159 -0.932562
v 2.05645 111.337 43.0076
vn -0.420679 0.138742 -0.896538
v 2.05494 111.335 43.0081
vn -0.426339 0.270147 -0.863282
v 2.06717 111.312 42.9925
vn -0.530123 0.365779 -0.764968
v 2.0778 111.289 42.9702
vn -0.668918 0.525672 -0.525565
v 2.08406 111.254 42.9145
vn -0.506252 0.736565 -0.448532
v 2.08246 111.253 42.9149
vn -0.528253 0.768984 -0.360018
v 2.08711 111.183 42.7597
vn -0.5564 0.749694 -0.358299
v 2.02922 111.245 42.7305
vn -0.0291359 0.403881 0.914348
v 2.08851 111.184 42.7593
vn 0.0279753 0.445879 0.894656
v 1.98176 111.284 42.712
vn -0.0203907 0.413618 0.910222
v 1.98176 111.284 42.712
vn 0.786606 -0.55734 0.265751
v 1.97852 111.378 42.9203
vn 0.812724 -0.523859 0.255053
v 1.97883 111.379 42.9201
vn -0.466402 0.0395976 -0.883686
v 2.02778 111.317 42.8914
vn -0.409356 0.095602 -0.907352
v 2.02975 111.278 42.8051
vn -0.771535 0.57151 -0.279482
v 2.02761 111.317 42.8915
vn -0.631855 0.700659 -0.331415
v 2.0429 111.265 42.8109
vn -0.0337052 -0.441669 -0.896545
v 2.0294 111.278 42.8053
vn -0.0159169 -0.41794 -0.908335
v 2.04089 111.308 42.9048
vn 0.630391 -0.69908 0.337483
v 2.04245 111.264 42.8111
vn 0.772684 -0.570764 0.277826
v 2.04099 111.311 42.9083
vn 0.65819 -0.575155 0.48578
v 2.0359 111.32 42.9218
vn 0.651439 -0.43805 0.619466
v 2.02927 111.335 42.9354
vn 0.519771 -0.224781 0.824204
v 2.018 111.35 42.9427
vn 0.366511 0.020962 0.930177
v 2.00334 111.365 42.9431
vn 0.0775229 0.312803 0.946649
v 1.98666 111.377 42.9356
vn -0.174985 0.510564 0.841846
v 1.98254 111.381 42.9322
vn -0.318312 0.549015 0.772826
v 1.97427 111.384 42.9241
vn -0.472425 0.667011 0.576117
v 1.95884 111.385 42.8977
vn -0.689477 0.6667 0.283076
v 1.95452 111.382 42.8836
vn -0.750646 0.660699 0.00252768
v 1.95227 111.377 42.8664
vn -0.80918 0.572329 -0.13292
v 1.95158 111.375 42.865
vn -0.810576 0.527727 -0.253911
v 1.95375 111.319 42.7427
vn -0.788302 0.552982 -0.269796
v 1.94731 111.48 43.0917
vn 0.00301008 -0.435091 -0.900382
v 2.00092 111.442 43.1103
vn 0.0320952 -0.404407 -0.914016
v 1.8891 111.512 43.0758
vn 0.0337142 -0.394964 -0.918078
v 2.00225 111.443 43.1097
vn 0.603683 -0.146625 0.783625
v 1.92463 111.54 43.1877
vn 0.632141 -0.112205 0.766686
v 1.92569 111.541 43.187
vn 0.632529 -0.0767673 0.770723
v 1.90824 111.557 43.2027
vn 0.64514 -0.0563147 0.761986
v 1.92358 111.538 43.1884
vn 0.620058 -0.0982013 0.778386
v 1.89672 111.569 43.2143
vn 0.683445 -0.0957348 0.723697
v 1.91954 111.542 43.1922
vn 0.635669 -0.0841085 0.767366
v 1.91714 111.545 43.1944
vn 0.535532 -0.118077 0.83622
v 1.89672 111.569 43.2143
vn 0.732584 -0.152227 0.663436
v 1.8916 111.576 43.2229
vn 0.789162 -0.264876 0.554134
v 1.88703 111.586 43.2389
vn 0.870539 -0.412467 0.26839
v 1.88648 111.592 43.2546
vn 0.817711 -0.569803 0.0816948
v 1.8904 111.596 43.2647
vn 0.78587 -0.579217 -0.216601
v 1.89158 111.597 43.2673
vn 0.649704 -0.604826 -0.460511
v 1.90147 111.594 43.2778
vn 0.335487 -0.540243 -0.771742
v 1.93461 111.579 43.2901
vn 0.0318278 -0.449304 -0.892812
v 1.95938 111.562 43.298
vn -0.0182048 -0.446749 -0.894474
v 2.00318 111.53 43.3135
vn 0.0128521 -0.418167 -0.908279
v 2.07618 111.454 43.3492
vn 0.0585667 -0.385952 -0.920658
v 1.95948 111.561 43.2983
vn -0.179723 -0.6184 -0.765036
v 2.07778 111.455 43.3487
vn -0.565463 0.745914 -0.351944
v 2.07578 111.419 43.2756
vn -0.565463 0.745905 -0.351962
v 1.98553 111.51 43.232
vn -0.0163686 0.420916 0.906952
v 2.07738 111.42 43.2752
vn -0.0322684 0.408585 0.91215
v 1.98425 111.509 43.2326
vn -0.538688 0.20941 -0.816065
v 2.05749 111.396 43.1547
vn -0.518813 0.231162 -0.823041
v 2.06719 111.378 43.144
vn -0.458636 0.287851 -0.840711
v 2.05806 111.395 43.1541
vn -0.465962 0.264778 -0.844258
v 2.07662 111.359 43.1308
vn -0.501255 0.426372 -0.752961
v 2.07896 111.353 43.1258
vn -0.550369 0.53099 -0.644316
v 2.08116 111.346 43.1161
vn -0.575852 0.642084 -0.506085
v 2.07841 111.356 43.1282
vn -0.480505 0.43449 -0.761796
v 2.08219 111.339 43.1054
vn -0.535251 0.708172 -0.460433
v 2.08219 111.339 43.105
vn -0.576497 0.785256 -0.225886
v 2.08053 111.334 43.09
vn -0.469678 0.882404 0.0276665
v 2.07294 111.339 43.0734
vn -0.351748 0.708083 0.612284
v 2.06557 111.347 43.0657
vn -0.0137987 0.534469 0.845076
v 2.05851 111.357 43.0599
vn -0.0372491 0.406587 0.912852
v 2.04815 111.363 43.0569
vn 0.0215319 0.471789 0.881448
v 2.04413 111.372 43.0529
vn -0.0123494 0.378767 0.92541
v 2.05598 111.354 43.0609
vn 0.00931573 0.487598 0.873019
v 2.03405 111.378 43.0502
vn 0.0109711 0.427302 0.904043
v 2.05101 111.359 43.0585
vn -0.0270246 0.367254 0.929728
v 1.9464 111.45 43.0161
vn 0.0441506 0.482048 0.875032
v 1.89034 111.479 43.0023
vn -0.011174 0.413852 0.910276
v 2.03377 111.382 43.0483
vn -0.0300433 0.399752 0.916131
v 1.89002 111.514 43.075
vn 0.901135 -0.388922 0.19156
v 1.89034 111.479 43.0023
vn 0.873704 -0.43596 0.215825
v 2.0269 111.718 43.8039
vn -0.0226747 -0.451262 -0.892103
v 2.06805 111.672 43.8257
vn -0.000378653 -0.429265 -0.903179
v 1.98002 111.759 43.7841
vn -0.0374693 -0.468612 -0.882609
v 2.06805 111.672 43.8257
vn -0.563868 0.74441 -0.357642
v 2.07093 111.639 43.7526
vn -0.564542 0.743641 -0.358177
v 2.06933 111.638 43.7531
vn -0.00626937 0.421101 0.906992
v 2.02949 111.683 43.7319
vn 0.00683729 0.430132 0.90274
v 2.03095 111.684 43.7314
vn -0.609978 0.716862 -0.337691
v 2.02974 111.638 43.6359
vn -0.613874 0.714216 -0.336234
v 2.0312 111.639 43.6353
vn -0.472451 0.28145 -0.83521
v 2.0703 111.562 43.5869
vn -0.410556 0.327336 -0.851055
v 2.07405 111.514 43.4818
vn -0.526141 0.770313 -0.36027
v 2.07191 111.563 43.5864
vn -0.564444 0.742145 -0.36142
v 2.07324 111.514 43.482
vn 0.466085 -0.274465 0.841091
v 2.04873 111.563 43.5114
vn 0.470775 -0.255245 0.844524
v 2.02461 111.606 43.5361
vn 0.459946 -0.209012 0.862997
v 2.02319 111.605 43.5366
vn -0.58845 0.794308 0.151002
v 2.01204 111.605 43.5047
vn -0.462339 0.824894 0.325257
v 1.9993 111.608 43.4841
vn -0.430315 0.737217 0.520903
v 1.98558 111.615 43.4696
vn -0.293389 0.660483 0.691148
v 1.98687 111.616 43.469
vn -0.208712 0.598888 0.773157
v 1.97604 111.62 43.4639
vn -0.158962 0.491826 0.85606
v 1.95687 111.634 43.4563
vn 0.0575901 0.375729 0.924939
v 1.93818 111.648 43.4549
vn 0.227627 0.238674 0.944045
v 1.92724 111.657 43.4568
vn 0.364049 0.161813 0.917216
v 1.9097 111.675 43.4685
vn 0.641346 -0.0742004 0.763655
v 1.92724 111.657 43.4568
vn 0.455487 0.0716047 0.887358
v 1.89631 111.691 43.4861
vn 0.74183 -0.242346 0.625265
v 1.88713 111.706 43.5067
vn 0.842925 -0.276827 0.461351
v 1.88115 111.721 43.531
vn 0.882058 -0.341782 0.324283
v 1.88207 111.722 43.5303
vn 0.870645 -0.44041 0.219126
v 1.87715 111.799 43.7057
vn 0.879828 -0.425321 0.212145
v 1.87808 111.801 43.705
vn 0.542185 -0.611961 -0.575794
v 1.93604 111.792 43.7681
vn 0.493234 -0.671577 -0.552905
v 1.93491 111.791 43.7688
vn -0.80741 0.53195 -0.255183
v 1.93846 111.696 43.563
vn -0.825758 0.506869 -0.247401
v 1.93846 111.696 43.563
vn -0.810897 0.449509 -0.374684
v 1.94026 111.69 43.5516
vn -0.790685 0.398163 -0.465064
v 1.94385 111.683 43.5426
vn -0.708518 0.276653 -0.649204
v 1.94997 111.675 43.5357
vn -0.53131 0.105342 -0.840603
v 1.96394 111.665 43.5346
vn -0.082889 -0.345344 -0.934809
v 1.97061 111.658 43.5397
vn 0.488017 -0.649583 -0.582994
v 1.97013 111.66 43.5371
vn 0.329994 -0.586232 -0.739889
v 1.9733 111.658 43.541
vn 0.463886 -0.695443 -0.548788
v 1.97635 111.657 43.547
vn 0.656852 -0.683553 -0.318277
v 1.97669 111.657 43.5476
vn 0.734132 -0.678044 -0.0361447
v 1.98333 111.666 43.5804
vn 0.540709 -0.804842 0.24467
v 1.98002 111.759 43.7841
vn 0.738096 -0.608216 0.292041
v 1.98237 111.665 43.5809
vn 0.542617 -0.760362 0.356955
v 2.07428 111.502 43.4549
vn -0.567491 0.748114 -0.343918
v 2.07715 111.47 43.3824
vn -0.572534 0.738122 -0.356903
v 1.98664 111.557 43.3412
vn 0.00977743 0.442621 0.896655
v 2.07555 111.469 43.3829
vn 0.0400172 0.459326 0.887366
v 1.88477 111.619 43.3105
vn 0.000513745 0.441358 0.897331
v 1.88477 111.619 43.3105
vn 0.876453 -0.430711 0.215214
v 1.88464 111.654 43.3818
vn 0.876173 -0.43519 0.207199
v 1.88372 111.653 43.3826
vn -0.00753947 -0.45215 -0.89191
v 1.99639 111.581 43.4175
vn 0.0407437 -0.389204 -0.92025
v 2.07267 111.501 43.4554
vn 0.0404651 -0.398364 -0.916334
v 2.0587 110.591 41.3167
vn -0.0433697 0.393135 0.918457
v 1.97858 110.653 41.2867
vn 0.0280261 0.465349 0.884684
v 2.11167 110.534 41.3437
vn -0.0260517 0.411081 0.911227
v 1.97995 110.622 41.2179
vn -0.817796 0.516584 -0.253672
v 1.97858 110.653 41.2867
vn -0.75255 0.592866 -0.286668
v 1.97995 110.622 41.2179
vn -0.508529 0.641634 0.574198
v 1.92334 110.632 41.1564
vn -0.509797 0.650502 0.562987
v 1.92334 110.632 41.1564
vn 0.872728 -0.435738 0.220177
v 1.91883 110.74 41.3919
vn 0.89835 -0.392886 0.196489
v 1.91976 110.742 41.3912
vn 0.529769 -0.604545 -0.59487
v 1.97577 110.729 41.4541
vn 0.461702 -0.698076 -0.547285
v 1.97577 110.729 41.4541
vn -0.82414 0.512166 -0.241823
v 1.97842 110.688 41.359
vn -0.82394 0.50888 -0.249326
v 2.04076 110.639 41.3824
vn -0.00272617 -0.434488 -0.900673
v 2.11034 110.568 41.4165
vn 0.00633323 -0.427897 -0.903806
v 1.97729 110.687 41.3596
vn 0.0266691 -0.400414 -0.915946
v 2.11034 110.568 41.4165
vn -0.564566 0.743885 -0.357633
v 2.11007 110.533 41.3441
vn -0.56526 0.743732 -0.356853
v 1.9735 110.603 41.1653
vn 0.0599595 -0.355254 -0.932845
v 2.02855 110.566 41.1831
vn -0.0161808 -0.447547 -0.894114
v 2.11338 110.48 41.2236
vn 0.0838091 -0.361817 -0.928474
v 1.92308 110.63 41.1521
vn 0.0349723 -0.38091 -0.92395
v 2.11338 110.48 41.2236
vn -0.580684 0.733953 -0.352305
v 2.1157 110.385 41.0213
vn -0.548748 0.754634 -0.359726
v 2.11731 110.386 41.0209
vn -0.352985 0.78087 0.515407
v 2.07544 110.413 40.952
vn -0.405776 0.7422 0.533372
v 2.07266 110.494 41.1297
vn 0.501829 -0.783283 0.366928
v 2.07544 110.413 40.952
vn 0.709519 -0.63561 0.304273
v 2.07248 110.494 41.1298
vn 0.0264964 0.489182 0.871779
v 2.05393 110.512 41.1206
vn -0.0475204 0.413096 0.909447
v 2.05393 110.512 41.1206
vn -0.797074 0.542436 -0.265399
v 2.055 110.456 41.0015
vn -0.771778 0.573254 -0.275206
v 2.00655 110.476 40.9347
vn -0.369261 0.784533 0.498151
v 2.05587 110.457 41.0012
vn -0.47556 0.686899 0.549557
v 2.003 110.553 41.1015
vn 0.587579 -0.728218 0.352773
v 2.00445 110.474 40.9358
vn 0.694739 -0.647685 0.312799
v 2.0012 110.551 41.1024
vn 0.108728 0.546714 0.83023
v 1.98318 110.565 41.095
vn -0.0706652 0.389583 0.918276
v 1.98234 110.564 41.0954
vn -0.852927 0.468603 -0.230059
v 1.98522 110.504 40.9642
vn -0.805069 0.53378 -0.258731
v 1.98635 110.506 40.9635
vn -0.562135 0.559134 0.609404
v 1.92785 110.515 40.9016
vn -0.449795 0.723886 0.523138
v 1.92785 110.515 40.9016
vn 0.894476 -0.398685 0.202394
v 1.92308 110.63 41.1521
vn 0.896692 -0.395653 0.198499
v 1.87322 111.946 44.0179
vn 0.568075 -0.571783 -0.591907
v 1.92936 111.934 44.0827
vn 0.526642 -0.628854 -0.572006
v 1.92936 111.934 44.0827
vn -0.793304 0.545713 -0.269937
v 1.93248 111.863 43.929
vn -0.823989 0.50999 -0.246888
v 1.93163 111.862 43.9295
vn -0.827404 0.500918 -0.253938
v 1.93282 111.858 43.9165
vn -0.818547 0.525555 -0.231891
v 1.93323 111.846 43.8912
vn -0.824314 0.50351 -0.258812
v 1.93293 111.84 43.8811
vn -0.745024 0.539449 -0.392343
v 1.93739 111.831 43.8646
vn -0.781655 0.376962 -0.496906
v 1.94481 111.823 43.8578
vn -0.478847 -0.00879758 -0.877854
v 1.93809 111.83 43.8634
vn -0.644973 0.179769 -0.74276
v 1.9547 111.814 43.8571
vn -0.069565 -0.337598 -0.938716
v 1.96393 111.808 43.8616
vn 0.22919 -0.541426 -0.808907
v 1.96687 111.806 43.8654
vn 0.452075 -0.662992 -0.596715
v 1.97477 111.806 43.8804
vn 0.678822 -0.728434 -0.092653
v 1.97745 111.809 43.8931
vn 0.772847 -0.632775 0.0479962
v 1.97808 111.811 43.8955
vn 0.764546 -0.593264 0.252005
v 1.9779 111.814 43.903
vn 0.75167 -0.621262 0.221418
v 1.97674 111.815 43.9085
vn 0.755866 -0.621016 0.207379
v 1.97739 111.821 43.9225
vn 0.758227 -0.585844 0.286144
v 1.97906 111.829 43.9339
vn 0.730429 -0.614869 0.297337
v 1.9775 111.833 43.9454
vn 0.769688 -0.573119 0.281272
v 1.97759 111.841 43.9596
vn 0.76213 -0.575777 0.296038
v 1.97647 111.847 43.9754
vn 0.736639 -0.60937 0.293312
v 1.97525 111.853 43.989
vn 0.76318 -0.573465 0.297816
v 1.97588 111.834 43.952
vn 0.808501 -0.535439 0.244195
v 1.97257 111.902 44.0976
vn 0.77649 -0.566171 0.276611
v 1.97599 111.857 43.9947
vn 0.774317 -0.570615 0.273552
v 2.0263 111.857 44.1206
vn 0.0237385 -0.408922 -0.912261
v 1.97515 111.905 44.0964
vn 0.0437259 -0.418933 -0.906964
v 2.06249 111.816 44.1395
vn -0.0627259 -0.468903 -0.88102
v 2.06089 111.815 44.14
vn -0.565114 0.746206 -0.351884
v 2.0638 111.782 44.0653
vn -0.564436 0.746913 -0.351473
v 2.02397 111.826 44.0441
vn -0.0600536 0.379345 0.923304
v 2.0638 111.782 44.0653
vn -0.0431698 0.399804 0.915583
v 2.02397 111.826 44.0441
vn -0.48144 0.789307 -0.381064
v 2.02481 111.791 43.971
vn -0.698254 0.64256 -0.315529
v 2.02598 111.762 43.9015
vn -0.673109 0.685445 -0.277648
v 2.0223 111.755 43.8782
vn -0.688571 0.724834 -0.0220484
v 2.02744 111.763 43.9009
vn -0.732972 0.661908 -0.156936
v 2.0159 111.752 43.8498
vn -0.66057 0.733396 0.160555
v 2.00785 111.751 43.8316
vn -0.647893 0.697701 0.305694
v 1.97595 111.767 43.7928
vn -0.270694 0.536667 0.799195
v 1.99892 111.756 43.8147
vn -0.513599 0.600277 0.613094
v 2.00785 111.751 43.8316
vn -0.538051 0.706 0.460505
v 1.94957 111.785 43.7806
vn 0.00865819 0.451874 0.89204
v 1.9441 111.789 43.7802
vn 0.160273 0.285794 0.944793
v 1.92207 111.807 43.7835
vn 0.402809 0.123601 0.9069
v 1.89768 111.83 43.8019
vn 0.69094 -0.136383 0.70993
v 1.88121 111.856 43.8329
vn 0.851133 -0.275182 0.447044
v 1.87502 111.874 43.8646
vn 0.872875 -0.390217 0.29295
v 1.87502 111.874 43.8646
vn 0.876178 -0.430811 0.216135
v 1.87322 111.946 44.0179
vn 0.883631 -0.418604 0.209681
v 1.89065 112.087 44.3655
vn -0.571562 0.626692 0.529693
v 1.8863 112.086 44.3533
vn -0.845574 0.517234 -0.132189
v 1.88525 112.077 44.3378
vn -0.852031 0.455619 -0.257789
v 1.88704 112.068 44.3133
vn -0.839746 0.484889 -0.244354
v 1.88713 112.059 44.2965
vn -0.571639 0.742397 -0.349394
v 1.88753 112.049 44.2742
vn -0.74727 0.608943 -0.266037
v 1.88794 112.042 44.2578
vn -0.854967 0.465396 -0.228991
v 1.88637 112.055 44.2909
vn -0.527526 0.839054 -0.133062
v 1.88835 112.031 44.2345
vn -0.850699 0.47065 -0.234096
v 1.88869 112.01 44.189
vn -0.806229 0.533142 -0.256425
v 1.89027 111.999 44.1647
vn -0.77379 0.574227 -0.267419
v 1.89 111.993 44.1502
vn -0.856737 0.494695 -0.145871
v 1.88795 112.014 44.2021
vn -0.995471 0.0738764 -0.0598329
v 1.88605 112.064 44.311
vn -0.977338 0.185485 -0.102009
v 1.88843 111.993 44.1479
vn -0.650802 0.644067 0.402038
v 1.87822 111.994 44.1362
vn -0.522202 0.604517 0.601552
v 1.87209 111.994 44.1307
vn -0.525886 0.603295 0.599566
v 1.85157 111.997 44.1095
vn -0.424928 0.758217 0.494513
v 1.83458 111.997 44.0932
vn -0.606348 0.488262 0.627648
v 1.82363 111.998 44.0818
vn -0.490883 0.605933 0.626002
v 1.83138 111.999 44.0879
vn -0.593583 0.579599 0.558323
v 1.82947 111.996 44.089
vn -0.594953 0.583017 0.553283
v 1.83557 111.999 44.0922
vn -0.530013 0.679471 0.507352
v 1.83398 111.996 44.0937
vn -0.622649 0.526612 0.578782
v 1.81635 112 44.0761
vn -0.205977 0.514525 0.832368
v 1.8154 112 44.0763
vn 0.857853 -0.215491 0.466532
v 1.81406 111.998 44.0779
vn 0.808213 -0.0952233 0.58114
v 1.81436 112 44.0784
vn 0.931123 -0.346287 0.114434
v 1.81404 112.005 44.0928
vn 0.918984 -0.356608 0.168224
v 1.8155 112.01 44.0951
vn 0.914035 -0.3681 0.170418
v 1.81419 112.006 44.0956
vn 0.933492 -0.328864 0.14297
v 1.81526 112.02 44.1168
vn 0.899147 -0.409994 0.153098
v 1.81387 112.017 44.1189
vn 0.929001 -0.327876 0.171623
v 1.81378 112.019 44.123
vn 0.926052 -0.327377 0.187755
v 1.8143 112.024 44.1312
vn 0.933318 -0.314618 0.17301
v 1.81382 112.035 44.1543
vn 0.920226 -0.352211 0.170682
v 1.81341 112.046 44.1779
vn 0.924892 -0.34278 0.164549
v 1.81292 112.059 44.2069
vn 0.919219 -0.35691 0.166288
v 1.81187 112.087 44.2686
vn 0.929661 -0.326277 0.171094
v 1.81122 112.1 44.2964
vn 0.933436 -0.3131 0.175115
v 1.8102 112.112 44.322
vn 0.929643 -0.320846 0.181168
v 1.81007 112.124 44.3506
vn 0.915853 -0.383741 0.118135
v 1.81322 112.03 44.149
vn 0.969284 -0.0504923 0.240707
v 1.81095 112.129 44.3601
vn 0.917304 -0.3977 0.0197268
v 1.81784 112.14 44.3904
vn 0.888184 -0.431812 -0.157062
v 1.82721 112.146 44.4142
vn 0.784791 -0.529823 -0.321545
v 1.83801 112.149 44.4313
vn 0.675049 -0.601681 -0.426953
v 1.85388 112.149 44.4491
vn 0.521878 -0.588729 -0.617286
v 1.87971 112.143 44.4656
vn 0.152556 -0.73469 -0.661028
v 1.93739 112.099 44.4671
vn -0.493072 0.0370981 -0.869197
v 1.92088 112.115 44.4732
vn -0.298604 -0.170979 -0.938937
v 1.9519 112.081 44.4544
vn -0.624191 0.206677 -0.753439
v 1.90078 112.13 44.4729
vn -0.0703152 -0.368257 -0.927061
v 1.87873 112.141 44.4663
vn 0.150312 -0.43543 -0.887585
v 1.97181 112.039 44.3993
vn -0.734092 0.545475 -0.404432
v 1.9622 112.064 44.4372
vn -0.701103 0.387026 -0.598886
v 1.97218 112.037 44.3963
vn -0.746922 0.569694 -0.342865
v 1.97329 112.027 44.3766
vn -0.739508 0.586939 -0.329592
v 1.97494 112.019 44.3561
vn -0.725613 0.619372 -0.299774
v 1.9738 112.007 44.3317
vn -0.74817 0.613009 -0.253894
v 1.97341 111.989 44.2899
vn -0.737239 0.623232 -0.260884
v 1.97366 111.975 44.2592
vn -0.738309 0.605984 -0.296114
v 1.97513 111.96 44.2293
vn -0.759074 0.563693 -0.325664
v 1.9752 111.96 44.2286
vn -0.735336 0.532801 -0.418813
v 1.97792 111.95 44.2137
vn -0.702961 0.44115 -0.557882
v 1.98308 111.941 44.2043
vn -0.528287 0.179185 -0.829943
v 1.98922 111.934 44.202
vn -0.166727 -0.26643 -0.949325
v 1.99217 111.932 44.2031
vn 0.15282 -0.525964 -0.836665
v 1.99898 111.928 44.21
vn 0.46019 -0.782756 -0.418949
v 2.00296 111.928 44.2197
vn 0.577402 -0.811222 -0.0923332
v 2.0053 111.93 44.2299
vn 0.691324 -0.719844 0.0624118
v 2.00596 111.93 44.225
vn 0.733355 -0.679703 0.0139654
v 2.00629 111.932 44.2386
vn 0.632356 -0.744792 0.2131
v 2.00643 111.933 44.2417
vn 0.646423 -0.713568 0.270109
v 2.00649 111.942 44.2607
vn 0.651751 -0.69523 0.303109
v 2.00588 111.948 44.2747
vn 0.654535 -0.666992 0.355958
v 2.00545 111.955 44.2886
vn 0.668323 -0.672035 0.318926
v 2.00498 111.966 44.3119
vn 0.657443 -0.684615 0.314756
v 2.0044 111.981 44.3457
vn 0.686658 -0.65551 0.314336
v 2.0039 111.994 44.3735
vn 0.67696 -0.661676 0.322351
v 2.00314 112.014 44.4165
vn 0.706608 -0.638296 0.305423
v 2.00254 112.029 44.4508
vn 0.729509 -0.602878 0.323041
v 2.01883 112.022 44.4754
vn 0.468247 -0.713992 -0.520539
v 2.00395 112.031 44.4503
vn 0.43884 -0.731929 -0.521248
v 2.03065 112.015 44.4952
vn 0.366367 -0.788035 -0.494749
v 2.0429 112.007 44.5159
vn 0.403415 -0.748835 -0.525835
v 2.04773 112.006 44.5217
vn 0.240973 -0.851244 -0.466171
v 2.04666 112.007 44.5194
vn 0.458526 -0.732982 -0.502484
v 2.0452 112.004 44.5233
vn 0.506225 -0.731744 -0.456384
v 2.04985 112.005 44.5251
vn 0.384038 -0.828557 -0.407442
v 2.04866 112.002 44.5278
vn 0.266524 -0.775035 -0.572962
v 2.04501 112.008 44.5163
vn 0.354889 -0.789101 -0.501371
v 2.04135 112.006 44.5163
vn 0.325699 -0.740537 -0.587814
v 2.0523 112.003 44.5292
vn 0.339642 -0.721669 -0.60319
v 2.05535 112 44.5335
vn 0.243103 -0.697955 -0.673617
v 2.05217 111.998 44.5344
vn 0.238041 -0.678421 -0.695041
v 2.05387 111.996 44.5366
vn -0.541734 0.771614 -0.33337
v 2.05701 111.958 44.4493
vn -0.565764 0.745717 -0.351878
v 2.05755 111.923 44.3741
vn -0.607784 0.716118 -0.343182
v 2.0585 111.91 44.3468
vn -0.566844 0.723663 -0.3937
v 2.05963 111.89 44.3008
vn -0.510621 0.780553 -0.360559
v 2.06005 111.875 44.2689
vn -0.50393 0.80721 -0.307355
v 2.05986 111.869 44.2507
vn -0.565743 0.792782 -0.226784
v 2.05759 111.862 44.2298
vn -0.535335 0.815927 -0.218357
v 2.05759 111.862 44.2298
vn -0.541191 0.83767 -0.0736288
v 2.0519 111.857 44.1983
vn -0.525308 0.849297 0.0524065
v 2.04241 111.858 44.1699
vn -0.464146 0.818769 0.337913
v 2.03215 111.863 44.1506
vn -0.334421 0.819588 0.465229
v 2.01959 111.871 44.1341
vn -0.319907 0.66862 0.671273
v 2.03071 111.862 44.1497
vn -0.429836 0.742405 0.513884
v 2.00666 111.881 44.1226
vn -0.167836 0.51706 0.839333
v 1.98244 111.902 44.1124
vn 0.0407923 0.345204 0.937641
v 2.00666 111.881 44.1226
vn -0.10499 0.427322 0.897983
v 1.96506 111.919 44.1123
vn 0.319422 0.178582 0.930633
v 1.95255 111.931 44.1162
vn 0.35859 -0.00559603 0.933478
v 1.95255 111.931 44.1162
vn 0.459067 -0.00377375 0.888394
v 1.94261 111.942 44.1223
vn 0.542839 -0.0856999 0.835453
v 1.93007 111.958 44.1353
vn 0.66769 -0.197167 0.717855
v 1.91879 111.975 44.1546
vn 0.766735 -0.299015 0.568073
v 1.9121 111.988 44.1744
vn 0.789479 -0.425223 0.442615
v 1.90881 112 44.1959
vn 0.822205 -0.454176 0.343077
v 1.90988 112.002 44.1952
vn 0.847732 -0.460387 0.263426
v 1.90803 112.016 44.2256
vn 0.841388 -0.482114 0.244198
v 1.90748 112.022 44.24
vn 0.832699 -0.50362 0.230174
v 1.90695 112.038 44.2788
vn 0.845622 -0.487288 0.217885
v 1.90698 112.004 44.208
vn 0.747884 -0.570009 0.340235
v 1.9059 112.054 44.3171
vn 0.806836 -0.547578 0.221752
v 1.90632 112.076 44.357
vn 0.847643 -0.464909 0.255659
v 1.90642 112.01 44.2204
vn 0.832061 -0.48747 0.264666
v 1.90511 112.075 44.3589
vn 0.817193 -0.419463 0.39528
v 1.90318 112.08 44.3664
vn 0.749792 -0.274026 0.602264
v 1.89859 112.085 44.3695
vn 0.282687 0.196199 0.938932
v 1.93639 110.289 40.4073
vn 0.896375 -0.396694 0.197853
v 1.93608 110.31 40.4566
vn 0.874879 -0.44739 0.185548
v 1.938 110.262 40.3487
vn 0.881339 -0.4169 0.222342
v 1.93608 110.31 40.4566
vn 0.891404 -0.446639 0.0768971
v 1.93964 110.32 40.4833
vn 0.77681 -0.629696 0.00708096
v 1.94822 110.327 40.5084
vn 0.757753 -0.600869 -0.254494
v 1.95881 110.329 40.526
vn 0.685886 -0.538021 -0.489994
v 1.9702 110.325 40.5395
vn 0.435365 -0.640263 -0.632866
v 1.98331 110.321 40.5493
vn 0.252909 -0.398355 -0.881675
v 2.01324 110.303 40.5611
vn -0.0524102 -0.5094 -0.858932
v 2.03187 110.283 40.5559
vn -0.483297 0.0176264 -0.875279
v 2.0516 110.255 40.5331
vn -0.643602 0.404018 -0.650035
v 2.01324 110.303 40.5611
vn -0.352457 -0.0986639 -0.930612
v 2.0603 110.231 40.4998
vn -0.687506 0.54355 -0.481549
v 2.0603 110.231 40.4998
vn -0.645403 0.658241 -0.387522
v 2.06258 110.223 40.4805
vn -0.680695 0.661743 -0.314245
v 2.06015 110.221 40.4816
vn -0.70864 0.647731 -0.279776
v 2.06015 110.214 40.4679
vn -0.684492 0.647536 -0.334915
v 2.06259 110.216 40.4655
vn -0.627389 0.709167 -0.32166
v 2.0603 110.213 40.465
vn -0.827373 0.479529 -0.292415
v 2.06281 110.211 40.4542
vn -0.708192 0.658035 -0.255841
v 2.06026 110.209 40.4557
vn -0.620348 0.722384 -0.3055
v 2.06144 110.207 40.4483
vn -0.657706 0.675721 -0.332902
v 2.06282 110.209 40.4486
vn -0.792354 0.510692 -0.33372
v 2.06152 110.2 40.4311
vn -0.720771 0.6266 -0.296415
v 2.06012 110.21 40.4586
vn -0.852678 0.464192 -0.239719
v 2.06016 110.198 40.4312
vn -0.713615 0.644134 -0.2754
v 2.06289 110.201 40.4301
vn -0.780215 0.557758 -0.283145
v 2.06021 110.194 40.4211
vn -0.640974 0.704663 -0.304306
v 2.06295 110.196 40.42
vn -0.641147 0.703511 -0.306599
v 2.06292 110.194 40.4151
vn -0.676895 0.666679 -0.312012
v 2.06269 110.192 40.4105
vn -0.67539 0.695183 -0.246108
v 2.0602 110.189 40.4101
vn -0.745631 0.633065 -0.207997
v 2.06267 110.182 40.3881
vn -0.697504 0.65577 -0.288885
v 2.0615 110.171 40.3692
vn -0.696811 0.629813 -0.343204
v 2.06406 110.163 40.3538
vn -0.687501 0.494811 -0.531512
v 2.06304 110.167 40.3603
vn -0.714641 0.542828 -0.441164
v 2.06794 110.159 40.3465
vn -0.593266 0.412859 -0.691074
v 2.06805 110.153 40.3445
vn -0.469253 0.276098 -0.838791
v 2.07386 110.147 40.3425
vn -0.155785 -0.261651 -0.952507
v 2.07621 110.145 40.3437
vn 0.154869 -0.546313 -0.823139
v 2.0807 110.142 40.348
vn 0.453576 -0.733339 -0.506441
v 2.08406 110.142 40.3587
vn 0.639119 -0.768934 -0.0163285
v 2.08542 110.145 40.3669
vn 0.691899 -0.705756 0.152264
v 2.08621 110.148 40.3753
vn 0.65333 -0.718325 0.239102
v 2.08589 110.151 40.3829
vn 0.684205 -0.675238 0.275532
v 2.08588 110.156 40.3934
vn 0.642442 -0.700726 0.310243
v 2.08576 110.16 40.4028
vn 0.664372 -0.67487 0.321186
v 2.08548 110.164 40.411
vn 0.679372 -0.669958 0.299351
v 2.08451 110.146 40.3754
vn 0.916568 -0.381632 0.119416
v 2.08297 110.224 40.5424
vn 0.738365 -0.607434 0.292987
v 2.08673 110.166 40.4116
vn 0.733563 -0.612384 0.294739
v 2.08297 110.224 40.5424
vn 0.345742 -0.783689 -0.516037
v 2.12448 110.198 40.6107
vn 0.389928 -0.751525 -0.532133
v 2.12448 110.198 40.6107
vn -0.532529 0.767088 -0.357755
v 2.12717 110.089 40.3749
vn -0.603207 0.72241 -0.338031
v 2.12617 110.086 40.3543
vn -0.51338 0.856343 0.0558373
v 2.10995 110.088 40.3083
vn -0.417333 0.796623 0.437294
v 2.12877 110.09 40.3745
vn -0.515266 0.849854 -0.110675
v 2.09179 110.102 40.2804
vn -0.223069 0.736497 0.638602
v 2.09033 110.101 40.281
vn -0.0177281 0.527709 0.84924
v 2.07739 110.113 40.2737
vn 0.0233933 0.420052 0.907199
v 2.06464 110.126 40.2698
vn 0.205833 0.347694 0.914736
v 2.04672 110.144 40.271
vn 0.238677 0.104865 0.96542
v 2.04672 110.144 40.271
vn 0.432277 -0.014776 0.90162
v 2.03462 110.159 40.2791
vn 0.56086 -0.147074 0.814743
v 2.02351 110.176 40.2943
vn 0.691915 -0.304487 0.654631
v 2.01362 110.197 40.3227
vn 0.760548 -0.4764 0.441147
v 2.01075 110.208 40.3422
vn 0.80879 -0.49904 0.311156
v 2.01075 110.208 40.3422
vn 0.805574 -0.493759 0.327495
v 2.00988 110.217 40.3613
vn 0.797727 -0.535507 0.277243
v 2.0093 110.23 40.3894
vn 0.798337 -0.544998 0.256193
v 2.00908 110.247 40.4284
vn 0.793261 -0.555538 0.249229
v 2.00885 110.257 40.4495
vn 0.818913 -0.545422 0.178598
v 2.00876 110.26 40.4566
vn 0.80171 -0.530659 0.275068
v 2.00609 110.269 40.4734
vn 0.723211 -0.394681 0.566739
v 2.0034 110.276 40.4748
vn 0.132715 0.303603 0.94351
v 2.00075 110.275 40.475
vn -0.208875 0.517288 0.82993
v 1.99691 110.276 40.4709
vn -0.575995 0.69511 0.430175
v 1.99479 110.274 40.4629
vn -0.808838 0.579296 -0.100979
v 1.99546 110.272 40.4528
vn -0.81815 0.533355 -0.214857
v 1.99318 110.268 40.4539
vn -0.80969 0.55002 -0.204646
v 1.99557 110.269 40.4471
vn -0.778621 0.533391 -0.330519
v 1.99461 110.266 40.4437
vn -0.798109 0.536428 -0.274348
v 1.99329 110.266 40.4488
vn -0.882638 0.37697 -0.28079
v 1.9949 110.262 40.4363
vn -0.815677 0.490308 -0.307032
v 1.99491 110.262 40.4356
vn -0.827584 0.504947 -0.245221
v 1.99735 110.198 40.2983
vn -0.788339 0.553035 -0.269582
v 1.98195 110.203 40.2806
vn -0.482254 0.626765 0.612043
v 1.93959 110.211 40.2394
vn -0.52357 0.542255 0.65714
v 1.99756 110.199 40.2981
vn -0.372727 0.775941 0.508911
v 1.93959 110.211 40.2394
vn 0.876627 -0.432119 0.211654
v 1.938 110.262 40.3487
vn 0.87283 -0.438905 0.213378
v 1.95851 110.326 40.528
vn 0.506259 0.775604 -0.377014
v 1.99559 110.275 40.4715
vn 0.49781 0.776906 -0.385489
v 1.98031 110.32 40.5488
vn 0.685169 0.679117 -0.263332
v 1.97844 110.321 40.5475
vn 0.479165 0.790434 -0.381596
v 1.9818 110.32 40.5497
vn 0.290056 0.842421 -0.454086
v 1.98221 110.32 40.55
vn 0.512947 0.776136 -0.36674
v 1.99425 110.313 40.556
vn 0.588211 0.751911 -0.29772
v 1.96809 110.325 40.5391
vn 0.53314 0.767405 -0.356162
v 1.9714 110.324 40.5421
vn 0.53483 0.764954 -0.35889
v 1.97486 110.323 40.5449
vn 0.551589 0.757888 -0.34836
v 2.00284 110.271 40.4753
vn 0.633189 0.709361 -0.309642
v 1.93752 110.316 40.4762
vn 0.522523 0.773413 -0.35889
v 1.99384 110.274 40.4655
vn 0.532016 0.778676 -0.332602
v 1.9944 110.274 40.4682
vn 0.553752 0.781804 -0.286603
v 1.94028 110.321 40.4899
vn 0.539723 0.772872 -0.333718
v 1.94056 110.321 40.4909
vn 0.605629 0.776946 -0.171955
v 1.93479 110.3 40.4368
vn 0.525848 0.778697 -0.342221
v 1.99321 110.271 40.4586
vn 0.526738 0.745157 -0.409009
v 1.99317 110.269 40.4548
vn 0.529968 0.784544 -0.321908
v 1.94073 110.321 40.4915
vn 0.606596 0.776732 -0.169497
v 1.94085 110.321 40.4919
vn 0.571041 0.779396 -0.257784
v 1.94414 110.323 40.5019
vn 0.503812 0.769492 -0.3925
v 1.94209 110.322 40.496
vn 0.53709 0.77422 -0.334839
v 1.94639 110.325 40.5074
vn 0.529159 0.767815 -0.36118
v 1.99323 110.267 40.451
vn 0.507308 0.842709 -0.180222
v 2.04854 110.255 40.5339
vn 0.644517 0.69683 -0.314683
v 1.99331 110.272 40.4606
vn 0.524507 0.797853 -0.297191
v 2.05999 110.22 40.4811
vn 0.652011 0.703053 -0.283897
v 2.00767 110.255 40.4502
vn 0.645317 0.687425 -0.333185
v 1.99329 110.266 40.4488
vn 0.527093 0.715102 -0.459131
v 1.99361 110.262 40.4411
vn 0.524068 0.780756 -0.340253
v 2.06012 110.189 40.411
vn 0.646359 0.66959 -0.365881
v 2.00806 110.23 40.3939
vn 0.647723 0.699397 -0.302158
v 2.00802 110.233 40.4
vn 0.647725 0.6949 -0.312356
v 2.00795 110.24 40.4156
vn 0.648434 0.704058 -0.289546
v 2.06014 110.199 40.4323
vn 0.650676 0.712801 -0.261791
v 1.93867 110.21 40.2401
vn 0.540755 0.770775 -0.336883
v 2.05995 110.182 40.3929
vn 0.643494 0.724155 -0.248023
v 2.0084 110.22 40.3707
vn 0.644769 0.707244 -0.289964
v 2.01154 110.201 40.3354
vn 0.646773 0.698558 -0.306107
v 2.06 110.178 40.3843
vn 0.642398 0.720167 -0.262076
v 2.0664 110.156 40.351
vn 0.665204 0.685324 -0.296369
v 2.06011 110.176 40.3798
vn 0.648199 0.641801 -0.409792
v 2.00783 110.25 40.4382
vn 0.646304 0.747373 -0.154026
v 2.00772 110.254 40.4467
vn 0.647714 0.699889 -0.301033
v 2.06012 110.21 40.4586
vn 0.648557 0.713367 -0.265484
v 2.06012 110.21 40.4573
vn 0.648897 0.692296 -0.315687
v 2.06015 110.214 40.4679
vn 0.642749 0.66531 -0.379784
v 2.05256 110.137 40.2763
vn 0.677086 0.676727 -0.289127
v 2.06015 110.213 40.4661
vn 0.648793 0.646239 -0.4018
v 2.05968 110.225 40.4902
vn 0.655177 0.634982 -0.409317
v 2.05997 110.184 40.3982
vn 0.644199 0.656794 -0.391956
v 2.06021 110.194 40.4211
vn 0.641508 0.70493 -0.302558
v 2.08152 110.223 40.5429
vn 0.763348 0.589033 -0.265216
v 2.12287 110.197 40.6112
vn 0.790491 0.561916 -0.24367
v 2.12487 110.087 40.3621
vn 0.77093 0.612382 -0.175083
v 2.08394 110.162 40.4088
vn 0.779325 0.58336 -0.228785
v 2.08426 110.157 40.3993
vn 0.774024 0.509182 -0.376326
v 2.08437 110.156 40.3963
vn 0.763009 0.638284 -0.102032
v 2.08449 110.154 40.3925
vn 0.781718 0.554778 -0.284847
v 2.10076 110.091 40.2958
vn 0.767438 0.579477 -0.274309
v 2.08021 110.141 40.3508
vn 0.73779 0.615725 -0.276674
v 2.0772 110.142 40.3461
vn 0.749322 0.608564 -0.261088
v 2.08152 110.141 40.3542
vn 0.778904 0.583696 -0.229364
v 2.0846 110.148 40.38
vn 0.769842 0.594441 -0.232343
v 2.08439 110.145 40.3727
vn 0.771143 0.578668 -0.265483
v 2.08412 110.144 40.3688
vn 0.784151 0.582961 -0.212753
v 2.08338 110.142 40.3626
vn 0.770516 0.584872 -0.253434
v 2.0846 110.151 40.3867
vn 0.783075 0.55708 -0.276508
v 1.81073 112.126 44.3593
vn 0.406194 0.824016 -0.394974
v 1.90117 112.079 44.367
vn 0.527007 0.774383 -0.350135
v 1.80933 112.114 44.3303
vn 0.437816 0.822613 -0.362801
v 1.88498 112.081 44.3466
vn 0.435964 0.787919 -0.434877
v 1.88521 112.077 44.3384
vn 0.431486 0.856934 -0.281931
v 1.84262 112.145 44.4343
vn 0.442451 0.811852 -0.380964
v 1.9057 112.123 44.4725
vn 0.554609 0.759091 -0.340868
v 1.84754 112.091 44.3256
vn 0.376034 0.926468 0.0160019
v 1.8107 112.093 44.2862
vn 0.437007 0.821204 -0.366945
v 1.88539 112.075 44.334
vn 0.439186 0.796908 -0.414793
v 1.88661 112.049 44.2773
vn 0.437326 0.82155 -0.365789
v 1.81265 112.045 44.1812
vn 0.421524 0.818355 -0.390658
v 1.88039 112.003 44.1659
vn 0.4628 0.809436 -0.361427
v 1.81339 112.027 44.1407
vn 0.458929 0.838486 -0.293813
v 1.85558 111.995 44.1154
vn 0.433511 0.836681 -0.334713
v 1.81365 112.022 44.1291
vn 0.398646 0.832138 -0.385524
v 1.82973 112.007 44.1142
vn 0.373113 0.822146 -0.429957
v 1.84134 111.996 44.101
vn 0.415151 0.845652 -0.335443
v 1.81387 112.017 44.1189
vn 0.466868 0.851349 -0.239246
v 1.81408 112.006 44.0961
vn 0.458619 0.849773 -0.259912
v 1.82802 111.996 44.0875
vn 0.413728 0.846758 -0.33441
v 1.81404 112.005 44.0928
vn 0.361448 0.828066 -0.428557
v 1.83658 111.996 44.0963
vn 0.389401 0.840634 -0.376433
v 1.81399 112.014 44.1125
vn 0.481671 0.849543 -0.215102
v 1.81407 112.011 44.1065
vn 0.392613 0.840865 -0.372559
v 1.81725 111.997 44.0785
vn 0.436614 0.867015 -0.240113
v 1.81381 112 44.0826
vn 0.268499 0.869582 -0.41441
v 1.81391 111.998 44.078
vn 0 1 0
v 1.82499 111.996 44.0843
vn 0.381687 0.839428 -0.38688
v 1.814 112.004 44.0908
vn 0.366715 0.834823 -0.410598
v 1.88892 112 44.171
vn 0.405652 0.851794 -0.331502
v 1.95387 112.074 44.4481
vn 0.595078 0.729159 -0.337948
v 1.97141 112.028 44.3798
vn 0.603464 0.723958 -0.33424
v 2.00305 111.978 44.3424
vn 0.741734 0.616122 -0.265001
v 2.02782 112.014 44.4938
vn 0.778881 0.568241 -0.265418
v 2.05673 111.922 44.3753
vn 0.77208 0.58484 -0.248705
v 1.97243 112.002 44.3231
vn 0.601174 0.730606 -0.323736
v 1.90588 112.049 44.3062
vn 0.600292 0.737886 -0.308502
v 1.97221 111.982 44.2793
vn 0.601005 0.724821 -0.336791
v 1.90588 112.036 44.2777
vn 0.601206 0.73215 -0.320169
v 1.97237 111.999 44.3182
vn 0.607053 0.730848 -0.312008
v 1.9724 112 44.3206
vn 0.601704 0.678065 -0.422114
v 2.05749 111.903 44.3325
vn 0.767865 0.597197 -0.231817
v 2.00369 111.962 44.3058
vn 0.765733 0.611953 -0.197904
v 2.05727 111.908 44.3442
vn 0.768825 0.55979 -0.309102
v 2.05421 111.987 44.5171
vn 0.803516 0.541678 -0.246874
v 2.04814 112.001 44.5285
vn 0.779058 0.553595 -0.294281
v 2.05387 111.996 44.5366
vn 0.799126 0.543248 -0.257446
v 2.0452 112.004 44.5233
vn 0.776393 0.533682 -0.335258
v 1.90595 112.02 44.2417
vn 0.597077 0.760671 -0.254713
v 1.90602 112.017 44.2354
vn 0.601884 0.665498 -0.441416
v 1.97254 111.97 44.2514
vn 0.595168 0.755207 -0.274659
v 1.97275 111.967 44.2465
vn 0.602135 0.711652 -0.361918
v 1.97591 111.952 44.2184
vn 0.595645 0.742561 -0.306284
v 1.9166 111.978 44.1652
vn 0.603974 0.733178 -0.312516
v 1.90642 112.01 44.2204
vn 0.601404 0.717695 -0.351036
v 1.98439 111.937 44.205
vn 0.654478 0.693596 -0.300969
v 1.96985 111.912 44.1161
vn 0.665039 0.686945 -0.292966
v 2.03321 111.86 44.1554
vn 0.754232 0.607421 -0.249349
v 2.00192 111.926 44.221
vn 0.764833 0.599143 -0.236765
v 2.04501 111.856 44.1822
vn 0.761756 0.600911 -0.242142
v 1.99736 111.927 44.21
vn 0.706159 0.644991 -0.292107
v 2.02459 111.865 44.1427
vn 0.720845 0.633292 -0.281645
v 2.01632 111.871 44.1325
vn 0.747888 0.613871 -0.252636
v 2.01203 111.874 44.1283
vn 0.67449 0.671138 -0.307631
v 2.058 111.89 44.3053
vn 0.766636 0.597299 -0.23559
v 2.00447 111.948 44.2771
vn 0.767185 0.592736 -0.245135
v 2.05826 111.882 44.2853
vn 0.767734 0.595433 -0.236737
v 2.00524 111.936 44.2513
vn 0.767829 0.598892 -0.227525
v 2.00521 111.934 44.248
vn 0.687243 0.412868 -0.597693
v 2.0051 111.933 44.2445
vn 0.768292 0.593341 -0.240154
v 2.05818 111.872 44.2627
vn 0.766756 0.586361 -0.261278
v 2.00436 111.93 44.2348
vn 0.754493 0.591267 -0.284857
v 2.0562 111.863 44.2362
vn 0.769016 0.603489 -0.210751
v 2.04895 111.856 44.1941
vn 0.745452 0.603846 -0.282262
v 2.05149 111.856 44.2041
vn 0.775137 0.594157 -0.214803
v 2.01032 111.875 44.1269
vn 0.749204 0.611193 -0.255218
v 2.03065 111.862 44.1511
vn 0.742712 0.617415 -0.259187
v 1.87138 111.943 44.0193
vn 0.537878 0.76803 -0.347589
v 1.93357 111.839 43.8803
vn 0.527032 0.779478 -0.338602
v 1.8741 111.872 43.8653
vn 0.516154 0.792473 -0.324918
v 1.9747 111.849 43.9832
vn 0.696981 0.663094 -0.27299
v 2.0225 111.825 44.0447
vn 0.70543 0.649355 -0.284091
v 1.97257 111.902 44.0976
vn 0.695781 0.654384 -0.29609
v 1.89556 111.831 43.8029
vn 0.542563 0.767641 -0.341105
v 1.96047 111.809 43.8627
vn 0.670745 0.681198 -0.293377
v 2.02031 111.756 43.8823
vn 0.695903 0.660275 -0.282411
v 1.96763 111.771 43.7948
vn 0.634742 0.708269 -0.308963
v 1.91213 111.813 43.7877
vn 0.536644 0.776003 -0.33141
v 1.9432 111.822 43.8586
vn 0.549159 0.765903 -0.33439
v 1.91985 111.806 43.7838
vn 0.32741 0.898081 -0.293691
v 1.92929 111.798 43.781
vn 0.555942 0.762639 -0.330621
v 1.97515 111.843 43.9698
vn 0.654339 0.755792 0.0248902
v 1.97528 111.841 43.9667
vn 0.701652 0.634753 -0.323687
v 2.02434 111.795 43.9806
vn 0.702042 0.639778 -0.312763
v 1.97566 111.837 43.9575
vn 0.691586 0.695887 -0.193522
v 2.02445 111.793 43.9769
vn 0.647503 0.761756 0.0216063
v 2.0245 111.792 43.9751
vn 0.694678 0.679866 -0.234957
v 1.97588 111.834 43.952
vn 0.695599 0.673739 -0.249434
v 2.02456 111.791 43.9732
vn 0.664253 0.428094 -0.612784
v 2.02466 111.79 43.9697
vn 0.700376 0.661702 -0.267625
v 1.97608 111.832 43.9468
vn 0.700241 0.661403 -0.268716
v 1.97574 111.836 43.9556
vn 0.700041 0.648987 -0.297924
v 2.02438 111.794 43.9791
vn 0.693431 0.69493 -0.190329
v 2.02442 111.794 43.9778
vn 0.702295 0.605539 -0.374305
v 2.0622 111.781 44.0657
vn 0.784125 0.568608 -0.248663
v 2.06089 111.815 44.14
vn 0.785855 0.566374 -0.248298
v 2.02455 111.792 43.9736
vn 0.648918 0.760659 0.0174191
v 2.02477 111.788 43.9655
vn 0.69825 0.685127 -0.207481
v 1.9762 111.831 43.9436
vn 0.705924 0.605248 -0.367894
v 1.97635 111.828 43.9395
vn 0.69119 0.70032 -0.17835
v 2.02522 111.776 43.9406
vn 0.702134 0.650055 -0.29058
v 1.97655 111.825 43.9327
vn 0.701011 0.620209 -0.352029
v 1.97672 111.821 43.9245
vn 0.700037 0.657767 -0.27801
v 1.97675 111.815 43.9093
vn 0.702637 0.668263 -0.244387
v 1.9768 111.818 43.917
vn 0.704852 0.638528 -0.308976
v 1.92215 110.628 41.1528
vn 0.531176 0.774136 -0.344332
v 1.99134 110.557 41.0992
vn 0.587913 0.73911 -0.328747
v 1.92692 110.513 40.9023
vn 0.476681 0.802407 -0.359051
v 1.98409 110.503 40.9648
vn 0.533587 0.77684 -0.334372
v 2.05431 110.455 41.0018
vn 0.656465 0.693254 -0.297411
v 2.11178 110.479 41.2241
vn 0.743357 0.612306 -0.269262
v 2.00445 110.474 40.9358
vn 0.642281 0.70368 -0.303825
v 2.07085 110.493 41.1303
vn 0.731422 0.625802 -0.270913
v 2.07399 110.411 40.9526
vn 0.745822 0.610686 -0.266107
v 2.1157 110.385 41.0213
vn 0.777882 0.579192 -0.243793
v 1.91791 110.738 41.3926
vn 0.532545 0.772849 -0.345109
v 1.97616 110.685 41.3603
vn 0.606784 0.726017 -0.323594
v 1.97745 110.652 41.2874
vn 0.589328 0.739029 -0.326389
v 1.92241 110.63 41.1571
vn 0.528955 0.776411 -0.342628
v 2.11007 110.533 41.3441
vn 0.763397 0.590674 -0.2614
v 2.10874 110.567 41.417
vn 0.770848 0.58252 -0.257806
v 1.88385 111.618 43.3113
vn 0.5596 0.763906 -0.321396
v 2.01821 111.56 43.4275
vn 0.695915 0.657638 -0.288469
v 1.8828 111.651 43.3833
vn 0.526629 0.773943 -0.351672
v 2.07267 111.501 43.4554
vn 0.779233 0.574087 -0.251435
v 2.07395 111.468 43.3834
vn 0.772625 0.586811 -0.242288
v 1.87715 111.799 43.7057
vn 0.518657 0.778274 -0.353955
v 1.93379 111.789 43.7694
vn 0.564788 0.753372 -0.336816
v 1.93733 111.695 43.5636
vn 0.522064 0.781906 -0.340694
v 1.88391 111.711 43.5179
vn 0.522375 0.782306 -0.339297
v 1.95795 111.667 43.5386
vn 0.601608 0.730745 -0.322614
v 1.92086 111.662 43.4638
vn 0.550261 0.765393 -0.333747
v 1.97928 111.617 43.469
vn 0.642783 0.701309 -0.308214
v 1.97946 111.661 43.5666
vn 0.675294 0.672419 -0.303034
v 2.02176 111.604 43.5372
vn 0.711914 0.64702 -0.273027
v 1.97873 111.758 43.7847
vn 0.718154 0.636074 -0.28225
v 2.02803 111.682 43.7324
vn 0.745353 0.611671 -0.265154
v 2.02974 111.638 43.6359
vn 0.761901 0.591449 -0.263999
v 2.06644 111.671 43.8262
vn 0.782027 0.571555 -0.248512
v 2.06773 111.637 43.7535
vn 0.798716 0.550281 -0.243402
v 2.07234 111.513 43.4823
vn 0.791385 0.561945 -0.240682
v 1.89101 111.578 43.2315
vn 0.478717 0.80897 -0.341169
v 1.92567 111.58 43.2885
vn 0.53317 0.771779 -0.346536
v 1.91037 111.552 43.2005
vn 0.475777 0.812629 -0.336556
v 1.91485 111.547 43.1965
vn 0.51673 0.786608 -0.337991
v 1.98425 111.509 43.2326
vn 0.72248 0.630335 -0.284079
v 1.91714 111.545 43.1944
vn 0.607328 0.716874 -0.34241
v 2.07458 111.453 43.3496
vn 0.749787 0.605652 -0.266469
v 1.88942 111.477 43.003
vn 0.557786 0.758668 -0.336599
v 1.88817 111.51 43.0765
vn 0.53604 0.775482 -0.3336
v 1.91954 111.542 43.1922
vn 0.572096 0.767363 -0.289585
v 1.9996 111.44 43.1109
vn 0.627208 0.721935 -0.292267
v 2.03523 111.376 43.0513
vn 0.730809 0.62518 -0.273985
v 2.07578 111.419 43.2756
vn 0.78297 0.570234 -0.248578
v 2.06438 111.379 43.146
vn 0.773818 0.580624 -0.253144
v 2.04778 111.363 43.0569
vn 0.765325 0.592254 -0.252018
v 2.06632 111.376 43.1438
vn 0.807962 0.533242 -0.250698
v 2.06794 111.372 43.1419
vn 0.786628 0.564562 -0.249972
v 2.05101 111.359 43.0585
vn 0.790312 0.559243 -0.250307
v 2.05582 111.354 43.061
vn 0.708128 0.661467 -0.247014
v 2.07109 111.366 43.1379
vn 0.777417 0.578112 -0.24781
v 2.07252 111.363 43.1359
vn 0.815502 0.525153 -0.24325
v 2.07391 111.361 43.1337
vn 0.752051 0.613142 -0.241818
v 2.05887 111.351 43.0628
vn 0.754828 0.60967 -0.241945
v 2.07752 111.351 43.1247
vn 0.817031 0.523188 -0.242353
v 2.06244 111.347 43.0652
vn 0.794556 0.558624 -0.237952
v 2.07965 111.344 43.1159
vn 0.711464 0.671366 -0.207572
v 2.08005 111.343 43.1129
vn 0.813697 0.528914 -0.24114
v 2.08059 111.338 43.1045
vn 0.77937 0.58426 -0.226323
v 2.07041 111.338 43.0722
vn 0.802468 0.54637 -0.239842
v 2.06651 111.343 43.0683
vn 0.801606 0.548666 -0.237473
v 2.07979 111.334 43.0926
vn 0.669692 0.72154 -0.17576
v 2.07646 111.334 43.0817
vn 0.723573 0.661521 -0.197059
v 2.07695 111.335 43.0872
vn 0.839884 0.484038 -0.245564
v 1.90878 111.429 42.9223
vn 0.538707 0.764838 -0.353296
v 1.96186 111.381 42.9009
vn 0.567651 0.753317 -0.332094
v 1.95693 111.425 42.992
vn 0.596105 0.731361 -0.331316
v 1.89293 111.39 42.8135
vn 0.502679 0.790388 -0.350144
v 1.95262 111.318 42.7433
vn 0.531312 0.775325 -0.341438
v 2.01171 111.386 43.0176
vn 0.693812 0.657396 -0.294034
v 2.01082 111.353 42.941
vn 0.694113 0.659321 -0.288967
v 1.97729 111.377 42.9209
vn 0.652691 0.690482 -0.311815
v 2.05564 111.329 43.0047
vn 0.749849 0.603713 -0.270661
v 2.03924 111.307 42.9069
vn 0.771509 0.581117 -0.258992
v 2.07922 111.271 42.945
vn 0.775303 0.576545 -0.257879
v 2.02629 111.316 42.892
vn 0.685494 0.660905 -0.305455
v 1.98053 111.282 42.7126
vn 0.695537 0.658314 -0.287839
v 2.03464 111.27 42.8087
vn 0.725758 0.632284 -0.271095
v 2.0853 111.182 42.7602
vn 0.782629 0.570818 -0.248311
v 1.86228 111.301 42.5806
vn 0.413016 0.837427 -0.357958
v 1.87828 111.252 42.4882
vn 0.358022 0.852581 -0.380691
v 1.95798 111.266 42.6411
vn 0.581013 0.742362 -0.33365
v 1.97311 111.172 42.4511
vn 0.590972 0.738964 -0.32355
v 1.97575 111.217 42.5575
vn 0.626035 0.712819 -0.316179
v 1.89325 111.172 42.3316
vn 0.456215 0.810363 -0.367669
v 1.87313 111.135 42.2224
vn 0.41634 0.829939 -0.371298
v 1.9796 111.102 42.3061
vn 0.625019 0.713489 -0.316678
v 2.00313 111.141 42.4405
vn 0.634383 0.705872 -0.315123
v 1.97692 111.062 42.2134
vn 0.609852 0.725591 -0.318744
v 2.08534 111.175 42.7434
vn 0.770979 0.582373 -0.257746
v 2.08698 111.13 42.6447
vn 0.773222 0.582923 -0.249655
v 2.00916 111.181 42.5445
vn 0.633029 0.70946 -0.309743
v 2.02046 111.168 42.5405
vn 0.698737 0.65045 -0.297793
v 2.03058 111.155 42.5369
vn 0.692339 0.659447 -0.292911
v 2.07064 111.098 42.5195
vn 0.765911 0.590058 -0.255368
v 2.07216 111.053 42.4205
vn 0.738434 0.623606 -0.256576
v 2.09263 110.98 42.3191
vn 0.761766 0.59396 -0.258696
v 2.09449 110.935 42.2202
vn 0.774962 0.579914 -0.251263
v 1.93138 111 41.9954
vn 0.50888 0.783508 -0.35659
v 1.92728 110.965 41.9114
vn 0.488346 0.796428 -0.356679
v 1.99243 110.943 41.9708
vn 0.636052 0.70489 -0.313955
v 1.9434 110.95 41.9007
vn 0.455949 0.812363 -0.363561
v 1.98063 110.911 41.8837
vn 0.617996 0.728495 -0.295595
v 1.9422 110.951 41.9012
vn 0.680689 0.67116 -0.293609
v 1.97364 110.991 42.0446
vn 0.467117 0.790862 -0.395397
v 2.00217 110.982 42.0787
vn 0.657105 0.68956 -0.304498
v 2.09622 110.89 42.1221
vn 0.747348 0.609613 -0.26428
v 2.0279 110.971 42.1116
vn 0.717987 0.639115 -0.275728
v 1.98553 110.988 42.0586
vn 0.560133 0.750214 -0.351326
v 1.97839 110.99 42.0502
vn 0.616788 0.718622 -0.321178
v 1.99211 110.985 42.0665
vn 0.67543 0.681579 -0.281504
v 2.03019 110.97 42.1146
vn 0.519103 0.75444 -0.401687
v 2.07493 110.944 42.1807
vn 0.771227 0.581897 -0.25808
v 2.09659 110.879 42.0993
vn 0.785265 0.564607 -0.254122
v 2.05652 110.864 41.9401
vn 0.7293 0.625788 -0.276605
v 2.10138 110.755 41.8286
vn 0.788592 0.568271 -0.234926
v 1.93387 110.882 41.7355
vn 0.5192 0.772214 -0.36622
v 1.9738 110.831 41.6837
vn 0.500917 0.775664 -0.383963
v 1.92458 110.881 41.7197
vn 0.528651 0.768234 -0.361032
v 1.92233 110.879 41.7141
vn 0.505124 0.769702 -0.390395
v 1.95851 110.877 41.761
vn 0.548836 0.758851 -0.350605
v 1.95664 110.877 41.7597
vn 0.479132 0.79047 -0.381562
v 1.95948 110.876 41.7616
vn 0.489369 0.787102 -0.375484
v 1.96042 110.876 41.7622
vn 0.509316 0.777718 -0.368446
v 1.97338 110.869 41.7681
vn 0.592186 0.748843 -0.297573
v 1.94629 110.881 41.7513
vn 0.473352 0.788451 -0.392788
v 1.95306 110.879 41.7571
vn 0.594479 0.739524 -0.315751
v 1.9496 110.88 41.7543
vn 0.531165 0.770331 -0.352781
v 1.98231 110.823 41.6822
vn 0.622058 0.717148 -0.314233
v 1.91701 110.875 41.6959
vn 0.530998 0.7765 -0.339248
v 1.91847 110.877 41.7021
vn 0.538306 0.772736 -0.336312
v 1.97261 110.83 41.6804
vn 0.553565 0.781939 -0.286596
v 1.91892 110.877 41.7038
vn 0.611233 0.77597 -0.155774
v 1.91875 110.877 41.7031
vn 0.604516 0.777202 -0.17469
v 1.91427 110.87 41.6798
vn 0.517163 0.764564 -0.384687
v 1.97205 110.83 41.6777
vn 0.531724 0.774245 -0.343241
v 1.91378 110.852 41.6424
vn 0.520318 0.779781 -0.348153
v 1.92028 110.878 41.7082
vn 0.536417 0.774283 -0.335773
v 1.91903 110.877 41.7041
vn 0.555842 0.778633 -0.291154
v 1.97141 110.827 41.6706
vn 0.501598 0.752294 -0.427147
v 1.97137 110.825 41.6672
vn 0.534221 0.802742 -0.264978
v 1.97143 110.823 41.6632
vn 0.563409 0.80652 -0.179153
v 2.02598 110.809 41.7405
vn 0.645102 0.695135 -0.317223
v 1.97152 110.828 41.6728
vn 0.523923 0.798208 -0.297268
v 2.03812 110.778 41.6979
vn 0.651194 0.689355 -0.31739
v 2.03838 110.773 41.6851
vn 0.64732 0.675927 -0.352277
v 2.03828 110.776 41.6919
vn 0.652422 0.685268 -0.323657
v 2.03794 110.78 41.7021
vn 0.644561 0.716035 -0.26802
v 1.9715 110.822 41.661
vn 0.475865 0.739039 -0.476838
v 1.97167 110.82 41.657
vn 0.531163 0.757575 -0.379403
v 1.97442 110.753 41.5111
vn 0.529813 0.777499 -0.338813
v 1.98616 110.797 41.6309
vn 0.648028 0.698185 -0.304299
v 2.03832 110.759 41.6539
vn 0.648863 0.706488 -0.282579
v 1.98622 110.791 41.6158
vn 0.646294 0.687601 -0.33092
v 1.91686 110.766 41.4523
vn 0.519939 0.780423 -0.347281
v 1.98656 110.777 41.5861
vn 0.644413 0.708271 -0.288242
v 2.0382 110.738 41.6051
vn 0.643138 0.724914 -0.246726
v 2.03822 110.74 41.6103
vn 0.643526 0.657285 -0.392239
v 1.98628 110.786 41.6061
vn 0.646524 0.701661 -0.299463
v 2.03837 110.745 41.6231
vn 0.646917 0.693648 -0.316783
v 1.9984 110.737 41.5177
vn 0.651081 0.698397 -0.297212
v 2.03825 110.734 41.5965
vn 0.642081 0.720408 -0.26219
v 2.03835 110.732 41.592
vn 0.648274 0.646605 -0.402048
v 2.04561 110.71 41.5609
vn 0.664377 0.689534 -0.288352
v 1.98601 110.807 41.6534
vn 0.648664 0.691867 -0.317105
v 2.03838 110.766 41.6708
vn 0.648255 0.714007 -0.264498
v 1.98588 110.812 41.6641
vn 0.649976 0.709678 -0.271823
v 2.0384 110.771 41.6813
vn 0.65107 0.693237 -0.309079
v 2.03836 110.765 41.6676
vn 0.647602 0.708517 -0.280386
v 2.03755 110.685 41.4843
vn 0.686142 0.667757 -0.288634
v 2.03832 110.762 41.661
vn 0.626729 0.779238 0
v 2.03839 110.767 41.6732
vn 0.648637 0.697018 -0.305674
v 2.03846 110.75 41.6333
vn 0.649114 0.696644 -0.305514
v 2.05979 110.779 41.7551
vn 0.766924 0.584689 -0.264511
v 2.10146 110.753 41.8242
vn 0.804631 0.54355 -0.239004
v 2.10576 110.644 41.5854
vn 0.776807 0.580181 -0.244871
v 2.0384 110.77 41.6785
vn 0.606345 0.795202 0
v 2.0384 110.768 41.6754
vn 0.645667 0.653293 -0.395376
v 2.06221 110.718 41.621
vn 0.773048 0.582563 -0.251031
v 2.06243 110.715 41.6143
vn 0.777552 0.58727 -0.224782
v 2.06253 110.713 41.6114
vn 0.772683 0.59861 -0.211252
v 2.06262 110.712 41.6088
vn 0.775206 0.579245 -0.252055
v 2.06052 110.697 41.5689
vn 0.770657 0.587307 -0.247301
v 2.07055 110.654 41.498
vn 0.76392 0.598926 -0.240239
v 2.05978 110.697 41.5663
vn 0.774786 0.588263 -0.231631
v 2.05777 110.697 41.5617
vn 0.720178 0.626577 -0.297901
v 2.05547 110.698 41.5583
vn 0.749559 0.60757 -0.262715
v 2.06287 110.704 41.592
vn 0.779912 0.589428 -0.210502
v 2.06266 110.701 41.5849
vn 0.771966 0.581473 -0.256822
v 2.06278 110.702 41.5876
vn 0.721293 0.549124 -0.422137
v 2.06275 110.71 41.6049
vn 0.772219 0.592565 -0.229224
v 2.06286 110.708 41.6
vn 0.780116 0.560287 -0.278385
v 2.06148 110.698 41.5738
vn 0.763208 0.584139 -0.276216
v 2.06242 110.7 41.5813
vn 0.769564 0.576004 -0.275663
v 1.92788 110.489 40.8483
vn 0.5127 0.781585 -0.355337
v 1.98506 110.478 40.9101
vn 0.536706 0.768927 -0.347416
v 1.99117 110.377 40.6936
vn 0.571446 0.75032 -0.33237
v 1.936 110.397 40.6533
vn 0.520275 0.781297 -0.344802
v 1.98052 110.343 40.6018
vn 0.570448 0.752237 -0.32974
v 2.04675 110.297 40.6259
vn 0.659677 0.689209 -0.299695
v 2.02985 110.35 40.708
vn 0.686036 0.666531 -0.291703
v 2.07287 110.293 40.6785
vn 0.741269 0.618631 -0.260416
v 2.02931 110.447 40.9259
vn 0.718662 0.638504 -0.275386
v 2.08033 110.327 40.777
vn 0.76749 0.586851 -0.258
v 2.07863 110.371 40.8727
vn 0.769278 0.58664 -0.25311
v 2.1167 110.36 40.9672
vn 0.780876 0.577375 -0.238475
v 2.12275 110.204 40.6252
vn 0.797597 0.555375 -0.235368
v 2.30877 103.496 25.7896
vn 0.600813 0.730629 -0.324355
v 2.05504 110.068 40.123
vn 0.589193 0.738381 -0.328093
v 2.38623 94.8652 7.60992
vn 0.343322 0.266055 -0.900747
v 2.31983 94.912 7.59809
vn 0.254124 0.307488 -0.916991
v 2.23128 94.9039 7.58939
vn -0.0957119 0.328764 -0.93955
v 2.13363 94.8603 7.60767
vn -0.466168 0.16115 -0.869896
v 2.07956 94.7742 7.64619
vn -0.669952 -0.16587 -0.723638
v 2.0827 94.6872 7.68611
vn -0.657296 -0.494214 -0.568959
v 2.10889 94.63 7.72367
vn -0.525066 -0.715327 -0.4611
v 2.18143 94.5879 7.73338
vn -0.296584 -0.869386 -0.39523
v 2.28838 94.5741 7.74162
vn 0.118457 -0.924983 -0.361075
v 2.38603 94.6177 7.72335
vn 0.489398 -0.758118 -0.430983
v 2.44011 94.7038 7.68483
vn 0.693075 -0.430752 -0.578014
v 2.43151 94.8025 7.63945
vn 0.659439 -0.0578787 -0.749527
v 2.38623 94.8652 7.60992
vn 0.560414 0.11436 -0.820279
v 2.1206 94.7662 8.07291
vn -0.512074 -0.780346 0.358944
v 2.12662 94.6104 7.73297
vn -0.564934 -0.753851 0.335497
v 2.17287 94.5819 7.74682
vn -0.458817 -0.808436 0.36867
v 2.25416 94.566 7.75555
vn -0.0587087 -0.906165 0.418829
v 2.29744 94.7248 8.09502
vn 0.229736 -0.879482 0.416812
v 2.20325 94.7257 8.09296
vn -0.223892 -0.883674 0.411088
v 2.3816 94.7639 8.07861
vn 0.643547 -0.687253 0.336943
v 2.36031 94.5921 7.74546
vn 0.529524 -0.76628 0.363894
v 2.43645 94.8339 8.04749
vn 0.93736 -0.305757 0.166941
v 2.42217 94.6432 7.72312
vn 0.819574 -0.512737 0.255734
v 2.45165 94.7143 7.69109
vn 0.980606 -0.169247 0.0988253
v 2.44943 94.9188 8.00878
vn 0.994074 0.106535 -0.0216356
v 2.41756 94.9992 7.97136
vn 0.841519 0.500157 -0.204175
v 2.43911 94.8133 7.64545
vn 0.912866 0.378163 -0.153845
v 2.39273 94.8759 7.61594
vn 0.675685 0.676765 -0.2923
v 2.34813 95.0566 7.9438
vn 0.465033 0.811615 -0.353589
v 2.31983 94.912 7.59809
vn 0.327716 0.862271 -0.386123
v 2.25707 95.0779 7.93241
vn 0.0196325 0.912577 -0.408434
v 2.2101 94.9141 7.59519
vn -0.278543 0.872577 -0.401276
v 2.16522 95.0583 7.93981
vn -0.426838 0.822974 -0.374865
v 2.13504 94.8808 7.60913
vn -0.641044 0.695642 -0.324261
v 2.09364 95.0021 7.96428
vn -0.817944 0.521393 -0.24314
v 2.08482 94.82 7.63609
vn -0.890707 0.40832 -0.199788
v 2.05871 94.9223 8.00024
vn -0.989343 0.129147 -0.0672446
v 2.06613 94.7216 7.6809
vn -0.989469 -0.136099 0.0492795
v 2.06844 94.8372 8.03944
vn -0.951713 -0.281658 0.12211
v 2.09115 94.6496 7.71437
vn -0.845593 -0.488585 0.215073
v 2.1206 94.7662 8.07291
vn -0.811883 -0.532301 0.239795
v 2.12662 94.6104 7.73297
vn -0.774051 -0.580634 0.252406
v 2.51296 94.9855 7.97932
vn 0.909898 0.38295 -0.159482
v 2.43993 95.0848 7.93248
vn 0.832481 0.509074 -0.218677
v 2.11701 103.452 26.1818
vn 0.832207 0.509445 -0.218855
v 2.19003 103.353 26.2287
vn 0.965366 0.243212 -0.0944325
v 2.20366 103.234 26.2836
vn 0.990352 -0.118491 0.071855
v 2.52659 94.8663 8.03421
vn 0.990349 -0.118507 0.0718615
v 2.05454 103.043 26.3682
vn 0.448952 -0.809214 0.378964
v 2.37746 94.676 8.11882
vn 0.449106 -0.809147 0.378926
v 2.47769 94.7546 8.08455
vn 0.762888 -0.582482 0.280565
v 2.15476 103.122 26.3339
vn 0.858283 -0.460557 0.226357
v 1.92595 103.016 26.3785
vn -0.100607 -0.905064 0.413204
v 1.79846 103.046 26.3626
vn -0.479202 -0.801016 0.358802
v 2.12139 94.6783 8.11322
vn -0.479492 -0.800876 0.358727
v 2.24888 94.6485 8.12917
vn 0.0633274 -0.906758 0.416869
v 1.70127 103.126 26.324
vn -0.832684 -0.508796 0.218553
v 2.0242 94.7587 8.07464
vn -0.832676 -0.508807 0.218553
v 1.65665 103.239 26.2716
vn -0.994504 -0.100723 0.0285856
v 1.97958 94.8713 8.02225
vn -0.994512 -0.100655 0.0285536
v 1.67481 103.357 26.2174
vn -0.928373 0.331338 -0.16834
v 1.99774 94.9901 7.96807
vn -0.928578 0.330872 -0.168129
v 2.19236 95.1428 7.90152
vn -0.30231 0.864441 -0.401684
v 2.07453 95.0881 7.92449
vn -0.709991 0.635295 -0.303831
v 1.75161 103.455 26.1739
vn -0.5861 0.732539 -0.346227
v 1.86943 103.51 26.1509
vn -0.143079 0.898695 -0.41458
v 2.11701 103.452 26.1818
vn 0.480484 0.800393 -0.358477
v 2.43993 95.0848 7.93248
vn 0.480065 0.8006 -0.358576
v 2.32423 95.1416 7.9044
vn 0.256113 0.880399 -0.399129
v 2.0013 103.509 26.1538
vn 0.256064 0.880409 -0.399139
v 2.05454 103.043 26.3682
vn -0.0151824 0.41518 0.909613
v 1.79846 103.046 26.3626
vn -0.0162852 0.416727 0.908886
v 1.92595 103.016 26.3785
vn -0.0149728 0.41783 0.908402
v 1.86943 103.51 26.1509
vn -0.0165934 0.417183 0.908671
v 1.70127 103.126 26.324
vn -0.016809 0.417326 0.908601
v 1.65665 103.239 26.2716
vn -0.00727068 0.418306 0.908277
v 1.67481 103.357 26.2174
vn -0.0163474 0.41735 0.908599
v 2.20366 103.234 26.2836
vn -0.016017 0.41681 0.908852
v 2.19003 103.353 26.2287
vn -0.0180113 0.417151 0.908659
v 2.11701 103.452 26.1818
vn -0.0159076 0.417335 0.908613
v 1.75161 103.455 26.1739
vn -0.0171773 0.416855 0.908811
v 2.0013 103.509 26.1538
vn -0.0168881 0.413042 0.910555
v 2.15476 103.122 26.3339
vn -0.0163443 0.415568 0.909415
v 2.20325 94.7257 8.09296
vn 0.0161878 -0.416734 -0.908884
v 2.24888 94.6485 8.12917
vn 0.0160915 -0.416826 -0.908844
v 2.12139 94.6783 8.11322
vn 0.0162476 -0.416673 -0.908911
v 2.29744 94.7248 8.09502
vn 0.0160757 -0.416808 -0.908852
v 2.1206 94.7662 8.07291
vn 0.0161753 -0.416669 -0.908914
v 2.3816 94.7639 8.07861
vn 0.0160072 -0.416562 -0.908967
v 2.37746 94.676 8.11882
vn 0.0160576 -0.416702 -0.908901
v 2.47769 94.7546 8.08455
vn 0.0158532 -0.416558 -0.908971
v 2.06844 94.8372 8.03944
vn 0.0159706 -0.416676 -0.908915
v 2.0242 94.7587 8.07464
vn 0.0160531 -0.416638 -0.908931
v 1.97958 94.8713 8.02225
vn 0.0159194 -0.416768 -0.908874
v 1.99774 94.9901 7.96807
vn 0.016135 -0.41684 -0.908837
v 2.05871 94.9223 8.00024
vn 0.0160022 -0.416814 -0.908851
v 2.07453 95.0881 7.92449
vn 0.016419 -0.416925 -0.908793
v 2.09364 95.0021 7.96428
vn 0.0163413 -0.416807 -0.908848
v 2.44943 94.9188 8.00878
vn 0.015987 -0.416746 -0.908882
v 2.52659 94.8663 8.03421
vn 0.0159305 -0.416699 -0.908905
v 2.43645 94.8339 8.04749
vn 0.0158751 -0.416642 -0.908932
v 2.41756 94.9992 7.97136
vn 0.0159776 -0.416866 -0.908828
v 2.51296 94.9855 7.97932
vn 0.0159853 -0.416789 -0.908863
v 2.43993 95.0848 7.93248
vn 0.0159671 -0.416896 -0.908814
v 2.16522 95.0583 7.93981
vn 0.0162772 -0.416924 -0.908795
v 2.19236 95.1428 7.90152
vn 0.0161195 -0.416852 -0.908831
v 2.25707 95.0779 7.93241
vn 0.0160154 -0.416744 -0.908883
v 2.32423 95.1416 7.9044
vn 0.0160661 -0.416725 -0.90889
v 2.34813 95.0566 7.9438
vn 0.0160485 -0.416832 -0.908842
v 2.42856 94.6934 7.67856
vn 0.0163152 -0.416705 -0.908895
v 2.39698 94.8348 7.61319
vn 0.0154925 -0.416799 -0.908867
v 2.19881 94.8835 7.58734
vn 0.0161488 -0.416655 -0.908921
v 2.25417 94.5793 7.72779
vn 0.0159556 -0.415859 -0.909289
v 2.30684 94.8885 7.58698
vn 0.015652 -0.417139 -0.908708
v 2.36883 94.6111 7.71526
vn 0.0159006 -0.416628 -0.908938
v 2.123 94.6351 7.69992
vn 0.0145347 -0.417452 -0.908583
v 2.08519 94.7269 7.65715
vn 0.0157065 -0.416653 -0.90893
v 2.11415 94.8218 7.61415
vn 0.0155081 -0.416481 -0.909012
v 72.2407 112.679 46.586
vn 0.832674 -0.493743 0.250744
v 72.2603 112.714 46.5892
vn 0.839414 -0.480624 0.253742
v 72.0888 112.815 46.4684
vn -0.581347 0.724375 -0.370563
v 72.0713 112.667 46.2011
vn -0.840901 0.482945 -0.244235
v 72.0705 112.767 46.4045
vn -0.893804 0.398744 -0.205226
v 72.1091 112.842 46.536
vn 0.674732 0.651061 -0.347643
v 72.1101 112.642 46.1671
vn 0.95016 0.266153 -0.162351
v 72.0858 112.604 46.0636
vn -0.125895 0.854262 -0.504367
v 72.1161 112.822 46.5462
vn 0.589634 -0.717862 0.370144
v 72.0936 112.644 46.2307
vn -0.0469873 -0.886315 0.460693
v 72.1014 112.779 46.4959
vn 0.225004 -0.865492 0.447544
v 72.0944 112.741 46.4273
vn -0.267143 -0.85361 0.447197
v 72.4131 112.572 46.5796
vn -0.56718 0.650451 0.505193
v 72.3847 112.564 46.5587
vn -0.570518 0.647106 0.50573
v 72.2761 112.58 46.0582
vn 0.547293 0.756762 -0.357466
v 72.1886 112.649 46.0694
vn 0.547596 0.757715 -0.354974
v 72.374 112.524 46.0876
vn 0.547567 0.756367 -0.357882
v 72.0869 112.782 46.1962
vn 0.551354 0.7559 -0.35302
v 72.0941 112.862 46.3782
vn 0.541616 0.761331 -0.356407
v 72.4262 112.507 46.1331
vn 0.552205 0.748341 -0.367498
v 72.5179 112.488 46.2319
vn 0.54928 0.752589 -0.363183
v 72.5647 112.523 46.378
vn 0.547075 0.758011 -0.355146
v 72.547 112.593 46.4996
vn 0.550199 0.754963 -0.356806
v 72.1536 112.87 46.4847
vn 0.541893 0.761411 -0.355816
v 72.2509 112.839 46.5681
vn 0.545151 0.761907 -0.349726
v 72.4043 112.746 46.6055
vn 0.547495 0.760568 -0.348976
v 72.5332 112.596 46.4853
vn 0.543094 0.758976 -0.359172
v 72.4955 112.663 46.5696
vn 0.550852 0.757247 -0.350911
v 72.5373 112.538 46.3939
vn -0.196896 0.925442 -0.323711
v 72.4992 112.502 46.2602
vn -0.104551 0.99354 -0.0441235
v 72.4461 112.505 46.1589
vn 0.0144115 0.988799 0.148558
v 72.3218 112.547 46.1129
vn 0.299321 0.892636 0.337058
v 72.3666 112.535 46.1013
vn 0.314332 0.880108 0.355816
v 72.2401 112.608 46.0896
vn 0.611857 0.683701 0.397723
v 72.1728 112.675 46.1015
vn 0.762654 0.548327 0.343069
v 72.1351 112.704 46.1594
vn 0.869911 0.429503 0.24245
v 72.1083 112.758 46.1801
vn 0.927051 0.342183 0.153256
v 72.0936 112.802 46.2758
vn 0.976417 0.191962 -0.0987967
v 72.1091 112.85 46.3738
vn 0.929442 0.098142 -0.355675
v 72.1451 112.828 46.4385
vn 0.838534 0.0845878 -0.538242
v 72.1648 112.857 46.4737
vn 0.698448 0.104847 -0.707939
v 72.2647 112.824 46.5569
vn 0.532561 0.162219 -0.830701
v 72.3387 112.768 46.5808
vn 0.314061 0.285241 -0.90554
v 72.4334 112.695 46.5699
vn 0.0687624 0.473817 -0.877934
v 72.5218 112.611 46.4994
vn -0.130769 0.716163 -0.685573
v 72.4962 112.606 46.5039
vn -0.156802 0.749664 -0.642975
v 72.5373 112.538 46.3939
vn -0.201325 0.872545 -0.445121
v 72.3869 112.587 46.002
vn 0.654551 0.751632 0.081311
v 72.3429 112.578 46.0251
vn 0.0208775 0.438157 0.898656
v 72.3425 112.563 46.0148
vn 0.134855 -0.480855 0.866367
v 72.3217 112.604 46.0058
vn -0.435381 0.898336 0.0586079
v 72.358 112.557 45.9951
vn -0.0317739 -0.876306 -0.480706
v 72.3132 112.576 45.9847
vn -0.313539 0.104165 -0.943845
v 72.372 112.59 45.988
vn 0.422429 0.480827 -0.768349
v 72.3276 112.536 46.0082
vn 0.720655 -0.0697046 -0.689781
v 72.3044 112.549 45.9899
vn -0.116751 -0.405577 -0.906574
v 72.2863 112.554 46.0075
vn -0.924344 -0.0596753 -0.376866
v 72.2873 112.555 46.0183
vn -0.895501 0.223783 0.384707
v 72.3141 112.557 46.0349
vn 0.263609 0.507234 0.820502
v 72.1246 112.563 46.0452
vn -0.196789 0.567209 -0.799718
v 72.2236 112.563 46.0416
vn 0.111352 0.557628 -0.822588
v 72.3022 112.532 46.0516
vn 0.458298 0.504301 -0.731877
v 72.3762 112.464 46.0869
vn 0.697758 0.137394 -0.703034
v 72.4047 112.386 46.1223
vn 0.785369 -0.147972 -0.601082
v 72.4016 112.307 46.1653
vn 0.698673 -0.438858 -0.56503
v 72.4097 112.327 46.1025
vn 0.715895 0.242167 0.654865
v 72.3818 112.25 46.1401
vn 0.735318 -0.181253 0.653036
v 72.2642 112.155 46.1845
vn 0.289928 -0.323206 0.900822
v 72.129 112.149 46.1903
vn -0.11708 -0.304667 0.945236
v 72.0643 112.176 46.181
vn -0.34048 -0.34593 0.874303
v 72.3173 112.524 46.0034
vn 0.356937 0.747599 0.560082
v 72.4021 112.43 46.0448
vn 0.466912 0.535952 0.703384
v 72.0597 112.165 46.175
vn -0.405441 -0.15469 0.900937
v 71.969 112.27 46.1309
vn -0.512007 0.162497 0.843471
v 72.1109 112.545 46.0073
vn -0.195997 0.882071 0.428411
v 72.2617 112.543 46.0051
vn 0.186815 0.949729 0.251226
v 71.9459 112.355 46.0867
vn -0.443526 0.375144 0.813973
v 71.9753 112.449 46.0454
vn -0.385384 0.541271 0.747332
v 72.013 112.499 46.0199
vn -0.224629 0.613043 0.757443
v 72.0392 112.144 46.1755
vn -0.145633 0.216398 0.965382
v 71.9729 112.224 46.1434
vn -0.198904 0.274957 0.940657
v 71.9237 112.335 46.0899
vn -0.233938 0.40362 0.884514
v 71.9839 112.497 46.0145
vn -0.185405 0.539728 0.821169
v 72.0807 112.551 45.9918
vn -0.0937162 0.609956 0.786874
v 72.1936 112.57 45.981
vn 0.0242924 0.633664 0.773227
v 72.3024 112.543 45.991
vn 0.138298 0.59294 0.793281
v 72.393 112.477 46.0165
vn 0.229268 0.513839 0.826684
v 72.4394 112.337 46.08
vn 0.267876 0.39813 0.877346
v 72.4088 112.225 46.132
vn 0.240487 0.296213 0.92435
v 72.2843 112.124 46.1801
vn 0.125527 0.191347 0.973463
v 72.1791 112.118 46.1883
vn 0.0155015 0.16678 0.985872
v 72.0392 112.144 46.1755
vn -0.0957322 0.193997 0.97632
v 72.0595 112.75 46.3513
vn 0.811361 -0.584539 0.00268538
v 72.1 112.806 46.3232
vn 0.811123 -0.584873 -0.001809
v 72.2613 112.72 46.5973
vn 0.109515 -0.488112 -0.865883
v 72.2203 112.816 46.5271
vn 0.271109 -0.564744 -0.779464
v 72.1604 112.764 46.5373
vn 0.399292 -0.609851 -0.684578
v 72.1559 112.83 46.4591
vn 0.575036 -0.653929 -0.491641
v 72.2422 112.693 46.6098
vn -0.0618876 -0.383978 -0.921266
v 72.3364 112.755 46.5762
vn -0.103055 -0.361101 -0.926815
v 72.4345 112.677 46.5599
vn -0.497874 -0.0474854 -0.865948
v 72.3877 112.581 46.593
vn -0.524332 -0.0208809 -0.851258
v 72.3165 112.644 46.618
vn -0.262283 -0.245364 -0.933276
v 72.509 112.51 46.3212
vn -0.791949 0.605158 0.0812496
v 72.479 112.492 46.4516
vn -0.837401 0.464698 -0.287777
v 72.5074 112.583 46.4719
vn -0.801775 0.34622 -0.487123
v 72.4237 112.589 46.5699
vn -0.709814 0.192953 -0.677446
v 72.1018 112.799 46.4143
vn 0.730869 -0.636866 -0.245422
v 72.4334 112.439 46.269
vn -0.65347 0.651898 0.384715
v 72.4743 112.454 46.3648
vn -0.794796 0.603129 0.0673429
v 72.4382 112.501 46.194
vn -0.509735 0.638602 0.576505
v 72.3649 112.452 46.1911
vn -0.385022 0.605641 0.696389
v 72.3537 112.531 46.1269
vn -0.177258 0.519711 0.835751
v 72.2405 112.515 46.1339
vn 0.116404 0.353505 0.928162
v 72.237 112.603 46.1022
vn 0.181274 0.308133 0.933913
v 72.1117 112.623 46.1636
vn 0.530391 0.0173134 0.847577
v 72.1509 112.683 46.1388
vn 0.582316 -0.038844 0.812034
v 72.0607 112.734 46.2861
vn 0.831924 -0.418268 0.36463
v 72.0938 112.793 46.2848
vn 0.835586 -0.469193 0.28575
v 72.1075 112.716 46.1924
vn 0.754687 -0.263869 0.600684
v 72.1645 112.823 46.6122
vn -0.0502137 0.858871 0.509725
v 72.2753 112.829 46.5851
vn 0.129003 0.85658 0.499629
v 72.1969 112.769 46.6867
vn -0.00103796 0.7558 0.654801
v 72.1172 112.764 46.6799
vn -0.179799 0.687784 0.703296
v 72.131 112.704 46.7332
vn -0.156364 0.587668 0.793849
v 72.1597 112.867 46.4892
vn -0.109391 0.970843 0.213302
v 72.1055 112.85 46.5362
vn -0.197814 0.937832 0.285203
v 72.1103 112.817 46.6117
vn -0.273473 0.80847 0.521141
v 72.0841 112.668 46.094
vn -0.213525 0.481624 -0.849968
v 72.1772 112.576 46.0466
vn -0.0254274 0.26977 -0.962589
v 72.0638 112.857 46.413
vn -0.328402 0.944464 -0.0118105
v 72.0088 112.819 46.3303
vn -0.468515 0.849901 -0.241167
v 72.0113 112.83 46.4549
vn -0.454721 0.885814 0.0925317
v 72.0199 112.806 46.5656
vn -0.424278 0.820033 0.384102
v 72.0387 112.74 46.1671
vn -0.39764 0.638676 -0.658768
v 72.0484 112.663 46.1045
vn -0.463658 0.41335 -0.783685
v 72.0071 112.78 46.2401
vn -0.477558 0.738955 -0.475273
v 72.0718 112.815 46.2435
vn -0.349822 0.781412 -0.51674
v 72.1315 112.69 46.7429
vn -0.213646 0.517533 0.828562
v 71.9744 112.709 46.1879
vn -0.563328 0.55817 -0.609186
v 71.9276 112.767 46.3628
vn -0.685089 0.713941 -0.144712
v 71.9332 112.778 46.4372
vn -0.669326 0.741507 0.0465955
v 71.9655 112.793 46.5045
vn -0.577791 0.785303 0.222389
v 72.0205 112.733 46.6639
vn -0.421633 0.675093 0.605372
v 72.0656 112.549 46.0609
vn -0.380244 0.252166 -0.889847
v 71.98 112.583 46.1137
vn -0.546527 0.227912 -0.805832
v 71.9139 112.723 46.2852
vn -0.722976 0.593817 -0.353111
v 71.8868 112.623 46.2257
vn -0.731081 0.397051 -0.554861
v 71.9458 112.746 46.5762
vn -0.655568 0.692176 0.301867
v 72.3594 112.517 46.0781
vn 0.409449 0.0853832 -0.908329
v 72.2767 112.568 46.0552
vn 0.129785 0.262789 -0.956085
v 72.1247 112.717 46.1157
vn -0.212603 0.525665 -0.823697
v 72.0976 112.601 46.0627
vn -0.183813 0.26958 -0.945272
v 72.0841 112.853 46.3435
vn -0.312746 0.932655 -0.179846
v 71.9914 112.485 46.0917
vn -0.575589 0.115273 -0.809574
v 71.8736 112.701 46.3711
vn -0.804719 0.573405 -0.153733
v 71.873 112.664 46.291
vn -0.861699 0.373304 -0.343685
v 71.8811 112.548 46.2013
vn -0.807977 0.136671 -0.573144
v 71.8308 112.605 46.3573
vn -0.944077 0.288842 -0.159024
v 71.9914 112.485 46.0917
vn -0.599112 -0.0932089 -0.795221
v 71.9097 112.43 46.1715
vn -0.744872 -0.202266 -0.635809
v 71.9342 112.549 46.1407
vn -0.696816 0.0981057 -0.710509
v 71.8267 112.52 46.306
vn -0.953337 0.0656695 -0.29468
v 71.856 112.681 46.4321
vn -0.873582 0.485529 0.0334128
v 71.8885 112.728 46.4503
vn -0.816814 0.568989 0.0952181
v 71.8719 112.674 46.534
vn -0.795803 0.471048 0.380542
v 71.9383 112.746 46.5647
vn -0.68602 0.604178 0.405395
v 71.9768 112.699 46.6612
vn -0.553841 0.53946 0.634227
v 72.0113 112.735 46.6539
vn -0.493342 0.606487 0.623528
v 72.0728 112.682 46.7294
vn -0.302169 0.497622 0.81306
v 71.8546 112.462 46.2418
vn -0.878763 -0.092013 -0.468305
v 71.8261 112.602 46.4644
vn -0.953029 0.278207 0.119734
v 71.8107 112.538 46.3997
vn -0.993217 0.10695 -0.0456318
v 71.8565 112.6 46.57
vn -0.875865 0.271009 0.399267
v 71.9341 112.638 46.6632
vn -0.668878 0.368522 0.645596
v 71.9567 112.346 46.1557
vn -0.649816 -0.40333 -0.644254
v 71.8685 112.359 46.2654
vn -0.839407 -0.362721 -0.404758
v 71.8336 112.395 46.3254
vn -0.93267 -0.263092 -0.246797
v 71.8108 112.458 46.3756
vn -0.985389 -0.153344 -0.0741179
v 71.8201 112.524 46.5095
vn -0.969104 0.073703 0.235382
v 71.927 112.301 46.2234
vn -0.683344 -0.517306 -0.515205
v 71.8212 112.414 46.4697
vn -0.967298 -0.214773 0.134937
v 71.852 112.52 46.5951
vn -0.883927 0.0610835 0.463619
v 71.9991 112.602 46.7304
vn -0.500636 0.277329 0.820032
v 72.0042 112.236 46.2085
vn -0.525091 -0.649923 -0.549435
v 71.8462 112.337 46.388
vn -0.909066 -0.408562 -0.0817041
v 71.8303 112.436 46.533
vn -0.93937 -0.161108 0.3027
v 71.9021 112.565 46.6609
vn -0.753365 0.178833 0.632819
v 72.1165 112.68 46.7452
vn -0.225396 0.400988 0.887922
v 71.9051 112.271 46.3047
vn -0.744421 -0.59475 -0.303496
v 71.8815 112.478 46.644
vn -0.780185 -0.0943841 0.618388
v 71.8702 112.291 46.4541
vn -0.836606 -0.538141 0.102438
v 71.9722 112.516 46.7301
vn -0.570588 0.0507789 0.819665
v 72.1315 112.69 46.7429
vn -0.184631 0.471966 0.862067
v 72.0214 112.178 46.2899
vn -0.472664 -0.794403 -0.381462
v 71.9331 112.216 46.391
vn -0.669412 -0.739161 -0.0743458
v 71.8705 112.32 46.5345
vn -0.855091 -0.433132 0.284983
v 71.8677 112.385 46.5904
vn -0.840236 -0.299418 0.452053
v 71.929 112.238 46.5275
vn -0.688426 -0.693697 0.211786
v 71.9247 112.307 46.6163
vn -0.692662 -0.497847 0.521888
v 71.9279 112.366 46.6627
vn -0.687106 -0.341162 0.641478
v 72.0115 112.164 46.3703
vn -0.465036 -0.875667 -0.130185
v 71.9871 112.175 46.4513
vn -0.517458 -0.851506 0.0847058
v 71.9958 112.415 46.7352
vn -0.507498 -0.216896 0.833908
v 72.0611 112.543 46.7728
vn -0.336767 0.120523 0.933843
v 72.0011 112.192 46.548
vn -0.48746 -0.801778 0.345738
v 71.9851 112.259 46.6336
vn -0.557543 -0.616836 0.55557
v 72.1025 112.17 46.2416
vn -0.221702 -0.88723 -0.404563
v 72.1153 112.131 46.3343
vn -0.22253 -0.947949 -0.227756
v 72.0227 112.333 46.7186
vn -0.43539 -0.433081 0.789225
v 72.0688 112.136 46.4199
vn -0.311006 -0.950404 -0.00264984
v 72.0552 112.154 46.5179
vn -0.34694 -0.900298 0.262861
v 72.2165 112.156 46.2476
vn 0.0358661 -0.91691 -0.397478
v 72.0524 112.242 46.6665
vn -0.370131 -0.683005 0.629688
v 72.0811 112.406 46.7713
vn -0.280504 -0.242236 0.928784
v 72.1775 112.121 46.3617
vn -0.00238281 -0.989099 -0.147234
v 72.1364 112.122 46.4541
vn -0.131298 -0.987825 0.0834398
v 72.1206 112.169 46.6025
vn -0.225327 -0.88149 0.414974
v 72.1115 112.504 46.7911
vn -0.203382 0.0155228 0.978976
v 72.1875 112.595 46.7871
vn -0.0696349 0.196224 0.978083
v 72.1642 112.129 46.5174
vn -0.00160809 -0.971183 0.238328
v 72.145 112.201 46.6537
vn -0.115434 -0.777276 0.618479
v 72.1445 112.253 46.7078
vn -0.111981 -0.642064 0.758428
v 72.1218 112.307 46.7419
vn -0.140551 -0.45091 0.881434
v 72.1596 112.423 46.7908
vn -0.0756175 -0.19492 0.9779
v 72.2686 112.137 46.3209
vn 0.226284 -0.938309 -0.26148
v 72.266 112.125 46.4111
vn 0.203963 -0.978199 -0.0390576
v 72.2232 112.158 46.5877
vn 0.082754 -0.892932 0.44252
v 72.2059 112.513 46.7977
vn 0.0469996 0.0418174 0.998019
v 72.3128 112.139 46.4705
vn 0.285604 -0.945457 0.156656
v 72.2328 112.221 46.6788
vn 0.107696 -0.686001 0.719586
v 72.2207 112.344 46.7647
vn 0.085 -0.399962 0.912582
v 72.288 112.176 46.2368
vn 0.318316 -0.828768 -0.460237
v 72.324 112.218 46.6366
vn 0.360488 -0.734539 0.574892
v 72.3461 112.183 46.273
vn 0.419994 -0.82487 -0.378411
v 72.3263 112.181 46.584
vn 0.359644 -0.864259 0.351729
v 72.3068 112.274 46.7028
vn 0.311593 -0.589603 0.74517
v 72.2792 112.434 46.7814
vn 0.242117 -0.166105 0.955923
v 72.3639 112.164 46.3601
vn 0.45521 -0.871037 -0.1846
v 72.3823 112.174 46.4766
vn 0.495994 -0.854913 0.152032
v 72.3209 112.353 46.7443
vn 0.350619 -0.381245 0.855406
v 72.43 112.236 46.554
vn 0.643592 -0.677637 0.355805
v 72.4325 112.209 46.3751
vn 0.66162 -0.740624 -0.117197
v 72.4379 112.217 46.4902
vn 0.652546 -0.743553 0.145989
v 72.4138 112.272 46.6255
vn 0.595267 -0.573329 0.562984
v 72.3859 112.374 46.7178
vn 0.519834 -0.326617 0.789363
v 72.3796 112.259 46.1912
vn 0.553899 -0.599368 -0.577888
v 72.4263 112.247 46.2541
vn 0.614095 -0.689754 -0.38357
v 72.2901 112.556 46.781
vn 0.299919 0.0950205 0.94922
v 72.4547 112.344 46.6438
vn 0.702424 -0.396816 0.590878
v 72.37 112.481 46.7531
vn 0.551176 0.00149049 0.834388
v 72.267 112.641 46.7616
vn 0.237338 0.38217 0.893094
v 72.4988 112.274 46.4224
vn 0.828285 -0.557818 -0.0527518
v 72.4917 112.329 46.5754
vn 0.822911 -0.45246 0.343654
v 72.431 112.453 46.7088
vn 0.659526 -0.164761 0.733403
v 72.5008 112.428 46.6239
vn 0.823149 -0.182857 0.537577
v 72.369 112.586 46.7403
vn 0.478369 0.235314 0.846044
v 72.4898 112.324 46.2663
vn 0.798496 -0.45609 -0.392919
v 72.5323 112.335 46.4289
vn 0.904952 -0.424786 0.0248683
v 72.5418 112.391 46.5122
vn 0.922037 -0.265766 0.281454
v 72.5003 112.508 46.6334
vn 0.825325 0.0297624 0.563873
v 72.4532 112.327 46.2047
vn 0.694452 -0.45171 -0.560085
v 72.4566 112.564 46.679
vn 0.706114 0.176027 0.68587
v 72.5341 112.379 46.3111
vn 0.903427 -0.3567 -0.237878
v 72.5418 112.476 46.5592
vn 0.927176 -0.0522361 0.370966
v 72.561 112.43 46.4001
vn 0.985621 -0.167191 -0.0244547
v 72.5632 112.495 46.4814
vn 0.988164 -0.0180868 0.152328
v 72.3699 112.666 46.7056
vn 0.478149 0.45155 0.75331
v 72.5423 112.553 46.5455
vn 0.930654 0.145599 0.335685
v 72.4931 112.607 46.6174
vn 0.800321 0.300946 0.518573
v 72.407 112.412 46.1175
vn 0.60913 -0.248956 -0.752982
v 72.4758 112.402 46.1884
vn 0.755873 -0.251296 -0.604572
v 72.5334 112.433 46.274
vn 0.909514 -0.163126 -0.382328
v 72.5582 112.502 46.3242
vn 0.992364 0.000748545 -0.123341
v 72.4394 112.677 46.6395
vn 0.658243 0.481567 0.578627
v 72.476 112.681 46.5775
vn 0.763042 0.468975 0.44478
v 72.2358 112.725 46.7183
vn 0.145014 0.607651 0.780853
v 72.3438 112.738 46.6684
vn 0.425297 0.622156 0.6573
v 72.494 112.486 46.1906
vn 0.835411 -0.0701398 -0.545132
v 72.4184 112.504 46.1143
vn 0.646656 -0.0650158 -0.760006
v 72.344 112.79 46.6071
vn 0.358397 0.743413 0.564702
v 72.1635 112.727 46.7189
vn -0.0238287 0.60925 0.79262
v 72.2753 112.829 46.5851
vn 0.210764 0.809979 0.547277
v 72.1341 112.689 46.7441
vn -0.185846 0.51828 0.834774
v 72.5545 112.579 46.4817
vn 0.965059 0.182015 0.188499
v 72.3594 112.517 46.0781
vn 0.485809 0.030304 -0.873539
v 72.1511 112.702 46.7385
vn -0.251065 0.675201 0.693592
v 72.1773 112.237 46.3363
vn 0.0668385 0.940877 0.332089
v 72.085 112.281 46.288
vn 0.420566 0.765663 0.486707
v 71.9993 112.345 46.2928
vn 0.68254 0.549291 0.482097
v 71.9901 112.296 46.3917
vn 0.738507 0.632078 0.234701
v 71.9406 112.411 46.3423
vn 0.896943 0.332423 0.291527
v 71.9336 112.384 46.4348
vn 0.946352 0.322721 0.0164298
v 72.0483 112.258 46.3718
vn 0.479648 0.844976 0.236545
v 72.2162 112.224 46.4123
vn -0.143768 0.988534 0.0461688
v 72.1194 112.224 46.4399
vn 0.168262 0.985373 0.02697
v 71.9212 112.491 46.4823
vn 0.993685 0.0289333 -0.108415
v 72.053 112.254 46.475
vn 0.460665 0.868364 -0.183662
v 72.0092 112.278 46.4455
vn 0.686535 0.721029 -0.0937348
v 72.1976 112.226 46.483
vn -0.102965 0.972842 -0.207306
v 72.1017 112.239 46.5015
vn 0.284162 0.913625 -0.290761
v 72.2239 112.259 46.5559
vn -0.202122 0.840325 -0.502991
v 72.1277 112.262 46.5684
vn 0.147184 0.873532 -0.463982
v 71.9929 112.322 46.5303
vn 0.699182 0.595113 -0.396213
v 71.9408 112.392 46.4998
vn 0.909325 0.310403 -0.277088
v 72.1797 112.288 46.6027
vn -0.0436173 0.735091 -0.676564
v 72.0418 112.313 46.579
vn 0.516828 0.627067 -0.582818
v 72.0913 112.33 46.625
vn 0.253812 0.609575 -0.750998
v 72.24 112.327 46.6225
vn -0.219768 0.60778 -0.763089
v 71.9778 112.388 46.5719
vn 0.758944 0.331665 -0.560359
v 71.9594 112.504 46.5688
vn 0.881447 0.00233486 -0.472278
v 72.1646 112.406 46.6761
vn 0.0538391 0.395862 -0.91673
v 72.0528 112.378 46.6349
vn 0.534196 0.34871 -0.770088
v 72.1077 112.448 46.6763
vn 0.307865 0.188442 -0.932582
v 71.9765 112.449 46.5913
vn 0.76472 0.0927775 -0.637649
v 72.0438 112.481 46.6515
vn 0.575734 0.0472935 -0.816268
v 72.2691 112.253 46.5114
vn -0.324157 0.88383 -0.337293
v 72.493 112.387 46.3928
vn -0.978671 0.144131 0.146387
v 72.4937 112.413 46.4515
vn -0.990767 -0.0786541 0.110426
v 72.4645 112.388 46.3176
vn -0.819042 -0.362312 0.444861
v 72.463 112.353 46.3193
vn -0.841849 0.418058 0.341347
v 72.3973 112.351 46.2157
vn -0.585031 0.419278 0.694223
v 72.3572 112.392 46.1704
vn -0.687925 -0.24191 0.684279
v 72.2804 112.405 46.121
vn -0.371245 0.2018 0.906341
v 72.2199 112.446 46.1029
vn -0.230153 -0.160282 0.959864
v 72.1164 112.541 46.1112
vn -0.0142414 -0.513975 0.857687
v 72.1238 112.507 46.102
vn 0.137889 -0.141843 0.980238
v 72.0322 112.628 46.175
vn 0.17697 -0.627285 0.758417
v 71.9925 112.727 46.3167
vn -0.117327 -0.844368 0.522759
v 71.9745 112.706 46.2954
vn 0.532538 -0.70954 0.461471
v 72.0028 112.623 46.1885
vn 0.604782 -0.364667 0.707995
v 72.1332 112.543 46.1232
vn 0.307914 0.353792 0.883188
v 72.4718 112.359 46.3843
vn -0.443397 0.885637 -0.138005
v 72.4586 112.385 46.4651
vn -0.238283 0.899972 -0.365064
v 72.4124 112.348 46.3232
vn 0.324446 0.912076 -0.250701
v 72.4391 112.345 46.2913
vn -0.457444 0.870109 0.183451
v 72.3411 112.352 46.183
vn -0.116646 0.904754 0.40965
v 72.2895 112.37 46.1782
vn 0.428781 0.900657 -0.0704562
v 72.2766 112.39 46.1267
vn -0.0347253 0.714225 0.699054
v 72.1736 112.439 46.117
vn 0.503277 0.771996 0.388245
v 72.0715 112.516 46.1424
vn 0.690097 0.713723 0.119855
v 72.025 112.583 46.1548
vn 0.841373 0.196753 0.503368
v 71.9873 112.619 46.2422
vn 0.795943 0.595591 -0.108379
v 71.9706 112.666 46.3149
vn 0.846149 0.499395 -0.186109
v 71.977 112.653 46.2348
vn 0.930835 -0.057139 0.360944
v 71.9648 112.714 46.3231
vn 0.972507 -0.167186 0.162106
v 72.1068 112.51 46.1074
vn 0.501046 0.294721 0.81369
v 71.9765 112.735 46.412
vn 0.946719 -0.258252 -0.192432
v 71.9851 112.704 46.4243
vn 0.755964 0.548729 -0.356952
v 71.9655 112.694 46.3324
vn 0.984756 0.121668 -0.124307
v 72.0162 112.736 46.512
vn 0.865774 -0.0525594 -0.497667
v 72.088 112.74 46.5962
vn 0.637594 -0.223494 -0.737241
v 72.1616 112.692 46.6495
vn 0.540748 0.328232 -0.774503
v 72.2805 112.607 46.6694
vn 0.456356 0.650415 -0.607206
v 72.2402 112.684 46.6801
vn 0.193524 -0.26216 -0.945421
v 72.3158 112.617 46.6835
vn -0.00677512 0.136566 -0.990608
v 72.3963 112.5 46.6197
vn 0.340897 0.757945 -0.556156
v 72.4047 112.539 46.6502
vn -0.276636 0.346088 -0.896491
v 72.4487 112.486 46.6039
vn -0.456644 0.466509 -0.757526
v 72.4722 112.432 46.5446
vn -0.319093 0.737809 -0.594826
v 72.4717 112.388 46.4637
vn -0.139989 0.872728 -0.467706
v 72.0204 112.757 46.4145
vn -0.165088 -0.94271 0.289902
v 71.9817 112.746 46.3975
vn 0.607135 -0.79181 0.0665179
v 72.0216 112.766 46.493
vn 0.383332 -0.909091 -0.163127
v 72.0897 112.768 46.546
vn -0.124783 -0.991101 -0.0463369
v 72.1114 112.751 46.6008
vn 0.159268 -0.852998 -0.497019
v 72.2502 112.701 46.6552
vn -0.280311 -0.818452 -0.501561
v 72.3597 112.622 46.6556
vn -0.643205 -0.76374 -0.0546732
v 72.2931 112.654 46.681
vn -0.34586 -0.513771 -0.785124
v 72.3833 112.583 46.6626
vn -0.627666 -0.33168 -0.70429
v 72.4581 112.515 46.5694
vn -0.668988 -0.722548 0.174293
v 72.4513 112.509 46.6066
vn -0.850362 -0.134482 -0.508722
v 72.4938 112.439 46.4808
vn -0.945036 -0.326491 0.0176474
v 71.9833 112.719 46.3203
vn 0.27506 -0.889167 0.365684
v 72.1394 112.752 46.5766
vn -0.261835 -0.904326 -0.3371
v 72.4956 112.396 46.4595
vn -0.952918 0.192852 -0.234
v 72.2914 111.905 45.4128
vn -0.488537 0.167872 -0.856242
v 72.1046 111.839 45.422
vn 0.208793 0.302037 -0.93015
v 72.0093 111.904 45.394
vn 0.625512 -0.0505027 -0.778579
v 72.0215 112.082 45.3449
vn 0.619712 -0.569636 -0.539882
v 71.9792 112.046 45.3297
vn 0.679261 -0.420432 -0.601533
v 72.0598 112.141 45.3008
vn 0.435477 -0.784129 -0.442156
v 72.2845 112.12 45.3225
vn -0.510881 -0.740382 -0.436847
v 72.261 112.16 45.2727
vn -0.322435 -0.859832 -0.395885
v 72.3255 111.926 45.3946
vn -0.637669 0.0027384 -0.770305
v 72.2573 111.848 45.4151
vn -0.341606 0.262286 -0.902503
v 72.1795 111.866 45.441
vn -0.0515139 0.339964 -0.939026
v 72.078 111.89 45.4317
vn 0.313367 0.270197 -0.910382
v 72.0165 111.967 45.3974
vn 0.644321 -0.0853962 -0.759972
v 72.184 112.169 45.3023
vn 8.50041e-05 -0.931731 -0.36315
v 72.1364 112.182 45.2647
vn 0.169337 -0.911831 -0.374016
v 72.3331 112.031 45.3629
vn -0.709554 -0.355142 -0.608611
v 72.3421 112.085 45.3053
vn -0.62647 -0.592445 -0.506502
v 72.3634 111.982 45.3523
vn -0.707138 -0.210196 -0.67511
v 72.0293 112.101 45.3359
vn 0.779035 -0.575172 0.249563
v 72.0387 112.343 45.8638
vn 0.788619 -0.564549 0.243648
v 72.0718 112.375 45.8482
vn 0.642541 -0.701248 0.308856
v 72.0843 112.147 45.3138
vn 0.513489 -0.783679 0.349538
v 72.1287 112.403 45.8344
vn 0.30038 -0.869424 0.392267
v 72.1472 112.167 45.3034
vn 0.140177 -0.901046 0.410446
v 72.177 112.411 45.8301
vn 0.017331 -0.909496 0.415351
v 72.2255 112.404 45.8325
vn -0.275968 -0.87241 0.403413
v 72.2001 112.166 45.3033
vn -0.160695 -0.896469 0.412941
v 72.2571 112.146 45.3115
vn -0.5066 -0.780436 0.366436
v 72.2831 112.376 45.8442
vn -0.628526 -0.703139 0.332491
v 72.3248 112.331 45.8643
vn -0.876173 -0.432433 0.212893
v 72.3019 112.107 45.3281
vn -0.796366 -0.544434 0.263427
v 72.3444 112.275 45.8897
vn -0.993875 -0.0931375 0.0594774
v 72.3309 112.049 45.3545
vn -0.975634 -0.192428 0.105402
v 72.3312 111.981 45.3856
vn -0.972535 0.217542 -0.0827709
v 72.3433 112.23 45.9102
vn -0.983031 0.172449 -0.0625397
v 72.3265 112.188 45.9296
vn -0.886364 0.426343 -0.180528
v 72.3041 111.927 45.4106
vn -0.808714 0.539938 -0.233344
v 72.2859 112.143 45.9513
vn -0.642481 0.700473 -0.310733
v 72.2602 111.889 45.4289
vn -0.544226 0.765983 -0.342182
v 72.2157 111.871 45.438
vn -0.276967 0.875272 -0.39647
v 72.229 112.115 45.9652
vn -0.30062 0.868641 -0.393815
v 72.1644 112.109 45.9692
vn 0.083678 0.904929 -0.417254
v 72.1631 111.866 45.4413
vn 0.0355271 0.908107 -0.417228
v 72.078 111.89 45.4317
vn 0.461326 0.803208 -0.376876
v 72.102 112.125 45.9625
vn 0.461765 0.802852 -0.377096
v 72.0513 112.163 45.9463
vn 0.766195 0.57845 -0.279896
v 72.025 112.2 45.9294
vn 0.918759 0.352046 -0.178733
v 72.0254 111.944 45.4079
vn 0.870877 0.440505 -0.218011
v 72.0034 112.009 45.3785
vn 0.998134 0.046517 -0.0395478
v 72.0133 112.243 45.9098
vn 0.993993 0.0911605 -0.0605617
v 72.019 112.303 45.8827
vn 0.960192 -0.260359 0.101216
v 72.0069 112.053 45.3582
vn 0.97341 -0.214442 0.0805487
v 72.0293 112.101 45.3359
vn 0.886785 -0.425972 0.179334
v 72.0387 112.343 45.8638
vn 0.878649 -0.440072 0.185236
v 72.3088 112.164 45.9413
vn -0.399699 -0.043949 -0.915592
v 72.1805 112.301 45.9912
vn -0.417743 -0.0604585 -0.906551
v 72.2733 112.133 45.9559
vn -0.321109 0.0217074 -0.946793
v 72.2446 112.119 45.9629
vn -0.24013 0.066245 -0.968478
v 72.2133 112.11 45.9675
vn -0.134311 0.0992286 -0.985959
v 72.1807 112.107 45.9695
vn 0.00221642 0.111417 -0.993771
v 72.148 112.11 45.9688
vn 0.10822 0.0974687 -0.989337
v 72.1165 112.118 45.9654
vn 0.183062 0.0740076 -0.980312
v 72.0875 112.132 45.9595
vn 0.248075 0.0454144 -0.967676
v 72.0619 112.151 45.9513
vn 0.334643 -0.0143957 -0.942235
v 72.0408 112.174 45.9412
vn 0.411317 -0.0956052 -0.906465
v 72.025 112.2 45.9294
vn 0.449287 -0.153507 -0.880101
v 72.0151 112.229 45.9166
vn 0.485054 -0.243272 -0.839965
v 72.0116 112.258 45.903
vn 0.501037 -0.334002 -0.798377
v 72.0144 112.288 45.8894
vn 0.492809 -0.453929 -0.742353
v 72.0236 112.317 45.8761
vn 0.453857 -0.556145 -0.696216
v 72.0387 112.343 45.8638
vn 0.393526 -0.648013 -0.652086
v 72.0593 112.366 45.8528
vn 0.3452 -0.697653 -0.627787
v 72.0844 112.385 45.8437
vn 0.255292 -0.759062 -0.598875
v 72.1131 112.399 45.8367
vn 0.153194 -0.802714 -0.576352
v 72.1444 112.408 45.8321
vn 0.0804999 -0.81964 -0.567195
v 72.177 112.411 45.8301
vn -0.0165697 -0.825976 -0.563462
v 72.2097 112.408 45.8308
vn -0.107346 -0.818857 -0.563871
v 72.2412 112.4 45.8342
vn -0.203394 -0.791753 -0.575984
v 72.2703 112.386 45.8401
vn -0.272676 -0.761208 -0.588396
v 72.2958 112.367 45.8482
vn -0.3497 -0.710567 -0.610577
v 72.3169 112.344 45.8584
vn -0.432766 -0.628287 -0.646505
v 72.3327 112.318 45.8701
vn -0.477174 -0.560001 -0.677277
v 72.3426 112.289 45.883
vn -0.512543 -0.474277 -0.715794
v 72.3462 112.26 45.8965
vn -0.528561 -0.378971 -0.759608
v 72.3433 112.23 45.9102
vn -0.518206 -0.254653 -0.816464
v 72.3265 112.188 45.9296
vn -0.482005 -0.157529 -0.861891
v 72.1805 112.301 45.9912
vn -0.473699 -0.138108 -0.869791
v 72.0399 112.524 46.0579
vn -0.0280937 0.479457 0.877116
v 72.0223 112.524 46.0478
vn -0.62557 0.774371 0.0949258
v 72.0228 112.51 46.0219
vn -0.556486 0.194719 -0.807718
v 72.0942 112.548 46.0311
vn 0.899893 -0.152415 -0.40861
v 72.106 112.587 46.0542
vn 0.880731 0.267567 -0.390796
v 72.0803 112.53 46.0175
vn 0.571536 -0.264025 -0.776941
v 72.086 112.553 46.0182
vn 0.682562 -0.22413 -0.695611
v 72.0507 112.539 46.0546
vn -0.429413 0.335839 0.838341
v 72.052 112.539 46.0214
vn -0.419735 0.476593 -0.772452
v 72.0631 112.576 46.0558
vn -0.911062 0.410001 0.0431988
v 72.0898 112.581 46.042
vn 0.159459 0.700181 -0.695931
v 72.099 112.63 46.0727
vn -0.993873 0.0907432 0.0631099
v 72.1073 112.688 46.1755
vn -0.995094 0.00568272 0.0987664
v 72.073 112.677 46.1021
vn -0.172947 -0.908742 0.379839
v 72.0475 112.654 46.1009
vn 0.927291 -0.369409 0.0605725
v 72.0649 112.727 46.2636
vn 0.524327 -0.805821 0.275196
v 72.0572 112.671 46.2088
vn 0.856389 0.439674 -0.270711
v 72.0588 112.604 46.0761
vn 0.530845 0.769858 -0.354292
v 72.0826 112.784 46.3923
vn 0.718816 -0.666459 0.197827
v 72.1204 112.848 46.5438
vn 0.0400891 -0.928829 0.368333
v 72.1255 112.808 46.4491
vn -0.466228 -0.804341 0.368329
v 72.0885 112.825 46.5604
vn 0.994981 0.0147473 -0.0989692
v 72.1137 112.776 46.5167
vn 0.351303 0.853975 -0.383815
v 72.1137 112.817 46.6124
vn 0.369183 0.847389 -0.381624
v 72.1482 112.831 46.5987
vn -0.957319 0.287849 -0.0261444
v 72.1424 112.793 46.4942
vn -0.930509 0.361754 -0.0573264
v 71.9582 112.135 45.2999
vn -0.629914 0.0236283 -0.776305
v 71.9263 112.067 45.3317
vn -0.685741 -0.107067 -0.719928
v 71.9251 111.966 45.3781
vn -0.698821 -0.420922 -0.578338
v 71.984 111.86 45.4256
vn -0.529687 -0.723683 -0.442396
v 72.0785 111.797 45.4529
vn -0.246524 -0.89794 -0.364594
v 72.1643 111.781 45.4584
vn -0.0290269 -0.93393 -0.356276
v 72.2737 111.803 45.4464
vn 0.305936 -0.869754 -0.387209
v 72.3804 111.881 45.414
vn 0.57056 -0.657221 -0.492464
v 72.4178 112.01 45.349
vn 0.688415 -0.310146 -0.655664
v 72.3715 112.157 45.2935
vn 0.565024 0.0614429 -0.822783
v 72.2496 112.224 45.2543
vn 0.237783 0.287898 -0.927671
v 72.1677 112.251 45.254
vn -0.11599 0.332985 -0.935771
v 72.0238 112.194 45.272
vn -0.422177 0.223077 -0.878637
v 71.9582 112.135 45.2999
vn -0.581556 0.0906107 -0.808444
v 71.997 112.658 46.348
vn 0.827393 -0.554333 0.0901941
v 71.8968 112.523 46.5136
vn 0.778994 -0.616323 -0.115394
v 71.8787 112.494 46.4253
vn 0.833296 -0.534396 0.141556
v 72.0312 112.693 46.4746
vn 0.713714 -0.64432 -0.274708
v 71.9592 112.528 46.6216
vn 0.523631 -0.641123 -0.561045
v 72.0836 112.693 46.5529
vn 0.503133 -0.636094 -0.585014
v 72.1463 112.672 46.6053
vn 0.246956 -0.552782 -0.795893
v 72.054 112.496 46.6956
vn 0.161933 -0.513886 -0.842436
v 72.2161 112.636 46.6358
vn -0.00759037 -0.421859 -0.90663
v 72.1584 112.431 46.7177
vn -0.260354 -0.251614 -0.932151
v 72.2854 112.588 46.6411
vn -0.286519 -0.23155 -0.929673
v 72.3468 112.535 46.6206
vn -0.526886 -0.0204321 -0.849691
v 72.2285 112.371 46.6979
vn -0.526887 -0.0204311 -0.84969
v 72.3936 112.48 46.5765
vn -0.709993 0.192925 -0.677267
v 72.2752 112.316 46.6539
vn -0.709989 0.192923 -0.677271
v 72.4212 112.426 46.5043
vn -0.823278 0.406528 -0.396168
v 72.3023 112.267 46.5911
vn -0.816011 0.384853 -0.431293
v 72.3068 112.229 46.5163
vn -0.833803 0.534617 -0.137687
v 72.4186 112.379 46.3996
vn -0.811151 0.584836 -0.000598524
v 72.2744 112.201 46.4093
vn -0.709018 0.645369 0.284239
v 72.389 112.363 46.3222
vn -0.69292 0.648433 0.315272
v 72.3402 112.366 46.2536
vn -0.491012 0.635129 0.596254
v 72.222 112.202 46.3309
vn -0.510318 0.639102 0.575435
v 72.1505 112.228 46.2747
vn -0.218213 0.540424 0.812604
v 72.2516 112.399 46.1883
vn -0.161698 0.513528 0.842699
v 72.0459 112.287 46.2431
vn 0.187102 0.304644 0.933908
v 72.1726 112.445 46.1649
vn 0.152423 0.328073 0.932274
v 72.1063 112.497 46.1726
vn 0.413048 0.127111 0.901795
v 71.9588 112.36 46.2633
vn 0.518318 0.028985 0.854696
v 72.0515 112.552 46.2053
vn 0.641907 -0.104618 0.759612
v 72.0141 112.604 46.2594
vn 0.777914 -0.301208 0.551474
v 71.9005 112.434 46.33
vn 0.754592 -0.260119 0.602436
v 71.997 112.658 46.348
vn 0.831984 -0.442285 0.334943
v 71.8787 112.494 46.4253
vn 0.83434 -0.455572 0.310372
v 72.4564 112.469 46.0682
vn 0.626051 0.617128 0.476669
v 72.3875 112.579 46.019
vn 0.529408 0.611638 0.5879
v 72.3593 112.559 46.0142
vn -0.868384 -0.3161 0.382087
v 72.4308 112.46 46.0815
vn -0.778322 -0.151221 0.609382
v 72.3739 112.554 45.9866
vn -0.4107 -0.594449 -0.691344
v 72.4513 112.455 46.0485
vn 0.522364 -0.127414 -0.84315
v 72.394 112.569 45.9933
vn 0.709734 0.0600541 -0.701905
v 72.3886 111.881 45.4194
vn 0.8751 -0.445623 0.188732
v 72.4015 112.211 46.1384
vn 0.88923 -0.421664 0.177397
v 72.4222 111.953 45.3861
vn 0.969297 -0.229689 0.0877867
v 72.4391 112.299 46.0973
vn 0.984281 -0.166546 0.0587669
v 72.4296 112.023 45.3535
vn 0.998846 0.0343045 -0.0336067
v 72.4414 112.368 46.0656
vn 0.992449 0.10377 -0.0653996
v 72.4088 112.105 45.3163
vn 0.917711 0.354713 -0.178844
v 72.4239 112.431 46.0371
vn 0.925612 0.337565 -0.171152
v 72.375 112.158 45.2929
vn 0.777496 0.566253 -0.2736
v 72.3965 112.477 46.0166
vn 0.808828 0.528935 -0.256955
v 72.3199 112.206 45.2719
vn 0.587033 0.731897 -0.346004
v 72.3398 112.53 45.9936
vn 0.589847 0.730053 -0.345113
v 72.243 112.24 45.2577
vn 0.278457 0.871228 -0.404257
v 72.256 112.57 45.9764
vn 0.285614 0.869193 -0.403644
v 72.1877 112.579 45.9734
vn 0.0190076 0.908925 -0.416526
v 72.1773 112.251 45.2539
vn 0.0253135 0.908716 -0.416647
v 72.125 112.247 45.2564
vn -0.175438 0.896333 -0.407196
v 72.1144 112.573 45.9777
vn -0.271859 0.876539 -0.397206
v 72.0569 112.229 45.2663
vn -0.425138 0.825654 -0.370882
v 72.0571 112.552 45.9884
vn -0.48328 0.79903 -0.357759
v 72.0046 112.198 45.281
vn -0.631644 0.70908 -0.313417
v 72.0102 112.522 46.0026
vn -0.664425 0.683879 -0.301411
v 71.9538 112.148 45.3053
vn -0.814995 0.53219 -0.229254
v 71.974 112.488 46.019
vn -0.80758 0.541555 -0.233521
v 71.9398 112.433 46.0451
vn -0.922667 0.356575 -0.146762
v 71.9231 112.094 45.3303
vn -0.940544 0.314849 -0.127462
v 71.91 112.044 45.3537
vn -0.99285 0.11425 -0.0345819
v 71.9227 112.361 46.0784
vn -0.997182 0.0733563 -0.0157409
v 71.9137 111.965 45.3892
vn -0.991534 -0.11042 0.0683248
v 71.931 112.281 46.1147
vn -0.958321 -0.252826 0.133042
v 71.9381 111.905 45.4167
vn -0.887043 -0.413561 0.205235
v 71.9716 112.202 46.1499
vn -0.828127 -0.503891 0.245559
v 71.9932 111.839 45.4457
vn -0.689312 -0.653939 0.31179
v 72.0356 112.147 46.1743
vn -0.626166 -0.704467 0.33413
v 72.0644 111.796 45.4643
vn -0.400558 -0.830288 0.387524
v 72.0893 112.121 46.1851
vn -0.362192 -0.844886 0.393681
v 72.1701 111.771 45.4736
vn 0.00740751 -0.90921 0.416271
v 72.1618 112.105 46.1908
vn -0.110472 -0.90277 0.415695
v 72.2314 112.109 46.1883
vn 0.187147 -0.894407 0.406216
v 72.2775 111.796 45.4605
vn 0.420088 -0.82803 0.371339
v 72.2894 112.124 46.18
vn 0.447061 -0.816347 0.365669
v 72.3619 111.851 45.4338
vn 0.673184 -0.676733 0.298087
v 72.3523 112.16 46.1624
vn 0.682734 -0.66876 0.294336
v 72.4015 112.211 46.1384
vn 0.807051 -0.542046 0.234209
v 72.3886 111.881 45.4194
vn 0.817134 -0.529353 0.228204
v 72.4577 112.458 46.0449
vn 0.465231 -0.767867 0.440387
v 72.4267 112.457 46.0796
vn 0.458501 -0.775757 0.433564
v 72.2626 112.382 46.1685
vn 0.542722 0.759207 -0.359245
v 72.1636 112.44 46.1402
vn 0.549584 0.757815 -0.351673
v 72.0598 112.53 46.1722
vn 0.546814 0.758117 -0.35532
v 72.001 112.647 46.3302
vn 0.548001 0.757038 -0.355793
v 71.9821 112.641 46.2874
vn 0.544886 0.757231 -0.360141
v 72.3466 112.359 46.2489
vn 0.544429 0.76097 -0.352876
v 72.4172 112.365 46.3683
vn 0.553182 0.754944 -0.352207
v 72.4454 112.375 46.4324
vn 0.551053 0.754737 -0.355968
v 71.993 112.701 46.4323
vn 0.544379 0.758245 -0.35877
v 72.1281 112.691 46.6179
vn 0.548395 0.756324 -0.356702
v 72.0533 112.712 46.5482
vn 0.550546 0.750437 -0.365709
v 72.24 112.631 46.6621
vn 0.539519 0.759444 -0.363543
v 72.3763 112.519 46.6326
vn 0.546052 0.756959 -0.358942
v 72.435 112.436 46.5457
vn 0.544725 0.757884 -0.359006
v 72.3702 112.507 46.5986
vn 0.54467 0.757962 -0.358926
v 72.4114 112.562 46.5902
vn -0.543186 -0.757203 0.362756
v 72.459 112.51 46.5536
vn -0.561753 -0.752407 0.343974
v 72.4804 112.468 46.4969
vn -0.549927 -0.755858 0.355329
v 72.4853 112.438 46.4411
vn -0.550744 -0.754925 0.356047
v 72.304 112.664 46.642
vn -0.547254 -0.757897 0.355114
v 72.2422 112.693 46.6098
vn -0.545334 -0.752541 0.369178
v 72.1884 112.732 46.6095
vn -0.541246 -0.77051 0.336701
v 72.4711 112.407 46.3527
vn -0.53323 -0.769028 0.352509
v 72.447 112.397 46.2946
vn -0.540168 -0.762784 0.355497
v 72.4051 112.397 46.2312
vn -0.548519 -0.750433 0.368751
v 72.3275 112.422 46.1639
vn -0.542934 -0.763961 0.348692
v 72.2224 112.477 46.1202
vn -0.548743 -0.765118 0.336862
v 72.1332 112.542 46.1231
vn -0.547225 -0.760133 0.350346
v 72.1449 112.75 46.581
vn -0.554564 -0.747736 0.365172
v 72.1176 112.758 46.5555
vn -0.592076 -0.683998 0.426138
v 72.0971 112.762 46.5336
vn -0.505792 -0.805944 0.307617
v 72.0786 112.764 46.5098
vn -0.566715 -0.732684 0.37684
v 72.0609 112.765 46.4844
vn -0.555659 -0.74864 0.361637
v 72.042 112.762 46.4487
vn -0.521963 -0.778822 0.347838
v 72.0236 112.75 46.3957
vn -0.511269 -0.782421 0.355558
v 72.0164 112.74 46.3623
vn -0.596304 -0.722341 0.350207
v 72.0126 112.726 46.3286
vn -0.559095 -0.751237 0.350794
v 72.013 112.712 46.2999
vn -0.58422 -0.730224 0.354203
v 72.0568 112.623 46.1753
vn -0.535914 -0.749315 0.389003
v 72.1076 112.568 46.1385
vn -0.525494 -0.762647 0.377129
v 72.0195 112.683 46.2482
vn -0.56584 -0.748517 0.345757
v 72.0308 112.661 46.2174
vn -0.554953 -0.755035 0.349212
v 72.0142 112.699 46.274
vn -0.52389 -0.770293 0.363576
v 71.9999 112.495 46.6126
vn 0.545913 0.758172 -0.356586
v 71.941 112.53 46.5959
vn 0.547541 0.757543 -0.355425
v 71.9269 112.495 46.5002
vn 0.5466 0.756501 -0.359075
v 71.9193 112.455 46.4041
vn 0.547017 0.758142 -0.354955
v 71.8834 112.5 46.4454
vn 0.543727 0.759423 -0.357264
v 72.054 112.496 46.6956
vn 0.547384 0.753855 -0.363418
v 72.1077 112.447 46.6749
vn 0.549078 0.755631 -0.35712
v 72.1584 112.431 46.7177
vn 0.544155 0.757389 -0.360912
v 71.8958 112.441 46.3368
vn 0.548643 0.755816 -0.357399
v 71.9606 112.36 46.2662
vn 0.544106 0.757634 -0.360471
v 71.9487 112.399 46.3295
vn 0.540746 0.759572 -0.361447
v 72.0226 112.324 46.285
vn 0.546564 0.755205 -0.361846
v 72.0631 112.276 46.2444
vn 0.544961 0.755566 -0.363507
v 72.101 112.271 46.2918
vn 0.545942 0.754844 -0.363536
v 72.2093 112.363 46.6528
vn 0.544995 0.758654 -0.356967
v 72.2285 112.371 46.6979
vn 0.547066 0.757798 -0.355614
v 72.2888 112.292 46.6225
vn 0.548245 0.757156 -0.355165
v 72.2684 112.27 46.5455
vn 0.546049 0.757459 -0.357892
v 72.3045 112.226 46.5064
vn 0.542264 0.760642 -0.356893
v 72.1906 112.213 46.3047
vn 0.547316 0.75698 -0.356968
v 72.1883 112.234 46.3474
vn 0.547181 0.757146 -0.356825
v 72.2535 112.232 46.4434
vn 0.542387 0.760808 -0.356353
v 72.2707 112.199 46.3995
vn 0.543601 0.758444 -0.359528
v 72.4061 112.581 46.5598
vn -0.172699 0.604733 -0.777479
v 72.4268 112.492 46.4629
vn -0.912193 0.255421 -0.320411
v 72.3826 112.55 46.5736
vn -0.861099 -0.498758 -0.0987412
v 72.4013 112.549 46.5952
vn 0.104327 -0.611631 0.784234
v 72.4552 112.492 46.5273
vn 0.378996 -0.668604 0.639789
v 72.4642 112.49 46.4365
vn 0.224598 0.894407 -0.386772
v 72.442 112.422 46.4033
vn -0.215089 -0.919797 0.328192
v 72.4707 112.433 46.4246
vn 0.412631 -0.854426 0.31574
v 72.4613 112.446 46.3272
vn 0.543559 0.757328 -0.361936
v 72.4104 112.446 46.3271
vn -0.758152 0.595159 0.266441
v 72.4514 112.407 46.3225
vn 0.359942 -0.921829 -0.143782
v 72.3878 112.401 46.2721
vn -0.468373 -0.826536 0.312194
v 72.3492 112.448 46.2363
vn -0.433941 0.634357 0.639755
v 72.381 112.447 46.2058
vn 0.559233 0.748525 -0.356328
v 72.3455 112.414 46.1886
vn 0.0485394 -0.878363 -0.475524
v 72.2601 112.444 46.1601
vn -0.46039 -0.887588 0.0151204
v 72.2822 112.491 46.1591
vn 0.476208 0.878155 -0.0454885
v 72.265 112.47 46.19
vn -0.347162 0.0668788 0.935417
v 72.1797 112.558 46.1307
vn 0.56852 0.812844 -0.126762
v 72.2431 112.466 46.13
vn -0.27566 -0.7123 -0.645477
v 72.1699 112.536 46.1724
vn 0.0500653 0.0222237 0.998499
v 72.1482 112.515 46.146
vn -0.589889 -0.743774 -0.314374
v 72.1818 112.553 46.1613
vn 0.639028 0.472593 0.606876
v 72.1436 112.596 46.1679
vn 0.694969 0.700778 -0.161021
v 72.1591 112.523 46.1702
vn -0.0219433 -0.506011 0.862248
v 72.1484 112.516 46.1416
vn -0.688216 -0.510604 -0.515405
v 72.0632 112.607 46.1932
vn -0.843488 -0.514286 -0.155038
v 72.0736 112.665 46.2781
vn 0.714302 -0.476555 0.512512
v 72.0222 112.677 46.2627
vn -0.974266 -0.166918 -0.151476
v 72.0315 112.697 46.3523
vn -0.176775 -0.868543 0.463016
v 72.0713 112.718 46.4087
vn 0.525773 -0.850275 0.0244209
v 72.0135 112.72 46.3349
vn -0.997433 0.011003 0.0707557
v 72.0392 112.749 46.4386
vn -0.939016 0.078461 0.334803
v 72.1179 112.72 46.5276
vn -0.365543 -0.926708 0.0871232
v 72.1475 112.734 46.5068
vn 0.673701 -0.240523 -0.698767
v 72.111 112.747 46.5453
vn -0.71222 0.0904552 0.696104
v 72.1178 112.77 46.4901
vn 0.430304 0.865899 -0.255064
v 72.2318 112.672 46.6025
vn -0.38998 -0.913048 -0.11941
v 72.2374 112.695 46.6288
vn -0.428102 -0.0820207 0.900001
v 72.254 112.7 46.5826
vn 0.437948 0.128333 -0.889793
v 72.0917 112.815 46.5498
vn 0.00439634 0.455498 0.890226
v 72.1102 112.84 46.5371
vn -0.00617905 0.461117 0.887318
v 72.0632 112.672 46.2081
vn -0.0703482 0.735468 -0.673898
v 72.0612 112.717 46.2921
vn 0.643779 0.702521 -0.303338
v 72.0612 112.717 46.2921
vn 0.69017 0.651441 -0.315103
v 72.0705 112.767 46.4045
vn 0.629856 0.693768 -0.34924
v 72.2905 112.528 46.0367
vn 0.445158 0.826546 -0.344464
v 72.2545 112.543 46.0309
vn 0.319581 0.78542 -0.530079
v 72.2047 112.554 46.027
vn 0.140985 0.91772 -0.371366
v 72.1629 112.554 46.0269
vn -0.0984527 0.855701 -0.508018
v 72.0945 112.539 46.0351
vn -0.346061 0.896289 -0.277323
v 72.1173 112.546 46.032
vn -0.287263 0.844784 -0.451465
v 72.2577 112.665 46.7537
vn 0.0238768 0.414393 0.909785
v 72.2283 112.599 46.7842
vn 0.0287565 0.426469 0.904045
v 72.1311 112.641 46.7667
vn 0.000339691 0.415116 0.909768
v 72.2016 112.715 46.7319
vn 0.0176449 0.417053 0.908711
v 72.079 112.844 46.5349
vn -0.0349438 0.54121 0.840161
v 72.0928 112.849 46.5322
vn -0.0175617 0.525211 0.850791
v 72.0809 112.845 46.5332
vn -0.58139 0.741376 -0.335181
v 72.089 112.848 46.5318
vn -0.275544 0.890242 -0.362692
v 71.9594 112.401 46.1278
vn -0.693389 -0.223928 -0.684885
v 71.9604 112.342 46.1551
vn -0.710114 -0.389627 -0.586454
v 71.9691 112.433 46.1113
vn -0.698601 -0.138386 -0.702001
v 71.9956 112.481 46.0887
vn -0.644197 0.170888 -0.745525
v 72.0645 112.543 46.0593
vn -0.463915 0.259147 -0.847128
v 71.9726 112.43 46.1081
vn -0.731198 0.0217984 -0.681817
v 72.3387 112.222 46.1801
vn 0.72214 -0.616855 0.313056
v 72.3087 112.198 46.1906
vn 0.612557 -0.706981 0.353484
v 72.2788 112.183 46.1989
vn 0.459745 -0.859499 0.223373
v 72.3644 112.251 46.1677
vn 0.798982 -0.566913 0.200594
v 72.2552 112.173 46.2024
vn 0.349125 -0.747411 0.565233
v 72.3749 112.267 46.1579
vn 0.890203 -0.434762 0.136093
v 72.3644 112.251 46.1677
vn 0.858153 -0.473629 0.198114
v 72.1822 112.161 46.2056
vn 0.0133106 -0.986249 0.164727
v 72.2192 112.164 46.2046
vn 0.198176 -0.860284 0.46972
v 72.2752 112.179 46.1959
vn 0.389962 -0.856275 0.338709
v 72.3164 112.202 46.1852
vn 0.607387 -0.706443 0.363344
v 72.3447 112.226 46.1738
vn 0.750082 -0.633154 0.191033
v 72.3676 112.255 46.1615
vn 0.866591 -0.449189 0.217368
v 72.3843 112.285 46.1474
vn 0.932453 -0.353527 0.0744995
v 72.3943 112.296 46.1286
vn -0.715427 -0.124483 -0.687509
v 72.2804 112.151 46.1975
vn -0.327234 0.207168 -0.921954
v 72.0476 112.183 46.1903
vn -0.254958 -0.622013 -0.740335
v 72.4007 112.442 46.0484
vn 0.362389 -0.228189 -0.903661
v 72.4302 112.312 46.1189
vn 0.607423 -0.45691 -0.649823
v 72.382 112.21 46.178
vn 0.565622 -0.722206 -0.398107
v 71.9682 112.259 46.1521
vn -0.489711 -0.601743 -0.630942
v 72.1411 112.137 46.2122
vn -0.124504 -0.877027 -0.464029
v 72.331 112.529 46.0126
vn 0.552645 0.320005 -0.769533
v 72.3367 112.169 46.2028
vn 0.525551 -0.849327 -0.049382
v 72.2528 112.135 46.2239
vn 0.223352 -0.96769 0.117
v 71.941 112.327 46.1302
vn -0.802958 -0.299833 -0.515129
v 72.4169 112.446 46.0695
vn 0.907844 0.392494 -0.147541
v 71.9675 112.45 46.0554
vn -0.868769 0.111715 -0.482453
v 72.4368 112.377 46.1136
vn 0.912207 0.247557 0.326487
v 72.4267 112.278 46.1609
vn 0.918213 -0.206255 0.338149
v 72.1555 112.135 46.2395
vn -0.132367 -0.732854 0.667386
v 72.0835 112.162 46.2371
vn -0.3808 -0.577742 0.721946
v 72.0198 112.197 46.2154
vn -0.689083 -0.439743 0.576013
v 71.9669 112.446 46.0903
vn -0.642043 0.5907 0.488727
v 72.3294 112.541 46.0406
vn 0.0168943 0.49686 0.867666
v 72.384 112.236 46.1988
vn 0.444268 0.126344 0.88694
v 72.2684 112.158 46.2388
vn 0.181318 -0.110989 0.977141
v 71.9645 112.296 46.1731
vn -0.55772 0.208493 0.803417
v 72.4247 112.351 46.1423
vn -0.200417 0.444943 0.872845
v 72.0192 112.513 46.0563
vn -0.752256 0.612953 -0.241661
v 72.2656 112.402 46.1159
vn -0.0121817 0.370701 0.928673
v 72.1857 112.448 46.0961
vn 0.000626231 0.398403 0.91721
v 72.4038 112.029 45.33
vn -0.0169146 -0.417432 -0.908551
v 72.3585 111.975 45.3554
vn -0.0176115 -0.416199 -0.909103
v 72.3389 112.09 45.3033
vn -0.01732 -0.415805 -0.909289
v 72.3715 111.89 45.3943
vn -0.0172225 -0.415377 -0.909486
v 72.308 111.88 45.3997
vn -0.0155389 -0.41575 -0.909346
v 72.3023 112.186 45.2598
vn -0.0148614 -0.417485 -0.908562
v 72.2484 112.165 45.2703
vn -0.0165652 -0.418145 -0.908229
v 72.2696 111.806 45.4342
vn -0.0168973 -0.416222 -0.909106
v 72.1918 111.831 45.4243
vn -0.0174099 -0.417084 -0.908701
v 72.1646 111.786 45.4455
vn -0.0174442 -0.417364 -0.908572
v 72.0556 111.814 45.4345
vn -0.0149237 -0.415982 -0.909251
v 72.078 111.848 45.4184
vn -0.0162148 -0.416234 -0.909113
v 72.2041 112.221 45.2455
vn -0.0155529 -0.415825 -0.909312
v 72.1486 112.182 45.2643
vn -0.0165866 -0.418037 -0.908279
v 72.0815 112.208 45.2536
vn -0.0152395 -0.418695 -0.907999
v 72.0592 112.152 45.2799
vn -0.0157115 -0.417684 -0.908457
v 71.982 112.143 45.2854
vn -0.0159388 -0.417474 -0.908549
v 71.9873 112.072 45.3174
vn -0.0158668 -0.415799 -0.909318
v 71.9544 111.909 45.3929
vn -0.0155422 -0.41647 -0.909017
v 72.0083 111.906 45.3933
vn -0.0169631 -0.416918 -0.908786
v 71.9751 111.993 45.3539
vn -0.0165772 -0.415552 -0.909418
v 71.9339 112.027 45.3391
vn -0.016821 -0.415768 -0.909315
v 71.0379 112.463 46.2955
vn -0.998666 -0.0512269 0.00652598
v 71.0329 112.558 46.3744
vn -0.99826 -0.0588646 0.00331833
v 71.0424 112.376 46.3197
vn -0.998637 -0.0521959 -0.000449067
v 71.0345 112.527 46.4987
vn -0.998385 -0.0567974 -0.00146824
v 71.0413 112.399 46.5185
vn -0.998688 -0.0511532 0.00238346
v 71.0445 112.337 46.3992
vn -0.998426 -0.0560651 0.00126382
v 71.6852 112.524 46.1594
vn -0.998644 -0.0520658 -0.000491763
v 71.6842 112.542 46.2666
vn -0.99862 -0.0525106 -0.00029362
v 71.6886 112.459 46.2587
vn -0.998609 -0.0527234 0.000273693
v 71.6744 112.729 46.3392
vn -0.998608 -0.0527473 0.000438845
v 71.6808 112.608 46.3179
vn -0.998608 -0.0527418 0.000384041
v 71.6927 112.379 46.1809
vn -0.998612 -0.0526722 0.000393277
v 71.6976 112.287 46.2523
vn -0.998654 -0.0518755 -2.50701e-05
v 71.6928 112.378 46.2984
vn -0.99865 -0.0519417 -0.000158201
v 71.6743 112.731 46.4663
vn -0.998615 -0.0526134 -0.000218411
v 71.6792 112.639 46.4025
vn -0.9986 -0.0529039 0.000390611
v 71.676 112.7 46.5486
vn -0.998623 -0.0524672 -9.64756e-05
v 71.6797 112.63 46.4701
vn -0.998608 -0.0527417 -0.000125389
v 71.68 112.623 46.6245
vn -0.998628 -0.0523609 -0.000459943
v 71.6817 112.59 46.5258
vn -0.998645 -0.0520306 -0.000494612
v 71.6949 112.339 46.354
vn -0.998616 -0.0525852 0.00042861
v 71.7002 112.237 46.348
vn -0.998626 -0.052408 -0.000175407
v 71.6954 112.329 46.4218
vn -0.998636 -0.0522106 -0.000247072
v 71.7001 112.239 46.4851
vn -0.998618 -0.0525489 3.19052e-05
v 71.6938 112.361 46.5063
vn -0.998605 -0.0528033 0.000584108
v 71.686 112.509 46.5655
vn -0.998621 -0.0525035 -0.000448563
v 71.6842 112.542 46.6605
vn -0.998626 -0.0524001 -0.000643693
v 71.6903 112.426 46.5577
vn -0.998625 -0.0524273 -0.00036379
v 71.6894 112.444 46.6649
vn -0.998606 -0.0527776 6.73018e-05
v 71.7795 112.529 46.1594
vn -0.000121054 -0.000252226 -1
v 71.6868 112.495 46.1586
vn 4.15738e-05 0.00740772 -0.999973
v 71.7871 112.385 46.1809
vn 0.0215077 -0.405703 -0.913752
v 71.6941 112.354 46.196
vn 0.0274707 -0.518373 -0.854713
v 71.792 112.292 46.2523
vn 0.041048 -0.775051 -0.630564
v 71.6985 112.269 46.2757
vn 0.044702 -0.844468 -0.533738
v 71.7948 112.238 46.3773
vn 0.0524412 -0.988705 -0.140398
v 71.7002 112.237 46.348
vn 0.051382 -0.969104 -0.241242
v 71.7001 112.239 46.4851
vn 0.0495313 -0.99047 0.128515
v 71.7945 112.244 46.4851
vn 0.0583614 -0.982908 0.174603
v 71.7837 112.449 46.6649
vn 0.00209925 -0.0345186 0.999402
v 71.7786 112.547 46.6605
vn -0.0133944 0.252825 0.967419
v 71.6894 112.444 46.6649
vn 0.000187269 -0.0122502 0.999925
v 71.7736 112.643 46.613
vn -0.0324987 0.613832 0.788767
v 71.6805 112.613 46.6282
vn -0.0265996 0.502363 0.864248
v 71.7695 112.72 46.5124
vn -0.0459744 0.912092 0.407399
v 71.6752 112.715 46.5124
vn -0.0463583 0.922883 0.382281
v 71.7688 112.734 46.3392
vn -0.0580285 0.990448 -0.125084
v 71.6744 112.729 46.3392
vn -0.0493419 0.98981 -0.133569
v 71.7945 112.245 46.4858
vn 0.998955 0.0455924 0.00312926
v 71.7948 112.236 46.4483
vn 0.987576 0.156192 -0.0172526
v 71.795 112.234 46.4101
vn 0.999802 -0.0198431 -0.00138028
v 71.7948 112.237 46.3672
vn 0.999701 -0.0224776 -0.00967677
v 71.7795 112.529 46.1594
vn 0.997221 0.0562494 -0.0488499
v 71.7828 112.467 46.1587
vn 0.996887 0.0516787 -0.0595424
v 71.7795 112.53 46.1607
vn 0.997539 0.0556027 -0.0427211
v 71.7944 112.244 46.3422
vn 0.999679 0.0246388 -0.00581814
v 71.7857 112.412 46.1688
vn 0.998688 0.0510188 -0.00442205
v 71.7933 112.266 46.2898
vn 0.994027 0.105119 0.0293168
v 71.792 112.29 46.2515
vn 0.997677 0.0674261 0.00971112
v 71.7902 112.325 46.2171
vn 0.997369 0.0678391 0.025559
v 71.7875 112.376 46.1831
vn 0.995683 0.0785679 0.0494207
v 71.6744 112.729 46.3392
vn -0.0357595 0.658675 -0.751578
v 71.7801 112.578 46.2019
vn -0.0392943 0.675899 -0.735946
v 71.7688 112.734 46.3392
vn -0.0382376 0.638721 -0.768488
v 71.6852 112.524 46.1594
vn -0.0330833 0.655981 -0.754052
v 71.774 112.635 46.6217
vn 0.997825 0.0650751 0.0104949
v 71.7723 112.667 46.5943
vn 0.994462 0.0956967 0.0434556
v 71.7758 112.601 46.6412
vn 0.998972 0.0435556 -0.0125376
v 71.7776 112.566 46.6554
vn 0.995483 0.0722316 0.0616061
v 71.771 112.693 46.5656
vn 0.999359 0.033109 -0.0136278
v 71.7699 112.713 46.5333
vn 0.999102 0.0421261 -0.00453256
v 71.769 112.73 46.4939
vn 0.997088 -0.0656221 -0.0388373
v 71.7686 112.739 46.4613
vn 0.553182 -0.821216 -0.139976
v 71.7796 112.529 46.6643
vn 0.998651 0.051472 -0.00681922
v 71.7815 112.49 46.6674
vn 0.998718 0.0501836 -0.00667774
v 71.7837 112.448 46.6643
vn 0.998048 0.0444353 0.0438836
v 71.7683 112.743 46.4234
vn 0.968958 -0.246811 -0.0143099
v 71.7684 112.742 46.3851
vn 0.999696 -0.023869 0.00624996
v 71.7688 112.734 46.3392
vn 0.999758 0.0208721 0.0069855
v 71.7689 112.732 46.3379
vn 0.998873 0.0473471 0.00340421
v 71.7951 112.291 46.5263
vn 0.0297116 -0.672438 0.739557
v 71.7001 112.239 46.4851
vn 0.0319127 -0.65806 0.752289
v 71.6894 112.444 46.6649
vn 0.0307438 -0.658212 0.752205
v 71.7837 112.449 46.6649
vn 0.0382647 -0.631768 0.774213
v 72.4132 112.55 46.5448
vn 0.9988 0.048892 -0.00269039
v 72.4076 112.655 46.4103
vn 0.998631 0.052314 -0.000108131
v 72.4171 112.474 46.5376
vn 0.998639 0.0521535 -0.00016791
v 72.409 112.629 46.331
vn 0.998656 0.0518359 -0.000390238
v 72.4202 112.414 46.4932
vn 0.998631 0.0523129 0.000218493
v 72.4125 112.563 46.2859
vn 0.998615 0.0526103 0.000367394
v 72.4216 112.389 46.414
vn 0.998607 0.052757 0.000135395
v 72.4167 112.481 46.2823
vn 0.998527 0.0542328 0.00155983
v 71.9706 112.623 46.4286
vn 0.0528194 0.99514 0.083101
v 71.8804 112.626 46.3761
vn 0.0589923 0.916265 -0.396204
v 71.9717 112.602 46.3391
vn 0.0668127 0.830141 -0.553536
v 71.8804 112.626 46.4523
vn 0.0807375 0.985307 0.150504
v 71.8834 112.568 46.2973
vn 0.0897427 0.384563 -0.918726
v 71.9759 112.523 46.2867
vn 0.0878145 0.331882 -0.939225
v 71.9794 112.453 46.2929
vn 0.115426 -0.223849 -0.967765
v 71.8888 112.465 46.2794
vn 0.120354 -0.199477 -0.972483
v 71.9818 112.409 46.3245
vn 0.142726 -0.71666 -0.682663
v 71.8942 112.362 46.3836
vn 0.159216 -0.972164 -0.171891
v 71.8926 112.393 46.3192
vn 0.145977 -0.677022 -0.72134
v 71.9837 112.374 46.4294
vn 0.158424 -0.981533 0.107212
v 71.8932 112.381 46.488
vn 0.150682 -0.830839 0.535726
v 71.9813 112.418 46.5075
vn 0.138101 -0.643634 0.752771
v 71.8905 112.434 46.5333
vn 0.131379 -0.458169 0.879102
v 71.9785 112.471 46.5367
vn 0.106776 -0.0618832 0.992355
v 71.9745 112.547 46.5298
vn 0.080749 0.550287 0.831062
v 71.8848 112.542 46.5362
vn 0.0903651 0.364737 0.926715
v 71.8809 112.616 46.4721
vn 0.0691984 0.870747 0.486837
v 71.9707 112.621 46.4495
vn 0.0521463 0.907803 0.416143
v 71.6821 112.582 46.2891
vn -0.0284271 0.5414 -0.840285
v 71.6842 112.542 46.2666
vn -0.0187921 0.3579 -0.933571
v 71.0727 112.55 46.2891
vn -0.0270869 0.515874 -0.856236
v 71.6874 112.482 46.2554
vn -0.000119516 0.00227622 -0.999997
v 71.078 112.449 46.2554
vn 0.00155774 -0.0296608 -0.999559
v 71.0756 112.496 46.2608
vn -0.014579 0.277649 -0.960572
v 71.6909 112.416 46.2725
vn 0.0235859 -0.449169 -0.893135
v 71.0812 112.39 46.2681
vn 0.0200961 -0.382706 -0.923652
v 71.0837 112.34 46.3027
vn 0.0379225 -0.722191 -0.690653
v 71.6943 112.35 46.3339
vn 0.0454704 -0.86591 -0.498129
v 71.0855 112.306 46.354
vn 0.0483958 -0.92158 -0.385159
v 71.6955 112.327 46.3988
vn 0.0522688 -0.995294 -0.0815904
v 71.0861 112.295 46.4142
vn 0.0524382 -0.99849 0.0163472
v 71.6951 112.334 46.4598
vn 0.0513289 -0.977424 0.20496
v 71.0854 112.308 46.474
vn 0.0485825 -0.92526 0.376209
v 71.6941 112.355 46.5009
vn 0.0425032 -0.809486 0.585598
v 71.0836 112.343 46.5244
vn 0.0364898 -0.694859 0.71822
v 71.6917 112.399 46.5436
vn 0.0286271 -0.545097 0.837884
v 71.6896 112.44 46.5634
vn 0.0145033 -0.276161 0.961002
v 71.081 112.394 46.5577
vn 0.0194761 -0.370835 0.928495
v 71.6872 112.486 46.5688
vn -0.000681073 0.0129706 0.999916
v 71.0778 112.454 46.5688
vn -0.000680929 0.0129735 0.999916
v 71.6837 112.552 46.5517
vn -0.0230221 0.438458 0.898457
v 71.0732 112.541 46.5413
vn -0.029815 0.56781 0.822619
v 71.0754 112.5 46.5622
vn -0.0157464 0.299893 0.953843
v 71.6808 112.607 46.5104
vn -0.0406785 0.774632 0.631102
v 71.0706 112.592 46.4845
vn -0.0452331 0.861288 0.506099
v 71.6797 112.63 46.4701
vn -0.0487436 0.928267 0.368707
v 71.6792 112.637 46.3872
vn -0.0518444 0.987294 -0.150209
v 71.0703 112.597 46.3577
vn -0.0489904 0.932868 -0.356871
v 71.0697 112.609 46.4255
vn -0.0522631 0.995295 0.0815875
v 71.6805 112.613 46.3233
vn -0.0434883 0.828101 -0.55889
v 71.6821 112.582 46.2891
vn -0.0366286 0.697594 -0.715556
v 71.0727 112.55 46.2891
vn -0.0377469 0.718893 -0.694095
v 71.0714 112.575 46.5104
vn -0.731566 0.41978 0.537211
v 71.035 112.518 46.5026
vn -0.737609 0.344251 0.580882
v 71.0766 112.477 46.5655
vn -0.715813 0.0757787 0.694168
v 71.0405 112.412 46.5201
vn -0.708166 -0.258792 0.656908
v 71.0827 112.361 46.532
vn -0.698665 -0.456102 0.551215
v 71.0442 112.342 46.4498
vn -0.686015 -0.692804 0.222276
v 71.086 112.297 46.4218
vn -0.674503 -0.737045 0.0425428
v 71.0436 112.353 46.3512
vn -0.690678 -0.623399 -0.366521
v 71.0846 112.323 46.3284
vn -0.684134 -0.620312 -0.383632
v 71.0392 112.437 46.2984
vn -0.715794 -0.114816 -0.688808
v 71.0796 112.42 46.2618
vn -0.706885 -0.185892 -0.682465
v 71.0353 112.513 46.3127
vn -0.729052 0.32895 -0.600229
v 71.0731 112.543 46.2922
vn -0.741635 0.381568 -0.551709
v 71.0329 112.558 46.3744
vn -0.753385 0.618722 -0.222699
v 71.0698 112.607 46.4025
vn -0.746397 0.664135 -0.042608
v 71.0337 112.542 46.4858
vn -0.745512 0.594483 0.301331
v 71.0714 112.575 46.5104
vn -0.741397 0.583664 0.33116
v 71.8407 112.393 46.5357
vn 0.562733 -0.578372 0.590608
v 71.795 112.354 46.5815
vn 0.91296 -0.305029 0.271037
v 71.8456 112.346 46.4647
vn 0.582424 -0.764693 0.275729
v 71.7944 112.245 46.4864
vn 0.96322 -0.268652 0.00574494
v 71.8448 112.338 46.3866
vn 0.594351 -0.791807 -0.140671
v 71.7934 112.265 46.3032
vn 0.997091 -0.0628254 -0.0431561
v 71.809 112.347 46.2866
vn 0.872439 -0.359151 -0.331451
v 71.8933 112.38 46.3412
vn 0.334522 -0.745553 -0.576408
v 71.8269 112.431 46.2567
vn 0.684189 -0.233326 -0.690974
v 71.787 112.467 46.1926
vn 0.906605 0.0821066 -0.413916
v 71.8458 112.529 46.2694
vn 0.450104 0.235773 -0.861288
v 71.7961 112.612 46.2592
vn 0.821467 0.333348 -0.462678
v 71.7795 112.53 46.1607
vn 0.987484 0.082754 -0.134262
v 71.8828 112.58 46.3047
vn 0.193279 0.506858 -0.840082
v 71.8934 112.377 46.4725
vn 0.257335 -0.874492 0.411148
v 71.8882 112.477 46.2804
vn 0.215198 -0.11421 -0.969869
v 71.788 112.366 46.1914
vn 0.996786 0.008786 -0.0796232
v 71.8503 112.587 46.2936
vn 0.362794 0.678306 -0.638969
v 71.8043 112.66 46.3728
vn 0.726969 0.668212 -0.158141
v 71.7808 112.624 46.2427
vn 0.876109 0.386552 -0.288114
v 71.8805 112.624 46.372
vn 0.168771 0.936183 -0.308347
v 71.7689 112.732 46.3379
vn 0.981989 0.186297 -0.031468
v 71.8571 112.634 46.4418
vn 0.329004 0.918765 0.218238
v 71.7686 112.738 46.4657
vn 0.982575 0.183545 0.0292899
v 71.805 112.637 46.5061
vn 0.816386 0.451397 0.360214
v 71.776 112.598 46.6366
vn 0.98339 0.136442 0.119698
v 71.8822 112.593 46.5042
vn 0.252916 0.704364 0.663253
v 71.8352 112.544 46.557
vn 0.53012 0.28649 0.798058
v 71.8858 112.522 46.546
vn 0.251732 0.0776268 0.964679
v 71.8188 112.482 46.5816
vn 0.720155 -0.0165589 0.693615
v 71.7858 112.429 46.6473
vn 0.98218 0.0154614 0.187305
v 71.8106 112.37 46.5629
vn 0.81253 -0.287219 0.507248
v 71.8918 112.409 46.5195
vn 0.322244 -0.477369 0.817482
v 72.2126 112.32 46.2437
vn 0.101234 -0.808068 -0.580325
v 72.2866 112.281 46.3479
vn 0.374488 -0.882896 -0.28329
v 72.2117 112.257 46.3776
vn 0.168555 -0.978272 -0.120722
v 72.2836 112.27 46.4306
vn 0.286528 -0.955957 0.0636274
v 72.2103 112.283 46.5157
vn 0.0930313 -0.903859 0.417594
v 72.2546 112.279 46.504
vn 0.215939 -0.91616 0.337669
v 72.266 112.319 46.564
vn 0.267165 -0.780293 0.565478
v 72.2064 112.357 46.6157
vn 0.1077 -0.480674 0.870261
v 72.2711 112.393 46.6237
vn 0.288292 -0.46702 0.835931
v 72.2534 112.473 46.6577
vn 0.215868 -0.149941 0.964841
v 72.1968 112.541 46.6641
vn 0.0558131 0.0833677 0.994955
v 72.2609 112.546 46.6564
vn 0.27175 0.11815 0.955088
v 72.2431 112.644 46.6237
vn 0.164751 0.53036 0.83161
v 72.192 112.701 46.5827
vn -0.095698 0.76039 0.642378
v 72.3196 112.303 46.4947
vn 0.477135 -0.811515 0.33732
v 72.3363 112.365 46.5672
vn 0.545304 -0.575578 0.609388
v 72.3418 112.438 46.6074
vn 0.566321 -0.290422 0.771321
v 72.3204 112.535 46.6313
vn 0.483346 0.0957236 0.87018
v 72.3578 112.314 46.4316
vn 0.606387 -0.785142 0.125885
v 72.3736 112.356 46.5138
vn 0.688993 -0.605037 0.399023
v 72.332 112.617 46.5986
vn 0.523368 0.419509 0.741686
v 72.4116 112.449 46.533
vn 0.816634 -0.274729 0.507575
v 72.3797 112.533 46.5878
vn 0.713789 0.090458 0.694494
v 72.4099 112.372 46.4282
vn 0.800235 -0.594119 0.0815256
v 72.365 112.332 46.338
vn 0.678099 -0.682571 -0.272542
v 72.3175 112.329 46.2813
vn 0.459567 -0.721761 -0.517551
v 72.2692 112.709 46.5547
vn 0.26374 0.789242 0.554561
v 72.4213 112.395 46.3617
vn 0.812891 -0.511479 -0.278562
v 72.3377 112.663 46.559
vn 0.5486 0.598604 0.583705
v 72.4114 112.584 46.5326
vn 0.811332 0.226947 0.538735
v 72.4087 112.634 46.4864
vn 0.783973 0.528586 0.325552
v 72.2085 112.319 46.2434
vn 0.0799971 -0.670731 -0.737374
v 72.3505 112.382 46.254
vn 0.597262 -0.506947 -0.621516
v 72.4188 112.443 46.3035
vn 0.814821 -0.309356 -0.490271
v 72.3091 112.728 46.4881
vn 0.459467 0.82062 0.339814
v 72.2112 112.359 46.2101
vn 0.0522813 -0.594328 -0.802522
v 72.3657 112.692 46.4722
vn 0.661659 0.710894 0.238408
v 72.3185 112.419 46.2092
vn 0.437265 -0.359632 -0.824296
v 72.3744 112.503 46.2311
vn 0.700067 -0.0309516 -0.713406
v 72.4075 112.658 46.4079
vn 0.760714 0.648316 -0.0316232
v 72.4143 112.528 46.2802
vn 0.827035 0.0501127 -0.559912
v 72.3717 112.687 46.3522
vn 0.690053 0.677307 -0.255112
v 72.3768 112.586 46.2476
vn 0.705367 0.325756 -0.629556
v 72.4094 112.621 46.3199
vn 0.780432 0.473802 -0.407967
v 72.3068 112.742 46.4231
vn 0.498622 0.866649 0.0171995
v 72.3523 112.672 46.29
vn 0.608751 0.631778 -0.479874
v 72.2172 112.749 46.4961
vn 0.0856382 0.94561 0.313829
v 72.3174 112.533 46.19
vn 0.471442 0.0876867 -0.877527
v 72.2844 112.738 46.3393
vn 0.338683 0.896215 -0.286517
v 72.2395 112.479 46.1646
vn 0.166465 -0.124046 -0.978214
v 72.3215 112.631 46.2254
vn 0.484219 0.473622 -0.735673
v 72.2738 112.705 46.2668
vn 0.301025 0.757575 -0.579193
v 72.2496 112.759 46.409
vn 0.167015 0.985572 -0.0274511
v 72.2113 112.432 46.1713
vn 0.00404799 -0.312348 -0.949959
v 72.2571 112.579 46.1755
vn 0.23075 0.270344 -0.934702
v 72.2506 112.659 46.2132
vn 0.205965 0.564255 -0.799496
v 72.1781 112.735 46.2966
vn -0.0894376 0.884515 -0.457858
v 72.1719 112.759 46.3711
vn -0.0832779 0.985896 -0.145167
v 72.1783 112.582 46.1706
vn -0.0787395 0.28562 -0.955103
v 72.18 112.682 46.2276
vn -0.0741318 0.679378 -0.730034
v 72.1366 112.508 46.1653
vn -0.246148 -0.00725025 -0.969205
v 72.1188 112.75 46.4581
vn -0.25231 0.933648 0.254245
v 72.1064 112.602 46.1949
vn -0.358075 0.364476 -0.859616
v 72.1094 112.697 46.267
vn -0.364041 0.734663 -0.57249
v 72.1369 112.43 46.18
vn -0.248831 -0.318251 -0.914767
v 72.0882 112.738 46.3921
vn -0.443956 0.885936 -0.134242
v 72.059 112.504 46.2001
vn -0.550367 -0.0260714 -0.834516
v 72.0413 112.584 46.2282
vn -0.620709 0.287405 -0.729464
v 72.0307 112.668 46.2991
vn -0.681768 0.524642 -0.509846
v 72.0263 112.695 46.389
vn -0.678453 0.728842 -0.0921492
v 72.0682 112.425 46.2119
vn -0.514061 -0.337028 -0.788767
v 72.0527 112.712 46.4747
vn -0.636231 0.694136 0.336729
v 72.1139 112.359 46.2261
vn -0.334265 -0.597487 -0.728887
v 71.9835 112.64 46.3831
vn -0.835118 0.541677 -0.095728
v 71.9885 112.499 46.2711
vn -0.819489 -0.0502136 -0.570891
v 71.9735 112.568 46.3051
vn -0.855769 0.327403 -0.400583
v 72.0159 112.447 46.2466
vn -0.717843 -0.253263 -0.648506
v 72.1099 112.689 46.5724
vn -0.476673 0.682292 0.554311
v 72.0563 112.347 46.2757
vn -0.580959 -0.562239 -0.588535
v 71.972 112.595 46.4964
vn -0.836486 0.451875 0.310002
v 71.9821 112.403 46.3278
vn -0.763896 -0.435617 -0.476131
v 72.1958 112.312 46.2517
vn -0.0418026 -0.817457 -0.574471
v 72.1027 112.332 46.2605
vn -0.448907 -0.709986 -0.54259
v 72.0941 112.3 46.3141
vn -0.305737 -0.884177 -0.353209
v 72.0293 112.333 46.3433
vn -0.643906 -0.704635 -0.298119
v 71.9821 112.403 46.3278
vn -0.804823 -0.529127 -0.268859
v 71.972 112.595 46.4964
vn -0.787981 0.369639 0.492395
v 72.0334 112.591 46.5883
vn -0.648856 0.315724 0.692318
v 72.0821 112.678 46.5638
vn -0.437394 0.614384 0.656673
v 72.1817 112.695 46.5883
vn -0.117366 0.678027 0.725607
v 71.9838 112.371 46.4114
vn -0.785384 -0.618718 -0.0189546
v 71.9823 112.485 46.5417
vn -0.820165 -0.101266 0.563094
v 72.1101 112.614 46.6254
vn -0.374786 0.422521 0.825234
v 72.0338 112.319 46.4307
vn -0.634038 -0.763659 0.121741
v 71.9827 112.391 46.4807
vn -0.781959 -0.529317 0.329186
v 72.0396 112.486 46.6086
vn -0.627432 -0.0971211 0.772591
v 72.1258 112.265 46.4129
vn -0.362808 -0.931033 -0.039341
v 72.029 112.398 46.5629
vn -0.672484 -0.430943 0.601709
v 72.0976 112.552 46.6403
vn -0.358852 0.123099 0.925242
v 72.1241 112.278 46.4894
vn -0.309242 -0.876966 0.367832
v 72.0859 112.326 46.5427
vn -0.454268 -0.728827 0.512301
v 72.0976 112.361 46.5909
vn -0.396358 -0.59459 0.699545
v 72.1079 112.415 46.6283
vn -0.355734 -0.379691 0.853984
v 72.2117 112.257 46.3776
vn -0.0588749 -0.99148 -0.116195
v 72.1992 112.495 46.6667
vn -0.140842 -0.0744024 0.987232
v 72.1937 112.599 46.6494
vn -0.0752225 0.331097 0.940593
v 72.2109 112.273 46.5061
vn -0.0233495 -0.955297 0.294724
v 72.2087 112.313 46.5741
vn -0.0433276 -0.701139 0.711707
v 72.1723 112.355 46.6116
vn -0.119912 -0.609038 0.784024
v 72.203 112.422 46.6513
vn -0.0681971 -0.338052 0.938653
v 71.6725 94.9754 7.907
vn -0.74553 -0.600405 0.289307
v 71.6736 95.0017 7.96426
vn -0.689922 -0.652968 0.312475
v 71.5707 95.0455 7.87669
vn -0.352972 -0.848051 0.395247
v 71.5485 95.0791 7.931
vn -0.230224 -0.883092 0.408835
v 71.4584 95.0816 7.9315
vn 0.226494 -0.8868 0.402847
v 71.4345 95.0478 7.8781
vn 0.311243 -0.865863 0.391674
v 71.382 95.0513 7.9467
vn 0.586509 -0.740142 0.328932
v 71.3404 94.9904 7.90607
vn 0.783356 -0.570172 0.2475
v 71.3165 94.9786 7.98121
vn 0.901049 -0.40003 0.167591
v 71.3024 94.923 7.93764
vn 0.967476 -0.235935 0.0912456
v 71.2954 94.9053 8.0152
vn 0.999121 -0.0418827 0.00181519
v 71.2997 94.8346 7.97819
vn 0.980934 0.169407 -0.0952298
v 71.312 94.8307 8.04906
vn 0.918878 0.351987 -0.178236
v 71.3385 94.7604 8.01152
vn 0.803162 0.535811 -0.260456
v 71.373 94.754 8.08314
vn 0.621043 0.70811 -0.335985
v 71.4888 94.7125 8.10008
vn 0.211221 0.887107 -0.410398
v 71.4268 94.6998 8.03771
vn 0.365676 0.843388 -0.393673
v 71.5462 94.6931 8.0386
vn -0.234627 0.885113 -0.401901
v 71.6048 94.7401 8.08537
vn -0.511197 0.784549 -0.350942
v 71.6515 94.7449 8.01298
vn -0.723866 0.631824 -0.277158
v 71.6865 94.8189 8.04781
vn -0.913012 0.376765 -0.156391
v 71.6956 94.8162 7.97957
vn -0.95158 0.28551 -0.113927
v 71.7068 94.8986 8.01091
vn -0.999874 0.00593393 0.0146964
v 71.7055 94.8915 7.94486
vn -0.992603 -0.102771 0.0646263
v 71.6725 94.9754 7.907
vn -0.894724 -0.39936 0.199954
v 71.6736 95.0017 7.96426
vn -0.905146 -0.379959 0.190637
v 71.2056 94.696 8.04339
vn -0.763525 -0.581882 0.280077
v 71.2066 94.7223 8.10065
vn -0.775081 -0.569057 0.274633
v 71.3295 94.592 8.08882
vn -0.540032 -0.761279 0.358914
v 71.2985 94.6366 8.13825
vn -0.513596 -0.776336 0.365406
v 71.4081 94.5634 8.10052
vn -0.253017 -0.877583 0.407223
v 71.4274 94.5855 8.15935
vn -0.222824 -0.884584 0.409707
v 71.5611 94.5591 8.09978
vn 0.184473 -0.894586 0.407044
v 71.5487 94.5815 8.15904
vn 0.120955 -0.903097 0.412051
v 71.6885 94.6265 8.13587
vn 0.520054 -0.780171 0.347673
v 71.7181 94.6198 8.06918
vn 0.632321 -0.708544 0.313265
v 71.8191 94.7566 8.07392
vn 0.836447 -0.503596 0.216213
v 71.8095 94.7153 8.02373
vn 0.926044 -0.348974 0.143737
v 71.8532 94.8791 7.94789
vn 0.999682 0.0110102 -0.0226823
v 71.851 94.8926 8.01108
vn 0.999871 -0.00749841 -0.0141905
v 71.8137 95.0142 7.88674
vn 0.889551 0.409138 -0.203237
v 71.8187 95.0373 7.94531
vn 0.900582 0.389059 -0.193866
v 71.7465 95.1266 7.90573
vn 0.699441 0.644971 -0.307887
v 71.7173 95.1229 7.83863
vn 0.619615 0.709222 -0.336274
v 71.5887 95.2071 7.87165
vn 0.23781 0.881143 -0.408698
v 71.5601 95.1852 7.81286
vn 0.177215 0.893229 -0.413203
v 71.4448 95.2158 7.87022
vn -0.156067 0.89888 -0.40946
v 71.4071 95.1826 7.81683
vn -0.367704 0.847867 -0.38199
v 71.3306 95.1794 7.88893
vn -0.497525 0.791757 -0.354385
v 71.2126 95.0795 7.93682
vn -0.822748 0.522209 -0.224463
v 71.2607 95.1095 7.85291
vn -0.682483 0.668951 -0.294486
v 71.1683 94.9831 7.91249
vn -0.894847 0.411742 -0.172386
v 71.1517 94.9346 8.00432
vn -0.99384 0.106588 -0.0303502
v 71.1477 94.8829 7.95878
vn -0.995565 -0.0774567 0.0533966
v 71.1558 94.8326 8.05099
vn -0.975036 -0.194519 0.107086
v 71.2056 94.696 8.04339
vn -0.888622 -0.410753 0.204038
v 71.2066 94.7223 8.10065
vn -0.884312 -0.418453 0.207098
v 71.6427 94.7622 8.07456
vn 0.0163355 0.416443 0.909015
v 71.8191 94.7566 8.07392
vn 0.016369 0.416513 0.908982
v 71.6966 94.8424 8.03682
vn 0.0162684 0.416444 0.909016
v 71.8533 94.8712 8.02081
vn 0.0162704 0.416528 0.908977
v 71.7124 94.64 8.12928
vn 0.0163229 0.416378 0.909045
v 71.7742 94.692 8.10438
vn 0.0163198 0.416455 0.90901
v 71.5716 94.7228 8.09389
vn 0.0162115 0.416545 0.90897
v 71.8507 94.948 7.98568
vn 0.0161805 0.4167 0.9089
v 71.7023 94.9366 7.99356
vn 0.0162207 0.416529 0.908978
v 71.8187 95.0373 7.94531
vn 0.0162769 0.416394 0.909038
v 71.6635 95.0109 7.96024
vn 0.0163339 0.416492 0.908992
v 71.5949 94.5886 8.15492
vn 0.0162932 0.416529 0.908976
v 71.4832 94.5784 8.16161
vn 0.0163255 0.416584 0.908951
v 71.4278 94.726 8.09497
vn 0.0162908 0.416561 0.908962
v 71.3998 94.5914 8.15719
vn 0.0163182 0.416536 0.908973
v 71.3068 94.6324 8.14003
vn 0.0161272 0.416589 0.908952
v 71.3524 94.7714 8.07553
vn 0.0162863 0.416513 0.908984
v 71.2419 94.6819 8.11848
vn 0.0164118 0.416408 0.90903
v 71.1843 94.7602 8.08369
vn 0.0162874 0.416608 0.908941
v 71.7735 95.1026 7.91624
vn 0.0163292 0.416537 0.908972
v 71.7115 95.1552 7.89325
vn 0.0163396 0.416538 0.908971
v 71.5948 95.0644 7.93691
vn 0.01629 0.416535 0.908974
v 71.6119 95.2028 7.87322
vn 0.0161106 0.416566 0.908963
v 71.5001 95.0855 7.92898
vn 0.0163328 0.416486 0.908995
v 71.501 95.2196 7.86748
vn 0.0162542 0.416463 0.909007
v 71.4184 95.07 7.9375
vn 0.0160668 0.416393 0.909043
v 71.3725 95.1983 7.87956
vn 0.0162681 0.416474 0.909002
v 71.2759 95.147 7.9048
vn 0.0164141 0.416522 0.908978
v 71.1558 94.8326 8.05099
vn 0.0163536 0.416543 0.908969
v 71.2983 94.8734 8.02972
vn 0.0162865 0.416593 0.908947
v 71.3034 94.9493 7.9949
vn 0.0162596 0.416534 0.908975
v 71.1497 94.9263 8.00819
vn 0.0162976 0.416483 0.908997
v 71.1762 95.0253 7.96234
vn 0.0163047 0.416579 0.908953
v 71.3467 95.0209 7.9613
vn 0.0163434 0.416497 0.90899
v 71.2172 95.0921 7.93098
vn 0.0161749 0.41638 0.909047
v 71.6766 94.7753 7.99861
vn -0.0162737 -0.41649 -0.908995
v 71.7717 94.6669 8.04661
vn -0.0162828 -0.416552 -0.908966
v 71.84 94.7865 7.99058
vn -0.0163371 -0.416515 -0.908982
v 71.7037 94.8978 7.94204
vn -0.0163561 -0.416502 -0.908988
v 71.6801 94.5951 8.08115
vn -0.0161675 -0.416589 -0.908951
v 71.5836 94.7012 8.03425
vn -0.0162266 -0.416569 -0.908959
v 71.8522 94.8962 7.9401
vn -0.0162996 -0.416471 -0.909003
v 71.8254 94.9955 7.89508
vn -0.0163549 -0.416322 -0.90907
v 71.6752 94.9694 7.90973
vn -0.0161075 -0.416591 -0.908951
v 71.5756 94.5585 8.0998
vn -0.0162503 -0.416548 -0.908969
v 71.5019 94.6858 8.04278
vn -0.0160609 -0.416547 -0.908972
v 71.4449 94.556 8.10326
vn -0.0162291 -0.41655 -0.908968
v 71.3305 94.5936 8.08807
vn -0.0162131 -0.416477 -0.909001
v 71.4072 94.7068 8.03485
vn -0.0162902 -0.416504 -0.908988
v 71.2409 94.6557 8.06122
vn -0.0163811 -0.416445 -0.909013
v 71.3188 94.7867 7.99981
vn -0.0163556 -0.41651 -0.908984
v 71.1833 94.7339 8.02643
vn -0.0163897 -0.416477 -0.908998
v 71.7657 95.0824 7.85634
vn -0.016165 -0.416545 -0.908971
v 71.6539 95.1593 7.82308
vn -0.0163403 -0.41657 -0.908957
v 71.6178 95.0249 7.8853
vn -0.0162296 -0.416573 -0.908958
v 71.541 95.0553 7.87277
vn -0.0162237 -0.41657 -0.908959
v 71.5375 95.1913 7.81048
vn -0.0160928 -0.41657 -0.908961
v 71.4374 95.0495 7.87724
vn -0.0163066 -0.416472 -0.909002
v 71.3984 95.1793 7.8185
vn -0.0163574 -0.416467 -0.909004
v 71.2896 95.1312 7.84247
vn -0.0163309 -0.41659 -0.908948
v 71.1548 94.8063 7.99373
vn -0.0161558 -0.41669 -0.908905
v 71.2963 94.879 7.95793
vn -0.0161832 -0.4165 -0.908991
v 71.1477 94.8829 7.95878
vn -0.0162921 -0.416513 -0.908984
v 71.1644 94.9753 7.91613
vn -0.0161696 -0.416422 -0.909028
v 71.3407 94.9862 7.90801
vn -0.0163073 -0.416567 -0.908959
v 71.2114 95.0585 7.87718
vn -0.0162647 -0.416441 -0.909017
v 71.5404 94.3511 6.63903
vn -0.837617 0.486176 -0.249061
v 71.5631 94.3789 6.61706
vn -0.837063 0.487054 -0.249206
v 71.7625 94.3252 6.74999
vn 0.995062 -0.0725083 0.0677784
v 71.7555 94.4206 6.98123
vn 0.857548 -0.458765 0.232693
v 71.7579 94.3308 6.79412
vn 0.791077 -0.551197 0.265289
v 71.7494 94.5036 7.13056
vn 0.95984 0.276028 -0.0501509
v 71.7559 94.3028 6.64067
vn 0.473038 0.812299 -0.341182
v 71.7395 94.4697 7.01543
vn -0.0714054 0.914222 -0.398873
v 71.7297 94.3 6.64094
vn -0.939699 0.296852 -0.169837
v 71.7118 94.4349 6.98946
vn -0.997659 -0.0681854 -0.00523116
v 71.721 94.3067 6.71071
vn -0.984561 -0.171066 0.0371015
v 71.7205 94.3347 6.77915
vn -0.951561 -0.292311 0.0953194
v 71.3775 94.47 6.64776
vn 0.565401 -0.648836 -0.509247
v 71.4103 94.4951 6.65218
vn 0.565673 -0.648553 -0.509306
v 71.7418 94.5921 7.05856
vn 0.546287 0.757506 -0.357428
v 71.631 94.677 7.0692
vn 0.546106 0.757774 -0.357137
v 71.6256 94.6719 7.0503
vn 0.54646 0.757244 -0.357718
v 71.8444 94.4644 6.94471
vn 0.546395 0.757758 -0.35673
v 71.845 94.3817 6.76987
vn 0.545243 0.758347 -0.357239
v 71.5354 94.7276 7.03034
vn 0.546653 0.757157 -0.357608
v 71.444 94.7529 6.9441
vn 0.54709 0.756811 -0.357671
v 71.3798 94.7434 6.82578
vn 0.547242 0.756806 -0.35745
v 71.3654 94.7148 6.74329
vn 0.546881 0.75719 -0.357191
v 71.796 94.37 6.67023
vn 0.546555 0.757527 -0.356974
v 71.7159 94.3873 6.58427
vn 0.546275 0.757847 -0.356724
v 71.7203 94.3949 6.60718
vn 0.546315 0.758131 -0.356058
v 71.6224 94.4309 6.53369
vn 0.546037 0.757758 -0.357276
v 71.5194 94.5014 6.52587
vn 0.546155 0.757648 -0.357329
v 71.3956 94.6299 6.60911
vn 0.546796 0.757634 -0.356377
v 71.4401 94.5735 6.55749
vn 0.546167 0.757704 -0.357193
v 71.381 94.7013 6.73843
vn 0.973511 0.154199 -0.168817
v 71.4088 94.7067 6.84748
vn 0.922249 0.0990846 -0.373684
v 71.4314 94.7402 6.89795
vn 0.849099 0.0824248 -0.521764
v 71.4922 94.7042 6.96978
vn 0.694157 0.106573 -0.711891
v 71.5309 94.7196 7.00652
vn 0.600511 0.133174 -0.788449
v 71.6166 94.6467 7.03801
vn 0.348903 0.265217 -0.898847
v 71.6602 94.6477 7.05174
vn 0.263786 0.321472 -0.909435
v 71.784 94.5392 7.0109
vn 0.0261105 0.526126 -0.850006
v 71.7728 94.5108 6.98866
vn -0.0846297 0.643037 -0.761145
v 71.8225 94.4534 6.91526
vn -0.186422 0.810331 -0.555527
v 71.8412 94.4122 6.82879
vn -0.179138 0.945105 -0.273288
v 71.8113 94.4 6.8124
vn -0.178714 0.955101 -0.236313
v 71.7513 94.3834 6.68522
vn -0.0264482 0.996844 0.0748491
v 71.7654 94.3852 6.65546
vn -0.0134196 0.994996 0.0990136
v 71.6505 94.4256 6.56558
vn 0.288188 0.893763 0.343709
v 71.6658 94.4054 6.60128
vn 0.244962 0.913796 0.323991
v 71.5551 94.4694 6.56761
vn 0.532451 0.74591 0.400144
v 71.5302 94.5016 6.54265
vn 0.674994 0.633535 0.378175
v 71.4342 94.5926 6.58911
vn 0.883485 0.411034 0.224735
v 71.409 94.617 6.65755
vn 0.92405 0.349368 0.155154
v 71.381 94.7013 6.73843
vn 0.9766 0.210342 -0.0448244
v 71.6442 94.78 7.06956
vn 0.405723 0.595272 -0.693571
v 71.6311 94.748 7.07461
vn -0.430924 -0.564639 -0.703909
v 71.6659 94.728 7.07896
vn 0.750866 -0.33567 -0.568794
v 71.629 94.7627 7.09975
vn -0.51285 0.0919535 0.85354
v 71.66 94.7211 7.12711
vn 0.573025 0.165319 0.802691
v 71.6556 94.7754 7.08661
vn 0.60157 0.785568 0.1449
v 71.6337 94.7251 7.11838
vn -0.130386 0.841568 0.524179
v 71.6519 94.6969 7.12237
vn 0.455009 -0.4376 0.775547
v 71.661 94.7021 7.09576
vn 0.215746 -0.185054 -0.958754
v 71.6141 94.6845 7.09585
vn 0.133993 -0.928485 -0.346354
v 71.6967 94.5744 7.13788
vn 0.846975 0.446939 0.287888
v 71.7089 94.5199 7.16567
vn 0.904789 0.261959 0.335759
v 71.6539 94.6436 7.10997
vn 0.710348 0.694912 0.111817
v 71.5991 94.6852 7.08486
vn 0.426066 0.875697 0.227205
v 71.5088 94.7124 7.06723
vn 0.137906 0.972569 0.187325
v 71.4153 94.7057 7.07195
vn -0.177815 0.961354 0.210192
v 71.3454 94.6712 7.09048
vn -0.381588 0.872742 0.304486
v 71.4797 94.7459 7.11598
vn -0.0397619 0.0478905 -0.998061
v 71.3441 94.6876 7.13372
vn -0.390119 0.210548 -0.896368
v 71.2806 94.5991 7.16839
vn -0.814414 0.0998463 -0.57163
v 71.2604 94.5267 7.20894
vn -0.7589 -0.329897 -0.561461
v 71.297 94.4145 7.26078
vn -0.688119 -0.622645 -0.372566
v 71.3569 94.3576 7.28492
vn -0.502507 -0.793866 -0.342437
v 71.5681 94.7341 7.12022
vn 0.102755 -0.142076 -0.984508
v 71.3538 94.3568 7.29466
vn -0.318405 -0.846201 -0.427272
v 71.4856 94.316 7.31418
vn 0.0202052 -0.867096 -0.497731
v 71.7197 94.4903 7.2301
vn 0.843403 -0.215304 -0.492255
v 71.6919 94.6123 7.158
vn 0.712506 0.00725153 -0.701628
v 71.6235 94.6859 7.12319
vn 0.633511 0.369809 -0.679636
v 71.6189 94.3496 7.29637
vn 0.196325 -0.73097 -0.653559
v 71.6743 94.4019 7.26929
vn 0.305509 -0.583645 -0.752345
v 71.3503 94.3435 7.3072
vn -0.125744 -0.613908 -0.779298
v 71.4647 94.3 7.32832
vn -0.0347418 -0.635591 -0.771244
v 71.5726 94.3204 7.31381
vn 0.0910938 -0.614124 -0.783935
v 71.6638 94.3589 7.2978
vn 0.177683 -0.557396 -0.811011
v 71.7225 94.4298 7.26423
vn 0.22893 -0.469269 -0.852864
v 71.7315 94.6006 7.18581
vn 0.216338 -0.317978 -0.923086
v 71.6231 94.7254 7.12823
vn 0.133496 -0.217086 -0.966981
v 71.4738 94.7703 7.11266
vn 0.0106191 -0.172577 -0.984939
v 71.4023 94.7469 7.12146
vn -0.0932537 -0.181699 -0.978923
v 71.2916 94.6907 7.1524
vn -0.187909 -0.229913 -0.954898
v 71.2399 94.6109 7.18991
vn -0.242411 -0.29607 -0.923894
v 71.2283 94.5171 7.23307
vn -0.269446 -0.384198 -0.883057
v 71.264 94.4128 7.28022
vn -0.242504 -0.498021 -0.832566
v 71.3503 94.3435 7.3072
vn -0.178444 -0.583258 -0.792445
v 71.7756 94.3617 6.88703
vn -0.836063 0.517291 -0.182779
v 71.8086 94.4042 6.81709
vn -0.814308 0.580302 -0.0123366
v 71.7637 94.3367 6.81554
vn -0.778854 0.618713 0.102868
v 71.6319 94.3455 6.6325
vn -0.419081 0.619367 0.663895
v 71.6448 94.4152 6.58994
vn -0.241738 0.54937 0.799847
v 71.7407 94.3842 6.67085
vn -0.549326 0.644511 0.531832
v 71.7377 94.3534 6.70232
vn -0.601584 0.651195 0.462646
v 71.5574 94.3643 6.60769
vn 0.0138184 0.419398 0.907697
v 71.5491 94.4742 6.56864
vn 0.206336 0.293193 0.933522
v 71.4683 94.5413 6.58742
vn 0.52494 0.0241229 0.850797
v 71.4023 94.4638 6.63068
vn 0.525553 0.0239907 0.850423
v 71.4735 94.4007 6.60571
vn 0.266731 0.250671 0.930601
v 71.3898 94.6649 6.72967
vn 0.834579 -0.463996 0.29696
v 71.3486 94.6228 6.79244
vn 0.833917 -0.530886 0.150808
v 71.3669 94.5571 6.67964
vn 0.755485 -0.262246 0.600391
v 71.4037 94.5073 6.62934
vn 0.626558 -0.0840341 0.774831
v 71.4142 94.6056 6.6411
vn 0.732166 -0.227226 0.642107
v 71.4208 94.7099 6.8726
vn 0.715639 -0.644482 -0.269265
v 71.3716 94.6522 6.89057
vn 0.735974 -0.637964 -0.226593
v 71.4233 94.6534 6.97207
vn 0.534727 -0.644035 -0.54707
v 71.5026 94.702 6.98097
vn 0.390435 -0.608736 -0.690653
v 71.4862 94.6355 7.02992
vn 0.232098 -0.546971 -0.804334
v 71.6166 94.6467 7.03801
vn -0.0590992 -0.391919 -0.9181
v 71.5974 94.5747 7.06954
vn -0.172924 -0.314878 -0.933247
v 71.6715 94.5176 7.06054
vn -0.427023 -0.114677 -0.89694
v 71.7201 94.569 7.0315
vn -0.525788 -0.0231585 -0.8503
v 71.7161 94.4738 7.03537
vn -0.647568 0.111898 -0.753747
v 71.7756 94.3617 6.88703
vn -0.83536 0.464601 -0.293803
v 71.7866 94.4072 6.92436
vn -0.802629 0.357542 -0.477441
v 71.8167 94.4186 6.86019
vn -0.837114 0.467716 -0.283694
v 71.7992 94.4716 6.94581
vn -0.777558 0.299218 -0.553057
v 71.6923 94.276 6.58308
vn 0.505366 -0.212105 -0.836431
v 71.6566 94.4119 6.54584
vn 0.507778 -0.0022999 -0.861485
v 71.5822 94.2552 6.53799
vn 0.341162 -0.272687 -0.899584
v 71.5538 94.191 6.56081
vn 0.234145 -0.49401 -0.837335
v 71.5381 94.1869 6.55944
vn 0.181024 -0.473215 -0.862147
v 71.7388 94.3792 6.60197
vn 0.698937 -0.0664827 -0.712087
v 71.5381 94.1869 6.55944
vn 0.189224 -0.479831 -0.856713
v 71.6602 94.2161 6.59016
vn 0.407124 -0.462375 -0.787692
v 71.7558 94.3115 6.62738
vn 0.740446 -0.210437 -0.638323
v 71.8195 94.373 6.71252
vn 0.901142 -0.0909536 -0.423876
v 71.7525 94.5219 7.10875
vn 0.715152 0.414655 0.56269
v 71.6927 94.5907 7.11964
vn 0.597614 0.558221 0.57554
v 71.7265 94.2579 6.61785
vn 0.63612 -0.440939 -0.633186
v 71.8545 94.3324 6.82638
vn 0.981801 -0.11871 -0.148236
v 71.8288 94.2892 6.7592
vn 0.912957 -0.242583 -0.328121
v 71.8392 94.413 7.00685
vn 0.942214 0.0848342 0.324092
v 71.7985 94.4713 7.07542
vn 0.8615 0.216192 0.459433
v 71.86 94.3805 6.91704
vn 0.995212 -0.000724509 0.0977364
v 71.7802 94.2026 6.73348
vn 0.791262 -0.468621 -0.39281
v 71.8376 94.3264 7.00513
vn 0.937764 -0.136154 0.319468
v 71.8392 94.2739 6.94952
vn 0.944016 -0.28048 0.17368
v 71.8362 94.2526 6.83014
vn 0.948553 -0.306865 -0.0779872
v 71.6517 94.1431 6.64053
vn 0.46502 -0.573948 -0.674047
v 71.5381 94.1869 6.55944
vn 0.196953 -0.504418 -0.840698
v 71.7676 94.3902 7.13464
vn 0.758566 0.03736 0.650525
v 71.7458 94.4719 7.14145
vn 0.702325 0.206552 0.681231
v 71.6781 94.3927 7.21067
vn 0.637213 0.0559782 0.768652
v 71.7906 94.33 7.09996
vn 0.839113 -0.0764332 0.53856
v 71.796 94.2225 7.02982
vn 0.864432 -0.327749 0.381232
v 71.7975 94.178 6.93782
vn 0.878189 -0.473363 0.0686381
v 71.7722 94.1425 6.82348
vn 0.816744 -0.553746 -0.162154
v 71.7232 94.1321 6.72657
vn 0.654078 -0.604389 -0.454858
v 71.562 94.7095 7.05967
vn 0.31885 0.812749 0.487621
v 71.7364 94.5969 7.06049
vn 0.636213 0.573913 0.515613
v 71.8378 94.4806 6.96899
vn 0.932893 0.243559 0.265312
v 71.8588 94.4126 6.8566
vn 0.997757 0.0313291 -0.0591498
v 71.7681 94.2817 7.11283
vn 0.78117 -0.219584 0.584428
v 71.7279 94.2229 7.12602
vn 0.667424 -0.395951 0.630688
v 71.7929 94.233 7.04729
vn 0.758588 -0.465257 0.456157
v 71.6781 94.3927 7.21067
vn 0.552442 -0.0692283 0.830672
v 71.5863 94.3207 7.24532
vn 0.369718 -0.16499 0.914378
v 71.6577 94.2472 7.1913
vn 0.464704 -0.349837 0.813428
v 71.7507 94.3088 7.14361
vn 0.654777 -0.213254 0.725114
v 71.7416 94.1161 6.96226
vn 0.683925 -0.699172 0.208338
v 71.7971 94.1783 6.9377
vn 0.798097 -0.580409 0.161763
v 71.7722 94.1425 6.82348
vn 0.725783 -0.680444 -0.101171
v 71.7067 94.087 6.79674
vn 0.593022 -0.773263 -0.224477
v 71.7232 94.1321 6.72657
vn 0.576947 -0.700197 -0.420543
v 71.637 94.1473 6.62691
vn 0.39341 -0.684529 -0.613717
v 71.5661 94.0952 6.64981
vn 0.225023 -0.757192 -0.613209
v 71.5363 94.172 6.56913
vn 0.142216 -0.572384 -0.807559
v 71.7023 94.1273 7.06139
vn 0.592893 -0.649657 0.475839
v 71.6801 94.0553 6.90066
vn 0.560902 -0.827583 0.0222493
v 71.6345 94.0511 6.77598
vn 0.412145 -0.865155 -0.285733
v 71.6431 94.1435 7.13167
vn 0.426902 -0.624158 0.654356
v 71.648 94.0584 6.99609
vn 0.441386 -0.846876 0.296614
v 71.6289 94.0818 7.06592
vn 0.387821 -0.790728 0.473649
v 71.543 94.2431 7.23317
vn 0.165084 -0.360382 0.918081
v 71.5797 94.1781 7.19025
vn 0.257086 -0.532535 0.80642
v 71.609 94.0239 6.91249
vn 0.336347 -0.938712 0.0754326
v 71.5381 94.1869 6.55944
vn 0.166265 -0.544733 -0.821962
v 71.5406 94.1041 7.13726
vn 0.160648 -0.725932 0.668741
v 71.5323 94.0093 6.82081
vn 0.146361 -0.979201 -0.140513
v 71.5659 94.0309 6.76047
vn 0.225164 -0.920076 -0.320564
v 71.4852 94.302 7.25457
vn -0.0108331 -0.249934 0.968202
v 71.4901 94.1827 7.20717
vn 0.0183455 -0.501309 0.865074
v 71.5349 94.0515 7.06756
vn 0.0794639 -0.837588 0.540492
v 71.5477 94.0187 6.98115
vn 0.170964 -0.951255 0.256679
v 71.4974 94.0037 6.92512
vn 0.0421375 -0.99281 0.112039
v 71.5031 94.0386 6.71861
vn 0.0552927 -0.900162 -0.432031
v 71.4007 94.228 7.22115
vn -0.2116 -0.399753 0.891865
v 71.447 94.1292 7.16677
vn -0.0914971 -0.659937 0.745729
v 71.4366 94.0294 7.01964
vn -0.116686 -0.926938 0.356609
v 71.4946 94.1068 6.62006
vn 0.0343225 -0.722675 -0.690335
v 71.4212 94.0641 7.08573
vn -0.161698 -0.835697 0.524846
v 71.4093 94.0103 6.84759
vn -0.189606 -0.977402 -0.0934645
v 71.3509 94.1385 7.14433
vn -0.344999 -0.637736 0.688672
v 71.3991 94.0132 6.93732
vn -0.219727 -0.965015 0.143058
v 71.332 94.2734 7.21653
vn -0.392291 -0.283343 0.875114
v 71.346 94.0679 7.05458
vn -0.367252 -0.793682 0.48497
v 71.436 94.0425 6.71849
vn -0.120251 -0.893481 -0.432703
v 71.2935 94.2189 7.17268
vn -0.491637 -0.425635 0.759689
v 71.3315 94.047 6.99075
vn -0.45691 -0.851626 0.256841
v 71.2565 94.1717 7.10798
vn -0.592559 -0.546627 0.591669
v 71.2489 94.1102 7.01113
vn -0.608103 -0.720424 0.333466
v 71.319 94.0385 6.86837
vn -0.454784 -0.890189 -0.0270979
v 71.3606 94.0484 6.74362
vn -0.317035 -0.873171 -0.370218
v 71.2707 94.3733 7.19849
vn -0.565074 -0.0301984 0.824487
v 71.2325 94.2853 7.15341
vn -0.656033 -0.250967 0.711784
v 71.2264 94.1006 6.90789
vn -0.668063 -0.741036 0.0675081
v 71.4012 94.1073 6.63236
vn -0.207287 -0.726147 -0.655547
v 71.161 94.2733 7.06049
vn -0.807938 -0.321523 0.493822
v 71.1822 94.1878 7.01475
vn -0.786594 -0.510948 0.346703
v 71.2202 94.1109 6.82727
vn -0.690662 -0.707279 -0.150809
v 71.3053 94.0816 6.73109
vn -0.467059 -0.788165 -0.400814
v 71.5381 94.1869 6.55944
vn 0.116573 -0.540833 -0.833013
v 71.1956 94.3929 7.13255
vn -0.76007 0.0401386 0.6486
v 71.4287 94.1912 6.55812
vn -0.181006 -0.520568 -0.834413
v 71.1462 94.3575 7.06407
vn -0.85905 -0.0850038 0.504784
v 71.1595 94.1804 6.92481
vn -0.839865 -0.530261 0.115972
v 71.2476 94.1247 6.72853
vn -0.616253 -0.674256 -0.406954
v 71.3403 94.1269 6.63641
vn -0.387656 -0.602347 -0.697783
v 71.1328 94.2586 6.97356
vn -0.916882 -0.320423 0.238025
v 71.1462 94.2053 6.85309
vn -0.881301 -0.465805 -0.0795922
v 71.2477 94.4944 7.16242
vn -0.632009 0.372597 0.679511
v 71.1777 94.1965 6.74834
vn -0.799659 -0.483077 -0.356627
v 71.1873 94.4917 7.09566
vn -0.775666 0.294571 0.558185
v 71.1163 94.3408 6.98242
vn -0.96043 -0.103961 0.258392
v 71.112 94.2918 6.88454
vn -0.974279 -0.225312 0.00385944
v 71.215 94.1974 6.68317
vn -0.700626 -0.484261 -0.524036
v 71.2732 94.1951 6.62506
vn -0.548277 -0.487493 -0.679516
v 71.1417 94.4576 7.03654
vn -0.893646 0.201793 0.400845
v 71.1326 94.2774 6.77502
vn -0.917753 -0.273932 -0.287559
v 71.1143 94.4162 6.97745
vn -0.964155 0.0938792 0.248178
v 71.102 94.4076 6.87914
vn -0.998787 0.0474778 -0.0130278
v 71.1115 94.3502 6.80395
vn -0.977975 -0.0663657 -0.197892
v 71.1773 94.277 6.68073
vn -0.801619 -0.272324 -0.532208
v 71.2324 94.5841 7.0875
vn -0.663207 0.533106 0.525313
v 71.1284 94.5029 6.9476
vn -0.930049 0.330777 0.159982
v 71.1464 94.3646 6.7043
vn -0.879836 -0.0388825 -0.473685
v 71.2144 94.3163 6.62154
vn -0.702508 -0.16969 -0.69115
v 71.2739 94.2831 6.58004
vn -0.548469 -0.257727 -0.795461
v 71.3429 94.2742 6.54697
vn -0.367576 -0.278694 -0.887253
v 71.1776 94.5637 7.02018
vn -0.806165 0.461175 0.370696
v 71.1237 94.4563 6.77577
vn -0.955928 0.195102 -0.2194
v 71.1248 94.5136 6.8845
vn -0.934466 0.356046 0.00221941
v 71.1521 94.4634 6.71061
vn -0.891648 0.155281 -0.425266
v 71.3182 94.6473 7.09847
vn -0.430864 0.729705 0.530931
v 71.1401 94.5322 6.81339
vn -0.897527 0.400348 -0.184842
v 71.1878 94.4352 6.64825
vn -0.77422 0.144882 -0.616111
v 71.2269 94.647 6.97207
vn -0.669172 0.705552 0.233249
v 71.1724 94.6006 6.92346
vn -0.822891 0.564412 0.0654979
v 71.1699 94.5202 6.71665
vn -0.819718 0.371252 -0.43616
v 71.2432 94.3912 6.58564
vn -0.640127 0.048949 -0.766708
v 71.2695 94.6623 7.02523
vn -0.558847 0.741831 0.370643
v 71.1835 94.5956 6.78131
vn -0.725585 0.638489 -0.256628
v 71.3128 94.396 6.54319
vn -0.444041 0.040093 -0.895109
v 71.4534 94.2742 6.51963
vn -0.107503 -0.233701 -0.966347
v 71.2107 94.6477 6.87375
vn -0.719271 0.69447 -0.0189766
v 71.2207 94.5768 6.68769
vn -0.686491 0.507872 -0.520381
v 71.2465 94.5316 6.62736
vn -0.617612 0.400142 -0.677083
v 71.3046 94.4994 6.57039
vn -0.462202 0.316944 -0.8282
v 71.3947 94.375 6.51419
vn -0.228557 -0.0132492 -0.97344
v 71.2846 94.6992 6.82532
vn -0.516475 0.842486 -0.153204
v 71.2777 94.6688 6.74238
vn -0.533899 0.759723 -0.371178
v 71.2799 94.6224 6.67095
vn -0.544505 0.637075 -0.545572
v 71.329 94.7231 6.94036
vn -0.384407 0.913123 0.135786
v 71.3952 94.5153 6.53873
vn -0.249747 0.270313 -0.929816
v 71.4794 94.3521 6.50455
vn -0.00738934 -0.0695089 -0.997554
v 71.3594 94.7128 7.02318
vn -0.315987 0.869648 0.379295
v 71.3764 94.6623 6.64865
vn -0.338571 0.728027 -0.596109
v 71.3633 94.5892 6.58697
vn -0.302693 0.54761 -0.780064
v 71.3859 94.7481 6.84487
vn -0.260236 0.965393 0.0171554
v 71.3677 94.7251 6.76847
vn -0.337357 0.89523 -0.291124
v 71.4632 94.5514 6.54588
vn -0.0843097 0.421018 -0.903126
v 71.4756 94.4672 6.51358
vn -0.0151575 0.223425 -0.974603
v 71.5548 94.3252 6.51499
vn 0.195822 -0.141755 -0.97034
v 71.4829 94.747 6.99117
vn -0.0610427 0.941622 0.331091
v 71.4616 94.714 7.06733
vn -0.0617817 0.886857 0.457895
v 71.588 94.451 6.5238
vn 0.200692 0.108191 -0.973662
v 71.5389 94.2288 6.53954
vn 0.16925 -0.3714 -0.912916
v 71.6144 94.3167 6.53474
vn 0.318018 -0.160819 -0.934346
v 71.3474 94.3347 7.23672
vn -0.361732 -0.136054 0.922301
v 71.5355 94.1882 6.55824
vn 0.137577 -0.508788 -0.849828
v 71.562 94.7095 7.05967
vn 0.163828 0.880372 0.445091
v 71.5417 94.2073 6.54872
vn 0.442282 -0.472483 -0.76233
v 71.6566 94.4119 6.54584
vn 0.385819 0.0713705 -0.91981
v 71.3319 94.3675 7.11272
vn 0.58343 0.0308127 -0.811579
v 71.3559 94.287 7.11295
vn 0.426259 0.27861 -0.860628
v 71.4221 94.3172 7.14389
vn 0.147054 0.233183 -0.96125
v 71.4453 94.2425 7.1214
vn 0.0601832 0.432673 -0.89954
v 71.4753 94.1898 7.08618
vn -0.043682 0.65663 -0.752947
v 71.5505 94.1883 7.06666
vn -0.198683 0.617659 -0.760935
v 71.3972 94.2057 7.08664
vn 0.264126 0.597737 -0.756933
v 71.5638 94.1513 7.00846
vn -0.339374 0.818833 -0.462966
v 71.2583 94.3852 7.03756
vn 0.835697 -0.0440544 -0.547421
v 71.2968 94.2848 7.07201
vn 0.659274 0.280462 -0.697638
v 71.2391 94.3292 7.00985
vn 0.891358 0.098383 -0.442496
v 71.3281 94.2136 7.05603
vn 0.531768 0.562104 -0.633452
v 71.4342 94.1449 7.03107
vn 0.11998 0.835702 -0.535918
v 71.5092 94.1236 6.98411
vn -0.175542 0.920374 -0.349423
v 71.2657 94.25 7.01206
vn 0.784424 0.415945 -0.460074
v 71.3245 94.1799 7.00999
vn 0.535003 0.729642 -0.425903
v 71.2104 94.3604 6.9116
vn 0.99031 0.0693754 -0.120307
v 71.2276 94.2708 6.92042
vn 0.929115 0.335444 -0.155634
v 71.2733 94.1932 6.94269
vn 0.762733 0.63659 -0.113983
v 71.424 94.1153 6.96006
vn 0.160343 0.953153 -0.256493
v 71.3344 94.1437 6.9402
vn 0.498792 0.846956 -0.184046
v 71.2177 94.3211 6.83941
vn 0.948894 0.245927 0.19779
v 71.2626 94.2156 6.83317
vn 0.79705 0.55395 0.240521
v 71.3389 94.144 6.83037
vn 0.495875 0.856912 0.140746
v 71.4056 94.109 6.88894
vn 0.230044 0.972866 0.024743
v 71.2742 94.2453 6.76503
vn 0.704727 0.538229 0.462244
v 71.5465 94.1165 6.90828
vn -0.192957 0.979057 -0.0649223
v 71.5103 94.1111 6.84125
vn -0.0343631 0.981356 0.189102
v 71.3726 94.1673 6.74978
vn 0.303618 0.82524 0.476229
v 71.4018 94.1242 6.81169
vn 0.22182 0.910886 0.347969
v 71.2836 94.6356 6.87741
vn 0.496459 -0.865417 0.067693
v 71.2779 94.6033 6.7852
vn 0.169711 -0.913841 0.368909
v 71.3226 94.6464 6.90591
vn -0.20879 -0.948338 0.238877
v 71.3335 94.6487 6.99378
vn 0.42278 -0.848436 -0.318454
v 71.4169 94.6442 7.04317
vn -0.239513 -0.969544 0.0511683
v 71.4132 94.6323 7.07335
vn 0.13245 -0.846634 -0.515429
v 71.4929 94.6026 7.12122
vn -0.0853266 -0.764715 -0.638694
v 71.5752 94.5602 7.12828
vn -0.495842 -0.77824 -0.385336
v 71.6564 94.4854 7.13371
vn -0.58767 -0.412449 -0.696082
v 71.706 94.4538 7.08148
vn -0.670393 -0.732573 0.11794
v 71.7329 94.4054 7.08844
vn -0.864424 -0.143317 -0.481905
v 71.7934 94.3023 6.9139
vn -0.993294 -0.0964153 -0.0638044
v 71.6161 94.5346 7.10826
vn -0.535875 -0.747145 0.393207
v 71.2616 94.5627 6.80412
vn 0.789204 0.533264 -0.304608
v 71.2601 94.6019 6.82547
vn 0.97682 -0.202517 -0.0693444
v 71.2908 94.6295 6.9356
vn 0.883469 -0.277515 -0.377449
v 71.3303 94.6 6.9936
vn 0.696088 0.539057 -0.474214
v 71.366 94.6304 7.0443
vn 0.651549 -0.334265 -0.680992
v 71.462 94.5628 7.11106
vn 0.569796 0.504923 -0.648371
v 71.4661 94.6002 7.12002
vn 0.351069 -0.30561 -0.885072
v 71.5537 94.5417 7.15042
vn 0.12689 0.0605429 -0.990067
v 71.6292 94.447 7.12523
vn 0.403897 0.70887 -0.578248
v 71.6425 94.4754 7.14241
vn -0.152851 0.169334 -0.973634
v 71.7064 94.4136 7.10878
vn -0.354456 0.354509 -0.865266
v 71.7593 94.3037 6.99478
vn 0.0681504 0.829581 -0.554213
v 71.7521 94.3522 7.0492
vn -0.503483 0.516241 -0.69282
v 71.7685 94.2741 6.92729
vn -0.168132 0.8762 -0.451669
v 71.7886 94.2795 6.92446
vn -0.521477 0.817215 -0.245399
v 71.7423 94.2709 6.9292
vn 0.287473 0.881694 -0.374131
v 71.7489 94.234 6.79263
vn -0.474116 0.879049 0.0498627
v 71.6865 94.2309 6.75431
vn 0.328792 0.919864 -0.213883
v 71.682 94.2319 6.68581
vn -0.276207 0.88642 0.371442
v 71.5969 94.2581 6.61123
vn 0.0169499 0.809064 0.587477
v 71.5378 94.2722 6.61179
vn 0.509903 0.853192 -0.10983
v 71.4964 94.3121 6.572
vn 0.269652 0.643839 0.716072
v 71.3927 94.3723 6.60572
vn 0.637006 0.767111 -0.0759248
v 71.389 94.3933 6.57985
vn 0.606809 0.41969 0.675013
v 71.3116 94.4575 6.66237
vn 0.720009 0.681166 -0.132662
v 71.2984 94.4897 6.64607
vn 0.860364 0.122354 0.494775
v 71.2633 94.5531 6.72681
vn 0.963985 -0.0617101 0.258699
v 71.2616 94.5627 6.80412
vn 0.982114 0.1817 -0.0493755
v 71.7838 94.2689 6.88363
vn -0.946524 0.319202 0.0469378
v 71.7849 94.3148 6.90837
vn -0.790931 -0.520703 0.321398
v 71.7485 94.2437 6.76164
vn -0.862998 0.262462 0.431681
v 71.6942 94.2668 6.67642
vn -0.759252 -0.366529 0.537767
v 71.6816 94.2441 6.66753
vn -0.634312 0.378126 0.674291
v 71.588 94.3068 6.59904
vn -0.569115 -0.357833 0.740313
v 71.5903 94.2728 6.59768
vn -0.365013 0.291742 0.884111
v 71.5008 94.3291 6.56385
vn -0.13416 0.0523238 0.989577
v 71.4396 94.3839 6.56471
vn -0.076562 -0.266828 0.960698
v 71.3407 94.4617 6.60594
vn 0.394377 -0.297952 0.869305
v 71.3681 94.4706 6.60498
vn -0.199519 -0.711067 0.674223
v 71.302 94.548 6.68077
vn 0.0706804 -0.763608 0.6418
v 71.2719 94.5654 6.71883
vn 0.582836 -0.619479 0.525878
v 71.2716 94.6044 6.7848
vn 0.352963 -0.832163 0.427694
v 71.3479 94.9577 7.90467
vn 0.649058 0.0155276 0.760581
v 71.4079 94.7169 8.03018
vn 0.355781 0.850305 0.387817
v 71.3765 94.7618 7.97772
vn 0.538218 0.714553 0.446918
v 71.6234 94.7342 8.01839
vn -0.401721 0.814699 0.418193
v 71.6876 94.8311 7.97287
vn -0.667534 0.448935 0.594016
v 71.6573 94.8136 7.94895
vn -0.657814 0.49358 0.568911
v 71.6063 94.9981 7.88157
vn -0.420817 -0.200547 0.8847
v 71.3571 94.9664 7.90055
vn 0.522486 -0.146467 0.839974
v 71.3377 94.8495 7.93819
vn 0.706639 0.343337 0.618694
v 71.3173 94.8292 7.98036
vn 0.68319 0.45603 0.57034
v 71.478 94.7134 7.99809
vn 0.108655 0.926541 0.36016
v 71.5875 94.7336 7.98683
vn -0.361648 0.83785 0.408922
v 71.541 94.6978 8.03658
vn -0.0381473 0.934117 0.354923
v 71.6717 94.9147 7.9186
vn -0.658245 0.107528 0.745085
v 71.5085 95.0107 7.86128
vn 0.109897 -0.33153 0.937022
v 71.5085 95.048 7.87669
vn 0.155712 -0.313639 0.936688
v 71.6403 94.7761 7.96645
vn -0.874686 0.446521 -0.188532
v 71.6308 94.5342 7.4386
vn -0.878235 0.440894 -0.185243
v 71.6506 94.5748 7.41963
vn -0.959944 0.261154 -0.101518
v 71.6658 94.8421 7.93574
vn -0.975324 0.206866 -0.0771373
v 71.6562 94.6336 7.39258
vn -0.993886 -0.0920374 0.060992
v 71.6618 94.8975 7.91039
vn -0.975902 -0.191029 0.105472
v 71.6446 94.677 7.37293
vn -0.919457 -0.350581 0.17802
v 71.6182 94.7147 7.3561
vn -0.765852 -0.578872 0.279959
v 71.6326 94.9506 7.8866
vn -0.7968 -0.543662 0.263707
v 71.5947 94.9844 7.87181
vn -0.566321 -0.745131 0.352222
v 71.5821 94.745 7.34286
vn -0.545563 -0.757727 0.358065
v 71.5373 94.7633 7.3353
vn -0.280066 -0.87041 0.404907
v 71.4889 94.7704 7.33291
vn 0.0108468 -0.908735 0.417233
v 71.5286 95.0081 7.86214
vn -0.172405 -0.894208 0.41312
v 71.4407 94.763 7.33717
vn 0.301074 -0.868556 0.393657
v 71.4698 95.0094 7.86257
vn 0.182107 -0.894902 0.407415
v 71.4236 94.9953 7.86986
vn 0.459394 -0.810495 0.363394
v 71.3962 94.7444 7.34646
vn 0.564289 -0.753937 0.336387
v 71.3801 94.9652 7.88445
vn 0.723132 -0.632552 0.277412
v 71.3609 94.7139 7.36109
vn 0.779908 -0.573794 0.250008
v 71.3483 94.9245 7.90361
vn 0.908518 -0.385659 0.160817
v 71.3354 94.6759 7.37892
vn 0.927907 -0.344577 0.142323
v 71.3249 94.6325 7.399
vn 0.996083 -0.0855345 0.0224144
v 71.3354 94.8818 7.92347
vn 0.990608 -0.130038 0.0422504
v 71.327 94.588 7.41936
vn 0.978291 0.181693 -0.0996723
v 71.3351 94.8373 7.94385
vn 0.987363 0.136836 -0.0799342
v 71.3447 94.5464 7.43811
vn 0.876655 0.431667 -0.212462
v 71.3506 94.795 7.96296
vn 0.89895 0.392077 -0.195359
v 71.3982 94.7423 7.98622
vn 0.616125 0.712022 -0.336772
v 71.3865 94.5009 7.45823
vn 0.625681 0.705284 -0.333313
v 71.4441 94.4732 7.46987
vn 0.279865 0.871249 -0.403238
v 71.4926 94.4661 7.47226
vn -0.0116805 0.909487 -0.415568
v 71.4574 94.7139 7.99822
vn 0.147696 0.898224 -0.413979
v 71.5385 94.7123 7.99749
vn -0.229852 0.886548 -0.401497
v 71.5408 94.4735 7.468
vn -0.300895 0.869397 -0.391931
v 71.5977 94.5016 7.45414
vn -0.642937 0.700986 -0.308628
v 71.5872 94.7307 7.98819
vn -0.523529 0.778228 -0.346811
v 71.6403 94.7761 7.96645
vn -0.779811 0.57438 -0.248962
v 71.6308 94.5342 7.4386
vn -0.790032 0.562952 -0.242764
v 71.343 94.6891 7.37275
vn 0.481529 0.156916 0.862269
v 71.4891 94.5764 7.3112
vn 0.473524 0.138574 0.869812
v 71.3263 94.6474 7.39217
vn 0.514814 0.242612 0.822257
v 71.3234 94.6177 7.40583
vn 0.528758 0.333588 0.78047
v 71.327 94.588 7.41936
vn 0.522209 0.42983 0.736576
v 71.3369 94.5595 7.43224
vn 0.496903 0.516872 0.697087
v 71.3526 94.5333 7.44399
vn 0.452766 0.599546 0.65996
v 71.3737 94.5103 7.45414
vn 0.391151 0.673422 0.627299
v 71.3993 94.4915 7.46232
vn 0.315902 0.734567 0.600514
v 71.4284 94.4775 7.46819
vn 0.192435 0.794843 0.575493
v 71.4599 94.4689 7.47155
vn 0.0861304 0.820335 0.56536
v 71.4926 94.4661 7.47226
vn -0.0193862 0.824655 0.565303
v 71.5252 94.4692 7.47029
vn -0.114948 0.811559 0.572852
v 71.5564 94.4779 7.46571
vn -0.212411 0.779341 0.5895
v 71.5852 94.4921 7.45871
vn -0.297648 0.732349 0.61243
v 71.6103 94.5111 7.44956
vn -0.372028 0.670158 0.642249
v 71.6308 94.5342 7.4386
vn -0.43271 0.593993 0.678185
v 71.646 94.5605 7.42625
vn -0.472726 0.514519 0.715402
v 71.6552 94.5891 7.413
vn -0.496781 0.422952 0.757839
v 71.658 94.6188 7.39934
vn -0.500717 0.333718 0.798696
v 71.6544 94.6485 7.38581
vn -0.484698 0.241835 0.840586
v 71.6446 94.677 7.37293
vn -0.459554 0.176365 0.870463
v 71.6288 94.7032 7.36118
vn -0.425241 0.114493 0.897809
v 71.6077 94.7262 7.35103
vn -0.364528 0.0412924 0.930277
v 71.5821 94.745 7.34286
vn -0.288142 -0.0208276 0.957361
v 71.553 94.759 7.33698
vn -0.201154 -0.0676053 0.977224
v 71.5215 94.7675 7.33362
vn -0.106197 -0.0980514 0.989499
v 71.4889 94.7704 7.33291
vn -0.00558187 -0.111232 0.993779
v 71.4563 94.7673 7.33489
vn 0.0951995 -0.106474 0.989748
v 71.425 94.7586 7.33946
vn 0.192365 -0.0839508 0.977726
v 71.3962 94.7444 7.34646
vn 0.315215 -0.0249596 0.948692
v 71.3609 94.7139 7.36109
vn 0.399546 0.043424 0.915684
v 71.4891 94.5764 7.3112
vn 0.416265 0.0590306 0.907325
v 71.7073 94.4373 7.2092
vn 0.480165 -0.503214 -0.718483
v 71.7177 94.4608 7.22663
vn 0.888433 -0.194363 0.415824
v 71.7131 94.52 7.18127
vn -0.338159 0.940081 0.0435483
v 71.7316 94.5221 7.13488
vn 0.0252614 0.982782 -0.183031
v 71.7253 94.5209 7.19153
vn -0.189998 0.903888 0.38326
v 71.711 94.5111 7.21021
vn -0.28074 0.885851 0.369396
v 71.7079 94.4679 7.18707
vn 0.0197404 -0.691376 -0.722225
v 71.7303 94.472 7.19669
vn 0.821103 -0.565645 -0.0763919
v 71.7262 94.495 7.2126
vn 0.709877 0.331356 0.621512
v 71.7441 94.4891 7.16279
vn 0.743022 -0.657528 0.124799
v 71.7377 94.5162 7.15823
vn 0.782804 0.609712 0.124373
v 71.7554 94.5136 7.11347
vn 0.644969 -0.728979 0.229356
v 71.7465 94.4735 7.00974
vn 0.550455 -0.794263 0.257189
v 71.7768 94.4618 6.97322
vn -0.451796 -0.811434 0.370749
v 71.8008 94.4799 7.06763
vn -0.726373 -0.610862 0.315009
v 71.7778 94.4619 7.10848
vn -0.0364793 0.927936 -0.37095
v 71.7807 94.3929 6.92186
vn -0.871413 0.478113 -0.109761
v 71.7559 94.4176 7.00657
vn 0.232113 0.89406 -0.383118
v 71.7723 94.35 6.7889
vn -0.916509 0.393961 -0.0693265
v 71.751 94.3089 6.62664
vn -0.92471 -0.313044 0.216598
v 71.7525 94.3583 6.71703
vn -0.603629 -0.718382 0.345774
v 71.738 94.2699 6.63941
vn -0.349021 0.881868 -0.317007
v 71.7072 94.3025 6.69109
vn 0.637703 0.692782 -0.336731
v 71.7011 94.2615 6.59516
vn 0.696663 0.642033 -0.320085
v 71.6974 94.292 6.58173
vn 0.52668 -0.804476 0.27464
v 71.7106 94.3387 6.68802
vn 0.758002 -0.627123 0.179305
v 71.7113 94.7418 8.00253
vn 0.555801 -0.110114 0.82399
v 71.6189 94.6684 8.0378
vn 0.347234 -0.267897 0.898699
v 71.5061 94.6417 8.05209
vn 0.0198908 -0.342175 0.939426
v 71.4271 94.6387 8.04403
vn -0.186047 -0.314909 0.930709
v 71.3509 94.6868 8.03417
vn -0.380463 -0.230294 0.895663
v 71.2833 94.7595 8.00207
vn -0.601408 -0.0101456 0.798877
v 71.2453 94.9017 7.92675
vn -0.687015 0.353616 0.634796
v 71.2899 94.9784 7.91248
vn -0.605768 0.606275 0.515244
v 71.3458 95.0479 7.8688
vn -0.439551 0.787643 0.431756
v 71.4383 95.0897 7.84798
vn -0.133324 0.922233 0.36292
v 71.5567 95.0857 7.84774
vn 0.171459 0.915712 0.36342
v 71.6441 95.058 7.84803
vn 0.40229 0.823123 0.400789
v 71.7161 94.9803 7.89315
vn 0.618761 0.613705 0.490409
v 71.749 94.8869 7.93536
vn 0.712117 0.348785 0.609293
v 71.7395 94.7963 7.97703
vn 0.689803 0.115636 0.714703
v 71.7113 94.7418 8.00253
vn 0.627014 -0.0238172 0.778644
v 71.7199 94.2844 6.92344
vn -0.833239 0.535079 -0.139291
v 71.7018 94.2558 6.8351
vn -0.780632 0.615088 0.110814
v 71.5933 94.0985 6.94178
vn -0.804688 0.593066 0.0273789
v 71.6016 94.1203 7.00073
vn -0.833239 0.535076 -0.139307
v 71.5464 94.0833 6.83782
vn -0.624599 0.652529 0.429048
v 71.6597 94.2466 6.7512
vn -0.605109 0.651837 0.457113
v 71.5948 94.2621 6.6846
vn -0.358511 0.596829 0.71782
v 71.485 94.0944 6.76718
vn -0.38428 0.605454 0.696961
v 71.4089 94.1284 6.72291
vn -0.0701445 0.466245 0.88187
v 71.5008 94.3067 6.63566
vn 0.00491061 0.423422 0.905919
v 71.4314 94.3543 6.63038
vn 0.309025 0.213805 0.92671
v 71.3132 94.1903 6.70768
vn 0.26563 0.247483 0.931769
v 71.3701 94.4082 6.65088
vn 0.518 0.029205 0.854882
v 71.2459 94.251 6.73371
vn 0.557861 -0.0111713 0.829859
v 71.3199 94.4688 6.70282
vn 0.730563 -0.2225 0.645578
v 71.1888 94.3242 6.80166
vn 0.768905 -0.284594 0.57253
v 71.292 94.5366 6.80391
vn 0.837351 -0.484702 0.252798
v 71.1728 94.3685 6.87142
vn 0.835856 -0.466425 0.289469
v 71.3279 94.5793 6.94928
vn 0.742652 -0.63529 -0.211837
v 71.18 94.4 6.9492
vn 0.810705 -0.585453 -0.00139067
v 71.2157 94.4148 7.03521
vn 0.668784 -0.651157 -0.358779
v 71.3845 94.5738 7.02446
vn 0.473586 -0.630875 -0.614584
v 71.3131 94.3944 7.14095
vn 0.289109 -0.57053 -0.768708
v 71.4738 94.5396 7.08849
vn 0.121614 -0.4934 -0.861259
v 71.3909 94.3559 7.17802
vn -0.0162876 -0.416599 -0.908944
v 71.5443 94.4973 7.10661
vn -0.142457 -0.335931 -0.931051
v 71.4601 94.3083 7.1833
vn -0.309052 -0.213786 -0.926705
v 71.6105 94.4459 7.0989
vn -0.402862 -0.135951 -0.905108
v 71.5215 94.2544 7.16281
vn -0.518034 -0.0292314 -0.85486
v 71.6807 94.3709 7.04701
vn -0.687803 0.162423 -0.707493
v 71.5717 94.1938 7.11086
vn -0.730522 0.222446 -0.645643
v 71.7136 94.3149 6.97865
vn -0.815705 0.384712 -0.431997
v 71.6016 94.1203 7.00073
vn -0.833021 0.447116 -0.325827
v 71.7199 94.2844 6.92344
vn -0.835929 0.466748 -0.288737
v 71.4867 94.7995 7.062
vn 0.0791912 0.696652 -0.713025
v 71.6247 94.7726 7.05936
vn 0.0665668 0.217929 -0.973692
v 71.6224 94.749 7.07808
vn -0.0428926 -0.994288 -0.0977322
v 71.4855 94.7674 7.05457
vn 0.0173568 -0.537733 -0.842937
v 71.4836 94.7657 7.08789
vn -0.0795369 -0.620046 0.780524
v 71.6223 94.7705 7.09916
vn -0.0578407 -0.0358598 0.997682
v 71.6247 94.7934 7.07679
vn 0.0509792 0.998245 -0.0301197
v 71.4851 94.7952 7.08521
vn 0.031758 0.977519 0.208442
v 71.2809 94.9958 7.88301
vn -0.806477 0.542831 -0.234371
v 71.2681 94.6663 7.16399
vn -0.795951 0.555591 -0.240376
v 71.3248 95.0411 7.86146
vn -0.671878 0.677807 -0.298594
v 71.3265 94.7227 7.1371
vn -0.618652 0.71838 -0.31812
v 71.3945 95.0816 7.84164
vn -0.404088 0.834302 -0.375038
v 71.3792 94.7518 7.12282
vn -0.41116 0.831479 -0.373618
v 71.4771 95.1004 7.83156
vn -0.0899857 0.906022 -0.413554
v 71.4335 94.7677 7.1146
vn -0.202506 0.891637 -0.404938
v 71.507 94.7709 7.11179
vn 0.0742297 0.906097 -0.416508
v 71.5552 95.0958 7.83229
vn 0.216673 0.886021 -0.409903
v 71.6224 95.0734 7.84133
vn 0.471019 0.798714 -0.37443
v 71.6178 94.7397 7.1241
vn 0.420875 0.821783 -0.384106
v 71.6697 95.0439 7.854
vn 0.641617 0.692909 -0.328946
v 71.664 94.7087 7.13751
vn 0.682713 0.659578 -0.31442
v 71.7113 95.0021 7.87242
vn 0.809141 0.528604 -0.256648
v 71.7016 94.6693 7.15487
vn 0.819931 0.514746 -0.250498
v 71.7466 94.9407 7.89995
vn 0.944432 0.29209 -0.150773
v 71.7325 94.6154 7.17902
vn 0.937236 0.310327 -0.159017
v 71.7603 94.8619 7.9358
vn 0.999866 -0.00514812 -0.0155247
v 71.7475 94.5454 7.21084
vn 0.998586 0.0392446 -0.0358508
v 71.7495 94.7915 7.96826
vn 0.926241 -0.348675 0.143187
v 71.7352 94.4601 7.25012
vn 0.950661 -0.288128 0.115007
v 71.7007 94.3968 7.27975
vn 0.823008 -0.521829 0.224391
v 71.7018 94.7124 8.00537
vn 0.765718 -0.589783 0.256578
v 71.6642 94.3584 7.29799
vn 0.643223 -0.700375 0.309418
v 71.646 94.6658 8.02771
vn 0.594449 -0.734999 0.326201
v 71.6025 94.3212 7.31618
vn 0.449167 -0.815277 0.365475
v 71.595 94.6426 8.03923
vn 0.356704 -0.851687 0.383916
v 71.5135 94.298 7.32839
vn 0.14981 -0.899881 0.409598
v 71.5042 94.6274 8.04784
vn 0.0111255 -0.909101 0.416428
v 71.4023 94.3069 7.3263
vn -0.320225 -0.859079 0.399297
v 71.4266 94.6372 8.04473
vn -0.283729 -0.869771 0.403727
v 71.338 94.6791 8.02713
vn -0.553824 -0.75313 0.355069
v 71.2792 94.3866 7.29197
vn -0.775822 -0.568249 0.274214
v 71.2973 94.7158 8.011
vn -0.774863 -0.56927 0.274805
v 71.2664 94.7598 7.99144
vn -0.892849 -0.403114 0.200797
v 71.2334 94.4793 7.25032
vn -0.981445 -0.167072 0.094084
v 71.2475 94.8043 7.97134
vn -0.977124 -0.186131 0.102875
v 71.2394 94.8732 7.93994
vn -0.999605 0.0276159 0.00528104
v 71.2281 94.5635 7.21181
vn -0.992376 0.117795 -0.0362626
v 71.2467 94.9247 7.91621
vn -0.956765 0.270538 -0.106815
v 71.2415 94.6171 7.18705
vn -0.938005 0.321168 -0.130371
v 71.2809 94.9958 7.88301
vn -0.874519 0.446654 -0.18899
v 71.2681 94.6663 7.16399
vn -0.86416 0.463141 -0.196793
v 71.484 94.7648 7.07969
vn -0.996766 0.0518533 -0.0613937
v 71.4863 94.7936 7.06469
vn -0.997435 0.0464484 -0.05446
v 71.5527 94.4909 7.10564
vn 0.546496 0.757952 -0.356161
v 71.5069 94.5317 7.12235
vn 0.546386 0.757641 -0.356992
v 71.6081 94.4608 7.12673
vn 0.546447 0.75791 -0.356326
v 71.6838 94.3856 7.08299
vn 0.546664 0.757578 -0.356699
v 71.7337 94.3063 6.99116
vn 0.546787 0.757349 -0.356996
v 71.7246 94.2462 6.84968
vn 0.546558 0.757656 -0.356695
v 71.3816 94.5811 7.03542
vn 0.545929 0.758273 -0.356346
v 71.3078 94.583 6.92664
vn 0.545748 0.758289 -0.356591
v 71.2717 94.5696 6.84287
vn 0.547009 0.756916 -0.357574
v 71.6309 94.2389 6.69075
vn 0.545767 0.758158 -0.356841
v 71.5785 94.2682 6.67273
vn 0.546336 0.758156 -0.355973
v 71.4983 94.2978 6.6127
vn 0.546502 0.758306 -0.355397
v 71.3605 94.4051 6.62956
vn 0.546345 0.757807 -0.356701
v 71.2814 94.5111 6.73358
vn 0.546412 0.757653 -0.356925
v 71.3653 94.4933 6.63655
vn -0.545369 -0.757947 0.357895
v 71.3157 94.5614 6.7054
vn -0.547174 -0.757444 0.3562
v 71.4397 94.4152 6.5848
vn -0.546369 -0.757616 0.357069
v 71.3116 94.6231 6.82994
vn -0.546342 -0.757399 0.357571
v 71.5481 94.3408 6.59276
vn -0.546106 -0.758122 0.356397
v 71.5478 94.351 6.61393
vn -0.546497 -0.75709 0.357988
v 71.6225 94.3029 6.62626
vn -0.547279 -0.756061 0.358967
v 71.343 94.6471 6.92912
vn -0.545404 -0.758872 0.355877
v 71.3993 94.644 7.00842
vn -0.545731 -0.758955 0.355198
v 71.4778 94.6157 7.06884
vn -0.545736 -0.758874 0.355362
v 71.6191 94.5309 7.10506
vn -0.546112 -0.758211 0.3562
v 71.5406 94.5834 7.09611
vn -0.546011 -0.758082 0.356629
v 71.6635 94.2887 6.65884
vn -0.548921 -0.75299 0.362893
v 71.6987 94.2815 6.69732
vn -0.555782 -0.746936 0.364955
v 71.719 94.2797 6.72461
vn -0.543365 -0.760704 0.355084
v 71.736 94.28 6.75129
vn -0.551322 -0.751248 0.362864
v 71.7567 94.2862 6.796
vn -0.553101 -0.751955 0.35867
v 71.7699 94.2983 6.842
vn -0.554037 -0.752921 0.355179
v 71.7765 94.3094 6.87566
vn -0.547648 -0.756473 0.357534
v 71.7788 94.326 6.91437
vn -0.536982 -0.763005 0.359825
v 71.7298 94.4259 7.0515
vn -0.545202 -0.758611 0.35674
v 71.6862 94.4741 7.08689
vn -0.545434 -0.757441 0.358865
v 71.7733 94.3526 6.96233
vn -0.54196 -0.759546 0.35968
v 71.7565 94.3862 7.00801
vn -0.555335 -0.754413 0.349948
v 71.5238 94.1116 6.86301
vn 0.546989 0.757267 -0.356861
v 71.5674 94.0853 6.87413
vn 0.546512 0.757487 -0.357125
v 71.4836 94.0965 6.76962
vn 0.546395 0.757722 -0.356805
v 71.56 94.1291 6.9557
vn 0.546439 0.75763 -0.356934
v 71.5996 94.1261 7.00977
vn 0.546139 0.757864 -0.356896
v 71.4405 94.1329 6.78102
vn 0.545995 0.757915 -0.357006
v 71.3478 94.1665 6.71032
vn 0.546435 0.757545 -0.357119
v 71.5432 94.1953 7.0705
vn 0.546034 0.75772 -0.357362
v 71.5717 94.1938 7.11086
vn 0.545796 0.757874 -0.357398
v 71.4991 94.2749 7.17208
vn 0.546852 0.757483 -0.356613
v 71.4674 94.2822 7.13875
vn 0.546714 0.75756 -0.35666
v 71.3908 94.3544 7.17485
vn 0.546209 0.757575 -0.357401
v 71.3739 94.3469 7.13324
vn 0.546012 0.757494 -0.357874
v 71.3059 94.2164 6.75222
vn 0.546345 0.757523 -0.357305
v 71.2459 94.251 6.73371
vn 0.546239 0.757816 -0.356845
v 71.2301 94.3033 6.82048
vn 0.546574 0.757678 -0.356625
v 71.1888 94.3242 6.80166
vn 0.546349 0.757802 -0.356705
v 71.1737 94.3725 6.88121
vn 0.546205 0.75771 -0.35712
v 71.2133 94.3694 6.93526
vn 0.546357 0.757619 -0.357082
v 71.2662 94.4097 7.10176
vn 0.546383 0.757646 -0.356985
v 71.2495 94.387 7.02797
vn 0.546519 0.757572 -0.356933
v 71.1971 94.4106 6.99779
vn 0.54666 0.757425 -0.35703
v 71.4082 94.507 6.63471
vn 0.604072 0.73753 -0.301906
v 71.3669 94.5737 6.71871
vn 0.67465 0.662005 -0.326493
v 71.4113 94.4867 6.66396
vn 0.77452 -0.0179601 0.632295
v 71.3599 94.5426 6.75422
vn 0.567716 -0.656333 0.496915
v 71.3749 94.4695 6.64553
vn -0.727698 -0.679513 0.0933741
v 71.3293 94.5432 6.74752
vn -0.684515 -0.691335 0.231291
v 71.3223 94.5526 6.71385
vn -0.968057 -0.0848224 -0.235946
v 71.3492 94.6252 6.7984
vn 0.435126 0.819224 -0.373548
v 71.3149 94.6074 6.82022
vn -0.995396 0.0509186 0.08121
v 71.3776 94.6259 6.8527
vn 0.823194 0.431997 -0.368416
v 71.3333 94.6209 6.89547
vn -0.884703 -0.03461 0.464869
v 71.3731 94.6018 6.91618
vn 0.173714 -0.976917 0.124324
v 71.4466 94.6464 6.9928
vn 0.62081 0.661433 -0.420835
v 71.4368 94.6066 6.97009
vn 0.508019 -0.600788 -0.617229
v 71.4749 94.5769 7.04417
vn -0.472558 -0.874151 0.112021
v 71.4225 94.6236 7.02368
vn -0.675479 0.0592448 0.734995
v 71.52 94.5811 7.02668
vn 0.255118 -0.313305 -0.914743
v 71.5078 94.5909 7.07903
vn -0.38634 0.0346569 0.921705
v 71.6477 94.5383 7.06853
vn 0.550828 0.774102 -0.312017
v 71.6342 94.5267 7.04579
vn 0.226758 0.28767 -0.930498
v 71.615 94.501 7.05488
vn -0.449683 -0.577408 -0.681458
v 71.6172 94.4959 7.08901
vn -0.184691 -0.329542 0.9259
v 71.6436 94.5353 7.05898
vn 0.419854 0.689409 -0.590286
v 71.6947 94.4709 7.0205
vn 0.0579441 0.596997 -0.800148
v 71.6142 94.4998 7.05543
vn -0.643366 -0.56024 -0.521739
v 71.6977 94.4222 6.99649
vn -0.869924 -0.0531206 -0.490317
v 71.6172 94.4959 7.08901
vn -0.240395 -0.524405 0.816829
v 71.7034 94.4388 7.06016
vn 0.219321 -0.467907 0.856131
v 71.7146 94.3865 7.00825
vn -0.50573 -0.748624 0.428718
v 71.7554 94.3691 6.98845
vn 0.292819 -0.747096 0.596745
v 71.7274 94.3461 6.89161
vn -0.994255 0.102668 -0.0302611
v 71.7397 94.3065 6.87688
vn -0.705006 -0.573083 0.417784
v 71.7654 94.306 6.86996
vn 0.407041 -0.856725 0.316765
v 71.6936 94.3313 6.74176
vn -0.295236 0.938633 0.178337
v 71.7201 94.2797 6.76039
vn 0.0886768 -0.996042 0.00601746
v 71.6094 94.2985 6.65947
vn -0.666865 -0.628187 0.400839
v 71.7115 94.3192 6.70471
vn 0.698099 0.533059 -0.478023
v 71.6166 94.3303 6.68135
vn -0.487379 0.34363 0.802733
v 71.6431 94.2928 6.65466
vn 0.027315 -0.913168 -0.406667
v 71.5669 94.3775 6.60145
vn 0.537618 0.789118 -0.297087
v 71.5592 94.3802 6.63267
vn -0.0270567 0.632404 0.774166
v 71.5391 94.3365 6.61454
vn -0.514884 -0.854586 0.0676587
v 71.7047 94.3073 6.6884
vn 0.789307 0.163306 -0.591883
v 71.742 94.2747 6.65248
vn 0.0335569 -0.402146 -0.91496
v 71.7503 94.3027 6.6405
vn 0.0326998 -0.401667 -0.915202
v 71.7605 94.4145 6.98761
vn 0.874454 0.4738 0.104133
v 71.77 94.3759 6.90921
vn 0.360316 0.828652 -0.42838
v 71.7644 94.3765 6.90838
vn 0.353771 0.849097 -0.392276
v 71.7579 94.3308 6.79412
vn 0.506924 0.781552 -0.363599
v 71.6152 94.6765 7.11132
vn 0.639098 0.686178 -0.347439
v 71.6445 94.6521 7.12151
vn 0.734231 0.647011 -0.205626
v 71.669 94.6235 7.13419
vn 0.835631 0.487986 -0.252173
v 71.6881 94.589 7.15012
vn 0.923829 0.33905 -0.177722
v 71.6979 94.5604 7.16305
vn 0.975134 0.200442 -0.0945323
v 71.7021 94.5365 7.17392
vn 0.994348 0.0778617 -0.0721834
v 71.7032 94.5166 7.18303
vn 0.999127 0.0411091 -0.00739519
v 71.4412 94.278 6.51814
vn -0.0153886 -0.415474 -0.909475
v 71.4139 94.2107 6.54942
vn -0.0172432 -0.417216 -0.908644
v 71.4885 94.1664 6.5684
vn -0.0161613 -0.4171 -0.908717
v 71.5341 94.2545 6.52722
vn -0.0148779 -0.416811 -0.908871
v 71.7679 94.2795 6.65131
vn 0.0143163 -0.400711 -0.916093
v 71.7674 94.2916 6.64602
vn 0.0313937 -0.402847 -0.914729
v 71.7687 94.2827 6.652
vn 0.996888 -0.0703712 0.0355267
v 71.7674 94.2916 6.64602
vn 0.960538 0.268441 -0.0728409
v 71.6012 94.3314 7.24305
vn 0.346603 -0.251077 0.903785
v 71.6345 94.3602 7.2351
vn 0.454804 -0.235848 0.858795
v 71.5352 94.3059 7.2542
vn 0.152478 -0.256019 0.95457
v 71.6687 94.391 7.21726
vn 0.635936 -0.141115 0.758731
v 71.6954 94.4363 7.19731
vn 0.744826 -0.0114022 0.667161
v 71.7136 94.4803 7.16988
vn 0.768424 0.116381 0.62927
v 71.6369 94.356 7.2326
vn 0.543405 -0.181878 0.819531
v 71.2895 94.5997 7.14847
vn -0.898216 0.428479 -0.0980507
v 71.2788 94.5727 7.16156
vn -0.960663 0.274651 -0.041141
v 71.271 94.5231 7.18496
vn -0.998286 0.0524983 0.0258481
v 71.3052 94.6264 7.13618
vn -0.863126 0.483286 -0.146451
v 71.3195 94.6438 7.12891
vn -0.767432 0.607567 -0.204719
v 71.3051 94.6258 7.13472
vn -0.816252 0.550927 -0.173817
v 71.2803 94.4618 7.21661
vn -0.945367 -0.306667 0.110623
v 71.2705 94.5295 7.18531
vn -0.998667 0.0215556 -0.046895
v 71.275 94.4788 7.20726
vn -0.991407 -0.122167 0.0467578
v 71.2748 94.5601 7.1712
vn -0.979715 0.171924 -0.102957
v 71.2856 94.5929 7.15598
vn -0.937443 0.32606 -0.122007
v 71.3098 94.6333 7.13704
vn -0.821906 0.45402 -0.344001
v 71.3305 94.6555 7.12462
vn -0.686082 0.685727 -0.243043
v 71.4379 94.733 7.11407
vn 0.0388181 0.308654 0.950382
v 71.3411 94.6705 7.12612
vn 0.55604 -0.325604 0.764723
v 71.273 94.6315 7.15251
vn 0.398262 0.334984 0.853917
v 71.2608 94.445 7.23533
vn 0.387358 0.544602 0.743883
v 71.3515 94.3487 7.27775
vn -0.228529 0.184414 0.955911
v 71.6075 94.7215 7.1151
vn 0.315961 0.923248 0.218588
v 71.3931 94.7379 7.0988
vn -0.300699 0.942231 0.147583
v 71.2403 94.5921 7.15293
vn -0.906162 0.39059 0.162206
v 71.2308 94.4945 7.18962
vn -0.991669 -0.0812983 0.0999158
v 71.2761 94.3865 7.2413
vn -0.792811 -0.459249 0.400676
v 71.4397 94.2987 7.28789
vn -0.154635 -0.748301 0.645084
v 71.5573 94.3197 7.29281
vn 0.11549 -0.183367 0.976237
v 71.5216 94.7534 7.08857
vn 0.150554 0.966261 -0.20898
v 71.2913 94.6733 7.11022
vn -0.743835 0.588187 -0.317405
v 71.3452 94.3261 7.26788
vn -0.529171 -0.74171 0.412122
v 71.6738 94.3874 7.26545
vn 0.755803 -0.365357 0.543393
v 71.5583 94.3034 7.27691
vn 0.239421 -0.946071 -0.218235
v 71.6239 94.3377 7.25694
vn 0.476421 -0.807377 -0.348088
v 71.4581 94.7421 7.07185
vn -0.0376254 0.4797 -0.876626
v 71.3491 94.7077 7.08228
vn -0.374049 0.330442 -0.866542
v 71.4312 94.295 7.26662
vn -0.156 -0.923323 -0.35091
v 71.6026 94.6993 7.08901
vn 0.16706 -0.00558634 -0.985931
v 71.2749 94.6237 7.1115
vn -0.340248 -0.263281 -0.902726
v 71.2909 94.3758 7.22268
vn -0.517652 -0.654003 -0.55165
v 71.7137 94.4378 7.21671
vn 0.873167 -0.487167 -0.0157333
v 71.2424 94.4991 7.16319
vn -0.436222 -0.380763 -0.81531
v 71.4571 94.712 7.0774
vn 0.0761647 -0.781294 -0.619499
v 71.5689 94.5487 7.14965
vn -0.0143312 -0.413998 -0.910165
v 71.4876 94.5922 7.13122
vn -0.0156117 -0.415393 -0.909508
v 71.3611 95.051 7.87794
vn 0.016361 0.416392 0.909038
v 71.4499 95.0401 7.88137
vn 0.0162919 0.416622 0.908934
v 71.4792 95.088 7.85887
vn 0.016164 0.416608 0.908943
v 71.3362 94.9657 7.91747
vn 0.0161277 0.416552 0.908969
v 71.2798 94.9568 7.92257
vn 0.0163122 0.416766 0.908867
v 71.5767 95.0345 7.88162
vn 0.016257 0.416511 0.908985
v 71.5965 95.0722 7.86404
vn 0.0161656 0.416388 0.909043
v 71.3143 94.8408 7.97507
vn 0.0162456 0.41652 0.908982
v 71.262 94.8503 7.97167
vn 0.0162882 0.416521 0.90898
v 71.3016 94.7527 8.0157
vn 0.0161764 0.416283 0.909091
v 71.3899 94.7257 8.0265
vn 0.0162987 0.416441 0.909017
v 71.4412 94.6648 8.05345
vn 0.0160369 0.416436 0.909024
v 71.6883 95.0062 7.89263
vn 0.0163837 0.416524 0.908977
v 71.6477 94.9897 7.90091
vn 0.016375 0.416501 0.908988
v 71.6966 94.8823 7.94926
vn 0.0163826 0.416564 0.908959
v 71.7395 94.8839 7.94771
vn 0.0164421 0.416506 0.908984
v 71.6739 94.7923 7.99087
vn 0.0163983 0.416479 0.908998
v 71.6937 94.7463 8.01159
vn 0.0164831 0.416613 0.908935
v 71.5451 94.6982 8.03631
vn 0.0162954 0.416504 0.908988
v 71.5836 94.6678 8.04956
vn 0.0163675 0.416444 0.909014
v 71.9344 111.546 45.5163
vn -0.377288 -0.377631 0.845605
v 71.7818 111.678 45.4759
vn -0.189265 0.148576 0.97062
v 71.7612 111.65 45.4582
vn -0.551665 -0.449915 0.702312
v 72.0911 111.517 45.5405
vn -0.0570457 0.0571693 0.996733
v 72.0725 111.492 45.5208
vn -0.151805 -0.730985 0.665294
v 72.2582 111.494 45.5243
vn 0.157654 -0.692574 0.703908
v 72.2682 111.541 45.5334
vn 0.0616267 0.186878 0.980448
v 72.3486 111.536 45.5271
vn 0.316645 -0.330993 0.888921
v 72.5312 111.626 45.4779
vn 0.494408 -0.209671 0.843563
v 72.6366 111.768 45.4135
vn 0.518183 0.0641948 0.852857
v 72.6958 111.852 45.3524
vn 0.901446 -0.0641785 0.428107
v 72.6729 111.905 45.3594
vn 0.249821 0.358289 0.899566
v 72.6893 112.004 45.3101
vn 0.430175 0.380131 0.81881
v 72.7137 112.019 45.2697
vn 0.948032 0.197114 0.249763
v 72.6834 112.154 45.211
vn 0.86953 0.462907 0.172146
v 72.6517 112.169 45.2358
vn 0.384973 0.539848 0.748572
v 72.5681 112.319 45.1598
vn 0.551467 0.721577 0.418581
v 72.4549 112.404 45.0962
vn 0.494141 0.867147 0.0622992
v 72.3963 112.431 45.1164
vn 0.200573 0.719644 0.664742
v 72.2475 112.476 45.0867
vn 0.122316 0.975112 0.184921
v 72.1285 112.468 45.1081
vn -0.0198505 0.764532 0.64428
v 72.0608 112.471 45.0724
vn -0.182089 0.957986 -0.221598
v 71.985 112.456 45.1003
vn -0.33056 0.912058 0.242653
v 71.9748 112.434 45.1282
vn -0.077925 0.62351 0.777922
v 71.8052 112.356 45.1514
vn -0.46551 0.779286 0.419539
v 71.6767 112.204 45.2215
vn -0.670232 0.619418 0.408792
v 71.703 112.187 45.2486
vn -0.271299 0.516811 0.811975
v 71.6408 112.117 45.25
vn -0.891172 0.374965 0.255369
v 71.6211 112.001 45.3035
vn -0.923892 0.171756 0.341942
v 71.6598 111.998 45.3356
vn -0.281302 0.38901 0.877235
v 71.6353 111.884 45.3568
vn -0.895042 -0.015412 0.445716
v 71.6595 111.828 45.3964
vn -0.658114 0.00418016 0.752907
v 71.769 111.665 45.4737
vn -0.384697 0.136209 0.912938
v 72.4559 111.553 45.4818
vn 0.499606 -0.514384 0.696995
v 72.6053 111.675 45.4232
vn 0.71694 -0.344941 0.605816
v 72.6068 112.277 45.1476
vn 0.753891 0.653751 0.0652546
v 72.5108 111.652 45.4792
vn 0.203403 0.210341 0.956234
v 72.5078 112.34 45.1641
vn 0.185169 0.577282 0.795272
v 72.2701 112.47 45.0653
vn 0.205666 0.951218 -0.229969
v 71.8803 112.407 45.101
vn -0.489473 0.869565 0.0653665
v 71.731 112.285 45.1597
vn -0.708268 0.691819 0.140511
v 71.76 111.646 45.4518
vn -0.766726 -0.326877 0.552525
v 71.8267 112.341 45.1752
vn -0.180278 0.596291 0.782264
v 71.7047 111.809 45.4211
vn -0.188921 0.320343 0.928272
v 71.4193 102.704 25.9194
vn -0.32103 -0.712548 -0.62387
v 71.5786 102.609 25.9513
vn -0.169504 -0.667734 -0.724845
v 71.5625 102.601 25.9947
vn -0.38995 -0.914655 0.106515
v 71.6872 102.555 25.9901
vn -0.203562 -0.962423 -0.179733
v 71.8591 102.555 25.9711
vn 0.0219364 -0.759143 -0.650554
v 71.7927 102.542 26.0058
vn -0.0507057 -0.997484 0.0495516
v 71.9179 102.548 26.0045
vn 0.165345 -0.979851 0.112042
v 72.0126 102.588 25.951
vn 0.0778166 -0.623442 -0.777988
v 72.0365 102.582 25.9831
vn 0.374617 -0.919778 -0.116923
v 72.1815 102.666 25.9235
vn 0.461546 -0.777986 -0.426279
v 72.2845 102.836 25.8305
vn 0.272916 -0.517159 -0.811211
v 72.3181 102.833 25.8633
vn 0.804691 -0.545787 -0.233644
v 72.3466 102.91 25.8154
vn 0.78718 -0.419318 -0.452238
v 72.3276 103.025 25.7436
vn 0.274379 -0.390124 -0.878931
v 72.365 103.011 25.781
vn 0.921201 -0.200855 -0.333235
v 72.3503 103.145 25.7196
vn 0.887951 0.0203952 -0.459486
v 72.3279 103.195 25.6828
vn 0.653873 -0.00589581 -0.756581
v 72.2137 103.353 25.6034
vn 0.337488 -0.0529714 -0.939838
v 72.0465 103.466 25.5543
vn 0.173894 -0.0438137 -0.983789
v 72.0596 103.487 25.5715
vn 0.474003 0.517271 -0.712567
v 71.9098 103.528 25.5538
vn 0.152809 0.70029 -0.697311
v 71.8118 103.505 25.5375
vn -0.0110409 -0.00660699 -0.999917
v 71.7293 103.529 25.5549
vn -0.157644 0.692376 -0.704105
v 71.6389 103.487 25.5521
vn -0.207762 0.0466463 -0.977067
v 71.4563 103.397 25.6013
vn -0.494361 0.209416 -0.843654
v 71.3428 103.249 25.6695
vn -0.501234 -0.0914656 -0.860464
v 71.3056 103.114 25.7252
vn -0.414026 -0.310251 -0.855761
v 71.2942 103.189 25.7258
vn -0.936843 0.161688 -0.310132
v 71.2757 103.062 25.7653
vn -0.84193 -0.183504 -0.507425
v 71.31 102.98 25.7826
vn -0.312571 -0.430239 -0.846873
v 71.277 102.983 25.813
vn -0.92818 -0.252915 -0.272975
v 71.3357 102.854 25.8434
vn -0.38657 -0.540389 -0.747358
v 71.3041 102.869 25.8682
vn -0.869799 -0.462673 -0.171417
v 71.4193 102.704 25.9194
vn -0.434435 -0.60303 -0.669045
v 72.1607 102.681 25.9039
vn 0.180011 -0.596048 -0.782511
v 72.2829 103.214 25.6581
vn 0.185997 -0.321793 -0.928361
v 71.4112 102.709 25.9481
vn -0.60197 -0.796989 -0.0494067
v 72.2223 102.701 25.9372
vn 0.6744 -0.733071 -0.0882696
v 72.2565 103.342 25.6429
vn 0.734399 0.35837 -0.576393
v 71.4767 103.371 25.5999
vn -0.204908 -0.2086 -0.956294
v 71.5315 103.47 25.5974
vn -0.49912 0.512707 -0.698577
v 71.3822 103.347 25.656
vn -0.715607 0.34232 -0.608871
v 71.4112 102.709 25.9481
vn -0.772271 -0.626262 -0.106746
v 71.9551 103.592 25.7041
vn 0.224085 0.939669 0.258471
v 72.062 103.555 25.7192
vn 0.407089 0.894621 0.184208
v 71.8547 103.606 25.7004
vn 0.0750382 0.991527 0.106032
v 71.7408 103.602 25.7029
vn -0.0695583 0.973229 0.21906
v 71.6218 103.573 25.7181
vn -0.358339 0.933389 -0.0194299
v 71.4526 103.48 25.7647
vn -0.5574 0.762934 0.327471
v 71.325 103.324 25.8384
vn -0.892982 0.404288 -0.197826
v 71.2871 103.219 25.8894
vn -0.917627 0.310371 0.248255
v 71.2744 103.125 25.9327
vn -0.929751 0.155405 0.333785
v 71.2814 103.03 25.9757
vn -0.899202 0.0128081 0.437347
v 71.3062 102.94 26.0151
vn -0.852966 -0.168131 0.494147
v 72.2289 103.441 25.7688
vn 0.553565 0.82431 0.118654
v 71.4148 102.775 26.0887
vn -0.713398 -0.196374 0.672682
v 71.7345 102.619 26.1544
vn -0.118033 -0.53325 0.837683
v 71.5847 102.659 26.1389
vn -0.395358 -0.606015 0.690245
v 71.9127 102.614 26.1515
vn 0.169912 -0.653221 0.737857
v 72.0129 102.638 26.1399
vn 0.385913 -0.567267 0.727516
v 72.1911 102.735 26.0928
vn 0.670631 -0.493157 0.554122
v 72.3187 102.89 26.0192
vn 0.900815 -0.374827 0.219173
v 72.3631 103.045 25.9498
vn 0.822663 0.154384 0.547167
v 72.3644 103.176 25.8861
vn 0.925347 0.270954 0.265173
v 72.3355 103.28 25.8401
vn 0.776052 0.521322 0.354917
v 71.4148 102.775 26.0887
vn -0.523125 -0.400989 0.75203
v 72.2289 103.441 25.7688
vn 0.729691 0.630023 0.265746
v 72.0595 103.566 25.7409
vn 0.410647 0.518294 -0.75016
v 71.9598 103.599 25.7267
vn 0.228599 0.570128 -0.789111
v 71.8552 103.616 25.7225
vn 0.0616028 0.633654 -0.77116
v 71.7413 103.612 25.7252
vn -0.0966258 0.693228 -0.714212
v 71.6368 103.589 25.7382
vn -0.354673 0.797398 -0.488224
v 71.453 103.49 25.7869
vn -0.521141 0.300794 -0.798709
v 71.3329 103.347 25.8552
vn -0.831588 0.277531 -0.48108
v 71.2892 103.243 25.9033
vn -0.802226 -0.0975656 -0.588995
v 71.2742 103.128 25.9553
vn -0.814669 -0.237539 -0.529045
v 71.2823 103.035 25.9978
vn -0.79072 -0.380138 -0.47985
v 71.3066 102.95 26.0366
vn -0.81639 -0.502812 -0.284055
v 72.2293 103.451 25.791
vn 0.52276 0.402567 -0.75144
v 71.4152 102.785 26.1108
vn -0.727309 -0.629768 -0.27279
v 71.6756 102.638 26.1726
vn -0.229154 -0.942379 -0.243742
v 71.585 102.669 26.1603
vn -0.446464 -0.894571 0.0202915
v 71.7893 102.62 26.1805
vn -0.0728325 -0.988119 -0.135336
v 71.8795 102.621 26.1766
vn 0.0636874 -0.962819 -0.262533
v 72.0077 102.646 26.1637
vn 0.347036 -0.905985 0.2424
v 72.1915 102.745 26.115
vn 0.495378 -0.808522 -0.317635
v 72.3191 102.901 26.0414
vn 0.846272 -0.531714 -0.0332187
v 72.3553 102.993 25.9986
vn 0.784157 -0.391507 -0.481477
v 72.3703 103.107 25.9454
vn 0.809853 -0.247878 -0.531691
v 72.3622 103.2 25.9028
vn 0.78313 -0.114374 -0.61125
v 72.3369 103.288 25.8639
vn 0.791993 0.0913142 -0.603663
v 71.4152 102.785 26.1108
vn -0.546508 -0.823684 -0.15124
v 72.2293 103.451 25.791
vn 0.716972 0.199788 -0.667859
v 71.6253 111.823 45.1764
vn -0.792601 0.110962 0.599559
v 71.6495 111.738 45.2146
vn -0.854708 -0.171787 0.489861
v 71.6171 111.916 45.1338
vn -0.805952 0.250137 0.536538
v 71.6321 112.03 45.0807
vn -0.77732 0.394378 0.490143
v 71.6683 112.122 45.0378
vn -0.857998 0.513464 -0.0139406
v 71.7959 112.278 44.9642
vn -0.497387 0.808804 0.313756
v 71.9798 112.377 44.9155
vn -0.34688 0.906933 -0.239054
v 72.108 112.402 44.9026
vn -0.0640776 0.963118 0.26134
v 72.2107 112.402 44.9006
vn 0.0819197 0.963722 0.254024
v 72.3118 112.385 44.9066
vn 0.228656 0.94028 0.252172
v 72.4024 112.354 44.9188
vn 0.450698 0.891431 -0.0471454
v 71.7581 111.572 45.2882
vn -0.714671 -0.196631 0.671254
v 72.5722 112.238 44.9684
vn 0.533104 0.82459 0.189344
v 72.6809 112.073 45.0425
vn 0.878651 0.461097 0.123942
v 72.7067 111.983 45.0824
vn 0.862538 0.334029 0.38007
v 72.7133 111.895 45.1239
vn 0.817394 0.235787 0.525616
v 72.6982 111.78 45.1758
vn 0.810064 0.0914482 0.579166
v 72.662 111.688 45.2186
vn 0.891423 -0.385069 0.23893
v 72.5345 111.533 45.2923
vn 0.584 -0.272819 0.764535
v 72.3506 111.434 45.341
vn 0.371555 -0.647474 0.665375
v 72.2461 111.411 45.3539
vn 0.0986434 -0.695631 0.711594
v 72.1323 111.407 45.3573
vn -0.0605564 -0.59942 0.798141
v 72.0277 111.424 45.3525
vn -0.227291 -0.563912 0.793941
v 71.928 111.457 45.3383
vn -0.413029 -0.523133 0.745479
v 72.5722 112.238 44.9684
vn 0.729781 0.628266 0.269633
v 71.7581 111.572 45.2882
vn -0.514212 -0.384177 0.766808
v 71.6256 111.832 45.1975
vn -0.821804 -0.366776 -0.436021
v 71.6509 111.745 45.238
vn -0.807171 -0.506266 -0.303593
v 71.618 111.931 45.1511
vn -0.93307 -0.148378 -0.327665
v 71.6325 112.04 45.1028
vn -0.924308 0.0230333 -0.380952
v 71.6688 112.132 45.06
vn -0.889983 0.37763 -0.25559
v 71.7964 112.288 44.9863
vn -0.588143 0.27874 -0.759205
v 71.9802 112.387 44.9376
vn -0.369617 0.647931 -0.66601
v 72.1005 112.409 44.9232
vn -0.0921581 0.662182 -0.743654
v 72.2047 112.411 44.9206
vn 0.0796623 0.654956 -0.751456
v 72.3122 112.394 44.9277
vn 0.212021 0.445312 -0.869911
v 72.4028 112.364 44.9403
vn 0.40194 0.485685 -0.776244
v 71.7585 111.582 45.3104
vn -0.748607 -0.622232 -0.228945
v 72.5727 112.249 44.9905
vn 0.524748 0.411103 -0.745408
v 72.7055 111.998 45.1025
vn 0.775099 -0.123277 -0.619697
v 72.6812 112.083 45.0641
vn 0.850858 0.165773 -0.498558
v 72.7132 111.898 45.1467
vn 0.924436 -0.160693 -0.345825
v 72.7004 111.804 45.1898
vn 0.912984 -0.314804 -0.259537
v 72.6624 111.698 45.2409
vn 0.887922 -0.449816 0.0962257
v 72.5348 111.543 45.3145
vn 0.553633 -0.762427 -0.334957
v 72.3657 111.45 45.361
vn 0.3573 -0.933829 0.0173037
v 72.2466 111.421 45.3763
vn 0.0686991 -0.973386 -0.218634
v 72.139 111.416 45.3801
vn -0.084875 -0.977603 -0.192584
v 72.0323 111.431 45.3751
vn -0.224551 -0.939318 -0.259344
v 71.9255 111.468 45.36
vn -0.404898 -0.893798 -0.192829
v 72.5727 112.249 44.9905
vn 0.719704 0.204513 -0.663476
v 71.7585 111.582 45.3104
vn -0.555287 -0.824076 -0.112047
v 72.2971 112.389 44.9178
vn 0.25394 0.939315 -0.230655
v 72.399 112.356 44.9329
vn 0.489065 0.869295 0.0717033
v 72.1917 112.403 44.9123
vn 0.0653521 0.973457 -0.219342
v 72.0852 112.4 44.916
vn -0.126273 0.975648 -0.17935
v 71.9818 112.377 44.9286
vn -0.378257 0.758809 -0.530218
v 71.7997 112.279 44.9769
vn -0.662931 0.720774 -0.202503
v 71.6737 112.125 45.0504
vn -0.868592 0.322992 -0.375797
v 71.6359 112.027 45.096
vn -0.960676 0.127216 -0.246814
v 71.6227 111.938 45.1364
vn -0.984886 -0.0404767 -0.16841
v 71.628 111.837 45.1832
vn -0.968232 -0.221631 -0.115791
v 71.6532 111.747 45.2234
vn -0.88138 -0.24364 0.404733
v 72.5676 112.241 44.9837
vn 0.594737 0.52099 -0.612255
v 71.7632 111.582 45.2973
vn -0.837471 -0.492988 0.235806
v 72.0267 111.434 45.3613
vn -0.263299 -0.897948 0.352651
v 71.9321 111.466 45.3482
vn -0.457025 -0.470134 0.755051
v 72.1391 111.417 45.3652
vn -0.074221 -0.851811 0.518564
v 72.2338 111.419 45.3614
vn 0.120195 -0.797751 0.590886
v 72.3743 111.455 45.3436
vn 0.42135 -0.740302 0.523849
v 72.5308 111.542 45.3013
vn 0.692964 -0.575647 0.434087
v 72.6575 111.696 45.2289
vn 0.877114 -0.321313 0.356972
v 72.6946 111.793 45.1815
vn 0.961699 -0.117599 0.247598
v 72.7081 111.883 45.1423
vn 0.985128 0.0460344 0.165539
v 72.7023 111.982 45.0982
vn 0.962255 0.054325 -0.266672
v 72.6765 112.076 45.0564
vn 0.795981 0.553262 0.245592
v 71.7638 111.583 45.2988
vn -0.636169 -0.720801 0.275202
v 72.5676 112.241 44.9837
vn 0.780864 0.338009 -0.525358
v 71.2858 103.041 25.9863
vn -0.962694 -0.0578204 0.264342
v 71.3232 102.923 26.0312
vn -0.849721 -0.251231 0.463527
v 71.2785 103.134 25.9389
vn -0.9674 0.127683 0.21871
v 71.2918 103.226 25.8992
vn -0.960702 0.115179 -0.252557
v 71.3306 103.326 25.8488
vn -0.862835 0.504902 0.024285
v 71.457 103.48 25.7771
vn -0.654907 0.694173 -0.298698
v 71.6385 103.579 25.7298
vn -0.355537 0.738392 -0.573036
v 71.7536 103.603 25.7145
vn -0.113848 0.96232 -0.246938
v 71.8578 103.605 25.7125
vn 0.0729993 0.940831 -0.33092
v 71.9608 103.589 25.7179
vn 0.263117 0.898787 -0.350645
v 72.0554 103.557 25.731
vn 0.456275 0.467457 -0.757164
v 71.4198 102.782 26.0955
vn -0.799678 -0.393165 0.453803
v 72.2236 103.441 25.7804
vn 0.636142 0.721013 -0.274707
v 72.3595 103.182 25.8985
vn 0.965257 0.05431 -0.255595
v 72.3332 103.276 25.8537
vn 0.780072 0.161375 -0.604522
v 72.3647 103.087 25.9404
vn 0.988005 0.0371313 0.149891
v 72.3516 102.996 25.9832
vn 0.960668 -0.127076 0.246918
v 72.3138 102.898 26.0288
vn 0.869152 -0.325007 0.372754
v 72.1877 102.744 26.1023
vn 0.664581 -0.745944 0.0435905
v 72.0311 102.657 26.1446
vn 0.384428 -0.66665 0.638587
v 71.8944 102.622 26.1634
vn 0.123005 -0.806555 0.57822
v 71.7957 102.619 26.167
vn -0.0705769 -0.975071 0.210369
v 71.6904 102.634 26.1614
vn -0.252799 -0.941736 0.221871
v 71.59 102.667 26.1464
vn -0.49318 -0.868279 -0.0535247
v 72.2243 103.441 25.7813
vn 0.82809 0.529226 -0.184895
v 71.4204 102.783 26.0959
vn -0.599966 -0.541035 0.58934
v 72.0729 102.66 26.124
vn 0.457907 -0.811746 0.362476
v 72.0705 102.597 25.9874
vn 0.456963 -0.811336 0.364581
v 72.1897 102.669 25.9523
vn 0.602829 -0.728501 0.325397
v 72.1921 102.732 26.0889
vn 0.602829 -0.728501 0.325397
v 71.8909 102.61 26.1502
vn 0.124493 -0.902168 0.413032
v 71.8883 102.547 26.0136
vn 0.125676 -0.901754 0.413577
v 71.7004 102.62 26.1492
vn -0.220591 -0.884227 0.411682
v 71.6979 102.557 26.0126
vn -0.220617 -0.884216 0.411692
v 71.5649 102.664 26.1313
vn -0.465071 -0.800718 0.37757
v 71.5221 102.625 25.9844
vn -0.529114 -0.76691 0.363163
v 71.4489 102.742 26.0977
vn -0.702403 -0.641377 0.308653
v 71.33 102.888 26.0331
vn -0.909135 -0.371936 0.187451
v 71.3806 102.746 25.9316
vn -0.781778 -0.560673 0.272891
v 71.2752 103.064 25.953
vn -0.994306 -0.0892465 0.0582226
v 71.2774 102.956 25.8374
vn -0.983283 -0.1584 0.0898034
v 71.305 102.866 25.8778
vn -0.92179 -0.345537 0.175804
v 71.2943 103.247 25.8691
vn -0.969058 0.230602 -0.0880271
v 71.273 103.094 25.7742
vn -0.99199 0.120736 -0.0371202
v 71.3539 103.373 25.8099
vn -0.84928 0.485714 -0.206892
v 71.3287 103.269 25.6926
vn -0.887059 0.425891 -0.178165
v 71.453 103.478 25.7605
vn -0.683331 0.668322 -0.293946
v 71.4129 103.384 25.6387
vn -0.737545 0.619072 -0.269772
v 71.5315 103.47 25.5974
vn -0.498368 0.792407 -0.351739
v 71.5772 103.556 25.7222
vn -0.472421 0.805722 -0.357254
v 71.6722 103.589 25.7056
vn -0.270672 0.876624 -0.397828
v 71.7722 103.605 25.6964
vn -0.0583528 0.906933 -0.417214
v 71.7197 103.534 25.5644
vn -0.194876 0.892023 -0.40782
v 71.9239 103.595 25.6982
vn 0.199885 0.890051 -0.409702
v 71.9714 103.524 25.5648
vn 0.275305 0.872324 -0.404053
v 71.8714 103.541 25.5584
vn 0.0617185 0.905919 -0.418929
v 72.0686 103.552 25.7154
vn 0.448831 0.809523 -0.378448
v 72.1924 103.471 25.7502
vn 0.695683 0.64919 -0.307536
v 72.1093 103.465 25.5893
vn 0.515771 0.775078 -0.365012
v 72.2275 103.377 25.6274
vn 0.716835 0.630082 -0.298571
v 72.31 103.331 25.8125
vn 0.881943 0.421841 -0.210304
v 72.3438 103.187 25.7123
vn 0.959339 0.249429 -0.132109
v 72.2856 103.307 25.6584
vn 0.845394 0.479567 -0.235212
v 72.3604 103.208 25.8678
vn 0.977232 0.185554 -0.102892
v 72.3701 103.077 25.9273
vn 0.999298 -0.0374662 -0.00069116
v 72.37 103.059 25.7707
vn 0.99912 0.028388 -0.0308751
v 72.3466 102.949 25.9867
vn 0.96053 -0.258799 0.102009
v 72.3548 102.929 25.8304
vn 0.968212 -0.233329 0.0901302
v 72.2834 102.833 26.0413
vn 0.855914 -0.475347 0.20361
v 72.2809 102.77 25.9048
vn 0.824701 -0.519111 0.224481
v 72.1921 102.732 26.0889
vn 0.735349 -0.620282 0.272969
v 72.1897 102.669 25.9523
vn 0.735527 -0.62004 0.273038
v 71.3935 102.838 25.8352
vn -0.900098 -0.391964 0.190231
v 71.4688 102.736 25.8805
vn -0.828891 -0.505388 0.239839
v 71.3496 103.077 25.7264
vn -0.992708 0.115301 -0.0351648
v 71.3526 102.955 25.7823
vn -0.986208 -0.144357 0.0809568
v 71.3844 103.195 25.6718
vn -0.918893 0.365622 -0.148178
v 71.5541 103.38 25.5838
vn -0.559608 0.760988 -0.328232
v 71.4545 103.299 25.623
vn -0.769796 0.587608 -0.249262
v 71.6751 103.433 25.5577
vn -0.304092 0.872294 -0.382925
v 71.8077 103.452 25.5465
vn -0.0202657 0.912919 -0.407637
v 71.9412 103.436 25.5512
vn 0.260942 0.879128 -0.398802
v 72.0648 103.387 25.5714
vn 0.519532 0.776144 -0.357333
v 72.1684 103.309 25.6055
vn 0.739836 0.609342 -0.28521
v 72.2845 103.09 25.7037
vn 0.986223 0.144295 -0.0808876
v 72.2436 103.207 25.6508
vn 0.900102 0.391986 -0.190165
v 72.2527 102.85 25.8142
vn 0.918906 -0.365624 0.148091
v 72.2875 102.968 25.7597
vn 0.992706 -0.11535 0.0350541
v 72.1826 102.746 25.863
vn 0.769744 -0.587459 0.249773
v 72.083 102.665 25.9022
vn 0.559538 -0.760151 0.330285
v 71.9619 102.612 25.9283
vn 0.304317 -0.87146 0.384642
v 71.8293 102.593 25.9396
vn 0.0222995 -0.909079 0.416026
v 71.5723 102.658 25.9146
vn -0.520349 -0.761384 0.386692
v 71.6959 102.608 25.9348
vn -0.259646 -0.864034 0.431312
v 71.4688 102.736 25.8805
vn -0.635696 -0.696766 0.332277
v 72.3138 112.278 45.6397
vn 0.632721 0.591255 0.500081
v 72.3608 112.213 45.6577
vn 0.676129 0.509565 0.532158
v 72.3568 112.137 45.7037
vn 0.700954 0.192665 0.68669
v 72.309 112.048 45.745
vn 0.517322 -0.140669 0.84415
v 72.1872 111.998 45.7703
vn 0.103486 -0.325344 0.939916
v 72.0821 112.021 45.7611
vn -0.352509 -0.240747 0.904311
v 72.0137 112.062 45.733
vn -0.563203 -0.0695577 0.823386
v 71.9938 112.13 45.7131
vn -0.673349 0.166295 0.72038
v 71.9994 112.217 45.6732
vn -0.657666 0.493939 0.568771
v 72.0503 112.291 45.6385
vn -0.45622 0.771848 0.442847
v 72.1363 112.329 45.6194
vn -0.134251 0.92319 0.360135
v 72.2448 112.32 45.6217
vn 0.270033 0.883566 0.382613
v 72.3138 112.278 45.6397
vn 0.458964 0.784874 0.416323
v 72.0233 111.885 45.4024
vn -0.862968 -0.457096 0.215288
v 72.0294 112.041 45.7424
vn -0.831113 -0.499636 0.244162
v 71.998 112.084 45.7235
vn -0.890999 -0.408768 0.19756
v 71.9804 112.158 45.6898
vn -0.998493 -0.0435 0.0334451
v 71.9774 112.047 45.3293
vn -0.971875 0.217097 -0.0912606
v 71.9785 111.961 45.3685
vn -0.975767 -0.195864 0.0975509
v 72.0202 112.123 45.2937
vn -0.762641 0.589232 -0.266803
v 72.0089 112.254 45.6453
vn -0.846609 0.488263 -0.211784
v 72.0971 112.172 45.2699
vn -0.338321 0.85414 -0.394948
v 72.065 112.31 45.6188
vn -0.565627 0.751211 -0.340218
v 72.143 112.335 45.6055
vn -0.185861 0.893434 -0.40894
v 72.1905 112.182 45.2633
vn 0.111993 0.89875 -0.423918
v 72.2789 112.152 45.2755
vn 0.541864 0.755779 -0.367671
v 72.252 112.323 45.6094
vn 0.410418 0.824182 -0.390232
v 72.3209 112.28 45.6278
vn 0.740047 0.60371 -0.296419
v 72.3422 112.089 45.3036
vn 0.886512 0.410229 -0.214031
v 72.3608 112.213 45.6577
vn 0.94608 0.286471 -0.151219
v 72.3659 112.006 45.3412
vn 0.999579 0.00284275 -0.0288601
v 72.3633 112.113 45.7034
vn 0.958915 -0.265182 0.100797
v 72.3444 111.922 45.3798
vn 0.902172 -0.401503 0.157734
v 72.3268 112.045 45.7351
vn 0.764627 -0.593262 0.251766
v 72.2828 111.858 45.4104
vn 0.568812 -0.755411 0.32528
v 72.2601 112 45.7569
vn 0.445978 -0.817999 0.363291
v 72.1951 111.827 45.426
vn 0.140379 -0.904073 0.403665
v 72.1519 111.985 45.766
vn -0.145194 -0.900016 0.410962
v 72.1015 111.837 45.4231
vn -0.308718 -0.866244 0.392828
v 72.0726 112.008 45.7566
vn -0.536635 -0.765849 0.354257
v 72.0233 111.885 45.4024
vn -0.58767 -0.735483 0.337207
v 72.0294 112.041 45.7424
vn -0.639123 -0.694624 0.33018
v 71.7439 111.816 45.4284
vn -0.900115 -0.391159 0.191799
v 71.8191 111.714 45.4736
vn -0.828938 -0.503984 0.242616
v 71.7 112.055 45.3195
vn -0.992655 0.116078 -0.034084
v 71.703 111.933 45.3755
vn -0.986145 -0.142872 0.0842951
v 71.7349 112.173 45.2649
vn -0.918925 0.365859 -0.147391
v 71.9044 112.358 45.177
vn -0.559703 0.76026 -0.329752
v 71.8049 112.277 45.2162
vn -0.769939 0.58831 -0.247155
v 72.0254 112.411 45.1507
vn -0.304283 0.871526 -0.384518
v 72.2915 112.415 45.1444
vn 0.259609 0.864475 -0.430448
v 72.1581 112.43 45.1395
vn -0.0221773 0.909758 -0.414545
v 72.4151 112.366 45.1646
vn 0.520183 0.762125 -0.385454
v 72.5187 112.287 45.1987
vn 0.740092 0.607346 -0.28878
v 72.6348 112.068 45.2969
vn 0.986181 0.143989 -0.0819366
v 72.594 112.185 45.244
vn 0.900094 0.391956 -0.190268
v 72.603 111.828 45.4074
vn 0.918946 -0.365734 0.147569
v 72.6379 111.946 45.3527
vn 0.992622 -0.116942 0.0320294
v 72.5329 111.724 45.4562
vn 0.769925 -0.587256 0.249693
v 72.3124 111.59 45.5215
vn 0.305604 -0.858947 0.410873
v 72.4333 111.643 45.4953
vn 0.557526 -0.759219 0.335785
v 72.1798 111.571 45.5327
vn 0.0215758 -0.910553 0.412828
v 71.9227 111.636 45.5077
vn -0.519516 -0.775921 0.357841
v 72.0462 111.587 45.528
vn -0.261126 -0.8795 0.39786
v 71.8191 111.714 45.4736
vn -0.634738 -0.700134 0.326986
v 71.6989 111.72 45.4188
vn -0.851307 -0.471487 0.230168
v 71.6739 111.699 45.2635
vn -0.888958 -0.410388 0.203312
v 71.7576 111.584 45.3152
vn -0.798072 -0.54317 0.260858
v 71.76 111.646 45.4518
vn -0.798292 -0.543009 0.260521
v 71.64 111.848 45.3613
vn -0.970276 -0.212576 0.115657
v 71.6237 111.83 45.2045
vn -0.977153 -0.185645 0.103483
v 71.6218 112.031 45.278
vn -0.992051 0.120026 -0.0378066
v 71.6194 111.968 45.1413
vn -0.997855 0.0643411 -0.0120367
v 71.6547 112.166 45.2156
vn -0.919578 0.362847 -0.150725
v 71.731 112.285 45.1597
vn -0.787379 0.566157 -0.243929
v 71.675 112.144 45.0597
vn -0.907484 0.387429 -0.162392
v 71.837 112.383 45.1128
vn -0.600591 0.730635 -0.32475
v 71.8778 112.344 44.9645
vn -0.52362 0.777511 -0.34828
v 71.7592 112.259 45.0058
vn -0.737759 0.618817 -0.269772
v 71.9711 112.447 45.081
vn -0.372203 0.84618 -0.381372
v 72.0661 112.409 44.9315
vn -0.166125 0.899048 -0.405112
v 72.1185 112.479 45.0635
vn -0.0912487 0.90678 -0.411611
v 72.2701 112.47 45.0653
vn 0.170459 0.893655 -0.41512
v 72.2178 112.416 44.9255
vn 0.0933628 0.904132 -0.416928
v 72.4149 112.426 45.0825
vn 0.448831 0.809528 -0.378437
v 72.3651 112.381 44.9389
vn 0.379076 0.839209 -0.38991
v 72.5387 112.346 45.1173
vn 0.663126 0.67521 -0.323041
v 72.4988 112.314 44.967
vn 0.604655 0.719692 -0.341227
v 72.6044 112.214 45.011
vn 0.81678 0.518282 -0.253483
v 72.6599 112.198 45.1828
vn 0.881658 0.422342 -0.21049
v 72.6938 112.049 45.085
vn 0.966406 0.226597 -0.121298
v 72.712 111.867 45.1684
vn 0.997838 -0.0646748 0.0116884
v 72.7101 112.067 45.2418
vn 0.983281 0.158256 -0.0900769
v 72.7144 111.929 45.305
vn 0.99196 -0.120809 0.0377001
v 72.6791 111.732 45.2307
vn 0.941968 -0.311055 0.126253
v 72.6588 111.753 45.3866
vn 0.887131 -0.425644 0.178397
v 72.5745 111.639 45.4405
vn 0.737546 -0.61888 0.270208
v 72.5345 111.545 45.3187
vn 0.683269 -0.668189 0.294392
v 72.6336 111.65 45.2693
vn 0.849395 -0.485405 0.207145
v 72.3628 111.451 45.3653
vn 0.388104 -0.840964 0.377033
v 72.4992 111.577 45.4701
vn 0.576801 -0.747608 0.329215
v 72.3652 111.513 45.5019
vn 0.328991 -0.86046 0.389068
v 72.2153 111.418 45.3828
vn 0.119884 -0.902318 0.414066
v 72.1668 111.482 45.5201
vn -0.0163978 -0.907836 0.419004
v 72.0161 111.499 45.5144
vn -0.275308 -0.872317 0.404065
v 71.9663 111.454 45.3708
vn -0.350089 -0.849825 0.393998
v 72.1136 111.419 45.3842
vn -0.0932129 -0.904103 0.417024
v 71.8326 111.521 45.3427
vn -0.604719 -0.720639 0.339107
v 71.8782 111.558 45.4899
vn -0.541775 -0.761002 0.35687
v 71.76 111.646 45.4518
vn -0.675513 -0.666888 0.314553
v 71.7576 111.584 45.3152
vn -0.675475 -0.666905 0.314597
v 71.7512 111.421 44.9598
vn -0.836636 -0.496318 0.231753
v 71.757 111.569 45.2842
vn -0.80145 -0.538562 0.260056
v 71.6959 111.644 45.2512
vn -0.851931 -0.480957 0.207109
v 71.6441 111.58 44.8886
vn -0.931813 -0.322497 0.166492
v 71.6508 111.727 45.2139
vn -0.904256 -0.386119 0.182299
v 71.6253 111.618 44.8333
vn -0.968383 -0.217998 0.121291
v 71.6272 111.79 45.1852
vn -0.986344 -0.142362 0.0828185
v 71.614 111.908 45.1315
vn -0.999856 0.0113646 0.0126241
v 71.5437 109.592 40.3944
vn -0.977538 -0.184463 0.101947
v 71.6236 112 45.0892
vn -0.982444 0.175635 -0.0629061
v 71.2808 103.217 25.9206
vn -0.982363 0.176018 -0.0630865
v 71.2712 103.125 25.9629
vn -0.999052 -0.029916 0.0316332
v 71.6517 112.089 45.048
vn -0.931472 0.336764 -0.137656
v 71.6972 112.171 45.0095
vn -0.84815 0.487189 -0.208061
v 71.3544 103.388 25.8409
vn -0.848773 0.486282 -0.20764
v 71.3089 103.305 25.8795
vn -0.931473 0.336761 -0.137663
v 71.7587 112.244 44.9748
vn -0.737591 0.618774 -0.270331
v 71.834 112.306 44.9452
vn -0.602044 0.729914 -0.32368
v 71.4912 103.523 25.7767
vn -0.600624 0.730872 -0.324154
v 71.4159 103.461 25.8063
vn -0.737548 0.618816 -0.270352
v 71.9206 112.354 44.9217
vn -0.443771 0.817658 -0.366746
v 72.0155 112.387 44.9051
vn -0.272877 0.876431 -0.396744
v 71.6727 103.603 25.7365
vn -0.272879 0.876431 -0.396745
v 71.5778 103.57 25.7532
vn -0.442036 0.818422 -0.367138
v 72.1155 112.403 44.8959
vn -0.119733 0.903363 -0.411825
v 71.7727 103.619 25.7274
vn -0.0581744 0.907947 -0.415028
v 72.3171 112.384 44.9009
vn 0.275295 0.872092 -0.40456
v 71.9744 103.6 25.7324
vn 0.275279 0.872096 -0.404561
v 71.8744 103.618 25.726
vn 0.126229 0.900964 -0.415126
v 72.2172 112.402 44.8945
vn 0.0647522 0.906746 -0.416676
v 72.4982 112.3 44.936
vn 0.579923 0.736644 -0.347914
v 72.1554 103.517 25.7675
vn 0.628089 0.703102 -0.333393
v 72.0691 103.566 25.7464
vn 0.447135 0.810102 -0.379217
v 72.4119 112.35 44.9149
vn 0.448823 0.809317 -0.378898
v 72.5732 112.237 44.9635
vn 0.719007 0.626876 -0.300093
v 72.2304 103.454 25.795
vn 0.761352 0.584145 -0.28128
v 71.2804 103.032 26.005
vn -0.982184 -0.163557 0.0925366
v 71.308 102.943 26.0454
vn -0.936569 -0.312008 0.159652
v 71.5495 109.559 40.3759
vn -0.958873 -0.251204 0.132137
v 71.4142 102.786 26.1157
vn -0.798292 -0.541998 0.262616
v 71.6706 109.354 40.4504
vn -0.827335 -0.504767 0.246428
v 71.3531 102.86 26.0827
vn -0.85175 -0.470253 0.231051
v 71.5566 109.532 40.3737
vn -0.948902 -0.280135 0.145294
v 71.5634 109.514 40.3792
vn -0.871416 -0.439693 0.217495
v 72.6343 112.163 44.9965
vn 0.851151 0.471274 -0.231177
v 72.2915 103.379 25.828
vn 0.851764 0.470362 -0.230777
v 72.6795 112.08 45.0338
vn 0.943568 0.29436 -0.151765
v 72.3367 103.296 25.8653
vn 0.921212 0.347191 -0.175576
v 72.7071 111.991 45.0742
vn 0.983399 0.157657 -0.0898324
v 72.3643 103.207 25.9056
vn 0.983332 0.157989 -0.0899828
v 72.3638 103.023 25.99
vn 0.987764 -0.14772 0.0500204
v 72.3734 103.115 25.9477
vn 0.999865 -0.00903873 -0.0137397
v 72.7162 111.898 45.1162
vn 0.999865 -0.00901836 -0.0137498
v 72.7066 111.806 45.1586
vn 0.976247 -0.203051 0.0755835
v 72.633 111.635 45.2383
vn 0.848663 -0.486441 0.207716
v 72.2902 102.852 26.0697
vn 0.848123 -0.487227 0.208079
v 72.3358 102.934 26.0312
vn 0.931481 -0.336744 0.137646
v 72.6786 111.718 45.1997
vn 0.931485 -0.336731 0.13765
v 72.5715 111.562 45.2729
vn 0.715409 -0.639952 0.280447
v 72.4962 111.501 45.3025
vn 0.599162 -0.731848 0.324659
v 72.1535 102.717 26.134
vn 0.600624 -0.730864 0.324173
v 72.2288 102.779 26.1044
vn 0.757805 -0.598203 0.260546
v 72.4096 111.453 45.326
vn 0.472488 -0.804386 0.360164
v 72.0669 102.669 26.1575
vn 0.418008 -0.828667 0.372264
v 72.3147 111.42 45.3426
vn 0.272799 -0.87645 0.396757
v 72.2147 111.404 45.3518
vn 0.058307 -0.907941 0.415023
v 71.8719 102.62 26.1833
vn 0.119838 -0.903351 0.411819
v 71.9719 102.636 26.1741
vn 0.27272 -0.87647 0.396767
v 72.113 111.405 45.3532
vn -0.0965665 -0.904181 0.416092
v 71.7702 102.621 26.1847
vn -0.084588 -0.905266 0.41634
v 72.0131 111.423 45.3468
vn -0.278002 -0.869708 0.407827
v 72.0155 111.253 44.9826
vn -0.234697 -0.88204 0.408562
v 71.9183 111.457 45.3328
vn -0.454678 -0.806617 0.377673
v 71.9647 111.286 45.0132
vn -0.381377 -0.836964 0.392484
v 71.8425 111.347 44.992
vn -0.557136 -0.752955 0.350226
v 71.7512 111.421 44.9598
vn -0.668299 -0.673368 0.316152
v 71.832 111.506 45.3117
vn -0.625858 -0.7055 0.332523
v 71.757 111.569 45.2842
vn -0.675525 -0.666178 0.316026
v 71.9365 109.231 40.5691
vn -0.219415 -0.885461 0.409654
v 71.6703 102.639 26.1783
vn -0.281333 -0.8705 0.403834
v 71.9225 109.22 40.5373
vn -0.292909 -0.86723 0.402637
v 71.8996 109.219 40.517
vn -0.328979 -0.856268 0.398218
v 71.5756 102.673 26.1643
vn -0.457016 -0.805486 0.377265
v 71.8764 109.223 40.507
vn -0.416538 -0.823619 0.384899
v 71.7618 109.28 40.4826
vn -0.556945 -0.751206 0.354262
v 71.4892 102.723 26.1432
vn -0.626061 -0.704598 0.334049
v 72.3532 112.386 45.1455
vn 0.0146192 0.413763 0.910267
v 72.3751 112.421 45.1291
vn 0.0142647 0.412726 0.910743
v 72.22 112.456 45.1156
vn 0.0166988 0.413847 0.910193
v 72.1579 112.426 45.1306
vn 0.0170099 0.414972 0.909675
v 72.5186 112.283 45.1898
vn 0.0138132 0.415423 0.909524
v 72.5078 112.34 45.1641
vn 0.0136115 0.415152 0.90965
v 71.9648 112.38 45.1549
vn 0.0153196 0.417909 0.90836
v 72.0096 112.437 45.1282
vn 0.015464 0.417205 0.908681
v 71.8267 112.341 45.1752
vn 0.0163509 0.416859 0.908824
v 72.6329 112.183 45.2334
vn 0.0142367 0.414814 0.909795
v 72.6143 112.123 45.2615
vn 0.0151156 0.415196 0.909606
v 72.6777 111.994 45.3189
vn 0.01788 0.416622 0.908904
v 72.6377 111.942 45.3438
vn 0.0181159 0.416704 0.908862
v 72.6345 111.806 45.4059
vn 0.0173725 0.416029 0.909185
v 72.6028 111.824 45.3985
vn 0.0177084 0.415558 0.909394
v 72.5328 111.72 45.4473
vn 0.0162568 0.417334 0.908608
v 72.5108 111.652 45.4792
vn 0.0169523 0.416643 0.908912
v 72.3727 111.612 45.4995
vn 0.0150223 0.418674 0.908012
v 71.8047 112.273 45.2072
vn 0.0154837 0.418304 0.908175
v 71.703 112.187 45.2486
vn 0.0168075 0.416192 0.909121
v 71.7347 112.169 45.256
vn 0.0167856 0.415377 0.909495
v 71.6998 112.051 45.3106
vn 0.0186772 0.416884 0.908768
v 71.6598 111.998 45.3356
vn 0.0193856 0.416821 0.908782
v 71.7028 111.929 45.3666
vn 0.016795 0.415613 0.909386
v 71.7047 111.809 45.4211
vn 0.0142488 0.414825 0.90979
v 71.7437 111.812 45.4194
vn 0.0135376 0.415003 0.909719
v 71.8189 111.71 45.4647
vn 0.0140072 0.415104 0.909666
v 71.8297 111.653 45.4904
vn 0.0138379 0.414925 0.90975
v 72.3279 111.556 45.5263
vn 0.0148873 0.418712 0.907997
v 72.1796 111.567 45.5238
vn 0.0171067 0.416466 0.908991
v 72.1175 111.536 45.5389
vn 0.0168592 0.415232 0.909559
v 71.9843 111.608 45.5089
vn 0.0146608 0.414205 0.910065
v 71.9624 111.572 45.5254
vn 0.0140869 0.413476 0.910406
v 72.1582 112.434 45.1485
vn 0.0165997 0.416569 0.908952
v 72.1905 112.182 45.2633
vn 0.016108 0.416033 0.909207
v 72.2917 112.419 45.1533
vn 0.0151737 0.415682 0.909384
v 72.2789 112.152 45.2755
vn 0.0156033 0.416136 0.909168
v 72.4153 112.37 45.1735
vn 0.0162543 0.415378 0.909504
v 72.0971 112.172 45.2699
vn 0.0166807 0.416846 0.908824
v 72.0256 112.415 45.1597
vn 0.0160433 0.416874 0.908823
v 71.9046 112.362 45.186
vn 0.0159168 0.417106 0.908719
v 72.5189 112.291 45.2077
vn 0.0160702 0.416663 0.908919
v 72.5941 112.189 45.253
vn 0.0173027 0.416375 0.909028
v 72.3422 112.089 45.3036
vn 0.0166022 0.416969 0.908769
v 72.635 112.072 45.3058
vn 0.0173361 0.416603 0.908923
v 72.3659 112.006 45.3412
vn 0.0171267 0.415937 0.909232
v 72.6381 111.95 45.3617
vn 0.0167911 0.415724 0.909336
v 72.3444 111.922 45.3798
vn 0.0167833 0.415896 0.909257
v 72.5331 111.728 45.4652
vn 0.0172876 0.416817 0.908826
v 72.6031 111.832 45.4163
vn 0.0164621 0.416087 0.909176
v 72.2828 111.858 45.4104
vn 0.0169786 0.41699 0.908752
v 72.0202 112.123 45.2937
vn 0.01606 0.41687 0.908824
v 71.735 112.177 45.2739
vn 0.0155958 0.416279 0.909103
v 71.9774 112.047 45.3293
vn 0.0154935 0.415954 0.909254
v 71.8051 112.281 45.2251
vn 0.0163354 0.41684 0.908833
v 71.7001 112.059 45.3285
vn 0.0157478 0.416289 0.909096
v 71.9785 111.961 45.3685
vn 0.0163301 0.416143 0.909152
v 71.7032 111.937 45.3845
vn 0.0164806 0.41678 0.908858
v 72.0233 111.885 45.4024
vn 0.0161693 0.416711 0.908895
v 71.744 111.82 45.4373
vn 0.0167222 0.41599 0.909215
v 71.8193 111.718 45.4826
vn 0.0160547 0.416848 0.908834
v 72.1951 111.827 45.426
vn 0.0147675 0.416521 0.909006
v 72.3125 111.595 45.5305
vn 0.015398 0.416723 0.908903
v 72.4335 111.647 45.5043
vn 0.0176059 0.416985 0.908743
v 72.1799 111.575 45.5417
vn 0.0160646 0.416572 0.908961
v 72.1015 111.837 45.4231
vn 0.0166316 0.41693 0.908787
v 72.0464 111.591 45.537
vn 0.0170648 0.416951 0.908769
v 71.9229 111.64 45.5167
vn 0.0157445 0.417364 0.908603
v 72.1296 112.323 45.6333
vn 0.0172135 0.420835 0.906974
v 72.285 112.292 45.6446
vn 0.016727 0.417291 0.908619
v 72.3292 112.088 45.7374
vn 0.0121778 0.419674 0.907593
v 72.0066 112.128 45.7246
vn 0.0336203 0.4233 0.905366
v 72.3443 112.209 45.6813
vn 0.0123028 0.414937 0.909767
v 72.0341 112.258 45.6648
vn 0.0236904 0.412891 0.910472
v 72.0659 112.045 45.7614
vn 0.0162721 0.415652 0.909378
v 72.1947 112.008 45.7761
vn 0.0148779 0.414544 0.909907
v 71.8075 103.448 25.5375
vn -0.0174682 -0.418389 -0.9081
v 72.0028 103.408 25.5524
vn -0.0175641 -0.419653 -0.907514
v 71.3669 103.132 25.6902
vn -0.0164067 -0.416339 -0.909061
v 72.2859 103.025 25.7227
vn -0.0190299 -0.417051 -0.908684
v 71.6749 103.429 25.5487
vn -0.0164393 -0.416018 -0.909208
v 72.2058 103.254 25.6192
vn -0.0133363 -0.414408 -0.909993
v 72.2525 102.846 25.8053
vn -0.0155846 -0.416095 -0.909188
v 72.1326 102.701 25.8736
vn -0.0165197 -0.416238 -0.909106
v 71.7625 102.596 25.9283
vn -0.0146883 -0.412719 -0.91074
v 71.5539 103.376 25.5749
vn -0.0151612 -0.417739 -0.908441
v 71.431 102.783 25.8489
vn -0.016844 -0.416318 -0.909063
v 71.3525 102.951 25.7734
vn -0.0193227 -0.416867 -0.908762
v 71.9618 102.608 25.9194
vn -0.0195192 -0.406881 -0.913273
v 71.5722 102.653 25.9057
vn -0.0147972 -0.413932 -0.910187
v 71.4544 103.295 25.614
vn -0.0221349 -0.412429 -0.910721
v 72.0032 103.416 25.5702
vn -0.0143122 -0.413426 -0.910425
v 71.8699 103.486 25.5402
vn -0.0168778 -0.415332 -0.909513
v 72.025 103.451 25.5538
vn -0.0138453 -0.412477 -0.910863
v 71.8079 103.456 25.5554
vn -0.0171119 -0.416519 -0.908966
v 72.1685 103.313 25.6145
vn -0.0135232 -0.414863 -0.909784
v 72.1578 103.369 25.5889
vn -0.013327 -0.414487 -0.909958
v 71.6148 103.41 25.5797
vn -0.0147641 -0.418792 -0.907962
v 71.4767 103.371 25.5999
vn -0.0162931 -0.416895 -0.908809
v 71.6596 103.467 25.5529
vn -0.014898 -0.418702 -0.908002
v 72.2829 103.214 25.6581
vn -0.0129861 -0.415082 -0.909691
v 72.2642 103.153 25.6862
vn -0.0122843 -0.415522 -0.9095
v 72.3276 103.025 25.7436
vn -0.0164992 -0.415426 -0.909477
v 72.2877 102.972 25.7686
vn -0.0167095 -0.415751 -0.909325
v 72.2845 102.836 25.8305
vn -0.0177408 -0.416016 -0.909184
v 72.2528 102.854 25.8232
vn -0.0179635 -0.415244 -0.909533
v 72.1607 102.681 25.9039
vn -0.0147042 -0.418539 -0.90808
v 72.1827 102.75 25.872
vn -0.0158245 -0.417454 -0.90856
v 72.0226 102.642 25.9242
vn -0.0151858 -0.418605 -0.908041
v 71.4547 103.303 25.6319
vn -0.0154209 -0.418317 -0.90817
v 71.3529 103.216 25.6733
vn -0.0177107 -0.416031 -0.909178
v 71.3846 103.199 25.6807
vn -0.0179351 -0.415244 -0.909533
v 71.3497 103.081 25.7353
vn -0.0193984 -0.41657 -0.908897
v 71.3098 103.029 25.7603
vn -0.0195337 -0.416628 -0.908867
v 71.3732 102.901 25.8177
vn -0.0151732 -0.415299 -0.909558
v 71.3546 102.84 25.8458
vn -0.01422 -0.414801 -0.909801
v 71.4796 102.684 25.9151
vn -0.0138235 -0.414907 -0.909759
v 71.4689 102.74 25.8894
vn -0.0139707 -0.415071 -0.909682
v 71.9779 102.586 25.951
vn -0.0148791 -0.418725 -0.907991
v 71.8295 102.597 25.9485
vn -0.0171117 -0.416477 -0.908985
v 71.7675 102.566 25.9636
vn -0.0168715 -0.415247 -0.909552
v 71.6343 102.638 25.9337
vn -0.0146638 -0.414212 -0.910062
v 71.6124 102.602 25.9501
vn -0.0140948 -0.413488 -0.910401
v 71.9153 109.218 40.5316
vn 0.588284 -0.552483 -0.590495
v 71.8933 109.218 40.5147
vn 0.359852 -0.551563 -0.752519
v 71.9246 109.22 40.5429
vn 0.798421 -0.415564 -0.435695
v 71.9306 109.223 40.5539
vn 0.849573 -0.499058 -0.17078
v 71.8677 109.225 40.5062
vn 0.140752 -0.465404 -0.873836
v 71.9362 109.233 40.5792
vn 0.95246 -0.294845 -0.0767194
v 71.9362 109.233 40.5792
vn 0.969462 -0.229039 0.0876575
v 72.0146 111.24 44.9597
vn 0.964436 -0.246402 0.0956531
v 71.9949 111.265 45.0038
vn 0.767623 0.195456 0.61037
v 72.0099 111.253 44.9838
vn 0.88616 -0.0410817 0.461555
v 71.9766 111.278 45.0134
vn 0.41056 0.192099 0.891369
v 72.0146 111.24 44.9597
vn 0.948187 -0.16991 0.268462
v 71.9485 111.292 45.0156
vn 0.170388 0.265855 0.948836
v 71.9485 111.292 45.0156
vn 0.0161262 0.418474 0.908085
v 71.83 111.353 44.9893
vn -0.00962309 0.384654 0.923011
v 71.6423 111.58 44.8889
vn 0.0196471 0.419541 0.907524
v 71.7125 111.458 44.9433
vn 0.00395384 0.410476 0.911863
v 71.7598 111.414 44.9629
vn -0.00810835 0.389947 0.920802
v 71.6259 111.614 44.8504
vn -0.0217374 0.912642 0.408181
v 71.6332 111.6 44.8739
vn -0.142668 0.735227 0.662636
v 71.6239 111.618 44.8366
vn -0.0675188 0.987046 0.145535
v 71.6215 111.618 44.8233
vn -0.140513 0.985303 -0.0971254
v 71.6423 111.58 44.8889
vn -0.0190114 0.564174 0.825437
v 71.6202 111.612 44.7965
vn -0.205632 0.952027 -0.226629
v 71.6202 111.612 44.7965
vn -0.123101 0.903014 -0.411597
v 71.5419 109.604 40.4159
vn -0.211997 0.889809 -0.404099
v 71.546 109.566 40.3788
vn -0.0909891 0.408547 -0.908191
v 71.5427 109.589 40.3934
vn -0.297241 0.606281 -0.737612
v 71.5494 109.552 40.3748
vn -0.161759 0.137824 -0.977158
v 71.5526 109.539 40.3738
vn -0.075156 -0.076738 -0.994215
v 71.5419 109.604 40.4159
vn -0.236103 0.802303 -0.548238
v 71.5616 109.514 40.3795
vn -0.128739 -0.261235 -0.956652
v 71.867 109.223 40.507
vn -0.0265121 -0.429829 -0.902521
v 71.8685 109.227 40.5054
vn 0.0117859 -0.375029 -0.926938
v 71.5616 109.514 40.3795
vn -0.0321156 -0.423907 -0.905136
v 71.6318 109.392 40.4339
vn -0.031256 -0.423422 -0.905393
v 71.6791 109.347 40.4534
vn -0.0365005 -0.436792 -0.898822
v 71.9889 111.269 45.0078
vn -0.30976 -0.865248 0.394202
v 71.988 110.57 43.5003
vn -0.395674 -0.835954 0.380292
v 71.9541 111.287 45.0168
vn -0.421175 -0.818342 0.391059
v 71.8957 111.077 44.5035
vn -0.22558 -0.90822 0.352492
v 71.9019 111.128 44.6205
vn -0.291823 -0.871282 0.394598
v 71.9007 111.208 44.7895
vn -0.417769 -0.822127 0.386752
v 71.9039 111.175 44.7246
vn 0.0593901 -0.932595 0.356005
v 71.8745 111.251 44.8481
vn -0.487077 -0.781787 0.389313
v 71.8175 111.359 44.9867
vn -0.595723 -0.716148 0.363656
v 71.8194 111.295 44.8518
vn -0.608192 -0.715977 0.342753
v 71.8212 111.187 44.6289
vn -0.570737 -0.74447 0.346445
v 71.8239 111.244 44.755
vn -0.595617 -0.726569 0.342546
v 71.8451 111.07 44.4202
vn -0.573808 -0.740389 0.350098
v 71.8323 111.135 44.5383
vn -0.524112 -0.771357 0.360991
v 71.9002 111.082 44.5198
vn -0.991009 -0.120147 0.0588709
v 71.8388 110.993 44.2467
vn -0.532946 -0.764788 0.362034
v 71.8392 110.926 44.1063
vn -0.568755 -0.744561 0.349496
v 71.8335 110.778 43.784
vn -0.424963 -0.821855 0.379422
v 71.8279 110.84 43.9041
vn -0.525761 -0.7691 0.363401
v 71.8324 110.745 43.7121
vn -0.453773 -0.803748 0.38481
v 71.8459 110.402 43.0017
vn -0.50704 -0.779295 0.368253
v 71.8211 110.457 43.0829
vn -0.476865 -0.794573 0.375837
v 71.8268 110.604 43.4037
vn -0.623554 -0.706106 0.33555
v 71.8693 110.38 42.9849
vn -0.404023 -0.82761 0.389649
v 71.8281 110.638 43.4771
vn -0.562995 -0.74948 0.348305
v 71.8002 110.984 44.1614
vn -0.548974 -0.75977 0.348393
v 71.8136 110.74 43.6702
vn -0.623492 -0.690321 0.367035
v 71.8138 110.707 43.6006
vn -0.57086 -0.745892 0.343168
v 71.8113 110.572 43.3113
vn -0.589545 -0.731932 0.341632
v 71.7685 111.317 44.7963
vn -0.723859 -0.614819 0.31309
v 71.7913 111.13 44.4524
vn -0.633532 -0.699975 0.329656
v 71.7125 111.458 44.9433
vn -0.76277 -0.572538 0.300637
v 71.7613 111.046 44.2132
vn -0.605835 -0.721255 0.33579
v 71.7499 111.173 44.4513
vn -0.725984 -0.61865 0.300364
v 71.7662 110.854 43.8191
vn -0.662976 -0.691053 0.28794
v 71.7498 111.018 44.1288
vn -0.673557 -0.665965 0.320643
v 71.7602 110.894 43.8929
vn -0.655465 -0.682012 0.324385
v 71.7548 110.643 43.3508
vn -0.674325 -0.667478 0.315846
v 71.7235 110.719 43.4419
vn -0.670707 -0.676828 0.303407
v 71.7341 110.821 43.6793
vn -0.722332 -0.584479 0.369622
v 71.7488 110.612 43.2779
vn -0.66186 -0.676809 0.32229
v 71.7353 110.854 43.7513
vn -0.774056 -0.585664 0.240491
v 71.7667 110.516 43.1118
vn -0.633377 -0.699737 0.330456
v 71.7406 110.519 43.063
vn -0.742501 -0.596033 0.305676
v 71.7507 110.481 43.006
vn -0.668136 -0.670473 0.322585
v 71.9619 109.901 42.0402
vn -0.373829 -0.841239 0.390601
v 71.8662 110.236 42.6745
vn -0.410042 -0.830166 0.377744
v 71.8452 110.358 42.9066
vn -0.523513 -0.771638 0.361261
v 71.838 110.28 42.7293
vn -0.552586 -0.754814 0.353419
v 71.7991 109.894 41.8529
vn -0.449386 -0.81023 0.376271
v 71.8001 110.002 42.0854
vn -0.564743 -0.74611 0.352681
v 71.793 110.114 42.3108
vn -0.551452 -0.754512 0.355827
v 71.8381 110.233 42.6312
vn -0.523815 -0.77038 0.3635
v 71.7908 110.148 42.3777
vn -0.496666 -0.786225 0.36766
v 71.798 109.866 41.7932
vn -0.50457 -0.779798 0.370573
v 71.9422 109.399 40.9451
vn -0.347968 -0.851784 0.391641
v 71.7936 109.757 41.5554
vn -0.546486 -0.757654 0.356811
v 71.7771 109.338 40.6403
vn -0.489539 -0.790636 0.367757
v 71.8822 109.219 40.5129
vn -0.340688 -0.853852 0.393534
v 71.788 109.617 41.2487
vn -0.433028 -0.815619 0.383735
v 71.7804 109.53 41.0528
vn -0.51227 -0.777283 0.365255
v 71.7368 109.293 40.4773
vn -0.61042 -0.723666 0.322017
v 71.7645 109.473 40.9053
vn -0.615561 -0.712307 0.3372
v 71.7349 109.701 41.3332
vn -0.636176 -0.697473 0.329867
v 71.7896 110.255 42.6025
vn -0.629176 -0.701445 0.334831
v 71.772 110.047 42.132
vn -0.607509 -0.717617 0.340528
v 71.7447 109.951 41.8795
vn -0.638339 -0.695208 0.330469
v 71.7248 109.688 41.2849
vn -0.652039 -0.683684 0.327751
v 71.7366 109.529 40.9739
vn -0.630175 -0.701164 0.333539
v 71.7402 109.817 41.5874
vn -0.636597 -0.695835 0.332501
v 71.703 110.149 42.1966
vn -0.747766 -0.598323 0.287845
v 71.7078 110.253 42.4277
vn -0.749403 -0.596162 0.288073
v 71.7302 110.084 42.129
vn -0.663299 -0.676214 0.320577
v 71.7421 110.035 42.0513
vn -0.603844 -0.716647 0.348984
v 71.7173 109.966 41.8523
vn -0.650647 -0.685455 0.326819
v 71.7192 110.406 42.7779
vn -0.693517 -0.647129 0.316635
v 71.7409 110.327 42.6621
vn -0.729117 -0.617521 0.295052
v 71.7448 110.443 42.9131
vn -0.729939 -0.615752 0.296712
v 71.7428 109.881 41.7293
vn -0.720475 -0.629549 0.290833
v 71.6956 109.831 41.5204
vn -0.732666 -0.612856 0.295987
v 71.7415 109.848 41.6564
vn -0.685617 -0.655658 0.316294
v 71.7372 109.761 41.4642
vn -0.671841 -0.669523 0.31681
v 71.7056 109.584 41.0278
vn -0.625414 -0.702185 0.340286
v 71.719 109.481 40.8387
vn -0.554134 -0.751787 0.357425
v 71.7227 109.396 40.667
vn -0.662939 -0.674272 0.325377
v 71.6931 109.411 40.6356
vn -0.669148 -0.67388 0.313252
v 71.6867 109.539 40.8871
vn -0.719976 -0.626389 0.298785
v 71.7244 111.353 44.7614
vn -0.747811 -0.595962 0.29259
v 71.7512 111.293 44.7069
vn -0.612888 -0.719597 0.326417
v 71.7357 111.226 44.5286
vn -0.716387 -0.629792 0.300253
v 71.7479 111.113 44.323
vn -0.457118 -0.793539 0.40167
v 71.7468 111.1 44.2923
vn -0.659951 -0.675537 0.328809
v 71.7212 111.275 44.5903
vn -0.690774 -0.649305 0.318173
v 71.6704 111.261 44.3941
vn -0.829193 -0.502736 0.244325
v 71.7202 111.063 44.1469
vn -0.769034 -0.579049 0.270719
v 71.6565 110.899 43.6039
vn -0.827589 -0.491347 0.271431
v 71.6945 110.648 43.2147
vn -0.770564 -0.574147 0.276742
v 71.704 110.938 43.8431
vn -0.780866 -0.569317 0.25715
v 71.6647 111.118 44.0802
vn -0.871833 -0.439875 0.215445
v 71.6553 110.865 43.5301
vn -0.868356 -0.441455 0.225998
v 71.7379 110.766 43.5737
vn -0.754519 -0.56643 0.331447
v 71.6539 110.776 43.3448
vn -0.822257 -0.511575 0.249367
v 71.6684 110.714 43.2682
vn -0.826455 -0.506093 0.246664
v 71.663 110.791 43.4086
vn -0.822118 -0.5104 0.252217
v 71.7105 110.651 43.2649
vn -0.756164 -0.590708 0.281568
v 71.6589 110.5 42.799
vn -0.798921 -0.542069 0.260552
v 71.691 110.604 43.1143
vn -0.781121 -0.562269 0.271483
v 71.6775 111.443 44.7908
vn -0.863852 -0.448745 0.228884
v 71.6786 111.283 44.4696
vn -0.851751 -0.470013 0.231534
v 71.7043 111.179 44.3416
vn -0.815725 -0.51448 0.264391
v 71.669 111.227 44.3198
vn -0.875496 -0.434062 0.212359
v 71.6634 111.084 44.0075
vn -0.845177 -0.479498 0.23613
v 71.697 110.991 43.9327
vn -0.818483 -0.515958 0.252731
v 71.6351 111.591 44.8792
vn -0.942963 -0.297518 0.149342
v 71.6743 111.363 44.6151
vn -0.897875 -0.392548 0.199314
v 71.6118 111.444 44.4317
vn -0.945508 -0.29269 0.142644
v 71.6608 111.007 43.8414
vn -0.901367 -0.387915 0.192507
v 71.6588 110.96 43.7365
vn -0.872324 -0.439938 0.213322
v 71.6571 110.914 43.6378
vn -0.911567 -0.360311 0.198046
v 71.6457 110.629 43.0142
vn -0.883331 -0.417128 0.213846
v 71.654 110.559 42.9013
vn -0.841535 -0.485432 0.237013
v 71.5922 110.943 43.3365
vn -0.928379 -0.331291 0.168403
v 71.6412 110.507 42.7485
vn -0.827356 -0.506027 0.24376
v 71.6443 110.48 42.7059
vn -0.809118 -0.528957 0.255994
v 71.6362 110.379 42.4701
vn -0.842961 -0.482504 0.237921
v 71.6917 110.198 42.2713
vn -0.749018 -0.596566 0.288238
v 71.6827 110.241 42.3374
vn -0.783352 -0.560192 0.269341
v 71.6975 110.098 42.082
vn -0.732757 -0.613225 0.294995
v 71.6757 110.023 41.868
vn -0.698482 -0.643463 0.313174
v 71.6855 110.053 41.9564
vn 0.0246137 -0.913417 0.40628
v 71.6859 110.079 42.012
vn -0.720244 -0.627275 0.296269
v 71.6663 110.127 42.0548
vn -0.797223 -0.542533 0.264754
v 71.6449 110.417 42.5809
vn -0.837948 -0.490249 0.23979
v 71.6927 109.712 41.2636
vn -0.724645 -0.623703 0.293058
v 71.6591 110.009 41.7908
vn -0.784279 -0.561732 0.263371
v 71.6699 109.766 41.3183
vn -0.766048 -0.582556 0.271659
v 71.6206 109.98 41.5983
vn -0.85815 -0.458722 0.23055
v 71.6519 109.759 41.2522
vn -0.787388 -0.55536 0.267571
v 71.6824 109.574 40.9502
vn -0.73498 -0.612244 0.29148
v 71.6524 109.628 40.9837
vn -0.787474 -0.555392 0.267253
v 71.6641 109.52 40.7925
vn -0.797316 -0.541829 0.265912
v 71.6558 109.434 40.589
vn -0.766713 -0.582187 0.270574
v 71.6318 109.392 40.4339
vn -0.778575 -0.574617 0.252263
v 71.6636 109.492 40.7317
vn -0.490653 -0.798268 0.349325
v 71.6539 109.468 40.6556
vn -0.669143 -0.668155 0.325295
v 71.6443 109.571 40.8422
vn -0.796927 -0.543769 0.263103
v 71.6635 109.83 41.434
vn -0.766568 -0.577898 0.280013
v 71.6188 109.924 41.4787
vn -0.87382 -0.434403 0.218478
v 71.6344 110.331 42.365
vn -0.885622 -0.414386 0.209662
v 71.6294 110.201 42.0807
vn -0.914187 -0.362044 0.182172
v 71.553 109.939 41.1463
vn -0.947089 -0.284226 0.149125
v 71.625 110.09 41.8396
vn -0.8611 -0.456665 0.223525
v 71.6139 109.807 41.2213
vn -0.868182 -0.449278 0.210736
v 71.6219 110.013 41.6712
vn -0.898698 -0.39424 0.192134
v 71.6149 109.832 41.2755
vn -0.888977 -0.412956 0.197957
v 71.6476 109.725 41.1693
vn -0.820221 -0.513885 0.251317
v 71.6097 109.697 40.9826
vn -0.839505 -0.48769 0.239562
v 71.6127 109.773 41.1481
vn -0.887977 -0.411637 0.205064
v 71.6077 109.647 40.8724
vn -0.890306 -0.408149 0.201914
v 71.5563 109.522 40.3773
vn -0.948872 -0.279523 0.14666
v 71.6224 109.48 40.5847
vn -0.82607 -0.507788 0.244458
v 71.6033 109.536 40.629
vn -0.887981 -0.417711 0.192371
v 71.7901 109.62 41.2473
vn -0.855586 0.475752 -0.204041
v 71.785 109.536 41.0718
vn -0.853627 0.479012 -0.204617
v 71.7891 109.618 41.248
vn -0.479168 0.00383672 -0.877715
v 71.7352 109.677 41.2778
vn -0.481087 0.00278976 -0.876668
v 71.7318 109.582 41.0703
vn 0.701644 -0.652316 0.28667
v 71.7352 109.677 41.2778
vn 0.8058 -0.543894 0.234234
v 71.7309 109.581 41.0667
vn 0.7604 -0.645454 0.0719805
v 71.7263 109.576 41.0458
vn 0.637612 -0.749328 -0.178768
v 71.7075 109.585 41.0279
vn -0.0178839 -0.419251 -0.907694
v 71.718 109.578 41.0341
vn 0.333647 -0.670977 -0.662171
v 71.6986 109.597 41.0309
vn -0.544358 0.191299 -0.816749
v 71.706 109.586 41.027
vn -0.332012 -0.0833322 -0.939587
v 71.6952 109.605 41.0366
vn -0.695438 0.429049 -0.57644
v 71.6909 109.615 41.0536
vn -0.667975 0.617226 -0.415741
v 71.6896 109.617 41.0587
vn -0.670763 0.676967 -0.302972
v 71.6941 109.713 41.263
vn -0.645982 0.695023 -0.315674
v 71.6518 109.758 41.243
vn -0.0359986 -0.430963 -0.901651
v 71.6156 109.808 41.2208
vn -0.0124957 -0.411058 -0.911524
v 71.6941 109.713 41.263
vn -0.0526152 -0.447736 -0.892617
v 71.6144 109.774 41.1477
vn 0.53551 -0.769226 0.348599
v 71.6156 109.808 41.2208
vn 0.538802 -0.767183 0.348026
v 71.6144 109.774 41.1477
vn -0.00326684 0.408133 0.912917
v 71.6476 109.725 41.1693
vn 0.0270525 0.410259 0.911568
v 71.6507 109.727 41.1683
vn 0.582242 -0.742622 0.330918
v 71.6459 109.681 41.0736
vn 0.582245 -0.742584 0.330998
v 71.6114 109.698 40.9822
vn 0.475135 -0.816541 -0.327882
v 71.6474 109.682 41.0731
vn 0.379473 -0.871511 -0.310594
v 71.6114 109.698 40.9822
vn 0.539241 -0.771645 0.337319
v 71.6093 109.651 40.8789
vn 0.451644 -0.813439 0.366518
v 71.609 109.651 40.879
vn -0.446028 0.818826 0.361362
v 71.6544 109.629 40.983
vn -0.355814 0.870075 0.341124
v 71.6524 109.628 40.9837
vn 0.559486 -0.43683 0.704382
v 71.6613 109.612 40.9684
vn 0.519834 -0.383077 0.763561
v 71.672 109.591 40.9546
vn 0.438888 -0.179306 0.880469
v 71.6842 109.574 40.9489
vn 0.298136 0.101173 0.949146
v 71.6959 109.56 40.9489
vn 0.136077 0.289969 0.947313
v 71.7542 109.523 40.9884
vn -0.460616 0.769038 0.443186
v 71.7401 109.528 40.9726
vn -0.361269 0.618206 0.698073
v 71.7282 109.536 40.9613
vn -0.139153 0.60851 0.78125
v 71.7139 109.544 40.9548
vn 0.00571647 0.469342 0.882998
v 71.6954 109.558 40.9496
vn 0.0897787 0.351284 0.931954
v 71.7739 109.523 41.0274
vn -0.744525 0.652508 0.141123
v 71.7832 109.532 41.0553
vn -0.776163 0.630488 0.00739754
v 71.7871 109.539 41.0704
vn -0.84022 0.534188 -0.093129
v 71.7664 109.522 41.008
vn -0.650332 0.700791 0.29319
v 71.6655 110.068 41.924
vn -0.610428 0.723815 -0.321666
v 71.6679 110.128 42.0543
vn -0.61432 0.721508 -0.319432
v 71.6676 110.128 42.0544
vn -0.363686 0.122926 -0.923375
v 71.6293 110.2 42.0785
vn -0.31674 0.137032 -0.938562
v 71.631 110.2 42.0781
vn 0.474258 -0.805271 0.355834
v 71.6267 110.091 41.8392
vn 0.540822 -0.767517 0.344134
v 71.6298 110.076 41.8218
vn 0.481665 -0.560356 0.673795
v 71.6267 110.091 41.8392
vn 0.526645 -0.62459 0.576656
v 71.6357 110.059 41.8066
vn 0.404093 -0.417095 0.814089
v 71.6446 110.038 41.7956
vn 0.361447 -0.192676 0.912268
v 71.6623 110.011 41.7898
vn 0.250095 0.0721759 0.965527
v 71.6607 110.01 41.7903
vn 0.0768141 0.345322 0.935335
v 71.6765 109.992 41.7971
vn -0.0232498 0.480837 0.876502
v 71.695 109.973 41.8128
vn -0.0952209 0.638004 0.764123
v 71.7017 109.973 41.8172
vn -0.355001 0.647846 0.673995
v 71.7017 109.973 41.8172
vn -0.455988 0.67819 0.57631
v 71.7111 109.967 41.8343
vn -0.544845 0.720639 0.428745
v 71.7222 109.966 41.8593
vn -0.565649 0.813118 0.13741
v 71.7287 109.971 41.8838
vn -0.738719 0.673974 -0.00732515
v 71.7335 109.981 41.9139
vn -0.716597 0.673522 -0.181263
v 71.7342 109.989 41.932
vn -0.737409 0.624145 -0.258209
v 71.7348 109.982 41.9132
vn -0.73377 0.64307 -0.219184
v 71.7347 110 41.9578
vn -0.751777 0.605407 -0.26137
v 71.7352 110.017 41.9918
vn -0.681088 0.664019 -0.308541
v 71.7355 110.03 42.0211
vn -0.770357 0.578267 -0.268621
v 71.7354 110.033 42.0261
vn -0.750894 0.611615 -0.249169
v 71.737 110.039 42.04
vn -0.659408 0.74998 -0.052067
v 71.7404 110.039 42.0503
vn -0.227923 0.645252 0.729179
v 71.7456 110.035 42.0506
vn 0.485826 -0.0266636 0.873649
v 71.7479 110.03 42.0467
vn 0.765529 -0.424413 0.483569
v 71.7489 110.025 42.0379
vn 0.777319 -0.555913 0.294508
v 71.7488 110.021 42.0299
vn 0.76233 -0.59907 0.244886
v 71.7483 110.018 42.0228
vn 0.743096 -0.629055 0.228249
v 71.7484 110.015 42.0166
vn 0.760528 -0.596238 0.257096
v 71.7471 110.014 42.017
vn 0.755148 -0.601566 0.260519
v 71.7463 109.953 41.8787
vn 0.825834 -0.517502 0.224034
v 71.7462 109.953 41.8787
vn 0.465379 0.00829359 0.885073
v 71.8004 109.896 41.852
vn 0.487533 0.0886446 0.868593
v 71.8037 109.994 42.0693
vn -0.840745 0.497346 -0.213998
v 71.8003 109.895 41.8521
vn -0.662653 0.686075 -0.30032
v 71.7974 110.015 42.1022
vn -0.784902 0.34578 -0.514164
v 71.7859 110.034 42.1235
vn -0.647768 0.156619 -0.745565
v 71.8037 109.994 42.0693
vn -0.849162 0.42086 -0.319061
v 71.7581 110.063 42.1357
vn -0.205425 -0.243229 -0.947966
v 71.7459 110.074 42.134
vn -0.057055 -0.388444 -0.919704
v 71.7724 110.049 42.1329
vn -0.443936 -0.0463799 -0.894858
v 71.732 110.085 42.1286
vn 0.0217289 -0.455554 -0.889943
v 71.713 110.096 42.1082
vn 0.493286 -0.684841 -0.536341
v 71.7008 110.099 42.0864
vn 0.606677 -0.745557 -0.27584
v 71.6929 110.098 42.0602
vn 0.681825 -0.730538 -0.0378126
v 71.7316 110.085 42.1284
vn 0.310272 -0.686429 -0.657683
v 71.6867 110.088 42.033
vn 0.549647 -0.819634 0.161517
v 71.6885 110.088 42.0282
vn 0.596779 -0.761062 0.254243
v 71.6869 110.083 42.0175
vn 0.602787 -0.750659 0.270477
v 71.6873 110.079 42.0082
vn 0.631199 -0.703738 0.3261
v 71.687 110.074 41.9985
vn 0.57799 -0.744921 0.333197
v 71.687 110.07 41.9885
vn 0.601945 -0.724836 0.335073
v 71.6874 110.064 41.9753
vn 0.610987 -0.732798 0.299503
v 71.6863 110.058 41.9668
vn 0.68377 -0.673594 0.280589
v 71.6886 110.072 41.9898
vn 0.901628 -0.393756 0.178949
v 71.6885 110.059 41.9627
vn 0.678797 -0.640536 0.359092
v 71.6855 110.056 41.9628
vn 0.626469 -0.715678 0.308775
v 71.6868 110.05 41.948
vn 0.678941 -0.661901 0.317687
v 71.6871 110.041 41.9279
vn 0.629629 -0.718357 0.295856
v 71.6856 110.033 41.9153
vn 0.633101 -0.724712 0.271984
v 71.6855 110.025 41.8935
vn 0.631365 -0.723698 0.278639
v 71.6855 110.025 41.8927
vn 0.642522 -0.747756 0.167414
v 71.685 110.024 41.8868
vn 0.613521 -0.782192 0.108478
v 71.6836 110.023 41.8803
vn 0.53743 -0.842444 -0.0381769
v 71.6784 110.023 41.869
vn 0.285478 -0.723873 -0.6281
v 71.6702 110.033 41.8657
vn -0.442109 0.122322 -0.888582
v 71.6651 110.041 41.8728
vn -0.51988 0.615827 -0.592015
v 71.6654 110.048 41.8811
vn -0.593753 0.679833 -0.430447
v 71.6643 110.052 41.8899
vn -0.541236 0.759828 -0.360173
v 71.6749 110.026 41.8656
vn -0.0678056 -0.399108 -0.914394
v 71.6648 110.057 41.8985
vn -0.597259 0.740316 -0.308566
v 71.6651 110.062 41.9095
vn -0.569593 0.764757 -0.301182
v 71.6652 110.067 41.9221
vn -0.594967 0.75225 -0.28308
v 71.6359 110.326 42.3532
vn 0.346344 -0.855196 0.385597
v 71.6311 110.203 42.0826
vn 0.350692 -0.853746 0.384881
v 71.6311 110.203 42.0826
vn -0.299727 0.773216 0.558838
v 71.6905 110.156 42.1791
vn -0.287896 0.783765 0.550299
v 71.7242 110.138 42.223
vn -0.369842 0.727124 0.578366
v 71.7443 110.128 42.2497
vn -0.352909 0.724273 0.592354
v 71.7664 110.123 42.2709
vn -0.441095 0.663197 0.604653
v 71.7719 110.121 42.2773
vn -0.383852 0.709127 0.591436
v 71.7654 110.121 42.2719
vn -0.42673 0.612315 0.665561
v 71.7788 110.117 42.2861
vn -0.396877 0.6904 0.604844
v 71.7883 110.113 42.2969
vn -0.536181 0.645959 0.543366
v 71.8006 110.113 42.3142
vn -0.649486 0.700309 0.296203
v 71.79 110.113 42.2987
vn -0.555233 0.655128 0.512371
v 71.8069 110.115 42.3296
vn -0.773382 0.616678 0.146931
v 71.8098 110.119 42.3418
vn -0.80182 0.580995 -0.139751
v 71.8089 110.125 42.3548
vn -0.815871 0.466596 -0.341531
v 71.8064 110.13 42.361
vn -0.749035 0.264315 -0.607524
v 71.7889 110.154 42.3834
vn -0.553677 0.0496293 -0.831252
v 71.7701 110.175 42.3945
vn -0.473641 -0.00145465 -0.880717
v 71.7655 110.181 42.3969
vn -0.468838 0.020109 -0.883055
v 71.7441 110.203 42.4087
vn -0.453087 0.0280731 -0.891024
v 71.7235 110.23 42.4196
vn -0.421466 0.0409434 -0.90592
v 71.6862 110.289 42.4392
vn -0.383169 0.0610926 -0.921656
v 71.6378 110.378 42.4653
vn -0.318856 0.0978388 -0.94274
v 71.6358 110.337 42.3762
vn 0.431871 -0.822926 0.369161
v 71.6378 110.378 42.4653
vn 0.440903 -0.81898 0.367256
v 71.6361 110.337 42.3761
vn 0.325082 -0.111743 0.939061
v 71.6817 110.248 42.3493
vn 0.378878 -0.0949359 0.920564
v 71.7299 110.18 42.3215
vn 0.332808 -0.156394 0.929935
v 71.7104 110.189 42.2965
vn 0.451019 -0.661431 -0.599242
v 71.7299 110.18 42.3215
vn 0.335204 -0.756208 -0.561949
v 71.7013 110.196 42.2817
vn 0.332171 -0.780213 -0.530029
v 71.6712 110.212 42.2393
vn 0.324529 -0.774719 -0.542672
v 71.6728 110.255 42.3322
vn -0.589863 0.739345 -0.3247
v 71.6712 110.212 42.2393
vn -0.670119 0.6775 -0.303205
v 71.6342 110.326 42.3536
vn -0.317882 0.112126 -0.941477
v 71.6728 110.255 42.3322
vn -0.315439 0.113236 -0.942165
v 71.6882 110.327 42.5262
vn -0.288187 0.496961 0.818522
v 71.739 110.287 42.5673
vn 0.047398 0.767763 0.638979
v 71.8214 110.241 42.6199
vn -0.141441 0.631406 0.762444
v 71.6381 110.382 42.4742
vn -0.143118 0.608395 0.780623
v 71.8332 110.236 42.6265
vn -0.246554 0.541827 0.803514
v 71.8232 110.241 42.6207
vn -0.224481 0.514789 0.827406
v 71.8439 110.233 42.6329
vn -0.340733 0.605122 0.719534
v 71.8521 110.232 42.6395
vn -0.496642 0.530195 0.687198
v 71.8639 110.232 42.6571
vn -0.711076 0.653374 0.259757
v 71.8519 110.231 42.6397
vn -0.573048 0.629606 0.524607
v 71.8711 110.237 42.6769
vn -0.802119 0.595629 0.0427925
v 71.8716 110.237 42.6782
vn -0.880169 0.461604 -0.110567
v 71.8717 110.245 42.6942
vn -0.878457 0.327798 -0.347651
v 71.8677 110.253 42.707
vn -0.805001 0.206562 -0.556152
v 71.8564 110.266 42.7191
vn -0.611082 0.00271894 -0.791562
v 71.8397 110.28 42.7288
vn -0.491734 -0.0977988 -0.865236
v 71.8397 110.28 42.7288
vn -0.464052 -0.09149 -0.881071
v 71.7688 110.349 42.7586
vn -0.425372 -0.0602269 -0.903013
v 71.7192 110.406 42.7779
vn -0.389348 -0.0286517 -0.920645
v 71.776 110.38 42.8389
vn -0.40436 0.650393 0.643026
v 71.7206 110.407 42.7773
vn -0.394831 0.649872 0.649442
v 71.8196 110.365 42.8809
vn -0.34797 0.707726 0.61485
v 71.8193 110.365 42.8811
vn -0.455145 0.644474 0.614407
v 71.8343 110.362 42.8937
vn -0.405588 0.61282 0.678196
v 71.8526 110.357 42.9104
vn -0.513796 0.611506 0.601726
v 71.8668 110.356 42.9275
vn -0.812928 0.468531 0.345871
v 71.8752 110.361 42.9438
vn -0.785435 0.608512 0.113159
v 71.8774 110.37 42.9645
vn -0.868507 0.416253 -0.269126
v 71.8735 110.378 42.9798
vn -0.831991 0.245067 -0.497729
v 71.8756 110.361 42.9516
vn -0.892618 0.431355 -0.131018
v 71.8672 110.386 42.9889
vn -0.708836 0.0571788 -0.703052
v 71.8557 110.397 42.9976
vn -0.524344 -0.0853889 -0.847214
v 71.8436 110.407 43.0029
vn -0.441014 -0.150866 -0.884729
v 71.8436 110.409 43.0025
vn -0.250201 -0.281417 -0.926393
v 71.7791 110.457 43.0054
vn -0.240688 -0.266593 -0.933272
v 71.7378 110.494 43.0057
vn -0.187839 -0.223089 -0.956529
v 71.6943 110.549 43.0027
vn -0.197222 -0.205334 -0.958614
v 71.6473 110.622 42.9972
vn -0.160008 -0.177324 -0.971058
v 71.6456 110.576 42.8987
vn 0.41951 -0.827979 0.372105
v 71.6473 110.622 42.9972
vn 0.541596 -0.764874 0.348771
v 71.6452 110.576 42.8988
vn 0.14995 0.215078 0.965016
v 71.686 110.512 42.9069
vn 0.148209 0.213258 0.965689
v 71.7448 110.443 42.9131
vn 0.172689 0.229924 0.957765
v 71.7461 110.444 42.9125
vn 0.327579 -0.73324 -0.595862
v 71.7323 110.451 42.896
vn 0.363926 -0.691959 -0.623498
v 71.715 110.459 42.8774
vn 0.311772 -0.732988 -0.604588
v 71.7099 110.462 42.8709
vn 0.259448 -0.75248 -0.605359
v 71.7167 110.462 42.8747
vn 0.322906 -0.740058 -0.589954
v 71.7056 110.468 42.8617
vn 0.243667 -0.786293 -0.567776
v 71.6962 110.471 42.8532
vn 0.288 -0.740455 -0.607274
v 71.6897 110.475 42.8445
vn 0.435305 -0.65383 -0.618883
v 71.6803 110.482 42.8313
vn 0.315736 -0.730912 -0.605045
v 71.6747 110.491 42.8174
vn 0.342355 -0.742982 -0.575127
v 71.6972 110.474 42.8495
vn 0.301653 -0.765566 -0.568256
v 71.6662 110.496 42.808
vn 0.295665 -0.705848 -0.643709
v 71.6708 110.492 42.8149
vn 0.232638 -0.730553 -0.642006
v 71.6614 110.501 42.8001
vn 0.263685 -0.755334 -0.599951
v 71.656 110.505 42.7913
vn 0.216646 -0.828385 -0.516568
v 71.6527 110.509 42.784
vn 0.391732 -0.781238 -0.486018
v 71.6464 110.511 42.7675
vn 0.466818 -0.870777 -0.154362
v 71.6413 110.509 42.7474
vn 0.448994 -0.887175 0.106418
v 71.6518 110.509 42.7824
vn 0.459547 -0.790299 -0.40527
v 71.6408 110.505 42.7307
vn 0.579109 -0.757185 0.302165
v 71.6406 110.498 42.7197
vn 0.502796 -0.721765 0.475659
v 71.6441 110.486 42.7072
vn 0.424929 -0.432108 0.795436
v 71.6493 110.472 42.7
vn 0.3573 -0.215845 0.908706
v 71.6414 110.496 42.7172
vn 0.494558 -0.619543 0.609572
v 71.6596 110.451 42.694
vn 0.317908 -0.0563181 0.946447
v 71.6694 110.434 42.6902
vn 0.333523 -0.0546639 0.941156
v 71.6694 110.434 42.6902
vn 0.324918 -0.0282791 0.945319
v 71.6874 110.408 42.6832
vn 0.336749 -0.0143511 0.941485
v 71.7003 110.385 42.6782
vn 0.355264 0.00263948 0.934762
v 71.7209 110.356 42.6703
vn 0.372121 0.0037636 0.928177
v 71.7422 110.329 42.6615
vn 0.417389 0.0177205 0.908555
v 71.6743 110.387 42.6086
vn 0.150334 -0.566235 -0.810418
v 71.7416 110.328 42.6618
vn 0.1118 -0.58521 -0.803138
v 71.6393 110.427 42.5733
vn 0.215668 -0.536234 -0.816052
v 71.6382 110.426 42.5736
vn 0.471433 -0.804089 0.362205
v 71.6397 110.383 42.4737
vn 0.549628 -0.764262 0.337362
v 71.768 110.517 43.1112
vn 0.493847 0.0265398 0.869143
v 71.8221 110.458 43.0822
vn 0.493948 0.0253247 0.869122
v 71.8221 110.458 43.0822
vn -0.817226 0.526116 -0.235255
v 71.8234 110.5 43.1699
vn -0.822526 0.519076 -0.232401
v 71.8234 110.5 43.1699
vn -0.818109 0.534997 -0.210892
v 71.8247 110.519 43.2152
vn -0.839476 0.503026 -0.205533
v 71.8249 110.538 43.2548
vn -0.82755 0.506907 -0.241259
v 71.8221 110.553 43.2812
vn -0.830897 0.396802 -0.390076
v 71.8161 110.567 43.3036
vn -0.762231 0.364137 -0.535172
v 71.8249 110.538 43.2548
vn -0.822399 0.464467 -0.328528
v 71.8075 110.583 43.323
vn -0.732716 0.235348 -0.638545
v 71.7961 110.6 43.3384
vn -0.633057 0.199115 -0.748059
v 71.7842 110.615 43.3481
vn -0.515428 0.0281236 -0.856471
v 71.7636 110.638 43.3556
vn -0.309596 -0.143854 -0.939924
v 71.7961 110.6 43.3384
vn -0.587814 0.0742926 -0.805577
v 71.746 110.655 43.3557
vn -0.179992 -0.262417 -0.948019
v 71.746 110.655 43.3557
vn -0.0491593 -0.32893 -0.943074
v 71.7224 110.678 43.3467
vn 0.0689539 -0.461584 -0.884412
v 71.7003 110.699 43.3285
vn 0.247187 -0.647268 -0.721071
v 71.6876 110.709 43.3121
vn 0.304859 -0.777223 -0.55044
v 71.676 110.716 43.2925
vn 0.226507 -0.892714 -0.38956
v 71.6744 110.715 43.293
vn 0.412907 -0.825092 -0.385656
v 71.6662 110.721 43.2692
vn 0.362258 -0.905647 -0.220391
v 71.6594 110.721 43.2409
vn 0.481763 -0.874546 -0.0554321
v 71.6521 110.712 43.196
vn 0.588169 -0.787966 0.182117
v 71.6502 110.701 43.1685
vn 0.506989 -0.809063 0.297286
v 71.6473 110.63 43.0138
vn 0.534323 -0.771383 0.34564
v 71.6502 110.701 43.1685
vn 0.508316 -0.784587 0.355019
v 71.6986 110.563 43.0435
vn 0.0181117 0.419148 0.907737
v 71.6471 110.63 43.0138
vn -0.0273596 0.393718 0.918824
v 71.742 110.52 43.0624
vn 0.0565219 0.449483 0.891499
v 71.742 110.52 43.0624
vn -0.661637 0.684883 -0.305241
v 71.7452 110.615 43.2705
vn -0.777619 0.576986 -0.24979
v 71.745 110.615 43.2706
vn 0.355718 -0.7875 -0.503297
v 71.7001 110.638 43.2036
vn 0.405122 -0.749339 -0.5238
v 71.6976 110.597 43.1174
vn 0.526602 -0.776699 0.345584
v 71.7012 110.639 43.2032
vn 0.516336 -0.782239 0.348567
v 71.6984 110.598 43.1171
vn -0.0116843 -0.414144 -0.910136
v 71.6863 110.612 43.1106
vn -0.0317805 -0.460612 -0.887033
v 71.6884 110.655 43.2046
vn -0.616832 0.720246 -0.317434
v 71.6877 110.613 43.1102
vn -0.468053 0.807593 -0.358775
v 71.69 110.656 43.2041
vn -0.561655 0.804339 -0.193861
v 71.6905 110.659 43.2185
vn -0.52094 0.851102 0.065167
v 71.7029 110.658 43.2527
vn -0.334833 0.83712 0.43257
v 71.7121 110.652 43.266
vn -0.294856 0.632856 0.715928
v 71.7273 110.639 43.2769
vn 0.0469829 0.40424 0.913446
v 71.7419 110.624 43.2797
vn 0.251864 0.251544 0.9345
v 71.7419 110.624 43.2797
vn 0.325771 0.124983 0.937151
v 71.7494 110.614 43.2777
vn 0.409814 -0.0637043 0.909942
v 71.7597 110.599 43.268
vn 0.57199 -0.280998 0.770628
v 71.767 110.584 43.2512
vn 0.737074 -0.412546 0.535283
v 71.7701 110.573 43.2335
vn 0.778799 -0.506952 0.369421
v 71.7705 110.574 43.2334
vn 0.798408 -0.552159 0.240135
v 71.768 110.517 43.1112
vn 0.720486 -0.636194 0.275967
v 71.7745 110.677 43.4602
vn -0.0442995 -0.445694 -0.894088
v 71.725 110.721 43.4413
vn 0.00811888 -0.388786 -0.921292
v 71.8292 110.639 43.4764
vn -0.025398 -0.427606 -0.903609
v 71.7955 110.709 43.5691
vn -0.504719 0.790124 0.347797
v 71.725 110.721 43.4413
vn -0.433861 0.842234 0.320011
v 71.8005 110.708 43.5787
vn -0.57412 0.714702 0.399484
v 71.7958 110.709 43.5689
vn -0.622381 0.672099 0.401154
v 71.8096 110.706 43.5926
vn -0.547732 0.719631 0.426756
v 71.8232 110.709 43.6094
vn -0.639398 0.679583 0.359634
v 71.803 110.71 43.5778
vn 0 1 0
v 71.8086 110.71 43.5862
vn -0.668454 0.508814 0.542473
v 71.8101 110.709 43.5884
vn 0 1 0
v 71.8226 110.708 43.6111
vn -0.69709 0.664957 0.268138
v 71.8275 110.709 43.6224
vn -0.739311 0.667283 0.0902873
v 71.8304 110.713 43.6338
vn -0.814786 0.578711 -0.0348801
v 71.8319 110.72 43.6501
vn -0.802619 0.491001 -0.338704
v 71.829 110.728 43.6621
vn -0.711548 0.33699 -0.616553
v 71.827 110.729 43.6652
vn -0.622205 0.100818 -0.776336
v 71.8198 110.738 43.6697
vn -0.416126 -0.148493 -0.8971
v 71.8023 110.752 43.6694
vn -0.119362 -0.389225 -0.913376
v 71.7788 110.769 43.6625
vn -0.0445704 -0.494637 -0.867956
v 71.7656 110.777 43.6586
vn 0.00229582 -0.43483 -0.90051
v 71.714 110.828 43.6357
vn -0.0488644 -0.446585 -0.893406
v 71.7632 110.781 43.6566
vn -0.123591 -0.516426 -0.847366
v 71.6565 110.899 43.6039
vn 0.0593223 -0.372858 -0.92599
v 71.657 110.866 43.5297
vn 0.5416 -0.76679 0.344531
v 71.6599 110.901 43.603
vn 0.542101 -0.766525 0.344334
v 71.7393 110.767 43.5731
vn 0.034178 0.42708 0.903568
v 71.657 110.866 43.5297
vn 0.0297028 0.41876 0.907611
v 71.7054 110.776 43.5061
vn 0.574837 -0.72232 -0.384469
v 71.6733 110.788 43.434
vn 0.453821 -0.830183 -0.323794
v 71.7393 110.767 43.5731
vn 0.538217 -0.758329 -0.367775
v 71.6644 110.793 43.4101
vn 0.394052 -0.852124 -0.344395
v 71.6703 110.79 43.4256
vn 0.39375 -0.832675 -0.389377
v 71.66 110.795 43.3982
vn 0.383353 -0.881574 -0.275442
v 71.656 110.796 43.3852
vn 0.478686 -0.867436 -0.135698
v 71.6537 110.794 43.3716
vn 0.399316 -0.902275 0.162621
v 71.656 110.796 43.3852
vn 0.499548 -0.863957 -0.0634823
v 71.6528 110.79 43.358
vn 0.439396 -0.864361 0.244562
v 71.652 110.79 43.3571
vn 0.512439 -0.759044 0.40157
v 71.6525 110.783 43.3466
vn 0.433205 -0.654607 0.619535
v 71.6552 110.776 43.3397
vn 0.411264 -0.384968 0.826233
v 71.6595 110.766 43.337
vn 0.239095 0.0094551 0.97095
v 71.6663 110.751 43.3389
vn 0.130958 0.345024 0.929413
v 71.6742 110.746 43.3403
vn 0.0576237 0.372956 0.926058
v 71.6772 110.736 43.3447
vn -0.049573 0.397101 0.916435
v 71.6813 110.732 43.3466
vn 0.0132612 0.443944 0.895956
v 71.6979 110.717 43.3537
vn 0.0131344 0.448826 0.893522
v 71.6756 110.745 43.3409
vn -0.122913 0.134172 0.983306
v 71.6857 110.732 43.3468
vn -0.00654201 0.414068 0.910223
v 71.6799 110.739 43.3434
vn -0.0089578 0.476384 0.879192
v 71.767 110.646 43.3852
vn 0.113989 0.524927 0.843479
v 71.6948 110.715 43.3548
vn -0.015716 0.392777 0.9195
v 71.8279 110.605 43.403
vn 0.0139895 0.421948 0.906512
v 71.8292 110.639 43.4764
vn -0.843481 0.492692 -0.213998
v 71.8279 110.605 43.403
vn -0.835607 0.503706 -0.219183
v 71.7028 111.069 44.102
vn 0.0211495 -0.388714 -0.921116
v 71.6664 111.118 44.0798
vn -0.0382851 -0.431574 -0.901265
v 71.7452 111.023 44.1222
vn -0.0139258 -0.41818 -0.908257
v 71.6651 111.085 44.0071
vn 0.526866 -0.774276 0.350584
v 71.6681 111.119 44.0794
vn 0.422767 -0.825584 0.373737
v 71.7003 111.037 44.0288
vn 0.00416616 0.418992 0.907981
v 71.6651 111.085 44.0071
vn -0.0108046 0.39741 0.917578
v 71.7003 111.037 44.0288
vn 0.582787 -0.74318 0.328698
v 71.6986 110.993 43.9322
vn 0.681457 -0.666542 0.302222
v 71.6799 111 43.886
vn 0.409039 -0.857533 -0.31197
v 71.6625 111.008 43.841
vn 0.530234 -0.782365 -0.326737
v 71.697 110.991 43.9327
vn 0.586679 -0.722185 -0.36641
v 71.6604 110.961 43.7361
vn 0.512546 -0.786291 0.345025
v 71.6625 111.008 43.841
vn 0.48459 -0.802633 0.347782
v 71.6604 110.961 43.7361
vn -0.41824 0.846967 0.32821
v 71.6933 110.945 43.8174
vn -0.484252 0.793152 0.369338
v 71.7056 110.939 43.8426
vn -0.337129 0.862293 0.377881
v 71.7116 110.924 43.8288
vn 0.538268 -0.374978 0.754758
v 71.7056 110.939 43.8426
vn 0.57347 -0.47157 0.669891
v 71.7216 110.906 43.8158
vn 0.533412 -0.0968877 0.840288
v 71.7396 110.879 43.8076
vn 0.296286 -0.0177133 0.954935
v 71.7423 110.876 43.8078
vn 0.199795 0.228575 0.952804
v 71.7601 110.857 43.8128
vn 0.00651263 0.445159 0.895428
v 71.7805 110.846 43.8218
vn -0.220664 0.542713 0.810414
v 71.7926 110.837 43.8327
vn -0.318779 0.634342 0.704266
v 71.8065 110.834 43.8489
vn -0.534183 0.724047 0.436353
v 71.7937 110.836 43.8337
vn -0.448143 0.652311 0.611277
v 71.8186 110.833 43.8701
vn -0.709621 0.638996 0.296854
v 71.8361 110.847 43.9324
vn -0.820032 0.567356 -0.0751938
v 71.8314 110.84 43.9037
vn -0.783029 0.617149 0.0774178
v 71.8372 110.848 43.9317
vn -0.839969 0.500257 -0.210225
v 71.8392 110.926 44.1063
vn -0.846118 0.490973 -0.207439
v 71.8403 110.928 44.1056
vn -0.531448 -0.0166631 -0.846927
v 71.7869 110.987 44.1378
vn -0.49629 0.0232357 -0.867846
v 71.7869 110.987 44.1378
vn 0.761722 -0.594364 0.257897
v 71.7833 110.892 43.9321
vn 0.772065 -0.582083 0.255138
v 71.7833 110.892 43.9317
vn 0.784949 -0.606682 0.125662
v 71.7806 110.888 43.9146
vn 0.709863 -0.70292 -0.044692
v 71.7714 110.887 43.896
vn 0.367208 -0.69618 -0.61684
v 71.7552 110.898 43.8863
vn -0.043652 -0.369689 -0.92813
v 71.7547 110.899 43.8862
vn -0.223614 -0.209549 -0.951885
v 71.7528 110.903 43.8867
vn -0.37482 -0.0425913 -0.926119
v 71.7483 110.909 43.8903
vn -0.538559 0.234056 -0.809427
v 71.7521 110.903 43.887
vn -0.415412 0.0156021 -0.9095
v 71.741 110.929 43.919
vn -0.66212 0.582914 -0.470966
v 71.7479 110.91 43.8909
vn -0.651893 0.449264 -0.610899
v 71.7452 111.023 44.1222
vn -0.662817 0.684839 -0.302768
v 71.741 110.929 43.919
vn -0.786811 0.566119 -0.245842
v 71.6618 110.949 43.7089
vn 0.542069 -0.770618 0.335126
v 71.6588 110.915 43.6374
vn 0.541434 -0.764908 0.348949
v 71.6588 110.915 43.6374
vn 0.0106575 0.414634 0.909926
v 71.8324 110.745 43.7121
vn 0.0289732 0.428615 0.903022
v 71.8346 110.748 43.7107
vn 0.0149469 0.413982 0.910162
v 71.8346 110.748 43.7107
vn -0.837316 0.499333 -0.222639
v 71.8346 110.779 43.7833
vn -0.837695 0.503247 -0.212155
v 71.8357 110.781 43.7826
vn -0.0173091 -0.413896 -0.91016
v 71.7381 110.856 43.7501
vn -0.100848 -0.479517 -0.871718
v 71.6618 110.949 43.7089
vn -0.0517769 -0.439499 -0.896749
v 71.6843 109.902 41.6325
vn -0.00558014 0.397548 0.917565
v 71.7428 109.849 41.6558
vn -0.00627234 0.395579 0.918411
v 71.6223 109.981 41.5979
vn 0.0380537 0.422016 0.905789
v 71.7415 109.848 41.6564
vn 0.775659 -0.578919 0.25141
v 71.7427 109.819 41.5861
vn 0.723719 -0.635432 0.269178
v 71.7946 109.76 41.5568
vn 0.493035 0.0043501 0.869998
v 71.7414 109.818 41.5868
vn 0.471358 -0.023123 0.881639
v 71.7991 109.868 41.7925
vn -0.856264 0.476309 -0.199853
v 71.7946 109.76 41.5568
vn -0.843303 0.493532 -0.212759
v 71.8002 109.869 41.7918
vn -0.514521 -0.0239579 -0.857143
v 71.7444 109.925 41.8237
vn -0.49632 -0.00115594 -0.868139
v 71.7457 109.927 41.823
vn 0.793073 -0.557031 0.246477
v 71.7441 109.882 41.7287
vn 0.78577 -0.565453 0.250656
v 71.6707 109.952 41.6982
vn -0.0308467 -0.426521 -0.903951
v 71.6236 110.014 41.6707
vn -0.00117067 -0.408949 -0.912556
v 71.7441 109.882 41.7287
vn -0.0123064 -0.411001 -0.911552
v 71.6219 110.013 41.6712
vn 0.532693 -0.77124 0.348464
v 71.6223 109.981 41.5979
vn 0.538661 -0.774633 0.331342
v 71.7211 109.811 41.5293
vn -0.0317309 -0.442581 -0.896167
v 71.667 109.864 41.5057
vn -0.0552782 -0.444947 -0.893849
v 71.7937 109.756 41.5534
vn -0.0123207 -0.416267 -0.909159
v 71.6205 109.925 41.4783
vn -0.0424425 -0.437066 -0.898427
v 71.6205 109.925 41.4783
vn 0.558988 -0.759611 0.332452
v 71.6166 109.833 41.2751
vn 0.396531 -0.836045 0.379199
v 71.6535 109.76 41.2517
vn 0.343754 -0.124411 0.930782
v 71.6149 109.832 41.2755
vn 0.331357 -0.133602 0.933998
v 71.6572 109.842 41.4293
vn -0.682749 0.668018 -0.295982
v 71.6535 109.76 41.2517
vn -0.564432 0.754409 -0.335088
v 71.6565 109.841 41.4296
vn 0.0134076 0.382443 0.923882
v 71.6734 109.822 41.4374
vn 0.0577593 0.414278 0.908316
v 71.6733 109.822 41.4374
vn 0.654894 -0.691742 0.304313
v 71.6709 109.767 41.3179
vn 0.647113 -0.697432 0.307949
v 71.671 109.767 41.3179
vn 0.422859 -0.0749022 0.903095
v 71.7174 109.701 41.2906
vn 0.419329 -0.0807858 0.904233
v 71.7207 109.777 41.4579
vn -0.586994 0.741482 -0.325027
v 71.7173 109.701 41.2906
vn -0.608695 0.726813 -0.318171
v 71.7204 109.777 41.458
vn 0.0793412 0.436796 0.896055
v 71.7382 109.762 41.4637
vn -0.00352338 0.367679 0.929946
v 71.7361 109.702 41.3326
vn 0.744037 -0.612253 0.267499
v 71.738 109.762 41.4638
vn 0.750461 -0.605988 0.263794
v 71.7361 109.702 41.3326
vn 0.494654 0.00107964 0.869089
v 71.79 109.643 41.302
vn 0.506307 0.0176682 0.862172
v 71.79 109.643 41.302
vn -0.833036 0.509368 -0.21586
v 71.7948 109.757 41.5527
vn -0.833135 0.509332 -0.215564
v 71.8461 111.071 44.4195
vn -0.519852 -0.00776362 -0.854221
v 71.7925 111.131 44.4517
vn -0.482477 0.0383246 -0.87507
v 71.7889 111.06 44.2976
vn 0.756134 -0.601615 0.257529
v 71.7925 111.131 44.4517
vn 0.718024 -0.639116 0.275631
v 71.7889 111.06 44.2961
vn 0.796779 -0.555061 0.23885
v 71.7885 111.05 44.2756
vn 0.708033 -0.641566 0.295098
v 71.7883 111.04 44.2516
vn 0.738645 -0.646633 0.190448
v 71.7846 111.033 44.2329
vn 0.70429 -0.709898 -0.00448409
v 71.783 111.034 44.2266
vn 0.597081 -0.6891 -0.410653
v 71.773 111.038 44.2155
vn 0.229425 -0.605263 -0.762247
v 71.7635 111.046 44.2107
vn -0.143532 -0.300648 -0.942873
v 71.7532 111.059 44.2153
vn -0.555634 0.279354 -0.783091
v 71.7598 111.049 44.2104
vn -0.322901 -0.0787875 -0.943148
v 71.7482 111.07 44.2284
vn -0.719285 0.533867 -0.44454
v 71.7482 111.076 44.2375
vn -0.682224 0.66107 -0.312342
v 71.746 111.08 44.2485
vn -0.676161 0.658701 -0.330031
v 71.7481 111.09 44.2662
vn -0.68708 0.677865 -0.261573
v 71.7479 111.097 44.284
vn -0.701202 0.666833 -0.252291
v 71.7483 111.101 44.2937
vn -0.63123 0.721047 -0.285726
v 71.7492 111.111 44.314
vn -0.680078 0.685993 -0.258665
v 71.7495 111.117 44.3297
vn -0.680867 0.685116 -0.258914
v 71.7514 111.166 44.4355
vn -0.724288 0.631182 -0.27752
v 71.7496 111.119 44.3333
vn -0.654938 0.691513 -0.304738
v 71.7143 111.203 44.4206
vn 0.0135395 -0.383467 -0.923455
v 71.6721 111.262 44.3937
vn 0.0416985 -0.393142 -0.918532
v 71.75 111.165 44.4361
vn -0.00992778 -0.381465 -0.92433
v 71.6721 111.262 44.3937
vn 0.542097 -0.767788 0.341514
v 71.669 111.227 44.3198
vn 0.541595 -0.768324 0.341105
v 71.7059 111.18 44.341
vn 0.0413248 0.429255 0.902237
v 71.6707 111.228 44.3194
vn -0.000111133 0.416193 0.909276
v 71.7059 111.18 44.341
vn 0.407175 -0.838221 0.36276
v 71.7037 111.146 44.2641
vn 0.53592 -0.77514 0.334586
v 71.7038 111.114 44.1988
vn 0.58371 -0.714611 0.385504
v 71.7056 111.152 44.2745
vn 0.992695 -0.115733 -0.0340917
v 71.707 111.099 44.178
vn 0.635142 -0.549275 0.543039
v 71.7022 111.113 44.1993
vn 0.62043 -0.636483 0.45821
v 71.7133 111.08 44.1577
vn 0.558904 -0.451827 0.695326
v 71.72 111.066 44.1465
vn 0.515942 -0.34251 0.78517
v 71.73 111.049 44.1376
vn 0.344752 -0.122001 0.930732
v 71.745 111.028 44.1336
vn 0.177758 0.125631 0.976022
v 71.7733 111.001 44.1402
vn 0.067445 0.392967 0.917076
v 71.72 111.066 44.1465
vn 0.456332 -0.188161 0.869688
v 71.7969 110.987 44.159
vn -0.376265 0.660732 0.649505
v 71.7733 111.001 44.1402
vn -0.120134 0.525106 0.842515
v 71.8157 110.982 44.1807
vn -0.585538 0.694821 0.417575
v 71.8295 110.984 44.207
vn -0.703156 0.677967 0.21432
v 71.8369 110.988 44.2237
vn -0.73565 0.676861 0.0260663
v 71.8434 111 44.2654
vn -0.831166 0.550145 -0.0806404
v 71.8445 111.002 44.2647
vn -0.830311 0.510854 -0.222739
v 71.8451 111.07 44.4202
vn -0.828504 0.51371 -0.222895
v 71.8293 111.243 44.7534
vn 0.567024 -0.0624116 0.821333
v 71.8334 111.233 44.7425
vn 0.805882 -0.481064 0.345155
v 71.834 111.227 44.7266
vn 0.799471 -0.557759 0.223047
v 71.8326 111.218 44.7077
vn 0.694015 -0.661976 0.283073
v 71.8329 111.208 44.6851
vn 0.724416 -0.632255 0.274727
v 71.8317 111.193 44.6549
vn 0.783997 -0.569021 0.24812
v 71.8312 111.179 44.6245
vn 0.800735 -0.547575 0.242868
v 71.8314 111.168 44.5975
vn 0.756216 -0.602609 0.254952
v 71.8294 111.162 44.5913
vn 0.988758 -0.14728 0.025811
v 71.8294 111.161 44.5873
vn 0.697773 -0.653964 0.292307
v 71.8304 111.157 44.575
vn 0.859397 -0.468384 0.205068
v 71.8304 111.152 44.5624
vn 0.683837 -0.682829 0.257123
v 71.8294 111.146 44.5499
vn 0.710057 -0.65123 0.267803
v 71.8316 111.163 44.5845
vn 0.635723 -0.74264 0.210576
v 71.8286 111.14 44.5419
vn 0.861947 -0.431917 0.265509
v 71.8315 111.161 44.5803
vn 0.852544 -0.489107 0.184237
v 71.8344 111.227 44.7259
vn 0.595203 -0.798608 0.0892091
v 71.8322 111.14 44.5389
vn 0.624351 -0.130996 0.770082
v 71.84 111.129 44.5339
vn 0.496344 0.0573646 0.866228
v 71.8465 111.124 44.5307
vn 0.51501 0.0275062 0.856743
v 71.8819 111.09 44.5098
vn 0.541806 0.057254 0.838551
v 71.8948 111.081 44.5018
vn 0.430844 0.160557 0.888029
v 71.896 111.076 44.5023
vn 0.39666 0.226833 0.889499
v 71.8844 111.085 44.5083
vn 0.579306 0.0287256 0.814604
v 71.8868 111.088 44.5064
vn 0.589701 0.0240869 0.807262
v 71.881 111.088 44.5105
vn 0.549231 0.0403127 0.834698
v 71.8829 111.092 44.5091
vn 0.546976 0.0187303 0.836939
v 71.901 111.075 44.5015
vn -0.82987 0.503295 0.240852
v 71.9017 111.076 44.5006
vn -0.774311 0.611207 0.163914
v 71.9004 111.073 44.5025
vn -0.855325 0.498298 -0.141837
v 71.9021 111.076 44.5017
vn -0.875061 0.455073 -0.164853
v 71.9003 111.079 44.5152
vn -0.874138 0.438046 -0.209761
v 71.9018 111.086 44.5212
vn -0.865886 0.448862 -0.220828
v 71.9002 111.089 44.5356
vn -0.939804 0.323766 -0.109287
v 71.9004 111.09 44.5374
vn -0.847746 0.457794 -0.267866
v 71.9003 111.091 44.5403
vn -0.876173 0.465296 -0.125777
v 71.9021 111.095 44.539
vn -0.863349 0.487229 -0.131288
v 71.9023 111.097 44.5459
vn -0.893793 0.406148 -0.190202
v 71.9005 111.095 44.55
vn -0.896114 0.401859 -0.188387
v 71.9008 111.1 44.5599
vn -0.851819 0.485704 -0.196206
v 71.9025 111.104 44.5602
vn -0.8835 0.438591 -0.164517
v 71.9024 111.11 44.5765
vn -0.861521 0.474756 -0.179967
v 71.9023 111.119 44.5968
vn -0.874245 0.459715 -0.15607
v 71.9031 111.136 44.6346
vn -0.890435 0.417102 -0.182076
v 71.9035 111.126 44.6073
vn -0.952232 0.305376 0
v 71.9039 111.158 44.6831
vn -0.887707 0.425826 -0.175069
v 71.9047 111.176 44.7213
vn -0.892776 0.423492 -0.153642
v 71.9056 111.187 44.7463
vn -0.874517 0.459048 -0.156507
v 71.9058 111.198 44.7707
vn -0.878571 0.407492 -0.249124
v 71.9059 111.207 44.7835
vn -0.880548 0.377796 -0.286192
v 71.9049 111.206 44.7851
vn -0.867089 0.38693 -0.313755
v 71.8999 111.216 44.8064
vn -0.859854 0.256071 -0.441677
v 71.8921 111.233 44.827
vn -0.792461 0.194463 -0.578092
v 71.8815 111.246 44.8422
vn -0.682908 0.0993146 -0.723722
v 71.8707 111.258 44.8517
vn -0.572526 -0.107184 -0.812851
v 71.8394 111.282 44.8608
vn -0.245299 -0.183373 -0.951947
v 71.783 111.317 44.8228
vn 0.489831 -0.729279 -0.477721
v 71.8 111.309 44.8421
vn 0.327504 -0.614848 -0.717428
v 71.8225 111.296 44.8558
vn 0.0349571 -0.454113 -0.890258
v 71.8405 111.284 44.8601
vn -0.125192 -0.325921 -0.937071
v 71.7689 111.319 44.7968
vn 0.636251 -0.72897 -0.252562
v 71.7535 111.306 44.733
vn 0.683285 -0.711349 0.164632
v 71.7617 111.318 44.7767
vn 0.628375 -0.777883 -0.00655413
v 71.7534 111.306 44.7322
vn 0.701502 -0.67586 0.226071
v 71.7518 111.288 44.6904
vn 0.703468 -0.640809 0.307402
v 71.7519 111.278 44.6699
vn 0.671936 -0.637625 0.376744
v 71.7519 111.261 44.6352
vn 0.677794 -0.661433 0.321095
v 71.7517 111.242 44.5975
vn 0.682044 -0.677173 0.27614
v 71.7519 111.23 44.5646
vn 0.611499 -0.761557 0.214711
v 71.7499 111.228 44.5607
vn 0.676108 -0.722091 0.1465
v 71.7462 111.223 44.5457
vn 0.66456 -0.743986 -0.0696145
v 71.7424 111.223 44.5318
vn 0.410382 -0.801196 -0.435513
v 71.7374 111.226 44.527
vn 0.128506 -0.547966 -0.826571
v 71.7374 111.229 44.5253
vn -0.209477 -0.22921 -0.950569
v 71.7304 111.232 44.5258
vn -0.269319 -0.123705 -0.955073
v 71.7285 111.242 44.5285
vn -0.49399 0.375861 -0.784029
v 71.7271 111.237 44.5274
vn -0.462266 0.208899 -0.861784
v 71.7227 111.247 44.5358
vn -0.586537 0.478435 -0.653509
v 71.7222 111.248 44.5379
vn -0.624579 0.527579 -0.575814
v 71.723 111.252 44.5408
vn -0.584552 0.615554 -0.528577
v 71.7222 111.257 44.5479
vn -0.636968 0.628348 -0.4466
v 71.7221 111.258 44.55
vn -0.60133 0.701899 -0.381759
v 71.7219 111.261 44.5568
vn -0.61309 0.701894 -0.362581
v 71.722 111.267 44.5686
vn -0.549721 0.782363 -0.292771
v 71.7225 111.275 44.5863
vn -0.583721 0.748547 -0.314558
v 71.7233 111.285 44.6094
vn -0.571384 0.768952 -0.286763
v 71.7235 111.291 44.6229
vn -0.620972 0.690904 -0.370197
v 71.7241 111.307 44.6566
vn -0.633231 0.699674 -0.330869
v 71.7248 111.326 44.6987
vn -0.621776 0.717051 -0.315011
v 71.7255 111.341 44.7329
vn -0.629161 0.709706 -0.316977
v 71.7275 111.355 44.7604
vn -0.610301 0.744552 -0.270509
v 71.7098 111.383 44.7718
vn -0.380285 0.123905 -0.916532
v 71.726 111.354 44.7609
vn -0.391878 0.133304 -0.910308
v 71.69 111.421 44.7849
vn -0.348459 0.143026 -0.926348
v 71.6854 111.427 44.7875
vn -0.335691 0.164539 -0.92749
v 71.6884 111.42 44.7853
vn -0.358302 0.159023 -0.919963
v 71.6837 111.43 44.7888
vn -0.342397 0.151775 -0.927215
v 71.6826 111.433 44.7895
vn -0.306135 0.105843 -0.946086
v 71.6884 111.429 44.7869
vn -0.385146 0.142233 -0.911829
v 71.6917 111.422 44.7844
vn -0.343195 0.158722 -0.925756
v 71.6775 111.443 44.7908
vn -0.229889 -0.0555383 -0.971631
v 71.682 111.443 44.7899
vn -0.215274 -0.0194025 -0.976361
v 71.6858 111.434 44.7886
vn -0.298701 0.286038 -0.910472
v 71.6796 111.444 44.7902
vn 0.525087 -0.778697 0.343387
v 71.6771 111.392 44.6774
vn 0.508139 -0.787876 0.347918
v 71.6771 111.369 44.6262
vn 0.528018 -0.784654 0.324832
v 71.6747 111.356 44.6004
vn 0.390185 -0.84711 0.360777
v 71.676 111.34 44.5626
vn 0.368443 -0.85548 0.363873
v 71.6746 111.324 44.5304
vn 0.523544 -0.764492 0.376104
v 71.6751 111.312 44.5068
vn 0.485308 -0.739913 0.465838
v 71.6765 111.3 44.4878
vn 0.54661 -0.686773 0.479125
v 71.6817 111.28 44.4642
vn 0.479084 -0.535437 0.695547
v 71.6765 111.3 44.4878
vn 0.509313 -0.656834 0.55603
v 71.6988 111.237 44.4376
vn 0.398971 -0.254792 0.880854
v 71.7099 111.219 44.4337
vn 0.268747 0.0855276 0.959406
v 71.6988 111.237 44.4376
vn 0.340438 -0.0814804 0.93673
v 71.7216 111.202 44.434
vn 0.169746 0.261718 0.9501
v 71.7454 111.178 44.445
vn -0.15193 0.603755 0.782558
v 71.7216 111.202 44.434
vn 0.159324 0.4858 0.859427
v 71.771 111.16 44.4698
vn -0.331936 0.651726 0.681961
v 71.771 111.16 44.4698
vn -0.453537 0.69852 0.553511
v 71.7836 111.157 44.4877
vn -0.520505 0.746683 0.414171
v 71.7972 111.156 44.5148
vn -0.668297 0.717528 0.196298
v 71.8054 111.16 44.5388
vn -0.734087 0.676854 0.0546314
v 71.8119 111.173 44.576
vn -0.771031 0.623504 -0.129438
v 71.8119 111.173 44.576
vn -0.805449 0.564686 -0.179947
v 71.8128 111.187 44.6106
vn -0.775843 0.584951 -0.236431
v 71.8138 111.203 44.6447
vn -0.792052 0.553757 -0.256918
v 71.8155 111.247 44.7382
vn -0.807841 0.544979 -0.22448
v 71.8151 111.229 44.6966
vn -0.772068 0.32485 -0.546245
v 71.8155 111.247 44.7388
vn -0.781975 0.621482 -0.0476908
v 71.8173 111.249 44.7476
vn -0.770587 0.608333 0.190071
v 71.8218 111.248 44.754
vn -0.252529 0.593449 0.76423
v 71.7798 109.389 40.7488
vn -0.858697 0.475741 -0.19055
v 71.7817 109.44 40.8567
vn -0.843889 0.48428 -0.23092
v 71.7817 109.44 40.8567
vn -0.824543 0.452943 -0.339075
v 71.7755 109.457 40.8882
vn -0.755968 0.446769 -0.478445
v 71.7725 109.465 40.8979
vn -0.716668 0.28063 -0.638462
v 71.7624 109.481 40.9126
vn -0.637172 0.0910854 -0.76532
v 71.751 109.494 40.9204
vn -0.390538 -0.0630421 -0.918426
v 71.7267 109.516 40.9215
vn -0.128323 -0.330299 -0.935113
v 71.7082 109.529 40.9164
vn -0.000300005 -0.495263 -0.868743
v 71.6786 109.544 40.8722
vn 0.455281 -0.856058 -0.244713
v 71.6919 109.541 40.8966
vn 0.540587 -0.621066 -0.567488
v 71.6704 109.542 40.8481
vn 0.510825 -0.859549 0.015243
v 71.7095 109.53 40.9158
vn 0.384888 -0.611392 -0.69142
v 71.6667 109.534 40.8197
vn 0.588633 -0.797111 0.134632
v 71.6662 109.533 40.8183
vn 0.64041 -0.72755 0.246062
v 71.6638 109.524 40.7981
vn 0.602124 -0.732911 0.316682
v 71.6666 109.527 40.7992
vn 0.55553 -0.768656 0.317104
v 71.6638 109.519 40.7872
vn 0.604236 -0.719758 0.341829
v 71.6666 109.521 40.7863
vn 0.658494 -0.690925 0.298342
v 71.6663 109.52 40.7846
vn 0.488208 -0.811205 0.32187
v 71.6636 109.513 40.7765
vn 0.637548 -0.683936 0.354632
v 71.6664 109.516 40.7761
vn 0.521133 -0.758916 0.390469
v 71.6665 109.511 40.7663
vn 0.700998 -0.647374 0.299181
v 71.665 109.502 40.7507
vn 0.612668 -0.707404 0.352445
v 71.6635 109.5 40.7479
vn 0.690153 -0.663432 0.289045
v 71.6665 109.503 40.7488
vn 0.627394 -0.767378 0.132319
v 71.6665 109.499 40.7402
vn 0.690565 -0.623537 0.366499
v 71.6635 109.495 40.7389
vn 0.659236 -0.682423 0.315763
v 71.6664 109.495 40.7319
vn 0.584297 -0.751357 0.306693
v 71.6636 109.488 40.7232
vn 0.613295 -0.711444 0.343097
v 71.6652 109.484 40.7134
vn 0.669012 -0.678315 0.303829
v 71.6636 109.476 40.6994
vn 0.65522 -0.680317 0.328413
v 71.6638 109.471 40.682
vn 0.672978 -0.700915 0.23626
v 71.6632 109.469 40.6748
vn 0.592309 -0.800172 0.0943114
v 71.6574 109.467 40.6574
vn 0.45541 -0.843097 -0.285989
v 71.654 109.47 40.6537
vn 0.104812 -0.583962 -0.804986
v 71.6522 109.472 40.6529
vn -0.0914978 -0.30547 -0.947795
v 71.6479 109.478 40.6529
vn -0.428447 0.198139 -0.881575
v 71.6462 109.486 40.6579
vn -0.540008 0.552704 -0.634751
v 71.6433 109.492 40.6672
vn -0.579724 0.651493 -0.489364
v 71.6427 109.496 40.6751
vn -0.620627 0.69899 -0.355296
v 71.6428 109.501 40.6847
vn -0.591595 0.725429 -0.351806
v 71.6429 109.505 40.6945
vn -0.581121 0.761216 -0.287834
v 71.6439 109.51 40.7039
vn -0.494302 0.807344 -0.322275
v 71.6427 109.511 40.7094
vn -0.597024 0.711083 -0.371381
v 71.6438 109.513 40.7114
vn -0.590006 0.736999 -0.329735
v 71.6459 109.572 40.8417
vn -0.667072 0.682671 -0.298288
v 71.6443 109.571 40.8422
vn -0.387668 0.0991014 -0.916456
v 71.6093 109.644 40.8651
vn -0.329883 0.136159 -0.934151
v 71.6093 109.644 40.8651
vn 0.427706 -0.826472 0.366077
v 71.605 109.537 40.6286
vn 0.406223 -0.832782 0.376109
v 71.6099 109.516 40.6056
vn 0.51644 -0.507405 0.689805
v 71.605 109.537 40.6286
vn 0.498562 -0.614317 0.611597
v 71.6149 109.5 40.5925
vn 0.293474 -0.405255 0.865818
v 71.6234 109.483 40.5832
vn 0.421775 -0.150517 0.89412
v 71.6322 109.466 40.5785
vn 0.30288 0.0397617 0.952199
v 71.6388 109.455 40.5777
vn 0.240383 0.100357 0.965476
v 71.6388 109.455 40.5777
vn 0.0773112 0.352117 0.932757
v 71.6573 109.432 40.5872
vn -0.00427223 0.477503 0.87862
v 71.6783 109.416 40.6053
vn -0.211388 0.659846 0.721054
v 71.6783 109.416 40.6053
vn -0.315687 0.765322 0.560913
v 71.6884 109.412 40.6205
vn -0.493391 0.768353 0.407676
v 71.6999 109.411 40.6458
vn -0.615187 0.773292 0.153506
v 71.7077 109.417 40.6741
vn -0.701763 0.710563 -0.051274
v 71.7129 109.427 40.7007
vn -0.716775 0.654003 -0.241896
v 71.7115 109.426 40.7013
vn -0.700405 0.675434 -0.230698
v 71.7127 109.439 40.7319
vn -0.748426 0.608456 -0.263893
v 71.7131 109.453 40.7603
vn -0.721384 0.629991 -0.287604
v 71.7132 109.465 40.7879
vn -0.723325 0.630449 -0.281665
v 71.7134 109.475 40.8085
vn -0.668707 0.677825 -0.305587
v 71.7148 109.483 40.8286
vn -0.737066 0.675732 -0.0109239
v 71.7135 109.478 40.8153
vn -0.783719 0.581565 -0.218099
v 71.7135 109.475 40.8089
vn -0.710281 0.669062 -0.218763
v 71.7185 109.484 40.8376
vn -0.286078 0.563199 0.77522
v 71.7217 109.481 40.8389
vn 0.34249 0.117589 0.932134
v 71.7259 109.475 40.8344
vn 0.719454 -0.455027 0.524725
v 71.7269 109.47 40.8261
vn 0.748808 -0.584616 0.312266
v 71.7283 109.469 40.8196
vn 0.774068 -0.580295 0.253133
v 71.7267 109.464 40.8121
vn 0.748096 -0.62261 0.229583
v 71.7281 109.467 40.8158
vn 0.629475 -0.775904 -0.0416447
v 71.7266 109.461 40.8051
vn 0.712005 -0.653293 0.257404
v 71.7259 109.46 40.804
vn 0.721802 -0.634545 0.276322
v 71.7239 109.398 40.6663
vn 0.781565 -0.572991 0.246654
v 71.7227 109.396 40.667
vn 0.481929 0.00612122 0.876189
v 71.7781 109.34 40.6396
vn 0.469351 0.0540641 0.881355
v 71.7798 109.389 40.7488
vn -0.840288 0.498046 -0.214163
v 71.7781 109.34 40.6396
vn -0.850289 0.483408 -0.208147
v 71.7633 109.483 40.9123
vn -0.589873 -0.737648 0.328519
v 71.7257 109.479 40.8372
vn -0.59663 -0.73042 0.332445
v 71.7404 109.506 40.9226
vn -0.586419 -0.740991 0.327176
v 71.74 109.507 40.9226
vn -0.6295 -0.703258 0.330391
v 71.7388 109.508 40.9226
vn -0.549826 -0.765085 0.335165
v 71.7257 109.519 40.9205
vn -0.660954 -0.683259 0.310319
v 71.7518 109.495 40.92
vn -0.674278 -0.656604 0.337965
v 71.7471 109.5 40.9215
vn -0.626686 -0.704191 0.333735
v 71.7197 109.485 40.8364
vn -0.700104 -0.650711 0.293991
v 71.7794 109.455 40.8805
vn -0.581104 -0.754941 0.303946
v 71.7274 109.476 40.8333
vn -0.584959 -0.750486 0.307561
v 71.7271 109.477 40.8342
vn -0.538891 -0.811026 0.227668
v 71.778 109.458 40.8858
vn -0.624711 -0.688858 0.36771
v 71.7827 109.438 40.8492
vn -0.598213 -0.725292 0.340723
v 71.7282 109.472 40.8255
vn -0.594147 -0.703761 0.389499
v 71.7283 109.47 40.8222
vn -0.595073 -0.737113 0.320238
v 71.7777 109.459 40.8867
vn -0.271847 -0.959983 -0.0673145
v 71.7775 109.459 40.8873
vn -0.582171 -0.755217 0.301204
v 71.7775 109.46 40.8876
vn -0.690795 -0.531468 0.490249
v 71.7743 109.466 40.8958
vn -0.598899 -0.728558 0.33245
v 71.7763 109.462 40.891
vn -0.598904 -0.729165 0.331109
v 71.7722 109.47 40.9002
vn -0.592695 -0.734775 0.329877
v 71.7282 109.468 40.8176
vn -0.590058 -0.691733 0.416337
v 71.6861 109.543 40.8831
vn -0.713625 -0.641042 0.282497
v 71.7281 109.473 40.8278
vn -0.607807 -0.68608 0.399831
v 71.7149 109.482 40.8195
vn -0.713115 -0.628766 0.310032
v 71.6669 109.528 40.8026
vn -0.714282 -0.639995 0.28321
v 71.6666 109.523 40.7916
vn -0.712865 -0.634181 0.299398
v 71.7148 109.476 40.8079
vn -0.716134 -0.624539 0.311613
v 71.7281 109.467 40.8158
vn -0.575001 -0.817268 0.0380408
v 71.728 109.465 40.8115
vn -0.593772 -0.751927 0.286427
v 71.7827 109.419 40.8109
vn -0.598542 -0.721366 0.348394
v 71.7277 109.462 40.8052
vn -0.602894 -0.723168 0.336966
v 71.6665 109.494 40.7308
vn -0.714717 -0.627789 0.308318
v 71.7143 109.45 40.7521
vn -0.71454 -0.634703 0.294255
v 71.7144 109.453 40.7581
vn -0.715178 -0.609401 0.342274
v 71.7145 109.461 40.7752
vn -0.717521 -0.630389 0.296265
v 71.6665 109.506 40.7543
vn -0.717153 -0.627415 0.303384
v 71.7522 109.37 40.6523
vn -0.600942 -0.720807 0.345407
v 71.6667 109.486 40.7135
vn -0.713744 -0.653123 0.252981
v 71.714 109.441 40.7308
vn -0.712325 -0.649737 0.265398
v 71.7089 109.423 40.6827
vn -0.71619 -0.625918 0.308705
v 71.6666 109.481 40.7041
vn -0.713514 -0.646454 0.270176
v 71.6607 109.47 40.6646
vn -0.734128 -0.612 0.294131
v 71.6665 109.479 40.7001
vn -0.711294 -0.684264 0.160761
v 71.7146 109.468 40.791
vn -0.704003 -0.696532 0.138644
v 71.7146 109.473 40.8003
vn -0.714972 -0.629262 0.304703
v 71.6666 109.516 40.7772
vn -0.713271 -0.649601 0.263179
v 71.6666 109.516 40.7759
vn -0.714366 -0.635621 0.29269
v 71.6666 109.521 40.7863
vn -0.719099 -0.628237 0.297008
v 71.6713 109.425 40.5987
vn -0.752958 -0.589962 0.291547
v 71.6666 109.519 40.7827
vn -0.714298 -0.619357 0.325846
v 71.6671 109.531 40.8087
vn -0.713911 -0.627765 0.31023
v 71.6666 109.488 40.7178
vn -0.712748 -0.604452 0.355849
v 71.6665 109.499 40.7402
vn -0.714493 -0.641689 0.27881
v 71.6666 109.52 40.7848
vn -0.683201 -0.73023 0
v 71.611 109.645 40.8646
vn -0.842218 -0.487797 0.229614
v 71.6475 109.574 40.8412
vn -0.803506 -0.537252 0.256394
v 71.6067 109.537 40.6281
vn -0.830228 -0.499311 0.247808
v 71.645 109.512 40.7066
vn -0.830442 -0.51367 0.215662
v 71.6446 109.507 40.6956
vn -0.832208 -0.525047 0.1782
v 71.6446 109.506 40.6927
vn -0.819947 -0.57244 0
v 71.6445 109.505 40.6905
vn -0.82762 -0.48143 0.288567
v 71.6276 109.478 40.5808
vn -0.799062 -0.513704 0.312422
v 71.6487 109.48 40.653
vn -0.828933 -0.494711 0.26102
v 71.651 109.477 40.6516
vn -0.804869 -0.532242 0.262497
v 71.6182 109.498 40.59
vn -0.830618 -0.491629 0.261486
v 71.6471 109.484 40.6556
vn -0.838177 -0.474936 0.268134
v 71.6444 109.498 40.6759
vn -0.828494 -0.504309 0.243455
v 71.6445 109.495 40.6711
vn -0.81891 -0.541029 0.191507
v 71.6448 109.493 40.667
vn -0.82811 -0.508306 0.236343
v 71.6457 109.489 40.6607
vn -0.81448 -0.533429 0.2282
v 71.6444 109.503 40.6858
vn -0.828116 -0.496276 0.260642
v 71.9066 111.19 44.7478
vn -0.503578 -0.7853 0.360156
v 71.8247 111.248 44.7526
vn -0.618541 -0.709456 0.337757
v 71.8345 111.228 44.7273
vn -0.505923 -0.715431 0.481873
v 71.8395 111.285 44.8554
vn -0.57706 -0.740352 0.344789
v 71.8914 111.235 44.8254
vn -0.519105 -0.781696 0.345662
v 71.8343 111.226 44.7226
vn -0.508023 -0.72775 0.460753
v 71.8341 111.224 44.7179
vn -0.516505 -0.798761 0.30855
v 71.8337 111.216 44.701
vn -0.517777 -0.779779 0.351925
v 71.9051 111.166 44.6952
vn -0.516693 -0.776534 0.360588
v 71.8321 111.174 44.608
vn -0.517049 -0.785506 0.340059
v 71.7774 111.319 44.8073
vn -0.666722 -0.679006 0.307297
v 71.9034 111.123 44.6026
vn -0.505259 -0.788652 0.350346
v 71.8374 111.144 44.5536
vn -0.522235 -0.768335 0.370043
v 71.9028 111.108 44.5687
vn -0.436744 -0.845171 0.308124
v 71.8588 111.114 44.5234
vn -0.488539 -0.792128 0.365871
v 71.9025 111.103 44.5578
vn -0.461253 -0.818089 0.343477
v 71.8645 111.109 44.5201
vn -0.475603 -0.801743 0.361953
v 71.9024 111.1 44.552
vn -0.45506 -0.823493 0.338793
v 71.8746 111.099 44.514
vn -0.488367 -0.784213 0.382764
v 71.9023 111.097 44.5459
vn -0.552481 -0.706032 0.443039
v 71.9021 111.095 44.5393
vn -0.406942 -0.866448 0.289252
v 71.9019 111.085 44.52
vn -0.341938 -0.904896 0.253458
v 71.8877 111.087 44.5058
vn -0.49507 -0.764802 0.412292
v 71.8816 111.093 44.5098
vn -0.476158 -0.797449 0.370607
v 71.902 111.093 44.5354
vn -0.356807 -0.905402 0.23008
v 71.9019 111.088 44.525
vn -0.472009 -0.796036 0.378858
v 71.902 111.09 44.5294
vn -0.463424 -0.811332 0.356341
v 71.9002 111.077 44.5
vn -0.47005 -0.769426 0.432478
v 71.9022 111.08 44.5074
vn -0.482444 -0.780445 0.397685
v 71.902 111.083 44.5139
vn -0.419148 -0.839937 0.344705
v 71.8915 111.084 44.5033
vn -0.351975 -0.897981 0.264089
v 71.8304 111.148 44.5515
vn -0.547873 -0.751407 0.367726
v 71.8308 111.152 44.5601
vn -0.394651 -0.790555 0.468266
v 71.7542 111.297 44.7098
vn -0.673495 -0.666684 0.319276
v 71.7103 111.386 44.772
vn -0.829884 -0.507612 0.231567
v 71.7263 111.326 44.6958
vn -0.819634 -0.518091 0.244504
v 71.6781 111.374 44.6341
vn -0.83236 -0.500478 0.238116
v 71.7533 111.275 44.6612
vn -0.672808 -0.662744 0.328786
v 71.815 111.224 44.6849
vn -0.672624 -0.660954 0.332742
v 71.7535 111.261 44.6329
vn -0.671172 -0.665015 0.327541
v 71.815 111.212 44.6586
vn -0.671351 -0.670209 0.316398
v 71.6768 111.341 44.5643
vn -0.82312 -0.51507 0.239116
v 71.7242 111.277 44.5894
vn -0.823909 -0.513548 0.239673
v 71.725 111.293 44.6249
vn -0.823331 -0.515561 0.237324
v 71.6774 111.357 44.598
vn -0.82296 -0.495926 0.277117
v 71.6805 111.436 44.7703
vn -0.851016 -0.478898 0.215473
v 71.6865 111.433 44.7882
vn -0.794238 -0.604764 0.0587099
v 71.6807 111.44 44.7798
vn -0.874795 -0.432748 0.21786
v 71.6825 111.442 44.7897
vn -0.875824 -0.446188 0.183981
v 71.6888 111.429 44.7866
vn -0.849606 -0.485194 0.206778
v 71.6776 111.361 44.6069
vn -0.802415 -0.596766 0
v 71.8149 111.195 44.624
vn -0.670086 -0.68418 0.287894
v 71.7534 111.244 44.5977
vn -0.670407 -0.665066 0.329002
v 71.8148 111.191 44.6152
vn -0.665462 -0.61725 0.419718
v 71.7531 111.239 44.5868
vn -0.667687 -0.66316 0.338249
v 71.7506 111.227 44.5553
vn -0.671268 -0.665418 0.326525
v 71.7985 111.162 44.5221
vn -0.678169 -0.658539 0.326209
v 71.753 111.238 44.5843
vn -0.669449 -0.670956 0.318835
v 71.8144 111.184 44.5998
vn -0.669435 -0.667944 0.325126
v 71.7431 111.224 44.5308
vn -0.727524 -0.618194 0.297566
v 71.7383 111.187 44.4398
vn -0.737786 -0.607296 0.294726
v 71.696 111.247 44.4406
vn -0.804141 -0.531647 0.265912
v 71.7271 111.245 44.5307
vn -0.778138 -0.581165 0.238221
v 71.6903 111.26 44.4477
vn -0.821709 -0.50132 0.271057
v 71.731 111.237 44.5254
vn -0.777069 -0.569357 0.268322
v 71.7073 111.226 44.4342
vn -0.794464 -0.544191 0.2696
v 71.7147 111.215 44.4325
vn -0.75493 -0.595755 0.274147
v 71.7124 111.218 44.4328
vn -0.80823 -0.522714 0.271171
v 71.6764 111.329 44.5372
vn -0.823862 -0.509619 0.248074
v 71.7235 111.261 44.5535
vn -0.824496 -0.490076 0.282898
v 71.6764 111.319 44.5166
vn -0.822921 -0.516997 0.235616
v 71.7241 111.256 44.5443
vn -0.818445 -0.521968 0.240203
v 71.6783 111.303 44.4912
vn -0.819976 -0.520333 0.238523
v 71.6838 111.278 44.4617
vn -0.814446 -0.519609 0.258233
v 71.6816 111.285 44.4688
vn -0.813944 -0.522637 0.253666
v 71.717 111.212 44.4326
vn -0.824788 -0.500606 0.262902
v 71.7004 111.239 44.4371
vn -0.821258 -0.503268 0.268806
v 71.8205 111.103 44.4349
vn -0.600266 -0.726781 0.333872
v 71.7899 111.052 44.2748
vn -0.600589 -0.729254 0.327845
v 71.8445 111.002 44.2647
vn -0.599298 -0.724701 0.340076
v 71.7508 111.116 44.3234
vn -0.761854 -0.591414 0.264211
v 71.7075 111.181 44.3405
vn -0.76876 -0.578256 0.27318
v 71.7528 111.167 44.4349
vn -0.769951 -0.576856 0.272786
v 71.7865 111.036 44.2326
vn -0.615181 -0.712154 0.338214
v 71.8297 110.985 44.2053
vn -0.595416 -0.707441 0.380798
v 71.7599 111.053 44.2119
vn -0.714267 -0.632449 0.299719
v 71.7075 111.104 44.1829
vn -0.762099 -0.579844 0.288072
v 71.7315 111.05 44.137
vn -0.74104 -0.603595 0.294164
v 71.838 110.989 44.2273
vn -0.561537 -0.692596 0.452755
v 71.81 110.985 44.1699
vn -0.613957 -0.70715 0.350708
v 71.781 111.035 44.2213
vn -0.631465 -0.699043 0.335544
v 71.8009 110.987 44.1593
vn -0.541791 -0.735763 0.406343
v 71.7695 111.007 44.1381
vn -0.682187 -0.659042 0.316677
v 71.7941 110.99 44.153
vn -0.631945 -0.69765 0.337535
v 71.7503 111.109 44.3068
vn -0.756196 -0.561158 0.336555
v 71.7501 111.107 44.3038
vn -0.765961 -0.596402 0.240017
v 71.7057 111.152 44.2755
vn -0.762754 -0.574656 0.296607
v 71.7498 111.103 44.2944
vn -0.765285 -0.602633 0.226213
v 71.7056 111.15 44.272
vn -0.757965 -0.57552 0.307029
v 71.7055 111.15 44.2698
vn -0.764991 -0.594395 0.247959
v 71.7496 111.101 44.2888
vn -0.75721 -0.552856 0.347828
v 71.7054 111.148 44.2659
vn -0.760561 -0.567805 0.314872
v 71.7493 111.099 44.2842
vn -0.763703 -0.612899 0.202762
v 71.7497 111.102 44.2924
vn -0.763254 -0.623207 0.170458
v 71.7056 111.151 44.2725
vn -0.76359 -0.587393 0.268141
v 71.6724 111.229 44.3189
vn -0.839809 -0.488611 0.236601
v 71.6738 111.263 44.3932
vn -0.845027 -0.48032 0.234995
v 71.7052 111.146 44.2605
vn -0.764011 -0.583865 0.274571
v 71.7492 111.097 44.2802
vn -0.760129 -0.552401 0.342136
v 71.7491 111.095 44.2761
vn -0.766012 -0.613666 0.191416
v 71.7051 111.141 44.251
vn -0.763541 -0.578787 0.286374
v 71.749 111.093 44.2701
vn -0.765092 -0.589039 0.26013
v 71.7487 111.086 44.2568
vn -0.762877 -0.602671 0.234109
v 71.7487 111.088 44.2595
vn -0.759857 -0.610976 0.222093
v 71.7488 111.089 44.2624
vn -0.764023 -0.568692 0.304725
v 71.7487 111.081 44.2452
vn -0.760904 -0.595603 0.257454
v 71.7048 111.132 44.2309
vn -0.764216 -0.581814 0.278328
v 71.7487 111.085 44.2535
vn -0.76268 -0.577625 0.290978
v 71.7959 109.759 41.552
vn -0.609337 -0.718723 0.334881
v 71.7309 109.771 41.4601
vn -0.648104 -0.687945 0.326639
v 71.7911 109.645 41.3013
vn -0.583781 -0.729532 0.356347
v 71.6729 109.768 41.3172
vn -0.721201 -0.618805 0.311368
v 71.6222 109.926 41.4779
vn -0.784345 -0.560191 0.266438
v 71.7185 109.702 41.2901
vn -0.703161 -0.639735 0.310328
v 71.6582 109.843 41.429
vn -0.788894 -0.554239 0.265453
v 71.6183 109.833 41.2746
vn -0.835799 -0.490199 0.247275
v 71.655 109.761 41.2512
vn -0.81989 -0.51364 0.252893
v 71.8002 109.869 41.7918
vn -0.627044 -0.705152 0.331022
v 71.7454 109.884 41.728
vn -0.679629 -0.663812 0.312182
v 71.7441 109.851 41.6551
vn -0.659269 -0.678872 0.323262
v 71.7957 109.761 41.5561
vn -0.591448 -0.725345 0.352226
v 71.624 109.982 41.5974
vn -0.822562 -0.51289 0.245635
v 71.6254 110.015 41.6703
vn -0.827259 -0.503967 0.248314
v 71.8357 110.781 43.7826
vn -0.63837 -0.699485 0.321255
v 71.7369 110.823 43.6781
vn -0.710361 -0.633479 0.306745
v 71.6618 110.949 43.7089
vn -0.818751 -0.525021 0.232379
v 71.8346 110.748 43.7107
vn -0.593655 -0.712095 0.374826
v 71.6605 110.916 43.6369
vn -0.832871 -0.486203 0.264448
v 71.8414 110.929 44.1049
vn -0.593764 -0.731306 0.335613
v 71.7829 110.891 43.9219
vn -0.601187 -0.720191 0.346265
v 71.7882 110.988 44.1372
vn -0.613114 -0.715564 0.334752
v 71.8237 110.84 43.8861
vn -0.605192 -0.716972 0.345967
v 71.7653 110.894 43.8914
vn -0.665602 -0.675464 0.317368
v 71.7547 110.868 43.8123
vn -0.693113 -0.64984 0.311934
v 71.7454 110.923 43.9066
vn -0.7524 -0.592165 0.288505
v 71.7071 110.94 43.842
vn -0.824722 -0.506884 0.250802
v 71.6681 111.119 44.0794
vn -0.813581 -0.524469 0.251034
v 71.7467 111.024 44.1216
vn -0.764052 -0.581873 0.278655
v 71.7019 111.038 44.0283
vn -0.803145 -0.533027 0.266159
v 71.7001 110.994 43.9317
vn -0.764838 -0.580119 0.280151
v 71.6668 111.086 44.0067
vn -0.844985 -0.477071 0.241668
v 71.6642 111.009 43.8405
vn -0.83057 -0.501465 0.242254
v 71.8328 110.721 43.6505
vn -0.567927 -0.745766 0.348269
v 71.8045 110.752 43.6683
vn -0.589168 -0.729047 0.348385
v 71.8255 110.711 43.6182
vn -0.56408 -0.742514 0.361231
v 71.809 110.709 43.5869
vn -0.692088 -0.666617 0.276834
v 71.7785 110.771 43.6613
vn -0.617723 -0.710021 0.338066
v 71.8052 110.71 43.5811
vn -0.542304 -0.74557 0.387339
v 71.7349 110.811 43.6432
vn -0.731137 -0.617075 0.290959
v 71.7407 110.768 43.5725
vn -0.737344 -0.610367 0.289439
v 71.803 110.71 43.5778
vn -0.654025 -0.689053 0.31218
v 71.8113 110.619 43.3972
vn -0.609233 -0.716552 0.339689
v 71.8302 110.641 43.4757
vn -0.61265 -0.713142 0.340718
v 71.8101 110.709 43.5884
vn -0.492619 -0.765366 0.414176
v 71.8008 110.71 43.5743
vn -0.635406 -0.645222 0.424203
v 71.7264 110.722 43.4408
vn -0.69684 -0.642819 0.318117
v 71.7113 110.703 43.3598
vn -0.769748 -0.573584 0.280161
v 71.6897 110.784 43.4652
vn -0.78554 -0.55955 0.264255
v 71.6587 110.867 43.5292
vn -0.843912 -0.481721 0.236132
v 71.6599 110.901 43.603
vn -0.850972 -0.472128 0.230093
v 71.6683 110.793 43.4152
vn -0.852419 -0.476943 0.214259
v 71.6843 110.734 43.346
vn -0.848001 -0.482044 0.220289
v 71.6663 110.794 43.4102
vn -0.831649 -0.50026 0.241041
v 71.6632 110.796 43.4021
vn -0.831061 -0.498577 0.246493
v 71.6799 110.739 43.3434
vn -0.779185 -0.549374 0.301758
v 71.6758 110.744 43.341
vn -0.856767 -0.468422 0.215712
v 71.6609 110.796 43.3954
vn -0.87693 -0.442235 0.188208
v 71.66 110.797 43.3925
vn -0.817437 -0.50884 0.26996
v 71.673 110.748 43.3395
vn -0.785252 -0.538767 0.305139
v 71.6562 110.797 43.3773
vn -0.845806 -0.4765 0.239916
v 71.6699 110.753 43.338
vn -0.861045 -0.461151 0.21434
v 71.6544 110.792 43.3623
vn -0.846703 -0.472935 0.243775
v 71.6628 110.764 43.3361
vn -0.789296 -0.519915 0.326649
v 71.6663 110.758 43.3367
vn -0.839735 -0.480311 0.253272
v 71.6545 110.785 43.3465
vn -0.758688 -0.550771 0.347913
v 71.6581 110.774 43.3379
vn -0.818098 -0.498175 0.287292
v 71.6572 110.778 43.3433
vn -0.78863 -0.515907 0.334518
v 71.654 110.788 43.3528
vn -0.85647 -0.462415 0.229416
v 71.7867 110.613 43.3431
vn -0.636395 -0.701417 0.320962
v 71.7604 110.598 43.2584
vn -0.633333 -0.701161 0.327509
v 71.8224 110.54 43.2496
vn -0.604037 -0.720394 0.340841
v 71.7343 110.67 43.3499
vn -0.719839 -0.625976 0.299977
v 71.7692 110.519 43.1106
vn -0.627685 -0.70356 0.333188
v 71.8232 110.46 43.0814
vn -0.571391 -0.735985 0.363096
v 71.7164 110.651 43.2663
vn -0.757446 -0.588323 0.283109
v 71.7466 110.617 43.2699
vn -0.744829 -0.603668 0.284279
v 71.6901 110.708 43.3111
vn -0.788347 -0.556426 0.262486
v 71.6912 110.658 43.2122
vn -0.824131 -0.50962 0.247175
v 71.6578 110.716 43.2182
vn -0.827299 -0.508806 0.238101
v 71.6941 110.606 43.1133
vn -0.771941 -0.572452 0.276416
v 71.7433 110.521 43.0618
vn -0.759112 -0.586622 0.282177
v 71.6491 110.631 43.0133
vn -0.836467 -0.491086 0.243223
v 71.8634 110.392 42.9914
vn -0.465829 -0.794594 0.389387
v 71.8471 110.361 42.9051
vn -0.483264 -0.794453 0.367832
v 71.7702 110.47 43.0042
vn -0.636171 -0.699519 0.325515
v 71.7221 110.409 42.7767
vn -0.697077 -0.646498 0.310038
v 71.7475 110.445 42.9119
vn -0.703221 -0.643151 0.303047
v 71.8262 110.295 42.7324
vn -0.50979 -0.77907 0.364918
v 71.8471 110.234 42.6345
vn -0.501222 -0.783253 0.36782
v 71.7435 110.33 42.6608
vn -0.728985 -0.616902 0.296668
v 71.7517 110.282 42.5736
vn -0.67988 -0.661703 0.316089
v 71.6473 110.577 42.8983
vn -0.819742 -0.514376 0.251874
v 71.649 110.623 42.9967
vn -0.836278 -0.492715 0.240564
v 71.7167 110.462 42.8747
vn -0.716672 -0.630255 0.298598
v 71.7076 110.468 42.8632
vn -0.76097 -0.589538 0.270867
v 71.6972 110.474 42.8495
vn -0.757337 -0.593994 0.271315
v 71.6621 110.502 42.7979
vn -0.828195 -0.504643 0.243778
v 71.6621 110.451 42.6934
vn -0.759794 -0.580708 0.292389
v 71.6397 110.383 42.4737
vn -0.822251 -0.511779 0.24897
v 71.6416 110.428 42.5727
vn -0.839462 -0.488364 0.238335
v 71.7818 110.165 42.3877
vn -0.567498 -0.746126 0.348198
v 71.7862 110.116 42.2925
vn -0.498409 -0.786279 0.365177
v 71.7312 110.181 42.3209
vn -0.704821 -0.64096 0.303969
v 71.7767 110.119 42.2821
vn -0.62908 -0.703085 0.331557
v 71.7225 110.143 42.2164
vn -0.719161 -0.621579 0.310559
v 71.7779 110.119 42.2833
vn -0.696458 -0.647451 0.30944
v 71.7487 110.203 42.4063
vn -0.659404 -0.684247 0.311435
v 71.7186 110.243 42.4224
vn -0.721571 -0.626487 0.294703
v 71.6953 110.233 42.3421
vn -0.756127 -0.588455 0.286344
v 71.6982 110.273 42.4332
vn -0.761285 -0.585382 0.278879
v 71.7033 110.265 42.4305
vn -0.715506 -0.635577 0.28999
v 71.7377 110.217 42.4123
vn -0.680498 -0.662829 0.312377
v 71.7443 110.209 42.4087
vn -0.654761 -0.686302 0.316667
v 71.7316 110.225 42.4155
vn -0.615637 -0.731559 0.292937
v 71.6395 110.379 42.4648
vn -0.798288 -0.545756 0.25473
v 71.638 110.338 42.3756
vn -0.838627 -0.490018 0.23788
v 71.6376 110.327 42.3528
vn -0.838503 -0.491226 0.235816
v 71.6727 110.214 42.2388
vn -0.785049 -0.557515 0.269955
v 71.6744 110.256 42.3317
vn -0.81943 -0.51701 0.247457
v 71.6328 110.203 42.0821
vn -0.838646 -0.486781 0.244372
v 71.7858 110.037 42.1244
vn -0.614503 -0.714359 0.334779
v 71.7477 110.035 42.0497
vn -0.625732 -0.701917 0.340253
v 71.7943 110.025 42.1127
vn -0.532296 -0.798829 0.280238
v 71.7957 110.022 42.1098
vn -0.575869 -0.757636 0.307184
v 71.7641 110.06 42.135
vn -0.702809 -0.632211 0.326142
v 71.7615 110.063 42.1351
vn -0.62347 -0.706549 0.334775
v 71.7606 110.063 42.1352
vn -0.402394 -0.852398 0.333911
v 71.761 110.063 42.1352
vn 0.0357757 -0.956673 0.288957
v 71.7491 110.074 42.1329
vn -0.667962 -0.660355 0.343158
v 71.7739 110.051 42.1325
vn -0.591278 -0.73626 0.329107
v 71.7675 110.057 42.1344
vn -0.606288 -0.722811 0.331602
v 71.7642 110.06 42.135
vn -0.590449 -0.736157 0.330822
v 71.7707 110.054 42.1336
vn -0.596061 -0.731371 0.331371
v 71.7393 110.039 42.0412
vn -0.698934 -0.643523 0.312042
v 71.8009 110.012 42.0948
vn -0.625581 -0.679371 0.38354
v 71.8 110.014 42.0983
vn -0.439227 -0.891839 0.108177
v 71.7491 110.032 42.0468
vn -0.639306 -0.651464 0.408511
v 71.7996 110.015 42.0997
vn -0.702555 -0.49592 0.510372
v 71.7997 110.014 42.0992
vn -0.558684 -0.787832 0.259214
v 71.8018 110.009 42.0911
vn -0.575251 -0.767199 0.283711
v 71.8039 110.001 42.0783
vn -0.600652 -0.720503 0.346544
v 71.7496 110.031 42.0447
vn -0.597507 -0.732258 0.326778
v 71.8048 109.996 42.0686
vn -0.580604 -0.759261 0.293975
v 71.7995 110.015 42.0999
vn -0.303744 -0.952158 -0.0336744
v 71.7983 110.018 42.1035
vn -0.59758 -0.72932 0.333153
v 71.7502 110.027 42.0382
vn -0.616914 -0.643335 0.453362
v 71.7503 110.026 42.0345
vn -0.579613 -0.77407 0.254684
v 71.7502 110.023 42.0305
vn -0.535325 -0.824625 0.182814
v 71.7016 110.096 42.074
vn -0.713488 -0.640342 0.284425
v 71.7501 110.028 42.0407
vn -0.557848 -0.814319 0.16028
v 71.6889 110.084 42.0169
vn -0.714428 -0.633819 0.296421
v 71.6886 110.079 42.0044
vn -0.715065 -0.637185 0.287536
v 71.6887 110.081 42.0101
vn -0.715891 -0.647914 0.260205
v 71.6891 110.086 42.0215
vn -0.719503 -0.631579 0.288832
v 71.8012 109.897 41.8515
vn -0.584499 -0.733556 0.34678
v 71.7499 110.019 42.0206
vn -0.566293 -0.705159 0.426689
v 71.7366 110.022 42.0003
vn -0.715016 -0.631039 0.300903
v 71.6886 110.064 41.9743
vn -0.714395 -0.637113 0.289354
v 71.7364 110.008 41.9707
vn -0.715048 -0.626555 0.310056
v 71.7472 109.954 41.8782
vn -0.614445 -0.710267 0.343479
v 71.736 109.997 41.9462
vn -0.715317 -0.63875 0.283409
v 71.6886 110.041 41.9246
vn -0.714694 -0.654218 0.24741
v 71.6886 110.043 41.9303
vn -0.712469 -0.60017 0.363571
v 71.7362 110.004 41.9615
vn -0.713209 -0.631614 0.303968
v 71.6885 110.051 41.9457
vn -0.711655 -0.605225 0.35672
v 71.7304 109.977 41.8931
vn -0.716148 -0.625546 0.309555
v 71.6885 110.037 41.9167
vn -0.714208 -0.61537 0.333506
v 71.6884 110.035 41.9122
vn -0.705413 -0.571353 0.419462
v 71.7359 109.993 41.9384
vn -0.72003 -0.64114 0.265511
v 71.682 110.025 41.8757
vn -0.73605 -0.606026 0.301601
v 71.6886 110.072 41.9898
vn -0.715185 -0.649443 0.258331
v 71.7368 110.032 42.0223
vn -0.713422 -0.643644 0.27704
v 71.6886 110.076 41.9998
vn -0.714761 -0.639425 0.283289
v 71.6886 110.07 41.9866
vn -0.717688 -0.635025 0.285774
v 71.689 109.985 41.8093
vn -0.760684 -0.584197 0.282974
v 71.6886 110.067 41.9802
vn -0.667975 -0.744183 0
v 71.6886 110.073 41.9922
vn -0.719246 -0.637207 0.276863
v 71.6884 110.054 41.9527
vn -0.713944 -0.639854 0.284379
v 71.6694 110.129 42.0538
vn -0.812118 -0.525804 0.252973
v 71.6327 110.201 42.0777
vn -0.842439 -0.488368 0.227583
v 71.6886 110.074 41.9948
vn -0.713859 -0.662791 0.226081
v 71.6669 110.067 41.9182
vn -0.829529 -0.51476 0.216574
v 71.6288 110.103 41.8626
vn -0.832504 -0.494393 0.250026
v 71.6667 110.064 41.9128
vn -0.83307 -0.493318 0.250264
v 71.6666 110.063 41.9099
vn -0.832022 -0.506488 0.226294
v 71.6665 110.062 41.9073
vn -0.829144 -0.482323 0.282637
v 71.6684 110.041 41.8699
vn -0.835335 -0.480183 0.267655
v 71.6339 110.07 41.8139
vn -0.831746 -0.491745 0.257654
v 71.6455 110.041 41.7965
vn -0.814445 -0.519183 0.25909
v 71.669 110.04 41.8681
vn -0.787021 -0.571179 0.233135
v 71.6729 110.032 41.8641
vn -0.801013 -0.536698 0.265204
v 71.6663 110.055 41.891
vn -0.815957 -0.541726 0.20186
v 71.6665 110.051 41.8837
vn -0.813608 -0.550247 0.187803
v 71.6664 110.052 41.8866
vn -0.842301 -0.455308 0.288485
v 71.6664 110.06 41.9028
vn -0.831887 -0.510312 0.218048
v 71.6663 110.057 41.8975
vn -0.834232 -0.504234 0.22317
v 71.6676 110.044 41.8735
vn -0.821602 -0.518445 0.237035
v 71.6667 110.049 41.8801
vn -0.827728 -0.515399 0.221879
v 71.7365 109.678 41.2771
vn -0.607694 -0.720685 0.333648
v 71.7901 109.62 41.2473
vn -0.585008 -0.734003 0.34497
v 71.7871 109.539 41.0704
vn -0.598186 -0.719883 0.352054
v 71.7223 109.582 41.0447
vn -0.6412 -0.692694 0.330209
v 71.7377 109.532 40.9711
vn -0.639867 -0.692267 0.333672
v 71.6954 109.61 41.0455
vn -0.739444 -0.60977 0.285312
v 71.6851 109.576 40.9496
vn -0.71535 -0.629676 0.302955
v 71.6555 109.63 40.9826
vn -0.797348 -0.538041 0.273402
v 71.6955 109.714 41.2624
vn -0.779139 -0.563577 0.274451
v 71.649 109.683 41.0726
vn -0.814683 -0.5222 0.252189
v 71.6507 109.727 41.1683
vn -0.828355 -0.50228 0.248079
v 71.6173 109.809 41.2204
vn -0.835546 -0.491295 0.245953
v 71.6112 109.652 40.8784
vn -0.85562 -0.463261 0.230876
v 71.4142 102.786 26.1157
vn -0.674638 -0.666415 0.317419
v 71.6706 109.354 40.4504
vn -0.667639 -0.672215 0.319976
v 71.3568 94.6256 7.71999
vn -0.399382 -0.825766 -0.398252
v 71.4185 94.5807 7.75025
vn -0.314099 -0.872625 -0.373988
v 71.5071 94.572 7.74184
vn 0.0317925 -0.932119 -0.360754
v 71.6087 94.606 7.72445
vn 0.450533 -0.76848 -0.454377
v 71.6836 94.6956 7.69283
vn 0.677476 -0.453837 -0.578843
v 71.6797 94.7485 7.65787
vn 0.683448 -0.262033 -0.681349
v 71.6415 94.8209 7.61454
vn 0.575932 0.031799 -0.816879
v 71.6274 94.868 7.61487
vn 0.476904 0.1551 -0.865163
v 71.538 94.9008 7.59059
vn 0.152934 0.318595 -0.935472
v 71.4298 94.8957 7.59487
vn -0.259175 0.29735 -0.918919
v 71.344 94.8358 7.62385
vn -0.584186 0.0685487 -0.80872
v 71.3105 94.7419 7.66748
vn -0.709308 -0.287279 -0.643702
v 71.3568 94.6256 7.71999
vn -0.623657 -0.607237 -0.492254
v 71.6473 95.018 7.95724
vn 0.588231 0.73507 -0.33713
v 71.6412 94.8622 7.61727
vn 0.637426 0.696063 -0.330432
v 71.598 94.895 7.60303
vn 0.538021 0.76498 -0.354033
v 71.5187 94.9186 7.59361
vn 0.149638 0.899522 -0.41045
v 71.4754 95.0763 7.93361
vn -0.140204 0.904581 -0.402588
v 71.5691 95.0663 7.93649
vn 0.312112 0.865315 -0.392194
v 71.3878 95.0455 7.94926
vn -0.570763 0.754085 -0.324939
v 71.4104 94.9029 7.60275
vn -0.449698 0.816234 -0.362675
v 71.3261 94.9812 7.97986
vn -0.901498 0.40274 -0.158435
v 71.3438 94.858 7.62451
vn -0.763749 0.594064 -0.252537
v 71.3073 94.7902 7.65624
vn -0.958587 0.266231 -0.10115
v 71.3047 94.8979 8.0184
vn -0.99958 -0.00287256 0.0288417
v 71.3283 94.8148 8.05604
vn -0.887258 -0.408938 0.213408
v 71.3098 94.6904 7.70193
vn -0.946242 -0.285905 0.151278
v 71.3497 94.6237 7.7318
vn -0.740347 -0.603667 0.295758
v 71.3916 94.751 8.08417
vn -0.543996 -0.755085 0.365945
v 71.4185 94.5807 7.75025
vn -0.412845 -0.823856 0.388356
v 71.4801 94.721 8.09634
vn -0.11115 -0.899009 0.42359
v 71.5275 94.568 7.75412
vn 0.189598 -0.892406 0.409469
v 71.5735 94.7317 8.08976
vn 0.342539 -0.852562 0.394722
v 71.6056 94.5939 7.74086
vn 0.568389 -0.749502 0.339382
v 71.6504 94.7807 8.06595
vn 0.761678 -0.590271 0.267257
v 71.6617 94.6495 7.71438
vn 0.845289 -0.490175 0.212639
v 71.6932 94.8567 8.03035
vn 0.971994 -0.216569 0.0912434
v 71.6902 94.7457 7.6698
vn 0.998506 0.0433608 -0.0332431
v 71.692 94.9423 7.99112
vn 0.975775 0.195917 -0.0973675
v 71.6725 94.8198 7.63615
vn 0.89099 0.408944 -0.197235
v 71.6473 95.018 7.95724
vn 0.862131 0.458611 -0.215421
v 71.6412 94.8622 7.61727
vn 0.828885 0.502774 -0.24529
v 71.5611 103.201 26.2984
vn -0.967918 -0.221424 0.11877
v 71.2348 94.8377 8.04725
vn -0.967858 -0.221637 0.118865
v 71.2975 94.7317 8.09467
vn -0.879796 -0.425989 0.210931
v 71.6238 103.095 26.3459
vn -0.879808 -0.425969 0.210922
v 71.5596 103.321 26.2435
vn -0.973458 0.214158 -0.0807262
v 71.2332 94.9576 7.99233
vn -0.973535 0.21386 -0.0805875
v 71.6195 103.427 26.1937
vn -0.756347 0.599725 -0.261284
v 71.7271 103.496 26.1603
vn -0.289304 0.87217 -0.39449
v 71.4007 95.1326 7.90915
vn -0.441634 0.818605 -0.367213
v 71.2931 95.064 7.94249
vn -0.756327 0.599749 -0.261289
v 71.8578 103.511 26.1511
vn 0.189673 0.891306 -0.411823
v 71.9817 103.469 26.1682
vn 0.559518 0.749642 -0.353521
v 71.6553 95.1056 7.91698
vn 0.558888 0.750035 -0.353684
v 71.5315 95.1476 7.89994
vn 0.0268185 0.908589 -0.416831
v 72.0703 103.379 26.2075
vn 0.879869 0.425867 -0.210876
v 71.7439 95.0162 7.95636
vn 0.879744 0.426079 -0.210966
v 72.1034 103.263 26.2603
vn 0.997421 -0.0703201 0.014387
v 71.777 94.8999 8.00906
vn 0.995443 0.0786943 -0.0538606
v 72.0734 103.147 26.3142
vn 0.89104 -0.418484 0.175837
v 71.747 94.7833 8.06301
vn 0.890944 -0.418659 0.17591
v 71.8644 103.013 26.3789
vn 0.132209 -0.90202 0.410951
v 71.538 94.6501 8.12776
vn 0.132366 -0.902002 0.410941
v 71.6607 94.6932 8.10585
vn 0.509148 -0.785862 0.350983
v 71.9871 103.056 26.357
vn 0.643794 -0.69994 0.309214
v 71.7333 103.027 26.3749
vn -0.419626 -0.822327 0.384309
v 71.6238 103.095 26.3459
vn -0.559287 -0.749788 0.353576
v 71.2975 94.7317 8.09467
vn -0.558574 -0.750232 0.353761
v 71.4069 94.6641 8.12373
vn -0.265488 -0.874676 0.405535
v 71.7271 103.496 26.1603
vn 0.0156678 0.417111 0.90872
v 71.9817 103.469 26.1682
vn 0.0167006 0.416018 0.909203
v 71.8578 103.511 26.1511
vn 0.0160607 0.417305 0.908625
v 71.8644 103.013 26.3789
vn 0.0164517 0.416124 0.909159
v 72.0703 103.379 26.2075
vn 0.0159647 0.416758 0.908877
v 72.1034 103.263 26.2603
vn 0.0158416 0.417968 0.908324
v 72.0734 103.147 26.3142
vn 0.0141652 0.417145 0.90873
v 71.5596 103.321 26.2435
vn 0.0163511 0.416294 0.909083
v 71.5611 103.201 26.2984
vn 0.0147219 0.416134 0.909184
v 71.6238 103.095 26.3459
vn 0.016968 0.416427 0.909011
v 71.9871 103.056 26.357
vn 0.0186555 0.410984 0.911452
v 71.7333 103.027 26.3749
vn 0.0165192 0.414631 0.909839
v 71.6195 103.427 26.1937
vn 0.013046 0.41912 0.907837
v 71.5691 95.0663 7.93649
vn -0.0161577 -0.416268 -0.909098
v 71.5315 95.1476 7.89994
vn -0.0162522 -0.416324 -0.909071
v 71.6553 95.1056 7.91698
vn -0.0160158 -0.416274 -0.909098
v 71.4754 95.0763 7.93361
vn -0.0162636 -0.416371 -0.909049
v 71.6473 95.018 7.95724
vn -0.0160128 -0.416338 -0.909069
v 71.3878 95.0455 7.94926
vn -0.0162786 -0.41641 -0.909031
v 71.4007 95.1326 7.90915
vn -0.0162167 -0.416339 -0.909065
v 71.2931 95.064 7.94249
vn -0.0163096 -0.416536 -0.908973
v 71.692 94.9423 7.99112
vn -0.0159742 -0.416507 -0.908992
v 71.7439 95.0162 7.95636
vn -0.0159793 -0.416374 -0.909053
v 71.777 94.8999 8.00906
vn -0.0160481 -0.416528 -0.908981
v 71.747 94.7833 8.06301
vn -0.0163777 -0.416465 -0.909004
v 71.6932 94.8567 8.03035
vn -0.016244 -0.416564 -0.908961
v 71.6607 94.6932 8.10585
vn -0.016216 -0.416402 -0.909036
v 71.6504 94.7807 8.06595
vn -0.0163399 -0.416462 -0.909006
v 71.3047 94.8979 8.0184
vn -0.0163902 -0.416463 -0.909005
v 71.2332 94.9576 7.99233
vn -0.016268 -0.416549 -0.908968
v 71.3261 94.9812 7.97986
vn -0.0162815 -0.416609 -0.90894
v 71.3283 94.8148 8.05604
vn -0.016363 -0.416485 -0.908995
v 71.2348 94.8377 8.04725
vn -0.0164902 -0.416468 -0.909001
v 71.2975 94.7317 8.09467
vn -0.0161712 -0.416549 -0.908969
v 71.5735 94.7317 8.08976
vn -0.0161807 -0.41634 -0.909065
v 71.538 94.6501 8.12776
vn -0.0163209 -0.416321 -0.909071
v 71.4801 94.721 8.09634
vn -0.0163843 -0.416405 -0.909032
v 71.4069 94.6641 8.12373
vn -0.0162401 -0.416518 -0.908982
v 71.3916 94.751 8.08417
vn -0.016051 -0.416617 -0.90894
v 71.3316 94.7923 7.6332
vn -0.0158824 -0.416564 -0.908968
v 71.3488 94.6486 7.69875
vn -0.0158632 -0.416431 -0.909029
v 71.541 94.581 7.72629
vn -0.0162626 -0.416457 -0.90901
v 71.5036 94.8936 7.58371
vn -0.0162074 -0.416368 -0.909052
v 71.433 94.5864 7.72571
vn -0.0156736 -0.415336 -0.909533
v 71.3993 94.8685 7.59708
vn -0.0158019 -0.417175 -0.908689
v 71.6307 94.8288 7.61108
vn -0.0175414 -0.417489 -0.908512
v 71.6699 94.7258 7.65759
vn -0.0164385 -0.416499 -0.908987
v 71.6315 94.6342 7.70027
vn -0.0161491 -0.416844 -0.908834
v 2.273 94.6318 6.8384
vn -0.0540412 0.98047 -0.1891
v 2.27852 94.619 6.79103
vn 0.127917 0.923772 -0.360947
v 2.33862 94.5755 6.73632
vn 0.26291 0.77025 -0.581028
v 2.28405 94.5346 6.68539
vn 0.1044 0.636051 -0.764552
v 2.35568 94.4516 6.65534
vn 0.307752 0.274923 -0.910882
v 2.28694 94.3485 6.63041
vn 0.112885 0.00533611 -0.993594
v 2.35587 94.3819 6.64424
vn 0.325089 0.00454593 -0.945673
v 2.338 94.2698 6.66578
vn 0.255874 -0.439919 -0.860813
v 2.28512 94.2522 6.66503
vn 0.107439 -0.498774 -0.860048
v 2.32178 94.1746 6.7472
vn 0.199095 -0.835874 -0.511543
v 2.27842 94.143 6.79288
vn 0.0530502 -0.936277 -0.347234
v 2.2684 94.1289 6.92633
vn 0.0747674 -0.980311 0.182759
v 2.32234 94.1324 6.85557
vn 0.196727 -0.972504 -0.124635
v 2.39323 94.3147 6.66908
vn 0.468337 -0.258428 -0.844911
v 2.37456 94.2103 6.72434
vn 0.397018 -0.670053 -0.627221
v 2.41153 94.5134 6.71913
vn 0.545743 0.525112 -0.65301
v 2.39712 94.1866 6.77609
vn 0.486879 -0.762479 -0.426116
v 2.43527 94.2805 6.7161
vn 0.638144 -0.394344 -0.66126
v 2.44595 94.457 6.71329
vn 0.680253 0.299668 -0.668921
v 2.44468 94.384 6.69717
vn 0.675202 0.0162279 -0.737454
v 2.39919 94.5691 6.76931
vn 0.494675 0.743177 -0.450538
v 2.40073 94.1658 6.83973
vn 0.501655 -0.847435 -0.173771
v 2.45714 94.2275 6.80228
vn 0.726874 -0.606586 -0.322037
v 2.50327 94.3398 6.78107
vn 0.848738 -0.16993 -0.500767
v 2.50269 94.4394 6.79217
vn 0.861764 0.264248 -0.433054
v 2.36855 94.1465 6.91174
vn 0.377136 -0.919572 0.110252
v 2.34042 94.6238 6.85958
vn 0.273023 0.955976 -0.10756
v 2.46466 94.5368 6.82063
vn 0.701969 0.640096 -0.312277
v 2.49998 94.2715 6.84372
vn 0.858946 -0.479942 -0.178515
v 2.44359 94.1936 6.90323
vn 0.673945 -0.734837 0.0762391
v 2.27134 94.1285 6.92803
vn 0.0399548 -0.986465 0.159032
v 2.42627 94.5818 6.8673
vn 0.613292 0.787775 -0.0572993
v 2.49731 94.4995 6.89471
vn 0.829244 0.557583 0.0381388
v 2.4957 94.2621 6.92547
vn 0.81473 -0.537136 0.218402
v 2.41531 94.1914 6.97503
vn 0.55935 -0.745957 0.361491
v 2.27134 94.1285 6.92803
vn 0.0377073 -0.97755 0.207304
v 2.36031 94.6178 6.91272
vn 0.343533 0.931912 0.116298
v 2.49338 94.479 6.96986
vn 0.823403 0.379206 0.422149
v 2.47599 94.279 6.99775
vn 0.776446 -0.391265 0.494007
v 2.33704 94.1577 6.98774
vn 0.253319 -0.875945 0.410548
v 2.39239 94.5926 6.95635
vn 0.493869 0.814739 0.303799
v 2.44443 94.5487 6.96958
vn 0.672034 0.659383 0.337023
v 2.42584 94.5036 7.04435
vn 0.602775 0.493263 0.62718
v 2.44647 94.3199 7.05839
vn 0.686226 -0.240188 0.686589
v 2.36798 94.1979 7.03541
vn 0.397781 -0.652861 0.644626
v 2.45683 94.4215 7.0543
vn 0.721042 0.163905 0.673226
v 2.49088 94.3836 7.01732
vn 0.81812 -0.00523814 0.575024
v 2.38799 94.559 7.0248
vn 0.450049 0.699106 0.555614
v 2.27599 94.6326 6.83927
vn 0.0448951 0.989636 -0.136399
v 2.414 94.4036 7.09417
vn 0.551471 0.0944228 0.828833
v 2.38844 94.3096 7.09864
vn 0.453462 -0.278638 0.846601
v 2.27134 94.1285 6.92803
vn 0.016713 -0.976343 0.215582
v 2.30011 94.618 6.9697
vn 0.104242 0.934587 0.340118
v 2.26301 94.6313 6.92515
vn -0.132771 0.963207 0.233676
v 2.32642 94.5772 7.0336
vn 0.202307 0.78353 0.587497
v 2.35839 94.4951 7.09448
vn 0.333197 0.449987 0.828548
v 2.36288 94.4132 7.11912
vn 0.352084 0.127311 0.927269
v 2.3059 94.2349 7.08793
vn 0.137331 -0.575127 0.806455
v 2.30555 94.3413 7.13125
vn 0.126102 -0.153074 0.980136
v 2.25841 94.1809 7.03968
vn -0.0599233 -0.784928 0.616682
v 2.2907 94.5421 7.07813
vn 0.0625874 0.645126 0.761509
v 2.29788 94.4422 7.12758
vn 0.0951003 0.243632 0.965194
v 2.23273 94.1559 6.99348
vn -0.166923 -0.901269 0.399814
v 2.24636 94.31 7.12571
vn -0.107874 -0.279388 0.954099
v 2.24059 94.5903 7.0226
vn -0.129975 0.827694 0.54592
v 2.2408 94.4957 7.10834
vn -0.129056 0.450477 0.883411
v 2.22068 94.4154 7.12815
vn -0.210497 0.134327 0.968322
v 2.21871 94.2433 7.09027
vn -0.260113 -0.602015 0.75493
v 2.19855 94.5542 7.05199
vn -0.298179 0.685087 0.664639
v 2.14801 94.4835 7.07803
vn -0.496186 0.407472 0.766659
v 2.16289 94.2941 7.09338
vn -0.439516 -0.342423 0.830405
v 2.137 94.419 7.09481
vn -0.538866 0.154755 0.828055
v 2.1333 94.3511 7.09265
vn -0.550976 -0.117373 0.826226
v 2.15946 94.5862 6.98043
vn -0.448452 0.808142 0.381833
v 2.13625 94.5379 7.02864
vn -0.541819 0.618028 0.569625
v 2.17361 94.18 7.0035
vn -0.395756 -0.787924 0.471755
v 2.16852 94.6089 6.9171
vn -0.414316 0.900034 0.135204
v 2.08776 94.4012 7.05448
vn -0.739245 0.0805953 0.668597
v 2.13065 94.232 7.03205
vn -0.569666 -0.576857 0.58542
v 2.06654 94.4491 7.01101
vn -0.804178 0.322847 0.499067
v 2.08572 94.3075 7.03861
vn -0.737358 -0.287894 0.611081
v 2.20431 94.1348 6.89652
vn -0.202166 -0.978461 0.0417554
v 2.08859 94.5386 6.95543
vn -0.704429 0.653269 0.277525
v 2.05317 94.3059 6.98377
vn -0.841074 -0.317001 0.438298
v 2.09551 94.2246 6.97388
vn -0.702306 -0.61578 0.357185
v 2.10869 94.5753 6.88875
vn -0.678415 0.734679 0.000163199
v 2.05615 94.5067 6.92685
vn -0.823935 0.536328 0.182987
v 2.27599 94.6326 6.83927
vn -0.039359 0.986724 -0.157562
v 2.1422 94.1672 6.92362
vn -0.520288 -0.839362 0.15739
v 2.201 94.6168 6.82174
vn -0.299338 0.924218 -0.237104
v 2.1399 94.5823 6.8122
vn -0.540542 0.792216 -0.283211
v 2.07074 94.2286 6.90244
vn -0.782482 -0.618891 0.0685283
v 2.07237 94.524 6.82356
vn -0.788894 0.579214 -0.205323
v 2.1151 94.1946 6.80928
vn -0.676493 -0.704585 -0.214282
v 2.06274 94.2689 6.80101
vn -0.793308 -0.480684 -0.373638
v 2.1539 94.1586 6.85048
vn -0.474295 -0.871178 -0.126859
v 2.27134 94.1285 6.92803
vn -0.0566449 -0.986149 0.155891
v 2.11179 94.5137 6.74013
vn -0.635865 0.523368 -0.567241
v 2.07986 94.4536 6.73891
vn -0.754644 0.304838 -0.581022
v 2.27134 94.1285 6.92803
vn -0.0558716 -0.986634 0.153072
v 2.20056 94.583 6.74666
vn -0.327812 0.760791 -0.560121
v 2.11737 94.243 6.73868
vn -0.615906 -0.542111 -0.571642
v 2.10231 94.3966 6.69679
vn -0.666926 0.0680419 -0.742011
v 2.08391 94.3323 6.72469
vn -0.729663 -0.154815 -0.666052
v 2.19388 94.1558 6.80002
vn -0.305899 -0.892912 -0.330354
v 2.16751 94.4914 6.68387
vn -0.42053 0.429195 -0.799341
v 2.16999 94.3702 6.65399
vn -0.411032 -0.0399258 -0.910746
v 2.15319 94.2613 6.69449
vn -0.47404 -0.470416 -0.744308
v 2.20687 94.2028 6.71684
vn -0.26265 -0.702184 -0.66178
v 2.26315 94.5731 6.71919
vn -0.0630192 0.762406 -0.644023
v 2.20631 94.2834 6.65943
vn -0.266266 -0.382575 -0.884725
v 2.22646 94.4702 6.65103
vn -0.185317 0.351489 -0.917667
v 2.28698 94.3736 6.62972
vn -0.106823 -0.0527832 -0.992876
v 2.27898 94.1496 6.78229
vn -0.0340925 -0.931838 -0.361269
v 2.28533 94.4989 6.66113
vn -0.0171047 0.450231 -0.892748
v 2.28544 94.2666 6.65894
vn -0.0275978 -0.452572 -0.891301
v 2.27599 94.6326 6.83927
vn 0.0183926 0.974422 -0.223973
v 2.27134 94.1285 6.92803
vn -0.0314937 -0.99164 0.12513
v 1.87667 94.2118 6.89264
vn 0.867174 -0.474129 0.15235
v 1.8753 94.2264 6.93303
vn 0.765066 -0.570204 0.299234
v 1.87241 94.2508 6.97385
vn 0.85963 -0.369443 0.352915
v 1.87123 94.3006 7.01083
vn 0.753768 -0.297255 0.586066
v 1.87017 94.3628 7.031
vn 0.746683 -0.0489799 0.663374
v 1.86937 94.4056 7.03148
vn 0.859531 0.0686023 0.506458
v 1.87027 94.4567 7.01468
vn 0.791436 0.275681 0.545553
v 1.87303 94.5189 6.96203
vn 0.724891 0.500904 0.472894
v 1.87645 94.5429 6.91093
vn 0.778362 0.593568 0.204526
v 1.8782 94.551 6.86333
vn 0.775027 0.631843 -0.0103689
v 1.88313 94.5291 6.78297
vn 0.798032 0.541595 -0.264234
v 1.88561 94.4884 6.7323
vn 0.843954 0.358783 -0.398769
v 1.88665 94.4371 6.70228
vn 0.898867 0.175595 -0.401503
v 1.88762 94.3891 6.69383
vn 0.851253 0.0474145 -0.522609
v 1.88723 94.3174 6.70841
vn 0.812999 -0.218745 -0.539614
v 1.88525 94.2546 6.74991
vn 0.784649 -0.478975 -0.393584
v 1.88189 94.2255 6.79239
vn 0.880553 -0.447001 -0.157533
v 1.87899 94.2106 6.84842
vn 0.863118 -0.504311 -0.0264246
v 1.87761 94.2134 6.89241
vn 0.746423 -0.661285 0.074533
v 1.87478 94.1867 6.89697
vn -0.0196318 -0.917072 0.398238
v 1.86836 94.2617 7.01954
vn -0.0390779 -0.54677 0.836371
v 1.774 94.2617 7.01459
vn -0.042283 -0.666121 0.744644
v 1.78043 94.1867 6.89203
vn -0.0171581 -0.950017 0.311727
v 1.77214 94.3564 7.05023
vn -0.0565532 -0.117424 0.99147
v 1.86642 94.3853 7.05662
vn -0.0491872 -0.000344339 0.99879
v 1.86823 94.4952 7.02201
vn -0.0352812 0.659626 0.750765
v 1.77248 94.4431 7.04372
vn -0.0527175 0.316008 0.947291
v 1.77486 94.5176 6.99822
vn -0.0454575 0.625718 0.778724
v 1.87378 94.57 6.91608
vn -0.00709362 0.980916 0.194303
v 1.7787 94.565 6.92494
vn -0.0266913 0.900579 0.433872
v 1.8791 94.5708 6.81447
vn 0.0230338 0.938488 -0.344544
v 1.78323 94.5759 6.83838
vn -0.00557434 0.999978 0.00362472
v 1.78823 94.5404 6.74314
vn 0.0239268 0.855302 -0.517577
v 1.88398 94.5152 6.72149
vn 0.0435907 0.664803 -0.745746
v 1.79085 94.487 6.69322
vn 0.0435307 0.458044 -0.887863
v 1.88665 94.4046 6.6705
vn 0.0558418 0.118894 -0.991335
v 1.79237 94.3757 6.66411
vn 0.04839 -0.0226083 -0.998573
v 1.88561 94.292 6.69034
vn 0.0507041 -0.45126 -0.890951
v 1.79136 94.291 6.68345
vn 0.0427612 -0.479151 -0.87669
v 1.88004 94.1981 6.79654
vn 0.0241449 -0.925158 -0.378814
v 1.78842 94.2241 6.73953
vn 0.0244204 -0.851118 -0.524407
v 1.87478 94.1867 6.89697
vn -0.00178385 -0.99616 0.0875322
v 1.78043 94.1867 6.89203
vn -0.00633843 -0.999699 0.0236948
v 1.78078 94.2254 6.8852
vn -0.0146648 -0.95687 0.290146
v 1.58813 94.2254 6.87511
vn -0.0179396 -0.928088 0.371928
v 1.77659 94.2694 6.96529
vn -0.0339979 -0.717609 0.695615
v 1.5836 94.2735 6.96158
vn -0.0374822 -0.684477 0.728071
v 1.77431 94.3419 7.00875
vn -0.0487366 -0.236489 0.970411
v 1.58144 94.3576 7.00287
vn -0.0516905 -0.0729228 0.995997
v 1.77472 94.4389 7.00093
vn -0.045498 0.380444 0.923684
v 1.58282 94.4685 6.97657
vn -0.04131 0.594285 0.803193
v 1.77952 94.5287 6.90939
vn -0.0200269 0.901862 0.431559
v 1.58638 94.524 6.90859
vn -0.0202784 0.918556 0.394771
v 1.78364 94.535 6.83069
vn 0.0113585 0.984732 -0.173705
v 1.59143 94.5321 6.81225
vn 0.0136982 0.968802 -0.247455
v 1.78686 94.5106 6.76922
vn 0.0291951 0.858712 -0.511626
v 1.789 94.4672 6.72845
vn 0.0454334 0.560582 -0.826852
v 1.59526 94.4931 6.73921
vn 0.0369441 0.719811 -0.693186
v 1.7903 94.3864 6.70356
vn 0.054315 0.0327187 -0.997988
v 1.59744 94.4125 6.69761
vn 0.0512627 0.218336 -0.974526
v 1.78838 94.2759 6.74033
vn 0.0446586 -0.590219 -0.806007
v 1.59717 94.3217 6.70269
vn 0.0491061 -0.376951 -0.924931
v 1.78556 94.2372 6.79402
vn 0.0231542 -0.914987 -0.402817
v 1.5951 94.2666 6.74228
vn 0.0373576 -0.705127 -0.708096
v 1.78183 94.2248 6.86527
vn 0.00246661 -0.999918 0.0125552
v 1.59227 94.2329 6.79616
vn 0.0167648 -0.953144 -0.302051
v 1.58813 94.2254 6.87511
vn -0.00222776 -0.998686 0.0511968
v 1.58145 94.4079 7.00267
vn -0.7565 0.0745302 0.649733
v 1.57857 94.3704 7.00112
vn -0.7367 -0.0585427 0.673681
v 1.58004 94.3253 6.99191
vn -0.743338 -0.252765 0.61932
v 1.58131 94.2825 6.96761
vn -0.737485 -0.445594 0.507507
v 1.5843 94.2481 6.92947
vn -0.734242 -0.59247 0.331462
v 1.58844 94.225 6.8693
vn -0.71158 -0.702309 0.0204218
v 1.58887 94.2275 6.82335
vn -0.701717 -0.684078 -0.199072
v 1.59257 94.234 6.79046
vn -0.690393 -0.618855 -0.374667
v 1.59312 94.2671 6.74236
vn -0.680113 -0.485339 -0.549447
v 1.59574 94.3073 6.71121
vn -0.6767 -0.30889 -0.66833
v 1.59567 94.365 6.69364
vn -0.671008 -0.102854 -0.734281
v 1.59557 94.4106 6.69576
vn -0.670931 0.0972342 -0.735117
v 1.59476 94.4537 6.71107
vn -0.673469 0.296775 -0.677026
v 1.59505 94.4972 6.74323
vn -0.684536 0.501324 -0.52923
v 1.59122 94.5197 6.77869
vn -0.692053 0.625221 -0.360778
v 1.58901 94.5333 6.82077
vn -0.700911 0.688895 -0.184791
v 1.58693 94.5329 6.87931
vn -0.722036 0.683567 0.106771
v 1.58358 94.5151 6.92443
vn -0.727248 0.617613 0.299439
v 1.58162 94.4853 6.96192
vn -0.737333 0.464513 0.490478
v 1.58021 94.4439 6.98864
vn -0.742636 0.290519 0.603399
v 1.57958 94.4076 7.00063
vn -0.742562 0.156318 0.651281
v 1.58653 94.4101 6.83057
vn -0.879109 -0.424677 0.216372
v 1.58594 94.4141 6.84168
vn -0.869799 -0.482328 0.10397
v 1.587 94.4025 6.82151
vn -0.886261 -0.286247 0.364148
v 1.60529 94.3805 6.84862
vn -0.883673 -0.328232 0.333745
v 1.58731 94.3922 6.8156
vn -0.888867 -0.135847 0.437562
v 1.58742 94.3805 6.81354
vn -0.890729 0.0333334 0.453311
v 1.58731 94.3689 6.8156
vn -0.888382 0.190787 0.417586
v 1.587 94.3586 6.82151
vn -0.884947 0.291203 0.363413
v 1.58653 94.351 6.83057
vn -0.879063 0.412569 0.238821
v 1.60529 94.3805 6.84862
vn -0.876648 0.433673 0.208363
v 1.58594 94.347 6.84168
vn -0.869664 0.490857 0.0523943
v 1.58532 94.347 6.8535
vn -0.860752 0.495996 -0.114427
v 1.58474 94.351 6.86461
vn -0.850765 0.428301 -0.30456
v 1.58427 94.3586 6.87367
vn -0.842876 0.286343 -0.455597
v 1.60529 94.3805 6.84862
vn -0.843271 0.321389 -0.430817
v 1.58396 94.3689 6.87959
vn -0.838318 0.137267 -0.527618
v 1.58385 94.3805 6.88164
vn -0.838339 0.0209218 -0.544748
v 1.58396 94.3922 6.87959
vn -0.839414 -0.139774 -0.525212
v 1.58427 94.4025 6.87367
vn -0.842569 -0.293391 -0.451662
v 1.58474 94.4101 6.86461
vn -0.849856 -0.408132 -0.333425
v 1.60529 94.3805 6.84862
vn -0.851337 -0.439803 -0.286004
v 1.58532 94.4141 6.8535
vn -0.860158 -0.487753 -0.149079
v 1.58594 94.4141 6.84168
vn -0.863217 -0.504483 -0.0188098
v 2.06026 94.5173 6.84832
vn 0.0654651 0.951398 -0.300927
v 2.06411 94.4759 6.77487
vn 0.0536334 0.679612 -0.731608
v 1.9654 94.4101 6.72521
vn 0.239183 0.202322 -0.949662
v 2.06607 94.3955 6.73748
vn 0.0577236 0.0596843 -0.996547
v 1.88936 94.3427 6.70327
vn 0.297672 -0.252807 -0.920587
v 2.06463 94.3016 6.76495
vn 0.101901 -0.630368 -0.769579
v 1.97963 94.2405 6.84523
vn 0.148975 -0.976917 -0.153098
v 2.05997 94.2449 6.85392
vn 0.00390482 -0.987031 -0.160485
v 1.88628 94.5126 6.76207
vn 0.275137 0.735222 -0.619474
v 1.88669 94.253 6.75434
vn 0.332487 -0.677305 -0.656285
v 1.88344 94.2209 6.81636
vn 0.318106 -0.907776 -0.273407
v 1.88251 94.5458 6.83397
vn 0.321095 0.916171 -0.239852
v 1.88896 94.4459 6.71087
vn 0.37214 0.355484 -0.857405
v 1.87946 94.2153 6.89217
vn 0.203783 -0.973776 0.101152
v 2.49296 94.2893 6.97773
vn 0.998629 0.000291428 0.0523481
v 2.49808 94.2576 6.87998
vn 0.998601 0.000527027 0.0528676
v 2.49979 94.4944 6.84745
vn 0.998657 0.000545115 0.0517998
v 2.49135 94.4064 7.00848
vn 0.998648 -0.000111039 0.0519918
v 2.50351 94.3685 6.77637
vn 0.998608 0.000117074 0.0527378
v 1.98504 94.2598 6.94103
vn 0.0885733 -0.85341 0.51366
v 2.05774 94.2438 6.89648
vn 0.0730947 -0.964954 0.252035
v 2.05295 94.3063 6.98792
vn -0.0109094 -0.626036 0.779718
v 2.05184 94.3841 7.0091
vn 0.00984608 0.0200614 0.99975
v 1.97398 94.4488 6.99334
vn 0.0875382 0.471122 0.877714
v 2.05267 94.4465 6.99323
vn 0.0123533 0.612118 0.79067
v 2.05551 94.4981 6.93908
vn -0.0228308 0.883232 0.468381
v 1.87619 94.5198 6.95457
vn 0.209158 0.848863 0.485474
v 2.06026 94.5173 6.84832
vn 0.0575904 0.99675 -0.0563352
v 1.87244 94.3492 7.02625
vn 0.212129 -0.240918 0.94708
v 1.87946 94.2153 6.89217
vn 0.294986 -0.9044 0.308293
v 1.87423 94.2767 6.99191
vn 0.261668 -0.622781 0.737342
v 1.88093 94.5449 6.86416
vn 0.316626 0.948485 0.0111939
v 1.873 94.4493 7.01555
vn 0.271808 0.296809 0.915437
v 1.86866 94.2568 7.01381
vn 0.998628 -4.46335e-05 0.0523601
v 1.87467 94.1951 6.89921
vn 0.998629 -9.00489e-05 0.0523395
v 1.86711 94.4111 7.04335
vn 0.998624 -1.44687e-06 0.0524444
v 1.86742 94.3216 7.03751
vn 0.998631 4.02221e-05 0.0523165
v 1.88244 94.2205 6.75092
vn 0.99863 -9.00721e-05 0.0523278
v 1.88549 94.285 6.69268
vn 0.998631 2.19393e-05 0.052301
v 1.88651 94.4264 6.67322
vn 0.998635 -5.65507e-06 0.0522322
v 1.86988 94.5198 6.99045
vn 0.998628 6.10733e-05 0.0523727
v 1.87767 94.5615 6.8418
vn 0.99863 -3.00381e-05 0.0523282
v 1.88187 94.5462 6.76177
vn 0.998629 5.33965e-05 0.0523432
v 1.78208 94.5759 6.86036
vn -0.998631 -7.74006e-05 -0.0523141
v 1.77494 94.5161 6.99666
vn -0.99863 5.39845e-06 -0.0523322
v 1.77635 94.4889 6.96982
vn -0.998628 1.38474e-06 -0.052368
v 1.78495 94.5261 6.80576
vn -0.998629 -4.56437e-05 -0.0523533
v 1.77221 94.4142 7.04879
vn -0.99863 -5.78908e-05 -0.0523294
v 1.78751 94.5462 6.75682
vn -0.998628 -3.28037e-05 -0.05236
v 1.79215 94.4264 6.66828
vn -0.998629 3.04594e-05 -0.0523473
v 1.79025 94.3535 6.70454
vn -0.99863 3.52024e-06 -0.0523337
v 1.79185 94.3187 6.67415
vn -0.998627 -4.87835e-05 -0.0523915
v 1.77296 94.3007 7.03458
vn -0.99863 2.0306e-05 -0.0523263
v 1.77583 94.2873 6.97975
vn -0.998629 2.73306e-05 -0.0523458
v 1.778 94.2079 6.93829
vn -0.998627 -1.08489e-05 -0.0523765
v 1.78149 94.2265 6.87172
vn -0.998629 -6.73403e-05 -0.0523377
v 1.78763 94.267 6.7546
vn -0.998627 1.70626e-06 -0.0523766
v 1.78569 94.1981 6.79159
vn -0.998629 1.96002e-05 -0.0523461
v 1.58213 94.5151 6.91442
vn -0.998632 -9.9043e-06 -0.0522903
v 1.58601 94.4079 6.84033
vn -0.998629 -2.21361e-05 -0.0523369
v 1.58688 94.5319 6.82384
vn -0.998626 -8.24078e-06 -0.0524091
v 1.57836 94.4375 6.98641
vn -0.99863 -1.22195e-05 -0.0523355
v 1.58401 94.386 6.87862
vn -0.998629 -1.66424e-05 -0.0523464
v 1.59179 94.4767 6.73015
vn -0.998629 -4.54433e-05 -0.0523501
v 1.59354 94.4052 6.6968
vn -0.99863 1.93021e-05 -0.0523299
v 1.58707 94.3647 6.8203
vn -0.998629 -2.80225e-06 -0.0523505
v 1.59305 94.3292 6.70608
vn -0.998629 -3.44557e-06 -0.0523425
v 1.57775 94.353 6.99813
vn -0.998629 3.9884e-06 -0.0523544
v 1.58507 94.3509 6.85837
vn -0.99863 4.0404e-05 -0.0523185
v 1.58075 94.2641 6.94071
vn -0.99863 2.666e-05 -0.0523218
v 1.5908 94.2645 6.74911
vn -0.998631 -1.20083e-05 -0.0523141
v 1.58588 94.2274 6.84282
vn -0.998628 9.68976e-06 -0.0523558
v 1.5396 95.627 7.72598
vn 0.0178687 0.93988 -0.341036
v 1.53619 95.6734 7.79102
vn 0.0433596 0.560301 -0.827154
v 1.65755 95.627 7.73216
vn 0.0207034 0.91839 -0.395135
v 1.65377 95.6793 7.80426
vn 0.0453591 0.50011 -0.864773
v 1.65295 95.7317 7.81988
vn 0.052364 0 -0.998628
v 1.53517 95.7499 7.8105
vn 0.0515467 -0.173729 -0.983443
v 1.65377 95.784 7.80426
vn 0.0453605 -0.500065 -0.864799
v 1.53704 95.8119 7.77474
vn 0.0348138 -0.746539 -0.66443
v 1.65664 95.8301 7.74948
vn 0.0164423 -0.949343 -0.313812
v 1.54057 95.8364 7.70754
vn -1.92252e-07 -1 2.78776e-07
v 1.66076 95.8242 7.67091
vn -0.021366 -0.912931 0.407554
v 1.54433 95.8039 7.63574
vn -0.0375064 -0.697629 0.715477
v 1.66391 95.7499 7.61077
vn -0.0515388 -0.173696 0.98345
v 1.54572 95.7055 7.6092
vn -0.0507602 0.243458 0.968582
v 1.66289 95.6734 7.63025
vn -0.0424877 0.584209 0.81049
v 1.54244 95.6333 7.67179
vn -0.0179086 0.939657 0.341648
v 1.65755 95.627 7.73216
vn -0.00455248 0.996208 0.0868835
v 1.5396 95.627 7.72598
vn 0 1 0
v 1.76915 95.251 5.60262
vn 0.0178811 0.939895 -0.340996
v 1.6512 95.251 5.59644
vn 0.0207157 0.918405 -0.395099
v 1.76574 95.2974 5.66767
vn 0.0433475 0.560267 -0.827177
v 1.64742 95.3033 5.66855
vn 0.0453179 0.500059 -0.864804
v 1.64678 95.3738 5.68096
vn 0.0515267 -0.173667 -0.983455
v 1.76472 95.3738 5.68714
vn 0.0515271 -0.173666 -0.983456
v 1.6491 95.439 5.63654
vn 0.0294801 -0.826362 -0.562367
v 1.76788 95.4481 5.62701
vn 0.0227729 -0.900426 -0.434413
v 1.65442 95.4481 5.53519
vn -0.0213847 -0.912703 0.408064
v 1.77199 95.4541 5.54843
vn -0.017946 -0.939427 0.34228
v 1.77486 95.408 5.49365
vn -0.046064 -0.474271 0.879173
v 1.65756 95.3738 5.47505
vn -0.051583 -0.173696 0.983447
v 1.77527 95.3295 5.48585
vn -0.0507713 0.243425 0.96859
v 1.65655 95.2974 5.49453
vn -0.0424781 0.58418 0.810512
v 1.77199 95.2573 5.54843
vn -0.0179129 0.939656 0.34165
v 1.6512 95.251 5.59644
vn -0.00455616 0.996208 0.0868831
v 1.76915 95.251 5.60262
vn 0 1 0
v 1.79033 94.3532 6.70301
vn -0.0497428 0.312533 0.948604
v 1.67238 94.3532 6.69683
vn -0.0497062 0.312437 0.948637
v 1.67098 94.2922 6.72348
vn -0.0445089 0.526892 0.848766
v 1.78894 94.2922 6.72967
vn -0.0416544 0.605826 0.794506
v 1.66742 94.2369 6.79156
vn -0.0213532 0.912989 0.407425
v 1.78537 94.2369 6.79774
vn -0.0190571 0.931436 0.363407
v 1.66233 94.2321 6.88876
vn 0.0145166 0.960747 -0.277047
v 1.78079 94.2271 6.88491
vn 0.00660418 0.992 -0.126065
v 1.77668 94.2661 6.9635
vn 0.0354881 0.73483 -0.677323
v 1.65787 94.2813 6.97376
vn 0.0405932 0.630968 -0.774746
v 1.65637 94.3414 7.00238
vn 0.0503194 0.274355 -0.960311
v 1.77461 94.3197 7.00294
vn 0.0482576 0.386595 -0.920986
v 1.77406 94.3855 7.01347
vn 0.0522461 -0.0556597 -0.997082
v 1.65615 94.4079 7.00658
vn 0.0515309 -0.173649 -0.983458
v 1.77549 94.4689 6.9861
vn 0.0431006 -0.567003 -0.822587
v 1.65755 94.4689 6.97992
vn 0.0431055 -0.567021 -0.822575
v 1.77907 94.5243 6.91803
vn 0.0202339 -0.922291 -0.385966
v 1.66111 94.5243 6.91184
vn 0.0202499 -0.922288 -0.385972
v 1.66569 94.5341 6.82467
vn -0.00908542 -0.98481 0.173397
v 1.78248 94.538 6.85289
vn -0.00165115 -0.999502 0.0315111
v 1.6701 94.4855 6.74033
vn -0.0385594 -0.675957 0.735932
v 1.78584 94.5202 6.78876
vn -0.0221063 -0.906375 0.421895
v 1.78861 94.4799 6.73582
vn -0.0406194 -0.630353 0.775245
v 1.79011 94.4197 6.70721
vn -0.0509501 -0.227789 0.972377
v 1.67238 94.3532 6.69683
vn -0.0522846 -0.0396386 0.997845
v 1.79033 94.3532 6.70301
vn -0.0522994 0.0317312 0.998127
v 1.64589 95.5986 7.9547
vn 0.998629 5.80826e-05 0.0523369
v 1.65573 95.6396 7.7668
vn 0.998629 0.000106822 0.0523392
v 1.64421 95.7036 7.98661
vn 0.998628 -1.20912e-05 0.0523557
v 1.65706 95.2115 7.74146
vn 0.998629 -9.36946e-06 0.0523395
v 1.6613 95.6396 7.66065
vn 0.998629 -2.49997e-06 0.0523382
v 1.76217 94.8574 5.73583
vn 0.99863 -1.21317e-05 0.0523333
v 1.65336 95.7055 7.81207
vn 0.998629 -5.16539e-05 0.0523537
v 1.64448 95.7913 7.9815
vn 0.998629 7.87106e-07 0.0523446
v 1.66343 95.6791 7.61988
vn 0.99863 5.56999e-05 0.0523252
v 1.76456 95.3381 5.69034
vn 0.99863 2.06422e-05 0.0523339
v 1.65377 95.784 7.80426
vn 0.99863 3.86323e-05 0.0523342
v 1.76489 95.392 5.68394
vn 0.99863 8.24026e-06 0.0523353
v 1.66408 95.7317 7.60757
vn 0.99863 0 0.0523343
v 1.76586 95.2874 5.66551
vn 0.99863 -6.08113e-06 0.0523305
v 1.78074 95.173 5.38145
vn 0.998629 -1.11317e-05 0.0523427
v 1.77108 95.251 5.56576
vn 0.99863 3.88076e-05 0.0523299
v 1.77449 95.2974 5.50071
vn 0.99863 -8.34016e-06 0.0523288
v 1.78389 95.2769 5.32139
vn 0.998631 3.22883e-05 0.0523104
v 1.77552 95.3738 5.48124
vn 0.998631 -4.22942e-06 0.0523089
v 1.65664 95.8301 7.74948
vn 0.998629 -1.05507e-05 0.0523374
v 1.64619 95.873 7.94898
vn 0.99863 -1.18334e-05 0.0523319
v 1.65615 96.0194 7.75886
vn 0.998629 0.000283378 0.0523526
v 1.66039 95.8301 7.67797
vn 0.998627 -2.03097e-06 0.0523763
v 1.66374 95.7681 7.61397
vn 0.998629 -3.67642e-05 0.052343
v 1.76601 95.4275 5.66268
vn 0.998629 -4.58988e-05 0.0523438
v 1.64915 95.9402 7.89237
vn 0.998628 -2.42204e-05 0.0523641
v 1.77262 95.6271 5.5364
vn 0.998631 8.76029e-05 0.0523171
v 1.77012 95.4604 5.58419
vn 0.998632 -1.60918e-05 0.0522919
v 1.78448 95.3641 5.30999
vn 0.998631 -4.0925e-06 0.0523102
v 1.77364 95.4359 5.51699
vn 0.99863 1.73533e-06 0.0523263
v 1.78361 95.4504 5.32667
vn 0.998629 -3.64675e-05 0.0523443
v 1.78136 95.527 5.36972
vn 0.99863 4.62679e-05 0.0523322
v 1.77262 95.6271 5.5364
vn 0.0138865 0.958447 -0.284934
v 1.66 95.586 5.42854
vn 0.0465565 0.867912 -0.494531
v 1.77929 95.5652 5.40911
vn 0.0117559 0.782579 -0.62244
v 1.6647 95.4904 5.33893
vn 0.0464504 0.489901 -0.87054
v 1.78401 95.4296 5.31906
vn 0.0476706 0.36458 -0.929951
v 1.65467 95.6271 5.53022
vn 0.0158283 0.959221 -0.282215
v 1.78448 95.3641 5.30999
vn 0.0524362 0.0483145 -0.997455
v 1.66641 95.3311 5.30634
vn 0.0515248 -0.0812217 -0.995363
v 1.78389 95.2769 5.32139
vn 0.0516007 -0.288983 -0.955942
v 1.7796 95.1481 5.40322
vn 0.0402911 -0.642894 -0.764895
v 1.6646 95.2159 5.34081
vn 0.0460109 -0.441805 -0.895931
v 1.66165 95.1481 5.39704
vn 0.0384925 -0.676857 -0.735108
v 1.66102 96.0031 7.66593
vn 0.00908573 0.984808 -0.173406
v 1.77262 95.6271 5.5364
vn 0.00908612 0.984808 -0.173406
v 1.54307 96.0031 7.65975
vn 0.00908497 0.984808 -0.173406
v 1.65467 95.6271 5.53022
vn 0.00908497 0.984808 -0.173406
v 1.64589 95.5986 7.9547
vn -0.0483347 -0.382991 0.922487
v 1.52731 95.6294 7.96047
vn -0.0447137 -0.338745 0.939815
v 1.64421 95.7036 7.98661
vn -0.0710104 -0.0976671 0.992683
v 1.52621 95.7477 7.98141
vn -0.0524637 -0.00398156 0.998615
v 1.6447 95.8016 7.97741
vn -0.0496933 0.264497 0.963105
v 1.52751 95.8429 7.95666
vn -0.0473175 0.426538 0.903231
v 1.64678 95.892 7.93762
vn -0.0436232 0.563152 0.825201
v 1.53033 95.9258 7.90295
vn -0.0330448 0.747366 0.663591
v 1.65003 95.9546 7.87561
vn -0.0282046 0.851068 0.524298
v 1.53513 95.986 7.81129
vn -0.019225 0.929158 0.369183
v 1.6564 96.0043 7.75399
vn -0.00521135 0.996211 0.0868179
v 1.66102 96.0031 7.66593
vn 0.00466288 0.996021 -0.0890008
v 1.54307 96.0031 7.65975
vn 0.00179005 0.999766 -0.0215407
v 1.65706 95.2115 7.74146
vn -0.0457757 -0.483007 0.874419
v 1.64589 95.5986 7.9547
vn -0.0457995 -0.483006 0.874418
v 1.52794 95.5986 7.94852
vn -0.0458215 -0.483008 0.874416
v 1.53911 95.2115 7.73528
vn -0.0458222 -0.483008 0.874416
v 1.76217 94.8574 5.73579
vn 0.981714 0.18951 0.017983
v 1.67679 95.1609 7.69553
vn 0.837569 0.543834 -0.0521834
v 1.77623 94.8258 5.79802
vn 0.807021 0.587316 -0.0614554
v 1.65706 95.2115 7.74146
vn 0.989647 0.140961 0.0269922
v 1.7796 95.1481 5.40322
vn 0.034406 -0.753357 -0.656711
v 1.76217 94.8574 5.73579
vn 0.0343872 -0.753356 -0.656713
v 1.66165 95.1481 5.39704
vn 0.0344219 -0.753356 -0.656711
v 1.64423 94.8574 5.72961
vn 0.0344305 -0.753356 -0.656711
v 1.52794 95.5986 7.94852
vn -0.998631 -6.075e-05 -0.0523168
v 1.53778 95.6396 7.76062
vn -0.998631 -0.000117892 -0.0523062
v 1.52627 95.7036 7.98043
vn -0.99863 2.69166e-06 -0.0523232
v 1.53911 95.2115 7.73528
vn -0.998629 9.61966e-06 -0.0523379
v 1.64423 94.8574 5.72962
vn -0.99863 -1.15639e-05 -0.0523354
v 1.54335 95.6396 7.65447
vn -0.998629 2.19428e-06 -0.0523378
v 1.53541 95.7055 7.80589
vn -0.99863 2.65183e-05 -0.0523274
v 1.52653 95.7913 7.97533
vn -0.99863 -4.01655e-05 -0.0523344
v 1.54548 95.6791 7.61371
vn -0.99863 -5.42145e-05 -0.0523256
v 1.64661 95.3381 5.68416
vn -0.99863 -2.00249e-05 -0.0523341
v 1.53582 95.784 7.79807
vn -0.99863 -3.65557e-05 -0.0523333
v 1.64694 95.392 5.67776
vn -0.998629 2.95447e-05 -0.0523413
v 1.64791 95.2874 5.65933
vn -0.99863 -4.71218e-06 -0.0523326
v 1.66279 95.173 5.37527
vn -0.99863 1.47404e-05 -0.052336
v 1.65314 95.251 5.55957
vn -0.998629 7.1206e-05 -0.0523541
v 1.65655 95.2974 5.49453
vn -0.998629 -1.56655e-06 -0.0523418
v 1.66595 95.2769 5.3152
vn -0.998628 3.61708e-05 -0.0523595
v 1.65756 95.3738 5.47505
vn -0.998629 -4.10817e-05 -0.0523469
v 1.54613 95.7317 7.60139
vn -0.998629 3.78981e-05 -0.0523425
v 1.53869 95.8301 7.7433
vn -0.998629 8.47318e-05 -0.0523545
v 1.52824 95.873 7.9428
vn -0.998629 6.07896e-05 -0.0523453
v 1.54579 95.7681 7.60779
vn -0.998629 1.2094e-05 -0.0523386
v 1.64806 95.4275 5.65647
vn -0.99863 -8.82544e-06 -0.0523341
v 1.5382 96.0194 7.75268
vn -0.99863 0.000186561 -0.0523214
v 1.54244 95.8301 7.67179
vn -0.998628 -1.09013e-05 -0.0523616
v 1.5312 95.9402 7.88619
vn -0.998631 -1.20118e-05 -0.0523166
v 1.66654 95.3641 5.30381
vn -0.99863 -3.25195e-05 -0.0523347
v 1.65569 95.4359 5.51081
vn -0.998629 6.71012e-05 -0.0523502
v 1.66567 95.4504 5.32049
vn -0.998628 3.39697e-05 -0.0523558
v 1.65217 95.4604 5.578
vn -0.998628 -2.00508e-05 -0.0523651
v 1.65467 95.6271 5.53022
vn -0.998631 -9.82676e-05 -0.0523149
v 1.66341 95.527 5.36353
vn -0.998631 -6.93788e-05 -0.0523047
v 1.61056 95.1583 7.71872
vn 0.16239 -0.323102 0.932327
v 1.53911 95.2115 7.73528
vn 0.00620993 -0.229624 0.973259
v 1.65706 95.2115 7.74146
vn 0.0077643 -0.511734 0.859109
v 1.59263 95.0786 7.70564
vn 0.188421 -0.140379 0.972004
v 1.67679 95.1609 7.69553
vn 0.372051 -0.388372 0.843057
v 1.74033 94.8423 5.74954
vn 0.169665 -0.742813 -0.647643
v 1.77623 94.8258 5.79802
vn 0.439083 -0.62963 -0.640915
v 1.69207 94.7436 5.80813
vn 0.272029 -0.482555 -0.832551
v 1.64423 94.8574 5.72961
vn 0.0741903 -0.582312 -0.809573
v 1.6818 95.1552 7.69125
vn 0.713369 0.695552 -0.0855053
v 1.78067 94.822 5.80446
vn 0.713107 0.695818 -0.0855339
v 1.56822 95.1116 7.71426
vn -0.898326 -0.438314 0.0298621
v 1.65913 94.7882 5.77406
vn -0.91677 -0.398779 0.0225329
v 1.64796 94.822 5.7518
vn -0.979486 -0.200909 -0.0155846
v 1.59263 95.0786 7.70564
vn -0.76009 -0.645604 0.073884
v 1.69207 94.7436 5.80813
vn -0.784444 -0.61645 0.0680985
v 1.53911 95.2115 7.73528
vn -0.993703 -0.106893 -0.0335972
v 1.64423 94.8574 5.72961
vn -0.996816 -0.0690781 -0.0398171
v 1.59763 95.0729 7.70136
vn 0.399134 -0.302271 0.865635
v 1.6818 95.1552 7.69125
vn 0.399499 -0.301792 0.865634
v 1.78067 94.822 5.80446
vn 0.479488 -0.572867 -0.664767
v 1.69651 94.7398 5.81457
vn 0.479142 -0.57276 -0.665108
v 1.71121 95.1165 7.67835
vn 0.898702 0.437494 -0.0305595
v 1.81806 94.7737 5.84495
vn 0.916511 0.399398 -0.0221148
v 1.82924 94.7399 5.86721
vn 0.979216 0.202196 0.0159083
v 1.6868 95.1496 7.68697
vn 0.759772 0.645898 -0.0745794
v 1.78512 94.8183 5.81089
vn 0.783933 0.617168 -0.0674829
v 1.74032 95.0166 7.65733
vn 0.993717 0.107025 0.0327575
v 1.83297 94.7045 5.8894
vn 0.996778 0.0693846 0.0402511
v 1.59763 95.0729 7.70136
vn -0.712342 -0.696588 0.0856399
v 1.69651 94.7398 5.81457
vn -0.711323 -0.697603 0.0858494
v 1.64378 95.0379 7.66162
vn 0.0873129 -0.449793 0.888855
v 1.6868 95.1496 7.68697
vn 0.177569 -0.163791 0.970382
v 1.60264 95.0673 7.69708
vn 0.378479 -0.417187 0.826262
v 1.74032 95.0166 7.65733
vn -0.0186902 -0.269294 0.962877
v 1.83297 94.7045 5.8894
vn 0.137967 -0.583797 -0.800092
v 1.79652 94.8045 5.82179
vn 0.293385 -0.492396 -0.819434
v 1.71502 94.7045 5.88322
vn 0.133196 -0.789293 -0.599396
v 1.70096 94.7361 5.821
vn 0.470485 -0.626258 -0.621647
v 1.78949 94.0122 6.71911
vn 0.998629 2.86297e-05 0.0523389
v 1.79576 94.084 6.59935
vn 0.99863 1.18239e-05 0.0523177
v 1.78079 94.2271 6.88491
vn 0.99863 1.92418e-06 0.0523311
v 1.78537 94.2369 6.79774
vn 0.99863 -4.57326e-05 0.0523261
v 1.78894 94.2922 6.72967
vn 0.998631 -2.22103e-06 0.0523
v 1.77177 94.0412 7.05711
vn 0.99863 9.72736e-05 0.0523286
v 1.78047 93.9899 6.89125
vn 0.99863 0.000346549 0.0523262
v 1.83297 94.7045 5.88944
vn 0.99863 1.62731e-06 0.0523359
v 1.79045 94.4075 6.70074
vn 0.99863 -1.03078e-05 0.052329
v 1.78775 94.4951 6.75226
vn 0.998629 -4.94838e-06 0.0523368
v 1.78364 94.5341 6.83085
vn 0.99863 1.92334e-05 0.0523351
v 1.76417 94.1904 7.20213
vn 0.998629 -9.73723e-06 0.0523463
v 1.77668 94.2661 6.9635
vn 0.998629 -4.4383e-05 0.0523427
v 1.77431 94.3414 7.00856
vn 0.99863 2.09431e-06 0.0523334
v 1.76751 94.1071 7.13853
vn 0.998631 1.92661e-05 0.0523106
v 1.77496 94.4597 6.99635
vn 0.99863 3.88721e-06 0.0523282
v 1.77907 94.5243 6.91803
vn 0.998628 -2.0258e-05 0.0523604
v 1.74032 95.0166 7.65733
vn 0.99863 4.56329e-06 0.0523339
v 1.60814 95.0586 7.68842
vn -0.83619 -0.545916 0.0525501
v 1.70096 94.7361 5.821
vn -0.806656 -0.58781 0.0615238
v 1.62237 95.0166 7.65115
vn -0.989591 -0.141372 -0.0268979
v 1.71502 94.7045 5.88322
vn -0.982934 -0.182953 -0.0192084
v 1.64623 94.1904 7.19595
vn -0.0458058 -0.483067 0.874384
v 1.76417 94.1904 7.20213
vn -0.0458313 -0.483067 0.874383
v 1.62237 95.0166 7.65115
vn -0.045779 -0.483068 0.874385
v 1.74032 95.0166 7.65733
vn -0.0458631 -0.483068 0.874381
v 1.83297 94.7045 5.8894
vn 0.0344132 -0.753396 -0.656666
v 1.79576 94.084 6.59935
vn 0.0344088 -0.753396 -0.656666
v 1.67782 94.084 6.59317
vn 0.0344031 -0.753394 -0.656668
v 1.71502 94.7045 5.88322
vn 0.0344732 -0.753394 -0.656665
v 1.67782 94.084 6.59317
vn 0.0307869 -0.808603 -0.587549
v 1.79576 94.084 6.59935
vn 0.0307862 -0.808605 -0.587546
v 1.79114 94.0275 6.68757
vn 0.0224581 -0.903208 -0.428615
v 1.6732 94.0275 6.68139
vn 0.0231841 -0.896493 -0.44245
v 1.78595 93.9934 6.7866
vn 0.00947307 -0.983474 -0.180799
v 1.78047 93.9899 6.89125
vn -0.00369506 -0.997503 0.0705251
v 1.66618 93.9902 6.81529
vn 0.00485032 -0.995695 -0.092567
v 1.65892 94.002 6.95379
vn -0.0143962 -0.961407 0.274755
v 1.77343 94.0262 7.02545
vn -0.0230907 -0.897362 0.440691
v 1.65234 94.0616 7.07943
vn -0.0291379 -0.830599 0.556108
v 1.76751 94.1071 7.13853
vn -0.038347 -0.680335 0.731897
v 1.64623 94.1904 7.19595
vn -0.0418332 -0.600658 0.798411
v 1.76417 94.1904 7.20213
vn -0.0433909 -0.558895 0.828103
v 1.67154 94.0122 6.71293
vn -0.998629 3.91241e-05 -0.0523512
v 1.66286 94.2271 6.87873
vn -0.998629 -1.81333e-06 -0.0523416
v 1.67782 94.084 6.59317
vn -0.998629 -2.25619e-06 -0.0523477
v 1.66742 94.2369 6.79156
vn -0.998631 -6.11926e-05 -0.0523046
v 1.67098 94.2922 6.72348
vn -0.99863 -2.54978e-05 -0.0523365
v 1.65383 94.0412 7.05093
vn -0.998629 3.77908e-05 -0.0523403
v 1.66252 93.9899 6.88507
vn -0.99863 -0.000348547 -0.052326
v 1.6725 94.4075 6.69456
vn -0.99863 3.59222e-06 -0.0523322
v 1.71502 94.7045 5.88326
vn -0.998629 1.70955e-06 -0.052337
v 1.6698 94.4951 6.74608
vn -0.998629 4.88557e-06 -0.0523368
v 1.66569 94.5341 6.82467
vn -0.998629 4.84573e-06 -0.0523392
v 1.64623 94.1904 7.19595
vn -0.99863 -1.24389e-05 -0.0523249
v 1.65873 94.2661 6.95732
vn -0.99863 -6.44978e-05 -0.0523287
v 1.65637 94.3414 7.00238
vn -0.998632 3.69501e-05 -0.0522832
v 1.64956 94.1071 7.13235
vn -0.998629 1.32999e-05 -0.0523464
v 1.65701 94.4597 6.99017
vn -0.99863 -1.12414e-05 -0.052324
v 1.66111 94.5243 6.91184
vn -0.998628 2.18928e-05 -0.0523612
v 1.62237 95.0166 7.65115
vn -0.99863 -9.17443e-06 -0.0523313
v 71.4746 94.6322 6.84145
vn -0.078952 0.984213 -0.158405
v 71.4829 94.6334 6.91409
vn -0.0854336 0.98591 0.143815
v 71.446 94.6069 6.99262
vn -0.139554 0.891504 0.430982
v 71.489 94.586 7.03112
vn -0.0231276 0.812765 0.582132
v 71.4927 94.5122 7.10177
vn -0.0448419 0.545636 0.836822
v 71.4942 94.4432 7.13056
vn -0.0547643 0.22678 0.972405
v 71.4764 94.3314 7.1325
vn -0.0505172 -0.163764 0.985205
v 71.429 94.2688 7.10467
vn -0.208421 -0.440977 0.872983
v 71.4918 94.2246 7.08433
vn -0.0143937 -0.611467 0.791139
v 71.4326 94.2029 7.05857
vn -0.191435 -0.698357 0.689674
v 71.4876 94.1559 7.00434
vn -0.101721 -0.86256 0.495623
v 71.4884 94.1293 6.92829
vn 0.00856391 -0.976482 0.215428
v 71.4199 94.557 7.05652
vn -0.241477 0.691856 0.680459
v 71.3677 94.5012 7.07794
vn -0.439256 0.557941 0.7041
v 71.4052 94.4342 7.12006
vn -0.302155 0.214471 0.928819
v 71.3809 94.308 7.1042
vn -0.428678 -0.292573 0.854772
v 71.4836 94.1285 6.92803
vn -0.00208446 -0.97525 0.221096
v 71.3619 94.3872 7.10777
vn -0.465517 0.0268304 0.884632
v 71.3682 94.5796 6.9925
vn -0.447782 0.7835 0.430834
v 71.3257 94.4411 7.07347
vn -0.615128 0.2374 0.751837
v 71.4836 94.1285 6.92803
vn -0.00387599 -0.974959 0.222353
v 71.3832 94.6161 6.89428
vn -0.392711 0.911168 0.124703
v 71.375 94.2065 7.03477
vn -0.442077 -0.670623 0.595678
v 71.3125 94.3491 7.07043
vn -0.66678 -0.125641 0.734587
v 71.296 94.4896 7.01858
vn -0.728616 0.496289 0.472034
v 71.3834 94.1646 6.97447
vn -0.388578 -0.848118 0.360143
v 71.3029 94.2776 7.0323
vn -0.703614 -0.403089 0.585189
v 71.4188 94.1353 6.88941
vn -0.248246 -0.967146 0.0547937
v 71.3246 94.5767 6.91911
vn -0.619936 0.772142 0.139558
v 71.264 94.402 7.01687
vn -0.824101 0.167296 0.541174
v 71.2631 94.3216 6.99857
vn -0.822938 -0.269301 0.50025
v 71.309 94.2142 6.96708
vn -0.676799 -0.653177 0.339563
v 71.2631 94.5052 6.91033
vn -0.841328 0.529078 0.110654
v 71.3095 94.5655 6.85626
vn -0.684782 0.723529 -0.0870645
v 71.2592 94.2621 6.92547
vn -0.822913 -0.550429 0.140865
v 71.34 94.1716 6.89496
vn -0.561599 -0.826215 0.0444388
v 71.3302 94.5632 6.79097
vn -0.540852 0.775433 -0.325858
v 71.2691 94.4883 6.79927
vn -0.822666 0.44585 -0.352758
v 71.4208 94.6029 6.77888
vn -0.239038 0.875461 -0.420035
v 71.2982 94.2113 6.83617
vn -0.708955 -0.673124 -0.210443
v 71.2654 94.2624 6.82253
vn -0.853897 -0.386177 -0.348894
v 71.353 94.5454 6.73997
vn -0.505437 0.649125 -0.56848
v 71.2831 94.4335 6.73407
vn -0.785621 0.211281 -0.581515
v 71.3316 94.2267 6.74981
vn -0.591261 -0.608546 -0.529229
v 71.3672 94.1611 6.82438
vn -0.450737 -0.861395 -0.234167
v 71.341 94.4857 6.70017
vn -0.551941 0.41513 -0.723207
v 71.2513 94.3797 6.77403
vn -0.859878 -0.0645029 -0.506408
v 71.3136 94.3087 6.70872
vn -0.663411 -0.284837 -0.691921
v 71.3083 94.3746 6.69677
vn -0.678695 -0.0216044 -0.734102
v 71.4825 94.1294 6.85244
vn 0.0062283 -0.992219 -0.124348
v 71.479 94.6326 6.83927
vn -0.0383018 0.976233 -0.213312
v 71.3549 94.4005 6.66472
vn -0.498436 0.0773871 -0.863465
v 71.4039 94.5418 6.70299
vn -0.315141 0.635223 -0.705109
v 71.3988 94.1685 6.77088
vn -0.299718 -0.836327 -0.459049
v 71.3936 94.2931 6.664
vn -0.34706 -0.347662 -0.871023
v 71.4351 94.1957 6.7177
vn -0.183952 -0.730148 -0.658063
v 71.4178 94.4842 6.66174
vn -0.251306 0.408661 -0.877406
v 71.479 94.6326 6.83927
vn -0.0448804 0.976116 -0.212564
v 71.4315 94.3759 6.63498
vn -0.197285 -0.0183703 -0.980174
v 71.4836 94.1285 6.92803
vn 0.00596473 -0.992681 0.120617
v 71.491 94.5957 6.74961
vn 0.038203 0.846205 -0.531487
v 71.4769 94.5514 6.69636
vn -0.0179231 0.671397 -0.740881
v 71.4641 94.4328 6.63536
vn -0.0658845 0.201652 -0.977239
v 71.4667 94.2443 6.6711
vn -0.0602255 -0.538591 -0.840412
v 71.5046 94.1534 6.77343
vn 0.0928943 -0.894981 -0.436324
v 71.5356 94.4857 6.66048
vn 0.214757 0.416149 -0.883572
v 71.4809 94.3057 6.63947
vn 0.0718571 -0.273764 -0.959109
v 71.5265 94.3687 6.63397
vn 0.179259 -0.0474706 -0.982656
v 71.5415 94.2634 6.66695
vn 0.238632 -0.458328 -0.856148
v 71.5489 94.192 6.72883
vn 0.258221 -0.744767 -0.615341
v 71.4836 94.1285 6.92803
vn 0.000495271 -0.992311 0.123771
v 71.5494 94.4262 6.643
vn 0.267485 0.181294 -0.946353
v 71.5104 94.6311 6.85408
vn 0.146195 0.965003 -0.217707
v 71.479 94.6326 6.83927
vn 0.0218423 0.976084 -0.216294
v 71.5521 94.5595 6.71825
vn 0.310268 0.680547 -0.663769
v 71.5893 94.3201 6.6612
vn 0.423134 -0.240545 -0.873553
v 71.5738 94.1519 6.82904
vn 0.367572 -0.904437 -0.21653
v 71.6166 94.3757 6.66905
vn 0.538729 -0.029006 -0.84198
v 71.5951 94.2496 6.69712
vn 0.445729 -0.516221 -0.731329
v 71.4836 94.1285 6.92803
vn 0.0334302 -0.990955 0.129965
v 71.6206 94.506 6.71295
vn 0.550007 0.49291 -0.67419
v 71.6416 94.4441 6.6994
vn 0.635641 0.252117 -0.729656
v 71.479 94.6326 6.83927
vn 0.00413734 0.974454 -0.224548
v 71.5898 94.5977 6.81382
vn 0.428769 0.85827 -0.282008
v 71.6488 94.2898 6.71617
vn 0.666623 -0.356111 -0.654828
v 71.6296 94.2093 6.7705
vn 0.586077 -0.675171 -0.447948
v 71.6332 94.5534 6.77737
vn 0.599247 0.683047 -0.417552
v 71.6863 94.3627 6.73379
vn 0.783148 0.0957434 -0.61442
v 71.6905 94.29 6.76857
vn 0.774888 -0.40335 -0.48668
v 71.5657 94.142 6.90581
vn 0.341321 -0.933286 0.111702
v 71.479 94.6326 6.83927
vn 0.0247528 0.976583 -0.213713
v 71.6915 94.4878 6.78659
vn 0.761477 0.507493 -0.403241
v 71.6837 94.2353 6.83705
vn 0.79073 -0.58989 -0.163634
v 71.4836 94.1285 6.92803
vn 0.0585813 -0.98576 0.157627
v 71.6385 94.1816 6.88836
vn 0.621311 -0.783386 0.0166933
v 71.6697 94.5523 6.88627
vn 0.755933 0.6433 -0.121371
v 71.6895 94.2505 6.94445
vn 0.798762 -0.539423 0.266461
v 71.5562 94.1555 6.97423
vn 0.270501 -0.887033 0.374167
v 71.6983 94.5107 6.9164
vn 0.814467 0.565397 0.130266
v 71.635 94.2103 6.98802
vn 0.610689 -0.675673 0.412946
v 71.595 94.6049 6.9107
vn 0.452661 0.885102 0.108131
v 71.4836 94.1285 6.92803
vn 0.0595697 -0.982516 0.176389
v 71.6382 94.5661 6.95633
vn 0.620321 0.730513 0.285576
v 71.7014 94.471 6.97623
vn 0.829248 0.298349 0.472585
v 71.7028 94.3347 7.00184
vn 0.817058 -0.243061 0.522816
v 71.6415 94.3032 7.0634
vn 0.634462 -0.305934 0.709833
v 71.5755 94.2019 7.0371
vn 0.373727 -0.702112 0.606108
v 71.6424 94.5051 7.036
vn 0.635881 0.486732 0.598955
v 71.6704 94.3989 7.05034
vn 0.752235 0.0711969 0.655037
v 71.479 94.6326 6.83927
vn 0.0255529 0.990514 -0.135013
v 71.4829 94.6346 6.91424
vn 0.0529995 0.997927 0.0365164
v 71.5885 94.5709 7.01069
vn 0.425821 0.755554 0.49781
v 71.5686 94.245 7.07818
vn 0.344285 -0.535089 0.771458
v 71.591 94.4777 7.09049
vn 0.444909 0.394305 0.804102
v 71.6006 94.383 7.10795
vn 0.469587 0.0457145 0.881702
v 71.4836 94.1285 6.92803
vn 0.0277756 -0.974485 0.222726
v 71.4873 94.6091 6.99778
vn 0.131756 0.904008 0.406707
v 71.5663 94.3277 7.11507
vn 0.337114 -0.207425 0.918329
v 71.4901 94.1875 7.05089
vn 0.0864111 -0.798256 0.596087
v 71.4904 94.5653 7.0583
vn 0.161023 0.698914 0.696843
v 71.4934 94.2721 7.11419
vn 0.152759 -0.394405 0.906151
v 71.4937 94.4693 7.12024
vn 0.144414 0.391609 0.908728
v 71.4946 94.3876 7.1388
vn 0.162526 0.0496461 0.985455
v 71.4836 94.1285 6.92803
vn 0.0045138 -0.974397 0.224789
v 71.8744 94.2145 6.83355
vn -0.781826 -0.619718 -0.0685401
v 71.8775 94.2125 6.89255
vn -0.831711 -0.544943 0.106274
v 71.8713 94.2388 6.76969
vn -0.842528 -0.466768 -0.268838
v 71.869 94.279 6.72744
vn -0.834232 -0.346696 -0.428787
v 71.8684 94.3205 6.70314
vn -0.9085 -0.152946 -0.38889
v 71.8668 94.393 6.69643
vn -0.780856 0.0789356 -0.619704
v 71.8694 94.4661 6.71725
vn -0.905055 0.246709 -0.346425
v 71.8714 94.5161 6.76005
vn -0.798065 0.515824 -0.311476
v 71.8745 94.5472 6.83549
vn -0.78497 0.616865 -0.057446
v 71.8784 94.5449 6.90477
vn -0.816947 0.542564 0.195504
v 71.8812 94.519 6.96068
vn -0.813839 0.449017 0.368849
v 71.8839 94.4731 7.00576
vn -0.842566 0.273119 0.464207
v 71.8855 94.4122 7.02974
vn -0.853572 0.106345 0.510006
v 71.8841 94.3389 7.02426
vn -0.692713 -0.175232 0.699601
v 71.883 94.2708 6.99103
vn -0.822568 -0.375967 0.426651
v 71.8798 94.2235 6.92728
vn -0.689726 -0.643308 0.332314
v 71.8783 94.2118 6.89264
vn -0.860031 -0.48525 0.157729
v 71.8802 94.1867 6.89697
vn 0.00385882 -0.998234 0.0592713
v 71.8764 94.1881 6.82399
vn -0.0198808 -0.955003 -0.295928
v 71.8713 94.239 6.72836
vn -0.0419894 -0.702803 -0.710145
v 71.9671 94.2152 6.75124
vn -0.0217202 -0.881062 -0.472502
v 71.9745 94.1867 6.89203
vn 0.00253173 -0.999486 0.0319491
v 71.9638 94.285 6.68774
vn -0.042412 -0.464602 -0.884504
v 71.8684 94.3468 6.67194
vn -0.0546971 -0.171227 -0.983712
v 71.9625 94.3756 6.66193
vn -0.0492412 -0.0276176 -0.998405
v 71.8685 94.4337 6.67413
vn -0.0535701 0.2656 -0.962594
v 71.871 94.5152 6.72149
vn -0.0428872 0.665347 -0.745302
v 71.9636 94.4675 6.68319
vn -0.0437087 0.41795 -0.907418
v 71.8744 94.5614 6.7867
vn -0.0243076 0.91659 -0.399089
v 71.9674 94.548 6.75568
vn -0.0264483 0.796039 -0.604667
v 71.8801 94.5733 6.89435
vn 0.00279551 0.990605 0.136724
v 71.9717 94.5759 6.83838
vn -0.00731011 0.979201 -0.202762
v 71.9751 94.5704 6.90364
vn 0.0162572 0.971194 0.237737
v 71.8846 94.537 6.9812
vn 0.0314748 0.733891 0.678538
v 71.9797 94.5205 6.9908
vn 0.0412231 0.703102 0.709893
v 71.8876 94.4701 7.03728
vn 0.0439892 0.369718 0.928102
v 71.9824 94.4431 7.04372
vn 0.0540886 0.225023 0.972851
v 71.8885 94.3564 7.05517
vn 0.0488475 -0.120554 0.991504
v 71.887 94.2741 7.02751
vn 0.0409934 -0.535839 0.843325
v 71.9825 94.3279 7.04449
vn 0.0547055 -0.292122 0.954815
v 71.8834 94.2102 6.95829
vn 0.0232403 -0.854797 0.518441
v 71.9793 94.2302 6.9839
vn 0.0407669 -0.697988 0.714948
v 71.8802 94.1867 6.89697
vn 0.00673967 -0.971717 0.236051
v 71.9745 94.1867 6.89203
vn 0.0195974 -0.953331 0.30129
v 71.9731 94.2248 6.86527
vn -0.00070024 -0.999995 0.00320776
v 72.1668 94.2254 6.87511
vn 0.00209482 -0.996462 0.0840163
v 71.9694 94.2372 6.79402
vn -0.0242452 -0.904986 -0.42475
v 71.9662 94.288 6.73415
vn -0.0439861 -0.597726 -0.800493
v 72.1578 94.3213 6.70337
vn -0.0495741 -0.352197 -0.934612
v 72.1631 94.2301 6.80304
vn -0.0100482 -0.983078 -0.182911
v 72.1602 94.2603 6.74846
vn -0.0336082 -0.769465 -0.637804
v 71.9645 94.3731 6.7008
vn -0.0548225 0.0520249 -0.99714
v 72.1575 94.4254 6.69756
vn -0.0522921 0.155979 -0.986375
v 71.9667 94.4822 6.74147
vn -0.0420216 0.65691 -0.752797
v 72.1588 94.4739 6.722
vn -0.0367178 0.717795 -0.695286
v 71.9703 94.5294 6.81156
vn -0.0173421 0.957957 -0.286389
v 72.1642 94.5342 6.82458
vn -0.00610585 0.994129 -0.108028
v 71.9748 94.5331 6.8968
vn 0.0147012 0.943622 0.330697
v 71.9791 94.4791 6.97855
vn 0.0384064 0.632064 0.773964
v 72.1702 94.5079 6.94034
vn 0.02621 0.86108 0.507793
v 71.9808 94.4143 7.01092
vn 0.0498323 0.0506096 0.997475
v 72.1724 94.4612 6.98225
vn 0.0473044 0.412228 0.909852
v 72.1735 94.3507 7.00169
vn 0.0515461 -0.11405 0.992137
v 71.9791 94.2832 6.97953
vn 0.0396623 -0.601946 0.797551
v 71.9752 94.2316 6.90416
vn 0.0141212 -0.944567 0.328014
v 72.1705 94.2589 6.94534
vn 0.0320863 -0.779816 0.625186
v 72.1668 94.2254 6.87511
vn 0.0137708 -0.962015 0.272647
v 72.1573 94.3532 6.69292
vn 0.687643 -0.161048 -0.707962
v 72.161 94.3184 6.70687
vn 0.665768 -0.298498 -0.683851
v 72.1614 94.2758 6.73346
vn 0.678904 -0.446889 -0.582563
v 72.163 94.2503 6.76357
vn 0.689224 -0.583761 -0.429177
v 72.1646 94.2285 6.81405
vn 0.7053 -0.67992 -0.200648
v 72.1687 94.228 6.87393
vn 0.712904 -0.696348 0.0828703
v 72.171 94.2429 6.91835
vn 0.724078 -0.627905 0.285388
v 72.173 94.2688 6.95501
vn 0.73305 -0.508862 0.451327
v 72.1743 94.3003 6.97947
vn 0.739742 -0.364475 0.565632
v 72.1744 94.355 7.00058
vn 0.748635 -0.127538 0.6506
v 72.1752 94.4229 6.99676
vn 0.746544 0.138206 0.650823
v 72.1744 94.4583 6.98141
vn 0.738404 0.347121 0.578159
v 72.1728 94.496 6.95111
vn 0.736058 0.496187 0.460453
v 72.171 94.519 6.91666
vn 0.724543 0.63212 0.274705
v 72.1684 94.5345 6.8664
vn 0.715534 0.694731 0.0732128
v 72.1663 94.5343 6.82787
vn 0.709016 0.693903 -0.125677
v 72.1639 94.5208 6.7825
vn 0.694897 0.647917 -0.311965
v 72.162 94.4966 6.74534
vn 0.68114 0.536632 -0.49807
v 72.1605 94.4632 6.71729
vn 0.674255 0.341338 -0.65488
v 72.1594 94.4154 6.69677
vn 0.675912 0.114795 -0.727987
v 72.1594 94.3535 6.69476
vn 0.677682 -0.0500571 -0.733649
v 72.1696 94.4141 6.8535
vn 0.86027 -0.485847 -0.15456
v 72.169 94.4141 6.84168
vn 0.863461 -0.503967 -0.0212877
v 72.1702 94.4101 6.86461
vn 0.850737 -0.409694 -0.329237
v 72.1497 94.3805 6.84862
vn 0.85199 -0.444804 -0.276157
v 72.1707 94.4025 6.87367
vn 0.842834 -0.294217 -0.45063
v 72.171 94.3922 6.87959
vn 0.839833 -0.135187 -0.525742
v 72.1711 94.3805 6.88164
vn 0.838747 0.0229064 -0.544039
v 72.171 94.3689 6.87959
vn 0.838484 0.133329 -0.528363
v 72.1707 94.3586 6.87367
vn 0.843355 0.284203 -0.456049
v 72.1497 94.3805 6.84862
vn 0.844476 0.324303 -0.426249
v 72.1702 94.351 6.86461
vn 0.850875 0.428654 -0.303754
v 72.1696 94.347 6.8535
vn 0.862453 0.494897 -0.106074
v 72.169 94.347 6.84168
vn 0.869737 0.491254 0.0471993
v 72.1684 94.351 6.83057
vn 0.878977 0.416086 0.232962
v 72.1497 94.3805 6.84862
vn 0.877912 0.426704 0.217242
v 72.168 94.3586 6.82151
vn 0.885303 0.290048 0.36347
v 72.1676 94.3689 6.8156
vn 0.888647 0.185018 0.419613
v 72.1675 94.3805 6.81354
vn 0.891434 0.0354727 0.45176
v 72.1676 94.3922 6.8156
vn 0.889657 -0.140414 0.434505
v 72.168 94.4025 6.82151
vn 0.886126 -0.287164 0.363755
v 72.1497 94.3805 6.84862
vn 0.883845 -0.325972 0.335501
v 72.1684 94.4101 6.83057
vn 0.880056 -0.421537 0.218651
v 72.169 94.4141 6.84168
vn 0.870619 -0.478471 0.114406
v 71.6947 94.5173 6.84832
vn -0.0431931 0.998893 -0.0186385
v 71.6996 94.4995 6.94194
vn -0.0394716 0.882644 0.468382
v 71.7668 94.4717 6.97592
vn -0.122057 0.552427 0.824577
v 71.7026 94.4334 7.0004
vn 0.0443607 0.292729 0.955166
v 71.8825 94.4222 7.02529
vn -0.189854 0.0513275 0.98047
v 71.7019 94.3012 6.98553
vn 0.0308137 -0.477245 0.87823
v 71.8807 94.2767 6.99191
vn -0.224909 -0.518621 0.824893
v 71.6993 94.2594 6.93617
vn -0.0308063 -0.891061 0.452836
v 71.8771 94.5364 6.92196
vn -0.251027 0.94275 0.219564
v 71.8776 94.229 6.93306
vn -0.238852 -0.801895 0.547643
v 71.8724 94.5458 6.83397
vn -0.307712 0.951455 0.00679848
v 71.8805 94.4879 6.98746
vn -0.278513 0.604879 0.746024
v 71.8825 94.3492 7.02625
vn -0.274307 -0.166974 0.947035
v 71.8022 94.2354 6.89246
vn -0.198169 -0.947264 0.251835
v 71.2555 94.2657 6.85364
vn -0.998624 -0.00206023 0.0523968
v 71.2606 94.2703 6.95181
vn -0.998654 -0.000409627 0.0518723
v 71.2575 94.5044 6.89228
vn -0.998355 0.00417526 0.0571788
v 71.2516 94.4224 6.7804
vn -0.998186 -0.00490904 0.0599993
v 71.2639 94.3723 7.01387
vn -0.998711 0.00293486 0.05067
v 71.6939 94.2478 6.83345
vn -0.0542414 -0.959753 -0.275559
v 71.8059 94.2383 6.83094
vn -0.225259 -0.949635 -0.217835
v 71.7624 94.2941 6.75728
vn -0.17856 -0.6317 -0.754368
v 71.6898 94.316 6.7544
vn -0.0575219 -0.501185 -0.863426
v 71.6888 94.403 6.73698
vn -0.153278 0.212585 -0.965046
v 71.7872 94.4839 6.76585
vn -0.180485 0.670869 -0.719277
v 71.6917 94.4919 6.79048
vn -0.0580271 0.722846 -0.688568
v 71.6947 94.5173 6.84832
vn -0.0779589 0.954231 -0.288732
v 71.8652 94.3737 6.69595
vn -0.359995 0.0969093 -0.927908
v 71.8755 94.2153 6.89217
vn -0.226285 -0.971076 0.076206
v 71.8669 94.2829 6.72783
vn -0.357997 -0.667052 -0.65336
v 71.8695 94.5243 6.7773
vn -0.352337 0.739451 -0.573647
v 71.8724 94.5458 6.83397
vn -0.302701 0.925998 -0.225611
v 71.8725 94.2205 6.75092
vn -0.998643 9.92431e-05 0.0520866
v 71.8803 94.1951 6.89921
vn -0.998614 -0.000375608 0.052637
v 71.8695 94.285 6.69268
vn -0.998647 -0.000593188 0.0519934
v 71.8683 94.3465 6.66979
vn -0.998632 -0.000188951 0.0522859
v 71.8863 94.2568 7.01381
vn -0.998647 -0.000143253 0.0520062
v 71.8875 94.3216 7.03751
vn -0.998532 -0.000416964 0.0541664
v 71.8877 94.4479 7.04071
vn -0.998588 0.000496864 0.053127
v 71.8685 94.4264 6.67322
vn -0.998636 0.00034622 0.0522155
v 71.8731 94.5462 6.76177
vn -0.998643 -7.6363e-05 0.0520799
v 71.8787 94.5642 6.86833
vn -0.998607 0.000524355 0.0527642
v 71.8833 94.551 6.95554
vn -0.998617 0.000382138 0.052577
v 71.9674 94.5462 6.75682
vn 0.998617 -0.000140964 -0.0525662
v 71.97 94.5261 6.80576
vn 0.998618 0.000336404 -0.0525621
v 71.966 94.4672 6.72845
vn 0.998609 5.74547e-05 -0.0527266
v 71.9628 94.4264 6.66828
vn 0.998616 0.000225152 -0.0525912
v 71.9729 94.5759 6.86036
vn 0.99863 0.000246956 -0.052324
v 71.965 94.3345 6.71043
vn 0.998629 -0.000207054 -0.0523528
v 71.9631 94.3187 6.67415
vn 0.998629 -0.000232525 -0.052353
v 71.98 94.5161 6.99666
vn 0.998637 -9.79973e-05 -0.0521874
v 71.9786 94.4889 6.96982
vn 0.998643 0.000126834 -0.0520797
v 71.9827 94.4142 7.04879
vn 0.99866 1.74344e-05 -0.0517546
v 71.982 94.3007 7.03458
vn 0.998654 -0.000210309 -0.0518676
v 71.9692 94.1981 6.79159
vn 0.998584 -0.000497377 -0.0531904
v 71.9683 94.252 6.77201
vn 0.998587 -0.000778867 -0.0531384
v 71.9735 94.2265 6.87172
vn 0.998627 -0.000504044 -0.0523736
v 71.9769 94.2079 6.93829
vn 0.998649 2.53765e-05 -0.0519579
v 71.9791 94.2873 6.97975
vn 0.998658 -0.000222714 -0.051786
v 72.1632 94.4767 6.73015
vn 0.998659 0.000247874 -0.0517795
v 72.1689 94.4079 6.84033
vn 0.998635 -0.000198251 -0.0522254
v 72.1681 94.5319 6.82384
vn 0.998611 -0.000114626 -0.0526857
v 72.1614 94.3782 6.69757
vn 0.998633 -5.26036e-05 -0.0522629
v 72.1679 94.3647 6.8203
vn 0.998635 0.000432169 -0.0522335
v 72.1748 94.49 6.95264
vn 0.998619 -1.23812e-05 -0.0525383
v 72.1709 94.386 6.87862
vn 0.998627 0.000241961 -0.0523748
v 72.1773 94.393 7.00013
vn 0.998647 -0.000384429 -0.0520072
v 72.1638 94.2747 6.74122
vn 0.998634 0.000357647 -0.0522442
v 72.1691 94.2274 6.84282
vn 0.998634 -8.69119e-05 -0.052247
v 72.1699 94.3509 6.85837
vn 0.998626 -0.000213478 -0.0524039
v 72.1766 94.3193 6.98653
vn 0.998598 -0.000957031 -0.052923
v 72.1737 94.253 6.93208
vn 0.99864 0.000103136 -0.0521426
v 71.9858 95.251 5.60262
vn 0 1 0
v 72.1038 95.251 5.59644
vn 0 1 0
v 72.1009 95.2573 5.54225
vn 0.017912 0.939657 0.341647
v 71.983 95.2573 5.54843
vn 0.0179201 0.939656 0.341651
v 72.0981 95.3033 5.48747
vn 0.0453023 0.500074 0.864797
v 71.9801 95.3033 5.49365
vn 0.0453302 0.500076 0.864794
v 72.0974 95.3738 5.47505
vn 0.0515371 -0.173729 0.983444
v 71.9795 95.3738 5.48124
vn 0.0515945 -0.173698 0.983447
v 72.0993 95.4359 5.51081
vn 0.0336547 -0.765836 0.642155
v 71.9813 95.4359 5.51699
vn 0.033662 -0.765869 0.642115
v 72.1018 95.4604 5.55957
vn 0.00914883 -0.984634 0.174391
v 71.9849 95.4604 5.58419
vn 7.0013e-06 -1 -1.61312e-05
v 72.1059 95.439 5.63654
vn -0.0294807 -0.826369 -0.562356
v 71.9883 95.4359 5.65139
vn -0.034817 -0.746837 -0.664095
v 72.1082 95.3738 5.68096
vn -0.0515473 -0.173666 -0.983455
v 71.9902 95.3738 5.68714
vn -0.051549 -0.173667 -0.983454
v 72.1075 95.3033 5.66855
vn -0.0453315 0.500073 -0.864796
v 71.9892 95.2974 5.66767
vn -0.0433607 0.560276 -0.82717
v 72.1038 95.251 5.59644
vn -0.0207082 0.9184 -0.395111
v 71.9858 95.251 5.60262
vn -0.0178744 0.939893 -0.341001
v 72.0974 95.627 7.73216
vn 0 1 0
v 72.2154 95.627 7.72598
vn 0 1 0
v 72.2125 95.6333 7.67179
vn 0.0179066 0.93967 0.341614
v 72.0946 95.6333 7.67797
vn 0.0179158 0.939657 0.34165
v 72.2096 95.6793 7.617
vn 0.0453217 0.500065 0.864801
v 72.0913 95.7055 7.61538
vn 0.0506061 0.256903 0.965111
v 72.2088 95.7317 7.60139
vn 0.0523235 0 0.99863
v 72.0917 95.784 7.62319
vn 0.0453639 -0.500075 0.864793
v 72.2096 95.784 7.617
vn 0.0453231 -0.50002 0.864827
v 72.213 95.8301 7.68101
vn 0.0136652 -0.965334 0.26066
v 72.0937 95.8238 7.66065
vn 0.0262105 -0.865769 0.499756
v 72.0964 95.8364 7.71373
vn 3.25062e-06 -1 -1.5257e-05
v 72.2182 95.8039 7.77935
vn -0.036415 -0.7182 -0.694883
v 72.0999 95.8119 7.78092
vn -0.0336428 -0.765879 -0.642104
v 72.1018 95.7226 7.81508
vn -0.0522418 0.0737128 -0.99591
v 72.2195 95.7055 7.80589
vn -0.050401 0.271637 -0.961079
v 72.0999 95.6515 7.78092
vn -0.0336415 0.765901 -0.642078
v 72.2154 95.627 7.72598
vn -0.0221036 0.906307 -0.422041
v 72.0974 95.627 7.73216
vn -0.0178611 0.939877 -0.341045
v 71.9809 94.4079 7.01276
vn -0.0522105 0.0635807 -0.99661
v 72.0988 94.4079 7.00658
vn -0.0523282 0.0157268 -0.998506
v 72.0977 94.3005 6.98526
vn -0.0442101 0.534355 -0.844103
v 71.9797 94.3005 6.99144
vn -0.0454948 0.49338 -0.868623
v 72.0943 94.241 6.92083
vn -0.0209582 0.916206 -0.400158
v 71.9764 94.241 6.92701
vn -0.0254405 0.873736 -0.485735
v 72.0898 94.2257 6.83444
vn 0.00457559 0.996184 0.0871582
v 71.973 94.2232 6.86287
vn -0.00164837 0.999501 -0.0315429
v 71.9696 94.2369 6.79774
vn 0.0213597 0.91302 0.407355
v 72.0855 94.2596 6.75355
vn 0.0339794 0.760936 0.647937
v 71.966 94.2922 6.72967
vn 0.0424042 0.586685 0.808705
v 72.083 94.332 6.70381
vn 0.049362 0.334786 0.941
v 71.9646 94.3756 6.7023
vn 0.0523026 0.00788037 0.9986
v 72.0828 94.4197 6.70103
vn 0.0506304 -0.251002 0.966662
v 71.9651 94.4414 6.71283
vn 0.0482485 -0.386101 0.921194
v 72.0843 94.4799 6.72964
vn 0.0406117 -0.630336 0.775259
v 72.087 94.5202 6.78257
vn 0.02436 -0.885134 0.464699
v 71.9672 94.4951 6.75226
vn 0.035498 -0.734566 0.677608
v 71.9714 94.5341 6.83085
vn 0.00785547 -0.988676 0.149857
v 72.0904 94.538 6.84671
vn 0.00165154 -0.999503 0.0314806
v 72.0938 94.5243 6.91184
vn -0.0190709 -0.931316 -0.363711
v 71.9759 94.5243 6.91803
vn -0.0214018 -0.912736 -0.407988
v 72.0974 94.4689 6.97992
vn -0.043805 -0.547134 -0.835898
v 71.9795 94.4689 6.9861
vn -0.0423808 -0.586585 -0.808778
v 72.0988 94.4079 7.00658
vn -0.049737 -0.311942 -0.948798
v 71.9809 94.4079 7.01276
vn -0.0497133 -0.311999 -0.948781
v 71.9742 95.173 5.38145
vn -0.998628 0.000324444 0.0523676
v 71.9839 95.251 5.56576
vn -0.99864 0.00131999 0.0521112
v 71.9927 94.8574 5.7358
vn -0.998628 -0.000122752 0.0523656
v 71.9891 95.2874 5.66551
vn -0.998629 8.73586e-05 0.052338
v 71.9805 95.2974 5.50071
vn -0.998619 -0.000118376 0.0525336
v 71.9711 95.2769 5.32139
vn -0.99862 -0.000163741 0.0525185
v 71.9904 95.3382 5.69032
vn -0.998629 -0.000127518 0.0523524
v 72.0915 95.679 7.6199
vn -0.998629 -4.98771e-05 0.0523411
v 71.9795 95.3738 5.48124
vn -0.99862 8.86103e-05 0.0525228
v 72.0909 95.7317 7.60757
vn -0.998627 -0.000313994 0.0523848
v 71.9901 95.392 5.68394
vn -0.998632 0.000241413 0.0522864
v 72.0937 95.6396 7.66065
vn -0.998628 1.17703e-06 0.0523648
v 72.1091 95.5986 7.9547
vn -0.998629 -0.000388381 0.0523358
v 72.0979 95.2115 7.74146
vn -0.998632 6.85087e-05 0.052286
v 72.0992 95.6396 7.7668
vn -0.998632 -0.000860267 0.0522886
v 72.1108 95.7036 7.98661
vn -0.998631 0.000265101 0.0523139
v 72.1016 95.7055 7.81207
vn -0.998632 0.000150943 0.0522972
v 72.1105 95.7913 7.9815
vn -0.998638 -5.33355e-05 0.0521721
v 72.1012 95.784 7.80426
vn -0.998636 -4.2534e-06 0.0522217
v 71.9707 95.3969 5.31453
vn -0.998616 -0.00010505 0.052601
v 71.9813 95.4359 5.51699
vn -0.998614 -8.84398e-05 0.0526221
v 71.9774 95.6106 5.44331
vn -0.99867 0.00159569 0.0515335
v 71.9849 95.4604 5.58419
vn -0.998649 -0.000390894 0.0519632
v 71.9891 95.424 5.66551
vn -0.998626 -0.000394647 0.0524074
v 72.0913 95.7723 7.61545
vn -0.998628 -0.000112635 0.0523641
v 71.9723 95.4904 5.34511
vn -0.998618 0.000232197 0.0525474
v 72.0988 96.0194 7.75886
vn -0.998628 -0.000360977 0.0523662
v 72.0946 95.8301 7.67797
vn -0.998625 -0.000396032 0.0524207
v 72.1088 95.873 7.94898
vn -0.998621 0.000242081 0.0524912
v 72.0983 95.8301 7.74948
vn -0.998626 0.000343113 0.0524019
v 72.1058 95.9402 7.89237
vn -0.998618 -0.000536963 0.0525466
v 72.2119 96.0031 7.65975
vn -0.00456574 0.99817 -0.060297
v 72.0939 96.0031 7.66593
vn -0.00191574 0.997986 -0.063399
v 72.2177 95.9994 7.76933
vn -0.0121588 0.985201 0.17097
v 72.0997 95.9994 7.77551
vn 0.0354768 0.960843 0.274814
v 72.1067 95.9258 7.90913
vn 0.0358528 0.752211 0.657946
v 72.2229 95.9546 7.86943
vn 0.0275863 0.833001 0.552583
v 72.2269 95.8627 7.94689
vn 0.0459616 0.477529 0.877413
v 72.1107 95.7698 7.9863
vn 0.0503145 0.223581 0.973386
v 72.2287 95.7147 7.97979
vn 0.0533667 -0.0679411 0.996261
v 72.1096 95.6188 7.96378
vn 0.0489656 -0.342168 0.938362
v 72.227 95.5986 7.94852
vn 0.0483198 -0.382984 0.92249
v 71.9823 95.6271 5.5364
vn -0.00908371 0.984808 -0.173406
v 72.0939 96.0031 7.66593
vn -0.00908942 0.984808 -0.173406
v 72.2119 96.0031 7.65975
vn -0.00908327 0.984808 -0.173406
v 72.1003 95.6271 5.53022
vn -0.00908261 0.984808 -0.173406
v 71.9753 95.1481 5.40322
vn -0.0374224 -0.698055 -0.715065
v 71.973 95.1978 5.35968
vn -0.0336391 -0.578024 -0.815326
v 71.9711 95.2769 5.32139
vn -0.0491974 -0.345627 -0.937081
v 72.0886 95.3311 5.30634
vn -0.051515 -0.081217 -0.995364
v 71.9704 95.3641 5.30999
vn -0.0524213 0.0482971 -0.997456
v 72.0899 95.2358 5.33117
vn -0.0662304 -0.43197 -0.899453
v 72.0933 95.1481 5.39704
vn -0.038496 -0.676843 -0.73512
v 71.9709 95.4296 5.31906
vn -0.0476587 0.364593 -0.929947
v 72.0897 95.4711 5.3281
vn -0.0475282 0.458952 -0.887189
v 71.9751 95.5591 5.39985
vn -0.0346509 0.747122 -0.663783
v 71.9823 95.6271 5.5364
vn -0.0162294 0.946541 -0.322174
v 72.0959 95.5981 5.44706
vn -0.0296591 0.830106 -0.556817
v 72.1003 95.6271 5.53022
vn -0.0135183 0.966047 -0.258013
v 71.9928 94.8574 5.73579
vn -0.0344156 -0.753356 -0.656711
v 71.9753 95.1481 5.40322
vn -0.0343847 -0.753356 -0.656713
v 72.0933 95.1481 5.39704
vn -0.0344229 -0.753354 -0.656713
v 72.1107 94.8574 5.72961
vn -0.0344133 -0.753354 -0.656714
v 71.9787 94.8258 5.79802
vn -0.834822 0.547961 -0.0530184
v 72.0782 95.1609 7.69553
vn -0.807011 0.587328 -0.0614727
v 72.0979 95.2115 7.74146
vn -0.982274 0.186532 0.0185571
v 71.9928 94.8574 5.73579
vn -0.989398 0.142766 0.0266223
v 72.1091 95.5986 7.9547
vn 0.0458019 -0.483008 0.874417
v 72.0979 95.2115 7.74146
vn 0.0457558 -0.483011 0.874418
v 72.2158 95.2115 7.73528
vn 0.0458596 -0.483009 0.874414
v 72.227 95.5986 7.94852
vn 0.0458449 -0.483007 0.874415
v 72.0922 95.173 5.37527
vn 0.998626 6.70066e-05 -0.0523999
v 72.1018 95.251 5.55957
vn 0.998624 0.000438467 -0.0524312
v 72.1108 94.8574 5.72965
vn 0.998624 -0.000145599 -0.052439
v 72.107 95.2874 5.65933
vn 0.99863 0.000178207 -0.05232
v 72.2158 95.2115 7.7353
vn 0.998632 2.34063e-05 -0.0522953
v 72.0984 95.2974 5.49453
vn 0.99863 -9.8179e-05 -0.0523322
v 72.089 95.2769 5.3152
vn 0.998627 -0.00016428 -0.0523901
v 72.1083 95.3382 5.68414
vn 0.998629 1.50451e-05 -0.0523431
v 72.2095 95.6789 7.61374
vn 0.99863 -0.000189202 -0.0523307
v 72.0974 95.3738 5.47505
vn 0.998625 0.000339469 -0.0524202
v 72.2088 95.7317 7.60139
vn 0.998632 -0.000345655 -0.0522855
v 72.2116 95.6396 7.65447
vn 0.99863 1.0266e-05 -0.0523253
v 72.227 95.5986 7.94852
vn 0.998632 -0.000297341 -0.0522802
v 72.2172 95.6396 7.76062
vn 0.99863 -0.00101346 -0.052326
v 72.2287 95.7036 7.98043
vn 0.998622 0.000437399 -0.0524724
v 72.2195 95.7055 7.80589
vn 0.998621 0.000378397 -0.0524959
v 72.2285 95.7913 7.97533
vn 0.998622 -0.000437373 -0.0524752
v 72.2191 95.784 7.79807
vn 0.998629 -0.000463499 -0.0523403
v 72.108 95.392 5.67776
vn 0.998634 -0.000607609 -0.0522379
v 72.0884 95.3641 5.30381
vn 0.998621 0.000360643 -0.0525006
v 72.0993 95.4359 5.51081
vn 0.998629 -9.15825e-05 -0.0523376
v 72.107 95.424 5.65933
vn 0.99863 -2.2404e-05 -0.052323
v 72.2092 95.7724 7.6093
vn 0.998628 0.000146353 -0.0523688
v 72.0893 95.4504 5.32049
vn 0.998635 -0.00013524 -0.0522241
v 72.1003 95.6271 5.53022
vn 0.998523 0.00443719 -0.0541442
v 72.1028 95.4604 5.578
vn 0.998607 -0.000184912 -0.0527716
v 72.0915 95.527 5.36353
vn 0.998613 0.000371076 -0.0526423
v 72.2267 95.873 7.9428
vn 0.998638 0.00050974 -0.0521738
v 72.2163 95.8301 7.7433
vn 0.998631 0.000705613 -0.0523015
v 72.2125 95.8301 7.67179
vn 0.998628 -6.87911e-05 -0.0523711
v 72.2238 95.9402 7.88619
vn 0.998633 -0.000129201 -0.0522662
v 72.2168 96.0194 7.75268
vn 0.998626 -0.00012658 -0.0523941
v 72.056 94.8193 5.76367
vn -0.24231 -0.633604 -0.734733
v 72.1107 94.8574 5.72961
vn -0.144534 -0.526102 -0.838049
v 71.9928 94.8574 5.73579
vn -0.10877 -0.768025 -0.631115
v 72.0629 94.7436 5.80813
vn -0.326393 -0.479992 -0.814294
v 71.9787 94.8258 5.79802
vn -0.467057 -0.664564 -0.583277
v 72.2098 95.1802 7.72889
vn -0.0356447 -0.260013 0.964947
v 72.0782 95.1609 7.69553
vn -0.357309 -0.377504 0.854296
v 72.1623 95.0786 7.70564
vn -0.192989 -0.140941 0.971026
v 72.0979 95.2115 7.74146
vn -0.013033 -0.518857 0.854762
v 71.9743 94.822 5.80446
vn -0.712587 0.696341 -0.0856097
v 72.0732 95.1552 7.69125
vn -0.714195 0.694733 -0.0852759
v 72.0857 94.7712 5.78631
vn 0.898555 -0.437796 0.0305531
v 72.1978 95.1316 7.71887
vn 0.916656 -0.39906 0.0222092
v 72.2105 95.1707 7.72703
vn 0.979468 -0.200955 -0.0160925
v 72.0629 94.7436 5.80813
vn 0.759861 -0.645817 0.0743733
v 72.1623 95.0786 7.70564
vn 0.784766 -0.616133 0.0672477
v 72.1107 94.8574 5.72961
vn 0.993732 -0.106843 -0.0328778
v 72.2158 95.2115 7.73528
vn 0.996906 -0.0673418 -0.0405449
v 72.0584 94.7398 5.81457
vn -0.47892 -0.572705 -0.665315
v 71.9743 94.822 5.80446
vn -0.478895 -0.572864 -0.665197
v 72.0732 95.1552 7.69125
vn -0.400192 -0.302033 0.86523
v 72.1573 95.0729 7.70136
vn -0.398616 -0.301525 0.866134
v 71.9308 94.759 5.85487
vn -0.962247 0.272168 0.00237436
v 72.0438 95.1165 7.67836
vn -0.898607 0.437688 -0.0305648
v 71.9698 94.8183 5.81089
vn -0.806318 0.588313 -0.0611475
v 72.0682 95.1496 7.68697
vn -0.759628 0.646066 -0.0745876
v 71.922 94.7045 5.8894
vn -0.993682 0.107115 0.0335177
v 72.0146 95.0166 7.65733
vn -0.993602 0.108171 0.0324607
v 72.0584 94.7398 5.81457
vn 0.711167 -0.697756 0.0858991
v 72.1573 95.0729 7.70136
vn 0.711368 -0.697551 0.0858945
v 71.9972 94.7448 5.84864
vn -0.223993 -0.641891 -0.733351
v 71.9698 94.8183 5.81089
vn -0.287483 -0.461061 -0.839509
v 71.922 94.7045 5.8894
vn -0.121506 -0.550564 -0.825903
v 72.054 94.7361 5.821
vn -0.446338 -0.616874 -0.648266
v 72.0399 94.7045 5.88322
vn -0.122598 -0.818413 -0.5614
v 72.1326 95.0166 7.65115
vn -0.058619 -0.420967 0.90518
v 72.0682 95.1496 7.68697
vn -0.166792 -0.158641 0.973146
v 72.1523 95.0673 7.69708
vn -0.354196 -0.392766 0.848693
v 72.0146 95.0166 7.65733
vn 0.00738493 -0.222216 0.974969
v 71.9862 94.082 7.1141
vn -0.998629 -0.000293867 0.0523528
v 71.9908 94.1904 7.20213
vn -0.998633 9.93741e-06 0.0522712
v 71.9742 94.2271 6.88491
vn -0.998633 -1.15312e-05 0.0522649
v 71.9783 94.2661 6.9635
vn -0.998628 -0.000483485 0.052355
v 71.9806 94.3414 7.00856
vn -0.998595 0.000420735 0.0529941
v 71.969 93.9934 6.7866
vn -0.998627 -0.000349638 0.0523876
v 71.9781 94.002 6.95997
vn -0.998666 0.00497614 0.0513969
v 72.0146 95.0166 7.65735
vn -0.998632 -8.67671e-05 0.0522958
v 71.98 94.4597 6.99636
vn -0.998631 -1.59126e-05 0.0523157
v 71.9759 94.5243 6.91803
vn -0.998623 -0.000173149 0.0524615
v 71.9714 94.5341 6.83085
vn -0.998638 -0.000109655 0.0521787
v 71.9592 94.084 6.59935
vn -0.998631 -8.7541e-05 0.0523099
v 71.9696 94.2369 6.79774
vn -0.998624 -9.56334e-05 0.0524443
v 71.966 94.2922 6.72967
vn -0.998626 0.00011603 0.0524046
v 71.9638 94.0275 6.68757
vn -0.998635 -0.000119858 0.0522247
v 71.9645 94.4075 6.70074
vn -0.998634 -9.43785e-05 0.0522582
v 71.9672 94.4951 6.75226
vn -0.998614 0.000574393 0.0526353
v 71.922 94.7045 5.88944
vn -0.998631 -1.41937e-05 0.0523149
v 72.054 94.7361 5.821
vn 0.836644 -0.545233 0.0524182
v 72.1523 95.0673 7.69708
vn 0.806959 -0.587405 0.0614189
v 72.0399 94.7045 5.88322
vn 0.989318 -0.143331 -0.0265826
v 72.1334 95.0235 7.65688
vn 0.9833 -0.180922 -0.0196934
v 71.9592 94.084 6.59935
vn -0.0343767 -0.753393 -0.656671
v 71.922 94.7045 5.8894
vn -0.0343034 -0.753395 -0.656673
v 72.0399 94.7045 5.88322
vn -0.0345177 -0.753395 -0.656661
v 72.0771 94.084 6.59317
vn -0.0344972 -0.753393 -0.656665
v 72.1326 95.0166 7.65115
vn 0.0457866 -0.483068 0.874385
v 72.0146 95.0166 7.65733
vn 0.0458169 -0.483066 0.874384
v 71.9908 94.1904 7.20213
vn 0.0458124 -0.483066 0.874385
v 72.1087 94.1904 7.19595
vn 0.0458361 -0.483068 0.874382
v 71.9908 94.1904 7.20213
vn 0.0422986 -0.588264 0.807562
v 71.9847 94.0616 7.0856
vn 0.0304263 -0.813654 0.580553
v 72.1054 94.1071 7.13235
vn 0.0372596 -0.702202 0.711002
v 71.9799 94.0112 6.99379
vn 0.0180882 -0.938379 0.345135
v 72.0961 94.002 6.95379
vn 0.0136491 -0.965397 0.260428
v 72.1011 94.0412 7.05093
vn 0.026521 -0.862143 0.50597
v 71.9745 93.9899 6.89125
vn 0.00524666 -0.994956 0.10018
v 72.1087 94.1904 7.19595
vn 0.0434384 -0.558867 0.828119
v 71.969 93.9934 6.7866
vn -0.00947329 -0.983475 -0.180798
v 72.0888 93.9902 6.81529
vn -0.0056243 -0.994202 -0.10738
v 71.9638 94.0275 6.68757
vn -0.0224652 -0.903203 -0.428626
v 72.0817 94.0275 6.68139
vn -0.0231927 -0.896499 -0.442438
v 71.9592 94.084 6.59935
vn -0.0307819 -0.808608 -0.587542
v 72.0771 94.084 6.59317
vn -0.0308229 -0.80861 -0.587538
v 72.1041 94.082 7.10792
vn 0.998633 -0.000365058 -0.052259
v 72.0922 94.2271 6.87873
vn 0.998624 3.65427e-05 -0.0524477
v 72.1087 94.1904 7.19595
vn 0.998634 1.89024e-05 -0.052246
v 72.0962 94.2661 6.95732
vn 0.998644 0.00016454 -0.052068
v 72.0986 94.3414 7.00238
vn 0.99864 -1.1618e-05 -0.0521273
v 72.087 93.9934 6.78042
vn 0.998637 -0.000101463 -0.0521924
v 72.0961 94.002 6.95379
vn 0.998576 0.00463817 -0.0531476
v 72.0979 94.4597 6.99017
vn 0.99862 0.000204873 -0.0525129
v 72.1326 95.0166 7.65115
vn 0.998629 2.58128e-05 -0.0523463
v 72.0938 94.5243 6.91184
vn 0.99865 -0.000315837 -0.0519496
v 72.0892 94.5341 6.82467
vn 0.998626 -0.000112404 -0.0523966
v 72.0399 94.7045 5.88325
vn 0.998627 -0.000126179 -0.0523907
v 72.0771 94.084 6.59317
vn 0.998622 -0.000115396 -0.0524864
v 72.0875 94.2369 6.79156
vn 0.998604 0.000710832 -0.0528244
v 72.084 94.2922 6.72348
vn 0.998657 -0.00040265 -0.051809
v 72.0817 94.0275 6.68139
vn 0.998613 -7.57428e-05 -0.0526566
v 72.0825 94.4075 6.69456
vn 0.998626 -7.26299e-05 -0.0523972
v 72.0851 94.4951 6.74608
vn 0.998637 0.000221018 -0.0521862
v 72.1038 95.251 5.59644
vn 0 1 0
v 72.202 95.251 5.59129
vn 0 1 0
v 72.1992 95.2573 5.5371
vn 0.0178997 0.939644 0.341685
v 72.1009 95.2573 5.54225
vn 0.0178987 0.939653 0.341661
v 72.1963 95.3033 5.48232
vn 0.0453958 0.500132 0.864758
v 72.0981 95.3033 5.48747
vn 0.0453434 0.500076 0.864794
v 72.1957 95.3738 5.4699
vn 0.0516349 -0.173727 0.983439
v 72.0974 95.3738 5.47505
vn 0.0515575 -0.173727 0.983443
v 72.1976 95.4359 5.50566
vn 0.0336559 -0.765882 0.6421
v 72.0993 95.4359 5.51081
vn 0.0336419 -0.765841 0.642149
v 72.2001 95.4604 5.55442
vn 0.00914003 -0.98462 0.174473
v 72.1028 95.4604 5.578
vn 0.00154224 -0.999564 0.0294989
v 72.2041 95.439 5.63139
vn -0.0307332 -0.80959 -0.58619
v 72.1063 95.4359 5.64521
vn -0.033691 -0.765867 -0.642115
v 72.2064 95.3738 5.67581
vn -0.051528 -0.173727 -0.983445
v 72.1082 95.3738 5.68096
vn -0.0515391 -0.173697 -0.98345
v 72.1075 95.3033 5.66855
vn -0.0453091 0.500069 -0.8648
v 72.2058 95.3033 5.66339
vn -0.0453103 0.500068 -0.8648
v 72.1038 95.251 5.59644
vn -0.0221214 0.906309 -0.422037
v 72.202 95.251 5.59129
vn -0.0221133 0.906325 -0.422002
v 72.2154 95.627 7.72598
vn 0 1 0
v 72.3136 95.627 7.72083
vn 0 1 0
v 72.3108 95.6333 7.66664
vn 0.0178995 0.939655 0.341654
v 72.2125 95.6333 7.67179
vn 0.0178979 0.939664 0.341631
v 72.3079 95.6793 7.61186
vn 0.0453343 0.500098 0.864781
v 72.2092 95.7055 7.6092
vn 0.0505681 0.256876 0.96512
v 72.3071 95.7317 7.59624
vn 0.0523431 0 0.998629
v 72.2096 95.784 7.617
vn 0.0453182 -0.500025 0.864824
v 72.3079 95.784 7.61186
vn 0.0453356 -0.500054 0.864807
v 72.3108 95.8301 7.66664
vn 0.0178995 -0.939655 0.341654
v 72.213 95.8301 7.68101
vn 0.0143577 -0.961597 0.274089
v 72.3149 95.8242 7.74521
vn -0.022763 -0.900489 -0.434282
v 72.2179 95.8119 7.77474
vn -0.0348167 -0.746747 -0.664196
v 72.3181 95.7499 7.80535
vn -0.0512399 -0.202604 -0.977919
v 72.2197 95.7499 7.8105
vn -0.0517704 -0.144669 -0.988125
v 72.2191 95.6793 7.79807
vn -0.0467737 0.448481 -0.892568
v 72.3171 95.6734 7.78587
vn -0.0415528 0.60796 -0.792879
v 72.2154 95.627 7.72598
vn -0.022127 0.906306 -0.422043
v 72.3136 95.627 7.72083
vn -0.0178762 0.939885 -0.341022
v 72.2661 94.5423 6.81396
vn -0.00526886 0.994926 -0.100471
v 72.2603 94.5367 6.70419
vn 0.00261066 0.998754 0.049843
v 72.1678 94.5423 6.81911
vn -0.00329488 0.998016 -0.0628784
v 72.2529 94.5658 6.56101
vn 0.0184929 0.935447 0.352982
v 72.1583 94.5459 6.63666
vn 0.00973687 0.98253 0.185852
v 72.1511 94.5959 6.49939
vn 0.0255986 0.872238 0.488411
v 72.2462 94.6357 6.43271
vn 0.0305655 0.811909 0.582983
v 72.145 94.6842 6.38294
vn 0.037936 0.689101 0.723672
v 72.2408 94.7405 6.33071
vn 0.0424945 0.583659 0.810886
v 72.1414 94.7703 6.31442
vn 0.0446473 0.521372 0.852161
v 72.2379 94.8358 6.27576
vn 0.0482134 0.38836 0.920245
v 72.139 94.8707 6.26922
vn 0.0495943 0.318504 0.946623
v 72.2364 94.9417 6.24599
vn 0.0514059 0.186047 0.981195
v 72.1377 94.9779 6.24476
vn 0.0521725 0.0747433 0.995837
v 72.2359 95.0514 6.23778
vn 0.0522789 -0.0498743 0.997386
v 72.2369 95.1598 6.25686
vn 0.0502499 -0.282783 0.957867
v 72.1379 95.0879 6.2475
vn 0.052023 -0.111973 0.992349
v 72.1392 95.1952 6.27196
vn 0.0492151 -0.341902 0.938446
v 72.239 95.2623 6.29702
vn 0.0459649 -0.478065 0.877121
v 72.2424 95.3517 6.36117
vn 0.0387888 -0.67112 0.740334
v 72.1418 95.2932 6.32209
vn 0.044303 -0.531929 0.845629
v 72.1454 95.3792 6.39062
vn 0.0365278 -0.715956 0.69719
v 72.15 95.4456 6.47823
vn 0.0278249 -0.846858 0.531091
v 72.2482 95.4456 6.47308
vn 0.0267223 -0.859777 0.50997
v 72.2553 95.5025 6.60769
vn 0.0122982 -0.972002 0.234651
v 72.1552 95.4934 6.57725
vn 0.0179319 -0.939506 0.342063
v 72.1608 95.5152 6.68497
vn 0.00520423 -0.995043 0.0993115
v 72.261 95.5189 6.71637
vn 0.00128458 -0.999698 0.0245349
v 72.2667 95.5079 6.82573
vn -0.0103771 -0.980159 -0.19794
v 72.1685 95.5079 6.83088
vn -0.0103718 -0.980159 -0.19794
v 72.2739 95.4579 6.96301
vn -0.0250335 -0.878242 -0.477561
v 72.174 95.4755 6.9359
vn -0.0215197 -0.911585 -0.410548
v 72.1788 95.4181 7.02969
vn -0.0310698 -0.804559 -0.59306
v 72.2801 95.3695 7.07946
vn -0.03791 -0.689115 -0.723659
v 72.1842 95.3134 7.13169
vn -0.042477 -0.583784 -0.810797
v 72.2845 95.2508 7.16473
vn -0.0465511 -0.456417 -0.888547
v 72.1871 95.2181 7.18663
vn -0.0482067 -0.388659 -0.92012
v 72.2866 95.1484 7.20488
vn -0.0507053 -0.246696 -0.967765
v 72.1887 95.1121 7.21641
vn -0.051412 -0.185859 -0.981231
v 72.1891 95.0024 7.22461
vn -0.052254 0.0498446 -0.997389
v 72.2873 95.0392 7.21854
vn -0.0523164 -0.0124374 -0.998553
v 72.1881 94.894 7.20553
vn -0.05028 0.282749 -0.957875
v 72.2864 94.894 7.20038
vn -0.050583 0.258733 -0.964624
v 72.186 94.7915 7.16538
vn -0.0460223 0.478374 -0.876949
v 72.2833 94.7606 7.1403
vn -0.0443509 0.532199 -0.845457
v 72.1826 94.7022 7.10122
vn -0.0387968 0.670866 -0.740563
v 72.2796 94.6746 7.07177
vn -0.0365423 0.715618 -0.697535
v 72.2751 94.6081 6.98416
vn -0.027825 0.846839 -0.531122
v 72.1784 94.6273 7.02065
vn -0.0305334 0.812022 -0.582827
v 72.1734 94.5747 6.92414
vn -0.019115 0.930948 -0.364652
v 72.2661 94.5423 6.81396
vn -0.0154178 0.955652 -0.294095
v 72.1678 94.5423 6.81911
vn -0.0128793 0.969227 -0.245833
v 72.2119 96.0031 7.65975
vn -0.00507156 0.995269 -0.097029
v 72.2161 96.0036 7.74081
vn 0.0281398 0.993828 0.107307
v 72.2202 95.983 7.81905
vn 0.0300411 0.865515 0.499982
v 72.3197 95.9699 7.83762
vn 0.02134 0.868181 0.495789
v 72.324 95.8994 7.91874
vn 0.0397263 0.614447 0.787957
v 72.2263 95.8848 7.9344
vn 0.0483132 0.5579 0.828501
v 72.3123 96.0034 7.69513
vn -0.0223173 0.999734 0.00584041
v 72.3262 95.8204 7.96124
vn 0.0464436 0.311078 0.949249
v 72.2286 95.7769 7.97902
vn 0.0544564 0.105866 0.992888
v 72.327 95.7137 7.97538
vn 0.0512075 -0.07704 0.995712
v 72.2271 95.6011 7.9499
vn 0.0498083 -0.356008 0.933155
v 72.3254 95.6011 7.94475
vn 0.0477437 -0.379999 0.923754
v 72.1003 95.6271 5.53022
vn -0.00909837 0.984809 -0.173405
v 72.2119 96.0031 7.65975
vn -0.00907731 0.984809 -0.173406
v 72.1986 95.6271 5.52507
vn -0.00906636 0.984809 -0.173407
v 72.3102 96.0031 7.6546
vn -0.0090912 0.984808 -0.173406
v 72.1915 95.15 5.38972
vn -0.0375972 -0.694174 -0.718825
v 72.0932 95.15 5.39487
vn -0.0374104 -0.701949 -0.711244
v 72.0905 95.2133 5.34425
vn -0.0222007 -0.530488 -0.847402
v 72.1871 95.2877 5.30678
vn -0.0557015 -0.143022 -0.988151
v 72.0886 95.3144 5.30755
vn -0.0474111 -0.148277 -0.987809
v 72.0889 95.4219 5.31253
vn -0.0490779 0.238718 -0.969848
v 72.1888 95.2133 5.33909
vn -0.0892142 -0.522043 -0.84824
v 72.1874 95.4392 5.31229
vn -0.0549752 0.305862 -0.950487
v 72.0907 95.5042 5.34813
vn -0.0398637 0.553255 -0.832057
v 72.1904 95.5411 5.3692
vn -0.0442138 0.646165 -0.761916
v 72.095 95.5878 5.42958
vn -0.0292667 0.814628 -0.579245
v 72.1003 95.6271 5.53022
vn -0.0148081 0.954261 -0.298609
v 72.197 95.6173 5.49508
vn -0.0172797 0.947667 -0.318792
v 72.1556 94.0867 6.58596
vn -0.0348053 -0.746446 -0.664535
v 72.0932 95.15 5.39487
vn -0.0349533 -0.746444 -0.664529
v 72.1915 95.15 5.38971
vn -0.0347327 -0.746446 -0.664539
v 72.2539 94.0867 6.58082
vn -0.0348178 -0.746447 -0.664533
v 72.2858 94.194 7.18866
vn 0.0436871 -0.551417 0.833085
v 72.1875 94.194 7.19382
vn 0.0421785 -0.593589 0.803662
v 72.2824 94.1092 7.12506
vn 0.0380955 -0.685516 0.72706
v 72.1813 94.0628 7.07696
vn 0.0312749 -0.801675 0.596942
v 72.1747 94.0021 6.95007
vn 0.0137095 -0.965058 0.261678
v 72.2765 94.0267 7.01111
vn 0.0218284 -0.908804 0.416651
v 72.2712 93.9928 6.91071
vn 0.00910161 -0.984751 0.173732
v 72.2657 93.9902 6.80481
vn -0.00427127 -0.996662 -0.0815281
v 72.1692 93.9868 6.84523
vn -0.000333149 -0.99998 -0.00635915
v 72.1637 94.0034 6.74059
vn -0.0150594 -0.957679 -0.287444
v 72.2585 94.0288 6.66955
vn -0.0235317 -0.893236 -0.448971
v 72.1556 94.0867 6.58596
vn -0.0289215 -0.832921 -0.552636
v 72.2539 94.0867 6.58081
vn -0.0312679 -0.803145 -0.594962
v 72.1875 94.194 7.19382
vn 0.0462233 -0.473832 0.879401
v 72.2271 95.6011 7.9499
vn 0.0461801 -0.473833 0.879403
v 72.2858 94.194 7.18866
vn 0.0461018 -0.473836 0.879406
v 72.3254 95.6011 7.94475
vn 0.0460853 -0.473837 0.879406
v 72.2286 95.6561 7.97916
vn -0.99863 -0.000122544 0.0523276
v 72.1887 95.1121 7.21641
vn -0.998627 -6.35881e-05 0.0523906
v 72.1891 95.0024 7.22461
vn -0.998637 0.000155882 0.052185
v 72.2108 95.6515 7.64034
vn -0.998636 0.00018963 0.0522066
v 72.1817 95.3695 7.0846
vn -0.998632 6.83985e-05 0.0522843
v 72.1862 95.2508 7.16987
vn -0.998622 -0.000162622 0.0524778
v 72.2134 95.627 7.68911
vn -0.998617 -0.000275862 0.0525711
v 72.1881 94.894 7.20553
vn -0.998625 -0.000101363 0.052425
v 72.2179 95.6515 7.77474
vn -0.998637 -0.00018155 0.0521878
v 72.2197 95.7135 7.8105
vn -0.998632 -0.000402039 0.0522877
v 72.1866 94.1636 7.17719
vn -0.998631 0.000248746 0.0523054
v 72.1571 94.0611 6.61495
vn -0.998631 4.70238e-05 0.0523012
v 72.1798 94.6509 7.04878
vn -0.998631 -0.000133067 0.052309
v 72.1751 94.589 6.95798
vn -0.998638 -0.000192676 0.0521743
v 72.1619 94.0131 6.7065
vn -0.998631 -0.000206676 0.0523114
v 72.1813 94.0628 7.07696
vn -0.998629 -0.000471224 0.0523483
v 72.1697 94.5513 6.8547
vn -0.998624 7.16492e-05 0.0524505
v 72.1849 94.7606 7.14545
vn -0.998602 2.11144e-05 0.0528666
v 72.1757 95.4579 6.96815
vn -0.998634 0.000183034 0.052258
v 72.209 95.7135 7.60459
vn -0.998634 0.000245706 0.0522477
v 72.2092 95.7681 7.60779
vn -0.99862 -0.000466622 0.0525242
v 72.1685 95.5079 6.83088
vn -0.998632 5.877e-06 0.0522892
v 72.2188 95.79 7.79102
vn -0.998639 0.000406569 0.0521467
v 72.228 95.8204 7.96639
vn -0.998631 0.000312523 0.0522976
v 72.2261 95.8928 7.93011
vn -0.99864 -5.06079e-05 0.0521355
v 72.2218 95.9641 7.8498
vn -0.998634 -0.000180253 0.0522461
v 72.214 95.8333 7.69888
vn -0.99862 -0.000132936 0.0525174
v 72.2144 96.0113 7.70701
vn -0.998633 0.000122539 0.0522742
v 72.1627 95.5189 6.72152
vn -0.998618 -0.000356054 0.0525525
v 72.157 95.5025 6.61284
vn -0.998629 0.000110694 0.0523432
v 72.0978 95.6186 5.48271
vn -0.998638 -9.76011e-06 0.0521665
v 72.1692 93.9868 6.84523
vn -0.998632 0.000923287 0.0522773
v 72.1621 94.5367 6.70934
vn -0.998629 -4.92113e-05 0.0523447
v 72.1546 94.5658 6.56615
vn -0.998643 9.44264e-05 0.052078
v 72.1479 94.6357 6.43787
vn -0.998602 0.000157998 0.0528537
v 72.1441 95.3517 6.36632
vn -0.998627 0.000185069 0.0523924
v 72.1082 95.3738 5.68096
vn -0.998628 0.000264421 0.0523734
v 72.1425 94.7405 6.33586
vn -0.998629 5.50728e-05 0.0523514
v 72.0913 95.1822 5.35902
vn -0.998634 -2.45289e-05 0.0522599
v 72.1075 95.3033 5.66855
vn -0.998629 -0.000275821 0.0523509
v 72.1379 95.0879 6.2475
vn -0.998632 -5.30207e-06 0.0522814
v 72.1399 95.2287 6.28706
vn -0.998629 -0.000299995 0.0523524
v 72.1396 94.8358 6.28091
vn -0.998636 -0.000226809 0.0522182
v 72.1381 94.9417 6.25114
vn -0.998632 4.06228e-06 0.052297
v 72.1056 95.2636 5.63108
vn -0.998635 -0.000224817 0.05223
v 72.1009 95.2573 5.54225
vn -0.998617 -0.000756535 0.0525746
v 72.15 95.4456 6.47823
vn -0.998627 0.000442158 0.0523747
v 72.107 95.424 5.65933
vn -0.998631 0.000121649 0.0523156
v 72.1014 95.4541 5.55147
vn -0.998618 1.03695e-05 0.0525574
v 72.0976 95.3818 5.47966
vn -0.998629 2.93263e-05 0.0523489
v 72.0916 95.5254 5.36494
vn -0.99863 -3.04304e-05 0.0523361
v 72.0981 95.3033 5.48747
vn -0.998638 0.000262713 0.0521823
v 72.0886 95.3235 5.30767
vn -0.998628 -8.15466e-05 0.0523737
v 72.089 95.4309 5.31384
vn -0.998632 -8.82918e-05 0.0522908
v 72.3269 95.6561 7.97401
vn 0.998622 0.000104063 -0.0524843
v 72.2874 95.0024 7.21946
vn 0.998635 -0.000101273 -0.0522405
v 72.2869 95.1121 7.21125
vn 0.998622 0.000237968 -0.052488
v 72.3092 95.6515 7.6352
vn 0.998631 6.18957e-05 -0.0523128
v 72.2845 95.2508 7.16473
vn 0.998634 -7.26718e-05 -0.0522483
v 72.2801 95.3695 7.07946
vn 0.998628 0.000201217 -0.052373
v 72.3117 95.627 7.68396
vn 0.99863 -3.73548e-06 -0.052333
v 72.2864 94.894 7.20038
vn 0.998644 -0.000318974 -0.0520495
v 72.3162 95.6515 7.76959
vn 0.99863 0.000225256 -0.0523326
v 72.3181 95.7135 7.80535
vn 0.998628 -2.98857e-05 -0.0523596
v 72.2849 94.1635 7.17201
vn 0.998629 -0.000205589 -0.052349
v 72.2554 94.0611 6.6098
vn 0.998631 -4.7639e-05 -0.0523017
v 72.2782 94.6509 7.04364
vn 0.99863 0.000110813 -0.0523235
v 72.2734 94.589 6.95283
vn 0.998605 -0.000180222 -0.0527992
v 72.2796 94.0628 7.07181
vn 0.998629 0.000399225 -0.052341
v 72.2602 94.0131 6.70135
vn 0.998628 0.00057185 -0.052353
v 72.2679 94.5513 6.84955
vn 0.998625 9.34796e-05 -0.0524316
v 72.2833 94.7606 7.1403
vn 0.998639 1.7732e-07 -0.0521561
v 72.2739 95.4579 6.96301
vn 0.998626 0.00015664 -0.0523942
v 72.3073 95.7135 7.59944
vn 0.998626 0.000200379 -0.052404
v 72.2667 95.5079 6.82573
vn 0.998633 -0.000262229 -0.0522654
v 72.3074 95.7681 7.60264
vn 0.998635 -0.000271775 -0.0522384
v 72.3171 95.79 7.78587
vn 0.998626 -0.000214544 -0.0524101
v 72.3262 95.8204 7.96124
vn 0.998618 5.77821e-05 -0.0525561
v 72.3243 95.8928 7.92496
vn 0.998644 -0.000485667 -0.0520551
v 72.3201 95.9641 7.84465
vn 0.998603 0.00030345 -0.0528423
v 72.3122 95.8333 7.69374
vn 0.99863 4.12757e-05 -0.0523295
v 72.3127 96.0113 7.70187
vn 0.998656 -0.000371685 -0.0518353
v 72.261 95.5189 6.71637
vn 0.998657 -0.00112588 -0.0517898
v 72.2553 95.5025 6.60769
vn 0.99863 -0.000334325 -0.0523297
v 72.1961 95.6186 5.47756
vn 0.998638 2.12646e-05 -0.0521837
v 72.2675 93.9868 6.84008
vn 0.998632 -0.000921371 -0.0522776
v 72.2603 94.5367 6.70419
vn 0.998629 4.89563e-05 -0.0523464
v 72.2529 94.5658 6.56101
vn 0.998645 -9.10978e-05 -0.0520479
v 72.2462 94.6357 6.43271
vn 0.9986 -0.000181457 -0.0529051
v 72.2424 95.3517 6.36117
vn 0.998627 -0.000187083 -0.0523923
v 72.2064 95.3738 5.67581
vn 0.998628 -0.000266597 -0.0523735
v 72.2408 94.7405 6.33071
vn 0.998629 -5.5213e-05 -0.0523517
v 72.1896 95.1822 5.35383
vn 0.998632 -5.15587e-05 -0.0522952
v 72.2058 95.3033 5.66339
vn 0.998634 0.000276236 -0.0522445
v 72.2382 95.2287 6.28191
vn 0.998631 -5.83894e-06 -0.0523163
v 72.2361 95.0879 6.24235
vn 0.99863 8.85363e-06 -0.0523254
v 72.2364 94.9417 6.24599
vn 0.998632 0.000179806 -0.0522791
v 72.2379 94.8358 6.27576
vn 0.998634 0.00016057 -0.0522416
v 72.2039 95.2636 5.62593
vn 0.998629 -0.00012791 -0.0523545
v 72.1992 95.2573 5.5371
vn 0.998639 -0.000257244 -0.0521598
v 72.2482 95.4456 6.47308
vn 0.998632 7.71521e-05 -0.0522861
v 72.2053 95.424 5.65417
vn 0.998628 -0.0001844 -0.0523632
v 72.1997 95.4541 5.54632
vn 0.998617 -0.000320837 -0.0525688
v 72.1959 95.3818 5.47451
vn 0.998641 -4.64799e-05 -0.0521195
v 72.1899 95.5254 5.35979
vn 0.998618 -0.000261168 -0.052551
v 72.1963 95.3033 5.48232
vn 0.998638 0.00028403 -0.0521823
v 72.1869 95.3235 5.30252
vn 0.998643 0.000163181 -0.0520727
v 72.1872 95.4309 5.30869
vn 0.998643 0.000212292 -0.05208
v 1.44131 95.627 7.72083
vn 0.0178692 0.93988 -0.341036
v 1.4379 95.6734 7.78587
vn 0.0433392 0.560301 -0.827154
v 1.5396 95.627 7.72598
vn 0.0207036 0.91839 -0.395134
v 1.53582 95.6793 7.79807
vn 0.0453103 0.500091 -0.864787
v 1.535 95.7317 7.8137
vn 0.052325 0 -0.99863
v 1.43688 95.7499 7.80535
vn 0.05153 -0.173729 -0.983444
v 1.53582 95.784 7.79807
vn 0.0453117 -0.500046 -0.864812
v 1.43875 95.8119 7.76959
vn 0.0348131 -0.74654 -0.664429
v 1.53869 95.8301 7.7433
vn 0.0164428 -0.949343 -0.313812
v 1.44227 95.8364 7.70239
vn 1.98424e-07 -1 2.81586e-07
v 1.54281 95.8242 7.66473
vn -0.0213527 -0.912938 0.407539
v 1.44604 95.8039 7.63059
vn -0.0374871 -0.697627 0.715479
v 1.54596 95.7499 7.60459
vn -0.0515276 -0.173664 0.983456
v 1.44743 95.7055 7.60405
vn -0.0507485 0.243441 0.968587
v 1.54494 95.6734 7.62407
vn -0.0424657 0.584196 0.810501
v 1.5396 95.627 7.72598
vn -0.00455221 0.996208 0.0868835
v 1.44415 95.6333 7.66664
vn -0.0178996 0.939663 0.341633
v 1.44131 95.627 7.72083
vn 0 1 0
v 1.6512 95.251 5.59644
vn 0.0178694 0.939879 -0.34104
v 1.55291 95.251 5.59129
vn 0.0207029 0.918396 -0.39512
v 1.64779 95.2974 5.66148
vn 0.0433408 0.56029 -0.827162
v 1.54913 95.3033 5.66339
vn 0.0453135 0.50008 -0.864793
v 1.54849 95.3738 5.67581
vn 0.0515317 -0.173728 -0.983445
v 1.64678 95.3738 5.68096
vn 0.0515428 -0.173698 -0.983449
v 1.55081 95.439 5.63139
vn 0.0294863 -0.826365 -0.562362
v 1.64993 95.4481 5.62082
vn 0.0227868 -0.900432 -0.434399
v 1.55612 95.4481 5.53004
vn -0.0213795 -0.912709 0.40805
v 1.65405 95.4541 5.54225
vn -0.0179344 -0.939421 0.342297
v 1.65692 95.408 5.48747
vn -0.0461243 -0.47436 0.879122
v 1.55927 95.3738 5.4699
vn -0.0515512 -0.173728 0.983443
v 1.65732 95.3295 5.47966
vn -0.0508067 0.243475 0.968576
v 1.55825 95.2974 5.48938
vn -0.0424896 0.584221 0.810481
v 1.65405 95.2573 5.54225
vn -0.0179014 0.939651 0.341667
v 1.55291 95.251 5.59129
vn -0.0045522 0.996208 0.0868836
v 1.6512 95.251 5.59644
vn 0 1 0
v 1.48884 94.5423 6.81396
vn 0.0154097 0.955654 -0.294088
v 1.58162 94.5747 6.92414
vn 0.0191073 0.930948 -0.364653
v 1.58713 94.5423 6.81911
vn 0.0128809 0.969224 -0.245845
v 1.47992 94.6081 6.98416
vn 0.0278285 0.846838 -0.531122
v 1.57656 94.6273 7.02065
vn 0.0305371 0.812027 -0.58282
v 1.47533 94.6746 7.07177
vn 0.0365479 0.715617 -0.697536
v 1.57235 94.7022 7.10122
vn 0.0392455 0.661613 -0.748818
v 1.47174 94.7606 7.1403
vn 0.0436205 0.553175 -0.831922
v 1.56819 94.825 7.18049
vn 0.0480521 0.399796 -0.915344
v 1.46859 94.894 7.20038
vn 0.0504034 0.270782 -0.96132
v 1.56635 94.9294 7.21548
vn 0.0513088 0.198104 -0.978837
v 1.46758 95.0024 7.21946
vn 0.0522561 0.0498359 -0.997389
v 1.56593 95.0392 7.2237
vn 0.0523048 -0.0249033 -0.998321
v 1.46801 95.1121 7.21125
vn 0.0516427 -0.161247 -0.985562
v 1.56726 95.1833 7.19833
vn 0.0493854 -0.330415 -0.942543
v 1.46958 95.2181 7.18148
vn 0.0482103 -0.388654 -0.920122
v 1.47245 95.3134 7.12654
vn 0.0428581 -0.573633 -0.817991
v 1.57075 95.3134 7.13169
vn 0.0420976 -0.593847 -0.803476
v 1.57609 95.4181 7.02969
vn 0.0310729 -0.804559 -0.593059
v 1.4778 95.4181 7.02454
vn 0.0321176 -0.789431 -0.612998
v 1.48453 95.4881 6.89624
vn 0.0172654 -0.943988 -0.329529
v 1.58101 95.4755 6.9359
vn 0.0227025 -0.900964 -0.4333
v 1.58651 95.5079 6.83088
vn 0.010371 -0.980159 -0.19794
v 1.49011 95.5152 6.78973
vn 0.00652506 -0.992193 -0.124537
v 1.49586 95.5152 6.67983
vn -0.00454931 -0.996213 0.0868282
v 1.59416 95.5152 6.68497
vn -0.00585754 -0.993714 0.111797
v 1.60157 95.4791 6.54341
vn -0.0209344 -0.916483 0.399527
v 1.50328 95.4791 6.53826
vn -0.019731 -0.926175 0.376576
v 1.60663 95.4265 6.44689
vn -0.0305345 -0.812074 0.582755
v 1.50982 95.4029 6.4136
vn -0.0331247 -0.774098 0.632199
v 1.61085 95.3517 6.36632
vn -0.0400799 -0.642848 0.764944
v 1.51488 95.2932 6.31695
vn -0.0435957 -0.552975 0.832057
v 1.51803 95.1598 6.25686
vn -0.0506066 -0.258767 0.964613
v 1.61501 95.2287 6.28706
vn -0.0474246 -0.422443 0.905148
v 1.61708 95.0879 6.2475
vn -0.0520185 -0.111968 0.992349
v 1.51898 95.0146 6.2387
vn -0.052336 0.0124709 0.998552
v 1.61689 94.9417 6.25114
vn -0.0516378 0.161439 0.985531
v 1.61533 94.8358 6.28091
vn -0.048218 0.388355 0.920247
v 1.51766 94.8707 6.26407
vn -0.0493876 0.330302 0.942582
v 1.61246 94.7405 6.33586
vn -0.0428645 0.573531 0.818061
v 1.51529 94.7703 6.30927
vn -0.0446505 0.521372 0.85216
v 1.5117 94.6842 6.37779
vn -0.0370502 0.706979 0.706263
v 1.60864 94.6579 6.40859
vn -0.0346618 0.749674 0.660899
v 1.60388 94.5959 6.49939
vn -0.0255986 0.872164 0.488544
v 1.50559 94.5959 6.49424
vn -0.0244488 0.884199 0.466471
v 1.4984 94.5459 6.63152
vn -0.0110131 0.977597 0.210196
v 1.59857 94.5532 6.60067
vn -0.0141619 0.962674 0.270293
v 1.59288 94.5367 6.70934
vn -0.00129942 0.999692 0.0248007
v 1.48884 94.5423 6.81396
vn 0.00263877 0.998731 -0.0502983
v 1.58713 94.5423 6.81911
vn 0.00526437 0.994926 -0.100476
v 1.65467 95.6271 5.53022
vn 0.012997 0.968732 -0.247771
v 1.65868 95.5998 5.45388
vn -0.0216612 0.891852 -0.451808
v 1.56039 95.5998 5.44872
vn 0.0456601 0.896766 -0.440143
v 1.66216 95.5536 5.38739
vn 0.0306221 0.748736 -0.66216
v 1.6647 95.4888 5.3389
vn 0.0439807 0.487906 -0.871788
v 1.55638 95.6271 5.52507
vn 0.0123557 0.971482 -0.236789
v 1.56504 95.5254 5.35979
vn 0.0467259 0.623266 -0.780612
v 1.66627 95.4134 5.30889
vn 0.0509551 0.211416 -0.976067
v 1.56779 95.4219 5.30738
vn 0.0559977 0.240205 -0.969106
v 1.66645 95.3323 5.30543
vn 0.0504373 -0.079467 -0.995561
v 1.66517 95.2364 5.32991
vn 0.0472626 -0.388269 -0.920333
v 1.56805 95.3144 5.3024
vn 0.0557028 -0.150174 -0.987089
v 1.66177 95.15 5.39487
vn 0.0386535 -0.656822 -0.753054
v 1.56348 95.15 5.38972
vn 0.0409704 -0.636325 -0.770332
v 1.54307 96.0031 7.65976
vn 0.00908019 0.984809 -0.173406
v 1.65467 95.6271 5.53022
vn 0.00909707 0.984809 -0.173405
v 1.55638 95.6271 5.52507
vn 0.00907621 0.984809 -0.173406
v 1.44478 96.0031 7.6546
vn 0.00910404 0.984808 -0.173405
v 1.52786 95.6011 7.9499
vn -0.0478752 -0.404979 0.913072
v 1.52651 95.678 7.97582
vn -0.095857 -0.199219 0.975255
v 1.42821 95.678 7.97066
vn -0.0289207 -0.208551 0.977584
v 1.42796 95.7589 7.97566
vn -0.0473735 0.204035 0.977817
v 1.5272 95.8238 7.96254
vn -0.0531336 0.338972 0.939295
v 1.42957 95.6011 7.94475
vn -0.0477024 -0.414899 0.908616
v 1.53048 95.9264 7.90002
vn -0.038737 0.70804 0.705109
v 1.43285 95.9328 7.88231
vn -0.0307028 0.746843 0.664292
v 1.5361 95.9895 7.79273
vn -0.0162886 0.956874 0.290045
v 1.43912 96.0006 7.76261
vn -0.0128396 0.963942 0.265803
v 1.54307 96.0031 7.65975
vn 0.00311306 0.997697 -0.0677612
v 1.44478 96.0031 7.6546
vn 0.00299755 0.998875 -0.0473219
v 1.56749 94.194 7.19382
vn -0.0461671 -0.473833 0.879404
v 1.52786 95.6011 7.9499
vn -0.0461308 -0.473834 0.879405
v 1.4692 94.194 7.18866
vn -0.0461332 -0.473837 0.879404
v 1.42957 95.6011 7.94475
vn -0.0461299 -0.473838 0.879403
v 1.59935 94.0867 6.58596
vn 0.0311403 -0.803136 -0.594981
v 1.59469 94.0288 6.6747
vn 0.0227874 -0.900136 -0.435013
v 1.49641 94.0288 6.66955
vn 0.0235304 -0.893236 -0.448973
v 1.58946 93.9937 6.77468
vn 0.00973211 -0.982549 -0.185748
v 1.58391 93.9898 6.88055
vn -0.00519498 -0.99506 0.0991422
v 1.48932 93.9902 6.80481
vn 0.00584404 -0.993743 -0.11154
v 1.48377 93.9928 6.91071
vn -0.00910301 -0.984751 0.173732
v 1.50106 94.0867 6.58081
vn 0.0312396 -0.803143 -0.594966
v 1.47851 94.0267 7.01111
vn -0.0225404 -0.902455 0.430194
v 1.57679 94.0267 7.01626
vn -0.0225414 -0.902455 0.430194
v 1.57082 94.1092 7.13021
vn -0.0381024 -0.685522 0.727054
v 1.47254 94.1092 7.12506
vn -0.0375415 -0.696678 0.716401
v 1.56749 94.194 7.19382
vn -0.0437113 -0.551448 0.833063
v 1.4692 94.194 7.18866
vn -0.0437356 -0.551374 0.833111
v 1.59935 94.0867 6.58596
vn 0.0347975 -0.746446 -0.664536
v 1.66177 95.15 5.39487
vn 0.034851 -0.746446 -0.664533
v 1.50106 94.0867 6.58081
vn 0.0348227 -0.746447 -0.664533
v 1.56348 95.15 5.38972
vn 0.0347594 -0.746446 -0.664538
v 1.66365 95.1822 5.35902
vn 0.99863 1.11941e-05 0.0523363
v 1.61689 94.9417 6.25114
vn 0.99863 -2.78617e-06 0.0523343
v 1.61533 94.8358 6.28091
vn 0.998629 2.00194e-05 0.0523482
v 1.64742 95.3033 5.66855
vn 0.998629 -1.3365e-05 0.0523369
v 1.61501 95.2287 6.28706
vn 0.99863 -2.43419e-05 0.0523332
v 1.61708 95.0879 6.2475
vn 0.998629 -2.12594e-06 0.0523411
v 1.64939 95.2636 5.63108
vn 0.998629 -8.8491e-06 0.0523375
v 1.61246 94.7405 6.33586
vn 0.998629 1.93282e-05 0.0523447
v 1.65405 95.2573 5.54225
vn 0.99863 1.57727e-06 0.0523362
v 1.65692 95.3033 5.48747
vn 0.998629 -1.16351e-05 0.0523391
v 1.59797 94.0635 6.61229
vn 0.998629 -5.05137e-06 0.0523384
v 1.56845 94.1604 7.1755
vn 0.99863 5.92603e-06 0.0523345
v 1.60038 94.5658 6.56615
vn 0.998629 1.77978e-05 0.0523483
v 1.59288 94.5367 6.70934
vn 0.998632 1.94398e-05 0.0522921
v 1.57361 94.0628 7.07696
vn 0.998629 -2.2377e-05 0.0523464
v 1.59303 94.0131 6.7065
vn 0.99863 4.20954e-05 0.0523324
v 1.58527 94.5513 6.8547
vn 0.998629 1.69754e-06 0.0523453
v 1.60711 94.6357 6.43787
vn 0.998628 2.2448e-05 0.052374
v 1.61085 95.3517 6.36632
vn 0.998629 2.87809e-05 0.0523402
v 1.64678 95.3738 5.68096
vn 0.998629 2.22032e-05 0.0523382
v 1.64791 95.424 5.65933
vn 0.998629 4.3233e-06 0.0523391
v 1.60499 95.4456 6.47823
vn 0.99863 -1.97618e-06 0.0523331
v 1.65732 95.3818 5.47966
vn 0.99863 6.99073e-06 0.0523355
v 1.66634 95.3235 5.30767
vn 0.99863 -6.25151e-06 0.0523328
v 1.66602 95.4309 5.31384
vn 0.998629 -2.16648e-05 0.0523457
v 1.66333 95.5254 5.36494
vn 0.99863 -7.67611e-06 0.0523206
v 1.65356 95.4541 5.55147
vn 0.998629 -6.11311e-06 0.0523431
v 1.65716 95.6186 5.48271
vn 0.998629 4.30973e-06 0.0523499
v 1.59794 95.5025 6.61284
vn 0.99863 2.35117e-05 0.0523363
v 1.54059 96.0113 7.70701
vn 0.998631 -5.64232e-06 0.0523099
v 1.58576 93.9868 6.84523
vn 0.998631 0.000286872 0.0523085
v 1.57985 94.589 6.95798
vn 0.998627 2.82076e-05 0.0523836
v 1.57509 94.6509 7.04878
vn 0.998631 -8.32659e-06 0.0523012
v 1.57002 94.7606 7.14545
vn 0.998629 1.78058e-06 0.0523411
v 1.57932 95.4579 6.96815
vn 0.99863 3.45976e-05 0.0523308
v 1.54596 95.7135 7.60459
vn 0.998629 7.54629e-06 0.0523417
v 1.56687 94.894 7.20553
vn 0.998629 -1.10958e-06 0.0523407
v 1.52633 95.6561 7.97916
vn 0.99863 -1.27653e-05 0.0523354
v 1.54409 95.6515 7.64034
vn 0.998629 -9.33556e-06 0.0523429
v 1.56875 95.2508 7.16987
vn 0.99863 8.27246e-06 0.0523317
v 1.57322 95.3695 7.0846
vn 0.998629 -3.23533e-06 0.0523409
v 1.56588 95.0024 7.22461
vn 0.998628 -1.88441e-05 0.0523642
v 1.5663 95.1121 7.21641
vn 0.998629 9.11047e-07 0.0523403
v 1.54153 95.627 7.68911
vn 0.99863 8.12228e-06 0.0523357
v 1.53704 95.6515 7.77474
vn 0.99863 2.31269e-05 0.0523353
v 1.58651 95.5079 6.83088
vn 0.998629 -1.11223e-05 0.0523441
v 1.54579 95.7681 7.60779
vn 0.99863 1.87782e-05 0.0523261
v 1.59224 95.5189 6.72152
vn 0.998631 6.90152e-05 0.0522997
v 1.54102 95.8333 7.69888
vn 0.998628 -6.75733e-06 0.0523572
v 1.53619 95.79 7.79102
vn 0.998631 -1.14184e-06 0.0523125
v 1.53311 95.9641 7.8498
vn 0.998629 -4.89698e-06 0.0523442
v 1.53517 95.7135 7.8105
vn 0.998629 -3.08647e-05 0.0523451
v 1.527 95.8204 7.96639
vn 0.99863 -2.42382e-05 0.0523326
v 1.5289 95.8928 7.93011
vn 0.998633 2.4943e-05 0.0522769
v 1.56536 95.1822 5.35384
vn -0.99863 -1.19178e-05 -0.0523341
v 1.51704 94.8358 6.27576
vn -0.998629 -2.00194e-05 -0.0523482
v 1.5186 94.9417 6.24599
vn -0.99863 2.43657e-06 -0.0523344
v 1.54913 95.3033 5.66339
vn -0.998629 1.56954e-05 -0.0523367
v 1.51879 95.0879 6.24235
vn -0.998629 4.0254e-07 -0.0523421
v 1.51672 95.2287 6.28191
vn -0.99863 2.6447e-05 -0.052333
v 1.5511 95.2636 5.62593
vn -0.998629 6.65722e-06 -0.0523384
v 1.51417 94.7405 6.33071
vn -0.998629 -1.9468e-05 -0.0523451
v 1.55575 95.2573 5.5371
vn -0.99863 -3.0935e-06 -0.0523345
v 1.55862 95.3033 5.48232
vn -0.998629 1.20904e-05 -0.0523382
v 1.49968 94.0635 6.60714
vn -0.998629 3.46373e-06 -0.0523384
v 1.47016 94.1603 7.17032
vn -0.99863 -8.72929e-06 -0.0523341
v 1.50209 94.5658 6.56101
vn -0.998629 -1.77351e-05 -0.0523478
v 1.49459 94.5367 6.70419
vn -0.998632 -1.95455e-05 -0.0522942
v 1.49474 94.0131 6.70135
vn -0.998629 4.96362e-05 -0.0523398
v 1.47532 94.0628 7.07181
vn -0.99863 -2.82142e-05 -0.0523203
v 1.48698 94.5513 6.84955
vn -0.998629 -9.28122e-07 -0.0523452
v 1.50881 94.6357 6.43271
vn -0.998628 -2.29592e-05 -0.0523731
v 1.51257 95.3517 6.36117
vn -0.998629 -3.13198e-05 -0.0523401
v 1.54849 95.3738 5.67581
vn -0.998629 -2.44225e-05 -0.0523382
v 1.5067 95.4456 6.47308
vn -0.99863 3.68202e-06 -0.0523329
v 1.54962 95.424 5.65417
vn -0.998629 -3.03741e-06 -0.0523389
v 1.55903 95.3818 5.47451
vn -0.99863 -7.87244e-06 -0.05233
v 1.56805 95.3235 5.30252
vn -0.99863 7.66374e-06 -0.0523352
v 1.56772 95.4309 5.30869
vn -0.998631 -3.53928e-05 -0.0523169
v 1.56504 95.5254 5.35979
vn -0.998631 2.95648e-05 -0.0523127
v 1.55527 95.4541 5.54632
vn -0.998629 6.20909e-06 -0.0523428
v 1.55887 95.6186 5.47756
vn -0.998629 -4.34287e-06 -0.05235
v 1.49964 95.5025 6.60769
vn -0.99863 -2.43269e-05 -0.0523364
v 1.4423 96.0113 7.70186
vn -0.998631 5.86286e-06 -0.0523091
v 1.48747 93.9868 6.84008
vn -0.998633 -0.000478181 -0.0522747
v 1.48156 94.589 6.95283
vn -0.998627 -2.71519e-05 -0.052384
v 1.4768 94.6509 7.04364
vn -0.998631 8.98996e-06 -0.0523023
v 1.47174 94.7606 7.1403
vn -0.998629 -1.78746e-06 -0.0523469
v 1.48103 95.4579 6.96301
vn -0.99863 -3.41305e-05 -0.0523309
v 1.44767 95.7135 7.59944
vn -0.998629 -7.07846e-06 -0.0523419
v 1.46859 94.894 7.20038
vn -0.998631 -3.94559e-05 -0.0523035
v 1.42804 95.6561 7.97401
vn -0.99863 1.30069e-05 -0.0523348
v 1.4458 95.6515 7.6352
vn -0.998629 9.7509e-06 -0.0523431
v 1.47492 95.3695 7.07946
vn -0.998629 3.54147e-06 -0.052341
v 1.47045 95.2508 7.16473
vn -0.99863 -7.89857e-06 -0.0523319
v 1.46801 95.1121 7.21125
vn -0.998628 3.06966e-05 -0.052363
v 1.46758 95.0024 7.21946
vn -0.998629 1.79432e-05 -0.0523496
v 1.44324 95.627 7.68396
vn -0.99863 -7.82773e-06 -0.0523359
v 1.43875 95.6515 7.76959
vn -0.99863 -2.21982e-05 -0.0523349
v 1.48822 95.5079 6.82573
vn -0.998629 1.08352e-05 -0.0523441
v 1.4475 95.7681 7.60264
vn -0.99863 -1.96038e-05 -0.0523258
v 1.49395 95.5189 6.71637
vn -0.998631 -7.09273e-05 -0.0522989
v 1.44273 95.8333 7.69374
vn -0.998628 7.17186e-06 -0.0523572
v 1.4379 95.79 7.78587
vn -0.998631 1.19129e-06 -0.0523122
v 1.43482 95.9641 7.84465
vn -0.998629 5.79109e-06 -0.0523443
v 1.43688 95.7135 7.80535
vn -0.998629 3.00413e-05 -0.0523449
v 1.42871 95.8204 7.96124
vn -0.99863 2.44893e-05 -0.0523324
v 1.43062 95.8928 7.92496
vn -0.998633 -2.53159e-05 -0.0522762
f 3//3 1//1 2//2
f 4//4 2//2 1//1
f 5//5 8//8 9//9
f 5//5 9//9 11//11
f 10//10 8//8 5//5
f 11//11 7//7 5//5
f 7//7 13//13 14//14
f 15//15 7//7 16//16
f 7//7 14//14 16//16
f 7//7 11//11 13//13
f 10//10 19//19 18//18
f 18//18 17//17 10//10
f 10//10 17//17 8//8
f 20//20 19//19 10//10
f 15//15 21//21 19//19
f 15//15 23//23 22//22
f 22//22 21//21 15//15
f 24//24 15//15 19//19
f 24//24 19//19 20//20
f 16//16 23//23 15//15
f 25//25 27//27 26//26
f 27//27 28//28 26//26
f 29//29 30//30 31//31
f 30//30 29//29 32//32
f 33//33 34//34 35//35
f 36//36 33//33 35//35
f 34//34 33//33 37//37
f 38//38 39//39 40//40
f 42//42 38//38 40//40
f 41//41 39//39 38//38
f 44//44 43//43 45//45
f 45//45 43//43 46//46
f 44//44 47//47 43//43
f 49//49 50//50 48//48
f 49//49 51//51 50//50
f 51//51 49//49 52//52
f 53//53 55//55 54//54
f 56//56 55//55 53//53
f 58//58 57//57 59//59
f 59//59 60//60 58//58
f 61//61 62//62 63//63
f 64//64 61//61 63//63
f 65//65 66//66 64//64
f 65//65 64//64 63//63
f 67//67 66//66 65//65
f 67//67 65//65 68//68
f 68//68 69//69 67//67
f 68//68 70//70 69//69
f 71//71 72//72 70//70
f 70//70 72//72 69//69
f 73//73 72//72 71//71
f 74//74 76//76 77//77
f 74//74 75//75 78//78
f 77//77 76//76 79//79
f 79//79 80//80 77//77
f 77//77 75//75 74//74
f 78//78 75//75 82//82
f 79//79 81//81 80//80
f 83//83 78//78 82//82
f 85//85 86//86 84//84
f 87//87 88//88 86//86
f 85//85 84//84 83//83
f 83//83 89//89 85//85
f 87//87 86//86 85//85
f 90//90 88//88 87//87
f 87//87 91//91 90//90
f 82//82 89//89 83//83
f 81//81 92//92 80//80
f 81//81 93//93 92//92
f 81//81 94//94 93//93
f 82//82 95//95 89//89
f 97//97 94//94 81//81
f 98//98 97//97 99//99
f 97//97 81//81 99//99
f 99//99 100//100 98//98
f 99//99 103//103 100//100
f 101//101 104//104 100//100
f 105//105 96//96 95//95
f 96//96 89//89 95//95
f 107//107 108//108 106//106
f 107//107 106//106 90//90
f 91//91 107//107 90//90
f 105//105 95//95 104//104
f 105//105 104//104 101//101
f 108//108 109//109 106//106
f 102//102 103//103 109//109
f 109//109 103//103 106//106
f 102//102 101//101 100//100
f 102//102 100//100 103//103
f 110//110 111//111 112//112
f 112//112 113//113 110//110
f 114//114 115//115 113//113
f 114//114 116//116 115//115
f 112//112 114//114 113//113
f 117//117 118//118 119//119
f 117//117 119//119 116//116
f 117//117 120//120 118//118
f 121//121 120//120 122//122
f 120//120 121//121 118//118
f 119//119 115//115 116//116
f 123//123 124//124 125//125
f 124//124 126//126 125//125
f 126//126 127//127 128//128
f 127//127 129//129 128//128
f 126//126 128//128 125//125
f 132//132 130//130 131//131
f 132//132 131//131 133//133
f 132//132 133//133 134//134
f 132//132 134//134 135//135
f 135//135 134//134 136//136
f 129//129 127//127 131//131
f 129//129 131//131 130//130
f 136//136 137//137 135//135
f 137//137 136//136 138//138
f 138//138 139//139 140//140
f 138//138 140//140 137//137
f 140//140 139//139 141//141
f 140//140 141//141 142//142
f 143//143 144//144 145//145
f 145//145 144//144 146//146
f 147//147 146//146 148//148
f 149//149 147//147 148//148
f 145//145 146//146 147//147
f 141//141 144//144 143//143
f 141//141 143//143 142//142
f 150//150 151//151 152//152
f 152//152 153//153 154//154
f 154//154 153//153 155//155
f 152//152 151//151 153//153
f 156//156 155//155 157//157
f 156//156 157//157 158//158
f 159//159 158//158 160//160
f 159//159 160//160 161//161
f 158//158 157//157 160//160
f 154//154 155//155 156//156
f 159//159 161//161 162//162
f 159//159 162//162 163//163
f 164//164 165//165 166//166
f 166//166 165//165 167//167
f 164//164 163//163 162//162
f 164//164 162//162 165//165
f 168//168 167//167 169//169
f 170//170 168//168 169//169
f 171//171 170//170 172//172
f 171//171 172//172 173//173
f 170//170 169//169 172//172
f 166//166 167//167 168//168
f 174//174 175//175 176//176
f 177//177 175//175 174//174
f 179//179 180//180 181//181
f 182//182 181//181 183//183
f 182//182 183//183 184//184
f 182//182 184//184 185//185
f 181//181 180//180 183//183
f 180//180 179//179 178//178
f 185//185 184//184 186//186
f 185//185 186//186 187//187
f 187//187 186//186 188//188
f 189//189 187//187 188//188
f 189//189 188//188 190//190
f 191//191 192//192 193//193
f 191//191 194//194 192//192
f 195//195 196//196 197//197
f 199//199 198//198 200//200
f 199//199 200//200 201//201
f 196//196 198//198 199//199
f 198//198 196//196 195//195
f 201//201 200//200 202//202
f 203//203 201//201 202//202
f 203//203 202//202 204//204
f 207//207 208//208 205//205
f 203//203 204//204 206//206
f 203//203 206//206 205//205
f 206//206 207//207 205//205
f 209//209 210//210 211//211
f 214//214 213//213 209//209
f 215//215 209//209 213//213
f 209//209 215//215 210//210
f 216//216 211//211 210//210
f 210//210 218//218 216//216
f 218//218 210//210 219//219
f 219//219 220//220 218//218
f 221//221 218//218 220//220
f 222//222 224//224 223//223
f 223//223 214//214 222//222
f 226//226 224//224 222//222
f 225//225 226//226 222//222
f 214//214 209//209 222//222
f 225//225 227//227 226//226
f 225//225 228//228 227//227
f 225//225 221//221 228//228
f 218//218 221//221 225//225
f 230//230 231//231 232//232
f 233//233 232//232 231//231
f 234//234 235//235 236//236
f 236//236 237//237 238//238
f 237//237 236//236 235//235
f 239//239 235//235 240//240
f 235//235 234//234 240//240
f 237//237 242//242 238//238
f 243//243 244//244 242//242
f 245//245 240//240 246//246
f 247//247 248//248 249//249
f 243//243 242//242 237//237
f 245//245 241//241 240//240
f 241//241 250//250 239//239
f 251//251 239//239 250//250
f 252//252 251//251 250//250
f 240//240 241//241 239//239
f 249//249 245//245 246//246
f 247//247 249//249 246//246
f 251//251 252//252 253//253
f 253//253 254//254 251//251
f 255//255 254//254 253//253
f 256//256 257//257 258//258
f 259//259 260//260 261//261
f 262//262 261//261 258//258
f 257//257 262//262 258//258
f 262//262 259//259 261//261
f 243//243 257//257 256//256
f 263//263 260//260 259//259
f 260//260 248//248 247//247
f 265//265 266//266 264//264
f 266//266 254//254 255//255
f 248//248 260//260 264//264
f 254//254 266//266 265//265
f 264//264 267//267 265//265
f 263//263 267//267 264//264
f 264//264 260//260 263//263
f 256//256 244//244 243//243
f 269//269 270//270 268//268
f 271//271 270//270 269//269
f 272//272 275//275 276//276
f 272//272 276//276 278//278
f 277//277 275//275 272//272
f 278//278 274//274 272//272
f 274//274 280//280 281//281
f 282//282 274//274 283//283
f 274//274 281//281 283//283
f 274//274 278//278 280//280
f 277//277 286//286 285//285
f 285//285 284//284 277//277
f 277//277 284//284 275//275
f 287//287 286//286 277//277
f 282//282 288//288 286//286
f 282//282 290//290 289//289
f 289//289 288//288 282//282
f 291//291 282//282 286//286
f 291//291 286//286 287//287
f 283//283 290//290 282//282
f 294//294 295//295 293//293
f 294//294 293//293 292//292
f 298//298 297//297 296//296
f 298//298 296//296 299//299
f 300//300 301//301 302//302
f 300//300 302//302 303//303
f 301//301 300//300 304//304
f 305//305 306//306 307//307
f 308//308 305//305 307//307
f 309//309 306//306 305//305
f 311//311 310//310 312//312
f 312//312 310//310 313//313
f 310//310 311//311 314//314
f 316//316 317//317 315//315
f 316//316 318//318 317//317
f 318//318 316//316 319//319
f 322//322 321//321 323//323
f 322//322 320//320 321//321
f 327//327 326//326 324//324
f 327//327 324//324 325//325
f 328//328 329//329 330//330
f 330//330 331//331 328//328
f 332//332 331//331 330//330
f 332//332 333//333 334//334
f 332//332 334//334 331//331
f 335//335 334//334 333//333
f 333//333 336//336 335//335
f 336//336 337//337 338//338
f 336//336 338//338 335//335
f 339//339 340//340 337//337
f 337//337 340//340 338//338
f 341//341 340//340 339//339
f 342//342 344//344 345//345
f 344//344 346//346 345//345
f 342//342 343//343 347//347
f 346//346 348//348 345//345
f 345//345 343//343 342//342
f 347//347 343//343 350//350
f 346//346 349//349 348//348
f 351//351 347//347 350//350
f 353//353 354//354 352//352
f 356//356 354//354 355//355
f 353//353 352//352 351//351
f 351//351 357//357 353//353
f 355//355 354//354 353//353
f 358//358 356//356 355//355
f 355//355 359//359 358//358
f 350//350 357//357 351//351
f 349//349 360//360 348//348
f 361//361 360//360 349//349
f 350//350 362//362 357//357
f 364//364 361//361 349//349
f 365//365 364//364 366//366
f 364//364 349//349 366//366
f 367//367 368//368 369//369
f 366//366 367//367 365//365
f 366//366 371//371 367//367
f 372//372 363//363 362//362
f 372//372 373//373 369//369
f 363//363 357//357 362//362
f 375//375 376//376 374//374
f 375//375 374//374 358//358
f 359//359 375//375 358//358
f 372//372 362//362 373//373
f 372//372 369//369 368//368
f 376//376 377//377 374//374
f 370//370 371//371 377//377
f 377//377 371//371 374//374
f 370//370 368//368 367//367
f 370//370 367//367 371//371
f 378//378 379//379 380//380
f 380//380 381//381 378//378
f 382//382 383//383 381//381
f 382//382 384//384 383//383
f 380//380 382//382 381//381
f 385//385 386//386 387//387
f 385//385 387//387 384//384
f 385//385 388//388 386//386
f 389//389 388//388 390//390
f 388//388 389//389 386//386
f 387//387 383//383 384//384
f 391//391 392//392 393//393
f 391//391 393//393 394//394
f 395//395 396//396 397//397
f 395//395 398//398 396//396
f 392//392 395//395 397//397
f 392//392 397//397 393//393
f 399//399 398//398 400//400
f 401//401 399//399 400//400
f 401//401 402//402 403//403
f 403//403 402//402 404//404
f 403//403 404//404 405//405
f 401//401 400//400 402//402
f 398//398 399//399 396//396
f 404//404 406//406 407//407
f 404//404 407//407 405//405
f 406//406 408//408 407//407
f 408//408 409//409 410//410
f 408//408 410//410 411//411
f 408//408 406//406 409//409
f 412//412 413//413 414//414
f 412//412 414//414 415//415
f 416//416 417//417 418//418
f 416//416 418//418 419//419
f 415//415 414//414 417//417
f 415//415 417//417 416//416
f 411//411 410//410 413//413
f 411//411 413//413 412//412
f 422//422 423//423 424//424
f 422//422 424//424 425//425
f 420//420 421//421 423//423
f 420//420 423//423 422//422
f 425//425 424//424 426//426
f 425//425 426//426 427//427
f 427//427 426//426 428//428
f 429//429 428//428 430//430
f 429//429 430//430 431//431
f 428//428 426//426 430//430
f 429//429 431//431 432//432
f 429//429 432//432 433//433
f 434//434 435//435 436//436
f 434//434 436//436 437//437
f 434//434 433//433 432//432
f 434//434 432//432 435//435
f 438//438 437//437 436//436
f 438//438 436//436 439//439
f 438//438 439//439 440//440
f 441//441 440//440 442//442
f 443//443 441//441 442//442
f 441//441 438//438 440//440
f 446//446 447//447 445//445
f 446//446 445//445 444//444
f 448//448 449//449 450//450
f 451//451 450//450 452//452
f 451//451 452//452 453//453
f 450//450 449//449 452//452
f 454//454 449//449 448//448
f 451//451 453//453 455//455
f 451//451 455//455 456//456
f 456//456 455//455 457//457
f 458//458 457//457 459//459
f 457//457 455//455 459//459
f 458//458 459//459 460//460
f 463//463 464//464 462//462
f 463//463 462//462 461//461
f 465//465 466//466 467//467
f 469//469 470//470 471//471
f 469//469 471//471 472//472
f 466//466 468//468 470//470
f 466//466 470//470 469//469
f 468//468 466//466 465//465
f 473//473 472//472 471//471
f 473//473 471//471 474//474
f 473//473 474//474 476//476
f 473//473 476//476 475//475
f 477//477 476//476 478//478
f 476//476 477//477 475//475
f 479//479 480//480 481//481
f 484//484 483//483 479//479
f 485//485 479//479 483//483
f 479//479 485//485 480//480
f 486//486 481//481 480//480
f 480//480 488//488 486//486
f 488//488 480//480 489//489
f 489//489 490//490 488//488
f 491//491 488//488 490//490
f 492//492 494//494 493//493
f 493//493 484//484 492//492
f 494//494 492//492 496//496
f 484//484 479//479 492//492
f 497//497 499//499 498//498
f 497//497 491//491 499//499
f 488//488 491//491 497//497
f 492//492 497//497 496//496
f 498//498 496//496 497//497
f 500//500 501//501 502//502
f 502//502 503//503 500//500
f 504//504 505//505 506//506
f 506//506 507//507 508//508
f 507//507 506//506 505//505
f 509//509 505//505 510//510
f 505//505 504//504 510//510
f 508//508 507//507 512//512
f 515//515 516//516 517//517
f 513//513 512//512 507//507
f 511//511 510//510 514//514
f 509//509 511//511 518//518
f 518//518 519//519 509//509
f 520//520 509//509 519//519
f 521//521 520//520 519//519
f 510//510 511//511 509//509
f 515//515 522//522 523//523
f 515//515 517//517 522//522
f 520//520 521//521 524//524
f 524//524 525//525 520//520
f 526//526 525//525 524//524
f 522//522 511//511 514//514
f 522//522 514//514 523//523
f 527//527 528//528 529//529
f 530//530 531//531 532//532
f 533//533 532//532 529//529
f 528//528 533//533 529//529
f 533//533 530//530 532//532
f 513//513 528//528 527//527
f 534//534 531//531 530//530
f 531//531 516//516 515//515
f 536//536 537//537 535//535
f 537//537 525//525 526//526
f 516//516 531//531 535//535
f 525//525 537//537 538//538
f 536//536 538//538 537//537
f 536//536 535//535 539//539
f 534//534 539//539 535//535
f 535//535 531//531 534//534
f 527//527 512//512 513//513
f 545//545 543//543 546//546
f 546//546 547//547 545//545
f 544//544 543//543 545//545
f 548//548 549//549 547//547
f 548//548 547//547 546//546
f 548//548 550//550 551//551
f 548//548 551//551 549//549
f 558//558 563//563 564//564
f 568//568 569//569 570//570
f 569//569 571//571 570//570
f 572//572 571//571 573//573
f 574//574 572//572 573//573
f 576//576 577//577 578//578
f 577//577 579//579 578//578
f 579//579 580//580 581//581
f 581//581 580//580 582//582
f 588//588 587//587 589//589
f 592//592 591//591 590//590
f 608//608 609//609 607//607
f 607//607 606//606 608//608
f 630//630 631//631 632//632
f 634//634 636//636 635//635
f 638//638 639//639 640//640
f 638//638 640//640 641//641
f 637//637 638//638 641//641
f 645//645 644//644 643//643
f 637//637 634//634 635//635
f 640//640 639//639 645//645
f 646//646 643//643 642//642
f 633//633 647//647 632//632
f 635//635 636//636 647//647
f 631//631 633//633 632//632
f 635//635 647//647 633//633
f 635//635 638//638 637//637
f 644//644 645//645 639//639
f 644//644 642//642 643//643
f 646//646 648//648 649//649
f 651//651 649//649 650//650
f 652//652 653//653 651//651
f 655//655 653//653 656//656
f 648//648 646//646 642//642
f 650//650 649//649 648//648
f 650//650 652//652 651//651
f 654//654 653//653 652//652
f 659//659 655//655 656//656
f 656//656 657//657 659//659
f 656//656 658//658 657//657
f 653//653 654//654 656//656
f 665//665 662//662 660//660
f 663//663 662//662 665//665
f 672//672 667//667 671//671
f 666//666 667//667 672//672
f 674//674 673//673 675//675
f 660//660 670//670 676//676
f 665//665 660//660 676//676
f 675//675 673//673 678//678
f 671//671 674//674 675//675
f 671//671 675//675 679//679
f 682//682 671//671 679//679
f 672//672 671//671 682//682
f 666//666 672//672 683//683
f 683//683 670//670 666//666
f 684//684 678//678 680//680
f 675//675 678//678 684//684
f 685//685 679//679 675//675
f 679//679 685//685 682//682
f 672//672 682//682 686//686
f 683//683 672//672 686//686
f 687//687 670//670 683//683
f 676//676 670//670 687//687
f 663//663 665//665 676//676
f 689//689 675//675 684//684
f 685//685 675//675 689//689
f 664//664 667//667 666//666
f 664//664 666//666 692//692
f 691//691 668//668 693//693
f 669//669 668//668 691//691
f 694//694 668//668 669//669
f 674//674 671//671 667//667
f 693//693 673//673 674//674
f 660//660 662//662 661//661
f 660//660 661//661 664//664
f 660//660 664//664 692//692
f 673//673 693//693 668//668
f 678//678 673//673 681//681
f 668//668 681//681 673//673
f 695//695 680//680 681//681
f 680//680 695//695 696//696
f 680//680 678//678 681//681
f 680//680 696//696 689//689
f 684//684 680//680 689//689
f 683//683 686//686 687//687
f 685//685 686//686 682//682
f 698//698 700//700 701//701
f 698//698 701//701 697//697
f 702//702 699//699 703//703
f 703//703 704//704 702//702
f 700//700 710//710 701//701
f 711//711 699//699 697//697
f 703//703 699//699 711//711
f 704//704 703//703 712//712
f 705//705 704//704 712//712
f 706//706 705//705 707//707
f 701//701 713//713 697//697
f 711//711 697//697 713//713
f 701//701 710//710 713//713
f 703//703 714//714 715//715
f 712//712 703//703 715//715
f 705//705 712//712 716//716
f 705//705 716//716 717//717
f 707//707 705//705 717//717
f 710//710 719//719 720//720
f 720//720 713//713 710//710
f 721//721 711//711 713//713
f 722//722 711//711 721//721
f 722//722 703//703 711//711
f 714//714 703//703 722//722
f 716//716 712//712 715//715
f 713//713 720//720 721//721
f 723//723 708//708 707//707
f 720//720 719//719 724//724
f 722//722 721//721 725//725
f 726//726 714//714 722//722
f 726//726 722//722 725//725
f 715//715 714//714 726//726
f 707//707 717//717 727//727
f 724//724 719//719 728//728
f 720//720 724//724 729//729
f 729//729 721//721 720//720
f 730//730 721//721 729//729
f 725//725 721//721 730//730
f 716//716 715//715 726//726
f 731//731 717//717 716//716
f 717//717 731//731 727//727
f 723//723 707//707 727//727
f 709//709 708//708 723//723
f 725//725 733//733 726//726
f 731//731 716//716 726//726
f 734//734 729//729 724//724
f 730//730 729//729 735//735
f 733//733 725//725 730//730
f 731//731 726//726 737//737
f 738//738 727//727 731//731
f 739//739 724//724 728//728
f 724//724 739//739 734//734
f 735//735 729//729 734//734
f 730//730 735//735 736//736
f 733//733 730//730 736//736
f 726//726 733//733 740//740
f 737//737 726//726 740//740
f 741//741 731//731 737//737
f 738//738 731//731 741//741
f 709//709 723//723 742//742
f 734//734 739//739 743//743
f 735//735 734//734 743//743
f 736//736 735//735 744//744
f 733//733 736//736 744//744
f 740//740 733//733 744//744
f 745//745 737//737 740//740
f 741//741 737//737 745//745
f 747//747 735//735 743//743
f 744//744 735//735 747//747
f 745//745 740//740 748//748
f 738//738 741//741 749//749
f 723//723 727//727 742//742
f 740//740 744//744 750//750
f 748//748 740//740 750//750
f 749//749 741//741 745//745
f 727//727 738//738 749//749
f 727//727 749//749 751//751
f 742//742 727//727 751//751
f 739//739 746//746 753//753
f 743//743 739//739 753//753
f 743//743 754//754 747//747
f 750//750 744//744 747//747
f 745//745 748//748 755//755
f 743//743 753//753 754//754
f 750//750 747//747 754//754
f 748//748 750//750 756//756
f 749//749 745//745 755//755
f 751//751 749//749 757//757
f 750//750 754//754 758//758
f 748//748 756//756 759//759
f 759//759 755//755 748//748
f 757//757 749//749 755//755
f 753//753 746//746 760//760
f 754//754 753//753 761//761
f 758//758 754//754 761//761
f 762//762 750//750 758//758
f 756//756 750//750 762//762
f 759//759 756//756 763//763
f 757//757 755//755 759//759
f 761//761 753//753 760//760
f 762//762 758//758 761//761
f 763//763 756//756 762//762
f 757//757 759//759 764//764
f 757//757 764//764 765//765
f 766//766 746//746 752//752
f 766//766 752//752 767//767
f 766//766 760//760 746//746
f 759//759 763//763 769//769
f 764//764 759//759 769//769
f 751//751 757//757 765//765
f 742//742 751//751 770//770
f 761//761 760//760 768//768
f 771//771 761//761 768//768
f 762//762 761//761 771//771
f 760//760 766//766 773//773
f 768//768 760//760 773//773
f 774//774 762//762 771//771
f 774//774 763//763 762//762
f 769//769 763//763 774//774
f 775//775 765//765 764//764
f 776//776 751//751 765//765
f 770//770 751//751 776//776
f 772//772 766//766 767//767
f 773//773 766//766 772//772
f 777//777 768//768 773//773
f 771//771 768//768 777//777
f 778//778 769//769 774//774
f 764//764 769//769 778//778
f 765//765 775//775 776//776
f 764//764 778//778 779//779
f 764//764 779//779 775//775
f 772//772 767//767 780//780
f 781//781 773//773 772//772
f 781//781 777//777 773//773
f 771//771 777//777 782//782
f 777//777 781//781 782//782
f 782//782 774//774 771//771
f 774//774 782//782 778//778
f 772//772 780//780 783//783
f 781//781 772//772 783//783
f 784//784 782//782 781//781
f 785//785 778//778 782//782
f 778//778 785//785 786//786
f 779//779 778//778 786//786
f 787//787 775//775 779//779
f 781//781 783//783 788//788
f 784//784 781//781 788//788
f 785//785 782//782 784//784
f 787//787 779//779 786//786
f 789//789 775//775 787//787
f 789//789 776//776 775//775
f 776//776 789//789 790//790
f 770//770 776//776 790//790
f 783//783 780//780 791//791
f 792//792 784//784 788//788
f 785//785 784//784 792//792
f 785//785 792//792 793//793
f 785//785 793//793 794//794
f 794//794 786//786 785//785
f 795//795 786//786 794//794
f 795//795 787//787 786//786
f 789//789 787//787 795//795
f 796//796 788//788 783//783
f 788//788 796//796 797//797
f 788//788 797//797 792//792
f 790//790 789//789 798//798
f 783//783 791//791 796//796
f 793//793 792//792 801//801
f 792//792 797//797 801//801
f 802//802 794//794 793//793
f 795//795 794//794 802//802
f 789//789 795//795 798//798
f 796//796 791//791 800//800
f 793//793 801//801 803//803
f 802//802 793//793 803//803
f 796//796 800//800 804//804
f 805//805 803//803 801//801
f 795//795 802//802 806//806
f 795//795 806//806 807//807
f 807//807 798//798 795//795
f 808//808 796//796 804//804
f 808//808 797//797 796//796
f 801//801 797//797 805//805
f 809//809 802//802 803//803
f 806//806 802//802 809//809
f 810//810 804//804 800//800
f 811//811 797//797 808//808
f 797//797 811//811 805//805
f 803//803 805//805 812//812
f 809//809 803//803 812//812
f 813//813 790//790 798//798
f 799//799 790//790 813//813
f 811//811 812//812 805//805
f 806//806 809//809 814//814
f 815//815 807//807 806//806
f 816//816 807//807 815//815
f 798//798 807//807 816//816
f 798//798 816//816 813//813
f 808//808 804//804 810//810
f 810//810 800//800 817//817
f 818//818 808//808 810//810
f 820//820 813//813 816//816
f 820//820 816//816 821//821
f 822//822 810//810 817//817
f 819//819 813//813 820//820
f 819//819 820//820 823//823
f 728//728 746//746 739//739
f 752//752 746//746 728//728
f 699//699 698//698 697//697
f 704//704 705//705 706//706
f 706//706 707//707 708//708
f 791//791 780//780 800//800
f 814//814 809//809 812//812
f 808//808 818//818 811//811
f 818//818 810//810 822//822
f 819//819 799//799 813//813
f 815//815 806//806 814//814
f 799//799 770//770 790//790
f 821//821 816//816 815//815
f 824//824 820//820 821//821
f 823//823 820//820 824//824
f 829//829 830//830 831//831
f 833//833 827//827 828//828
f 833//833 828//828 834//834
f 834//834 828//828 829//829
f 834//834 829//829 831//831
f 832//832 831//831 830//830
f 833//833 836//836 827//827
f 838//838 836//836 833//833
f 838//838 833//833 834//834
f 839//839 838//838 834//834
f 839//839 834//834 831//831
f 840//840 837//837 836//836
f 840//840 836//836 841//841
f 841//841 836//836 838//838
f 842//842 839//839 831//831
f 841//841 838//838 843//843
f 843//843 838//838 839//839
f 844//844 842//842 831//831
f 844//844 831//831 832//832
f 845//845 837//837 840//840
f 846//846 843//843 839//839
f 842//842 846//846 839//839
f 847//847 845//845 840//840
f 840//840 841//841 847//847
f 848//848 841//841 843//843
f 846//846 848//848 843//843
f 844//844 846//846 842//842
f 844//844 832//832 849//849
f 849//849 832//832 835//835
f 850//850 847//847 841//841
f 841//841 848//848 850//850
f 847//847 850//850 851//851
f 848//848 852//852 850//850
f 852//852 848//848 846//846
f 852//852 846//846 853//853
f 853//853 846//846 844//844
f 851//851 850//850 854//854
f 852//852 854//854 850//850
f 853//853 844//844 849//849
f 855//855 849//849 835//835
f 854//854 852//852 856//856
f 856//856 852//852 853//853
f 855//855 853//853 849//849
f 855//855 856//856 853//853
f 827//827 836//836 837//837
f 830//830 835//835 832//832
f 851//851 845//845 847//847
f 859//859 857//857 860//860
f 860//860 857//857 858//858
f 861//861 860//860 862//862
f 864//864 863//863 862//862
f 865//865 863//863 864//864
f 866//866 865//865 864//864
f 867//867 865//865 866//866
f 866//866 868//868 867//867
f 869//869 868//868 866//866
f 871//871 870//870 869//869
f 861//861 859//859 860//860
f 863//863 861//861 862//862
f 869//869 870//870 868//868
f 875//875 874//874 876//876
f 877//877 875//875 876//876
f 878//878 879//879 875//875
f 878//878 875//875 877//877
f 881//881 880//880 882//882
f 882//882 883//883 881//881
f 883//883 882//882 884//884
f 883//883 884//884 885//885
f 886//886 883//883 885//885
f 874//874 873//873 887//887
f 874//874 875//875 873//873
f 880//880 881//881 879//879
f 879//879 878//878 880//880
f 889//889 891//891 888//888
f 892//892 891//891 889//889
f 891//891 892//892 893//893
f 893//893 894//894 891//891
f 894//894 893//893 895//895
f 896//896 894//894 895//895
f 897//897 896//896 898//898
f 899//899 897//897 898//898
f 899//899 898//898 900//900
f 901//901 899//899 900//900
f 896//896 897//897 894//894
f 888//888 890//890 889//889
f 901//901 902//902 899//899
f 904//904 905//905 903//903
f 906//906 905//905 904//904
f 906//906 904//904 907//907
f 908//908 906//906 907//907
f 909//909 908//908 907//907
f 910//910 909//909 907//907
f 912//912 911//911 910//910
f 913//913 911//911 912//912
f 914//914 913//913 912//912
f 911//911 909//909 910//910
f 916//916 924//924 925//925
f 925//925 924//924 918//918
f 918//918 917//917 925//925
f 917//917 926//926 927//927
f 920//920 919//919 927//927
f 926//926 917//917 918//918
f 920//920 927//927 926//926
f 929//929 921//921 928//928
f 929//929 928//928 919//919
f 930//930 931//931 922//922
f 919//919 920//920 929//929
f 930//930 922//922 921//921
f 931//931 930//930 923//923
f 933//933 932//932 934//934
f 935//935 936//936 937//937
f 935//935 937//937 934//934
f 934//934 932//932 935//935
f 936//936 938//938 937//937
f 941//941 940//940 942//942
f 938//938 939//939 941//941
f 943//943 942//942 944//944
f 946//946 945//945 947//947
f 946//946 943//943 944//944
f 938//938 936//936 939//939
f 941//941 939//939 940//940
f 942//942 940//940 948//948
f 942//942 948//948 944//944
f 946//946 944//944 945//945
f 947//947 945//945 949//949
f 950//950 947//947 949//949
f 950//950 949//949 951//951
f 951//951 952//952 953//953
f 951//951 953//953 950//950
f 954//954 953//953 952//952
f 957//957 956//956 958//958
f 955//955 957//957 954//954
f 959//959 958//958 960//960
f 960//960 961//961 959//959
f 962//962 961//961 963//963
f 962//962 963//963 964//964
f 962//962 959//959 961//961
f 955//955 954//954 952//952
f 957//957 955//955 956//956
f 958//958 956//956 965//965
f 958//958 965//965 960//960
f 1010//1010 1011//1011 1012//1012
f 1013//1013 1010//1010 1012//1012
f 1013//1013 1012//1012 1015//1015
f 1014//1014 1013//1013 1015//1015
f 1015//1015 1016//1016 1014//1014
f 1015//1015 1017//1017 1016//1016
f 1020//1020 1019//1019 1018//1018
f 1024//1024 1025//1025 1022//1022
f 1023//1023 1022//1022 1021//1021
f 1024//1024 1022//1022 1023//1023
f 1029//1029 1031//1031 1030//1030
f 1030//1030 1028//1028 1029//1029
f 1031//1031 1032//1032 1030//1030
f 1041//1041 1042//1042 1043//1043
f 1041//1041 1043//1043 1044//1044
f 1044//1044 1043//1043 1045//1045
f 1044//1044 1045//1045 1046//1046
f 1046//1046 1045//1045 1047//1047
f 1047//1047 1049//1049 1048//1048
f 1047//1047 1048//1048 1046//1046
f 1051//1051 1053//1053 1052//1052
f 1050//1050 1049//1049 1051//1051
f 1050//1050 1051//1051 1052//1052
f 1054//1054 1055//1055 1053//1053
f 1056//1056 1057//1057 1058//1058
f 1056//1056 1058//1058 1055//1055
f 1055//1055 1054//1054 1056//1056
f 1051//1051 1054//1054 1053//1053
f 1049//1049 1050//1050 1048//1048
f 1061//1061 1059//1059 1062//1062
f 1059//1059 1060//1060 1062//1062
f 1063//1063 1064//1064 1061//1061
f 1064//1064 1065//1065 1066//1066
f 1065//1065 1067//1067 1066//1066
f 1064//1064 1063//1063 1065//1065
f 1062//1062 1063//1063 1061//1061
f 1068//1068 1067//1067 1069//1069
f 1070//1070 1068//1068 1069//1069
f 1070//1070 1069//1069 1071//1071
f 1075//1075 1076//1076 1077//1077
f 1075//1075 1077//1077 1074//1074
f 1074//1074 1072//1072 1073//1073
f 1074//1074 1073//1073 1075//1075
f 1070//1070 1071//1071 1073//1073
f 1070//1070 1073//1073 1072//1072
f 1067//1067 1068//1068 1066//1066
f 1059//1059 1058//1058 1057//1057
f 1059//1059 1057//1057 1060//1060
f 1079//1079 1080//1080 1081//1081
f 1081//1081 1078//1078 1079//1079
f 1080//1080 1082//1082 1081//1081
f 1080//1080 1083//1083 1082//1082
f 1082//1082 1083//1083 1084//1084
f 1085//1085 1086//1086 1087//1087
f 1086//1086 1088//1088 1087//1087
f 1089//1089 1090//1090 1088//1088
f 1089//1089 1088//1088 1086//1086
f 1089//1089 1091//1091 1090//1090
f 1093//1093 1094//1094 1095//1095
f 1093//1093 1095//1095 1092//1092
f 1092//1092 1090//1090 1091//1091
f 1092//1092 1091//1091 1093//1093
f 1096//1096 1097//1097 1094//1094
f 1094//1094 1097//1097 1095//1095
f 1099//1099 1100//1100 1101//1101
f 1099//1099 1101//1101 1098//1098
f 1098//1098 1097//1097 1096//1096
f 1098//1098 1096//1096 1099//1099
f 1100//1100 1102//1102 1103//1103
f 1100//1100 1103//1103 1101//1101
f 1104//1104 1103//1103 1102//1102
f 1104//1104 1102//1102 1105//1105
f 1107//1107 1108//1108 1106//1106
f 1107//1107 1106//1106 1105//1105
f 1105//1105 1106//1106 1104//1104
f 1107//1107 1109//1109 1110//1110
f 1107//1107 1110//1110 1108//1108
f 1109//1109 1111//1111 1112//1112
f 1109//1109 1112//1112 1110//1110
f 1111//1111 1113//1113 1112//1112
f 1111//1111 1114//1114 1113//1113
f 1114//1114 1115//1115 1116//1116
f 1114//1114 1116//1116 1113//1113
f 1115//1115 1117//1117 1116//1116
f 1115//1115 1118//1118 1117//1117
f 1118//1118 1119//1119 1120//1120
f 1118//1118 1120//1120 1117//1117
f 1122//1122 1123//1123 1121//1121
f 1122//1122 1121//1121 1119//1119
f 1124//1124 1123//1123 1122//1122
f 1125//1125 1126//1126 1123//1123
f 1125//1125 1123//1123 1124//1124
f 1127//1127 1128//1128 1126//1126
f 1127//1127 1126//1126 1125//1125
f 1131//1131 1132//1132 1130//1130
f 1131//1131 1130//1130 1129//1129
f 1129//1129 1130//1130 1128//1128
f 1129//1129 1128//1128 1127//1127
f 1119//1119 1121//1121 1120//1120
f 1136//1136 1140//1140 1138//1138
f 1140//1140 1141//1141 1138//1138
f 1143//1143 1142//1142 1141//1141
f 1148//1148 1142//1142 1143//1143
f 1149//1149 1151//1151 1154//1154
f 1174//1174 1172//1172 1173//1173
f 1173//1173 1175//1175 1176//1176
f 1173//1173 1172//1172 1175//1175
f 1180//1180 1179//1179 1178//1178
f 1177//1177 1174//1174 1178//1178
f 1177//1177 1172//1172 1174//1174
f 1178//1178 1179//1179 1177//1177
f 1176//1176 1182//1182 1181//1181
f 1182//1182 1176//1176 1175//1175
f 1183//1183 1181//1181 1182//1182
f 1183//1183 1184//1184 1181//1181
f 1183//1183 1185//1185 1184//1184
f 1186//1186 1179//1179 1180//1180
f 1187//1187 1179//1179 1186//1186
f 1188//1188 1189//1189 1187//1187
f 1188//1188 1187//1187 1186//1186
f 1191//1191 1185//1185 1192//1192
f 1184//1184 1185//1185 1190//1190
f 1190//1190 1185//1185 1191//1191
f 1193//1193 1192//1192 1189//1189
f 1188//1188 1193//1193 1189//1189
f 1193//1193 1191//1191 1192//1192
f 1199//1199 1195//1195 1194//1194
f 1196//1196 1195//1195 1199//1199
f 1200//1200 1197//1197 1196//1196
f 1200//1200 1196//1196 1199//1199
f 1198//1198 1197//1197 1200//1200
f 1201//1201 1198//1198 1200//1200
f 1200//1200 1199//1199 1202//1202
f 1201//1201 1200//1200 1203//1203
f 1199//1199 1194//1194 1204//1204
f 1202//1202 1199//1199 1204//1204
f 1203//1203 1200//1200 1205//1205
f 1202//1202 1204//1204 1206//1206
f 1200//1200 1202//1202 1207//1207
f 1205//1205 1200//1200 1208//1208
f 1207//1207 1202//1202 1206//1206
f 1208//1208 1200//1200 1207//1207
f 1207//1207 1206//1206 1209//1209
f 1211//1211 1208//1208 1207//1207
f 1211//1211 1207//1207 1209//1209
f 1208//1208 1211//1211 1212//1212
f 1210//1210 1208//1208 1212//1212
f 1213//1213 1210//1210 1212//1212
f 1214//1214 1209//1209 1215//1215
f 1214//1214 1211//1211 1209//1209
f 1195//1195 1196//1196 1197//1197
f 1206//1206 1204//1204 1209//1209
f 1210//1210 1205//1205 1208//1208
f 1211//1211 1214//1214 1212//1212
f 1219//1219 1218//1218 1217//1217
f 1218//1218 1219//1219 1220//1220
f 1220//1220 1219//1219 1221//1221
f 1220//1220 1221//1221 1222//1222
f 1219//1219 1223//1223 1221//1221
f 1222//1222 1221//1221 1224//1224
f 1221//1221 1223//1223 1225//1225
f 1224//1224 1221//1221 1225//1225
f 1225//1225 1223//1223 1226//1226
f 1227//1227 1224//1224 1225//1225
f 1226//1226 1228//1228 1229//1229
f 1225//1225 1226//1226 1229//1229
f 1230//1230 1227//1227 1225//1225
f 1229//1229 1228//1228 1232//1232
f 1232//1232 1228//1228 1231//1231
f 1225//1225 1229//1229 1233//1233
f 1230//1230 1225//1225 1233//1233
f 1218//1218 1216//1216 1217//1217
f 1223//1223 1228//1228 1226//1226
f 1229//1229 1232//1232 1233//1233
f 1247//1247 1250//1250 1248//1248
f 1250//1250 1249//1249 1248//1248
f 1277//1277 1276//1276 1280//1280
f 1277//1277 1280//1280 1278//1278
f 1280//1280 1276//1276 1279//1279
f 1279//1279 1282//1282 1283//1283
f 1278//1278 1280//1280 1284//1284
f 1278//1278 1284//1284 1285//1285
f 1285//1285 1281//1281 1278//1278
f 1281//1281 1286//1286 1287//1287
f 1283//1283 1282//1282 1289//1289
f 1290//1290 1280//1280 1279//1279
f 1280//1280 1290//1290 1291//1291
f 1284//1284 1280//1280 1291//1291
f 1292//1292 1284//1284 1291//1291
f 1292//1292 1285//1285 1284//1284
f 1288//1288 1287//1287 1293//1293
f 1290//1290 1279//1279 1283//1283
f 1294//1294 1285//1285 1292//1292
f 1295//1295 1285//1285 1294//1294
f 1281//1281 1285//1285 1295//1295
f 1286//1286 1281//1281 1296//1296
f 1293//1293 1287//1287 1297//1297
f 1288//1288 1293//1293 1298//1298
f 1296//1296 1281//1281 1295//1295
f 1296//1296 1287//1287 1286//1286
f 1297//1297 1287//1287 1296//1296
f 1299//1299 1292//1292 1291//1291
f 1292//1292 1299//1299 1294//1294
f 1301//1301 1283//1283 1289//1289
f 1290//1290 1283//1283 1301//1301
f 1299//1299 1291//1291 1290//1290
f 1289//1289 1300//1300 1301//1301
f 1299//1299 1290//1290 1301//1301
f 1289//1289 1282//1282 1302//1302
f 1289//1289 1302//1302 1300//1300
f 1305//1305 1306//1306 1307//1307
f 1307//1307 1306//1306 1308//1308
f 1309//1309 1308//1308 1306//1306
f 1311//1311 1310//1310 1305//1305
f 1312//1312 1308//1308 1309//1309
f 1313//1313 1312//1312 1309//1309
f 1313//1313 1314//1314 1312//1312
f 1314//1314 1313//1313 1315//1315
f 1311//1311 1316//1316 1310//1310
f 1316//1316 1311//1311 1317//1317
f 1317//1317 1318//1318 1316//1316
f 1319//1319 1316//1316 1318//1318
f 1320//1320 1319//1319 1318//1318
f 1321//1321 1322//1322 1314//1314
f 1321//1321 1314//1314 1315//1315
f 1323//1323 1319//1319 1320//1320
f 1321//1321 1320//1320 1322//1322
f 1321//1321 1323//1323 1320//1320
f 1325//1325 1324//1324 1326//1326
f 1326//1326 1328//1328 1327//1327
f 1326//1326 1327//1327 1325//1325
f 1331//1331 1329//1329 1332//1332
f 1332//1332 1329//1329 1330//1330
f 1330//1330 1329//1329 1333//1333
f 1333//1333 1334//1334 1330//1330
f 1335//1335 1332//1332 1336//1336
f 1335//1335 1331//1331 1332//1332
f 1335//1335 1336//1336 1337//1337
f 1337//1337 1336//1336 1338//1338
f 1339//1339 1337//1337 1338//1338
f 1341//1341 1334//1334 1340//1340
f 1341//1341 1340//1340 1342//1342
f 1333//1333 1340//1340 1334//1334
f 1342//1342 1344//1344 1343//1343
f 1342//1342 1343//1343 1341//1341
f 1345//1345 1339//1339 1338//1338
f 1346//1346 1347//1347 1343//1343
f 1346//1346 1339//1339 1347//1347
f 1346//1346 1343//1343 1344//1344
f 1345//1345 1347//1347 1339//1339
f 1349//1349 1348//1348 1350//1350
f 1350//1350 1351//1351 1349//1349
f 1352//1352 1351//1351 1350//1350
f 1349//1349 1353//1353 1348//1348
f 1351//1351 1352//1352 1354//1354
f 1354//1354 1355//1355 1351//1351
f 1356//1356 1355//1355 1354//1354
f 1356//1356 1357//1357 1355//1355
f 1359//1359 1360//1360 1358//1358
f 1360//1360 1361//1361 1362//1362
f 1361//1361 1363//1363 1362//1362
f 1360//1360 1362//1362 1358//1358
f 1361//1361 1364//1364 1365//1365
f 1361//1361 1365//1365 1363//1363
f 1366//1366 1367//1367 1364//1364
f 1364//1364 1367//1367 1365//1365
f 1366//1366 1368//1368 1367//1367
f 1384//1384 1385//1385 1382//1382
f 1384//1384 1382//1382 1383//1383
f 1401//1401 1400//1400 1399//1399
f 1402//1402 1401//1401 1399//1399
f 1405//1405 1404//1404 1403//1403
f 1407//1407 1406//1406 1405//1405
f 1405//1405 1406//1406 1404//1404
f 1407//1407 1409//1409 1408//1408
f 1408//1408 1409//1409 1410//1410
f 1406//1406 1407//1407 1408//1408
f 1412//1412 1411//1411 1413//1413
f 1414//1414 1413//1413 1415//1415
f 1417//1417 1416//1416 1415//1415
f 1416//1416 1414//1414 1415//1415
f 1420//1420 1421//1421 1418//1418
f 1412//1412 1413//1413 1414//1414
f 1417//1417 1419//1419 1416//1416
f 1419//1419 1417//1417 1418//1418
f 1418//1418 1421//1421 1419//1419
f 1423//1423 1422//1422 1420//1420
f 1420//1420 1422//1422 1421//1421
f 1424//1424 1422//1422 1423//1423
f 1426//1426 1425//1425 1424//1424
f 1422//1422 1424//1424 1425//1425
f 1427//1427 1425//1425 1426//1426
f 1426//1426 1428//1428 1429//1429
f 1426//1426 1429//1429 1427//1427
f 1432//1432 1433//1433 1431//1431
f 1432//1432 1431//1431 1430//1430
f 1436//1436 1437//1437 1435//1435
f 1436//1436 1435//1435 1434//1434
f 1434//1434 1435//1435 1433//1433
f 1434//1434 1433//1433 1432//1432
f 1438//1438 1439//1439 1436//1436
f 1438//1438 1440//1440 1439//1439
f 1443//1443 1444//1444 1445//1445
f 1443//1443 1445//1445 1442//1442
f 1443//1443 1442//1442 1441//1441
f 1441//1441 1442//1442 1440//1440
f 1441//1441 1440//1440 1438//1438
f 1436//1436 1439//1439 1437//1437
f 1444//1444 1446//1446 1445//1445
f 1447//1447 1448//1448 1446//1446
f 1447//1447 1449//1449 1450//1450
f 1447//1447 1450//1450 1448//1448
f 1449//1449 1451//1451 1452//1452
f 1449//1449 1452//1452 1450//1450
f 1451//1451 1453//1453 1454//1454
f 1451//1451 1454//1454 1452//1452
f 1453//1453 1455//1455 1454//1454
f 1456//1456 1457//1457 1455//1455
f 1455//1455 1457//1457 1454//1454
f 1456//1456 1458//1458 1459//1459
f 1456//1456 1459//1459 1457//1457
f 1460//1460 1461//1461 1458//1458
f 1458//1458 1461//1461 1459//1459
f 1446//1446 1444//1444 1447//1447
f 1463//1463 1464//1464 1465//1465
f 1463//1463 1465//1465 1462//1462
f 1464//1464 1466//1466 1465//1465
f 1467//1467 1466//1466 1464//1464
f 1467//1467 1468//1468 1469//1469
f 1467//1467 1469//1469 1466//1466
f 1469//1469 1468//1468 1470//1470
f 1469//1469 1470//1470 1471//1471
f 1470//1470 1472//1472 1471//1471
f 1474//1474 1476//1476 1475//1475
f 1477//1477 1478//1478 1476//1476
f 1477//1477 1476//1476 1474//1474
f 1474//1474 1475//1475 1473//1473
f 1474//1474 1473//1473 1472//1472
f 1473//1473 1471//1471 1472//1472
f 1481//1481 1479//1479 1480//1480
f 1482//1482 1479//1479 1481//1481
f 1483//1483 1480//1480 1484//1484
f 1483//1483 1481//1481 1480//1480
f 1485//1485 1482//1482 1481//1481
f 1486//1486 1485//1485 1481//1481
f 1483//1483 1486//1486 1481//1481
f 1486//1486 1483//1483 1487//1487
f 1487//1487 1485//1485 1486//1486
f 1490//1490 1488//1488 1485//1485
f 1490//1490 1485//1485 1487//1487
f 1491//1491 1487//1487 1489//1489
f 1491//1491 1490//1490 1487//1487
f 1492//1492 1488//1488 1490//1490
f 1492//1492 1490//1490 1493//1493
f 1483//1483 1489//1489 1487//1487
f 1493//1493 1490//1490 1491//1491
f 1495//1495 1497//1497 1494//1494
f 1500//1500 1497//1497 1495//1495
f 1498//1498 1497//1497 1500//1500
f 1499//1499 1500//1500 1495//1495
f 1500//1500 1501//1501 1498//1498
f 1502//1502 1500//1500 1499//1499
f 1503//1503 1501//1501 1500//1500
f 1502//1502 1503//1503 1500//1500
f 1504//1504 1501//1501 1503//1503
f 1502//1502 1504//1504 1503//1503
f 1507//1507 1504//1504 1502//1502
f 1506//1506 1504//1504 1507//1507
f 1505//1505 1507//1507 1502//1502
f 1508//1508 1507//1507 1505//1505
f 1507//1507 1509//1509 1506//1506
f 1496//1496 1495//1495 1494//1494
f 1494//1494 1497//1497 1498//1498
f 1499//1499 1495//1495 1496//1496
f 1499//1499 1510//1510 1502//1502
f 1504//1504 1506//1506 1501//1501
f 1508//1508 1509//1509 1507//1507
f 1514//1514 1512//1512 1513//1513
f 1513//1513 1512//1512 1523//1523
f 1514//1514 1513//1513 1524//1524
f 1524//1524 1515//1515 1514//1514
f 1516//1516 1515//1515 1524//1524
f 1517//1517 1516//1516 1525//1525
f 1526//1526 1518//1518 1517//1517
f 1519//1519 1518//1518 1526//1526
f 1527//1527 1517//1517 1525//1525
f 1526//1526 1517//1517 1527//1527
f 1519//1519 1526//1526 1528//1528
f 1520//1520 1519//1519 1528//1528
f 1525//1525 1516//1516 1524//1524
f 1526//1526 1527//1527 1528//1528
f 1520//1520 1528//1528 1529//1529
f 1529//1529 1521//1521 1520//1520
f 1522//1522 1521//1521 1530//1530
f 1525//1525 1524//1524 1531//1531
f 1527//1527 1525//1525 1531//1531
f 1528//1528 1527//1527 1532//1532
f 1523//1523 1512//1512 1511//1511
f 1528//1528 1532//1532 1533//1533
f 1529//1529 1528//1528 1533//1533
f 1521//1521 1529//1529 1530//1530
f 1534//1534 1524//1524 1513//1513
f 1534//1534 1513//1513 1523//1523
f 1531//1531 1524//1524 1534//1534
f 1527//1527 1531//1531 1535//1535
f 1527//1527 1535//1535 1532//1532
f 1530//1530 1529//1529 1536//1536
f 1538//1538 1531//1531 1534//1534
f 1535//1535 1531//1531 1538//1538
f 1529//1529 1533//1533 1536//1536
f 1523//1523 1511//1511 1537//1537
f 1523//1523 1537//1537 1534//1534
f 1533//1533 1532//1532 1539//1539
f 1536//1536 1533//1533 1540//1540
f 1537//1537 1511//1511 1541//1541
f 1534//1534 1537//1537 1542//1542
f 1538//1538 1534//1534 1542//1542
f 1542//1542 1537//1537 1543//1543
f 1544//1544 1536//1536 1540//1540
f 1544//1544 1530//1530 1536//1536
f 1522//1522 1530//1530 1544//1544
f 1543//1543 1537//1537 1541//1541
f 1544//1544 1540//1540 1545//1545
f 1544//1544 1545//1545 1547//1547
f 1522//1522 1544//1544 1548//1548
f 1542//1542 1543//1543 1549//1549
f 1546//1546 1542//1542 1549//1549
f 1541//1541 1511//1511 1551//1551
f 1553//1553 1546//1546 1549//1549
f 1547//1547 1545//1545 1550//1550
f 1548//1548 1544//1544 1547//1547
f 1543//1543 1541//1541 1555//1555
f 1549//1549 1543//1543 1555//1555
f 1550//1550 1554//1554 1557//1557
f 1554//1554 1556//1556 1557//1557
f 1547//1547 1550//1550 1558//1558
f 1555//1555 1541//1541 1551//1551
f 1553//1553 1549//1549 1555//1555
f 1556//1556 1553//1553 1559//1559
f 1559//1559 1553//1553 1555//1555
f 1556//1556 1559//1559 1560//1560
f 1556//1556 1560//1560 1557//1557
f 1550//1550 1557//1557 1561//1561
f 1550//1550 1561//1561 1562//1562
f 1558//1558 1550//1550 1562//1562
f 1560//1560 1559//1559 1563//1563
f 1564//1564 1547//1547 1558//1558
f 1565//1565 1557//1557 1560//1560
f 1561//1561 1557//1557 1565//1565
f 1548//1548 1547//1547 1564//1564
f 1567//1567 1555//1555 1551//1551
f 1568//1568 1559//1559 1555//1555
f 1560//1560 1563//1563 1569//1569
f 1565//1565 1560//1560 1569//1569
f 1564//1564 1558//1558 1562//1562
f 1555//1555 1567//1567 1568//1568
f 1563//1563 1559//1559 1568//1568
f 1570//1570 1561//1561 1565//1565
f 1562//1562 1561//1561 1570//1570
f 1562//1562 1570//1570 1564//1564
f 1563//1563 1568//1568 1572//1572
f 1573//1573 1569//1569 1563//1563
f 1565//1565 1569//1569 1570//1570
f 1567//1567 1551//1551 1574//1574
f 1572//1572 1568//1568 1567//1567
f 1563//1563 1572//1572 1573//1573
f 1570//1570 1569//1569 1573//1573
f 1564//1564 1570//1570 1575//1575
f 1548//1548 1564//1564 1576//1576
f 1577//1577 1573//1573 1572//1572
f 1570//1570 1573//1573 1578//1578
f 1522//1522 1548//1548 1576//1576
f 1551//1551 1511//1511 1574//1574
f 1578//1578 1573//1573 1577//1577
f 1570//1570 1578//1578 1579//1579
f 1579//1579 1575//1575 1570//1570
f 1576//1576 1564//1564 1575//1575
f 1567//1567 1574//1574 1580//1580
f 1577//1577 1572//1572 1581//1581
f 1580//1580 1572//1572 1567//1567
f 1581//1581 1572//1572 1580//1580
f 1577//1577 1581//1581 1582//1582
f 1578//1578 1577//1577 1582//1582
f 1578//1578 1582//1582 1583//1583
f 1579//1579 1578//1578 1583//1583
f 1575//1575 1579//1579 1584//1584
f 1576//1576 1575//1575 1584//1584
f 1586//1586 1574//1574 1511//1511
f 1582//1582 1581//1581 1587//1587
f 1579//1579 1583//1583 1588//1588
f 1579//1579 1588//1588 1584//1584
f 1589//1589 1581//1581 1580//1580
f 1587//1587 1581//1581 1589//1589
f 1580//1580 1574//1574 1586//1586
f 1585//1585 1576//1576 1584//1584
f 1576//1576 1585//1585 1522//1522
f 1589//1589 1580//1580 1591//1591
f 1592//1592 1587//1587 1589//1589
f 1589//1589 1591//1591 1592//1592
f 1584//1584 1588//1588 1593//1593
f 1584//1584 1593//1593 1594//1594
f 1585//1585 1584//1584 1594//1594
f 1591//1591 1580//1580 1586//1586
f 1515//1515 1516//1516 1517//1517
f 1542//1542 1546//1546 1538//1538
f 1519//1519 1520//1520 1521//1521
f 1532//1532 1535//1535 1539//1539
f 1533//1533 1539//1539 1540//1540
f 1546//1546 1553//1553 1595//1595
f 1595//1595 1553//1553 1556//1556
f 1595//1595 1556//1556 1554//1554
f 1582//1582 1587//1587 1588//1588
f 1583//1583 1582//1582 1588//1588
f 1554//1554 1550//1550 1545//1545
f 1602//1602 1600//1600 1601//1601
f 1606//1606 1599//1599 1598//1598
f 1599//1599 1606//1606 1607//1607
f 1608//1608 1599//1599 1607//1607
f 1610//1610 1602//1602 1601//1601
f 1603//1603 1602//1602 1610//1610
f 1604//1604 1603//1603 1610//1610
f 1613//1613 1607//1607 1606//1606
f 1611//1611 1608//1608 1607//1607
f 1614//1614 1609//1609 1612//1612
f 1601//1601 1609//1609 1614//1614
f 1613//1613 1606//1606 1598//1598
f 1610//1610 1601//1601 1616//1616
f 1607//1607 1613//1613 1615//1615
f 1615//1615 1611//1611 1607//1607
f 1612//1612 1611//1611 1615//1615
f 1616//1616 1601//1601 1614//1614
f 1618//1618 1598//1598 1597//1597
f 1613//1613 1598//1598 1618//1618
f 1612//1612 1615//1615 1619//1619
f 1620//1620 1612//1612 1619//1619
f 1620//1620 1614//1614 1612//1612
f 1615//1615 1613//1613 1621//1621
f 1615//1615 1621//1621 1619//1619
f 1622//1622 1614//1614 1620//1620
f 1622//1622 1616//1616 1614//1614
f 1610//1610 1616//1616 1623//1623
f 1604//1604 1610//1610 1617//1617
f 1624//1624 1613//1613 1618//1618
f 1621//1621 1613//1613 1624//1624
f 1625//1625 1620//1620 1619//1619
f 1623//1623 1616//1616 1622//1622
f 1597//1597 1596//1596 1618//1618
f 1626//1626 1619//1619 1621//1621
f 1625//1625 1619//1619 1626//1626
f 1620//1620 1625//1625 1627//1627
f 1622//1622 1620//1620 1627//1627
f 1617//1617 1610//1610 1623//1623
f 1626//1626 1621//1621 1624//1624
f 1598//1598 1599//1599 1596//1596
f 1596//1596 1597//1597 1598//1598
f 1601//1601 1600//1600 1609//1609
f 1612//1612 1609//1609 1611//1611
f 1625//1625 1626//1626 1627//1627
f 1622//1622 1627//1627 1623//1623
f 1628//1628 1630//1630 1631//1631
f 1629//1629 1628//1628 1631//1631
f 1630//1630 1632//1632 1631//1631
f 1632//1632 1633//1633 1634//1634
f 1632//1632 1630//1630 1633//1633
f 1636//1636 1635//1635 1637//1637
f 1635//1635 1636//1636 1634//1634
f 1636//1636 1637//1637 1638//1638
f 1638//1638 1637//1637 1639//1639
f 1638//1638 1639//1639 1640//1640
f 1634//1634 1633//1633 1635//1635
f 1641//1641 1642//1642 1640//1640
f 1642//1642 1641//1641 1643//1643
f 1644//1644 1642//1642 1643//1643
f 1644//1644 1643//1643 1645//1645
f 1646//1646 1644//1644 1645//1645
f 1646//1646 1645//1645 1647//1647
f 1648//1648 1646//1646 1647//1647
f 1649//1649 1648//1648 1650//1650
f 1648//1648 1647//1647 1650//1650
f 1652//1652 1651//1651 1653//1653
f 1651//1651 1652//1652 1649//1649
f 1649//1649 1650//1650 1651//1651
f 1641//1641 1640//1640 1639//1639
f 1654//1654 1656//1656 1655//1655
f 1657//1657 1658//1658 1656//1656
f 1654//1654 1657//1657 1656//1656
f 1659//1659 1658//1658 1657//1657
f 1659//1659 1660//1660 1658//1658
f 1659//1659 1661//1661 1660//1660
f 1662//1662 1661//1661 1659//1659
f 1662//1662 1663//1663 1664//1664
f 1665//1665 1664//1664 1663//1663
f 1665//1665 1666//1666 1664//1664
f 1667//1667 1668//1668 1666//1666
f 1670//1670 1671//1671 1668//1668
f 1668//1668 1669//1669 1670//1670
f 1669//1669 1668//1668 1667//1667
f 1667//1667 1666//1666 1665//1665
f 1662//1662 1664//1664 1661//1661
f 1672//1672 1671//1671 1670//1670
f 1673//1673 1671//1671 1672//1672
f 1674//1674 1675//1675 1673//1673
f 1674//1674 1676//1676 1675//1675
f 1678//1678 1675//1675 1676//1676
f 1678//1678 1676//1676 1677//1677
f 1674//1674 1673//1673 1672//1672
f 1679//1679 1678//1678 1677//1677
f 1679//1679 1680//1680 1678//1678
f 1681//1681 1680//1680 1679//1679
f 1683//1683 1682//1682 1681//1681
f 1683//1683 1684//1684 1682//1682
f 1685//1685 1684//1684 1683//1683
f 1682//1682 1680//1680 1681//1681
f 1688//1688 1686//1686 1687//1687
f 1687//1687 1691//1691 1690//1690
f 1687//1687 1686//1686 1691//1691
f 1692//1692 1690//1690 1691//1691
f 1693//1693 1694//1694 1695//1695
f 1693//1693 1695//1695 1689//1689
f 1686//1686 1688//1688 1689//1689
f 1693//1693 1689//1689 1688//1688
f 1690//1690 1692//1692 1696//1696
f 1696//1696 1692//1692 1697//1697
f 1699//1699 1697//1697 1698//1698
f 1698//1698 1697//1697 1692//1692
f 1699//1699 1698//1698 1701//1701
f 1699//1699 1701//1701 1700//1700
f 1700//1700 1701//1701 1702//1702
f 1700//1700 1702//1702 1703//1703
f 1704//1704 1705//1705 1695//1695
f 1694//1694 1704//1704 1695//1695
f 1705//1705 1704//1704 1706//1706
f 1707//1707 1709//1709 1710//1710
f 1707//1707 1705//1705 1706//1706
f 1707//1707 1706//1706 1708//1708
f 1709//1709 1707//1707 1708//1708
f 1709//1709 1711//1711 1710//1710
f 1711//1711 1712//1712 1710//1710
f 1712//1712 1713//1713 1710//1710
f 1714//1714 1702//1702 1715//1715
f 1714//1714 1703//1703 1702//1702
f 1714//1714 1715//1715 1716//1716
f 1717//1717 1715//1715 1718//1718
f 1718//1718 1713//1713 1712//1712
f 1718//1718 1712//1712 1719//1719
f 1715//1715 1717//1717 1716//1716
f 1717//1717 1718//1718 1719//1719
f 1720//1720 1721//1721 1722//1722
f 1721//1721 1723//1723 1722//1722
f 1724//1724 1723//1723 1725//1725
f 1722//1722 1726//1726 1720//1720
f 1728//1728 1729//1729 1727//1727
f 1725//1725 1728//1728 1727//1727
f 1721//1721 1725//1725 1723//1723
f 1727//1727 1724//1724 1725//1725
f 1730//1730 1720//1720 1726//1726
f 1731//1731 1730//1730 1726//1726
f 1730//1730 1731//1731 1732//1732
f 1734//1734 1735//1735 1733//1733
f 1732//1732 1734//1734 1733//1733
f 1736//1736 1737//1737 1735//1735
f 1735//1735 1734//1734 1736//1736
f 1730//1730 1732//1732 1733//1733
f 1729//1729 1728//1728 1738//1738
f 1738//1738 1739//1739 1729//1729
f 1738//1738 1740//1740 1741//1741
f 1738//1738 1741//1741 1739//1739
f 1742//1742 1743//1743 1740//1740
f 1740//1740 1743//1743 1741//1741
f 1743//1743 1742//1742 1744//1744
f 1747//1747 1746//1746 1737//1737
f 1736//1736 1747//1747 1737//1737
f 1747//1747 1745//1745 1746//1746
f 1742//1742 1749//1749 1744//1744
f 1749//1749 1750//1750 1744//1744
f 1748//1748 1746//1746 1745//1745
f 1749//1749 1748//1748 1750//1750
f 1749//1749 1746//1746 1748//1748
f 1756//1756 1757//1757 1753//1753
f 1756//1756 1758//1758 1757//1757
f 1754//1754 1753//1753 1757//1757
f 1759//1759 1760//1760 1758//1758
f 1759//1759 1758//1758 1756//1756
f 1759//1759 1761//1761 1762//1762
f 1759//1759 1762//1762 1760//1760
f 1773//1773 1772//1772 1771//1771
f 1783//1783 1784//1784 1785//1785
f 1784//1784 1786//1786 1785//1785
f 1784//1784 1787//1787 1786//1786
f 1786//1786 1787//1787 1788//1788
f 1789//1789 1788//1788 1787//1787
f 1790//1790 1791//1791 1789//1789
f 1790//1790 1792//1792 1791//1791
f 1789//1789 1791//1791 1788//1788
f 1790//1790 1793//1793 1792//1792
f 1792//1792 1793//1793 1794//1794
f 1795//1795 1796//1796 1794//1794
f 1794//1794 1793//1793 1795//1795
f 1797//1797 1796//1796 1798//1798
f 1798//1798 1799//1799 1797//1797
f 1801//1801 1800//1800 1802//1802
f 1806//1806 1805//1805 1803//1803
f 1822//1822 1821//1821 1823//1823
f 1823//1823 1824//1824 1822//1822
f 1830//1830 1828//1828 1829//1829
f 1849//1849 1851//1851 1850//1850
f 1848//1848 1853//1853 1847//1847
f 1854//1854 1849//1849 1855//1855
f 1856//1856 1857//1857 1858//1858
f 1854//1854 1855//1855 1858//1858
f 1861//1861 1859//1859 1860//1860
f 1862//1862 1863//1863 1861//1861
f 1857//1857 1856//1856 1862//1862
f 1852//1852 1851//1851 1853//1853
f 1853//1853 1848//1848 1852//1852
f 1850//1850 1851//1851 1852//1852
f 1855//1855 1849//1849 1850//1850
f 1863//1863 1862//1862 1856//1856
f 1863//1863 1859//1859 1861//1861
f 1855//1855 1856//1856 1858//1858
f 1865//1865 1864//1864 1867//1867
f 1866//1866 1865//1865 1860//1860
f 1868//1868 1869//1869 1867//1867
f 1870//1870 1871//1871 1869//1869
f 1871//1871 1872//1872 1873//1873
f 1866//1866 1860//1860 1859//1859
f 1868//1868 1867//1867 1864//1864
f 1866//1866 1864//1864 1865//1865
f 1870//1870 1869//1869 1868//1868
f 1872//1872 1871//1871 1870//1870
f 1872//1872 1874//1874 1873//1873
f 1876//1876 1874//1874 1877//1877
f 1877//1877 1875//1875 1876//1876
f 1876//1876 1873//1873 1874//1874
f 1879//1879 1878//1878 1882//1882
f 1883//1883 1884//1884 1885//1885
f 1885//1885 1889//1889 1890//1890
f 1885//1885 1890//1890 1895//1895
f 1883//1883 1885//1885 1896//1896
f 1891//1891 1883//1883 1896//1896
f 1879//1879 1882//1882 1891//1891
f 1897//1897 1892//1892 1893//1893
f 1892//1892 1897//1897 1898//1898
f 1894//1894 1892//1892 1898//1898
f 1890//1890 1894//1894 1898//1898
f 1885//1885 1895//1895 1896//1896
f 1899//1899 1900//1900 1901//1901
f 1897//1897 1893//1893 1899//1899
f 1890//1890 1898//1898 1902//1902
f 1895//1895 1890//1890 1902//1902
f 1903//1903 1897//1897 1899//1899
f 1898//1898 1897//1897 1903//1903
f 1898//1898 1903//1903 1904//1904
f 1896//1896 1895//1895 1905//1905
f 1906//1906 1891//1891 1896//1896
f 1902//1902 1898//1898 1904//1904
f 1895//1895 1902//1902 1907//1907
f 1909//1909 1908//1908 1888//1888
f 1893//1893 1910//1910 1909//1909
f 1888//1888 1887//1887 1909//1909
f 1887//1887 1893//1893 1909//1909
f 1893//1893 1892//1892 1910//1910
f 1885//1885 1884//1884 1889//1889
f 1890//1890 1889//1889 1894//1894
f 1911//1911 1884//1884 1881//1881
f 1878//1878 1911//1911 1881//1881
f 1880//1880 1878//1878 1879//1879
f 1883//1883 1881//1881 1884//1884
f 1881//1881 1882//1882 1878//1878
f 1883//1883 1891//1891 1882//1882
f 1900//1900 1899//1899 1893//1893
f 1912//1912 1899//1899 1901//1901
f 1903//1903 1899//1899 1912//1912
f 1894//1894 1910//1910 1892//1892
f 1904//1904 1913//1913 1907//1907
f 1903//1903 1913//1913 1904//1904
f 1879//1879 1891//1891 1906//1906
f 1904//1904 1907//1907 1902//1902
f 1907//1907 1905//1905 1895//1895
f 1905//1905 1906//1906 1896//1896
f 1879//1879 1906//1906 1880//1880
f 1913//1913 1903//1903 1912//1912
f 1914//1914 1917//1917 1916//1916
f 1926//1926 1914//1914 1916//1916
f 1914//1914 1926//1926 1918//1918
f 1927//1927 1915//1915 1918//1918
f 1915//1915 1914//1914 1918//1918
f 1919//1919 1915//1915 1927//1927
f 1922//1922 1921//1921 1928//1928
f 1923//1923 1922//1922 1928//1928
f 1925//1925 1924//1924 1929//1929
f 1926//1926 1916//1916 1930//1930
f 1920//1920 1919//1919 1931//1931
f 1931//1931 1921//1921 1920//1920
f 1928//1928 1921//1921 1931//1931
f 1926//1926 1930//1930 1932//1932
f 1933//1933 1918//1918 1926//1926
f 1933//1933 1927//1927 1918//1918
f 1934//1934 1919//1919 1927//1927
f 1931//1931 1919//1919 1934//1934
f 1935//1935 1926//1926 1932//1932
f 1933//1933 1926//1926 1935//1935
f 1934//1934 1927//1927 1933//1933
f 1937//1937 1931//1931 1936//1936
f 1928//1928 1931//1931 1937//1937
f 1939//1939 1934//1934 1933//1933
f 1936//1936 1931//1931 1934//1934
f 1924//1924 1923//1923 1940//1940
f 1929//1929 1924//1924 1940//1940
f 1942//1942 1932//1932 1930//1930
f 1943//1943 1935//1935 1932//1932
f 1933//1933 1935//1935 1938//1938
f 1939//1939 1933//1933 1938//1938
f 1936//1936 1934//1934 1939//1939
f 1944//1944 1932//1932 1942//1942
f 1943//1943 1932//1932 1944//1944
f 1943//1943 1945//1945 1935//1935
f 1938//1938 1935//1935 1945//1945
f 1938//1938 1945//1945 1939//1939
f 1936//1936 1939//1939 1946//1946
f 1947//1947 1928//1928 1937//1937
f 1923//1923 1928//1928 1947//1947
f 1923//1923 1947//1947 1940//1940
f 1948//1948 1939//1939 1945//1945
f 1936//1936 1946//1946 1947//1947
f 1947//1947 1937//1937 1936//1936
f 1949//1949 1944//1944 1942//1942
f 1945//1945 1943//1943 1950//1950
f 1946//1946 1939//1939 1948//1948
f 1940//1940 1947//1947 1951//1951
f 1943//1943 1944//1944 1952//1952
f 1943//1943 1952//1952 1950//1950
f 1948//1948 1945//1945 1950//1950
f 1946//1946 1948//1948 1953//1953
f 1954//1954 1947//1947 1946//1946
f 1955//1955 1944//1944 1949//1949
f 1944//1944 1955//1955 1952//1952
f 1953//1953 1948//1948 1950//1950
f 1946//1946 1953//1953 1956//1956
f 1954//1954 1946//1946 1956//1956
f 1947//1947 1954//1954 1951//1951
f 1952//1952 1958//1958 1950//1950
f 1959//1959 1950//1950 1958//1958
f 1953//1953 1950//1950 1959//1959
f 1956//1956 1953//1953 1960//1960
f 1940//1940 1951//1951 1961//1961
f 1962//1962 1952//1952 1955//1955
f 1952//1952 1962//1962 1958//1958
f 1960//1960 1953//1953 1959//1959
f 1954//1954 1956//1956 1963//1963
f 1951//1951 1954//1954 1961//1961
f 1957//1957 1940//1940 1961//1961
f 1929//1929 1940//1940 1957//1957
f 1955//1955 1949//1949 1964//1964
f 1965//1965 1959//1959 1958//1958
f 1959//1959 1965//1965 1960//1960
f 1956//1956 1960//1960 1963//1963
f 1966//1966 1954//1954 1963//1963
f 1961//1961 1954//1954 1966//1966
f 1964//1964 1962//1962 1955//1955
f 1958//1958 1962//1962 1969//1969
f 1965//1965 1958//1958 1969//1969
f 1963//1963 1960//1960 1970//1970
f 1971//1971 1962//1962 1964//1964
f 1969//1969 1962//1962 1971//1971
f 1965//1965 1969//1969 1972//1972
f 1973//1973 1960//1960 1965//1965
f 1970//1970 1960//1960 1973//1973
f 1966//1966 1963//1963 1970//1970
f 1974//1974 1961//1961 1966//1966
f 1957//1957 1961//1961 1974//1974
f 1971//1971 1964//1964 1968//1968
f 1969//1969 1971//1971 1975//1975
f 1969//1969 1975//1975 1972//1972
f 1974//1974 1966//1966 1976//1976
f 1965//1965 1977//1977 1973//1973
f 1966//1966 1970//1970 1978//1978
f 1966//1966 1978//1978 1976//1976
f 1979//1979 1929//1929 1957//1957
f 1925//1925 1929//1929 1979//1979
f 1971//1971 1968//1968 1980//1980
f 1975//1975 1971//1971 1981//1981
f 1977//1977 1965//1965 1972//1972
f 1970//1970 1973//1973 1978//1978
f 1957//1957 1974//1974 1979//1979
f 1981//1981 1971//1971 1980//1980
f 1975//1975 1981//1981 1982//1982
f 1975//1975 1982//1982 1972//1972
f 1983//1983 1973//1973 1977//1977
f 1978//1978 1973//1973 1983//1983
f 1984//1984 1976//1976 1978//1978
f 1985//1985 1974//1974 1976//1976
f 1977//1977 1972//1972 1982//1982
f 1976//1976 1984//1984 1986//1986
f 1985//1985 1976//1976 1986//1986
f 1979//1979 1974//1974 1985//1985
f 1982//1982 1981//1981 1988//1988
f 1983//1983 1977//1977 1982//1982
f 1978//1978 1983//1983 1989//1989
f 1984//1984 1978//1978 1989//1989
f 1991//1991 1980//1980 1990//1990
f 1981//1981 1980//1980 1991//1991
f 1988//1988 1981//1981 1991//1991
f 1988//1988 1992//1992 1982//1982
f 1983//1983 1992//1992 1993//1993
f 1992//1992 1983//1983 1982//1982
f 1989//1989 1983//1983 1993//1993
f 1986//1986 1984//1984 1989//1989
f 1980//1980 1987//1987 1990//1990
f 1995//1995 1989//1989 1993//1993
f 1985//1985 1986//1986 1996//1996
f 1979//1979 1985//1985 1996//1996
f 1979//1979 1996//1996 1994//1994
f 1997//1997 1988//1988 1991//1991
f 1988//1988 1997//1997 1992//1992
f 1998//1998 1989//1989 1995//1995
f 1986//1986 1989//1989 1998//1998
f 1999//1999 1991//1991 1990//1990
f 2000//2000 1992//1992 1997//1997
f 1993//1993 1992//1992 2000//2000
f 1998//1998 1995//1995 2001//2001
f 1986//1986 1998//1998 2002//2002
f 1996//1996 1986//1986 2002//2002
f 2003//2003 1990//1990 1987//1987
f 1999//1999 1990//1990 2003//2003
f 1991//1991 1999//1999 1997//1997
f 2001//2001 1993//1993 2000//2000
f 2001//2001 1995//1995 1993//1993
f 2004//2004 2000//2000 1997//1997
f 1998//1998 2001//2001 2005//2005
f 1998//1998 2005//2005 2002//2002
f 2003//2003 1987//1987 2006//2006
f 1997//1997 1999//1999 2004//2004
f 2007//2007 2000//2000 2004//2004
f 2008//2008 2001//2001 2000//2000
f 2001//2001 2008//2008 2009//2009
f 2005//2005 2001//2001 2009//2009
f 2010//2010 1996//1996 2002//2002
f 2011//2011 1999//1999 2003//2003
f 2004//2004 1999//1999 2012//2012
f 2008//2008 2000//2000 2007//2007
f 2002//2002 2005//2005 2013//2013
f 1994//1994 1996//1996 2010//2010
f 2011//2011 2003//2003 2006//2006
f 2012//2012 1999//1999 2011//2011
f 2004//2004 2012//2012 2007//2007
f 2013//2013 2005//2005 2009//2009
f 2010//2010 2002//2002 2013//2013
f 1994//1994 2010//2010 2014//2014
f 2015//2015 2011//2011 2006//2006
f 2016//2016 2012//2012 2011//2011
f 2017//2017 2012//2012 2016//2016
f 2007//2007 2012//2012 2018//2018
f 2018//2018 2012//2012 2017//2017
f 2018//2018 2008//2008 2007//2007
f 2019//2019 2008//2008 2018//2018
f 2009//2009 2008//2008 2019//2019
f 2020//2020 2009//2009 2019//2019
f 2020//2020 2013//2013 2009//2009
f 2010//2010 2013//2013 2020//2020
f 2011//2011 2015//2015 2016//2016
f 2021//2021 2010//2010 2020//2020
f 2022//2022 1994//1994 2014//2014
f 2017//2017 2016//2016 2023//2023
f 2023//2023 2018//2018 2017//2017
f 2019//2019 2018//2018 2023//2023
f 2024//2024 2020//2020 2019//2019
f 2025//2025 2020//2020 2024//2024
f 2021//2021 2020//2020 2025//2025
f 2014//2014 2010//2010 2021//2021
f 2016//2016 2015//2015 2027//2027
f 2023//2023 2016//2016 2028//2028
f 2029//2029 2019//2019 2023//2023
f 2021//2021 2025//2025 2030//2030
f 2027//2027 2015//2015 2026//2026
f 2028//2028 2016//2016 2027//2027
f 2023//2023 2028//2028 2029//2029
f 2030//2030 2025//2025 2031//2031
f 2032//2032 2014//2014 2021//2021
f 2032//2032 2021//2021 2030//2030
f 2022//2022 2014//2014 2032//2032
f 2022//2022 2032//2032 2033//2033
f 2028//2028 2027//2027 2034//2034
f 2027//2027 2026//2026 2034//2034
f 2032//2032 2030//2030 2035//2035
f 2036//2036 2032//2032 2035//2035
f 2022//2022 2033//2033 2037//2037
f 2033//2033 2032//2032 2036//2036
f 1930//1930 1916//1916 1917//1917
f 2038//2038 1917//1917 1914//1914
f 1980//1980 1968//1968 1987//1987
f 1968//1968 1964//1964 1949//1949
f 2039//2039 2038//2038 1915//1915
f 2038//2038 1914//1914 1915//1915
f 2039//2039 1915//1915 1919//1919
f 2039//2039 1919//1919 1920//1920
f 1920//1920 1921//1921 2039//2039
f 1922//1922 1923//1923 1924//1924
f 2015//2015 2006//2006 2026//2026
f 2024//2024 2019//2019 2029//2029
f 2031//2031 2025//2025 2024//2024
f 2034//2034 2026//2026 2041//2041
f 2029//2029 2028//2028 2034//2034
f 2035//2035 2030//2030 2031//2031
f 2033//2033 2036//2036 2037//2037
f 2046//2046 2045//2045 2047//2047
f 2045//2045 2046//2046 2049//2049
f 2051//2051 2052//2052 2043//2043
f 2052//2052 2050//2050 2043//2043
f 2051//2051 2043//2043 2045//2045
f 2051//2051 2045//2045 2049//2049
f 2053//2053 2049//2049 2046//2046
f 2050//2050 2052//2052 2055//2055
f 2056//2056 2053//2053 2046//2046
f 2056//2056 2046//2046 2048//2048
f 2055//2055 2052//2052 2058//2058
f 2051//2051 2058//2058 2052//2052
f 2059//2059 2058//2058 2051//2051
f 2059//2059 2051//2051 2049//2049
f 2053//2053 2059//2059 2049//2049
f 2054//2054 2056//2056 2048//2048
f 2061//2061 2060//2060 2055//2055
f 2058//2058 2061//2061 2055//2055
f 2061//2061 2058//2058 2062//2062
f 2062//2062 2058//2058 2059//2059
f 2062//2062 2059//2059 2063//2063
f 2063//2063 2059//2059 2053//2053
f 2064//2064 2063//2063 2053//2053
f 2064//2064 2053//2053 2056//2056
f 2065//2065 2060//2060 2066//2066
f 2060//2060 2061//2061 2066//2066
f 2061//2061 2062//2062 2067//2067
f 2067//2067 2066//2066 2061//2061
f 2063//2063 2067//2067 2062//2062
f 2068//2068 2064//2064 2056//2056
f 2069//2069 2067//2067 2063//2063
f 2069//2069 2063//2063 2070//2070
f 2068//2068 2070//2070 2063//2063
f 2068//2068 2063//2063 2064//2064
f 2071//2071 2068//2068 2056//2056
f 2054//2054 2071//2071 2056//2056
f 2069//2069 2066//2066 2067//2067
f 2072//2072 2066//2066 2069//2069
f 2072//2072 2069//2069 2073//2073
f 2073//2073 2069//2069 2070//2070
f 2074//2074 2070//2070 2068//2068
f 2071//2071 2074//2074 2068//2068
f 2044//2044 2045//2045 2043//2043
f 2060//2060 2075//2075 2057//2057
f 2057//2057 2055//2055 2060//2060
f 2055//2055 2057//2057 2050//2050
f 2044//2044 2047//2047 2045//2045
f 2047//2047 2048//2048 2046//2046
f 2065//2065 2075//2075 2060//2060
f 2065//2065 2066//2066 2072//2072
f 2074//2074 2073//2073 2070//2070
f 2078//2078 2077//2077 2076//2076
f 2078//2078 2076//2076 2079//2079
f 2079//2079 2076//2076 2080//2080
f 2081//2081 2079//2079 2080//2080
f 2083//2083 2082//2082 2081//2081
f 2084//2084 2083//2083 2085//2085
f 2087//2087 2086//2086 2084//2084
f 2087//2087 2084//2084 2085//2085
f 2087//2087 2085//2085 2088//2088
f 2089//2089 2088//2088 2090//2090
f 2082//2082 2079//2079 2081//2081
f 2083//2083 2084//2084 2082//2082
f 2088//2088 2089//2089 2087//2087
f 2090//2090 2091//2091 2089//2089
f 2095//2095 2094//2094 2093//2093
f 2095//2095 2093//2093 2096//2096
f 2097//2097 2098//2098 2095//2095
f 2097//2097 2095//2095 2096//2096
f 2098//2098 2097//2097 2099//2099
f 2100//2100 2098//2098 2099//2099
f 2100//2100 2099//2099 2101//2101
f 2100//2100 2101//2101 2102//2102
f 2100//2100 2102//2102 2103//2103
f 2104//2104 2103//2103 2102//2102
f 2105//2105 2103//2103 2104//2104
f 2106//2106 2105//2105 2104//2104
f 2109//2109 2110//2110 2108//2108
f 2109//2109 2108//2108 2107//2107
f 2111//2111 2110//2110 2112//2112
f 2111//2111 2112//2112 2113//2113
f 2114//2114 2111//2111 2113//2113
f 2114//2114 2113//2113 2115//2115
f 2115//2115 2116//2116 2114//2114
f 2117//2117 2118//2118 2116//2116
f 2119//2119 2107//2107 2108//2108
f 2109//2109 2112//2112 2110//2110
f 2116//2116 2115//2115 2117//2117
f 2118//2118 2117//2117 2120//2120
f 2123//2123 2121//2121 2122//2122
f 2123//2123 2122//2122 2124//2124
f 2125//2125 2123//2123 2124//2124
f 2125//2125 2124//2124 2126//2126
f 2127//2127 2125//2125 2126//2126
f 2128//2128 2127//2127 2126//2126
f 2129//2129 2128//2128 2126//2126
f 2129//2129 2130//2130 2128//2128
f 2131//2131 2130//2130 2129//2129
f 2133//2133 2132//2132 2131//2131
f 2134//2134 2133//2133 2131//2131
f 2128//2128 2130//2130 2127//2127
f 2131//2131 2132//2132 2130//2130
f 2145//2145 2135//2135 2146//2146
f 2137//2137 2146//2146 2136//2136
f 2146//2146 2137//2137 2145//2145
f 2137//2137 2136//2136 2138//2138
f 2147//2147 2139//2139 2140//2140
f 2147//2147 2140//2140 2138//2138
f 2147//2147 2138//2138 2136//2136
f 2139//2139 2141//2141 2140//2140
f 2149//2149 2148//2148 2141//2141
f 2149//2149 2142//2142 2148//2148
f 2148//2148 2142//2142 2143//2143
f 2151//2151 2150//2150 2143//2143
f 2139//2139 2149//2149 2141//2141
f 2151//2151 2143//2143 2142//2142
f 2150//2150 2152//2152 2144//2144
f 2151//2151 2152//2152 2150//2150
f 2154//2154 2153//2153 2155//2155
f 2155//2155 2153//2153 2156//2156
f 2156//2156 2157//2157 2155//2155
f 2158//2158 2159//2159 2157//2157
f 2160//2160 2159//2159 2158//2158
f 2161//2161 2162//2162 2160//2160
f 2160//2160 2158//2158 2161//2161
f 2163//2163 2164//2164 2165//2165
f 2168//2168 2167//2167 2169//2169
f 2168//2168 2163//2163 2166//2166
f 2164//2164 2162//2162 2165//2165
f 2157//2157 2156//2156 2158//2158
f 2162//2162 2161//2161 2165//2165
f 2163//2163 2165//2165 2166//2166
f 2168//2168 2166//2166 2167//2167
f 2169//2169 2167//2167 2170//2170
f 2171//2171 2169//2169 2170//2170
f 2171//2171 2170//2170 2172//2172
f 2172//2172 2173//2173 2174//2174
f 2172//2172 2174//2174 2171//2171
f 2175//2175 2174//2174 2173//2173
f 2176//2176 2175//2175 2173//2173
f 2177//2177 2175//2175 2176//2176
f 2178//2178 2179//2179 2180//2180
f 2180//2180 2179//2179 2181//2181
f 2178//2178 2180//2180 2177//2177
f 2183//2183 2184//2184 2182//2182
f 2185//2185 2184//2184 2186//2186
f 2182//2182 2181//2181 2179//2179
f 2185//2185 2187//2187 2188//2188
f 2177//2177 2176//2176 2178//2178
f 2183//2183 2182//2182 2179//2179
f 2184//2184 2183//2183 2186//2186
f 2185//2185 2186//2186 2187//2187
f 2234//2234 2232//2232 2233//2233
f 2233//2233 2235//2235 2234//2234
f 2237//2237 2234//2234 2236//2236
f 2234//2234 2235//2235 2236//2236
f 2237//2237 2236//2236 2238//2238
f 2241//2241 2240//2240 2239//2239
f 2245//2245 2246//2246 2243//2243
f 2244//2244 2243//2243 2242//2242
f 2245//2245 2243//2243 2244//2244
f 2250//2250 2249//2249 2248//2248
f 2251//2251 2250//2250 2252//2252
f 2251//2251 2249//2249 2250//2250
f 2261//2261 2262//2262 2263//2263
f 2261//2261 2263//2263 2264//2264
f 2264//2264 2263//2263 2265//2265
f 2264//2264 2265//2265 2266//2266
f 2266//2266 2265//2265 2267//2267
f 2267//2267 2268//2268 2269//2269
f 2267//2267 2269//2269 2270//2270
f 2267//2267 2265//2265 2268//2268
f 2270//2270 2269//2269 2271//2271
f 2271//2271 2272//2272 2273//2273
f 2271//2271 2269//2269 2272//2272
f 2274//2274 2275//2275 2273//2273
f 2274//2274 2276//2276 2277//2277
f 2274//2274 2277//2277 2275//2275
f 2272//2272 2274//2274 2273//2273
f 2278//2278 2277//2277 2276//2276
f 2278//2278 2276//2276 2279//2279
f 2279//2279 2280//2280 2281//2281
f 2279//2279 2281//2281 2278//2278
f 2281//2281 2280//2280 2282//2282
f 2281//2281 2282//2282 2283//2283
f 2282//2282 2284//2284 2285//2285
f 2282//2282 2285//2285 2283//2283
f 2285//2285 2284//2284 2286//2286
f 2284//2284 2287//2287 2286//2286
f 2288//2288 2287//2287 2289//2289
f 2290//2290 2289//2289 2291//2291
f 2290//2290 2288//2288 2289//2289
f 2292//2292 2291//2291 2293//2293
f 2293//2293 2294//2294 2292//2292
f 2294//2294 2293//2293 2295//2295
f 2291//2291 2292//2292 2290//2290
f 2287//2287 2288//2288 2286//2286
f 2298//2298 2299//2299 2297//2297
f 2299//2299 2296//2296 2297//2297
f 2298//2298 2300//2300 2299//2299
f 2300//2300 2298//2298 2301//2301
f 2301//2301 2303//2303 2300//2300
f 2301//2301 2302//2302 2303//2303
f 2306//2306 2307//2307 2304//2304
f 2304//2304 2307//2307 2305//2305
f 2306//2306 2308//2308 2309//2309
f 2306//2306 2309//2309 2307//2307
f 2308//2308 2310//2310 2309//2309
f 2311//2311 2310//2310 2308//2308
f 2311//2311 2312//2312 2310//2310
f 2313//2313 2314//2314 2312//2312
f 2311//2311 2313//2313 2312//2312
f 2315//2315 2316//2316 2314//2314
f 2315//2315 2314//2314 2313//2313
f 2315//2315 2317//2317 2316//2316
f 2318//2318 2317//2317 2315//2315
f 2318//2318 2319//2319 2317//2317
f 2320//2320 2322//2322 2321//2321
f 2320//2320 2321//2321 2319//2319
f 2323//2323 2324//2324 2325//2325
f 2323//2323 2325//2325 2322//2322
f 2323//2323 2322//2322 2320//2320
f 2320//2320 2319//2319 2318//2318
f 2326//2326 2325//2325 2324//2324
f 2326//2326 2324//2324 2327//2327
f 2327//2327 2328//2328 2326//2326
f 2328//2328 2330//2330 2329//2329
f 2330//2330 2331//2331 2329//2329
f 2328//2328 2329//2329 2326//2326
f 2332//2332 2333//2333 2331//2331
f 2330//2330 2332//2332 2331//2331
f 2332//2332 2334//2334 2333//2333
f 2334//2334 2335//2335 2333//2333
f 2334//2334 2336//2336 2335//2335
f 2337//2337 2338//2338 2335//2335
f 2337//2337 2335//2335 2336//2336
f 2339//2339 2340//2340 2338//2338
f 2341//2341 2340//2340 2339//2339
f 2339//2339 2338//2338 2337//2337
f 2341//2341 2342//2342 2340//2340
f 2343//2343 2342//2342 2341//2341
f 2344//2344 2345//2345 2343//2343
f 2343//2343 2345//2345 2342//2342
f 2351//2351 2349//2349 2348//2348
f 2348//2348 2352//2352 2351//2351
f 2351//2351 2352//2352 2355//2355
f 2351//2351 2355//2355 2356//2356
f 2359//2359 2354//2354 2358//2358
f 2361//2361 2357//2357 2362//2362
f 2389//2389 2387//2387 2388//2388
f 2391//2391 2388//2388 2390//2390
f 2390//2390 2388//2388 2387//2387
f 2393//2393 2394//2394 2389//2389
f 2392//2392 2387//2387 2389//2389
f 2389//2389 2394//2394 2392//2392
f 2391//2391 2390//2390 2395//2395
f 2396//2396 2391//2391 2395//2395
f 2396//2396 2395//2395 2397//2397
f 2398//2398 2397//2397 2395//2395
f 2397//2397 2398//2398 2399//2399
f 2398//2398 2400//2400 2399//2399
f 2401//2401 2394//2394 2393//2393
f 2402//2402 2394//2394 2401//2401
f 2403//2403 2402//2402 2404//2404
f 2401//2401 2404//2404 2402//2402
f 2405//2405 2406//2406 2403//2403
f 2404//2404 2405//2405 2403//2403
f 2407//2407 2400//2400 2408//2408
f 2399//2399 2400//2400 2407//2407
f 2407//2407 2408//2408 2409//2409
f 2410//2410 2406//2406 2405//2405
f 2410//2410 2409//2409 2408//2408
f 2406//2406 2410//2410 2408//2408
f 2413//2413 2412//2412 2414//2414
f 2412//2412 2411//2411 2416//2416
f 2414//2414 2412//2412 2416//2416
f 2415//2415 2413//2413 2414//2414
f 2415//2415 2414//2414 2417//2417
f 2416//2416 2411//2411 2418//2418
f 2419//2419 2414//2414 2416//2416
f 2417//2417 2414//2414 2420//2420
f 2416//2416 2418//2418 2421//2421
f 2419//2419 2416//2416 2421//2421
f 2420//2420 2414//2414 2419//2419
f 2420//2420 2419//2419 2423//2423
f 2423//2423 2419//2419 2422//2422
f 2424//2424 2420//2420 2423//2423
f 2422//2422 2419//2419 2421//2421
f 2424//2424 2423//2423 2427//2427
f 2426//2426 2422//2422 2421//2421
f 2422//2422 2426//2426 2423//2423
f 2426//2426 2421//2421 2425//2425
f 2428//2428 2423//2423 2426//2426
f 2427//2427 2423//2423 2429//2429
f 2423//2423 2430//2430 2429//2429
f 2431//2431 2426//2426 2425//2425
f 2423//2423 2428//2428 2430//2430
f 2428//2428 2426//2426 2431//2431
f 2429//2429 2430//2430 2432//2432
f 2436//2436 2435//2435 2433//2433
f 2437//2437 2435//2435 2436//2436
f 2439//2439 2438//2438 2437//2437
f 2436//2436 2433//2433 2434//2434
f 2437//2437 2436//2436 2440//2440
f 2441//2441 2439//2439 2437//2437
f 2441//2441 2437//2437 2440//2440
f 2436//2436 2442//2442 2440//2440
f 2443//2443 2441//2441 2440//2440
f 2444//2444 2440//2440 2442//2442
f 2444//2444 2442//2442 2445//2445
f 2443//2443 2440//2440 2444//2444
f 2446//2446 2444//2444 2445//2445
f 2443//2443 2444//2444 2447//2447
f 2445//2445 2448//2448 2446//2446
f 2447//2447 2444//2444 2449//2449
f 2449//2449 2444//2444 2446//2446
f 2449//2449 2446//2446 2450//2450
f 2446//2446 2448//2448 2452//2452
f 2450//2450 2446//2446 2452//2452
f 2447//2447 2449//2449 2453//2453
f 2452//2452 2448//2448 2451//2451
f 2437//2437 2438//2438 2435//2435
f 2449//2449 2450//2450 2453//2453
f 2469//2469 2470//2470 2468//2468
f 2498//2498 2497//2497 2500//2500
f 2499//2499 2498//2498 2500//2500
f 2497//2497 2496//2496 2503//2503
f 2501//2501 2499//2499 2504//2504
f 2497//2497 2503//2503 2505//2505
f 2500//2500 2497//2497 2505//2505
f 2507//2507 2496//2496 2502//2502
f 2503//2503 2496//2496 2507//2507
f 2504//2504 2508//2508 2509//2509
f 2501//2501 2504//2504 2509//2509
f 2513//2513 2499//2499 2500//2500
f 2504//2504 2499//2499 2513//2513
f 2511//2511 2506//2506 2510//2510
f 2500//2500 2505//2505 2514//2514
f 2515//2515 2504//2504 2513//2513
f 2508//2508 2504//2504 2515//2515
f 2501//2501 2509//2509 2516//2516
f 2506//2506 2501//2501 2516//2516
f 2518//2518 2502//2502 2512//2512
f 2518//2518 2507//2507 2502//2502
f 2503//2503 2507//2507 2519//2519
f 2519//2519 2505//2505 2503//2503
f 2513//2513 2500//2500 2514//2514
f 2506//2506 2516//2516 2510//2510
f 2511//2511 2510//2510 2520//2520
f 2517//2517 2511//2511 2520//2520
f 2519//2519 2507//2507 2518//2518
f 2508//2508 2515//2515 2509//2509
f 2518//2518 2521//2521 2522//2522
f 2519//2519 2518//2518 2522//2522
f 2514//2514 2505//2505 2519//2519
f 2520//2520 2510//2510 2516//2516
f 2521//2521 2518//2518 2512//2512
f 2519//2519 2522//2522 2514//2514
f 2528//2528 2525//2525 2527//2527
f 2525//2525 2528//2528 2526//2526
f 2531//2531 2532//2532 2530//2530
f 2530//2530 2532//2532 2529//2529
f 2530//2530 2525//2525 2526//2526
f 2525//2525 2530//2530 2529//2529
f 2533//2533 2528//2528 2527//2527
f 2534//2534 2533//2533 2527//2527
f 2536//2536 2537//2537 2535//2535
f 2535//2535 2534//2534 2536//2536
f 2533//2533 2534//2534 2535//2535
f 2532//2532 2531//2531 2538//2538
f 2540//2540 2539//2539 2538//2538
f 2539//2539 2540//2540 2541//2541
f 2544//2544 2543//2543 2542//2542
f 2536//2536 2543//2543 2537//2537
f 2542//2542 2543//2543 2536//2536
f 2544//2544 2541//2541 2540//2540
f 2542//2542 2541//2541 2544//2544
f 2546//2546 2545//2545 2547//2547
f 2545//2545 2548//2548 2549//2549
f 2547//2547 2545//2545 2549//2549
f 2550//2550 2549//2549 2548//2548
f 2550//2550 2551//2551 2552//2552
f 2553//2553 2550//2550 2552//2552
f 2554//2554 2553//2553 2552//2552
f 2557//2557 2555//2555 2556//2556
f 2557//2557 2556//2556 2558//2558
f 2559//2559 2558//2558 2560//2560
f 2559//2559 2557//2557 2558//2558
f 2561//2561 2559//2559 2560//2560
f 2562//2562 2559//2559 2561//2561
f 2563//2563 2562//2562 2561//2561
f 2563//2563 2564//2564 2565//2565
f 2566//2566 2565//2565 2564//2564
f 2567//2567 2565//2565 2566//2566
f 2566//2566 2568//2568 2567//2567
f 2569//2569 2567//2567 2568//2568
f 2570//2570 2567//2567 2569//2569
f 2570//2570 2569//2569 2571//2571
f 2574//2574 2572//2572 2573//2573
f 2574//2574 2573//2573 2575//2575
f 2576//2576 2574//2574 2575//2575
f 2576//2576 2575//2575 2577//2577
f 2578//2578 2576//2576 2577//2577
f 2551//2551 2550//2550 2548//2548
f 2554//2554 2552//2552 2579//2579
f 2551//2551 2579//2579 2552//2552
f 2554//2554 2579//2579 2580//2580
f 2555//2555 2580//2580 2556//2556
f 2555//2555 2554//2554 2580//2580
f 2550//2550 2553//2553 2549//2549
f 2568//2568 2566//2566 2564//2564
f 2569//2569 2568//2568 2581//2581
f 2571//2571 2569//2569 2581//2581
f 2571//2571 2581//2581 2582//2582
f 2571//2571 2582//2582 2572//2572
f 2572//2572 2582//2582 2583//2583
f 2583//2583 2575//2575 2573//2573
f 2583//2583 2573//2573 2572//2572
f 2563//2563 2565//2565 2562//2562
f 2584//2584 2570//2570 2571//2571
f 2572//2572 2584//2584 2571//2571
f 2585//2585 2586//2586 2587//2587
f 2588//2588 2585//2585 2587//2587
f 2587//2587 2586//2586 2589//2589
f 2589//2589 2590//2590 2591//2591
f 2592//2592 2591//2591 2590//2590
f 2592//2592 2593//2593 2594//2594
f 2595//2595 2594//2594 2593//2593
f 2596//2596 2597//2597 2598//2598
f 2599//2599 2598//2598 2597//2597
f 2598//2598 2599//2599 2600//2600
f 2600//2600 2599//2599 2601//2601
f 2602//2602 2603//2603 2604//2604
f 2604//2604 2603//2603 2605//2605
f 2606//2606 2605//2605 2607//2607
f 2608//2608 2606//2606 2607//2607
f 2609//2609 2606//2606 2608//2608
f 2609//2609 2608//2608 2610//2610
f 2610//2610 2611//2611 2612//2612
f 2612//2612 2611//2611 2613//2613
f 2612//2612 2613//2613 2614//2614
f 2614//2614 2613//2613 2615//2615
f 2616//2616 2615//2615 2613//2613
f 2616//2616 2613//2613 2617//2617
f 2616//2616 2617//2617 2618//2618
f 2618//2618 2617//2617 2619//2619
f 2618//2618 2619//2619 2620//2620
f 2620//2620 2619//2619 2621//2621
f 2590//2590 2593//2593 2592//2592
f 2586//2586 2590//2590 2589//2589
f 2622//2622 2595//2595 2593//2593
f 2622//2622 2597//2597 2596//2596
f 2622//2622 2596//2596 2595//2595
f 2599//2599 2602//2602 2601//2601
f 2592//2592 2594//2594 2591//2591
f 2589//2589 2591//2591 2587//2587
f 2623//2623 2594//2594 2595//2595
f 2624//2624 2623//2623 2595//2595
f 2596//2596 2624//2624 2595//2595
f 2596//2596 2598//2598 2625//2625
f 2596//2596 2625//2625 2624//2624
f 2601//2601 2626//2626 2600//2600
f 2600//2600 2625//2625 2598//2598
f 2602//2602 2626//2626 2601//2601
f 2603//2603 2607//2607 2605//2605
f 2611//2611 2610//2610 2608//2608
f 2604//2604 2626//2626 2602//2602
f 2604//2604 2605//2605 2627//2627
f 2605//2605 2606//2606 2627//2627
f 2612//2612 2628//2628 2610//2610
f 2628//2628 2609//2609 2610//2610
f 2628//2628 2612//2612 2629//2629
f 2614//2614 2629//2629 2612//2612
f 2616//2616 2618//2618 2615//2615
f 2614//2614 2615//2615 2629//2629
f 2785//2785 2786//2786 2787//2787
f 2788//2788 2789//2789 2790//2790
f 2788//2788 2790//2790 2786//2786
f 2788//2788 2786//2786 2785//2785
f 2789//2789 2791//2791 2792//2792
f 2793//2793 2794//2794 2795//2795
f 2793//2793 2795//2795 2791//2791
f 2793//2793 2796//2796 2794//2794
f 2791//2791 2795//2795 2792//2792
f 2789//2789 2792//2792 2790//2790
f 2796//2796 2797//2797 2798//2798
f 2799//2799 2800//2800 2801//2801
f 2799//2799 2801//2801 2797//2797
f 2797//2797 2801//2801 2798//2798
f 2802//2802 2800//2800 2803//2803
f 2804//2804 2805//2805 2806//2806
f 2805//2805 2807//2807 2808//2808
f 2805//2805 2808//2808 2806//2806
f 2804//2804 2806//2806 2802//2802
f 2804//2804 2802//2802 2803//2803
f 2799//2799 2803//2803 2800//2800
f 2796//2796 2798//2798 2794//2794
f 2808//2808 2807//2807 2809//2809
f 2810//2810 2811//2811 2809//2809
f 2810//2810 2809//2809 2807//2807
f 2812//2812 2813//2813 2814//2814
f 2812//2812 2814//2814 2811//2811
f 2810//2810 2812//2812 2811//2811
f 2815//2815 2816//2816 2813//2813
f 2817//2817 2818//2818 2819//2819
f 2820//2820 2821//2821 2818//2818
f 2820//2820 2818//2818 2817//2817
f 2815//2815 2817//2817 2819//2819
f 2815//2815 2819//2819 2816//2816
f 2813//2813 2816//2816 2814//2814
f 2822//2822 2821//2821 2823//2823
f 2824//2824 2825//2825 2826//2826
f 2824//2824 2826//2826 2822//2822
f 2824//2824 2822//2822 2823//2823
f 2827//2827 2828//2828 2825//2825
f 2829//2829 2830//2830 2827//2827
f 2831//2831 2830//2830 2829//2829
f 2831//2831 2829//2829 2832//2832
f 2827//2827 2830//2830 2828//2828
f 2825//2825 2828//2828 2826//2826
f 2821//2821 2820//2820 2823//2823
f 2869//2869 2870//2870 2871//2871
f 2872//2872 2873//2873 2874//2874
f 2874//2874 2871//2871 2872//2872
f 2877//2877 2878//2878 2879//2879
f 2879//2879 2880//2880 2877//2877
f 2875//2875 2876//2876 2878//2878
f 2873//2873 2872//2872 2876//2876
f 2874//2874 2869//2869 2871//2871
f 2875//2875 2873//2873 2876//2876
f 2882//2882 2881//2881 2880//2880
f 2881//2881 2882//2882 2883//2883
f 2878//2878 2877//2877 2875//2875
f 2879//2879 2882//2882 2880//2880
f 2884//2884 2883//2883 2885//2885
f 2886//2886 2885//2885 2887//2887
f 2888//2888 2887//2887 2889//2889
f 2892//2892 2891//2891 2893//2893
f 2890//2890 2889//2889 2891//2891
f 2887//2887 2888//2888 2886//2886
f 2886//2886 2884//2884 2885//2885
f 2890//2890 2888//2888 2889//2889
f 2892//2892 2890//2890 2891//2891
f 2894//2894 2893//2893 2895//2895
f 2896//2896 2894//2894 2895//2895
f 2896//2896 2895//2895 2897//2897
f 2894//2894 2892//2892 2893//2893
f 2881//2881 2883//2883 2884//2884
f 2921//2921 2922//2922 2923//2923
f 2921//2921 2923//2923 2924//2924
f 2925//2925 2926//2926 2927//2927
f 2925//2925 2927//2927 2922//2922
f 2922//2922 2927//2927 2923//2923
f 2930//2930 2931//2931 2932//2932
f 2930//2930 2932//2932 2929//2929
f 2930//2930 2929//2929 2928//2928
f 2928//2928 2929//2929 2926//2926
f 2928//2928 2926//2926 2925//2925
f 2933//2933 2934//2934 2935//2935
f 2936//2936 2937//2937 2938//2938
f 2936//2936 2938//2938 2934//2934
f 2936//2936 2934//2934 2933//2933
f 2939//2939 2940//2940 2941//2941
f 2942//2942 2943//2943 2944//2944
f 2942//2942 2944//2944 2940//2940
f 2943//2943 2945//2945 2944//2944
f 2942//2942 2940//2940 2939//2939
f 2937//2937 2939//2939 2941//2941
f 2937//2937 2941//2941 2938//2938
f 2931//2931 2933//2933 2935//2935
f 2931//2931 2935//2935 2932//2932
f 2946//2946 2945//2945 2943//2943
f 2947//2947 2948//2948 2949//2949
f 2947//2947 2949//2949 2946//2946
f 2950//2950 2951//2951 2948//2948
f 2948//2948 2947//2947 2950//2950
f 2952//2952 2951//2951 2953//2953
f 2952//2952 2953//2953 2954//2954
f 2955//2955 2956//2956 2957//2957
f 2955//2955 2957//2957 2954//2954
f 2954//2954 2957//2957 2952//2952
f 2953//2953 2951//2951 2950//2950
f 2958//2958 2956//2956 2959//2959
f 2958//2958 2959//2959 2960//2960
f 2961//2961 2962//2962 2963//2963
f 2961//2961 2963//2963 2960//2960
f 2960//2960 2963//2963 2958//2958
f 2964//2964 2965//2965 2962//2962
f 2968//2968 2969//2969 2967//2967
f 2968//2968 2967//2967 2966//2966
f 2966//2966 2967//2967 2965//2965
f 2966//2966 2965//2965 2964//2964
f 2961//2961 2964//2964 2962//2962
f 2956//2956 2955//2955 2959//2959
f 2949//2949 2945//2945 2946//2946
f 2970//2970 2971//2971 2972//2972
f 2975//2975 2974//2974 2976//2976
f 2974//2974 2975//2975 2973//2973
f 2976//2976 2977//2977 2975//2975
f 2978//2978 2977//2977 2976//2976
f 2979//2979 2978//2978 2976//2976
f 2979//2979 2980//2980 2981//2981
f 2979//2979 2981//2981 2982//2982
f 2983//2983 2984//2984 2985//2985
f 2983//2983 2985//2985 2986//2986
f 2987//2987 2988//2988 2989//2989
f 2987//2987 2989//2989 2990//2990
f 2983//2983 2990//2990 2989//2989
f 2983//2983 2989//2989 2984//2984
f 2986//2986 2985//2985 2981//2981
f 2986//2986 2981//2981 2980//2980
f 2991//2991 2992//2992 2993//2993
f 2991//2991 2993//2993 2994//2994
f 2992//2992 2995//2995 2996//2996
f 2992//2992 2996//2996 2993//2993
f 2997//2997 2998//2998 2999//2999
f 2997//2997 2999//2999 3000//3000
f 3001//3001 3002//3002 3003//3003
f 3001//3001 3003//3003 3004//3004
f 2997//2997 3001//3001 3004//3004
f 2997//2997 3004//3004 2998//2998
f 3000//3000 2999//2999 2996//2996
f 3000//3000 2996//2996 2995//2995
f 2987//2987 2991//2991 2994//2994
f 2987//2987 2994//2994 2988//2988
f 3005//3005 3006//3006 3003//3003
f 3005//3005 3003//3003 3002//3002
f 3007//3007 3008//3008 3009//3009
f 2978//2978 3007//3007 3009//3009
f 3010//3010 3011//3011 3012//3012
f 3013//3013 3008//3008 3014//3014
f 3012//3012 3014//3014 3008//3008
f 3008//3008 3013//3013 3009//3009
f 2978//2978 2982//2982 3007//3007
f 2982//2982 2978//2978 2979//2979
f 3015//3015 3016//3016 3006//3006
f 3015//3015 3006//3006 3005//3005
f 3015//3015 3017//3017 3018//3018
f 3015//3015 3018//3018 3016//3016
f 3019//3019 3020//3020 3018//3018
f 3019//3019 3018//3018 3017//3017
f 3021//3021 3022//3022 3023//3023
f 3021//3021 3023//3023 3024//3024
f 3025//3025 3026//3026 3027//3027
f 3025//3025 3027//3027 3028//3028
f 3027//3027 3022//3022 3021//3021
f 3027//3027 3021//3021 3028//3028
f 3019//3019 3024//3024 3023//3023
f 3019//3019 3023//3023 3020//3020
f 3029//3029 3030//3030 3031//3031
f 3029//3029 3031//3031 3032//3032
f 3033//3033 3034//3034 3031//3031
f 3033//3033 3031//3031 3030//3030
f 3035//3035 3036//3036 3037//3037
f 3035//3035 3037//3037 3038//3038
f 3036//3036 3039//3039 3040//3040
f 3036//3036 3040//3040 3037//3037
f 3035//3035 3038//3038 3034//3034
f 3035//3035 3034//3034 3033//3033
f 3032//3032 3026//3026 3025//3025
f 3032//3032 3025//3025 3029//3029
f 3042//3042 3039//3039 3041//3041
f 3043//3043 3044//3044 3041//3041
f 3045//3045 3044//3044 3043//3043
f 3046//3046 3047//3047 3048//3048
f 3043//3043 3047//3047 3045//3045
f 3041//3041 3044//3044 3049//3049
f 3039//3039 3042//3042 3040//3040
f 3050//3050 3042//3042 3051//3051
f 3050//3050 3051//3051 3052//3052
f 3053//3053 3052//3052 3054//3054
f 3052//3052 3053//3053 3050//3050
f 3055//3055 3056//3056 3053//3053
f 3055//3055 3053//3053 3054//3054
f 3040//3040 3042//3042 3050//3050
f 3057//3057 3058//3058 3059//3059
f 3060//3060 3057//3057 3059//3059
f 3061//3061 3058//3058 3057//3057
f 3062//3062 3063//3063 3061//3061
f 3058//3058 3061//3061 3063//3063
f 3064//3064 3065//3065 3066//3066
f 3065//3065 3060//3060 3059//3059
f 3060//3060 3065//3065 3064//3064
f 3063//3063 3062//3062 3067//3067
f 3068//3068 3067//3067 3062//3062
f 3062//3062 3069//3069 3068//3068
f 3070//3070 3068//3068 3069//3069
f 3070//3070 3071//3071 3072//3072
f 3068//3068 3070//3070 3072//3072
f 3073//3073 3071//3071 3070//3070
f 3071//3071 3073//3073 3074//3074
f 3073//3073 3075//3075 3074//3074
f 3076//3076 3066//3066 3077//3077
f 3078//3078 3076//3076 3077//3077
f 3077//3077 3079//3079 3078//3078
f 3078//3078 3080//3080 3081//3081
f 3079//3079 3080//3080 3078//3078
f 3082//3082 3083//3083 3080//3080
f 3081//3081 3080//3080 3083//3083
f 3084//3084 3083//3083 3082//3082
f 3087//3087 3085//3085 3086//3086
f 3085//3085 3074//3074 3075//3075
f 3086//3086 3085//3085 3075//3075
f 3088//3088 3089//3089 3084//3084
f 3082//3082 3088//3088 3084//3084
f 3087//3087 3086//3086 3090//3090
f 3090//3090 3088//3088 3087//3087
f 3088//3088 3090//3090 3089//3089
f 3076//3076 3064//3064 3066//3066
f 3091//3091 3092//3092 3093//3093
f 3093//3093 3094//3094 3095//3095
f 3096//3096 3091//3091 3097//3097
f 3091//3091 3096//3096 3092//3092
f 3092//3092 3094//3094 3093//3093
f 3096//3096 3097//3097 3098//3098
f 3099//3099 3095//3095 3094//3094
f 3100//3100 3101//3101 3102//3102
f 3102//3102 3103//3103 3104//3104
f 3101//3101 3100//3100 3099//3099
f 3103//3103 3105//3105 3104//3104
f 3106//3106 3107//3107 3105//3105
f 3105//3105 3107//3107 3104//3104
f 3105//3105 3108//3108 3106//3106
f 3101//3101 3103//3103 3102//3102
f 3101//3101 3099//3099 3094//3094
f 3109//3109 3096//3096 3098//3098
f 3110//3110 3111//3111 3109//3109
f 3098//3098 3112//3112 3109//3109
f 3111//3111 3113//3113 3114//3114
f 3112//3112 3110//3110 3109//3109
f 3113//3113 3115//3115 3114//3114
f 3116//3116 3114//3114 3117//3117
f 3117//3117 3114//3114 3115//3115
f 3118//3118 3116//3116 3117//3117
f 3110//3110 3113//3113 3111//3111
f 3119//3119 3120//3120 3108//3108
f 3106//3106 3108//3108 3121//3121
f 3108//3108 3120//3120 3121//3121
f 3122//3122 3119//3119 3123//3123
f 3124//3124 3123//3123 3125//3125
f 3119//3119 3122//3122 3120//3120
f 3122//3122 3123//3123 3124//3124
f 3125//3125 3123//3123 3116//3116
f 3125//3125 3116//3116 3118//3118
f 3128//3128 3127//3127 3126//3126
f 3126//3126 3129//3129 3128//3128
f 3130//3130 3127//3127 3128//3128
f 3132//3132 3128//3128 3129//3129
f 3131//3131 3129//3129 3126//3126
f 3135//3135 3134//3134 3136//3136
f 3133//3133 3134//3134 3137//3137
f 3135//3135 3137//3137 3134//3134
f 3134//3134 3139//3139 3138//3138
f 3136//3136 3134//3134 3138//3138
f 3140//3140 3141//3141 3136//3136
f 3135//3135 3142//3142 3137//3137
f 3136//3136 3141//3141 3135//3135
f 3135//3135 3141//3141 3143//3143
f 3144//3144 3143//3143 3141//3141
f 3143//3143 3144//3144 3145//3145
f 3146//3146 3142//3142 3135//3135
f 3149//3149 3148//3148 3147//3147
f 3150//3150 3147//3147 3151//3151
f 3148//3148 3151//3151 3147//3147
f 3152//3152 3150//3150 3151//3151
f 3153//3153 3154//3154 3155//3155
f 3148//3148 3149//3149 3156//3156
f 3149//3149 3153//3153 3156//3156
f 3155//3155 3156//3156 3153//3153
f 3157//3157 3158//3158 3152//3152
f 3159//3159 3158//3158 3157//3157
f 3160//3160 3158//3158 3159//3159
f 3152//3152 3158//3158 3150//3150
f 3160//3160 3159//3159 3161//3161
f 3162//3162 3160//3160 3161//3161
f 3161//3161 3163//3163 3162//3162
f 3163//3163 3164//3164 3162//3162
f 3165//3165 3166//3166 3154//3154
f 3167//3167 3166//3166 3165//3165
f 3168//3168 3166//3166 3167//3167
f 3167//3167 3169//3169 3170//3170
f 3171//3171 3170//3170 3169//3169
f 3172//3172 3171//3171 3173//3173
f 3169//3169 3173//3173 3171//3171
f 3170//3170 3168//3168 3167//3167
f 3174//3174 3175//3175 3176//3176
f 3177//3177 3175//3175 3174//3174
f 3174//3174 3164//3164 3163//3163
f 3176//3176 3164//3164 3174//3174
f 3178//3178 3172//3172 3173//3173
f 3179//3179 3172//3172 3178//3178
f 3177//3177 3179//3179 3175//3175
f 3178//3178 3175//3175 3179//3179
f 3165//3165 3154//3154 3153//3153
f 3220//3220 3217//3217 3221//3221
f 3219//3219 3217//3217 3220//3220
f 3217//3217 3223//3223 3221//3221
f 3223//3223 3224//3224 3225//3225
f 3230//3230 3228//3228 3229//3229
f 3224//3224 3223//3223 3217//3217
f 3228//3228 3219//3219 3229//3229
f 3218//3218 3219//3219 3233//3233
f 3219//3219 3218//3218 3217//3217
f 3236//3236 3238//3238 3237//3237
f 3239//3239 3218//3218 3235//3235
f 3228//3228 3231//3231 3219//3219
f 3231//3231 3232//3232 3219//3219
f 3218//3218 3233//3233 3235//3235
f 3232//3232 3234//3234 3219//3219
f 3234//3234 3233//3233 3219//3219
f 3236//3236 3240//3240 3238//3238
f 3236//3236 3239//3239 3240//3240
f 3239//3239 3241//3241 3218//3218
f 3232//3232 3231//3231 3242//3242
f 3233//3233 3234//3234 3244//3244
f 3237//3237 3238//3238 3245//3245
f 3243//3243 3239//3239 3235//3235
f 3246//3246 3225//3225 3224//3224
f 3229//3229 3249//3249 3230//3230
f 3230//3230 3249//3249 3248//3248
f 3239//3239 3252//3252 3240//3240
f 3245//3245 3238//3238 3253//3253
f 3243//3243 3235//3235 3254//3254
f 3244//3244 3256//3256 3233//3233
f 3244//3244 3257//3257 3256//3256
f 3250//3250 3251//3251 3242//3242
f 3218//3218 3241//3241 3260//3260
f 3239//3239 3236//3236 3241//3241
f 3261//3261 3241//3241 3262//3262
f 3260//3260 3241//3241 3261//3261
f 3264//3264 3260//3260 3265//3265
f 3260//3260 3261//3261 3265//3265
f 3262//3262 3263//3263 3261//3261
f 3268//3268 3267//3267 3265//3265
f 3270//3270 3236//3236 3237//3237
f 3236//3236 3270//3270 3258//3258
f 3259//3259 3236//3236 3258//3258
f 3268//3268 3269//3269 3267//3267
f 3265//3265 3267//3267 3266//3266
f 3264//3264 3265//3265 3266//3266
f 3266//3266 3271//3271 3264//3264
f 3272//3272 3269//3269 3268//3268
f 3267//3267 3269//3269 3273//3273
f 3274//3274 3264//3264 3271//3271
f 3275//3275 3274//3274 3271//3271
f 3274//3274 3279//3279 3280//3280
f 3278//3278 3277//3277 3274//3274
f 3274//3274 3280//3280 3278//3278
f 3276//3276 3277//3277 3278//3278
f 3274//3274 3275//3275 3279//3279
f 3281//3281 3277//3277 3276//3276
f 3281//3281 3282//3282 3277//3277
f 3283//3283 3272//3272 3268//3268
f 3284//3284 3273//3273 3269//3269
f 3266//3266 3285//3285 3271//3271
f 3276//3276 3278//3278 3286//3286
f 3285//3285 3287//3287 3271//3271
f 3286//3286 3289//3289 3276//3276
f 3290//3290 3282//3282 3281//3281
f 3291//3291 3263//3263 3262//3262
f 3292//3292 3272//3272 3283//3283
f 3294//3294 3273//3273 3284//3284
f 3259//3259 3255//3255 3295//3295
f 3258//3258 3255//3255 3259//3259
f 3301//3301 3300//3300 3288//3288
f 3280//3280 3303//3303 3302//3302
f 3303//3303 3280//3280 3279//3279
f 3299//3299 3287//3287 3285//3285
f 3307//3307 3282//3282 3290//3290
f 3275//3275 3288//3288 3300//3300
f 3302//3302 3303//3303 3305//3305
f 3290//3290 3306//3306 3307//3307
f 3247//3247 3309//3309 3246//3246
f 3309//3309 3310//3310 3246//3246
f 3312//3312 3249//3249 3313//3313
f 3248//3248 3249//3249 3312//3312
f 3309//3309 3311//3311 3310//3310
f 3316//3316 3243//3243 3254//3254
f 3256//3256 3257//3257 3319//3319
f 3250//3250 3317//3317 3318//3318
f 3317//3317 3326//3326 3318//3318
f 3328//3328 3329//3329 3330//3330
f 3326//3326 3327//3327 3318//3318
f 3331//3331 3325//3325 3313//3313
f 3247//3247 3332//3332 3309//3309
f 3333//3333 3334//3334 3332//3332
f 3333//3333 3336//3336 3335//3335
f 3333//3333 3332//3332 3247//3247
f 3325//3325 3331//3331 3334//3334
f 3325//3325 3334//3334 3333//3333
f 3335//3335 3318//3318 3327//3327
f 3328//3328 3318//3318 3335//3335
f 3325//3325 3333//3333 3327//3327
f 3333//3333 3335//3335 3327//3327
f 3335//3335 3329//3329 3328//3328
f 3338//3338 3321//3321 3320//3320
f 3254//3254 3340//3340 3316//3316
f 3339//3339 3256//3256 3319//3319
f 3341//3341 3259//3259 3295//3295
f 3322//3322 3337//3337 3253//3253
f 3339//3339 3329//3329 3335//3335
f 3340//3340 3342//3342 3316//3316
f 3342//3342 3340//3340 3339//3339
f 3320//3320 3316//3316 3342//3342
f 3335//3335 3342//3342 3339//3339
f 3342//3342 3338//3338 3320//3320
f 3342//3342 3341//3341 3338//3338
f 3337//3337 3322//3322 3338//3338
f 3338//3338 3341//3341 3337//3337
f 3341//3341 3343//3343 3298//3298
f 3292//3292 3283//3283 3344//3344
f 3284//3284 3348//3348 3294//3294
f 3348//3348 3351//3351 3294//3294
f 3351//3351 3352//3352 3350//3350
f 3351//3351 3348//3348 3352//3352
f 3353//3353 3304//3304 3302//3302
f 3354//3354 3299//3299 3285//3285
f 3353//3353 3302//3302 3355//3355
f 3301//3301 3356//3356 3300//3300
f 3357//3357 3353//3353 3355//3355
f 3308//3308 3289//3289 3358//3358
f 3359//3359 3307//3307 3362//3362
f 3358//3358 3363//3363 3308//3308
f 3364//3364 3300//3300 3356//3356
f 3366//3366 3347//3347 3296//3296
f 3297//3297 3298//3298 3343//3343
f 3347//3347 3366//3366 3343//3343
f 3343//3343 3344//3344 3347//3347
f 3342//3342 3344//3344 3343//3343
f 3352//3352 3348//3348 3368//3368
f 3342//3342 3367//3367 3344//3344
f 3342//3342 3369//3369 3368//3368
f 3368//3368 3367//3367 3342//3342
f 3343//3343 3341//3341 3342//3342
f 3357//3357 3355//3355 3365//3365
f 3353//3353 3357//3357 3370//3370
f 3299//3299 3354//3354 3371//3371
f 3372//3372 3299//3299 3371//3371
f 3370//3370 3357//3357 3373//3373
f 3358//3358 3376//3376 3363//3363
f 3372//3372 3371//3371 3369//3369
f 3342//3342 3356//3356 3372//3372
f 3377//3377 3364//3364 3356//3356
f 3342//3342 3372//3372 3369//3369
f 3375//3375 3374//3374 3378//3378
f 3377//3377 3373//3373 3364//3364
f 3373//3373 3377//3377 3370//3370
f 3375//3375 3378//3378 3377//3377
f 3376//3376 3375//3375 3379//3379
f 3370//3370 3377//3377 3378//3378
f 3379//3379 3375//3375 3377//3377
f 3377//3377 3356//3356 3342//3342
f 3379//3379 3380//3380 3376//3376
f 3359//3359 3362//3362 3380//3380
f 3380//3380 3379//3379 3359//3359
f 4110//4110 4129//4129 4114//4114
f 4134//4134 4140//4140 4120//4120
f 4145//4145 4152//4152 4143//4143
f 4158//4158 4160//4160 4157//4157
f 4159//4159 4160//4160 4158//4158
f 4178//4178 4179//4179 4174//4174
f 4174//4174 4173//4173 4178//4178
f 4183//4183 4185//4185 4184//4184
f 4179//4179 4204//4204 4174//4174
f 4174//4174 4204//4204 4205//4205
f 4207//4207 4208//4208 4206//4206
f 4230//4230 4227//4227 4229//4229
f 4251//4251 4252//4252 4253//4253
f 4254//4254 4256//4256 4255//4255
f 4278//4278 4255//4255 4279//4279
f 4255//4255 4256//4256 4279//4279
f 4259//4259 4260//4260 4258//4258
f 4290//4290 4291//4291 4289//4289
f 4290//4290 4292//4292 4291//4291
f 4289//4289 4294//4294 4290//4290
f 4290//4290 4293//4293 4295//4295
f 4294//4294 4296//4296 4290//4290
f 4296//4296 4293//4293 4290//4290
f 4294//4294 4297//4297 4296//4296
f 4298//4298 4297//4297 4294//4294
f 4299//4299 4301//4301 4302//4302
f 4299//4299 4300//4300 4301//4301
f 4303//4303 4300//4300 4304//4304
f 4300//4300 4303//4303 4301//4301
f 4307//4307 4306//4306 4305//4305
f 4309//4309 4305//4305 4306//4306
f 4306//4306 4308//4308 4309//4309
f 4312//4312 4310//4310 4311//4311
f 4312//4312 4313//4313 4310//4310
f 4314//4314 4315//4315 4312//4312
f 4313//4313 4312//4312 4315//4315
f 4314//4314 4316//4316 4315//4315
f 4316//4316 4314//4314 4317//4317
f 4317//4317 4319//4319 4321//4321
f 4320//4320 4319//4319 4322//4322
f 4322//4322 4323//4323 4320//4320
f 4319//4319 4320//4320 4321//4321
f 4317//4317 4321//4321 4318//4318
f 4318//4318 4321//4321 4324//4324
f 4317//4317 4318//4318 4316//4316
f 4331//4331 4329//4329 4326//4326
f 4332//4332 4335//4335 4336//4336
f 4332//4332 4333//4333 4335//4335
f 4329//4329 4336//4336 4335//4335
f 4337//4337 4329//4329 4331//4331
f 4359//4359 4358//4358 4360//4360
f 4358//4358 4359//4359 4361//4361
f 4359//4359 4362//4362 4361//4361
f 4360//4360 4363//4363 4364//4364
f 4359//4359 4360//4360 4364//4364
f 4363//4363 4366//4366 4364//4364
f 4366//4366 4368//4368 4367//4367
f 4367//4367 4364//4364 4366//4366
f 4369//4369 4370//4370 4365//4365
f 4370//4370 4369//4369 4371//4371
f 4368//4368 4371//4371 4367//4367
f 4371//4371 4372//4372 4370//4370
f 4368//4368 4372//4372 4371//4371
f 4373//4373 4375//4375 4374//4374
f 4376//4376 4375//4375 4377//4377
f 4375//4375 4376//4376 4374//4374
f 4378//4378 4381//4381 4380//4380
f 4378//4378 4380//4380 4382//4382
f 4382//4382 4379//4379 4378//4378
f 4377//4377 4375//4375 4383//4383
f 4383//4383 4384//4384 4377//4377
f 4381//4381 4376//4376 4385//4385
f 4389//4389 4381//4381 4388//4388
f 4382//4382 4380//4380 4390//4390
f 4380//4380 4381//4381 4389//4389
f 4390//4390 4391//4391 4382//4382
f 4392//4392 4394//4394 4396//4396
f 4408//4408 4396//4396 4394//4394
f 4409//4409 4408//4408 4407//4407
f 4396//4396 4408//4408 4409//4409
f 4418//4418 4436//4436 4422//4422
f 4444//4444 4448//4448 4430//4430
f 4457//4457 4463//4463 4454//4454
f 4467//4467 4468//4468 4469//4469
f 4469//4469 4472//4472 4467//4467
f 4463//4463 4457//4457 4477//4477
f 4488//4488 4490//4490 4491//4491
f 4489//4489 4490//4490 4488//4488
f 4492//4492 4491//4491 4490//4490
f 4493//4493 4492//4492 4490//4490
f 4493//4493 4490//4490 4494//4494
f 4498//4498 4494//4494 4496//4496
f 4494//4494 4498//4498 4497//4497
f 4497//4497 4495//4495 4494//4494
f 4496//4496 4499//4499 4498//4498
f 4495//4495 4493//4493 4494//4494
f 4497//4497 4500//4500 4495//4495
f 2974//2974 2970//2970 2972//2972
f 2974//2974 2973//2973 2970//2970
f 3012//3012 3011//3011 3014//3014
f 3047//3047 3046//3046 3045//3045
f 4501//4501 3056//3056 4502//4502
f 3056//3056 3055//3055 4502//4502
f 3246//3246 3224//3224 3247//3247
f 3307//3307 3359//3359 3282//3282
f 4503//4503 4505//4505 4504//4504
f 4510//4510 4509//4509 4508//4508
f 4516//4516 4517//4517 4518//4518
f 4519//4519 4520//4520 4521//4521
f 4521//4521 4518//4518 4519//4519
f 4524//4524 4525//4525 4526//4526
f 4526//4526 4527//4527 4524//4524
f 4522//4522 4523//4523 4525//4525
f 4520//4520 4519//4519 4523//4523
f 4521//4521 4516//4516 4518//4518
f 4522//4522 4520//4520 4523//4523
f 4529//4529 4528//4528 4527//4527
f 4528//4528 4529//4529 4530//4530
f 4525//4525 4524//4524 4522//4522
f 4526//4526 4529//4529 4527//4527
f 4531//4531 4530//4530 4532//4532
f 4533//4533 4532//4532 4534//4534
f 4535//4535 4534//4534 4536//4536
f 4539//4539 4538//4538 4540//4540
f 4537//4537 4536//4536 4538//4538
f 4534//4534 4535//4535 4533//4533
f 4533//4533 4531//4531 4532//4532
f 4537//4537 4535//4535 4536//4536
f 4539//4539 4537//4537 4538//4538
f 4541//4541 4540//4540 4542//4542
f 4543//4543 4541//4541 4542//4542
f 4543//4543 4542//4542 4544//4544
f 4541//4541 4539//4539 4540//4540
f 4528//4528 4530//4530 4531//4531
f 4545//4545 4546//4546 4547//4547
f 4545//4545 4547//4547 4548//4548
f 4548//4548 4549//4549 4550//4550
f 4548//4548 4550//4550 4545//4545
f 4551//4551 4552//4552 4553//4553
f 4551//4551 4553//4553 4554//4554
f 4555//4555 4556//4556 4557//4557
f 4555//4555 4557//4557 4558//4558
f 4551//4551 4555//4555 4558//4558
f 4551//4551 4558//4558 4552//4552
f 4554//4554 4553//4553 4550//4550
f 4554//4554 4550//4550 4549//4549
f 4557//4557 4556//4556 4559//4559
f 4557//4557 4559//4559 4560//4560
f 4559//4559 4561//4561 4562//4562
f 4559//4559 4562//4562 4560//4560
f 4563//4563 4564//4564 4562//4562
f 4563//4563 4562//4562 4561//4561
f 4565//4565 4566//4566 4567//4567
f 4565//4565 4567//4567 4568//4568
f 4569//4569 4570//4570 4571//4571
f 4569//4569 4571//4571 4572//4572
f 4568//4568 4572//4572 4571//4571
f 4568//4568 4571//4571 4565//4565
f 4563//4563 4567//4567 4566//4566
f 4563//4563 4566//4566 4564//4564
f 4573//4573 4574//4574 4575//4575
f 4574//4574 4576//4576 4577//4577
f 4578//4578 4577//4577 4579//4579
f 4577//4577 4576//4576 4579//4579
f 4580//4580 4574//4574 4573//4573
f 4576//4576 4574//4574 4580//4580
f 4581//4581 4582//4582 4580//4580
f 4583//4583 4579//4579 4576//4576
f 4576//4576 4582//4582 4584//4584
f 4576//4576 4580//4580 4582//4582
f 4580//4580 4573//4573 4585//4585
f 4586//4586 4587//4587 4588//4588
f 4589//4589 4587//4587 4586//4586
f 4590//4590 4586//4586 4588//4588
f 4591//4591 4592//4592 4589//4589
f 4587//4587 4589//4589 4592//4592
f 4593//4593 4592//4592 4591//4591
f 4594//4594 4595//4595 4596//4596
f 4588//4588 4595//4595 4590//4590
f 4590//4590 4595//4595 4594//4594
f 4596//4596 4597//4597 4598//4598
f 4599//4599 4600//4600 4597//4597
f 4598//4598 4597//4597 4600//4600
f 4594//4594 4596//4596 4598//4598
f 4601//4601 4602//4602 4603//4603
f 4593//4593 4603//4603 4602//4602
f 4601//4601 4604//4604 4605//4605
f 4606//4606 4605//4605 4604//4604
f 4602//4602 4601//4601 4605//4605
f 4607//4607 4599//4599 4608//4608
f 4607//4607 4600//4600 4599//4599
f 4609//4609 4607//4607 4608//4608
f 4610//4610 4606//4606 4611//4611
f 4604//4604 4611//4611 4606//4606
f 4610//4610 4609//4609 4608//4608
f 4611//4611 4609//4609 4610//4610
f 4603//4603 4593//4593 4591//4591
f 4614//4614 4613//4613 4612//4612
f 4612//4612 4615//4615 4614//4614
f 4616//4616 4613//4613 4614//4614
f 4619//4619 4614//4614 4615//4615
f 4618//4618 4619//4619 4615//4615
f 4619//4619 4620//4620 4614//4614
f 4617//4617 4615//4615 4612//4612
f 4628//4628 4626//4626 4627//4627
f 4628//4628 4623//4623 4626//4626
f 4628//4628 4624//4624 4623//4623
f 4629//4629 4627//4627 4626//4626
f 4629//4629 4631//4631 4632//4632
f 4629//4629 4632//4632 4630//4630
f 4627//4627 4629//4629 4630//4630
f 4648//4648 4645//4645 4646//4646
f 4651//4651 4652//4652 4650//4650
f 4652//4652 4651//4651 4653//4653
f 4653//4653 4654//4654 4652//4652
f 4656//4656 4655//4655 4657//4657
f 4657//4657 4658//4658 4656//4656
f 4654//4654 4655//4655 4656//4656
f 4659//4659 4661//4661 4660//4660
f 4658//4658 4659//4659 4660//4660
f 4661//4661 4662//4662 4663//4663
f 4664//4664 4665//4665 4666//4666
f 4665//4665 4667//4667 4666//4666
f 4669//4669 4668//4668 4671//4671
f 4674//4674 4672//4672 4673//4673
f 4709//4709 4708//4708 4707//4707
f 4715//4715 4717//4717 4716//4716
f 4719//4719 4715//4715 4720//4720
f 4721//4721 4722//4722 4723//4723
f 4719//4719 4720//4720 4723//4723
f 4720//4720 4721//4721 4723//4723
f 4725//4725 4727//4727 4726//4726
f 4722//4722 4721//4721 4727//4727
f 4714//4714 4728//4728 4713//4713
f 4728//4728 4714//4714 4718//4718
f 4717//4717 4718//4718 4716//4716
f 4720//4720 4715//4715 4716//4716
f 4726//4726 4727//4727 4721//4721
f 4726//4726 4724//4724 4725//4725
f 4730//4730 4724//4724 4729//4729
f 4729//4729 4731//4731 4732//4732
f 4725//4725 4724//4724 4730//4730
f 4732//4732 4733//4733 4734//4734
f 4734//4734 4735//4735 4736//4736
f 4731//4731 4729//4729 4724//4724
f 4733//4733 4732//4732 4731//4731
f 4737//4737 4736//4736 4735//4735
f 4733//4733 4735//4735 4734//4734
f 4740//4740 4736//4736 4737//4737
f 4740//4740 4739//4739 4738//4738
f 4741//4741 4742//4742 4746//4746
f 4741//4741 4746//4746 4747//4747
f 4744//4744 4743//4743 4741//4741
f 4744//4744 4741//4741 4748//4748
f 4753//4753 4747//4747 4751//4751
f 4748//4748 4747//4747 4754//4754
f 4755//4755 4749//4749 4756//4756
f 4752//4752 4758//4758 4757//4757
f 4751//4751 4752//4752 4753//4753
f 4754//4754 4747//4747 4753//4753
f 4760//4760 4755//4755 4756//4756
f 4760//4760 4757//4757 4755//4755
f 4753//4753 4752//4752 4761//4761
f 4753//4753 4762//4762 4763//4763
f 4754//4754 4753//4753 4763//4763
f 4764//4764 4748//4748 4754//4754
f 4744//4744 4748//4748 4764//4764
f 4756//4756 4765//4765 4766//4766
f 4757//4757 4760//4760 4767//4767
f 4752//4752 4757//4757 4767//4767
f 4761//4761 4752//4752 4767//4767
f 4753//4753 4761//4761 4762//4762
f 4760//4760 4756//4756 4766//4766
f 4760//4760 4766//4766 4768//4768
f 4767//4767 4760//4760 4768//4768
f 4769//4769 4754//4754 4763//4763
f 4764//4764 4754//4754 4769//4769
f 4763//4763 4762//4762 4769//4769
f 4771//4771 4749//4749 4772//4772
f 4750//4750 4749//4749 4771//4771
f 4773//4773 4749//4749 4750//4750
f 4772//4772 4755//4755 4758//4758
f 4772//4772 4749//4749 4755//4755
f 4746//4746 4751//4751 4747//4747
f 4751//4751 4746//4746 4774//4774
f 4752//4752 4751//4751 4774//4774
f 4742//4742 4741//4741 4743//4743
f 4743//4743 4744//4744 4745//4745
f 4775//4775 4766//4766 4765//4765
f 4766//4766 4775//4775 4768//4768
f 4755//4755 4757//4757 4758//4758
f 4767//4767 4768//4768 4776//4776
f 4774//4774 4758//4758 4752//4752
f 4762//4762 4761//4761 4776//4776
f 4762//4762 4776//4776 4769//4769
f 4767//4767 4776//4776 4761//4761
f 4744//4744 4764//4764 4745//4745
f 4781//4781 4782//4782 4780//4780
f 4778//4778 4782//4782 4781//4781
f 4779//4779 4777//4777 4783//4783
f 4783//4783 4777//4777 4778//4778
f 4784//4784 4777//4777 4779//4779
f 4785//4785 4784//4784 4786//4786
f 4791//4791 4778//4778 4781//4781
f 4783//4783 4778//4778 4791//4791
f 4792//4792 4784//4784 4779//4779
f 4786//4786 4784//4784 4792//4792
f 4788//4788 4787//4787 4786//4786
f 4789//4789 4788//4788 4790//4790
f 4793//4793 4779//4779 4783//4783
f 4794//4794 4786//4786 4792//4792
f 4795//4795 4788//4788 4786//4786
f 4792//4792 4779//4779 4793//4793
f 4786//4786 4794//4794 4795//4795
f 4791//4791 4781//4781 4797//4797
f 4797//4797 4798//4798 4791//4791
f 4798//4798 4783//4783 4791//4791
f 4799//4799 4783//4783 4798//4798
f 4793//4793 4783//4783 4799//4799
f 4800//4800 4792//4792 4793//4793
f 4794//4794 4792//4792 4800//4800
f 4801//4801 4781//4781 4796//4796
f 4797//4797 4781//4781 4801//4801
f 4793//4793 4799//4799 4802//4802
f 4800//4800 4793//4793 4802//4802
f 4794//4794 4800//4800 4803//4803
f 4804//4804 4788//4788 4795//4795
f 4790//4790 4788//4788 4804//4804
f 4805//4805 4801//4801 4796//4796
f 4799//4799 4806//4806 4802//4802
f 4800//4800 4802//4802 4807//4807
f 4808//4808 4794//4794 4803//4803
f 4808//4808 4795//4795 4794//4794
f 4797//4797 4801//4801 4810//4810
f 4806//4806 4798//4798 4797//4797
f 4797//4797 4810//4810 4806//4806
f 4799//4799 4798//4798 4806//4806
f 4803//4803 4800//4800 4807//4807
f 4803//4803 4807//4807 4811//4811
f 4806//4806 4812//4812 4802//4802
f 4811//4811 4808//4808 4803//4803
f 4813//4813 4795//4795 4808//4808
f 4804//4804 4795//4795 4813//4813
f 4801//4801 4805//4805 4815//4815
f 4810//4810 4801//4801 4815//4815
f 4810//4810 4816//4816 4806//4806
f 4817//4817 4802//4802 4812//4812
f 4807//4807 4802//4802 4817//4817
f 4807//4807 4817//4817 4818//4818
f 4818//4818 4811//4811 4807//4807
f 4813//4813 4808//4808 4811//4811
f 4809//4809 4790//4790 4804//4804
f 4812//4812 4806//4806 4816//4816
f 4816//4816 4810//4810 4815//4815
f 4819//4819 4817//4817 4812//4812
f 4818//4818 4817//4817 4820//4820
f 4821//4821 4818//4818 4820//4820
f 4811//4811 4818//4818 4821//4821
f 4816//4816 4815//4815 4822//4822
f 4819//4819 4812//4812 4816//4816
f 4819//4819 4816//4816 4823//4823
f 4820//4820 4817//4817 4819//4819
f 4824//4824 4811//4811 4821//4821
f 4813//4813 4811//4811 4824//4824
f 4816//4816 4822//4822 4823//4823
f 4827//4827 4820//4820 4819//4819
f 4825//4825 4804//4804 4813//4813
f 4809//4809 4804//4804 4825//4825
f 4829//4829 4822//4822 4815//4815
f 4826//4826 4819//4819 4823//4823
f 4827//4827 4819//4819 4826//4826
f 4830//4830 4821//4821 4820//4820
f 4830//4830 4820//4820 4827//4827
f 4824//4824 4821//4821 4830//4830
f 4829//4829 4815//4815 4828//4828
f 4831//4831 4822//4822 4829//4829
f 4831//4831 4832//4832 4823//4823
f 4822//4822 4831//4831 4823//4823
f 4826//4826 4823//4823 4832//4832
f 4825//4825 4813//4813 4824//4824
f 4834//4834 4827//4827 4826//4826
f 4830//4830 4827//4827 4834//4834
f 4825//4825 4824//4824 4835//4835
f 4829//4829 4828//4828 4833//4833
f 4831//4831 4829//4829 4836//4836
f 4837//4837 4831//4831 4836//4836
f 4831//4831 4837//4837 4832//4832
f 4826//4826 4832//4832 4838//4838
f 4834//4834 4826//4826 4838//4838
f 4824//4824 4830//4830 4835//4835
f 4840//4840 4825//4825 4839//4839
f 4809//4809 4825//4825 4840//4840
f 4836//4836 4829//4829 4833//4833
f 4832//4832 4837//4837 4838//4838
f 4842//4842 4834//4834 4838//4838
f 4834//4834 4842//4842 4843//4843
f 4844//4844 4830//4830 4834//4834
f 4844//4844 4834//4834 4843//4843
f 4835//4835 4830//4830 4844//4844
f 4839//4839 4825//4825 4835//4835
f 4841//4841 4838//4838 4837//4837
f 4839//4839 4835//4835 4845//4845
f 4846//4846 4836//4836 4833//4833
f 4847//4847 4837//4837 4836//4836
f 4837//4837 4847//4847 4841//4841
f 4848//4848 4838//4838 4841//4841
f 4842//4842 4838//4838 4848//4848
f 4845//4845 4835//4835 4844//4844
f 4840//4840 4839//4839 4849//4849
f 4847//4847 4836//4836 4846//4846
f 4841//4841 4847//4847 4850//4850
f 4848//4848 4841//4841 4850//4850
f 4851//4851 4842//4842 4848//4848
f 4843//4843 4842//4842 4851//4851
f 4852//4852 4844//4844 4843//4843
f 4852//4852 4843//4843 4851//4851
f 4845//4845 4844//4844 4852//4852
f 4849//4849 4839//4839 4845//4845
f 4846//4846 4833//4833 4853//4853
f 4848//4848 4854//4854 4851//4851
f 4846//4846 4853//4853 4855//4855
f 4848//4848 4850//4850 4856//4856
f 4854//4854 4848//4848 4856//4856
f 4857//4857 4851//4851 4854//4854
f 4852//4852 4851//4851 4857//4857
f 4858//4858 4845//4845 4852//4852
f 4849//4849 4845//4845 4858//4858
f 4846//4846 4855//4855 4859//4859
f 4859//4859 4847//4847 4846//4846
f 4850//4850 4847//4847 4859//4859
f 4850//4850 4860//4860 4856//4856
f 4852//4852 4857//4857 4861//4861
f 4858//4858 4852//4852 4861//4861
f 4850//4850 4859//4859 4860//4860
f 4856//4856 4860//4860 4862//4862
f 4854//4854 4856//4856 4862//4862
f 4860//4860 4859//4859 4863//4863
f 4862//4862 4860//4860 4864//4864
f 4854//4854 4862//4862 4865//4865
f 4857//4857 4854//4854 4865//4865
f 4866//4866 4857//4857 4865//4865
f 4861//4861 4857//4857 4866//4866
f 4859//4859 4855//4855 4868//4868
f 4863//4863 4859//4859 4868//4868
f 4860//4860 4863//4863 4864//4864
f 4858//4858 4861//4861 4866//4866
f 4849//4849 4858//4858 4869//4869
f 4840//4840 4849//4849 4869//4869
f 4866//4866 4865//4865 4870//4870
f 4871//4871 4858//4858 4866//4866
f 4869//4869 4858//4858 4871//4871
f 4872//4872 4840//4840 4869//4869
f 4855//4855 4867//4867 4868//4868
f 4873//4873 4864//4864 4863//4863
f 4862//4862 4864//4864 4873//4873
f 4865//4865 4862//4862 4874//4874
f 4870//4870 4865//4865 4874//4874
f 4875//4875 4866//4866 4870//4870
f 4871//4871 4866//4866 4875//4875
f 4874//4874 4862//4862 4873//4873
f 4870//4870 4874//4874 4876//4876
f 4875//4875 4870//4870 4876//4876
f 4869//4869 4871//4871 4877//4877
f 4863//4863 4868//4868 4878//4878
f 4873//4873 4863//4863 4878//4878
f 4879//4879 4874//4874 4873//4873
f 4876//4876 4874//4874 4880//4880
f 4875//4875 4876//4876 4881//4881
f 4872//4872 4869//4869 4877//4877
f 4868//4868 4867//4867 4882//4882
f 4878//4878 4868//4868 4882//4882
f 4874//4874 4879//4879 4880//4880
f 4883//4883 4871//4871 4875//4875
f 4883//4883 4875//4875 4881//4881
f 4873//4873 4878//4878 4884//4884
f 4884//4884 4879//4879 4873//4873
f 4876//4876 4880//4880 4885//4885
f 4876//4876 4885//4885 4881//4881
f 4877//4877 4871//4871 4883//4883
f 4879//4879 4884//4884 4886//4886
f 4880//4880 4879//4879 4886//4886
f 4887//4887 4880//4880 4886//4886
f 4885//4885 4880//4880 4887//4887
f 4872//4872 4877//4877 4888//4888
f 4889//4889 4885//4885 4887//4887
f 4889//4889 4881//4881 4885//4885
f 4890//4890 4883//4883 4881//4881
f 4888//4888 4877//4877 4883//4883
f 4878//4878 4882//4882 4892//4892
f 4878//4878 4892//4892 4893//4893
f 4884//4884 4878//4878 4893//4893
f 4893//4893 4886//4886 4884//4884
f 4886//4886 4893//4893 4894//4894
f 4887//4887 4886//4886 4894//4894
f 4881//4881 4889//4889 4890//4890
f 4895//4895 4883//4883 4890//4890
f 4888//4888 4883//4883 4895//4895
f 4892//4892 4882//4882 4891//4891
f 4890//4890 4889//4889 4896//4896
f 4897//4897 4872//4872 4888//4888
f 4898//4898 4888//4888 4895//4895
f 4897//4897 4888//4888 4898//4898
f 4893//4893 4892//4892 4899//4899
f 4892//4892 4891//4891 4900//4900
f 4899//4899 4892//4892 4900//4900
f 4897//4897 4898//4898 4901//4901
f 4897//4897 4901//4901 4903//4903
f 4796//4796 4781//4781 4780//4780
f 4777//4777 4782//4782 4778//4778
f 4867//4867 4855//4855 4853//4853
f 4815//4815 4805//4805 4828//4828
f 4784//4784 4785//4785 4777//4777
f 4785//4785 4786//4786 4787//4787
f 4788//4788 4789//4789 4787//4787
f 4882//4882 4867//4867 4891//4891
f 4905//4905 4887//4887 4894//4894
f 4905//4905 4889//4889 4887//4887
f 4905//4905 4896//4896 4889//4889
f 4906//4906 4900//4900 4891//4891
f 4894//4894 4893//4893 4899//4899
f 4895//4895 4890//4890 4896//4896
f 4901//4901 4898//4898 4896//4896
f 4895//4895 4896//4896 4898//4898
f 4902//4902 4897//4897 4903//4903
f 4909//4909 4910//4910 4911//4911
f 4911//4911 4910//4910 4912//4912
f 4914//4914 4908//4908 4909//4909
f 4914//4914 4909//4909 4911//4911
f 4915//4915 4908//4908 4916//4916
f 4914//4914 4916//4916 4908//4908
f 4911//4911 4912//4912 4913//4913
f 4918//4918 4916//4916 4914//4914
f 4918//4918 4914//4914 4919//4919
f 4919//4919 4914//4914 4911//4911
f 4915//4915 4916//4916 4920//4920
f 4919//4919 4911//4911 4913//4913
f 4921//4921 4920//4920 4916//4916
f 4918//4918 4921//4921 4916//4916
f 4922//4922 4920//4920 4923//4923
f 4923//4923 4920//4920 4921//4921
f 4924//4924 4918//4918 4919//4919
f 4925//4925 4924//4924 4919//4919
f 4925//4925 4919//4919 4913//4913
f 4926//4926 4922//4922 4923//4923
f 4918//4918 4923//4923 4921//4921
f 4927//4927 4923//4923 4918//4918
f 4927//4927 4918//4918 4924//4924
f 4925//4925 4913//4913 4917//4917
f 4926//4926 4923//4923 4928//4928
f 4923//4923 4927//4927 4928//4928
f 4926//4926 4929//4929 4922//4922
f 4927//4927 4924//4924 4930//4930
f 4930//4930 4924//4924 4925//4925
f 4931//4931 4930//4930 4925//4925
f 4932//4932 4929//4929 4926//4926
f 4926//4926 4928//4928 4932//4932
f 4933//4933 4928//4928 4927//4927
f 4933//4933 4927//4927 4930//4930
f 4931//4931 4925//4925 4917//4917
f 4934//4934 4932//4932 4928//4928
f 4928//4928 4933//4933 4934//4934
f 4933//4933 4930//4930 4935//4935
f 4935//4935 4930//4930 4931//4931
f 4934//4934 4933//4933 4936//4936
f 4936//4936 4933//4933 4935//4935
f 4937//4937 4915//4915 4920//4920
f 4912//4912 4917//4917 4913//4913
f 4922//4922 4937//4937 4920//4920
f 4937//4937 4922//4922 4929//4929
f 4936//4936 4935//4935 4931//4931
f 4940//4940 4938//4938 4939//4939
f 4940//4940 4941//4941 4938//4938
f 4942//4942 4941//4941 4940//4940
f 4942//4942 4940//4940 4943//4943
f 4945//4945 4944//4944 4943//4943
f 4946//4946 4947//4947 4945//4945
f 4950//4950 4948//4948 4949//4949
f 4938//4938 4941//4941 4939//4939
f 4944//4944 4942//4942 4943//4943
f 4946//4946 4951//4951 4947//4947
f 4946//4946 4948//4948 4951//4951
f 4948//4948 4950//4950 4951//4951
f 4953//4953 4955//4955 4954//4954
f 4956//4956 4955//4955 4953//4953
f 4955//4955 4956//4956 4957//4957
f 4957//4957 4958//4958 4955//4955
f 4958//4958 4957//4957 4959//4959
f 4962//4962 4963//4963 4961//4961
f 4965//4965 4963//4963 4962//4962
f 4965//4965 4964//4964 4963//4963
f 4966//4966 4964//4964 4965//4965
f 4959//4959 4960//4960 4958//4958
f 4960//4960 4967//4967 4961//4961
f 4961//4961 4967//4967 4962//4962
f 4971//4971 4969//4969 4968//4968
f 4974//4974 4973//4973 4976//4976
f 4975//4975 4976//4976 4973//4973
f 4976//4976 4977//4977 4974//4974
f 4978//4978 4977//4977 4976//4976
f 4979//4979 4977//4977 4978//4978
f 4980//4980 4977//4977 4979//4979
f 4970//4970 4968//4968 4969//4969
f 4972//4972 4973//4973 4971//4971
f 4973//4973 4972//4972 4975//4975
f 4977//4977 4980//4980 4981//4981
f 4984//4984 4983//4983 4982//4982
f 4985//4985 4984//4984 4982//4982
f 4985//4985 4986//4986 4984//4984
f 4987//4987 4986//4986 4985//4985
f 4989//4989 4987//4987 4988//4988
f 4990//4990 4989//4989 4988//4988
f 4990//4990 4988//4988 4991//4991
f 4992//4992 4990//4990 4991//4991
f 4991//4991 4993//4993 4992//4992
f 4994//4994 4982//4982 4983//4983
f 4996//4996 4992//4992 4993//4993
f 5006//5006 5007//5007 4997//4997
f 4998//4998 5008//5008 5007//5007
f 5006//5006 4998//4998 5007//5007
f 4998//4998 4999//4999 5008//5008
f 4999//4999 5009//5009 5008//5008
f 5001//5001 5000//5000 5009//5009
f 4999//4999 5001//5001 5009//5009
f 5001//5001 5002//5002 5000//5000
f 5010//5010 5002//5002 5011//5011
f 5010//5010 5011//5011 5004//5004
f 5004//5004 5003//5003 5010//5010
f 5003//5003 5013//5013 5012//5012
f 5004//5004 5013//5013 5003//5003
f 5014//5014 5005//5005 5012//5012
f 5013//5013 5014//5014 5012//5012
f 5016//5016 5015//5015 5017//5017
f 5017//5017 5015//5015 5018//5018
f 5018//5018 5019//5019 5017//5017
f 5020//5020 5021//5021 5019//5019
f 5022//5022 5021//5021 5023//5023
f 5024//5024 5025//5025 5022//5022
f 5028//5028 5026//5026 5029//5029
f 5030//5030 5031//5031 5028//5028
f 5031//5031 5030//5030 5032//5032
f 5026//5026 5025//5025 5027//5027
f 5019//5019 5018//5018 5020//5020
f 5021//5021 5020//5020 5023//5023
f 5022//5022 5023//5023 5024//5024
f 5025//5025 5024//5024 5027//5027
f 5029//5029 5026//5026 5027//5027
f 5028//5028 5029//5029 5030//5030
f 5032//5032 5030//5030 5033//5033
f 5034//5034 5032//5032 5033//5033
f 5035//5035 5036//5036 5037//5037
f 5035//5035 5037//5037 5034//5034
f 5034//5034 5033//5033 5035//5035
f 5038//5038 5037//5037 5039//5039
f 5041//5041 5040//5040 5042//5042
f 5040//5040 5041//5041 5038//5038
f 5043//5043 5042//5042 5044//5044
f 5044//5044 5045//5045 5046//5046
f 5044//5044 5046//5046 5043//5043
f 5047//5047 5046//5046 5045//5045
f 5047//5047 5049//5049 5050//5050
f 5037//5037 5036//5036 5039//5039
f 5038//5038 5039//5039 5040//5040
f 5042//5042 5040//5040 5044//5044
f 5047//5047 5045//5045 5048//5048
f 5047//5047 5048//5048 5049//5049
f 5097//5097 5095//5095 5096//5096
f 5096//5096 5099//5099 5097//5097
f 5099//5099 5098//5098 5097//5097
f 5100//5100 5098//5098 5099//5099
f 5100//5100 5101//5101 5098//5098
f 5104//5104 5103//5103 5102//5102
f 5107//5107 5106//5106 5105//5105
f 5108//5108 5106//5106 5107//5107
f 5108//5108 5109//5109 5106//5106
f 5124//5124 5125//5125 5126//5126
f 5124//5124 5127//5127 5125//5125
f 5128//5128 5127//5127 5129//5129
f 5128//5128 5129//5129 5130//5130
f 5128//5128 5130//5130 5131//5131
f 5125//5125 5127//5127 5128//5128
f 5131//5131 5132//5132 5133//5133
f 5133//5133 5134//5134 5135//5135
f 5133//5133 5135//5135 5136//5136
f 5133//5133 5132//5132 5134//5134
f 5136//5136 5135//5135 5137//5137
f 5136//5136 5137//5137 5138//5138
f 5138//5138 5137//5137 5139//5139
f 5138//5138 5139//5139 5140//5140
f 5130//5130 5132//5132 5131//5131
f 5140//5140 5139//5139 5141//5141
f 5141//5141 5142//5142 5143//5143
f 5143//5143 5142//5142 5144//5144
f 5145//5145 5148//5148 5147//5147
f 5145//5145 5147//5147 5146//5146
f 5143//5143 5144//5144 5145//5145
f 5143//5143 5145//5145 5146//5146
f 5149//5149 5151//5151 5152//5152
f 5151//5151 5153//5153 5152//5152
f 5149//5149 5150//5150 5151//5151
f 5153//5153 5154//5154 5155//5155
f 5155//5155 5154//5154 5156//5156
f 5155//5155 5156//5156 5157//5157
f 5153//5153 5155//5155 5152//5152
f 5148//5148 5150//5150 5149//5149
f 5148//5148 5149//5149 5147//5147
f 5141//5141 5139//5139 5142//5142
f 5160//5160 5161//5161 5159//5159
f 5161//5161 5158//5158 5159//5159
f 5160//5160 5162//5162 5163//5163
f 5160//5160 5163//5163 5161//5161
f 5164//5164 5163//5163 5162//5162
f 5165//5165 5167//5167 5166//5166
f 5167//5167 5168//5168 5166//5166
f 5169//5169 5170//5170 5168//5168
f 5169//5169 5168//5168 5167//5167
f 5171//5171 5172//5172 5170//5170
f 5171//5171 5170//5170 5169//5169
f 5173//5173 5174//5174 5171//5171
f 5173//5173 5175//5175 5176//5176
f 5173//5173 5176//5176 5174//5174
f 5171//5171 5174//5174 5172//5172
f 5177//5177 5178//5178 5176//5176
f 5177//5177 5176//5176 5175//5175
f 5179//5179 5178//5178 5177//5177
f 5179//5179 5177//5177 5180//5180
f 5181//5181 5179//5179 5180//5180
f 5183//5183 5184//5184 5182//5182
f 5181//5181 5183//5183 5182//5182
f 5185//5185 5186//5186 5184//5184
f 5185//5185 5184//5184 5183//5183
f 5187//5187 5188//5188 5186//5186
f 5187//5187 5186//5186 5185//5185
f 5182//5182 5179//5179 5181//5181
f 5188//5188 5187//5187 5189//5189
f 5187//5187 5190//5190 5189//5189
f 5193//5193 5194//5194 5192//5192
f 5191//5191 5193//5193 5192//5192
f 5190//5190 5191//5191 5192//5192
f 5190//5190 5192//5192 5189//5189
f 5193//5193 5195//5195 5194//5194
f 5195//5195 5196//5196 5194//5194
f 5195//5195 5197//5197 5196//5196
f 5197//5197 5198//5198 5196//5196
f 5199//5199 5200//5200 5198//5198
f 5199//5199 5198//5198 5197//5197
f 5201//5201 5203//5203 5202//5202
f 5201//5201 5202//5202 5200//5200
f 5201//5201 5200//5200 5199//5199
f 5204//5204 5205//5205 5203//5203
f 5204//5204 5203//5203 5201//5201
f 5206//5206 5207//5207 5205//5205
f 5206//5206 5205//5205 5204//5204
f 5206//5206 5208//5208 5207//5207
f 5209//5209 5208//5208 5206//5206
f 5213//5213 5214//5214 5216//5216
f 5221//5221 5220//5220 5222//5222
f 5225//5225 5219//5219 5226//5226
f 5226//5226 5224//5224 5225//5225
f 5215//5215 5216//5216 5220//5220
f 5227//5227 5231//5231 5232//5232
f 5257//5257 5256//5256 5255//5255
f 5257//5257 5258//5258 5259//5259
f 5256//5256 5257//5257 5259//5259
f 5260//5260 5255//5255 5256//5256
f 5262//5262 5261//5261 5260//5260
f 5260//5260 5261//5261 5255//5255
f 5263//5263 5259//5259 5258//5258
f 5264//5264 5263//5263 5265//5265
f 5263//5263 5258//5258 5265//5265
f 5266//5266 5264//5264 5265//5265
f 5264//5264 5266//5266 5267//5267
f 5266//5266 5268//5268 5267//5267
f 5270//5270 5269//5269 5262//5262
f 5262//5262 5269//5269 5261//5261
f 5270//5270 5271//5271 5269//5269
f 5272//5272 5269//5269 5271//5271
f 5271//5271 5273//5273 5272//5272
f 5274//5274 5268//5268 5275//5275
f 5274//5274 5267//5267 5268//5268
f 5273//5273 5276//5276 5272//5272
f 5277//5277 5276//5276 5273//5273
f 5277//5277 5274//5274 5275//5275
f 5276//5276 5277//5277 5275//5275
f 5281//5281 5280//5280 5284//5284
f 5282//5282 5281//5281 5284//5284
f 5279//5279 5278//5278 5283//5283
f 5284//5284 5280//5280 5279//5279
f 5282//5282 5284//5284 5285//5285
f 5283//5283 5286//5286 5287//5287
f 5279//5279 5283//5283 5287//5287
f 5279//5279 5287//5287 5284//5284
f 5284//5284 5287//5287 5289//5289
f 5288//5288 5284//5284 5289//5289
f 5290//5290 5286//5286 5291//5291
f 5287//5287 5286//5286 5290//5290
f 5289//5289 5287//5287 5290//5290
f 5292//5292 5288//5288 5289//5289
f 5292//5292 5289//5289 5293//5293
f 5290//5290 5291//5291 5294//5294
f 5293//5293 5289//5289 5290//5290
f 5293//5293 5290//5290 5295//5295
f 5295//5295 5290//5290 5294//5294
f 5294//5294 5296//5296 5298//5298
f 5299//5299 5293//5293 5295//5295
f 5299//5299 5295//5295 5298//5298
f 5298//5298 5295//5295 5294//5294
f 5297//5297 5293//5293 5299//5299
f 5278//5278 5279//5279 5280//5280
f 5288//5288 5285//5285 5284//5284
f 5293//5293 5297//5297 5292//5292
f 5303//5303 5302//5302 5304//5304
f 5302//5302 5300//5300 5301//5301
f 5307//5307 5302//5302 5305//5305
f 5304//5304 5302//5302 5307//5307
f 5304//5304 5307//5307 5306//5306
f 5307//5307 5305//5305 5308//5308
f 5309//5309 5306//5306 5307//5307
f 5309//5309 5307//5307 5310//5310
f 5307//5307 5308//5308 5311//5311
f 5310//5310 5307//5307 5311//5311
f 5313//5313 5310//5310 5311//5311
f 5311//5311 5308//5308 5312//5312
f 5316//5316 5311//5311 5315//5315
f 5313//5313 5311//5311 5316//5316
f 5312//5312 5314//5314 5317//5317
f 5311//5311 5312//5312 5317//5317
f 5315//5315 5311//5311 5317//5317
f 5305//5305 5302//5302 5301//5301
f 5312//5312 5308//5308 5314//5314
f 5330//5330 5333//5333 5331//5331
f 5333//5333 5332//5332 5331//5331
f 5358//5358 5362//5362 5363//5363
f 5359//5359 5358//5358 5363//5363
f 5358//5358 5361//5361 5362//5362
f 5365//5365 5360//5360 5359//5359
f 5359//5359 5363//5363 5367//5367
f 5368//5368 5359//5359 5367//5367
f 5359//5359 5368//5368 5365//5365
f 5362//5362 5361//5361 5370//5370
f 5361//5361 5366//5366 5370//5370
f 5372//5372 5362//5362 5370//5370
f 5363//5363 5362//5362 5373//5373
f 5374//5374 5365//5365 5368//5368
f 5365//5365 5374//5374 5375//5375
f 5360//5360 5365//5365 5375//5375
f 5364//5364 5360//5360 5376//5376
f 5373//5373 5362//5362 5372//5372
f 5376//5376 5360//5360 5375//5375
f 5370//5370 5366//5366 5378//5378
f 5363//5363 5373//5373 5379//5379
f 5367//5367 5363//5363 5380//5380
f 5380//5380 5368//5368 5367//5367
f 5374//5374 5368//5368 5380//5380
f 5364//5364 5376//5376 5381//5381
f 5369//5369 5364//5364 5381//5381
f 5371//5371 5369//5369 5377//5377
f 5372//5372 5370//5370 5378//5378
f 5373//5373 5372//5372 5382//5382
f 5379//5379 5380//5380 5363//5363
f 5377//5377 5369//5369 5381//5381
f 5379//5379 5373//5373 5382//5382
f 5375//5375 5374//5374 5380//5380
f 5372//5372 5378//5378 5382//5382
f 5376//5376 5375//5375 5381//5381
f 5383//5383 5371//5371 5377//5377
f 5387//5387 5389//5389 5390//5390
f 5386//5386 5389//5389 5387//5387
f 5386//5386 5388//5388 5391//5391
f 5388//5388 5386//5386 5387//5387
f 5391//5391 5388//5388 5392//5392
f 5390//5390 5389//5389 5393//5393
f 5394//5394 5393//5393 5395//5395
f 5390//5390 5393//5393 5394//5394
f 5395//5395 5397//5397 5394//5394
f 5396//5396 5397//5397 5395//5395
f 5391//5391 5392//5392 5398//5398
f 5399//5399 5398//5398 5392//5392
f 5398//5398 5399//5399 5400//5400
f 5400//5400 5399//5399 5401//5401
f 5403//5403 5402//5402 5401//5401
f 5401//5401 5402//5402 5400//5400
f 5404//5404 5406//5406 5405//5405
f 5396//5396 5405//5405 5397//5397
f 5404//5404 5405//5405 5396//5396
f 5403//5403 5406//5406 5407//5407
f 5407//5407 5402//5402 5403//5403
f 5406//5406 5404//5404 5407//5407
f 5409//5409 5408//5408 5410//5410
f 5409//5409 5412//5412 5411//5411
f 5410//5410 5413//5413 5412//5412
f 5410//5410 5412//5412 5409//5409
f 5414//5414 5416//5416 5415//5415
f 5417//5417 5414//5414 5418//5418
f 5415//5415 5418//5418 5414//5414
f 5416//5416 5414//5414 5419//5419
f 5419//5419 5420//5420 5421//5421
f 5419//5419 5421//5421 5416//5416
f 5422//5422 5418//5418 5423//5423
f 5422//5422 5417//5417 5418//5418
f 5422//5422 5423//5423 5425//5425
f 5424//5424 5422//5422 5425//5425
f 5426//5426 5424//5424 5427//5427
f 5425//5425 5427//5427 5424//5424
f 5429//5429 5428//5428 5420//5420
f 5420//5420 5428//5428 5421//5421
f 5429//5429 5430//5430 5428//5428
f 5431//5431 5430//5430 5429//5429
f 5432//5432 5430//5430 5431//5431
f 5426//5426 5427//5427 5433//5433
f 5426//5426 5433//5433 5434//5434
f 5434//5434 5433//5433 5435//5435
f 5436//5436 5435//5435 5432//5432
f 5435//5435 5436//5436 5434//5434
f 5436//5436 5432//5432 5431//5431
f 5441//5441 5440//5440 5439//5439
f 5439//5439 5440//5440 5438//5438
f 5439//5439 5438//5438 5437//5437
f 5441//5441 5442//5442 5440//5440
f 5441//5441 5443//5443 5444//5444
f 5441//5441 5444//5444 5442//5442
f 5443//5443 5445//5445 5444//5444
f 5443//5443 5446//5446 5445//5445
f 5447//5447 5448//5448 5449//5449
f 5448//5448 5450//5450 5451//5451
f 5448//5448 5451//5451 5449//5449
f 5450//5450 5452//5452 5453//5453
f 5450//5450 5453//5453 5451//5451
f 5452//5452 5454//5454 5455//5455
f 5452//5452 5455//5455 5453//5453
f 5469//5469 5471//5471 5470//5470
f 5470//5470 5472//5472 5469//5469
f 5490//5490 5489//5489 5488//5488
f 5488//5488 5491//5491 5490//5490
f 5494//5494 5493//5493 5492//5492
f 5495//5495 5493//5493 5494//5494
f 5495//5495 5494//5494 5496//5496
f 5498//5498 5497//5497 5496//5496
f 5498//5498 5499//5499 5497//5497
f 5495//5495 5496//5496 5497//5497
f 5501//5501 5500//5500 5502//5502
f 5504//5504 5502//5502 5505//5505
f 5501//5501 5503//5503 5500//5500
f 5504//5504 5501//5501 5502//5502
f 5505//5505 5507//5507 5504//5504
f 5508//5508 5510//5510 5506//5506
f 5509//5509 5510//5510 5508//5508
f 5509//5509 5508//5508 5511//5511
f 5510//5510 5507//5507 5506//5506
f 5507//5507 5505//5505 5506//5506
f 5512//5512 5511//5511 5513//5513
f 5513//5513 5514//5514 5512//5512
f 5515//5515 5516//5516 5517//5517
f 5515//5515 5514//5514 5513//5513
f 5516//5516 5518//5518 5517//5517
f 5519//5519 5518//5518 5516//5516
f 5511//5511 5512//5512 5509//5509
f 5515//5515 5517//5517 5514//5514
f 5520//5520 5521//5521 5522//5522
f 5523//5523 5524//5524 5525//5525
f 5523//5523 5525//5525 5521//5521
f 5521//5521 5525//5525 5522//5522
f 5523//5523 5526//5526 5527//5527
f 5523//5523 5527//5527 5524//5524
f 5526//5526 5528//5528 5527//5527
f 5529//5529 5530//5530 5528//5528
f 5531//5531 5532//5532 5530//5530
f 5531//5531 5530//5530 5529//5529
f 5533//5533 5534//5534 5532//5532
f 5535//5535 5536//5536 5534//5534
f 5533//5533 5535//5535 5534//5534
f 5531//5531 5533//5533 5532//5532
f 5529//5529 5528//5528 5526//5526
f 5537//5537 5536//5536 5535//5535
f 5538//5538 5539//5539 5537//5537
f 5538//5538 5540//5540 5541//5541
f 5538//5538 5541//5541 5539//5539
f 5542//5542 5543//5543 5544//5544
f 5545//5545 5546//5546 5543//5543
f 5545//5545 5543//5543 5542//5542
f 5540//5540 5542//5542 5544//5544
f 5540//5540 5544//5544 5541//5541
f 5548//5548 5549//5549 5550//5550
f 5547//5547 5548//5548 5550//5550
f 5547//5547 5550//5550 5546//5546
f 5548//5548 5551//5551 5549//5549
f 5552//5552 5553//5553 5551//5551
f 5551//5551 5553//5553 5549//5549
f 5545//5545 5547//5547 5546//5546
f 5539//5539 5536//5536 5537//5537
f 5555//5555 5556//5556 5554//5554
f 5557//5557 5556//5556 5555//5555
f 5557//5557 5558//5558 5556//5556
f 5557//5557 5559//5559 5558//5558
f 5559//5559 5560//5560 5558//5558
f 5561//5561 5562//5562 5560//5560
f 5561//5561 5560//5560 5559//5559
f 5561//5561 5563//5563 5564//5564
f 5561//5561 5564//5564 5562//5562
f 5565//5565 5566//5566 5563//5563
f 5563//5563 5566//5566 5564//5564
f 5565//5565 5567//5567 5566//5566
f 5567//5567 5568//5568 5566//5566
f 5569//5569 5570//5570 5568//5568
f 5569//5569 5568//5568 5567//5567
f 5572//5572 5573//5573 5571//5571
f 5574//5574 5573//5573 5572//5572
f 5575//5575 5573//5573 5574//5574
f 5574//5574 5577//5577 5575//5575
f 5577//5577 5578//5578 5575//5575
f 5577//5577 5574//5574 5576//5576
f 5578//5578 5577//5577 5579//5579
f 5580//5580 5579//5579 5577//5577
f 5580//5580 5581//5581 5579//5579
f 5582//5582 5580//5580 5583//5583
f 5582//5582 5581//5581 5580//5580
f 5571//5571 5573//5573 5585//5585
f 5573//5573 5575//5575 5585//5585
f 5575//5575 5578//5578 5585//5585
f 5579//5579 5586//5586 5578//5578
f 5586//5586 5579//5579 5581//5581
f 5581//5581 5584//5584 5586//5586
f 5582//5582 5584//5584 5581//5581
f 5576//5576 5587//5587 5577//5577
f 5587//5587 5580//5580 5577//5577
f 5587//5587 5583//5583 5580//5580
f 5590//5590 5589//5589 5588//5588
f 5591//5591 5588//5588 5589//5589
f 5589//5589 5590//5590 5592//5592
f 5591//5591 5589//5589 5593//5593
f 5592//5592 5594//5594 5589//5589
f 5595//5595 5593//5593 5589//5589
f 5595//5595 5589//5589 5594//5594
f 5595//5595 5594//5594 5596//5596
f 5597//5597 5593//5593 5595//5595
f 5597//5597 5595//5595 5598//5598
f 5599//5599 5597//5597 5598//5598
f 5598//5598 5595//5595 5600//5600
f 5600//5600 5595//5595 5596//5596
f 5596//5596 5601//5601 5600//5600
f 5602//5602 5600//5600 5601//5601
f 5603//5603 5600//5600 5602//5602
f 5599//5599 5598//5598 5600//5600
f 5599//5599 5600//5600 5603//5603
f 5609//5609 5608//5608 5607//5607
f 5613//5613 5611//5611 5612//5612
f 5614//5614 5613//5613 5615//5615
f 5612//5612 5611//5611 5610//5610
f 5609//5609 5607//5607 5618//5618
f 5610//5610 5609//5609 5618//5618
f 5612//5612 5610//5610 5619//5619
f 5613//5613 5612//5612 5620//5620
f 5616//5616 5614//5614 5615//5615
f 5607//5607 5606//5606 5605//5605
f 5619//5619 5610//5610 5618//5618
f 5620//5620 5612//5612 5619//5619
f 5613//5613 5620//5620 5621//5621
f 5615//5615 5613//5613 5621//5621
f 5618//5618 5607//5607 5622//5622
f 5607//5607 5605//5605 5622//5622
f 5623//5623 5618//5618 5622//5622
f 5619//5619 5618//5618 5623//5623
f 5615//5615 5621//5621 5624//5624
f 5624//5624 5616//5616 5615//5615
f 5625//5625 5619//5619 5623//5623
f 5620//5620 5619//5619 5625//5625
f 5621//5621 5620//5620 5626//5626
f 5623//5623 5622//5622 5627//5627
f 5625//5625 5623//5623 5627//5627
f 5626//5626 5620//5620 5625//5625
f 5622//5622 5605//5605 5628//5628
f 5627//5627 5622//5622 5628//5628
f 5624//5624 5621//5621 5626//5626
f 5605//5605 5604//5604 5629//5629
f 5628//5628 5605//5605 5629//5629
f 5630//5630 5617//5617 5616//5616
f 5627//5627 5628//5628 5631//5631
f 5616//5616 5624//5624 5632//5632
f 5624//5624 5626//5626 5633//5633
f 5624//5624 5633//5633 5634//5634
f 5632//5632 5624//5624 5634//5634
f 5616//5616 5632//5632 5630//5630
f 5628//5628 5629//5629 5636//5636
f 5631//5631 5628//5628 5636//5636
f 5637//5637 5631//5631 5636//5636
f 5630//5630 5632//5632 5638//5638
f 5629//5629 5604//5604 5639//5639
f 5640//5640 5632//5632 5634//5634
f 5638//5638 5632//5632 5640//5640
f 5629//5629 5639//5639 5641//5641
f 5636//5636 5629//5629 5641//5641
f 5637//5637 5636//5636 5642//5642
f 5640//5640 5634//5634 5643//5643
f 5642//5642 5636//5636 5641//5641
f 5648//5648 5643//5643 5645//5645
f 5648//5648 5640//5640 5643//5643
f 5648//5648 5638//5638 5640//5640
f 5649//5649 5647//5647 5646//5646
f 5649//5649 5645//5645 5647//5647
f 5650//5650 5630//5630 5638//5638
f 5651//5651 5642//5642 5641//5641
f 5646//5646 5642//5642 5651//5651
f 5652//5652 5648//5648 5645//5645
f 5617//5617 5630//5630 5650//5650
f 5654//5654 5646//5646 5651//5651
f 5649//5649 5646//5646 5654//5654
f 5655//5655 5649//5649 5654//5654
f 5645//5645 5649//5649 5652//5652
f 5656//5656 5638//5638 5648//5648
f 5638//5638 5656//5656 5650//5650
f 5651//5651 5641//5641 5653//5653
f 5652//5652 5649//5649 5655//5655
f 5656//5656 5648//5648 5652//5652
f 5641//5641 5639//5639 5657//5657
f 5653//5653 5641//5641 5657//5657
f 5654//5654 5651//5651 5658//5658
f 5654//5654 5658//5658 5659//5659
f 5655//5655 5654//5654 5659//5659
f 5658//5658 5651//5651 5653//5653
f 5660//5660 5652//5652 5655//5655
f 5661//5661 5652//5652 5660//5660
f 5656//5656 5652//5652 5661//5661
f 5659//5659 5658//5658 5662//5662
f 5663//5663 5655//5655 5659//5659
f 5660//5660 5655//5655 5663//5663
f 5650//5650 5656//5656 5661//5661
f 5658//5658 5653//5653 5662//5662
f 5663//5663 5659//5659 5662//5662
f 5662//5662 5653//5653 5664//5664
f 5650//5650 5661//5661 5665//5665
f 5617//5617 5650//5650 5665//5665
f 5653//5653 5657//5657 5664//5664
f 5666//5666 5663//5663 5662//5662
f 5660//5660 5663//5663 5667//5667
f 5664//5664 5657//5657 5668//5668
f 5667//5667 5663//5663 5666//5666
f 5660//5660 5667//5667 5669//5669
f 5669//5669 5661//5661 5660//5660
f 5657//5657 5639//5639 5668//5668
f 5666//5666 5662//5662 5664//5664
f 5666//5666 5664//5664 5670//5670
f 5672//5672 5667//5667 5666//5666
f 5672//5672 5666//5666 5671//5671
f 5665//5665 5661//5661 5669//5669
f 5664//5664 5668//5668 5670//5670
f 5671//5671 5666//5666 5670//5670
f 5672//5672 5669//5669 5667//5667
f 5673//5673 5669//5669 5672//5672
f 5670//5670 5668//5668 5674//5674
f 5665//5665 5669//5669 5675//5675
f 5668//5668 5639//5639 5676//5676
f 5673//5673 5672//5672 5677//5677
f 5674//5674 5668//5668 5676//5676
f 5671//5671 5670//5670 5678//5678
f 5672//5672 5671//5671 5679//5679
f 5670//5670 5674//5674 5680//5680
f 5678//5678 5670//5670 5680//5680
f 5679//5679 5671//5671 5678//5678
f 5677//5677 5672//5672 5679//5679
f 5675//5675 5669//5669 5673//5673
f 5617//5617 5665//5665 5675//5675
f 5676//5676 5639//5639 5604//5604
f 5681//5681 5617//5617 5675//5675
f 5675//5675 5673//5673 5677//5677
f 5674//5674 5676//5676 5682//5682
f 5680//5680 5674//5674 5682//5682
f 5675//5675 5677//5677 5683//5683
f 5680//5680 5682//5682 5684//5684
f 5606//5606 5604//5604 5605//5605
f 5608//5608 5606//5606 5607//5607
f 5608//5608 5609//5609 5610//5610
f 5611//5611 5608//5608 5610//5610
f 5613//5613 5614//5614 5611//5611
f 5617//5617 5614//5614 5616//5616
f 5626//5626 5625//5625 5633//5633
f 5642//5642 5644//5644 5637//5637
f 5646//5646 5644//5644 5642//5642
f 5644//5644 5646//5646 5647//5647
f 5676//5676 5604//5604 5682//5682
f 5678//5678 5680//5680 5684//5684
f 5645//5645 5643//5643 5647//5647
f 5675//5675 5683//5683 5681//5681
f 5692//5692 5690//5690 5691//5691
f 5688//5688 5686//5686 5687//5687
f 5694//5694 5689//5689 5688//5688
f 5690//5690 5695//5695 5691//5691
f 5692//5692 5691//5691 5696//5696
f 5687//5687 5686//5686 5685//5685
f 5694//5694 5688//5688 5697//5697
f 5698//5698 5694//5694 5697//5697
f 5691//5691 5695//5695 5699//5699
f 5693//5693 5692//5692 5696//5696
f 5700//5700 5688//5688 5687//5687
f 5697//5697 5688//5688 5700//5700
f 5702//5702 5691//5691 5699//5699
f 5696//5696 5691//5691 5702//5702
f 5699//5699 5695//5695 5701//5701
f 5704//5704 5697//5697 5703//5703
f 5704//5704 5698//5698 5697//5697
f 5701//5701 5698//5698 5704//5704
f 5703//5703 5697//5697 5700//5700
f 5705//5705 5701//5701 5704//5704
f 5699//5699 5701//5701 5706//5706
f 5706//5706 5701//5701 5705//5705
f 5702//5702 5699//5699 5706//5706
f 5700//5700 5687//5687 5707//5707
f 5702//5702 5706//5706 5708//5708
f 5709//5709 5693//5693 5696//5696
f 5687//5687 5685//5685 5707//5707
f 5703//5703 5700//5700 5707//5707
f 5710//5710 5703//5703 5707//5707
f 5704//5704 5703//5703 5711//5711
f 5712//5712 5705//5705 5704//5704
f 5712//5712 5704//5704 5711//5711
f 5706//5706 5705//5705 5712//5712
f 5706//5706 5712//5712 5713//5713
f 5708//5708 5706//5706 5713//5713
f 5709//5709 5702//5702 5708//5708
f 5709//5709 5696//5696 5702//5702
f 5703//5703 5710//5710 5711//5711
f 5686//5686 5688//5688 5689//5689
f 5695//5695 5698//5698 5701//5701
f 5712//5712 5711//5711 5713//5713
f 5715//5715 5716//5716 5714//5714
f 5715//5715 5717//5717 5716//5716
f 5717//5717 5718//5718 5719//5719
f 5717//5717 5719//5719 5716//5716
f 5720//5720 5721//5721 5719//5719
f 5722//5722 5723//5723 5721//5721
f 5721//5721 5720//5720 5722//5722
f 5723//5723 5722//5722 5724//5724
f 5723//5723 5724//5724 5725//5725
f 5726//5726 5727//5727 5725//5725
f 5724//5724 5726//5726 5725//5725
f 5719//5719 5718//5718 5720//5720
f 5728//5728 5729//5729 5730//5730
f 5727//5727 5728//5728 5730//5730
f 5729//5729 5731//5731 5730//5730
f 5731//5731 5729//5729 5732//5732
f 5732//5732 5734//5734 5733//5733
f 5735//5735 5733//5733 5734//5734
f 5736//5736 5737//5737 5735//5735
f 5737//5737 5736//5736 5739//5739
f 5737//5737 5739//5739 5738//5738
f 5735//5735 5734//5734 5736//5736
f 5731//5731 5732//5732 5733//5733
f 5727//5727 5726//5726 5728//5728
f 5744//5744 5745//5745 5743//5743
f 5744//5744 5743//5743 5742//5742
f 5740//5740 5742//5742 5743//5743
f 5740//5740 5743//5743 5741//5741
f 5744//5744 5746//5746 5747//5747
f 5744//5744 5747//5747 5745//5745
f 5748//5748 5746//5746 5749//5749
f 5746//5746 5748//5748 5747//5747
f 5749//5749 5750//5750 5748//5748
f 5749//5749 5751//5751 5750//5750
f 5752//5752 5753//5753 5751//5751
f 5754//5754 5755//5755 5753//5753
f 5753//5753 5752//5752 5754//5754
f 5751//5751 5753//5753 5750//5750
f 5754//5754 5756//5756 5755//5755
f 5754//5754 5757//5757 5756//5756
f 5757//5757 5758//5758 5756//5756
f 5759//5759 5758//5758 5757//5757
f 5760//5760 5759//5759 5761//5761
f 5759//5759 5760//5760 5758//5758
f 5761//5761 5762//5762 5760//5760
f 5763//5763 5762//5762 5764//5764
f 5765//5765 5766//5766 5763//5763
f 5765//5765 5763//5763 5764//5764
f 5768//5768 5766//5766 5767//5767
f 5769//5769 5770//5770 5768//5768
f 5769//5769 5768//5768 5767//5767
f 5766//5766 5765//5765 5767//5767
f 5764//5764 5762//5762 5761//5761
f 5771//5771 5772//5772 5773//5773
f 5773//5773 5772//5772 5774//5774
f 5776//5776 5771//5771 5775//5775
f 5772//5772 5771//5771 5776//5776
f 5777//5777 5775//5775 5771//5771
f 5778//5778 5780//5780 5779//5779
f 5779//5779 5780//5780 5781//5781
f 5779//5779 5773//5773 5774//5774
f 5778//5778 5779//5779 5774//5774
f 5782//5782 5775//5775 5777//5777
f 5782//5782 5777//5777 5783//5783
f 5784//5784 5785//5785 5783//5783
f 5786//5786 5784//5784 5787//5787
f 5785//5785 5784//5784 5786//5786
f 5788//5788 5787//5787 5789//5789
f 5787//5787 5788//5788 5786//5786
f 5777//5777 5784//5784 5783//5783
f 5780//5780 5790//5790 5781//5781
f 5781//5781 5790//5790 5791//5791
f 5791//5791 5792//5792 5781//5781
f 5793//5793 5794//5794 5792//5792
f 5792//5792 5791//5791 5793//5793
f 5795//5795 5794//5794 5793//5793
f 5796//5796 5794//5794 5795//5795
f 5798//5798 5796//5796 5797//5797
f 5796//5796 5795//5795 5797//5797
f 5801//5801 5802//5802 5800//5800
f 5789//5789 5787//5787 5800//5800
f 5799//5799 5789//5789 5800//5800
f 5799//5799 5800//5800 5802//5802
f 5796//5796 5798//5798 5804//5804
f 5804//5804 5798//5798 5805//5805
f 5801//5801 5803//5803 5802//5802
f 5804//5804 5805//5805 5803//5803
f 5804//5804 5803//5803 5801//5801
f 5806//5806 5808//5808 5807//5807
f 5807//5807 5810//5810 5811//5811
f 5807//5807 5811//5811 5806//5806
f 5809//5809 5812//5812 5808//5808
f 5812//5812 5809//5809 5813//5813
f 5809//5809 5814//5814 5813//5813
f 5809//5809 5808//5808 5806//5806
f 5815//5815 5811//5811 5810//5810
f 5816//5816 5811//5811 5815//5815
f 5816//5816 5815//5815 5817//5817
f 5818//5818 5819//5819 5817//5817
f 5816//5816 5817//5817 5819//5819
f 5820//5820 5821//5821 5819//5819
f 5820//5820 5822//5822 5821//5821
f 5819//5819 5818//5818 5820//5820
f 5813//5813 5814//5814 5823//5823
f 5824//5824 5823//5823 5825//5825
f 5823//5823 5814//5814 5825//5825
f 5825//5825 5826//5826 5824//5824
f 5827//5827 5824//5824 5826//5826
f 5828//5828 5827//5827 5826//5826
f 5828//5828 5829//5829 5827//5827
f 5830//5830 5829//5829 5828//5828
f 5831//5831 5832//5832 5821//5821
f 5822//5822 5831//5831 5821//5821
f 5831//5831 5833//5833 5832//5832
f 5834//5834 5835//5835 5832//5832
f 5828//5828 5835//5835 5830//5830
f 5835//5835 5836//5836 5830//5830
f 5832//5832 5833//5833 5834//5834
f 5834//5834 5836//5836 5835//5835
f 5842//5842 5839//5839 5843//5843
f 5843//5843 5844//5844 5842//5842
f 5840//5840 5839//5839 5842//5842
f 5845//5845 5844//5844 5843//5843
f 5845//5845 5847//5847 5848//5848
f 5845//5845 5848//5848 5846//5846
f 5844//5844 5845//5845 5846//5846
f 5858//5858 5857//5857 5856//5856
f 5864//5864 5861//5861 5863//5863
f 5868//5868 5867//5867 5869//5869
f 5869//5869 5871//5871 5870//5870
f 5869//5869 5870//5870 5868//5868
f 5870//5870 5871//5871 5872//5872
f 5872//5872 5871//5871 5873//5873
f 5873//5873 5874//5874 5872//5872
f 5876//5876 5875//5875 5874//5874
f 5878//5878 5877//5877 5879//5879
f 5877//5877 5880//5880 5879//5879
f 5877//5877 5878//5878 5876//5876
f 5879//5879 5880//5880 5881//5881
f 5879//5879 5881//5881 5882//5882
f 5882//5882 5881//5881 5883//5883
f 5881//5881 5884//5884 5883//5883
f 5884//5884 5885//5885 5886//5886
f 5885//5885 5887//5887 5886//5886
f 5890//5890 5889//5889 5888//5888
f 5893//5893 5891//5891 5892//5892
f 5933//5933 5934//5934 5935//5935
f 5941//5941 5942//5942 5943//5943
f 5941//5941 5943//5943 5944//5944
f 5940//5940 5941//5941 5944//5944
f 5946//5946 5947//5947 5945//5945
f 5949//5949 5947//5947 5948//5948
f 5940//5940 5936//5936 5937//5937
f 5943//5943 5942//5942 5948//5948
f 5938//5938 5939//5939 5935//5935
f 5935//5935 5934//5934 5938//5938
f 5936//5936 5939//5939 5938//5938
f 5937//5937 5936//5936 5938//5938
f 5941//5941 5940//5940 5937//5937
f 5949//5949 5948//5948 5942//5942
f 5949//5949 5945//5945 5947//5947
f 5952//5952 5951//5951 5950//5950
f 5951//5951 5946//5946 5950//5950
f 5954//5954 5952//5952 5953//5953
f 5956//5956 5954//5954 5955//5955
f 5956//5956 5958//5958 5957//5957
f 5959//5959 5957//5957 5958//5958
f 5950//5950 5946//5946 5945//5945
f 5953//5953 5952//5952 5950//5950
f 5953//5953 5955//5955 5954//5954
f 5958//5958 5956//5956 5955//5955
f 5963//5963 5959//5959 5958//5958
f 5962//5962 5960//5960 5961//5961
f 5963//5963 5962//5962 5961//5961
f 5961//5961 5959//5959 5963//5963
f 5964//5964 5965//5965 5969//5969
f 5971//5971 5966//5966 5964//5964
f 5967//5967 5966//5966 5971//5971
f 5973//5973 5977//5977 5978//5978
f 5972//5972 5973//5973 5978//5978
f 5972//5972 5978//5978 5982//5982
f 5976//5976 5972//5972 5982//5982
f 5981//5981 5979//5979 5983//5983
f 5981//5981 5983//5983 5984//5984
f 5977//5977 5981//5981 5984//5984
f 5977//5977 5984//5984 5985//5985
f 5985//5985 5978//5978 5977//5977
f 5982//5982 5978//5978 5985//5985
f 5986//5986 5971//5971 5976//5976
f 5988//5988 5989//5989 5990//5990
f 5991//5991 5980//5980 5988//5988
f 5979//5979 5980//5980 5991//5991
f 5983//5983 5979//5979 5991//5991
f 5984//5984 5983//5983 5992//5992
f 5993//5993 5985//5985 5984//5984
f 5985//5985 5993//5993 5994//5994
f 5994//5994 5982//5982 5985//5985
f 5995//5995 5976//5976 5982//5982
f 5976//5976 5995//5995 5986//5986
f 5992//5992 5983//5983 5991//5991
f 5997//5997 5996//5996 5975//5975
f 5969//5969 5973//5973 5972//5972
f 5980//5980 5998//5998 5997//5997
f 5975//5975 5974//5974 5997//5997
f 5974//5974 5980//5980 5997//5997
f 5998//5998 5980//5980 5979//5979
f 5977//5977 5973//5973 5999//5999
f 5964//5964 5966//5966 5965//5965
f 5964//5964 5969//5969 5972//5972
f 5976//5976 5971//5971 5964//5964
f 5989//5989 5988//5988 5980//5980
f 6000//6000 5988//5988 5990//5990
f 6000//6000 5991//5991 5988//5988
f 5999//5999 5998//5998 5981//5981
f 5979//5979 5981//5981 5998//5998
f 5991//5991 6000//6000 5992//5992
f 5999//5999 5981//5981 5977//5977
f 5982//5982 5994//5994 5995//5995
f 5992//5992 5993//5993 5984//5984
f 5971//5971 5986//5986 5967//5967
f 6005//6005 6003//6003 6004//6004
f 6005//6005 6006//6006 6003//6003
f 6001//6001 6006//6006 6005//6005
f 6009//6009 6008//6008 6007//6007
f 6015//6015 6002//6002 6001//6001
f 6007//6007 6002//6002 6015//6015
f 6016//6016 6009//6009 6007//6007
f 6010//6010 6009//6009 6016//6016
f 6012//6012 6011//6011 6017//6017
f 6018//6018 6001//6001 6005//6005
f 6001//6001 6018//6018 6015//6015
f 6007//6007 6015//6015 6019//6019
f 6011//6011 6010//6010 6017//6017
f 6020//6020 6015//6015 6018//6018
f 6019//6019 6015//6015 6020//6020
f 6016//6016 6007//6007 6019//6019
f 6010//6010 6016//6016 6017//6017
f 6005//6005 6004//6004 6021//6021
f 6005//6005 6021//6021 6022//6022
f 6005//6005 6022//6022 6018//6018
f 6016//6016 6019//6019 6023//6023
f 6017//6017 6016//6016 6023//6023
f 6013//6013 6012//6012 6017//6017
f 6025//6025 6018//6018 6022//6022
f 6020//6020 6018//6018 6025//6025
f 6017//6017 6023//6023 6026//6026
f 6013//6013 6017//6017 6027//6027
f 6022//6022 6021//6021 6029//6029
f 6022//6022 6029//6029 6025//6025
f 6020//6020 6025//6025 6030//6030
f 6019//6019 6020//6020 6030//6030
f 6019//6019 6030//6030 6031//6031
f 6023//6023 6019//6019 6031//6031
f 6027//6027 6017//6017 6026//6026
f 6029//6029 6021//6021 6028//6028
f 6032//6032 6023//6023 6031//6031
f 6026//6026 6023//6023 6032//6032
f 6013//6013 6027//6027 6033//6033
f 6034//6034 6029//6029 6028//6028
f 6029//6029 6035//6035 6025//6025
f 6030//6030 6025//6025 6035//6035
f 6036//6036 6031//6031 6030//6030
f 6031//6031 6036//6036 6032//6032
f 6014//6014 6013//6013 6037//6037
f 6035//6035 6029//6029 6034//6034
f 6038//6038 6030//6030 6035//6035
f 6036//6036 6030//6030 6038//6038
f 6026//6026 6032//6032 6039//6039
f 6027//6027 6026//6026 6033//6033
f 6035//6035 6034//6034 6040//6040
f 6038//6038 6035//6035 6040//6040
f 6041//6041 6032//6032 6036//6036
f 6039//6039 6032//6032 6041//6041
f 6038//6038 6040//6040 6043//6043
f 6038//6038 6043//6043 6036//6036
f 6044//6044 6026//6026 6039//6039
f 6033//6033 6026//6026 6044//6044
f 6037//6037 6013//6013 6033//6033
f 6037//6037 6033//6033 6044//6044
f 6034//6034 6042//6042 6045//6045
f 6040//6040 6034//6034 6045//6045
f 6046//6046 6036//6036 6043//6043
f 6041//6041 6036//6036 6046//6046
f 6043//6043 6040//6040 6048//6048
f 6043//6043 6048//6048 6046//6046
f 6041//6041 6046//6046 6049//6049
f 6039//6039 6041//6041 6049//6049
f 6044//6044 6039//6039 6050//6050
f 6052//6052 6042//6042 6051//6051
f 6045//6045 6042//6042 6052//6052
f 6040//6040 6045//6045 6047//6047
f 6048//6048 6040//6040 6047//6047
f 6039//6039 6049//6049 6050//6050
f 6047//6047 6045//6045 6052//6052
f 6053//6053 6046//6046 6048//6048
f 6049//6049 6046//6046 6053//6053
f 6044//6044 6050//6050 6054//6054
f 6037//6037 6044//6044 6054//6054
f 6047//6047 6052//6052 6055//6055
f 6048//6048 6047//6047 6056//6056
f 6056//6056 6047//6047 6055//6055
f 6049//6049 6053//6053 6057//6057
f 6058//6058 6050//6050 6049//6049
f 6048//6048 6056//6056 6053//6053
f 6058//6058 6049//6049 6057//6057
f 6054//6054 6050//6050 6058//6058
f 6037//6037 6054//6054 6061//6061
f 6014//6014 6037//6037 6061//6061
f 6052//6052 6051//6051 6060//6060
f 6062//6062 6055//6055 6052//6052
f 6063//6063 6053//6053 6056//6056
f 6064//6064 6058//6058 6057//6057
f 6054//6054 6058//6058 6065//6065
f 6062//6062 6052//6052 6060//6060
f 6055//6055 6066//6066 6056//6056
f 6066//6066 6063//6063 6056//6056
f 6067//6067 6053//6053 6063//6063
f 6057//6057 6053//6053 6067//6067
f 6060//6060 6051//6051 6068//6068
f 6063//6063 6066//6066 6067//6067
f 6069//6069 6057//6057 6067//6067
f 6064//6064 6057//6057 6069//6069
f 6065//6065 6058//6058 6064//6064
f 6070//6070 6060//6060 6068//6068
f 6055//6055 6062//6062 6071//6071
f 6055//6055 6071//6071 6066//6066
f 6072//6072 6067//6067 6066//6066
f 6073//6073 6064//6064 6069//6069
f 6065//6065 6064//6064 6074//6074
f 6062//6062 6060//6060 6075//6075
f 6066//6066 6071//6071 6072//6072
f 6067//6067 6072//6072 6076//6076
f 6069//6069 6067//6067 6076//6076
f 6074//6074 6064//6064 6073//6073
f 6061//6061 6054//6054 6065//6065
f 6075//6075 6060//6060 6070//6070
f 6062//6062 6075//6075 6077//6077
f 6071//6071 6062//6062 6077//6077
f 6072//6072 6071//6071 6078//6078
f 6078//6078 6071//6071 6077//6077
f 6076//6076 6072//6072 6079//6079
f 6073//6073 6069//6069 6080//6080
f 6079//6079 6072//6072 6078//6078
f 6080//6080 6069//6069 6076//6076
f 6070//6070 6068//6068 6081//6081
f 6077//6077 6075//6075 6082//6082
f 6077//6077 6082//6082 6078//6078
f 6080//6080 6076//6076 6083//6083
f 6073//6073 6080//6080 6084//6084
f 6085//6085 6074//6074 6073//6073
f 6085//6085 6073//6073 6084//6084
f 6065//6065 6074//6074 6086//6086
f 6061//6061 6065//6065 6086//6086
f 6087//6087 6070//6070 6081//6081
f 6075//6075 6070//6070 6087//6087
f 6082//6082 6075//6075 6087//6087
f 6079//6079 6078//6078 6088//6088
f 6083//6083 6076//6076 6079//6079
f 6086//6086 6074//6074 6085//6085
f 6089//6089 6078//6078 6082//6082
f 6088//6088 6078//6078 6089//6089
f 6090//6090 6079//6079 6088//6088
f 6083//6083 6079//6079 6090//6090
f 6084//6084 6080//6080 6083//6083
f 6092//6092 6088//6088 6089//6089
f 6083//6083 6090//6090 6093//6093
f 6084//6084 6083//6083 6093//6093
f 6087//6087 6081//6081 6094//6094
f 6095//6095 6087//6087 6094//6094
f 6082//6082 6087//6087 6095//6095
f 6095//6095 6089//6089 6082//6082
f 6089//6089 6095//6095 6092//6092
f 6096//6096 6088//6088 6092//6092
f 6088//6088 6096//6096 6090//6090
f 6097//6097 6084//6084 6093//6093
f 6085//6085 6084//6084 6097//6097
f 6098//6098 6081//6081 6091//6091
f 6094//6094 6081//6081 6098//6098
f 6095//6095 6099//6099 6092//6092
f 6093//6093 6090//6090 6096//6096
f 6100//6100 6085//6085 6097//6097
f 6086//6086 6085//6085 6100//6100
f 6102//6102 6095//6095 6094//6094
f 6095//6095 6102//6102 6099//6099
f 6096//6096 6092//6092 6099//6099
f 6096//6096 6099//6099 6103//6103
f 6096//6096 6103//6103 6104//6104
f 6104//6104 6093//6093 6096//6096
f 6097//6097 6093//6093 6104//6104
f 6100//6100 6097//6097 6105//6105
f 6086//6086 6100//6100 6106//6106
f 6105//6105 6097//6097 6104//6104
f 6101//6101 6086//6086 6106//6106
f 6099//6099 6102//6102 6107//6107
f 6103//6103 6099//6099 6109//6109
f 6109//6109 6099//6099 6108//6108
f 6094//6094 6098//6098 6110//6110
f 6107//6107 6102//6102 6094//6094
f 6107//6107 6094//6094 6110//6110
f 6108//6108 6099//6099 6107//6107
f 6109//6109 6104//6104 6103//6103
f 6111//6111 6100//6100 6105//6105
f 6106//6106 6100//6100 6111//6111
f 6101//6101 6106//6106 6112//6112
f 6113//6113 6098//6098 6091//6091
f 6110//6110 6098//6098 6113//6113
f 6114//6114 6109//6109 6108//6108
f 6104//6104 6109//6109 6115//6115
f 6105//6105 6104//6104 6115//6115
f 6107//6107 6110//6110 6116//6116
f 6108//6108 6117//6117 6114//6114
f 6108//6108 6107//6107 6117//6117
f 6115//6115 6109//6109 6114//6114
f 6111//6111 6105//6105 6115//6115
f 6107//6107 6116//6116 6117//6117
f 6118//6118 6111//6111 6115//6115
f 6106//6106 6111//6111 6119//6119
f 6112//6112 6106//6106 6119//6119
f 6121//6121 6113//6113 6122//6122
f 6110//6110 6113//6113 6121//6121
f 6116//6116 6110//6110 6121//6121
f 6112//6112 6119//6119 6123//6123
f 6112//6112 6123//6123 6120//6120
f 6120//6120 6123//6123 6125//6125
f 6028//6028 6021//6021 6004//6004
f 6002//6002 6006//6006 6001//6001
f 6091//6091 6081//6081 6068//6068
f 6034//6034 6126//6126 6042//6042
f 6042//6042 6126//6126 6051//6051
f 6126//6126 6034//6034 6028//6028
f 6008//6008 6002//6002 6007//6007
f 6009//6009 6010//6010 6011//6011
f 6086//6086 6101//6101 6061//6061
f 6012//6012 6013//6013 6014//6014
f 6118//6118 6115//6115 6114//6114
f 6122//6122 6113//6113 6091//6091
f 6121//6121 6122//6122 6128//6128
f 6118//6118 6119//6119 6111//6111
f 6101//6101 6112//6112 6120//6120
f 6120//6120 6124//6124 6101//6101
f 6123//6123 6119//6119 6118//6118
f 6125//6125 6123//6123 6130//6130
f 6124//6124 6120//6120 6125//6125
f 6132//6132 6133//6133 6134//6134
f 6137//6137 6132//6132 6134//6134
f 6135//6135 6137//6137 6134//6134
f 6139//6139 6131//6131 6140//6140
f 6140//6140 6131//6131 6132//6132
f 6139//6139 6140//6140 6141//6141
f 6140//6140 6132//6132 6142//6142
f 6142//6142 6132//6132 6137//6137
f 6136//6136 6143//6143 6135//6135
f 6144//6144 6136//6136 6138//6138
f 6145//6145 6141//6141 6140//6140
f 6142//6142 6145//6145 6140//6140
f 6142//6142 6137//6137 6146//6146
f 6143//6143 6146//6146 6137//6137
f 6143//6143 6137//6137 6135//6135
f 6147//6147 6141//6141 6148//6148
f 6141//6141 6145//6145 6148//6148
f 6146//6146 6145//6145 6142//6142
f 6144//6144 6143//6143 6136//6136
f 6149//6149 6148//6148 6145//6145
f 6145//6145 6146//6146 6149//6149
f 6146//6146 6143//6143 6150//6150
f 6149//6149 6146//6146 6151//6151
f 6150//6150 6151//6151 6146//6146
f 6144//6144 6150//6150 6143//6143
f 6153//6153 6152//6152 6148//6148
f 6153//6153 6148//6148 6149//6149
f 6154//6154 6153//6153 6149//6149
f 6154//6154 6149//6149 6151//6151
f 6154//6154 6151//6151 6155//6155
f 6155//6155 6151//6151 6150//6150
f 6153//6153 6156//6156 6152//6152
f 6150//6150 6144//6144 6157//6157
f 6156//6156 6153//6153 6154//6154
f 6158//6158 6155//6155 6150//6150
f 6158//6158 6150//6150 6157//6157
f 6156//6156 6154//6154 6159//6159
f 6159//6159 6154//6154 6160//6160
f 6160//6160 6154//6154 6155//6155
f 6158//6158 6160//6160 6155//6155
f 6133//6133 6132//6132 6131//6131
f 6139//6139 6141//6141 6147//6147
f 6136//6136 6134//6134 6133//6133
f 6135//6135 6134//6134 6136//6136
f 6147//6147 6148//6148 6152//6152
f 6157//6157 6144//6144 6138//6138
f 6158//6158 6159//6159 6160//6160
f 6161//6161 6162//6162 6163//6163
f 6164//6164 6161//6161 6163//6163
f 6165//6165 6164//6164 6163//6163
f 6165//6165 6166//6166 6164//6164
f 6165//6165 6167//6167 6166//6166
f 6168//6168 6167//6167 6165//6165
f 6170//6170 6169//6169 6168//6168
f 6171//6171 6169//6169 6170//6170
f 6171//6171 6170//6170 6172//6172
f 6176//6176 6177//6177 6174//6174
f 6176//6176 6174//6174 6175//6175
f 6177//6177 6176//6176 6178//6178
f 6177//6177 6178//6178 6179//6179
f 6179//6179 6178//6178 6180//6180
f 6182//6182 6179//6179 6181//6181
f 6183//6183 6182//6182 6181//6181
f 6184//6184 6182//6182 6183//6183
f 6184//6184 6185//6185 6182//6182
f 6186//6186 6185//6185 6184//6184
f 6179//6179 6180//6180 6181//6181
f 6185//6185 6186//6186 6187//6187
f 6190//6190 6191//6191 6189//6189
f 6190//6190 6189//6189 6188//6188
f 6191//6191 6190//6190 6192//6192
f 6193//6193 6191//6191 6192//6192
f 6194//6194 6191//6191 6193//6193
f 6194//6194 6193//6193 6195//6195
f 6195//6195 6196//6196 6194//6194
f 6197//6197 6196//6196 6195//6195
f 6197//6197 6198//6198 6196//6196
f 6199//6199 6198//6198 6197//6197
f 6200//6200 6201//6201 6198//6198
f 6200//6200 6198//6198 6199//6199
f 6203//6203 6204//6204 6202//6202
f 6204//6204 6203//6203 6205//6205
f 6206//6206 6204//6204 6205//6205
f 6207//6207 6206//6206 6205//6205
f 6207//6207 6208//6208 6206//6206
f 6207//6207 6209//6209 6208//6208
f 6210//6210 6209//6209 6207//6207
f 6211//6211 6210//6210 6212//6212
f 6211//6211 6212//6212 6213//6213
f 6215//6215 6214//6214 6213//6213
f 6214//6214 6211//6211 6213//6213
f 6224//6224 6225//6225 6218//6218
f 6216//6216 6225//6225 6224//6224
f 6218//6218 6217//6217 6226//6226
f 6219//6219 6220//6220 6221//6221
f 6219//6219 6221//6221 6227//6227
f 6225//6225 6217//6217 6218//6218
f 6217//6217 6228//6228 6226//6226
f 6228//6228 6227//6227 6226//6226
f 6228//6228 6219//6219 6227//6227
f 6221//6221 6220//6220 6229//6229
f 6222//6222 6231//6231 6230//6230
f 6231//6231 6223//6223 6230//6230
f 6233//6233 6232//6232 6234//6234
f 6235//6235 6236//6236 6234//6234
f 6236//6236 6235//6235 6237//6237
f 6234//6234 6232//6232 6235//6235
f 6237//6237 6238//6238 6236//6236
f 6239//6239 6238//6238 6240//6240
f 6241//6241 6242//6242 6239//6239
f 6242//6242 6241//6241 6243//6243
f 6244//6244 6243//6243 6245//6245
f 6246//6246 6244//6244 6247//6247
f 6248//6248 6249//6249 6246//6246
f 6249//6249 6248//6248 6250//6250
f 6249//6249 6250//6250 6251//6251
f 6238//6238 6237//6237 6240//6240
f 6239//6239 6240//6240 6241//6241
f 6243//6243 6241//6241 6245//6245
f 6244//6244 6245//6245 6247//6247
f 6246//6246 6247//6247 6248//6248
f 6250//6250 6252//6252 6251//6251
f 6253//6253 6251//6251 6252//6252
f 6254//6254 6253//6253 6255//6255
f 6256//6256 6254//6254 6257//6257
f 6253//6253 6252//6252 6255//6255
f 6254//6254 6255//6255 6257//6257
f 6258//6258 6256//6256 6259//6259
f 6261//6261 6260//6260 6262//6262
f 6260//6260 6261//6261 6258//6258
f 6263//6263 6262//6262 6264//6264
f 6265//6265 6266//6266 6263//6263
f 6267//6267 6266//6266 6268//6268
f 6267//6267 6269//6269 6270//6270
f 6256//6256 6257//6257 6259//6259
f 6258//6258 6259//6259 6260//6260
f 6262//6262 6260//6260 6264//6264
f 6265//6265 6263//6263 6264//6264
f 6267//6267 6268//6268 6269//6269
f 6268//6268 6266//6266 6265//6265
f 6315//6315 6316//6316 6317//6317
f 6318//6318 6315//6315 6317//6317
f 6318//6318 6317//6317 6320//6320
f 6320//6320 6319//6319 6318//6318
f 6321//6321 6319//6319 6320//6320
f 6324//6324 6323//6323 6322//6322
f 6327//6327 6329//6329 6326//6326
f 6327//6327 6326//6326 6325//6325
f 6328//6328 6329//6329 6327//6327
f 6332//6332 6334//6334 6333//6333
f 6337//6337 6338//6338 6336//6336
f 6342//6342 6341//6341 6340//6340
f 6346//6346 6347//6347 6348//6348
f 6346//6346 6348//6348 6349//6349
f 6348//6348 6347//6347 6350//6350
f 6353//6353 6352//6352 6354//6354
f 6350//6350 6351//6351 6352//6352
f 6350//6350 6352//6352 6353//6353
f 6350//6350 6347//6347 6351//6351
f 6356//6356 6358//6358 6359//6359
f 6356//6356 6359//6359 6357//6357
f 6355//6355 6356//6356 6357//6357
f 6355//6355 6357//6357 6354//6354
f 6359//6359 6358//6358 6360//6360
f 6361//6361 6360//6360 6362//6362
f 6361//6361 6362//6362 6363//6363
f 6361//6361 6359//6359 6360//6360
f 6354//6354 6352//6352 6355//6355
f 6362//6362 6364//6364 6365//6365
f 6366//6366 6365//6365 6364//6364
f 6367//6367 6368//6368 6366//6366
f 6367//6367 6369//6369 6368//6368
f 6368//6368 6369//6369 6370//6370
f 6366//6366 6364//6364 6367//6367
f 6370//6370 6371//6371 6372//6372
f 6372//6372 6373//6373 6374//6374
f 6373//6373 6375//6375 6374//6374
f 6372//6372 6371//6371 6373//6373
f 6377//6377 6378//6378 6376//6376
f 6378//6378 6377//6377 6379//6379
f 6376//6376 6375//6375 6377//6377
f 6375//6375 6376//6376 6374//6374
f 6369//6369 6371//6371 6370//6370
f 6362//6362 6365//6365 6363//6363
f 6382//6382 6383//6383 6381//6381
f 6383//6383 6380//6380 6381//6381
f 6382//6382 6384//6384 6383//6383
f 6384//6384 6382//6382 6385//6385
f 6385//6385 6387//6387 6384//6384
f 6385//6385 6386//6386 6387//6387
f 6390//6390 6391//6391 6389//6389
f 6388//6388 6390//6390 6389//6389
f 6390//6390 6392//6392 6391//6391
f 6392//6392 6393//6393 6391//6391
f 6394//6394 6396//6396 6395//6395
f 6397//6397 6398//6398 6399//6399
f 6397//6397 6399//6399 6396//6396
f 6396//6396 6394//6394 6397//6397
f 6392//6392 6394//6394 6395//6395
f 6392//6392 6395//6395 6393//6393
f 6398//6398 6400//6400 6399//6399
f 6402//6402 6401//6401 6400//6400
f 6400//6400 6401//6401 6399//6399
f 6404//6404 6405//6405 6403//6403
f 6404//6404 6403//6403 6402//6402
f 6403//6403 6401//6401 6402//6402
f 6406//6406 6407//6407 6404//6404
f 6408//6408 6409//6409 6406//6406
f 6408//6408 6410//6410 6409//6409
f 6406//6406 6409//6409 6407//6407
f 6404//6404 6407//6407 6405//6405
f 6410//6410 6408//6408 6411//6411
f 6411//6411 6412//6412 6410//6410
f 6411//6411 6413//6413 6412//6412
f 6413//6413 6414//6414 6412//6412
f 6413//6413 6415//6415 6414//6414
f 6415//6415 6416//6416 6414//6414
f 6417//6417 6418//6418 6416//6416
f 6415//6415 6417//6417 6416//6416
f 6417//6417 6419//6419 6418//6418
f 6419//6419 6420//6420 6418//6418
f 6422//6422 6421//6421 6420//6420
f 6423//6423 6421//6421 6422//6422
f 6423//6423 6424//6424 6421//6421
f 6425//6425 6424//6424 6423//6423
f 6426//6426 6427//6427 6424//6424
f 6426//6426 6424//6424 6425//6425
f 6428//6428 6427//6427 6426//6426
f 6428//6428 6429//6429 6427//6427
f 6430//6430 6429//6429 6428//6428
f 6430//6430 6431//6431 6429//6429
f 6421//6421 6418//6418 6420//6420
f 6436//6436 6434//6434 6435//6435
f 6439//6439 6443//6443 6438//6438
f 6443//6443 6445//6445 6444//6444
f 6444//6444 6445//6445 6446//6446
f 6448//6448 6450//6450 6452//6452
f 6474//6474 6472//6472 6473//6473
f 6473//6473 6475//6475 6476//6476
f 6475//6475 6473//6473 6472//6472
f 6478//6478 6477//6477 6474//6474
f 6477//6477 6472//6472 6474//6474
f 6476//6476 6475//6475 6479//6479
f 6480//6480 6476//6476 6479//6479
f 6480//6480 6479//6479 6481//6481
f 6482//6482 6481//6481 6479//6479
f 6481//6481 6482//6482 6483//6483
f 6482//6482 6484//6484 6483//6483
f 6486//6486 6485//6485 6478//6478
f 6485//6485 6486//6486 6487//6487
f 6486//6486 6488//6488 6487//6487
f 6489//6489 6490//6490 6487//6487
f 6488//6488 6489//6489 6487//6487
f 6491//6491 6483//6483 6492//6492
f 6493//6493 6490//6490 6489//6489
f 6493//6493 6491//6491 6492//6492
f 6490//6490 6493//6493 6492//6492
f 6478//6478 6485//6485 6477//6477
f 6496//6496 6494//6494 6495//6495
f 6498//6498 6499//6499 6500//6500
f 6496//6496 6495//6495 6497//6497
f 6499//6499 6498//6498 6497//6497
f 6500//6500 6499//6499 6502//6502
f 6497//6497 6495//6495 6503//6503
f 6502//6502 6499//6499 6504//6504
f 6495//6495 6501//6501 6503//6503
f 6497//6497 6503//6503 6505//6505
f 6499//6499 6497//6497 6505//6505
f 6504//6504 6499//6499 6505//6505
f 6503//6503 6506//6506 6507//6507
f 6505//6505 6503//6503 6507//6507
f 6504//6504 6505//6505 6509//6509
f 6505//6505 6507//6507 6508//6508
f 6509//6509 6505//6505 6508//6508
f 6507//6507 6506//6506 6510//6510
f 6508//6508 6507//6507 6510//6510
f 6511//6511 6509//6509 6508//6508
f 6510//6510 6506//6506 6512//6512
f 6513//6513 6510//6510 6512//6512
f 6508//6508 6510//6510 6514//6514
f 6511//6511 6508//6508 6515//6515
f 6514//6514 6510//6510 6513//6513
f 6515//6515 6508//6508 6514//6514
f 6496//6496 6497//6497 6498//6498
f 6518//6518 6517//6517 6519//6519
f 6518//6518 6519//6519 6520//6520
f 6521//6521 6520//6520 6522//6522
f 6520//6520 6519//6519 6522//6522
f 6523//6523 6521//6521 6522//6522
f 6522//6522 6519//6519 6524//6524
f 6523//6523 6522//6522 6525//6525
f 6526//6526 6523//6523 6525//6525
f 6525//6525 6522//6522 6524//6524
f 6528//6528 6526//6526 6525//6525
f 6524//6524 6527//6527 6525//6525
f 6529//6529 6525//6525 6527//6527
f 6528//6528 6525//6525 6529//6529
f 6529//6529 6527//6527 6531//6531
f 6532//6532 6528//6528 6529//6529
f 6527//6527 6530//6530 6533//6533
f 6534//6534 6527//6527 6533//6533
f 6531//6531 6527//6527 6534//6534
f 6535//6535 6529//6529 6531//6531
f 6535//6535 6532//6532 6529//6529
f 6518//6518 6516//6516 6517//6517
f 6531//6531 6534//6534 6535//6535
f 6550//6550 6553//6553 6551//6551
f 6553//6553 6552//6552 6551//6551
f 6580//6580 6579//6579 6578//6578
f 6580//6580 6578//6578 6584//6584
f 6586//6586 6581//6581 6580//6580
f 6586//6586 6580//6580 6585//6585
f 6582//6582 6581//6581 6587//6587
f 6582//6582 6588//6588 6589//6589
f 6578//6578 6583//6583 6590//6590
f 6584//6584 6578//6578 6590//6590
f 6580//6580 6584//6584 6591//6591
f 6585//6585 6580//6580 6591//6591
f 6587//6587 6581//6581 6586//6586
f 6582//6582 6592//6592 6588//6588
f 6592//6592 6582//6582 6587//6587
f 6589//6589 6594//6594 6595//6595
f 6593//6593 6589//6589 6595//6595
f 6584//6584 6590//6590 6596//6596
f 6591//6591 6584//6584 6597//6597
f 6588//6588 6592//6592 6598//6598
f 6589//6589 6588//6588 6594//6594
f 6599//6599 6590//6590 6583//6583
f 6596//6596 6590//6590 6599//6599
f 6584//6584 6596//6596 6597//6597
f 6585//6585 6591//6591 6600//6600
f 6601//6601 6587//6587 6586//6586
f 6592//6592 6587//6587 6601//6601
f 6586//6586 6585//6585 6600//6600
f 6586//6586 6600//6600 6603//6603
f 6601//6601 6586//6586 6603//6603
f 6598//6598 6592//6592 6601//6601
f 6594//6594 6588//6588 6598//6598
f 6602//6602 6593//6593 6595//6595
f 6600//6600 6591//6591 6597//6597
f 6604//6604 6596//6596 6599//6599
f 6597//6597 6596//6596 6604//6604
f 6597//6597 6604//6604 6600//6600
f 6608//6608 6609//6609 6607//6607
f 6611//6611 6610//6610 6607//6607
f 6607//6607 6610//6610 6608//6608
f 6609//6609 6612//6612 6613//6613
f 6609//6609 6608//6608 6612//6612
f 6615//6615 6614//6614 6611//6611
f 6614//6614 6610//6610 6611//6611
f 6615//6615 6616//6616 6614//6614
f 6616//6616 6617//6617 6614//6614
f 6616//6616 6618//6618 6617//6617
f 6620//6620 6619//6619 6612//6612
f 6613//6613 6612//6612 6619//6619
f 6619//6619 6620//6620 6621//6621
f 6619//6619 6621//6621 6622//6622
f 6623//6623 6622//6622 6621//6621
f 6623//6623 6624//6624 6622//6622
f 6618//6618 6625//6625 6617//6617
f 6618//6618 6626//6626 6625//6625
f 6625//6625 6624//6624 6623//6623
f 6624//6624 6625//6625 6626//6626
f 6627//6627 6628//6628 6629//6629
f 6630//6630 6627//6627 6631//6631
f 6632//6632 6630//6630 6631//6631
f 6633//6633 6630//6630 6632//6632
f 6634//6634 6633//6633 6632//6632
f 6638//6638 6636//6636 6637//6637
f 6639//6639 6637//6637 6640//6640
f 6638//6638 6637//6637 6639//6639
f 6640//6640 6641//6641 6642//6642
f 6639//6639 6640//6640 6642//6642
f 6642//6642 6641//6641 6643//6643
f 6643//6643 6644//6644 6645//6645
f 6645//6645 6644//6644 6646//6646
f 6647//6647 6645//6645 6646//6646
f 6647//6647 6646//6646 6648//6648
f 6647//6647 6648//6648 6649//6649
f 6650//6650 6647//6647 6649//6649
f 6650//6650 6649//6649 6651//6651
f 6653//6653 6651//6651 6652//6652
f 6653//6653 6652//6652 6654//6654
f 6656//6656 6653//6653 6654//6654
f 6656//6656 6654//6654 6655//6655
f 6656//6656 6655//6655 6657//6657
f 6656//6656 6657//6657 6658//6658
f 6635//6635 6634//6634 6660//6660
f 6632//6632 6660//6660 6634//6634
f 6635//6635 6660//6660 6661//6661
f 6636//6636 6661//6661 6637//6637
f 6636//6636 6635//6635 6661//6661
f 6627//6627 6630//6630 6628//6628
f 6634//6634 6663//6663 6633//6633
f 6663//6663 6634//6634 6635//6635
f 6636//6636 6663//6663 6635//6635
f 6662//6662 6643//6643 6641//6641
f 6643//6643 6664//6664 6642//6642
f 6643//6643 6662//6662 6644//6644
f 6665//6665 6646//6646 6644//6644
f 6648//6648 6646//6646 6665//6665
f 6649//6649 6648//6648 6666//6666
f 6651//6651 6649//6649 6666//6666
f 6651//6651 6666//6666 6667//6667
f 6651//6651 6667//6667 6652//6652
f 6652//6652 6667//6667 6654//6654
f 6658//6658 6657//6657 6668//6668
f 6658//6658 6668//6668 6659//6659
f 6643//6643 6645//6645 6664//6664
f 6669//6669 6650//6650 6651//6651
f 6653//6653 6669//6669 6651//6651
f 6659//6659 6670//6670 6658//6658
f 6656//6656 6658//6658 6670//6670
f 6673//6673 6671//6671 6672//6672
f 6674//6674 6673//6673 6672//6672
f 6674//6674 6672//6672 6675//6675
f 6674//6674 6675//6675 6676//6676
f 6677//6677 6676//6676 6675//6675
f 6675//6675 6678//6678 6679//6679
f 6679//6679 6677//6677 6675//6675
f 6680//6680 6679//6679 6678//6678
f 6680//6680 6681//6681 6682//6682
f 6682//6682 6681//6681 6683//6683
f 6683//6683 6681//6681 6684//6684
f 6683//6683 6684//6684 6685//6685
f 6686//6686 6685//6685 6684//6684
f 6687//6687 6686//6686 6684//6684
f 6688//6688 6689//6689 6690//6690
f 6690//6690 6689//6689 6691//6691
f 6692//6692 6691//6691 6689//6689
f 6691//6691 6692//6692 6693//6693
f 6693//6693 6692//6692 6694//6694
f 6698//6698 6696//6696 6697//6697
f 6698//6698 6697//6697 6699//6699
f 6699//6699 6697//6697 6700//6700
f 6699//6699 6700//6700 6701//6701
f 6702//6702 6701//6701 6700//6700
f 6703//6703 6701//6701 6702//6702
f 6704//6704 6703//6703 6702//6702
f 6705//6705 6680//6680 6678//6678
f 6705//6705 6681//6681 6680//6680
f 6706//6706 6687//6687 6684//6684
f 6688//6688 6687//6687 6706//6706
f 6673//6673 6707//6707 6671//6671
f 6674//6674 6676//6676 6673//6673
f 6682//6682 6708//6708 6680//6680
f 6679//6679 6680//6680 6708//6708
f 6683//6683 6685//6685 6682//6682
f 6687//6687 6709//6709 6686//6686
f 6688//6688 6709//6709 6687//6687
f 6710//6710 6695//6695 6694//6694
f 6710//6710 6696//6696 6695//6695
f 6690//6690 6709//6709 6688//6688
f 6695//6695 6711//6711 6694//6694
f 6711//6711 6693//6693 6694//6694
f 6711//6711 6695//6695 6712//6712
f 6696//6696 6712//6712 6695//6695
f 6699//6699 6701//6701 6698//6698
f 6703//6703 6704//6704 6713//6713
f 6696//6696 6698//6698 6712//6712
f 6868//6868 6869//6869 6870//6870
f 6868//6868 6870//6870 6871//6871
f 6872//6872 6873//6873 6869//6869
f 6872//6872 6869//6869 6868//6868
f 6874//6874 6875//6875 6873//6873
f 6874//6874 6873//6873 6872//6872
f 6876//6876 6877//6877 6875//6875
f 6876//6876 6875//6875 6874//6874
f 6876//6876 6878//6878 6877//6877
f 6878//6878 6879//6879 6880//6880
f 6879//6879 6881//6881 6882//6882
f 6879//6879 6882//6882 6883//6883
f 6879//6879 6883//6883 6880//6880
f 6884//6884 6885//6885 6881//6881
f 6886//6886 6887//6887 6884//6884
f 6886//6886 6888//6888 6889//6889
f 6886//6886 6889//6889 6887//6887
f 6884//6884 6887//6887 6885//6885
f 6881//6881 6885//6885 6882//6882
f 6878//6878 6880//6880 6877//6877
f 6889//6889 6888//6888 6890//6890
f 6891//6891 6890//6890 6888//6888
f 6892//6892 6893//6893 6894//6894
f 6892//6892 6894//6894 6890//6890
f 6892//6892 6890//6890 6891//6891
f 6895//6895 6896//6896 6897//6897
f 6898//6898 6899//6899 6900//6900
f 6901//6901 6900//6900 6899//6899
f 6898//6898 6900//6900 6896//6896
f 6898//6898 6896//6896 6895//6895
f 6893//6893 6895//6895 6897//6897
f 6893//6893 6897//6897 6894//6894
f 6902//6902 6903//6903 6904//6904
f 6905//6905 6906//6906 6907//6907
f 6905//6905 6907//6907 6903//6903
f 6905//6905 6903//6903 6902//6902
f 6908//6908 6909//6909 6906//6906
f 6912//6912 6913//6913 6911//6911
f 6912//6912 6911//6911 6910//6910
f 6910//6910 6911//6911 6909//6909
f 6910//6910 6909//6909 6908//6908
f 6906//6906 6909//6909 6907//6907
f 6904//6904 6901//6901 6899//6899
f 6904//6904 6899//6899 6902//6902
f 6937//6937 6939//6939 6938//6938
f 6943//6943 6942//6942 6944//6944
f 6950//6950 6951//6951 6952//6952
f 6953//6953 6954//6954 6955//6955
f 6955//6955 6952//6952 6953//6953
f 6958//6958 6959//6959 6960//6960
f 6960//6960 6961//6961 6958//6958
f 6956//6956 6957//6957 6959//6959
f 6954//6954 6953//6953 6957//6957
f 6955//6955 6950//6950 6952//6952
f 6956//6956 6954//6954 6957//6957
f 6963//6963 6962//6962 6961//6961
f 6962//6962 6963//6963 6964//6964
f 6959//6959 6958//6958 6956//6956
f 6960//6960 6963//6963 6961//6961
f 6965//6965 6964//6964 6966//6966
f 6967//6967 6966//6966 6968//6968
f 6969//6969 6968//6968 6970//6970
f 6973//6973 6972//6972 6974//6974
f 6971//6971 6970//6970 6972//6972
f 6968//6968 6969//6969 6967//6967
f 6967//6967 6965//6965 6966//6966
f 6971//6971 6969//6969 6970//6970
f 6973//6973 6971//6971 6972//6972
f 6975//6975 6974//6974 6976//6976
f 6977//6977 6975//6975 6976//6976
f 6977//6977 6976//6976 6978//6978
f 6975//6975 6973//6973 6974//6974
f 6962//6962 6964//6964 6965//6965
f 7002//7002 7003//7003 7004//7004
f 7002//7002 7004//7004 7005//7005
f 7006//7006 7007//7007 7003//7003
f 7002//7002 7006//7006 7003//7003
f 7010//7010 7011//7011 7012//7012
f 7008//7008 7010//7010 7012//7012
f 7008//7008 7012//7012 7009//7009
f 7006//7006 7008//7008 7009//7009
f 7006//7006 7009//7009 7007//7007
f 7013//7013 7014//7014 7015//7015
f 7013//7013 7015//7015 7011//7011
f 7016//7016 7017//7017 7014//7014
f 7013//7013 7016//7016 7014//7014
f 7018//7018 7019//7019 7020//7020
f 7018//7018 7020//7020 7017//7017
f 7021//7021 7022//7022 7019//7019
f 7021//7021 7023//7023 7024//7024
f 7021//7021 7024//7024 7022//7022
f 7019//7019 7022//7022 7020//7020
f 7018//7018 7017//7017 7016//7016
f 7011//7011 7015//7015 7012//7012
f 7023//7023 7025//7025 7024//7024
f 7026//7026 7027//7027 7025//7025
f 7028//7028 7027//7027 7029//7029
f 7028//7028 7029//7029 7030//7030
f 7029//7029 7027//7027 7026//7026
f 7031//7031 7028//7028 7030//7030
f 7031//7031 7030//7030 7032//7032
f 7033//7033 7034//7034 7035//7035
f 7033//7033 7035//7035 7032//7032
f 7035//7035 7031//7031 7032//7032
f 7036//7036 7034//7034 7037//7037
f 7036//7036 7037//7037 7038//7038
f 7039//7039 7036//7036 7038//7038
f 7039//7039 7038//7038 7040//7040
f 7041//7041 7042//7042 7043//7043
f 7041//7041 7043//7043 7040//7040
f 7044//7044 7042//7042 7045//7045
f 7046//7046 7047//7047 7044//7044
f 7046//7046 7044//7044 7045//7045
f 7042//7042 7041//7041 7045//7045
f 7040//7040 7043//7043 7039//7039
f 7034//7034 7033//7033 7037//7037
f 7025//7025 7023//7023 7026//7026
f 7048//7048 7049//7049 7050//7050
f 7053//7053 7052//7052 7054//7054
f 7052//7052 7053//7053 7051//7051
f 7055//7055 7056//7056 7054//7054
f 7055//7055 7057//7057 7058//7058
f 7055//7055 7058//7058 7059//7059
f 7060//7060 7061//7061 7062//7062
f 7060//7060 7062//7062 7063//7063
f 7064//7064 7065//7065 7066//7066
f 7064//7064 7066//7066 7067//7067
f 7064//7064 7067//7067 7062//7062
f 7064//7064 7062//7062 7061//7061
f 7060//7060 7063//7063 7058//7058
f 7060//7060 7058//7058 7057//7057
f 7068//7068 7069//7069 7070//7070
f 7068//7068 7070//7070 7071//7071
f 7072//7072 7073//7073 7070//7070
f 7072//7072 7070//7070 7069//7069
f 7074//7074 7075//7075 7076//7076
f 7074//7074 7076//7076 7077//7077
f 7078//7078 7079//7079 7080//7080
f 7078//7078 7080//7080 7081//7081
f 7074//7074 7081//7081 7080//7080
f 7074//7074 7080//7080 7075//7075
f 7077//7077 7076//7076 7073//7073
f 7077//7077 7073//7073 7072//7072
f 7068//7068 7071//7071 7066//7066
f 7068//7068 7066//7066 7065//7065
f 7082//7082 7083//7083 7079//7079
f 7082//7082 7079//7079 7078//7078
f 7084//7084 7085//7085 7086//7086
f 7056//7056 7084//7084 7086//7086
f 7087//7087 7088//7088 7089//7089
f 7090//7090 7085//7085 7091//7091
f 7089//7089 7091//7091 7085//7085
f 7085//7085 7090//7090 7086//7086
f 7056//7056 7059//7059 7084//7084
f 7059//7059 7056//7056 7055//7055
f 7092//7092 7093//7093 7083//7083
f 7092//7092 7083//7083 7082//7082
f 7092//7092 7094//7094 7095//7095
f 7092//7092 7095//7095 7093//7093
f 7094//7094 7096//7096 7097//7097
f 7094//7094 7097//7097 7095//7095
f 7098//7098 7099//7099 7100//7100
f 7098//7098 7100//7100 7101//7101
f 7102//7102 7103//7103 7104//7104
f 7102//7102 7104//7104 7105//7105
f 7104//7104 7098//7098 7101//7101
f 7104//7104 7101//7101 7105//7105
f 7100//7100 7099//7099 7097//7097
f 7100//7100 7097//7097 7096//7096
f 7106//7106 7107//7107 7108//7108
f 7106//7106 7108//7108 7109//7109
f 7110//7110 7111//7111 7108//7108
f 7110//7110 7108//7108 7107//7107
f 7112//7112 7113//7113 7114//7114
f 7112//7112 7114//7114 7115//7115
f 7113//7113 7116//7116 7117//7117
f 7113//7113 7117//7117 7114//7114
f 7118//7118 7119//7119 7116//7116
f 7112//7112 7115//7115 7111//7111
f 7112//7112 7111//7111 7110//7110
f 7109//7109 7103//7103 7102//7102
f 7109//7109 7102//7102 7106//7106
f 7120//7120 7121//7121 7118//7118
f 7122//7122 7121//7121 7120//7120
f 7123//7123 7124//7124 7125//7125
f 7120//7120 7124//7124 7122//7122
f 7118//7118 7121//7121 7119//7119
f 7126//7126 7116//7116 7119//7119
f 7116//7116 7126//7126 7117//7117
f 7127//7127 7126//7126 7128//7128
f 7127//7127 7128//7128 7129//7129
f 7131//7131 7130//7130 7127//7127
f 7132//7132 7133//7133 7130//7130
f 7132//7132 7130//7130 7131//7131
f 7129//7129 7131//7131 7127//7127
f 7117//7117 7126//7126 7127//7127
f 7134//7134 7135//7135 7136//7136
f 7137//7137 7134//7134 7136//7136
f 7138//7138 7139//7139 7134//7134
f 7135//7135 7134//7134 7139//7139
f 7140//7140 7141//7141 7142//7142
f 7141//7141 7137//7137 7136//7136
f 7137//7137 7141//7141 7140//7140
f 7139//7139 7138//7138 7143//7143
f 7145//7145 7143//7143 7144//7144
f 7146//7146 7145//7145 7144//7144
f 7143//7143 7138//7138 7144//7144
f 7146//7146 7147//7147 7145//7145
f 7148//7148 7147//7147 7146//7146
f 7147//7147 7149//7149 7150//7150
f 7149//7149 7151//7151 7150//7150
f 7147//7147 7148//7148 7149//7149
f 7152//7152 7142//7142 7153//7153
f 7154//7154 7152//7152 7153//7153
f 7155//7155 7154//7154 7153//7153
f 7156//7156 7155//7155 7153//7153
f 7155//7155 7156//7156 7157//7157
f 7158//7158 7157//7157 7156//7156
f 7157//7157 7158//7158 7159//7159
f 7160//7160 7159//7159 7158//7158
f 7158//7158 7161//7161 7160//7160
f 7162//7162 7151//7151 7163//7163
f 7164//7164 7162//7162 7163//7163
f 7162//7162 7150//7150 7151//7151
f 7161//7161 7165//7165 7160//7160
f 7166//7166 7165//7165 7161//7161
f 7164//7164 7163//7163 7165//7165
f 7165//7165 7166//7166 7164//7164
f 7152//7152 7140//7140 7142//7142
f 7167//7167 7168//7168 7169//7169
f 7169//7169 7170//7170 7171//7171
f 7172//7172 7167//7167 7173//7173
f 7167//7167 7172//7172 7168//7168
f 7168//7168 7170//7170 7169//7169
f 7172//7172 7173//7173 7174//7174
f 7175//7175 7171//7171 7170//7170
f 7176//7176 7177//7177 7178//7178
f 7178//7178 7179//7179 7180//7180
f 7177//7177 7176//7176 7175//7175
f 7179//7179 7181//7181 7180//7180
f 7182//7182 7183//7183 7181//7181
f 7181//7181 7183//7183 7180//7180
f 7181//7181 7184//7184 7182//7182
f 7177//7177 7179//7179 7178//7178
f 7177//7177 7175//7175 7170//7170
f 7185//7185 7172//7172 7174//7174
f 7186//7186 7187//7187 7185//7185
f 7174//7174 7188//7188 7185//7185
f 7187//7187 7189//7189 7190//7190
f 7188//7188 7186//7186 7185//7185
f 7189//7189 7191//7191 7190//7190
f 7192//7192 7190//7190 7193//7193
f 7193//7193 7190//7190 7191//7191
f 7194//7194 7192//7192 7193//7193
f 7186//7186 7189//7189 7187//7187
f 7195//7195 7196//7196 7184//7184
f 7182//7182 7184//7184 7197//7197
f 7184//7184 7196//7196 7197//7197
f 7198//7198 7195//7195 7199//7199
f 7200//7200 7199//7199 7201//7201
f 7195//7195 7198//7198 7196//7196
f 7198//7198 7199//7199 7200//7200
f 7201//7201 7199//7199 7192//7192
f 7201//7201 7192//7192 7194//7194
f 7204//7204 7203//7203 7202//7202
f 7202//7202 7205//7205 7204//7204
f 7206//7206 7203//7203 7204//7204
f 7209//7209 7204//7204 7205//7205
f 7208//7208 7209//7209 7205//7205
f 7207//7207 7205//7205 7202//7202
f 7212//7212 7211//7211 7213//7213
f 7210//7210 7211//7211 7214//7214
f 7212//7212 7214//7214 7211//7211
f 7216//7216 7217//7217 7213//7213
f 7213//7213 7211//7211 7215//7215
f 7217//7217 7218//7218 7213//7213
f 7212//7212 7219//7219 7214//7214
f 7220//7220 7221//7221 7212//7212
f 7213//7213 7218//7218 7212//7212
f 7212//7212 7218//7218 7220//7220
f 7222//7222 7218//7218 7217//7217
f 7223//7223 7220//7220 7218//7218
f 7224//7224 7219//7219 7212//7212
f 7225//7225 7226//7226 7227//7227
f 7228//7228 7226//7226 7225//7225
f 7229//7229 7225//7225 7230//7230
f 7227//7227 7230//7230 7225//7225
f 7231//7231 7232//7232 7233//7233
f 7233//7233 7226//7226 7228//7228
f 7228//7228 7231//7231 7233//7233
f 7230//7230 7234//7234 7229//7229
f 7236//7236 7235//7235 7234//7234
f 7237//7237 7235//7235 7236//7236
f 7234//7234 7235//7235 7229//7229
f 7237//7237 7236//7236 7238//7238
f 7239//7239 7237//7237 7238//7238
f 7238//7238 7240//7240 7241//7241
f 7241//7241 7240//7240 7242//7242
f 7238//7238 7241//7241 7239//7239
f 7243//7243 7244//7244 7232//7232
f 7245//7245 7244//7244 7243//7243
f 7246//7246 7244//7244 7245//7245
f 7247//7247 7244//7244 7246//7246
f 7246//7246 7248//7248 7247//7247
f 7249//7249 7247//7247 7248//7248
f 7250//7250 7249//7249 7251//7251
f 7248//7248 7251//7251 7249//7249
f 7252//7252 7253//7253 7242//7242
f 7254//7254 7253//7253 7252//7252
f 7252//7252 7242//7242 7240//7240
f 7255//7255 7250//7250 7251//7251
f 7256//7256 7250//7250 7255//7255
f 7255//7255 7253//7253 7254//7254
f 7255//7255 7254//7254 7256//7256
f 7243//7243 7232//7232 7231//7231
f 7296//7296 7295//7295 7294//7294
f 7298//7298 7296//7296 7299//7299
f 7297//7297 7296//7296 7298//7298
f 7301//7301 7299//7299 7296//7296
f 7301//7301 7302//7302 7303//7303
f 7302//7302 7301//7301 7296//7296
f 7307//7307 7306//7306 7297//7297
f 7295//7295 7297//7297 7311//7311
f 7297//7297 7295//7295 7296//7296
f 7311//7311 7313//7313 7295//7295
f 7314//7314 7316//7316 7315//7315
f 7317//7317 7318//7318 7316//7316
f 7306//7306 7309//7309 7297//7297
f 7309//7309 7310//7310 7297//7297
f 7310//7310 7312//7312 7297//7297
f 7312//7312 7311//7311 7297//7297
f 7317//7317 7313//7313 7318//7318
f 7313//7313 7317//7317 7295//7295
f 7319//7319 7310//7310 7309//7309
f 7318//7318 7313//7313 7321//7321
f 7316//7316 7322//7322 7315//7315
f 7304//7304 7306//7306 7307//7307
f 7302//7302 7323//7323 7303//7303
f 7304//7304 7324//7324 7306//7306
f 7324//7324 7327//7327 7326//7326
f 7328//7328 7311//7311 7312//7312
f 7316//7316 7331//7331 7322//7322
f 7321//7321 7332//7332 7318//7318
f 7320//7320 7313//7313 7333//7333
f 7328//7328 7335//7335 7311//7311
f 7329//7329 7330//7330 7319//7319
f 7295//7295 7317//7317 7339//7339
f 7340//7340 7317//7317 7341//7341
f 7314//7314 7317//7317 7316//7316
f 7339//7339 7317//7317 7340//7340
f 7340//7340 7341//7341 7342//7342
f 7346//7346 7345//7345 7340//7340
f 7336//7336 7314//7314 7315//7315
f 7338//7338 7314//7314 7336//7336
f 7340//7340 7345//7345 7344//7344
f 7347//7347 7345//7345 7346//7346
f 7340//7340 7344//7344 7343//7343
f 7339//7339 7340//7340 7343//7343
f 7343//7343 7348//7348 7339//7339
f 7349//7349 7339//7339 7350//7350
f 7350//7350 7353//7353 7349//7349
f 7353//7353 7354//7354 7352//7352
f 7348//7348 7350//7350 7339//7339
f 7353//7353 7352//7352 7349//7349
f 7351//7351 7352//7352 7354//7354
f 7351//7351 7355//7355 7352//7352
f 7354//7354 7356//7356 7351//7351
f 7358//7358 7347//7347 7346//7346
f 7343//7343 7360//7360 7348//7348
f 7357//7357 7361//7361 7353//7353
f 7359//7359 7344//7344 7345//7345
f 7356//7356 7354//7354 7362//7362
f 7364//7364 7359//7359 7345//7345
f 7358//7358 7365//7365 7347//7347
f 7359//7359 7364//7364 7366//7366
f 7369//7369 7342//7342 7341//7341
f 7336//7336 7334//7334 7338//7338
f 7360//7360 7367//7367 7368//7368
f 7368//7368 7348//7348 7360//7360
f 7374//7374 7373//7373 7363//7363
f 7363//7363 7373//7373 7350//7350
f 7357//7357 7375//7375 7361//7361
f 7351//7351 7378//7378 7355//7355
f 7379//7379 7355//7355 7378//7378
f 7362//7362 7380//7380 7356//7356
f 7334//7334 7337//7337 7338//7338
f 7325//7325 7381//7381 7323//7323
f 7381//7381 7382//7382 7323//7323
f 7326//7326 7327//7327 7384//7384
f 7381//7381 7383//7383 7382//7382
f 7389//7389 7320//7320 7333//7333
f 7335//7335 7328//7328 7391//7391
f 7393//7393 7397//7397 7394//7394
f 7331//7331 7316//7316 7395//7395
f 7329//7329 7388//7388 7392//7392
f 7398//7398 7390//7390 7334//7334
f 7396//7396 7331//7331 7395//7395
f 7381//7381 7325//7325 7401//7401
f 7327//7327 7402//7402 7387//7387
f 7392//7392 7388//7388 7403//7403
f 7403//7403 7404//7404 7392//7392
f 7408//7408 7401//7401 7407//7407
f 7407//7407 7401//7401 7325//7325
f 7405//7405 7410//7410 7406//7406
f 7387//7387 7408//7408 7407//7407
f 7404//7404 7387//7387 7407//7407
f 7409//7409 7392//7392 7404//7404
f 7409//7409 7405//7405 7392//7392
f 7402//7402 7408//7408 7387//7387
f 7407//7407 7409//7409 7404//7404
f 7409//7409 7410//7410 7405//7405
f 7335//7335 7391//7391 7411//7411
f 7333//7333 7412//7412 7389//7389
f 7413//7413 7338//7338 7337//7337
f 7399//7399 7371//7371 7414//7414
f 7411//7411 7412//7412 7335//7335
f 7411//7411 7410//7410 7409//7409
f 7415//7415 7412//7412 7411//7411
f 7393//7393 7389//7389 7415//7415
f 7412//7412 7415//7415 7389//7389
f 7409//7409 7415//7415 7411//7411
f 7415//7415 7395//7395 7393//7393
f 7395//7395 7397//7397 7393//7393
f 7415//7415 7413//7413 7395//7395
f 7395//7395 7413//7413 7396//7396
f 7413//7413 7416//7416 7414//7414
f 7365//7365 7358//7358 7418//7418
f 7421//7421 7366//7366 7364//7364
f 7364//7364 7424//7424 7421//7421
f 7417//7417 7426//7426 7370//7370
f 7424//7424 7425//7425 7422//7422
f 7424//7424 7364//7364 7425//7425
f 7427//7427 7376//7376 7361//7361
f 7372//7372 7368//7368 7428//7428
f 7427//7427 7361//7361 7429//7429
f 7374//7374 7430//7430 7373//7373
f 7431//7431 7427//7427 7429//7429
f 7380//7380 7432//7432 7433//7433
f 7380//7380 7362//7362 7432//7432
f 7379//7379 7435//7435 7355//7355
f 7380//7380 7433//7433 7434//7434
f 7441//7441 7373//7373 7430//7430
f 7434//7434 7433//7433 7439//7439
f 7399//7399 7414//7414 7416//7416
f 7426//7426 7417//7417 7416//7416
f 7418//7418 7426//7426 7416//7416
f 7415//7415 7418//7418 7416//7416
f 7443//7443 7425//7425 7364//7364
f 7442//7442 7418//7418 7415//7415
f 7444//7444 7443//7443 7442//7442
f 7442//7442 7415//7415 7444//7444
f 7416//7416 7413//7413 7415//7415
f 7444//7444 7445//7445 7443//7443
f 7431//7431 7429//7429 7440//7440
f 7427//7427 7431//7431 7446//7446
f 7439//7439 7438//7438 7434//7434
f 7447//7447 7372//7372 7428//7428
f 7447//7447 7428//7428 7445//7445
f 7448//7448 7446//7446 7431//7431
f 7430//7430 7447//7447 7444//7444
f 7444//7444 7441//7441 7430//7430
f 7444//7444 7447//7447 7445//7445
f 7450//7450 7449//7449 7451//7451
f 7444//7444 7448//7448 7441//7441
f 7451//7451 7446//7446 7444//7444
f 7448//7448 7444//7444 7446//7446
f 7450//7450 7451//7451 7444//7444
f 7452//7452 7450//7450 7453//7453
f 7453//7453 7450//7450 7444//7444
f 7454//7454 7436//7436 7435//7435
f 7452//7452 7439//7439 7433//7433
f 7453//7453 7455//7455 7452//7452
f 7454//7454 7455//7455 7436//7436
f 7455//7455 7453//7453 7436//7436
f 8182//8182 8200//8200 8185//8185
f 8215//8215 8208//8208 8209//8209
f 8227//8227 8218//8218 8220//8220
f 8235//8235 8234//8234 8233//8233
f 8235//8235 8236//8236 8234//8234
f 8253//8253 8251//8251 8254//8254
f 8254//8254 8251//8251 8250//8250
f 8258//8258 8257//8257 8259//8259
f 8260//8260 8251//8251 8253//8253
f 8251//8251 8260//8260 8283//8283
f 8284//8284 8286//8286 8285//8285
f 8306//8306 8309//8309 8310//8310
f 8329//8329 8327//8327 8328//8328
f 8330//8330 8332//8332 8331//8331
f 8341//8341 1//1 8335//8335
f 8337//8337 8342//8342 8335//8335
f 8355//8355 8331//8331 8332//8332
f 8355//8355 8332//8332 8356//8356
f 8337//8337 8335//8335 8336//8336
f 8369//8369 8370//8370 8368//8368
f 8368//8368 8372//8372 8369//8369
f 8369//8369 8371//8371 8373//8373
f 8372//8372 8374//8374 8369//8369
f 8374//8374 8371//8371 8369//8369
f 8375//8375 8374//8374 8372//8372
f 8375//8375 8376//8376 8374//8374
f 8377//8377 8379//8379 8380//8380
f 8377//8377 8378//8378 8379//8379
f 8381//8381 8378//8378 8382//8382
f 8378//8378 8381//8381 8379//8379
f 8384//8384 8383//8383 8385//8385
f 8386//8386 8383//8383 8384//8384
f 8384//8384 8385//8385 8387//8387
f 8388//8388 8390//8390 8389//8389
f 8389//8389 8391//8391 8388//8388
f 8392//8392 8391//8391 8389//8389
f 8392//8392 8393//8393 8391//8391
f 8394//8394 8395//8395 8392//8392
f 8394//8394 8397//8397 8399//8399
f 8396//8396 8398//8398 8397//8397
f 8398//8398 8396//8396 8400//8400
f 8397//8397 8398//8398 8399//8399
f 8394//8394 8399//8399 8395//8395
f 8401//8401 8395//8395 8399//8399
f 8393//8393 8392//8392 8395//8395
f 8411//8411 8412//8412 8416//8416
f 8416//8416 8412//8412 8415//8415
f 8417//8417 8415//8415 8409//8409
f 8417//8417 8416//8416 8415//8415
f 8418//8418 8409//8409 8408//8408
f 8419//8419 8418//8418 8408//8408
f 8438//8438 8439//8439 8440//8440
f 8441//8441 8439//8439 8438//8438
f 8439//8439 8442//8442 8440//8440
f 8440//8440 8442//8442 8443//8443
f 8444//8444 8439//8439 8441//8441
f 8446//8446 8448//8448 8447//8447
f 8441//8441 8446//8446 8444//8444
f 8447//8447 8444//8444 8446//8446
f 8449//8449 8450//8450 8445//8445
f 8451//8451 8449//8449 8447//8447
f 8449//8449 8451//8451 8450//8450
f 8448//8448 8451//8451 8447//8447
f 8452//8452 8454//8454 8453//8453
f 8455//8455 8454//8454 8456//8456
f 8454//8454 8455//8455 8453//8453
f 8455//8455 8459//8459 8457//8457
f 8457//8457 8459//8459 8460//8460
f 8460//8460 8458//8458 8457//8457
f 8461//8461 8454//8454 8462//8462
f 8456//8456 8454//8454 8461//8461
f 8467//8467 8455//8455 8466//8466
f 8459//8459 8455//8455 8467//8467
f 8459//8459 8468//8468 8460//8460
f 8459//8459 8469//8469 8468//8468
f 8470//8470 8472//8472 8474//8474
f 8478//8478 8484//8484 1//1
f 8485//8485 8478//8478 8484//8484
f 8472//8472 8487//8487 8474//8474
f 8489//8489 8487//8487 8486//8486
f 8488//8488 8486//8486 8487//8487
f 8489//8489 8474//8474 8487//8487
f 8498//8498 8518//8518 8503//8503
f 8529//8529 8524//8524 8525//8525
f 8535//8535 8539//8539 8544//8544
f 8549//8549 8551//8551 8548//8548
f 8552//8552 8551//8551 8549//8549
f 8568//8568 8570//8570 8569//8569
f 8571//8571 8570//8570 8568//8568
f 8573//8573 8574//8574 8571//8571
f 8570//8570 8571//8571 8572//8572
f 8574//8574 8572//8572 8571//8571
f 8576//8576 8577//8577 8573//8573
f 8576//8576 8578//8578 8577//8577
f 8577//8577 8575//8575 8573//8573
f 8576//8576 8579//8579 8578//8578
f 8575//8575 8574//8574 8573//8573
f 8577//8577 8580//8580 8575//8575
f 7052//7052 7048//7048 7050//7050
f 7052//7052 7051//7051 7048//7048
f 7089//7089 7088//7088 7091//7091
f 7124//7124 7123//7123 7122//7122
f 8581//8581 7133//7133 8582//8582
f 7133//7133 7132//7132 8582//8582
f 7323//7323 7302//7302 7325//7325
f 7435//7435 7436//7436 7355//7355
f 8583//8583 8585//8585 8584//8584
f 8588//8588 8587//8587 8586//8586
f 8589//8589 8590//8590 8588//8588
f 8590//8590 8589//8589 8591//8591
f 8596//8596 8597//8597 8598//8598
f 8599//8599 8600//8600 8601//8601
f 8601//8601 8598//8598 8599//8599
f 8604//8604 8605//8605 8606//8606
f 8606//8606 8607//8607 8604//8604
f 8602//8602 8603//8603 8605//8605
f 8600//8600 8599//8599 8603//8603
f 8601//8601 8596//8596 8598//8598
f 8602//8602 8600//8600 8603//8603
f 8609//8609 8608//8608 8607//8607
f 8608//8608 8609//8609 8610//8610
f 8605//8605 8604//8604 8602//8602
f 8606//8606 8609//8609 8607//8607
f 8611//8611 8610//8610 8612//8612
f 8613//8613 8612//8612 8614//8614
f 8615//8615 8614//8614 8616//8616
f 8619//8619 8618//8618 8620//8620
f 8617//8617 8616//8616 8618//8618
f 8614//8614 8615//8615 8613//8613
f 8613//8613 8611//8611 8612//8612
f 8617//8617 8615//8615 8616//8616
f 8619//8619 8617//8617 8618//8618
f 8621//8621 8620//8620 8622//8622
f 8623//8623 8621//8621 8622//8622
f 8623//8623 8622//8622 8624//8624
f 8621//8621 8619//8619 8620//8620
f 8608//8608 8610//8610 8611//8611
f 8625//8625 8626//8626 8627//8627
f 8625//8625 8627//8627 8628//8628
f 8625//8625 8629//8629 8630//8630
f 8625//8625 8630//8630 8626//8626
f 8631//8631 8632//8632 8633//8633
f 8631//8631 8633//8633 8634//8634
f 8635//8635 8636//8636 8637//8637
f 8635//8635 8637//8637 8638//8638
f 8632//8632 8635//8635 8638//8638
f 8632//8632 8638//8638 8633//8633
f 8631//8631 8634//8634 8630//8630
f 8631//8631 8630//8630 8629//8629
f 8637//8637 8636//8636 8639//8639
f 8637//8637 8639//8639 8640//8640
f 8639//8639 8641//8641 8642//8642
f 8639//8639 8642//8642 8640//8640
f 8641//8641 8643//8643 8644//8644
f 8641//8641 8644//8644 8642//8642
f 8645//8645 8646//8646 8647//8647
f 8645//8645 8647//8647 8648//8648
f 8649//8649 8650//8650 8651//8651
f 8649//8649 8651//8651 8652//8652
f 8645//8645 8649//8649 8652//8652
f 8645//8645 8652//8652 8646//8646
f 8648//8648 8647//8647 8644//8644
f 8648//8648 8644//8644 8643//8643
f 8653//8653 8654//8654 8655//8655
f 8654//8654 8656//8656 8657//8657
f 8658//8658 8657//8657 8659//8659
f 8657//8657 8656//8656 8659//8659
f 8660//8660 8654//8654 8653//8653
f 8656//8656 8654//8654 8660//8660
f 8661//8661 8662//8662 8660//8660
f 8663//8663 8659//8659 8656//8656
f 8656//8656 8662//8662 8664//8664
f 8656//8656 8660//8660 8662//8662
f 8660//8660 8653//8653 8665//8665
f 8666//8666 8667//8667 8668//8668
f 8669//8669 8667//8667 8666//8666
f 8670//8670 8666//8666 8668//8668
f 8671//8671 8672//8672 8669//8669
f 8667//8667 8669//8669 8672//8672
f 8673//8673 8672//8672 8671//8671
f 8674//8674 8675//8675 8676//8676
f 8668//8668 8675//8675 8670//8670
f 8670//8670 8675//8675 8674//8674
f 8676//8676 8677//8677 8678//8678
f 8679//8679 8680//8680 8677//8677
f 8678//8678 8677//8677 8680//8680
f 8674//8674 8676//8676 8678//8678
f 8681//8681 8682//8682 8683//8683
f 8673//8673 8683//8683 8682//8682
f 8681//8681 8684//8684 8685//8685
f 8686//8686 8685//8685 8684//8684
f 8682//8682 8681//8681 8685//8685
f 8687//8687 8679//8679 8688//8688
f 8687//8687 8680//8680 8679//8679
f 8689//8689 8687//8687 8688//8688
f 8690//8690 8686//8686 8691//8691
f 8684//8684 8691//8691 8686//8686
f 8690//8690 8689//8689 8688//8688
f 8691//8691 8689//8689 8690//8690
f 8683//8683 8673//8673 8671//8671
f 8694//8694 8693//8693 8692//8692
f 8692//8692 8695//8695 8694//8694
f 8696//8696 8693//8693 8694//8694
f 8699//8699 8694//8694 8695//8695
f 8698//8698 8699//8699 8695//8695
f 8699//8699 8700//8700 8694//8694
f 8697//8697 8695//8695 8692//8692
f 8704//8704 8702//8702 8703//8703
f 8705//8705 8706//8706 8704//8704
f 8706//8706 8705//8705 8707//8707
f 8709//8709 8706//8706 8708//8708
f 8710//8710 8711//8711 8709//8709
f 8708//8708 8706//8706 8707//8707
f 8710//8710 8709//8709 8708//8708
f 8708//8708 8707//8707 8714//8714
f 8710//8710 8708//8708 8715//8715
f 8711//8711 8710//8710 8713//8713
f 8712//8712 8711//8711 8713//8713
f 8704//8704 8703//8703 8716//8716
f 8705//8705 8704//8704 8716//8716
f 8710//8710 8715//8715 8717//8717
f 8708//8708 8714//8714 8718//8718
f 8715//8715 8708//8708 8718//8718
f 8705//8705 8719//8719 8720//8720
f 8707//8707 8705//8705 8720//8720
f 8720//8720 8714//8714 8707//8707
f 8716//8716 8703//8703 8721//8721
f 8705//8705 8716//8716 8719//8719
f 8714//8714 8720//8720 8718//8718
f 8710//8710 8717//8717 8722//8722
f 8713//8713 8710//8710 8722//8722
f 8723//8723 8715//8715 8718//8718
f 8717//8717 8715//8715 8723//8723
f 8718//8718 8720//8720 8724//8724
f 8719//8719 8716//8716 8725//8725
f 8725//8725 8720//8720 8719//8719
f 8724//8724 8720//8720 8725//8725
f 8723//8723 8718//8718 8724//8724
f 8722//8722 8717//8717 8723//8723
f 8713//8713 8722//8722 8726//8726
f 8703//8703 8702//8702 8727//8727
f 8716//8716 8721//8721 8728//8728
f 8725//8725 8716//8716 8728//8728
f 8723//8723 8724//8724 8729//8729
f 8721//8721 8703//8703 8727//8727
f 8726//8726 8722//8722 8730//8730
f 8712//8712 8713//8713 8726//8726
f 8732//8732 8721//8721 8727//8727
f 8728//8728 8721//8721 8732//8732
f 8725//8725 8728//8728 8733//8733
f 8723//8723 8729//8729 8730//8730
f 8730//8730 8722//8722 8723//8723
f 8733//8733 8728//8728 8732//8732
f 8727//8727 8702//8702 8701//8701
f 8730//8730 8734//8734 8735//8735
f 8726//8726 8730//8730 8735//8735
f 8732//8732 8727//8727 8737//8737
f 8740//8740 8726//8726 8735//8735
f 8732//8732 8737//8737 8741//8741
f 8742//8742 8733//8733 8732//8732
f 8742//8742 8732//8732 8741//8741
f 8738//8738 8733//8733 8742//8742
f 8735//8735 8734//8734 8739//8739
f 8712//8712 8726//8726 8740//8740
f 8743//8743 8738//8738 8742//8742
f 8745//8745 8735//8735 8739//8739
f 8746//8746 8738//8738 8743//8743
f 8744//8744 8747//8747 8746//8746
f 8745//8745 8739//8739 8744//8744
f 8748//8748 8742//8742 8741//8741
f 8743//8743 8742//8742 8748//8748
f 8740//8740 8735//8735 8745//8745
f 8750//8750 8746//8746 8743//8743
f 8750//8750 8744//8744 8746//8746
f 8751//8751 8744//8744 8750//8750
f 8745//8745 8744//8744 8751//8751
f 8741//8741 8737//8737 8753//8753
f 8754//8754 8727//8727 8701//8701
f 8754//8754 8737//8737 8727//8727
f 8753//8753 8737//8737 8754//8754
f 8755//8755 8741//8741 8753//8753
f 8748//8748 8741//8741 8755//8755
f 8750//8750 8743//8743 8756//8756
f 8750//8750 8756//8756 8757//8757
f 8751//8751 8750//8750 8757//8757
f 8758//8758 8745//8745 8751//8751
f 8755//8755 8743//8743 8748//8748
f 8756//8756 8743//8743 8755//8755
f 8751//8751 8757//8757 8759//8759
f 8758//8758 8751//8751 8759//8759
f 8740//8740 8745//8745 8760//8760
f 8756//8756 8755//8755 8761//8761
f 8757//8757 8756//8756 8762//8762
f 8760//8760 8745//8745 8758//8758
f 8756//8756 8761//8761 8762//8762
f 8759//8759 8757//8757 8762//8762
f 8763//8763 8740//8740 8760//8760
f 8712//8712 8740//8740 8763//8763
f 8758//8758 8759//8759 8764//8764
f 8765//8765 8755//8755 8753//8753
f 8765//8765 8761//8761 8755//8755
f 8762//8762 8761//8761 8766//8766
f 8762//8762 8766//8766 8767//8767
f 8768//8768 8758//8758 8764//8764
f 8759//8759 8762//8762 8767//8767
f 8759//8759 8767//8767 8764//8764
f 8760//8760 8758//8758 8768//8768
f 8765//8765 8753//8753 8754//8754
f 8769//8769 8761//8761 8765//8765
f 8769//8769 8766//8766 8761//8761
f 8770//8770 8766//8766 8769//8769
f 8766//8766 8770//8770 8767//8767
f 8771//8771 8764//8764 8767//8767
f 8768//8768 8764//8764 8771//8771
f 8772//8772 8767//8767 8770//8770
f 8773//8773 8767//8767 8772//8772
f 8771//8771 8767//8767 8773//8773
f 8765//8765 8754//8754 8774//8774
f 8769//8769 8765//8765 8774//8774
f 8770//8770 8769//8769 8775//8775
f 8776//8776 8760//8760 8768//8768
f 8763//8763 8760//8760 8776//8776
f 8775//8775 8769//8769 8774//8774
f 8777//8777 8754//8754 8701//8701
f 8774//8774 8754//8754 8777//8777
f 8772//8772 8770//8770 8778//8778
f 8778//8778 8773//8773 8772//8772
f 8768//8768 8771//8771 8779//8779
f 8776//8776 8768//8768 8779//8779
f 8780//8780 8770//8770 8775//8775
f 8770//8770 8780//8780 8778//8778
f 8773//8773 8778//8778 8781//8781
f 8771//8771 8773//8773 8781//8781
f 8771//8771 8781//8781 8779//8779
f 8712//8712 8763//8763 8782//8782
f 8775//8775 8774//8774 8783//8783
f 8780//8780 8775//8775 8783//8783
f 8783//8783 8774//8774 8777//8777
f 8784//8784 8781//8781 8778//8778
f 8776//8776 8779//8779 8785//8785
f 8785//8785 8779//8779 8781//8781
f 8785//8785 8781//8781 8784//8784
f 8783//8783 8777//8777 8786//8786
f 8763//8763 8776//8776 8789//8789
f 8777//8777 8701//8701 8790//8790
f 8789//8789 8776//8776 8785//8785
f 8763//8763 8789//8789 8782//8782
f 8791//8791 8777//8777 8790//8790
f 8791//8791 8786//8786 8777//8777
f 8789//8789 8785//8785 8792//8792
f 8793//8793 8786//8786 8791//8791
f 8789//8789 8792//8792 8794//8794
f 8789//8789 8794//8794 8796//8796
f 8782//8782 8789//8789 8796//8796
f 8792//8792 8795//8795 8794//8794
f 8798//8798 8793//8793 8791//8791
f 8798//8798 8791//8791 8801//8801
f 8794//8794 8795//8795 8802//8802
f 8791//8791 8790//8790 8801//8801
f 8796//8796 8794//8794 8805//8805
f 8782//8782 8796//8796 8805//8805
f 8790//8790 8701//8701 8801//8801
f 8799//8799 8798//8798 8806//8806
f 8802//8802 8795//8795 8804//8804
f 8806//8806 8798//8798 8801//8801
f 8803//8803 8799//8799 8806//8806
f 8804//8804 8803//8803 8807//8807
f 8809//8809 8794//8794 8802//8802
f 8805//8805 8794//8794 8809//8809
f 8803//8803 8806//8806 8807//8807
f 8808//8808 8804//8804 8807//8807
f 8802//8802 8804//8804 8808//8808
f 8802//8802 8808//8808 8809//8809
f 8806//8806 8801//8801 8810//8810
f 8808//8808 8807//8807 8811//8811
f 8807//8807 8806//8806 8812//8812
f 8809//8809 8808//8808 8811//8811
f 8812//8812 8806//8806 8810//8810
f 8811//8811 8807//8807 8813//8813
f 8805//8805 8809//8809 8814//8814
f 8801//8801 8701//8701 8810//8810
f 8812//8812 8810//8810 8815//8815
f 8807//8807 8812//8812 8813//8813
f 8809//8809 8811//8811 8816//8816
f 8782//8782 8805//8805 8814//8814
f 8712//8712 8782//8782 8814//8814
f 8811//8811 8813//8813 8816//8816
f 8813//8813 8812//8812 8815//8815
f 8814//8814 8809//8809 8816//8816
f 8738//8738 8746//8746 8747//8747
f 8729//8729 8734//8734 8730//8730
f 8747//8747 8744//8744 8739//8739
f 8786//8786 8787//8787 8783//8783
f 8793//8793 8787//8787 8786//8786
f 8787//8787 8780//8780 8783//8783
f 8793//8793 8798//8798 8799//8799
f 8799//8799 8803//8803 8804//8804
f 8780//8780 8784//8784 8778//8778
f 8792//8792 8785//8785 8784//8784
f 8839//8839 8840//8840 8838//8838
f 8843//8843 8844//8844 8845//8845
f 8842//8842 8839//8839 8843//8843
f 8847//8847 8848//8848 8844//8844
f 8849//8849 8850//8850 8847//8847
f 8840//8840 8841//8841 8838//8838
f 8842//8842 8840//8840 8839//8839
f 8844//8844 8846//8846 8845//8845
f 8845//8845 8842//8842 8843//8843
f 8844//8844 8848//8848 8846//8846
f 8847//8847 8850//8850 8848//8848
f 8850//8850 8849//8849 8851//8851
f 8849//8849 8852//8852 8851//8851
f 8852//8852 8854//8854 8853//8853
f 8858//8858 8859//8859 8856//8856
f 8856//8856 8855//8855 8854//8854
f 8854//8854 8855//8855 8853//8853
f 8858//8858 8860//8860 8861//8861
f 8856//8856 8857//8857 8855//8855
f 8856//8856 8859//8859 8857//8857
f 8853//8853 8851//8851 8852//8852
f 8858//8858 8861//8861 8859//8859
f 8863//8863 8862//8862 8864//8864
f 8865//8865 8863//8863 8864//8864
f 8866//8866 8867//8867 8864//8864
f 8866//8866 8868//8868 8867//8867
f 8868//8868 8870//8870 8869//8869
f 8870//8870 8871//8871 8869//8869
f 8872//8872 8873//8873 8870//8870
f 8867//8867 8865//8865 8864//8864
f 8870//8870 8873//8873 8871//8871
f 8869//8869 8867//8867 8868//8868
f 8872//8872 8874//8874 8873//8873
f 8875//8875 8878//8878 8876//8876
f 8875//8875 8876//8876 8874//8874
f 8877//8877 8878//8878 8875//8875
f 8879//8879 8880//8880 8877//8877
f 8881//8881 8882//8882 8879//8879
f 8881//8881 8883//8883 8884//8884
f 8879//8879 8882//8882 8880//8880
f 8873//8873 8874//8874 8876//8876
f 8880//8880 8878//8878 8877//8877
f 8884//8884 8882//8882 8881//8881
f 8884//8884 8883//8883 8885//8885
f 8934//8934 8933//8933 8935//8935
f 8938//8938 8931//8931 8932//8932
f 8932//8932 8933//8933 8934//8934
f 8938//8938 8930//8930 8931//8931
f 8934//8934 8935//8935 8939//8939
f 8940//8940 8935//8935 8936//8936
f 8941//8941 8930//8930 8938//8938
f 8932//8932 8942//8942 8938//8938
f 8939//8939 8935//8935 8940//8940
f 8940//8940 8936//8936 8943//8943
f 8932//8932 8931//8931 8933//8933
f 8935//8935 8937//8937 8936//8936
f 8937//8937 8943//8943 8936//8936
f 8932//8932 8934//8934 8942//8942
f 8944//8944 8945//8945 8946//8946
f 8946//8946 8947//8947 8944//8944
f 8945//8945 8948//8948 8946//8946
f 8956//8956 8955//8955 8957//8957
f 8952//8952 8958//8958 8951//8951
f 8956//8956 8954//8954 8955//8955
f 8960//8960 8949//8949 8951//8951
f 8958//8958 8960//8960 8951//8951
f 8956//8956 8953//8953 8954//8954
f 8956//8956 8957//8957 8961//8961
f 8960//8960 8959//8959 8949//8949
f 8953//8953 8962//8962 8952//8952
f 8956//8956 8962//8962 8953//8953
f 8958//8958 8952//8952 8962//8962
f 8949//8949 8950//8950 8951//8951
f 8950//8950 8949//8949 8959//8959
f 8953//8953 8952//8952 8954//8954
f 8968//8968 8969//8969 8967//8967
f 8973//8973 8976//8976 8974//8974
f 8975//8975 8977//8977 8974//8974
f 8976//8976 8973//8973 8978//8978
f 8980//8980 8978//8978 8979//8979
f 8981//8981 8980//8980 8979//8979
f 8977//8977 8975//8975 8982//8982
f 8982//8982 8983//8983 8984//8984
f 8985//8985 8984//8984 8983//8983
f 8981//8981 8986//8986 8980//8980
f 8981//8981 8987//8987 8986//8986
f 8985//8985 8987//8987 8984//8984
f 8987//8987 8985//8985 8986//8986
f 8990//8990 8989//8989 8988//8988
f 8988//8988 8992//8992 8991//8991
f 8992//8992 8988//8988 8989//8989
f 8993//8993 8989//8989 8990//8990
f 8994//8994 8989//8989 8993//8993
f 8995//8995 8989//8989 8994//8994
f 8996//8996 8995//8995 8994//8994
f 8991//8991 8992//8992 8997//8997
f 8992//8992 8998//8998 8997//8997
f 8999//8999 8997//8997 8998//8998
f 8998//8998 8995//8995 9001//9001
f 8996//8996 9000//9000 8995//8995
f 9001//9001 8995//8995 9000//9000
f 9001//9001 8999//8999 8998//8998
f 9002//9002 9003//9003 9004//9004
f 9003//9003 9005//9005 9004//9004
f 9006//9006 9007//9007 9008//9008
f 9008//9008 9009//9009 9010//9010
f 9010//9010 9009//9009 9011//9011
f 9007//9007 9009//9009 9008//9008
f 9003//9003 9007//9007 9006//9006
f 9003//9003 9006//9006 9005//9005
f 9011//9011 9012//9012 9010//9010
f 9014//9014 9013//9013 9015//9015
f 9013//9013 9014//9014 9012//9012
f 9017//9017 9018//9018 9016//9016
f 9018//9018 9017//9017 9019//9019
f 9016//9016 9015//9015 9017//9017
f 9015//9015 9016//9016 9014//9014
f 9013//9013 9012//9012 9011//9011
f 9020//9020 9021//9021 9022//9022
f 9022//9022 9021//9021 9023//9023
f 9025//9025 9024//9024 9026//9026
f 9025//9025 9026//9026 9027//9027
f 9022//9022 9023//9023 9024//9024
f 9022//9022 9024//9024 9025//9025
f 9028//9028 9029//9029 9027//9027
f 9028//9028 9027//9027 9026//9026
f 9029//9029 9028//9028 9030//9030
f 9031//9031 9032//9032 9030//9030
f 9030//9030 9028//9028 9031//9031
f 9034//9034 9033//9033 9035//9035
f 9036//9036 9034//9034 9035//9035
f 9033//9033 9034//9034 9032//9032
f 9032//9032 9031//9031 9033//9033
f 9037//9037 9038//9038 9039//9039
f 9037//9037 9039//9039 9040//9040
f 9040//9040 9039//9039 9041//9041
f 9040//9040 9041//9041 9042//9042
f 9043//9043 9045//9045 9044//9044
f 9046//9046 9047//9047 9048//9048
f 9046//9046 9048//9048 9045//9045
f 9048//9048 9047//9047 9049//9049
f 9045//9045 9043//9043 9046//9046
f 9041//9041 9043//9043 9044//9044
f 9041//9041 9044//9044 9042//9042
f 9049//9049 9047//9047 9050//9050
f 9054//9054 9055//9055 9056//9056
f 9054//9054 9056//9056 9053//9053
f 9052//9052 9054//9054 9053//9053
f 9052//9052 9053//9053 9051//9051
f 9055//9055 9057//9057 9058//9058
f 9057//9057 9059//9059 9058//9058
f 9060//9060 9057//9057 9061//9061
f 9061//9061 9062//9062 9060//9060
f 9059//9059 9057//9057 9060//9060
f 9056//9056 9055//9055 9058//9058
f 9051//9051 9049//9049 9050//9050
f 9051//9051 9050//9050 9052//9052
f 9063//9063 9064//9064 9065//9065
f 9067//9067 9063//9063 9066//9066
f 9067//9067 9066//9066 9068//9068
f 9063//9063 9067//9067 9064//9064
f 9069//9069 9065//9065 9064//9064
f 9065//9065 9069//9069 9070//9070
f 9071//9071 9067//9067 9072//9072
f 9073//9073 9070//9070 9069//9069
f 9071//9071 9072//9072 9074//9074
f 9071//9071 9074//9074 9075//9075
f 9077//9077 9078//9078 9076//9076
f 9076//9076 9068//9068 9077//9077
f 9078//9078 9077//9077 9079//9079
f 9072//9072 9067//9067 9076//9076
f 9076//9076 9067//9067 9068//9068
f 9079//9079 9077//9077 9080//9080
f 9079//9079 9080//9080 9081//9081
f 9082//9082 9083//9083 9073//9073
f 9070//9070 9073//9073 9083//9083
f 9084//9084 9085//9085 9086//9086
f 9075//9075 9074//9074 9086//9086
f 9085//9085 9088//9088 9082//9082
f 9088//9088 9085//9085 9084//9084
f 9083//9083 9082//9082 9088//9088
f 9084//9084 9086//9086 9087//9087
f 9086//9086 9074//9074 9087//9087
f 9089//9089 9087//9087 9090//9090
f 9080//9080 9091//9091 9081//9081
f 9091//9091 9092//9092 9081//9081
f 9092//9092 9091//9091 9093//9093
f 9090//9090 9092//9092 9093//9093
f 9094//9094 9089//9089 9090//9090
f 9090//9090 9093//9093 9094//9094
f 9087//9087 9089//9089 9084//9084
f 9097//9097 9096//9096 9095//9095
f 9098//9098 9097//9097 9099//9099
f 9096//9096 9100//9100 9095//9095
f 9097//9097 9098//9098 9096//9096
f 9099//9099 9101//9101 9102//9102
f 9099//9099 9102//9102 9098//9098
f 9102//9102 9101//9101 9103//9103
f 9103//9103 9104//9104 9105//9105
f 9103//9103 9105//9105 9102//9102
f 9104//9104 9106//9106 9105//9105
f 9107//9107 9108//9108 9109//9109
f 9109//9109 9108//9108 9110//9110
f 9113//9113 9112//9112 9111//9111
f 9114//9114 9112//9112 9113//9113
f 9115//9115 9114//9114 9113//9113
f 9116//9116 9114//9114 9115//9115
f 9117//9117 9116//9116 9115//9115
f 9118//9118 9116//9116 9117//9117
f 9117//9117 9119//9119 9118//9118
f 9119//9119 9120//9120 9118//9118
f 9122//9122 9123//9123 9121//9121
f 9120//9120 9121//9121 9123//9123
f 9121//9121 9120//9120 9119//9119
f 9125//9125 9126//9126 9127//9127
f 9125//9125 9127//9127 9124//9124
f 9128//9128 9129//9129 9130//9130
f 9128//9128 9131//9131 9129//9129
f 9134//9134 9132//9132 9135//9135
f 9132//9132 9133//9133 9135//9135
f 9136//9136 9138//9138 9137//9137
f 9140//9140 9139//9139 9141//9141
f 9141//9141 9139//9139 9136//9136
f 9136//9136 9137//9137 9141//9141
f 9142//9142 9137//9137 9138//9138
f 9138//9138 9143//9143 9142//9142
f 9144//9144 9145//9145 9141//9141
f 9146//9146 9142//9142 9143//9143
f 9144//9144 9147//9147 9145//9145
f 9149//9149 9148//9148 9150//9150
f 9148//9148 9149//9149 9140//9140
f 9150//9150 9151//9151 9149//9149
f 9145//9145 9148//9148 9141//9141
f 9148//9148 9140//9140 9141//9141
f 9151//9151 9152//9152 9149//9149
f 9151//9151 9153//9153 9152//9152
f 9154//9154 9147//9147 9144//9144
f 9155//9155 9146//9146 9156//9156
f 9143//9143 9156//9156 9146//9146
f 9159//9159 9157//9157 9160//9160
f 9157//9157 9158//9158 9154//9154
f 9160//9160 9155//9155 9161//9161
f 9161//9161 9159//9159 9160//9160
f 9156//9156 9161//9161 9155//9155
f 9159//9159 9158//9158 9157//9157
f 9158//9158 9147//9147 9154//9154
f 9152//9152 9153//9153 9162//9162
f 9162//9162 9153//9153 9163//9163
f 9163//9163 9164//9164 9162//9162
f 9165//9165 9164//9164 9163//9163
f 9167//9167 9165//9165 9166//9166
f 9166//9166 9165//9165 9158//9158
f 9165//9165 9167//9167 9164//9164
f 9158//9158 9159//9159 9166//9166
f 9169//9169 9168//9168 9170//9170
f 9172//9172 9168//9168 9171//9171
f 9168//9168 9169//9169 9171//9171
f 9170//9170 9168//9168 9172//9172
f 9173//9173 9174//9174 9175//9175
f 9173//9173 9175//9175 9176//9176
f 9183//9183 9182//9182 9179//9179
f 9183//9183 9179//9179 9180//9180
f 9181//9181 9179//9179 9184//9184
f 9181//9181 9180//9180 9179//9179
f 9181//9181 9184//9184 9185//9185
f 9193//9193 9190//9190 9194//9194
f 9194//9194 9190//9190 9191//9191
f 9191//9191 9190//9190 9192//9192
f 9190//9190 9195//9195 9192//9192
f 9192//9192 9195//9195 9196//9196
f 9201//9201 9199//9199 9200//9200
f 9199//9199 9202//9202 9200//9200
f 9205//9205 9206//9206 9204//9204
f 9205//9205 9204//9204 9203//9203
f 9207//9207 9208//9208 9209//9209
f 9210//9210 9208//9208 9211//9211
f 9209//9209 9212//9212 9207//9207
f 9209//9209 9208//9208 9210//9210
f 9212//9212 9213//9213 9207//9207
f 9208//9208 9214//9214 9215//9215
f 9211//9211 9208//9208 9215//9215
f 9214//9214 9217//9217 9216//9216
f 9214//9214 9216//9216 9215//9215
f 9218//9218 9209//9209 9219//9219
f 9219//9219 9220//9220 9218//9218
f 9218//9218 9221//9221 9209//9209
f 9222//9222 9218//9218 9220//9220
f 9212//9212 9209//9209 9221//9221
f 9217//9217 9214//9214 9224//9224
f 9217//9217 9224//9224 9223//9223
f 9224//9224 9222//9222 9223//9223
f 9224//9224 9218//9218 9222//9222
f 9227//9227 9225//9225 9228//9228
f 9228//9228 9225//9225 9226//9226
f 9229//9229 9230//9230 9231//9231
f 9232//9232 9231//9231 9230//9230
f 9236//9236 9233//9233 9234//9234
f 9234//9234 9235//9235 9236//9236
f 9237//9237 9238//9238 9239//9239
f 9241//9241 9242//9242 9243//9243
f 9242//9242 9244//9244 9243//9243
f 9241//9241 9243//9243 9240//9240
f 9241//9241 9240//9240 9239//9239
f 9240//9240 9237//9237 9239//9239
f 9245//9245 9246//9246 9244//9244
f 9245//9245 9247//9247 9246//9246
f 9248//9248 9247//9247 9249//9249
f 9247//9247 9248//9248 9246//9246
f 9244//9244 9242//9242 9245//9245
f 9250//9250 9251//9251 9252//9252
f 9253//9253 9254//9254 9252//9252
f 9251//9251 9250//9250 9255//9255
f 9251//9251 9253//9253 9252//9252
f 9255//9255 9250//9250 9256//9256
f 9252//9252 9257//9257 9258//9258
f 9254//9254 9257//9257 9252//9252
f 9258//9258 9259//9259 9260//9260
f 9258//9258 9257//9257 9259//9259
f 9261//9261 9262//9262 9251//9251
f 9262//9262 9261//9261 9263//9263
f 9261//9261 9251//9251 9264//9264
f 9265//9265 9263//9263 9261//9261
f 9255//9255 9264//9264 9251//9251
f 9260//9260 9267//9267 9258//9258
f 9260//9260 9266//9266 9267//9267
f 9267//9267 9266//9266 9265//9265
f 9267//9267 9265//9265 9261//9261
f 9271//9271 9269//9269 9270//9270
f 9276//9276 9274//9274 9275//9275
f 9277//9277 9278//9278 9276//9276
f 9272//9272 9271//9271 9280//9280
f 9280//9280 9271//9271 9270//9270
f 9281//9281 9272//9272 9280//9280
f 9281//9281 9273//9273 9272//9272
f 9274//9274 9273//9273 9282//9282
f 9275//9275 9274//9274 9283//9283
f 9277//9277 9276//9276 9275//9275
f 9282//9282 9273//9273 9281//9281
f 9285//9285 9274//9274 9282//9282
f 9283//9283 9274//9274 9285//9285
f 9280//9280 9270//9270 9286//9286
f 9282//9282 9281//9281 9287//9287
f 9282//9282 9287//9287 9285//9285
f 9270//9270 9269//9269 9289//9289
f 9286//9286 9270//9270 9289//9289
f 9281//9281 9280//9280 9286//9286
f 9290//9290 9277//9277 9275//9275
f 9291//9291 9283//9283 9285//9285
f 9290//9290 9275//9275 9283//9283
f 9290//9290 9278//9278 9277//9277
f 9287//9287 9281//9281 9292//9292
f 9291//9291 9285//9285 9287//9287
f 9293//9293 9278//9278 9290//9290
f 9289//9289 9269//9269 9268//9268
f 9292//9292 9281//9281 9286//9286
f 9294//9294 9283//9283 9291//9291
f 9294//9294 9290//9290 9283//9283
f 9278//9278 9293//9293 9295//9295
f 9279//9279 9278//9278 9295//9295
f 9286//9286 9289//9289 9296//9296
f 9291//9291 9287//9287 9297//9297
f 9298//9298 9291//9291 9297//9297
f 9294//9294 9291//9291 9298//9298
f 9292//9292 9286//9286 9296//9296
f 9290//9290 9294//9294 9299//9299
f 9300//9300 9292//9292 9296//9296
f 9293//9293 9290//9290 9299//9299
f 9294//9294 9298//9298 9299//9299
f 9299//9299 9298//9298 9302//9302
f 9295//9295 9293//9293 9303//9303
f 9301//9301 9296//9296 9289//9289
f 9300//9300 9296//9296 9301//9301
f 9303//9303 9293//9293 9299//9299
f 9301//9301 9289//9289 9304//9304
f 9299//9299 9302//9302 9303//9303
f 9305//9305 9300//9300 9301//9301
f 9306//9306 9289//9289 9268//9268
f 9304//9304 9289//9289 9306//9306
f 9305//9305 9301//9301 9304//9304
f 9307//9307 9302//9302 9308//9308
f 9303//9303 9302//9302 9307//9307
f 9305//9305 9304//9304 9309//9309
f 9307//9307 9308//9308 9311//9311
f 9312//9312 9303//9303 9307//9307
f 9295//9295 9303//9303 9312//9312
f 9309//9309 9304//9304 9306//9306
f 9313//9313 9305//9305 9309//9309
f 9310//9310 9305//9305 9313//9313
f 9308//9308 9314//9314 9315//9315
f 9316//9316 9314//9314 9310//9310
f 9314//9314 9316//9316 9315//9315
f 9311//9311 9308//9308 9315//9315
f 9307//9307 9311//9311 9312//9312
f 9316//9316 9310//9310 9319//9319
f 9279//9279 9295//9295 9317//9317
f 9309//9309 9320//9320 9313//9313
f 9319//9319 9310//9310 9313//9313
f 9321//9321 9312//9312 9311//9311
f 9320//9320 9309//9309 9306//9306
f 9315//9315 9316//9316 9319//9319
f 9311//9311 9315//9315 9322//9322
f 9321//9321 9311//9311 9323//9323
f 9295//9295 9312//9312 9321//9321
f 9313//9313 9320//9320 9324//9324
f 9319//9319 9313//9313 9324//9324
f 9322//9322 9315//9315 9319//9319
f 9311//9311 9322//9322 9323//9323
f 9295//9295 9321//9321 9317//9317
f 9326//9326 9319//9319 9324//9324
f 9322//9322 9319//9319 9326//9326
f 9306//9306 9268//9268 9328//9328
f 9320//9320 9306//9306 9329//9329
f 9324//9324 9320//9320 9329//9329
f 9326//9326 9324//9324 9330//9330
f 9323//9323 9322//9322 9331//9331
f 9321//9321 9323//9323 9332//9332
f 9306//9306 9328//9328 9329//9329
f 9317//9317 9321//9321 9332//9332
f 9330//9330 9324//9324 9333//9333
f 9334//9334 9322//9322 9326//9326
f 9331//9331 9322//9322 9334//9334
f 9333//9333 9324//9324 9329//9329
f 9326//9326 9330//9330 9335//9335
f 9334//9334 9326//9326 9335//9335
f 9331//9331 9334//9334 9336//9336
f 9323//9323 9331//9331 9337//9337
f 9339//9339 9330//9330 9333//9333
f 9335//9335 9330//9330 9339//9339
f 9323//9323 9337//9337 9332//9332
f 9340//9340 9328//9328 9268//9268
f 9334//9334 9335//9335 9336//9336
f 9337//9337 9331//9331 9336//9336
f 9342//9342 9329//9329 9328//9328
f 9333//9333 9329//9329 9342//9342
f 9343//9343 9336//9336 9335//9335
f 9344//9344 9317//9317 9332//9332
f 9345//9345 9335//9335 9339//9339
f 9343//9343 9335//9335 9345//9345
f 9336//9336 9343//9343 9346//9346
f 9337//9337 9336//9336 9346//9346
f 9333//9333 9342//9342 9348//9348
f 9349//9349 9339//9339 9333//9333
f 9339//9339 9349//9349 9345//9345
f 9344//9344 9332//9332 9337//9337
f 9328//9328 9340//9340 9351//9351
f 9342//9342 9328//9328 9351//9351
f 9349//9349 9333//9333 9348//9348
f 9343//9343 9345//9345 9352//9352
f 9352//9352 9346//9346 9343//9343
f 9353//9353 9337//9337 9346//9346
f 9344//9344 9337//9337 9353//9353
f 9353//9353 9346//9346 9352//9352
f 9354//9354 9348//9348 9342//9342
f 9355//9355 9345//9345 9349//9349
f 9352//9352 9345//9345 9355//9355
f 9354//9354 9342//9342 9351//9351
f 9353//9353 9352//9352 9356//9356
f 9357//9357 9317//9317 9344//9344
f 9348//9348 9354//9354 9359//9359
f 9353//9353 9356//9356 9360//9360
f 9349//9349 9348//9348 9359//9359
f 9353//9353 9360//9360 9362//9362
f 9362//9362 9344//9344 9353//9353
f 9279//9279 9317//9317 9357//9357
f 9344//9344 9362//9362 9357//9357
f 9363//9363 9359//9359 9354//9354
f 9354//9354 9351//9351 9363//9363
f 9362//9362 9360//9360 9364//9364
f 9367//9367 9362//9362 9364//9364
f 9367//9367 9357//9357 9362//9362
f 9365//9365 9357//9357 9367//9367
f 9351//9351 9340//9340 9368//9368
f 9363//9363 9351//9351 9368//9368
f 9279//9279 9357//9357 9365//9365
f 9363//9363 9368//9368 9370//9370
f 9366//9366 9363//9363 9370//9370
f 9366//9366 9370//9370 9371//9371
f 9364//9364 9372//9372 9373//9373
f 9367//9367 9364//9364 9373//9373
f 9365//9365 9367//9367 9374//9374
f 9371//9371 9370//9370 9375//9375
f 9371//9371 9375//9375 9376//9376
f 9372//9372 9376//9376 9373//9373
f 9378//9378 9368//9368 9340//9340
f 9370//9370 9368//9368 9379//9379
f 9375//9375 9370//9370 9379//9379
f 9380//9380 9367//9367 9373//9373
f 9374//9374 9367//9367 9380//9380
f 9376//9376 9375//9375 9381//9381
f 9376//9376 9381//9381 9382//9382
f 9373//9373 9376//9376 9382//9382
f 9368//9368 9378//9378 9384//9384
f 9381//9381 9375//9375 9379//9379
f 9385//9385 9373//9373 9382//9382
f 9380//9380 9373//9373 9385//9385
f 9379//9379 9368//9368 9384//9384
f 9365//9365 9374//9374 9386//9386
f 9381//9381 9379//9379 9387//9387
f 9380//9380 9385//9385 9388//9388
f 9387//9387 9379//9379 9384//9384
f 9381//9381 9387//9387 9389//9389
f 9381//9381 9389//9389 9390//9390
f 9382//9382 9381//9381 9390//9390
f 9385//9385 9382//9382 9390//9390
f 9386//9386 9374//9374 9380//9380
f 9279//9279 9365//9365 9386//9386
f 9388//9388 9385//9385 9390//9390
f 9380//9380 9388//9388 9386//9386
f 9287//9287 9292//9292 9297//9297
f 9292//9292 9300//9300 9297//9297
f 9305//9305 9310//9310 9314//9314
f 9359//9359 9355//9355 9349//9349
f 9355//9355 9356//9356 9352//9352
f 9376//9376 9372//9372 9371//9371
f 9410//9410 9411//9411 9412//9412
f 9409//9409 9410//9410 9413//9413
f 9411//9411 9415//9415 9414//9414
f 9418//9418 9419//9419 9417//9417
f 9420//9420 9421//9421 9418//9418
f 9422//9422 9423//9423 9420//9420
f 9412//9412 9413//9413 9410//9410
f 9417//9417 9419//9419 9415//9415
f 9414//9414 9412//9412 9411//9411
f 9415//9415 9419//9419 9416//9416
f 9416//9416 9414//9414 9415//9415
f 9421//9421 9419//9419 9418//9418
f 9421//9421 9420//9420 9423//9423
f 9422//9422 9425//9425 9426//9426
f 9422//9422 9424//9424 9423//9423
f 9424//9424 9422//9422 9426//9426
f 9430//9430 9431//9431 9429//9429
f 9429//9429 9428//9428 9427//9427
f 9426//9426 9425//9425 9427//9427
f 9432//9432 9433//9433 9430//9430
f 9434//9434 9435//9435 9432//9432
f 9429//9429 9431//9431 9428//9428
f 9426//9426 9427//9427 9428//9428
f 9430//9430 9433//9433 9431//9431
f 9432//9432 9435//9435 9433//9433
f 9438//9438 9441//9441 9436//9436
f 9438//9438 9442//9442 9441//9441
f 9439//9439 9442//9442 9438//9438
f 9439//9439 9440//9440 9442//9442
f 9439//9439 9443//9443 9440//9440
f 9443//9443 9445//9445 9444//9444
f 9444//9444 9445//9445 9446//9446
f 9437//9437 9436//9436 9441//9441
f 9444//9444 9440//9440 9443//9443
f 9447//9447 9448//9448 9446//9446
f 9447//9447 9446//9446 9445//9445
f 9447//9447 9449//9449 9448//9448
f 9449//9449 9450//9450 9451//9451
f 9450//9450 9453//9453 9451//9451
f 9452//9452 9453//9453 9450//9450
f 9452//9452 9455//9455 9454//9454
f 9452//9452 9454//9454 9453//9453
f 9455//9455 9456//9456 9457//9457
f 9455//9455 9457//9457 9454//9454
f 9448//9448 9449//9449 9451//9451
f 9456//9456 9458//9458 9457//9457
f 9507//9507 9506//9506 9508//9508
f 9509//9509 9507//9507 9508//9508
f 9504//9504 9511//9511 9503//9503
f 9507//9507 9505//9505 9506//9506
f 9512//9512 9509//9509 9508//9508
f 9510//9510 9512//9512 9508//9508
f 9511//9511 9504//9504 9505//9505
f 9515//9515 9507//9507 9509//9509
f 9516//9516 9512//9512 9510//9510
f 9507//9507 9514//9514 9505//9505
f 9505//9505 9504//9504 9506//9506
f 9513//9513 9503//9503 9511//9511
f 9505//9505 9514//9514 9511//9511
f 9517//9517 9518//9518 9519//9519
f 9519//9519 9520//9520 9517//9517
f 9518//9518 9521//9521 9519//9519
f 9530//9530 9525//9525 9526//9526
f 9527//9527 9528//9528 9529//9529
f 9523//9523 9522//9522 9532//9532
f 9532//9532 9522//9522 9524//9524
f 9530//9530 9532//9532 9524//9524
f 9530//9530 9524//9524 9525//9525
f 9533//9533 9527//9527 9529//9529
f 9534//9534 9533//9533 9529//9529
f 9527//9527 9530//9530 9526//9526
f 9524//9524 9522//9522 9525//9525
f 9531//9531 9522//9522 9523//9523
f 9526//9526 9528//9528 9527//9527
f 9523//9523 9532//9532 9531//9531
f 9527//9527 9533//9533 9530//9530
f 9546//9546 9548//9548 9549//9549
f 9548//9548 9546//9546 9547//9547
f 9550//9550 9547//9547 9546//9546
f 9551//9551 9552//9552 9549//9549
f 9549//9549 9548//9548 9551//9551
f 9553//9553 9547//9547 9550//9550
f 9554//9554 9553//9553 9555//9555
f 9554//9554 9555//9555 9556//9556
f 9557//9557 9552//9552 9558//9558
f 9558//9558 9552//9552 9551//9551
f 9559//9559 9557//9557 9558//9558
f 9557//9557 9559//9559 9560//9560
f 9559//9559 9561//9561 9560//9560
f 9556//9556 9560//9560 9561//9561
f 9562//9562 9564//9564 9563//9563
f 9565//9565 9562//9562 9563//9563
f 9563//9563 9566//9566 9565//9565
f 9563//9563 9564//9564 9567//9567
f 9568//9568 9563//9563 9567//9567
f 9568//9568 9567//9567 9569//9569
f 9570//9570 9565//9565 9566//9566
f 9571//9571 9566//9566 9572//9572
f 9566//9566 9571//9571 9570//9570
f 9573//9573 9572//9572 9568//9568
f 9573//9573 9568//9568 9569//9569
f 9573//9573 9574//9574 9572//9572
f 9574//9574 9571//9571 9572//9572
f 9575//9575 9576//9576 9577//9577
f 9575//9575 9577//9577 9578//9578
f 9578//9578 9577//9577 9579//9579
f 9578//9578 9579//9579 9580//9580
f 9580//9580 9579//9579 9581//9581
f 9580//9580 9581//9581 9582//9582
f 9582//9582 9581//9581 9583//9583
f 9582//9582 9583//9583 9584//9584
f 9584//9584 9583//9583 9585//9585
f 9584//9584 9585//9585 9586//9586
f 9586//9586 9587//9587 9588//9588
f 9587//9587 9589//9589 9590//9590
f 9587//9587 9590//9590 9588//9588
f 9589//9589 9591//9591 9592//9592
f 9589//9589 9592//9592 9590//9590
f 9591//9591 9593//9593 9592//9592
f 9593//9593 9594//9594 9592//9592
f 9586//9586 9585//9585 9587//9587
f 9595//9595 9596//9596 9597//9597
f 9595//9595 9597//9597 9598//9598
f 9598//9598 9597//9597 9599//9599
f 9598//9598 9599//9599 9600//9600
f 9600//9600 9599//9599 9601//9601
f 9603//9603 9604//9604 9605//9605
f 9603//9603 9605//9605 9602//9602
f 9601//9601 9603//9603 9602//9602
f 9601//9601 9602//9602 9600//9600
f 9604//9604 9606//9606 9605//9605
f 9606//9606 9604//9604 9607//9607
f 9606//9606 9607//9607 9608//9608
f 9608//9608 9607//9607 9609//9609
f 9611//9611 9610//9610 9612//9612
f 9613//9613 9611//9611 9612//9612
f 9610//9610 9611//9611 9609//9609
f 9609//9609 9607//9607 9610//9610
f 9616//9616 9618//9618 9619//9619
f 9616//9616 9619//9619 9617//9617
f 9614//9614 9615//9615 9616//9616
f 9614//9614 9616//9616 9617//9617
f 9618//9618 9620//9620 9621//9621
f 9618//9618 9621//9621 9619//9619
f 9621//9621 9620//9620 9622//9622
f 9623//9623 9624//9624 9622//9622
f 9623//9623 9625//9625 9624//9624
f 9622//9622 9620//9620 9623//9623
f 9624//9624 9625//9625 9626//9626
f 9627//9627 9628//9628 9626//9626
f 9629//9629 9630//9630 9631//9631
f 9631//9631 9630//9630 9632//9632
f 9628//9628 9627//9627 9629//9629
f 9628//9628 9629//9629 9631//9631
f 9633//9633 9634//9634 9635//9635
f 9633//9633 9635//9635 9632//9632
f 9636//9636 9638//9638 9639//9639
f 9636//9636 9639//9639 9637//9637
f 9635//9635 9634//9634 9636//9636
f 9635//9635 9636//9636 9637//9637
f 9632//9632 9630//9630 9633//9633
f 9627//9627 9626//9626 9625//9625
f 9643//9643 9640//9640 9642//9642
f 9640//9640 9643//9643 9641//9641
f 9644//9644 9640//9640 9641//9641
f 9646//9646 9643//9643 9647//9647
f 9648//9648 9645//9645 9644//9644
f 9645//9645 9640//9640 9644//9644
f 9647//9647 9649//9649 9650//9650
f 9647//9647 9650//9650 9646//9646
f 9653//9653 9651//9651 9642//9642
f 9652//9652 9654//9654 9651//9651
f 9651//9651 9653//9653 9652//9652
f 9655//9655 9654//9654 9652//9652
f 9654//9654 9655//9655 9656//9656
f 9647//9647 9643//9643 9651//9651
f 9651//9651 9643//9643 9642//9642
f 9655//9655 9657//9657 9656//9656
f 9656//9656 9657//9657 9658//9658
f 9645//9645 9648//9648 9659//9659
f 9660//9660 9659//9659 9648//9648
f 9661//9661 9662//9662 9663//9663
f 9650//9650 9649//9649 9663//9663
f 9662//9662 9665//9665 9660//9660
f 9665//9665 9662//9662 9661//9661
f 9659//9659 9660//9660 9665//9665
f 9661//9661 9663//9663 9664//9664
f 9663//9663 9649//9649 9664//9664
f 9666//9666 9664//9664 9667//9667
f 9668//9668 9669//9669 9658//9658
f 9657//9657 9668//9668 9658//9658
f 9667//9667 9669//9669 9670//9670
f 9670//9670 9669//9669 9668//9668
f 9670//9670 9666//9666 9667//9667
f 9664//9664 9666//9666 9661//9661
f 9671//9671 9672//9672 9673//9673
f 9674//9674 9673//9673 9672//9672
f 9676//9676 9674//9674 9675//9675
f 9674//9674 9676//9676 9673//9673
f 9677//9677 9676//9676 9675//9675
f 9677//9677 9675//9675 9678//9678
f 9678//9678 9679//9679 9677//9677
f 9678//9678 9680//9680 9679//9679
f 9680//9680 9681//9681 9679//9679
f 9682//9682 9683//9683 9684//9684
f 9685//9685 9682//9682 9684//9684
f 9690//9690 9689//9689 9688//9688
f 9688//9688 9689//9689 9691//9691
f 9688//9688 9691//9691 9687//9687
f 9687//9687 9692//9692 9686//9686
f 9692//9692 9687//9687 9691//9691
f 9693//9693 9694//9694 9689//9689
f 9693//9693 9689//9689 9690//9690
f 9695//9695 9694//9694 9693//9693
f 9696//9696 9697//9697 9695//9695
f 9696//9696 9698//9698 9697//9697
f 9694//9694 9695//9695 9697//9697
f 9700//9700 9701//9701 9702//9702
f 9700//9700 9702//9702 9699//9699
f 9703//9703 9704//9704 9705//9705
f 9706//9706 9703//9703 9705//9705
f 9707//9707 9708//9708 9709//9709
f 9707//9707 9709//9709 9710//9710
f 9714//9714 9713//9713 9711//9711
f 9714//9714 9715//9715 9713//9713
f 9711//9711 9712//9712 9714//9714
f 9716//9716 9712//9712 9711//9711
f 9718//9718 9719//9719 9714//9714
f 9720//9720 9716//9716 9717//9717
f 9717//9717 9716//9716 9711//9711
f 9718//9718 9721//9721 9719//9719
f 9723//9723 9722//9722 9724//9724
f 9722//9722 9723//9723 9715//9715
f 9725//9725 9723//9723 9724//9724
f 9724//9724 9726//9726 9725//9725
f 9719//9719 9722//9722 9714//9714
f 9722//9722 9715//9715 9714//9714
f 9725//9725 9726//9726 9727//9727
f 9726//9726 9728//9728 9727//9727
f 9729//9729 9721//9721 9718//9718
f 9717//9717 9730//9730 9720//9720
f 9731//9731 9720//9720 9730//9730
f 9735//9735 9732//9732 9736//9736
f 9734//9734 9731//9731 9730//9730
f 9732//9732 9733//9733 9729//9729
f 9736//9736 9731//9731 9734//9734
f 9736//9736 9734//9734 9737//9737
f 9736//9736 9737//9737 9735//9735
f 9735//9735 9733//9733 9732//9732
f 9733//9733 9721//9721 9729//9729
f 9738//9738 9728//9728 9739//9739
f 9727//9727 9728//9728 9738//9738
f 9740//9740 9741//9741 9739//9739
f 9742//9742 9740//9740 9733//9733
f 9738//9738 9739//9739 9741//9741
f 9741//9741 9740//9740 9742//9742
f 9733//9733 9735//9735 9742//9742
f 9743//9743 9745//9745 9744//9744
f 9743//9743 9744//9744 9746//9746
f 9746//9746 9747//9747 9743//9743
f 9747//9747 9745//9745 9743//9743
f 9748//9748 9749//9749 9750//9750
f 9751//9751 9749//9749 9748//9748
f 9758//9758 9757//9757 9754//9754
f 9758//9758 9754//9754 9755//9755
f 9756//9756 9754//9754 9759//9759
f 9756//9756 9755//9755 9754//9754
f 9756//9756 9759//9759 9760//9760
f 9767//9767 9766//9766 9768//9768
f 9765//9765 9766//9766 9767//9767
f 9765//9765 9769//9769 9770//9770
f 9766//9766 9765//9765 9770//9770
f 9774//9774 9773//9773 9775//9775
f 9776//9776 9773//9773 9774//9774
f 9776//9776 9777//9777 9773//9773
f 9773//9773 9777//9777 9775//9775
f 9779//9779 9778//9778 9780//9780
f 9781//9781 9778//9778 9779//9779
f 9782//9782 9783//9783 9784//9784
f 9785//9785 9783//9783 9786//9786
f 9784//9784 9787//9787 9782//9782
f 9784//9784 9783//9783 9785//9785
f 9787//9787 9788//9788 9782//9782
f 9783//9783 9789//9789 9790//9790
f 9786//9786 9783//9783 9790//9790
f 9789//9789 9792//9792 9791//9791
f 9789//9789 9791//9791 9790//9790
f 9793//9793 9784//9784 9794//9794
f 9794//9794 9795//9795 9793//9793
f 9793//9793 9796//9796 9784//9784
f 9797//9797 9793//9793 9795//9795
f 9787//9787 9784//9784 9796//9796
f 9792//9792 9789//9789 9799//9799
f 9792//9792 9799//9799 9798//9798
f 9799//9799 9797//9797 9798//9798
f 9799//9799 9793//9793 9797//9797
f 9802//9802 9800//9800 9803//9803
f 9803//9803 9800//9800 9801//9801
f 9804//9804 9805//9805 9806//9806
f 9804//9804 9806//9806 9807//9807
f 9808//9808 9809//9809 9810//9810
f 9810//9810 9811//9811 9808//9808
f 9813//9813 9814//9814 9812//9812
f 9815//9815 9816//9816 9817//9817
f 9815//9815 9817//9817 9813//9813
f 9815//9815 9818//9818 9816//9816
f 9817//9817 9814//9814 9813//9813
f 9819//9819 9812//9812 9814//9814
f 9820//9820 9821//9821 9818//9818
f 9820//9820 9822//9822 9823//9823
f 9820//9820 9823//9823 9821//9821
f 9823//9823 9822//9822 9824//9824
f 9816//9816 9818//9818 9821//9821
f 9824//9824 9825//9825 9823//9823
f 9826//9826 9827//9827 9828//9828
f 9829//9829 9830//9830 9828//9828
f 9827//9827 9826//9826 9831//9831
f 9827//9827 9829//9829 9828//9828
f 9831//9831 9826//9826 9832//9832
f 9828//9828 9833//9833 9834//9834
f 9830//9830 9833//9833 9828//9828
f 9834//9834 9835//9835 9836//9836
f 9834//9834 9833//9833 9835//9835
f 9837//9837 9834//9834 9836//9836
f 9838//9838 9839//9839 9827//9827
f 9839//9839 9838//9838 9840//9840
f 9838//9838 9827//9827 9841//9841
f 9842//9842 9840//9840 9838//9838
f 9831//9831 9841//9841 9827//9827
f 9836//9836 9843//9843 9837//9837
f 9837//9837 9843//9843 9842//9842
f 9837//9837 9842//9842 9838//9838
f 9844//9844 9845//9845 9846//9846
f 9844//9844 9846//9846 9847//9847
f 9847//9847 9846//9846 9848//9848
f 9847//9847 9848//9848 9849//9849
f 9849//9849 9848//9848 9850//9850
f 9849//9849 9850//9850 9851//9851
f 9851//9851 9850//9850 9852//9852
f 9851//9851 9852//9852 9853//9853
f 9853//9853 9852//9852 9854//9854
f 9853//9853 9854//9854 9855//9855
f 9856//9856 9857//9857 9855//9855
f 9856//9856 9858//9858 9859//9859
f 9856//9856 9859//9859 9857//9857
f 9860//9860 9859//9859 9858//9858
f 9860//9860 9858//9858 9861//9861
f 9862//9862 9860//9860 9861//9861
f 9862//9862 9861//9861 9863//9863
f 9855//9855 9854//9854 9856//9856
f 9864//9864 9865//9865 9866//9866
f 9864//9864 9866//9866 9867//9867
f 9867//9867 9866//9866 9868//9868
f 9867//9867 9868//9868 9869//9869
f 9869//9869 9868//9868 9870//9870
f 9872//9872 9873//9873 9874//9874
f 9872//9872 9874//9874 9871//9871
f 9870//9870 9872//9872 9871//9871
f 9870//9870 9871//9871 9869//9869
f 9875//9875 9876//9876 9874//9874
f 9876//9876 9875//9875 9877//9877
f 9876//9876 9877//9877 9878//9878
f 9879//9879 9878//9878 9877//9877
f 9879//9879 9877//9877 9880//9880
f 9881//9881 9879//9879 9880//9880
f 9881//9881 9880//9880 9882//9882
f 9874//9874 9873//9873 9875//9875
f 9883//9883 9884//9884 9885//9885
f 9884//9884 9886//9886 9887//9887
f 9886//9886 9888//9888 9887//9887
f 9885//9885 9884//9884 9887//9887
f 9888//9888 9889//9889 9890//9890
f 9891//9891 9892//9892 9890//9890
f 9892//9892 9891//9891 9893//9893
f 9892//9892 9893//9893 9894//9894
f 9890//9890 9889//9889 9891//9891
f 9888//9888 9886//9886 9889//9889
f 9894//9894 9895//9895 9896//9896
f 9897//9897 9898//9898 9899//9899
f 9898//9898 9900//9900 9899//9899
f 9896//9896 9895//9895 9897//9897
f 9896//9896 9897//9897 9899//9899
f 9901//9901 9902//9902 9903//9903
f 9902//9902 9904//9904 9903//9903
f 9906//9906 9907//9907 9908//9908
f 9906//9906 9908//9908 9905//9905
f 9904//9904 9902//9902 9906//9906
f 9904//9904 9906//9906 9905//9905
f 9900//9900 9898//9898 9901//9901
f 9900//9900 9901//9901 9903//9903
f 9893//9893 9895//9895 9894//9894
f 9909//9909 9908//9908 9907//9907
f 9910//9910 9911//9911 9912//9912
f 9910//9910 9912//9912 9909//9909
f 9911//9911 9913//9913 9914//9914
f 9911//9911 9914//9914 9912//9912
f 9914//9914 9913//9913 9915//9915
f 9916//9916 9917//9917 9915//9915
f 9918//9918 9919//9919 9917//9917
f 9919//9919 9918//9918 9920//9920
f 9919//9919 9920//9920 9921//9921
f 9917//9917 9916//9916 9918//9918
f 9913//9913 9916//9916 9915//9915
f 9922//9922 9921//9921 9923//9923
f 9926//9926 9924//9924 9925//9925
f 9926//9926 9925//9925 9927//9927
f 9922//9922 9923//9923 9925//9925
f 9922//9922 9925//9925 9924//9924
f 9928//9928 9927//9927 9929//9929
f 9929//9929 9930//9930 9931//9931
f 9929//9929 9931//9931 9928//9928
f 9932//9932 9930//9930 9933//9933
f 9932//9932 9933//9933 9934//9934
f 9931//9931 9930//9930 9932//9932
f 9926//9926 9927//9927 9928//9928
f 9920//9920 9923//9923 9921//9921
f 9910//9910 9909//9909 9907//9907
f 9937//9937 9939//9939 9938//9938
f 9940//9940 9939//9939 9937//9937
f 9936//9936 9937//9937 9941//9941
f 9941//9941 9935//9935 9936//9936
f 9937//9937 9938//9938 9941//9941
f 9939//9939 9940//9940 9942//9942
f 9942//9942 9940//9940 9943//9943
f 9945//9945 9944//9944 9943//9943
f 9943//9943 9944//9944 9942//9942
f 9945//9945 9946//9946 9944//9944
f 9949//9949 9948//9948 9950//9950
f 9947//9947 9948//9948 9949//9949
f 9951//9951 9952//9952 9953//9953
f 9953//9953 9955//9955 9954//9954
f 9953//9953 9954//9954 9957//9957
f 9957//9957 9951//9951 9953//9953
f 9955//9955 9956//9956 9954//9954
f 9956//9956 9958//9958 9954//9954
f 9961//9961 9960//9960 9959//9959
f 9956//9956 9959//9959 9958//9958
f 9958//9958 9959//9959 9960//9960
f 9963//9963 9960//9960 9961//9961
f 9962//9962 9963//9963 9961//9961
f 9964//9964 9965//9965 9966//9966
f 9964//9964 9966//9966 9967//9967
f 9970//9970 9969//9969 9971//9971
f 9972//9972 9973//9973 9971//9971
f 9974//9974 9973//9973 9972//9972
f 9971//9971 9973//9973 9970//9970
f 9970//9970 9968//9968 9969//9969
f 9975//9975 9976//9976 9977//9977
f 9978//9978 9975//9975 9977//9977
f 9979//9979 9978//9978 9977//9977
f 9976//9976 9975//9975 9974//9974
f 9976//9976 9974//9974 9972//9972
f 9979//9979 9980//9980 9978//9978
f 9983//9983 9984//9984 9982//9982
f 9981//9981 9983//9983 9982//9982
f 9985//9985 9986//9986 9987//9987
f 9988//9988 9989//9989 9990//9990
f 9992//9992 9985//9985 9987//9987
f 9991//9991 9990//9990 9986//9986
f 9994//9994 9993//9993 9985//9985
f 9985//9985 9993//9993 9991//9991
f 9990//9990 9991//9991 9988//9988
f 9991//9991 9986//9986 9985//9985
f 9995//9995 9997//9997 9998//9998
f 9995//9995 9999//9999 10000//10000
f 10001//10001 9995//9995 9998//9998
f 9995//9995 9992//9992 10002//10002
f 9995//9995 10002//10002 9997//9997
f 10003//10003 9989//9989 10004//10004
f 9985//9985 9992//9992 9995//9995
f 10003//10003 10005//10005 10006//10006
f 9985//9985 10008//10008 9994//9994
f 10008//10008 10007//10007 9994//9994
f 10009//10009 10010//10010 10007//10007
f 10009//10009 10007//10007 10008//10008
f 10011//10011 10010//10010 10012//10012
f 9988//9988 10004//10004 9989//9989
f 10005//10005 10003//10003 10004//10004
f 10006//10006 10012//10012 10013//10013
f 10014//10014 10013//10013 10012//10012
f 10011//10011 10007//10007 10010//10010
f 10012//10012 10005//10005 10011//10011
f 10005//10005 10012//10012 10006//10006
f 10012//10012 10015//10015 10014//10014
f 10000//10000 9999//9999 10016//10016
f 9996//9996 9995//9995 10001//10001
f 9999//9999 9995//9995 9996//9996
f 10017//10017 9996//9996 10001//10001
f 10018//10018 9996//9996 10017//10017
f 9996//9996 10018//10018 10019//10019
f 10019//10019 10022//10022 9996//9996
f 10024//10024 10025//10025 10026//10026
f 10023//10023 10027//10027 10028//10028
f 10029//10029 10028//10028 10025//10025
f 10027//10027 10023//10023 10022//10022
f 10025//10025 10024//10024 10029//10029
f 10021//10021 10026//10026 10020//10020
f 10029//10029 10030//10030 10023//10023
f 10029//10029 10023//10023 10028//10028
f 10023//10023 9996//9996 10022//10022
f 10020//10020 10031//10031 10032//10032
f 10015//10015 10031//10031 10014//10014
f 10020//10020 10032//10032 10021//10021
f 10024//10024 10026//10026 10021//10021
f 10015//10015 10033//10033 10032//10032
f 10031//10031 10015//10015 10032//10032
f 10034//10034 10033//10033 10035//10035
f 10034//10034 10037//10037 10036//10036
f 10037//10037 10023//10023 10036//10036
f 10036//10036 10023//10023 10030//10030
f 10015//10015 10035//10035 10033//10033
f 10034//10034 10035//10035 10038//10038
f 10038//10038 10037//10037 10034//10034
f 10039//10039 10040//10040 10041//10041
f 10042//10042 10043//10043 10044//10044
f 10046//10046 10040//10040 10039//10039
f 10045//10045 10041//10041 10043//10043
f 10048//10048 10039//10039 10047//10047
f 10039//10039 10045//10045 10047//10047
f 10043//10043 10042//10042 10045//10045
f 10045//10045 10039//10039 10041//10041
f 10049//10049 10052//10052 10051//10051
f 10049//10049 10053//10053 10054//10054
f 10055//10055 10052//10052 10049//10049
f 10049//10049 10056//10056 10046//10046
f 10049//10049 10051//10051 10056//10056
f 10057//10057 10058//10058 10044//10044
f 10039//10039 10049//10049 10046//10046
f 10057//10057 10059//10059 10060//10060
f 10039//10039 10048//10048 10062//10062
f 10062//10062 10048//10048 10061//10061
f 10063//10063 10061//10061 10064//10064
f 10063//10063 10062//10062 10061//10061
f 10065//10065 10066//10066 10064//10064
f 10042//10042 10044//10044 10058//10058
f 10060//10060 10058//10058 10057//10057
f 10059//10059 10067//10067 10066//10066
f 10068//10068 10066//10066 10067//10067
f 10065//10065 10064//10064 10061//10061
f 10066//10066 10065//10065 10060//10060
f 10060//10060 10059//10059 10066//10066
f 10066//10066 10068//10068 10069//10069
f 10054//10054 10053//10053 10070//10070
f 10050//10050 10055//10055 10049//10049
f 10054//10054 10050//10050 10049//10049
f 10071//10071 10055//10055 10050//10050
f 10072//10072 10071//10071 10050//10050
f 10073//10073 10072//10072 10050//10050
f 10073//10073 10050//10050 10076//10076
f 10078//10078 10079//10079 10080//10080
f 10077//10077 10081//10081 10082//10082
f 10083//10083 10080//10080 10081//10081
f 10082//10082 10076//10076 10077//10077
f 10080//10080 10083//10083 10078//10078
f 10075//10075 10074//10074 10079//10079
f 10083//10083 10077//10077 10084//10084
f 10083//10083 10081//10081 10077//10077
f 10077//10077 10076//10076 10050//10050
f 10075//10075 10086//10086 10074//10074
f 10069//10069 10068//10068 10085//10085
f 10078//10078 10075//10075 10079//10079
f 10074//10074 10086//10086 10085//10085
f 10069//10069 10086//10086 10087//10087
f 10085//10085 10086//10086 10069//10069
f 10088//10088 10089//10089 10087//10087
f 10088//10088 10090//10090 10091//10091
f 10091//10091 10090//10090 10077//10077
f 10090//10090 10084//10084 10077//10077
f 10069//10069 10087//10087 10089//10089
f 10088//10088 10092//10092 10089//10089
f 10092//10092 10088//10088 10091//10091
f 10093//10093 10094//10094 10095//10095
f 10094//10094 10096//10096 10095//10095
f 10097//10097 10098//10098 10099//10099
f 10099//10099 10100//10100 10101//10101
f 10101//10101 10100//10100 10102//10102
f 10098//10098 10100//10100 10099//10099
f 10094//10094 10098//10098 10097//10097
f 10094//10094 10097//10097 10096//10096
f 10103//10103 10101//10101 10102//10102
f 10105//10105 10104//10104 10106//10106
f 10104//10104 10105//10105 10103//10103
f 10108//10108 10107//10107 10109//10109
f 10108//10108 10109//10109 10110//10110
f 10107//10107 10106//10106 10109//10109
f 10107//10107 10105//10105 10106//10106
f 10104//10104 10103//10103 10102//10102
f 10111//10111 10112//10112 10113//10113
f 10113//10113 10112//10112 10114//10114
f 10116//10116 10115//10115 10117//10117
f 10116//10116 10117//10117 10118//10118
f 10113//10113 10114//10114 10115//10115
f 10113//10113 10115//10115 10116//10116
f 10118//10118 10117//10117 10119//10119
f 10118//10118 10119//10119 10120//10120
f 10120//10120 10119//10119 10121//10121
f 10122//10122 10123//10123 10121//10121
f 10121//10121 10119//10119 10122//10122
f 10125//10125 10124//10124 10126//10126
f 10127//10127 10125//10125 10126//10126
f 10125//10125 10123//10123 10124//10124
f 10123//10123 10122//10122 10124//10124
f 10128//10128 10129//10129 10130//10130
f 10131//10131 10132//10132 10129//10129
f 10132//10132 10131//10131 10133//10133
f 10132//10132 10133//10133 10134//10134
f 10128//10128 10131//10131 10129//10129
f 10134//10134 10135//10135 10136//10136
f 10137//10137 10138//10138 10136//10136
f 10138//10138 10137//10137 10139//10139
f 10138//10138 10139//10139 10140//10140
f 10136//10136 10135//10135 10137//10137
f 10133//10133 10135//10135 10134//10134
f 10140//10140 10141//10141 10142//10142
f 10143//10143 10144//10144 10145//10145
f 10143//10143 10145//10145 10142//10142
f 10142//10142 10141//10141 10143//10143
f 10147//10147 10148//10148 10149//10149
f 10147//10147 10149//10149 10146//10146
f 10150//10150 10148//10148 10151//10151
f 10151//10151 10152//10152 10153//10153
f 10151//10151 10153//10153 10150//10150
f 10148//10148 10150//10150 10149//10149
f 10145//10145 10144//10144 10147//10147
f 10145//10145 10147//10147 10146//10146
f 10139//10139 10141//10141 10140//10140
f 10156//10156 10157//10157 10158//10158
f 10158//10158 10157//10157 10159//10159
f 10155//10155 10157//10157 10156//10156
f 10155//10155 10156//10156 10154//10154
f 10159//10159 10160//10160 10161//10161
f 10162//10162 10160//10160 10163//10163
f 10162//10162 10163//10163 10164//10164
f 10160//10160 10162//10162 10161//10161
f 10158//10158 10159//10159 10161//10161
f 10165//10165 10164//10164 10166//10166
f 10167//10167 10168//10168 10169//10169
f 10170//10170 10167//10167 10169//10169
f 10165//10165 10166//10166 10168//10168
f 10165//10165 10168//10168 10167//10167
f 10172//10172 10173//10173 10174//10174
f 10172//10172 10174//10174 10171//10171
f 10175//10175 10173//10173 10176//10176
f 10175//10175 10176//10176 10177//10177
f 10174//10174 10173//10173 10175//10175
f 10170//10170 10169//10169 10172//10172
f 10170//10170 10172//10172 10171//10171
f 10163//10163 10166//10166 10164//10164
f 10155//10155 10154//10154 10153//10153
f 10155//10155 10153//10153 10152//10152
f 10178//10178 10179//10179 10180//10180
f 10181//10181 10180//10180 10179//10179
f 10183//10183 10178//10178 10180//10180
f 10181//10181 10184//10184 10180//10180
f 10185//10185 10186//10186 10182//10182
f 10182//10182 10186//10186 10184//10184
f 10182//10182 10184//10184 10181//10181
f 10185//10185 10187//10187 10186//10186
f 10187//10187 10188//10188 10189//10189
f 10186//10186 10187//10187 10189//10189
f 10191//10191 10189//10189 10188//10188
f 10190//10190 10191//10191 10188//10188
f 10192//10192 10194//10194 10195//10195
f 10192//10192 10193//10193 10194//10194
f 10196//10196 10197//10197 10198//10198
f 10199//10199 10198//10198 10197//10197
f 10197//10197 10200//10200 10199//10199
f 10201//10201 10196//10196 10198//10198
f 10202//10202 10203//10203 10200//10200
f 10200//10200 10203//10203 10199//10199
f 10204//10204 10203//10203 10202//10202
f 10204//10204 10205//10205 10203//10203
f 10206//10206 10207//10207 10205//10205
f 10204//10204 10206//10206 10205//10205
f 10208//10208 10209//10209 10210//10210
f 10210//10210 10209//10209 10211//10211
f 10215//10215 10216//10216 10217//10217
f 10218//10218 10217//10217 10216//10216
f 10215//10215 10217//10217 10214//10214
f 10215//10215 10214//10214 10213//10213
f 10219//10219 10212//10212 10214//10214
f 10214//10214 10212//10212 10213//10213
f 10222//10222 10223//10223 10220//10220
f 10222//10222 10220//10220 10221//10221
f 10223//10223 10222//10222 10224//10224
f 10221//10221 10220//10220 10218//10218
f 10221//10221 10218//10218 10216//10216
f 10224//10224 10225//10225 10223//10223
f 10228//10228 10229//10229 10227//10227
f 10226//10226 10228//10228 10227//10227
f 10230//10230 10231//10231 10232//10232
f 10233//10233 10234//10234 10235//10235
f 10237//10237 10230//10230 10232//10232
f 10236//10236 10235//10235 10231//10231
f 10239//10239 10238//10238 10230//10230
f 10230//10230 10238//10238 10236//10236
f 10235//10235 10236//10236 10233//10233
f 10236//10236 10231//10231 10230//10230
f 10240//10240 10242//10242 10243//10243
f 10240//10240 10244//10244 10245//10245
f 10243//10243 10246//10246 10240//10240
f 10240//10240 10237//10237 10247//10247
f 10240//10240 10247//10247 10242//10242
f 10248//10248 10234//10234 10249//10249
f 10230//10230 10237//10237 10240//10240
f 10248//10248 10250//10250 10251//10251
f 10253//10253 10252//10252 10239//10239
f 10239//10239 10230//10230 10253//10253
f 10254//10254 10255//10255 10252//10252
f 10254//10254 10252//10252 10253//10253
f 10256//10256 10255//10255 10257//10257
f 10233//10233 10249//10249 10234//10234
f 10250//10250 10248//10248 10249//10249
f 10251//10251 10257//10257 10258//10258
f 10256//10256 10252//10252 10255//10255
f 10257//10257 10250//10250 10256//10256
f 10250//10250 10257//10257 10251//10251
f 10257//10257 10259//10259 10258//10258
f 10245//10245 10244//10244 10260//10260
f 10241//10241 10240//10240 10246//10246
f 10244//10244 10240//10240 10241//10241
f 10241//10241 10246//10246 10261//10261
f 10262//10262 10241//10241 10261//10261
f 10241//10241 10262//10262 10263//10263
f 10263//10263 10266//10266 10241//10241
f 10268//10268 10269//10269 10270//10270
f 10267//10267 10271//10271 10272//10272
f 10273//10273 10272//10272 10269//10269
f 10271//10271 10267//10267 10266//10266
f 10269//10269 10268//10268 10273//10273
f 10265//10265 10270//10270 10264//10264
f 10273//10273 10274//10274 10267//10267
f 10273//10273 10267//10267 10272//10272
f 10267//10267 10241//10241 10266//10266
f 10264//10264 10275//10275 10276//10276
f 10259//10259 10275//10275 10277//10277
f 10264//10264 10276//10276 10265//10265
f 10268//10268 10270//10270 10265//10265
f 10259//10259 10278//10278 10276//10276
f 10275//10275 10259//10259 10276//10276
f 10279//10279 10278//10278 10280//10280
f 10258//10258 10259//10259 10277//10277
f 10279//10279 10282//10282 10281//10281
f 10281//10281 10282//10282 10267//10267
f 10281//10281 10267//10267 10274//10274
f 10259//10259 10280//10280 10278//10278
f 10279//10279 10280//10280 10283//10283
f 10283//10283 10282//10282 10279//10279
f 10284//10284 10285//10285 10286//10286
f 10287//10287 10288//10288 10289//10289
f 10291//10291 10285//10285 10284//10284
f 10290//10290 10286//10286 10288//10288
f 10293//10293 10284//10284 10292//10292
f 10284//10284 10290//10290 10292//10292
f 10288//10288 10287//10287 10290//10290
f 10290//10290 10284//10284 10286//10286
f 10294//10294 10297//10297 10296//10296
f 10294//10294 10298//10298 10299//10299
f 10297//10297 10294//10294 10300//10300
f 10294//10294 10301//10301 10291//10291
f 10294//10294 10296//10296 10301//10301
f 10302//10302 10303//10303 10289//10289
f 10284//10284 10294//10294 10291//10291
f 10302//10302 10304//10304 10305//10305
f 10307//10307 10293//10293 10306//10306
f 10293//10293 10307//10307 10284//10284
f 10308//10308 10306//10306 10309//10309
f 10308//10308 10307//10307 10306//10306
f 10310//10310 10311//10311 10309//10309
f 10287//10287 10289//10289 10303//10303
f 10305//10305 10303//10303 10302//10302
f 10304//10304 10312//10312 10311//10311
f 10310//10310 10309//10309 10306//10306
f 10311//10311 10310//10310 10305//10305
f 10305//10305 10304//10304 10311//10311
f 10311//10311 10312//10312 10313//10313
f 10298//10298 10314//10314 10299//10299
f 10295//10295 10300//10300 10294//10294
f 10299//10299 10295//10295 10294//10294
f 10295//10295 10315//10315 10300//10300
f 10316//10316 10315//10315 10295//10295
f 10317//10317 10316//10316 10295//10295
f 10317//10317 10295//10295 10320//10320
f 10322//10322 10323//10323 10324//10324
f 10321//10321 10325//10325 10326//10326
f 10327//10327 10324//10324 10325//10325
f 10326//10326 10320//10320 10321//10321
f 10324//10324 10327//10327 10322//10322
f 10319//10319 10318//10318 10323//10323
f 10327//10327 10321//10321 10328//10328
f 10327//10327 10325//10325 10321//10321
f 10321//10321 10320//10320 10295//10295
f 10319//10319 10330//10330 10318//10318
f 10313//10313 10331//10331 10329//10329
f 10322//10322 10319//10319 10323//10323
f 10318//10318 10330//10330 10329//10329
f 10313//10313 10330//10330 10332//10332
f 10329//10329 10330//10330 10313//10313
f 10333//10333 10334//10334 10332//10332
f 10312//10312 10331//10331 10313//10313
f 10333//10333 10335//10335 10336//10336
f 10335//10335 10321//10321 10336//10336
f 10335//10335 10328//10328 10321//10321
f 10313//10313 10332//10332 10334//10334
f 10333//10333 10337//10337 10334//10334
f 10337//10337 10333//10333 10336//10336
