# Created by Open3D 
# object name: InfoWheels_Exterior_Passenger_Awning_Open_Struts_Metal
# number of vertices: 1272
# number of triangles: 2560
v -22.7284 -69.2934 46.4645
vn -0.0162557 -0.999694 -0.0186479
v -22.7861 -69.195 46.4783
vn -0.000989412 0.999734 -0.0230307
v -22.6393 -69.195 46.2462
vn -0.0638518 0.997897 0.0111674
v -22.7908 -69.2934 46.1388
vn -0.0892418 -0.907157 0.411221
v -22.84 -69.195 46.1388
vn 0.0649033 0.929723 0.362496
v -22.9555 -69.2934 46.3654
vn 0.11226 -0.988523 -0.101098
v -22.9727 -69.195 46.2565
vn 0.609433 0.770496 0.186889
v -22.9627 -69.195 46.3691
vn 0.0527146 0.997625 -0.0443291
v -22.6682 -69.2934 46.219
vn -0.0340411 -0.999399 0.00654062
v -22.9627 -69.2934 46.219
vn 0.554998 -0.679816 0.479403
v -20.3682 -69.6668 47.1011
vn 0.0856283 0.130174 -0.987787
v -20.3236 -69.6709 47.1995
vn -0.0153172 0.0351995 0.999263
v -20.4695 -69.5876 47.1995
vn 0.0358784 0.0113279 0.999292
v -20.3533 -69.4072 47.1995
vn 0.00465431 -0.0153689 0.999871
v -20.2151 -69.5272 47.1995
vn -0.11285 -0.0331069 0.99306
v -20.2689 -69.6563 47.1011
vn -0.142335 0.187413 -0.971914
v -20.2131 -69.549 47.1011
vn -0.119488 0.0280734 -0.992439
v -20.2927 -69.44 47.1011
vn -0.0550975 -0.137895 -0.988913
v -20.471 -69.5106 47.1011
vn 0.017052 -0.00805173 -0.999822
v -23.7433 -69.6491 47.1011
vn 0.122049 0.142664 -0.982217
v -23.7327 -69.6812 47.1995
vn 0.000874741 0.0173247 0.99985
v -23.8068 -69.5377 47.1995
vn 0.133568 -0.00255938 0.991036
v -23.6726 -69.4003 47.1995
vn 0.00394207 -0.0289238 0.999574
v -23.5688 -69.5814 47.1995
vn -0.0336866 -0.000587035 0.999432
v -23.5672 -69.6263 47.1011
vn -0.016219 0.0142353 -0.999767
v -23.636 -69.4071 47.1011
vn -0.0153996 -0.016749 -0.999741
v -23.7953 -69.505 47.1011
vn 0.123318 -0.0784434 -0.989262
v -22.8529 -69.9037 46.4513
vn 0.0400057 -0.991858 -0.120904
v -22.7952 -69.8053 46.4819
vn -0.0011932 0.999696 -0.0246197
v -22.6448 -69.8053 46.2071
vn -0.0561466 0.998392 0.00774916
v -22.6835 -69.9037 46.162
vn -0.0354953 -0.998132 0.0497211
v -22.8775 -69.8053 46.1447
vn 0.196271 0.881368 0.42973
v -22.9707 -69.9037 46.3186
vn 0.162517 -0.986148 -0.033166
v -22.9727 -69.8053 46.3315
vn 0.0787328 0.996711 -0.0192119
v -22.6847 -69.9037 46.4132
vn -0.0238062 -0.999625 -0.0135014
v -22.8997 -69.9037 46.156
vn 0.277636 -0.814609 0.509245
v -22.7893 -69.8053 45.9453
vn 0.153565 0.86467 -0.478293
v -23.0944 -69.9037 46.1055
vn -0.568841 -0.757046 -0.321404
v -23.0726 -69.8053 46.1116
vn -0.362564 0.91071 -0.197874
v -22.7506 -69.9037 45.9567
vn 0.344949 -0.638999 -0.687525
v -19.9706 -69.196 47.1995
vn 0.0572949 0.396796 0.916117
v -24.0438 -69.1959 47.1995
vn -0.0383018 0.382694 0.923081
v -20.7979 -69.195 47.1007
vn 0.0331743 0.996173 -0.0808661
v -22.7251 -69.195 45.9711
vn 0.304392 0.746367 -0.591846
v -23.079 -69.195 46.0641
vn -0.564029 0.75341 -0.338001
v -23.4161 -69.195 47.0968
vn -0.0453414 0.997632 -0.0517175
v -24.0729 -69.2391 47.1012
vn -0.200116 -0.0581629 -0.978044
v -19.9473 -69.2034 47.1011
vn 0.276993 0.167683 -0.946128
v -20.7981 -69.2934 47.1011
vn 0.0698726 -0.833841 -0.547565
v -23.0854 -69.2934 46.1244
vn -0.309989 -0.933327 -0.181127
v -23.4022 -69.2934 47.0618
vn -0.0936759 -0.995587 0.00553111
v -22.7567 -69.2934 45.9571
vn 0.150139 -0.880955 -0.44875
v -19.9486 -69.8964 47.1011
vn 0.136554 -0.165527 -0.976706
v -20.7984 -69.9037 47.1009
vn 0.0336117 -0.996209 -0.0802322
v -20.798 -69.8053 47.1011
vn 0.0675262 0.787778 -0.612247
v -23.4106 -69.9037 47.0855
vn -0.03938 -0.998288 -0.0432486
v -23.4196 -69.8053 47.1002
vn -0.089485 0.933124 -0.348241
v -24.0712 -69.8743 47.1011
vn -0.154213 -0.127775 -0.979741
v -24.0477 -69.9025 47.1995
vn -0.0964076 -0.552722 0.827771
v -19.964 -69.9019 47.1995
vn 0.0678684 -0.238244 0.968831
v -22.732 -68.9796 46.4038
vn 0.327241 0.898831 0.291576
v -22.6631 -69.0307 46.2775
vn 0.974502 0.16068 -0.156615
v -22.8527 -68.9982 46.4469
vn -0.518968 0.205815 0.829646
v -22.8291 -69.0651 46.4503
vn -0.338055 0.167903 0.926028
v -22.9447 -68.9821 46.3574
vn -0.321616 0.939246 -0.119921
v -22.9679 -69.0651 46.2775
vn -0.940148 -0.0896554 0.32876
v -22.9008 -69.0651 46.1666
vn -0.487439 0.581539 -0.651318
v -22.7449 -68.9903 46.1677
vn 0.0406627 0.935265 -0.351605
v -22.7579 -69.0651 46.1549
vn 0.564189 -0.343708 -0.750703
v -23.0081 -70.006 46.3588
vn -0.237958 -0.953524 0.184844
v -23.0241 -69.9037 46.3738
vn -0.862675 0.492674 0.114298
v -22.9205 -69.9037 46.4898
vn -0.457508 -0.0156503 0.889068
v -22.7833 -69.9967 46.5024
vn -0.0178079 -0.945132 0.326203
v -22.6632 -69.9869 46.4568
vn 0.534577 -0.796538 0.282409
v -22.5969 -69.9037 46.3103
vn 0.858644 0.483339 0.170628
v -22.626 -69.9864 46.1701
vn 0.75881 -0.594872 -0.265207
v -22.7184 -70.0039 46.1163
vn 0.0630161 -0.990138 -0.12512
v -22.7507 -69.9037 46.0788
vn 0.107166 0.377658 -0.919723
v -22.9182 -69.9877 46.0991
vn -0.261256 -0.394364 -0.881035
v -23.0078 -69.9968 46.1967
vn -0.572976 -0.79246 -0.209058
v -22.8492 -69.1163 46.4567
vn -0.0721862 0.010664 0.997334
v -22.6909 -69.0947 46.3965
vn 0.814882 0.0263384 0.579029
v -22.6665 -69.1163 46.2643
vn 0.943677 0.0717877 -0.322986
v -22.9208 -69.1163 46.1791
vn -0.524577 0.0166173 -0.851201
v -22.9641 -69.1163 46.2472
vn -0.984985 0.075354 -0.155323
v -22.9558 -69.1163 46.3559
vn -0.912827 0.0470122 0.40563
v -22.9737 -69.9037 46.2414
vn -0.977628 0.083621 -0.193005
v -22.9121 -69.9037 46.4322
vn -0.606707 0.11767 0.786168
v -22.6597 -69.9037 46.3009
vn 0.996048 0.0513343 0.0724799
v -22.8554 -69.9037 46.1448
vn -0.279454 0.079898 -0.956829
v -22.7669 -69.1163 46.1314
vn 0.257514 0.0843503 -0.962586
v -22.712 -69.9037 46.4248
vn 0.425092 0.0641886 0.902871
v -22.7089 -69.9037 46.1668
vn 0.694149 0.111371 -0.711164
v -22.9825 -69.9037 46.1498
vn -0.605016 0.588352 -0.536467
v -22.6491 -69.9037 46.1449
vn 0.64614 0.630904 -0.429492
v -22.7377 -69.9037 46.4927
vn 0.327117 0.658889 0.677392
v -22.707 -69.1886 46.0059
vn -0.462773 -0.805303 -0.370578
v -22.9171 -69.184 46.0257
vn 0.00764764 0.952863 -0.303305
v -22.6895 -69.1202 46.3426
vn -0.0888069 -0.97524 0.202533
v -22.9182 -69.1272 46.2794
vn 0.807353 0.580144 -0.107768
v -22.7601 -69.1478 46.1982
vn -0.472015 0.454746 0.755254
v -22.5398 -69.0725 46.508
vn 0.0330658 -0.933259 0.357679
v -23.091 -69.0828 46.4753
vn -0.0963917 -0.987545 0.124353
v -23.0894 -69.0406 46.5394
vn -0.195022 0.827626 0.52631
v -22.5913 -68.9735 46.6032
vn 0.0795382 -0.326751 0.941758
v -23.0413 -68.9637 46.5881
vn -0.0286045 0.792177 -0.60962
v -23.091 -69.0828 46.0148
vn -0.197967 -0.977812 0.068503
v -22.6645 -69.0774 45.9991
vn -0.273071 0.358468 0.892711
v -22.5398 -69.0828 46.0148
vn 0.105025 -0.989626 0.0980287
v -22.9663 -69.0774 45.9991
vn 0.43227 0.115913 0.894263
v -22.9547 -69.0762 46.3693
vn 0.733235 0.588475 -0.340682
v -22.7417 -69.0717 46.4449
vn 0.0921419 0.59131 -0.801163
v -22.6432 -69.0739 46.3123
vn -0.945829 -0.324514 0.00990524
v -22.5398 -69.0623 46.4855
vn 0.0477177 0.902332 -0.428392
v -23.091 -69.1835 46.0278
vn -0.173079 0.984239 -0.0363011
v -22.5398 -69.1835 46.0278
vn 0.0846023 0.994194 -0.0664852
v -22.5398 -69.1466 45.9598
vn 0.353457 -0.428582 -0.831496
v -23.091 -69.1466 45.9598
vn -0.733717 -0.0871127 -0.673848
v -22.9577 -69.1721 45.9692
vn 0.341963 -0.126194 -0.931202
v -22.5398 -69.1035 46.3353
vn -0.00766016 0.992278 -0.123796
v -22.5678 -69.1069 46.6122
vn 0.114836 -0.989792 0.0844045
v -22.5398 -69.1215 46.3326
vn 0.179381 -0.970292 0.162347
v -22.5398 -69.2006 46.0323
vn 0.0194697 -0.988638 0.149048
v -22.5398 -69.0651 46.0148
vn 0.0322017 0.989526 -0.140718
v -23.091 -69.0651 46.0148
vn 0.0748816 0.977014 -0.199588
v -23.091 -69.2006 46.0323
vn 0.00828823 -0.986651 0.162637
v -23.0885 -69.1161 46.4563
vn -0.129918 -0.97853 0.160001
v -23.091 -69.1035 46.3353
vn -0.0433326 0.993641 -0.103918
v -22.6717 -69.1025 45.9535
vn -0.149461 0.270917 -0.950929
v -22.6895 -69.1114 46.6553
vn -0.111137 0.993804 0.00124521
v -22.9414 -69.1114 46.6553
vn 0.16674 0.981001 0.0991744
v -22.7284 5.98215 46.4645
vn -0.0156208 -0.999717 -0.0179226
v -22.7861 6.08058 46.4783
vn -0.000992289 0.999733 -0.0230927
v -22.6393 6.08058 46.2462
vn -0.0641231 0.997879 0.0112287
v -22.7908 5.98215 46.1388
vn -0.0846686 -0.916864 0.390117
v -22.84 6.08058 46.1388
vn 0.0696392 0.91857 0.389075
v -22.9555 5.98215 46.3654
vn 0.103584 -0.990236 -0.0932909
v -22.9727 6.08058 46.2565
vn 0.669114 0.714272 0.205184
v -22.9627 6.08058 46.3691
vn 0.0562244 0.997297 -0.0473003
v -22.6682 5.98215 46.219
vn -0.0338167 -0.999407 0.00650046
v -22.9627 5.98215 46.219
vn 0.524157 -0.721293 0.452764
v -20.4487 5.62921 47.1011
vn 0.0148976 0.01337 -0.9998
v -20.3236 5.60477 47.1995
vn -0.00513773 0.0391292 0.999221
v -20.4801 5.71274 47.1995
vn 0.0326125 -0.00494295 0.999456
v -20.3276 5.86384 47.1995
vn -0.00203313 -0.0176398 0.999842
v -20.2151 5.74837 47.1995
vn -0.52286 0.0202192 0.852179
v -20.2415 5.65557 47.1011
vn -0.0995401 0.11226 -0.988681
v -20.2225 5.78231 47.1011
vn -0.323482 -0.239214 -0.915498
v -20.3696 5.86543 47.1011
vn 0.0224015 -0.0279593 -0.999358
v -23.7433 5.62653 47.1011
vn 0.0969502 0.197323 -0.975533
v -23.7362 5.61715 47.1995
vn 0.0896362 0.263357 0.960525
v -23.7983 5.73707 47.1995
vn 0.124343 -0.0172208 0.99209
v -23.6471 5.86543 47.1995
vn -0.00138618 -0.0207091 0.999785
v -23.5571 5.65497 47.1995
vn -0.0158868 0.00764594 0.999845
v -23.5672 5.64935 47.1011
vn -0.0132985 0.00960931 -0.999865
v -23.6072 5.84641 47.1011
vn -0.0154107 -0.0137325 -0.999787
v -23.7752 5.7917 47.1011
vn 0.121478 -0.100259 -0.987518
v -22.8529 5.37192 46.4513
vn 0.0394058 -0.992101 -0.119091
v -22.7952 5.47034 46.4819
vn -0.00119395 0.999696 -0.0246382
v -22.6448 5.47034 46.2071
vn -0.0561561 0.998392 0.00775047
v -22.6835 5.37192 46.162
vn -0.0355185 -0.99813 0.0497536
v -22.8775 5.47034 46.1447
vn 0.196301 0.881329 0.429797
v -22.9707 5.37192 46.3186
vn 0.160682 -0.986461 -0.0327918
v -22.9727 5.47034 46.3315
vn 0.078899 0.996697 -0.0192526
v -22.6847 5.37192 46.4132
vn -0.0235629 -0.999633 -0.0133637
v -22.8997 5.37192 46.156
vn 0.277674 -0.814553 0.509313
v -22.7893 5.47035 45.9453
vn 0.153583 0.864628 -0.478362
v -23.0944 5.37192 46.1055
vn -0.572528 -0.7537 -0.322718
v -23.0726 5.47034 46.1116
vn -0.363256 0.910517 -0.197492
v -22.7506 5.37191 45.9567
vn 0.344948 -0.638965 -0.687557
v -19.9955 6.08006 47.1995
vn 0.0502542 0.405616 0.912661
v -24.0673 6.07947 47.1995
vn -0.0686742 0.370972 0.926101
v -20.7989 6.08058 47.1006
vn 0.0665963 0.987937 -0.139806
v -22.7852 6.08059 45.9445
vn 0.138191 0.891958 -0.430482
v -23.0726 6.08058 46.1116
vn -0.333281 0.924661 -0.184189
v -23.4201 6.08058 47.0932
vn -0.0834855 0.995038 -0.0541272
v -23.9977 6.06775 47.1011
vn -0.0772757 0.406945 -0.910178
v -19.9534 6.06327 47.1011
vn 0.244245 0.168502 -0.954962
v -20.7979 5.98215 47.1011
vn 0.039661 -0.913634 -0.404598
v -23.0944 5.98215 46.1055
vn -0.553712 -0.77129 -0.313872
v -23.4154 5.98215 47.1006
vn -0.0449286 -0.961832 -0.269928
v -22.7507 5.98214 45.9567
vn 0.310236 -0.722788 -0.61752
v -19.9479 5.37811 47.1011
vn 0.147604 -0.167163 -0.974818
v -20.7994 5.37192 47.1003
vn 0.0336853 -0.996071 -0.0819015
v -20.7979 5.47034 47.1011
vn 0.0730265 0.851541 -0.519177
v -23.4161 5.37192 47.0964
vn -0.0387023 -0.998512 -0.0384222
v -23.4173 5.47034 47.1004
vn -0.0898075 0.931957 -0.351271
v -24.0741 5.97399 47.1011
vn -0.177612 0.0176137 -0.983943
v -24.0677 5.38177 47.1011
vn -0.289902 -0.142027 -0.946459
v -24.0531 5.37308 47.1995
vn -0.0440368 -0.461079 0.886266
v -20.0069 5.37232 47.1995
vn 0.00551957 -0.246912 0.969022
v -19.9426 5.47851 47.1995
vn 0.359787 -0.00155467 0.933033
v -22.6761 6.28472 46.3369
vn 0.68582 0.722804 0.0848849
v -22.7639 6.28011 46.4393
vn 0.0527335 0.923476 0.380014
v -22.8554 6.2105 46.4432
vn -0.294663 -0.142082 0.94498
v -22.9551 6.28708 46.3319
vn -0.272258 0.935884 0.223598
v -22.7445 6.28814 46.1711
vn 0.149014 0.945804 -0.28853
v -22.9279 6.28815 46.1895
vn -0.602479 0.630198 -0.489764
v -22.9008 6.2105 46.1666
vn -0.514816 0.109694 -0.850254
v -22.6668 6.2105 46.2472
vn 0.920208 -0.220828 -0.323191
v -22.7579 6.2105 46.1549
vn 0.478531 -0.480163 -0.735154
v -23.0296 5.27973 46.2453
vn -0.350087 -0.935974 -0.0373122
v -23.0388 5.37192 46.2695
vn -0.814475 0.479899 -0.326078
v -23.0241 5.37192 46.3738
vn -0.797406 0.239052 0.554074
v -22.8958 5.27792 46.4753
vn -0.224012 -0.932179 0.284361
v -22.7561 5.28924 46.5058
vn 0.200436 -0.391995 0.897867
v -22.6425 5.28069 46.4281
vn 0.474723 -0.786568 0.394903
v -22.6088 5.26955 46.2921
vn 0.149294 -0.988215 -0.0337908
v -22.8437 5.37192 46.5129
vn -0.217564 0.55592 0.802258
v -22.6222 5.32723 46.184
vn 0.857724 0.185093 -0.479635
v -22.7607 5.28523 46.0787
vn 0.174723 -0.698337 -0.694116
v -22.938 5.2808 46.1224
vn -0.152239 -0.948753 -0.276933
v -22.7109 5.37192 46.0996
vn 0.272381 0.601179 -0.751261
v -22.6889 6.2105 46.3826
vn 0.646385 -0.332048 0.686972
v -22.8256 6.15932 46.447
vn -0.0132312 0.060674 0.99807
v -22.9549 6.2105 46.33
vn -0.990274 0.127808 0.0549791
v -22.697 6.15932 46.389
vn 0.836381 0.0589545 0.544969
v -22.6665 6.15932 46.2643
vn 0.945441 0.0769141 -0.316585
v -22.9462 6.15932 46.1962
vn -0.726309 0.033491 -0.686552
v -22.9571 6.15932 46.3761
vn -0.911922 0.0227038 0.409735
v -22.9737 5.37192 46.2414
vn -0.984422 0.103069 -0.142441
v -22.9121 5.37192 46.4322
vn -0.54072 0.0941988 0.835912
v -22.6597 5.37192 46.3009
vn 0.992472 0.10133 0.0687922
v -22.8554 5.37192 46.1448
vn -0.299218 0.0277175 -0.953782
v -22.7669 6.15932 46.1314
vn 0.206018 0.0983759 -0.973591
v -22.712 5.37192 46.4248
vn 0.441477 0.127874 0.888114
v -22.7089 5.37192 46.1668
vn 0.705291 0.0993728 -0.701919
v -22.9193 5.37192 46.1121
vn -0.414378 0.554627 -0.721582
v -22.5992 5.37192 46.359
vn 0.854895 0.503361 0.125629
v -22.6763 5.37192 46.4673
vn 0.497574 0.427225 0.754916
v -22.5398 6.09211 46.0278
vn 0.0433298 0.972495 -0.22886
v -22.7085 6.08248 46.025
vn -0.116477 0.860423 0.49609
v -22.9309 6.08487 46.0155
vn 0.177651 0.891623 -0.416471
v -22.6895 6.1731 46.3426
vn -0.264083 0.963794 0.0368845
v -22.9389 6.15881 46.3187
vn 0.21874 -0.951209 0.217613
v -22.8789 6.12783 46.1982
vn 0.0950811 0.995396 0.0120905
v -22.7439 6.13054 46.2085
vn -0.9228 0.134194 0.361155
v -22.5398 6.20288 46.5017
vn 0.0377714 -0.939971 0.339158
v -23.091 6.20172 46.4961
vn -0.0395015 -0.996073 0.0792387
v -22.6041 6.31067 46.5991
vn 0.0216838 0.760071 0.649478
v -23.1008 6.21514 46.5061
vn -0.0684576 0.99763 0.00690998
v -23.091 6.18905 45.9691
vn -0.468031 -0.754131 -0.460688
v -22.6639 6.1913 46.0067
vn -0.156397 -0.938305 0.308422
v -22.5398 6.18905 45.9691
vn 0.33028 -0.897507 -0.292225
v -22.9671 6.1913 46.0067
vn 0.132238 -0.921305 0.365665
v -22.988 6.20164 46.3074
vn 0.232849 -0.97166 0.0407216
v -22.8892 6.19942 46.4449
vn 0.0776572 0.0386681 -0.99623
v -22.6791 6.20164 46.3792
vn -0.211624 -0.977169 0.0188611
v -22.5398 6.21499 46.4875
vn 0.041174 0.963328 -0.26515
v -23.091 6.09211 46.0278
vn -0.1057 0.970486 -0.21676
v -22.5398 6.10145 45.971
vn 0.176153 0.315124 0.932559
v -23.091 6.10145 45.971
vn -0.164219 0.205291 0.964825
v -22.6709 6.15411 45.9506
vn -0.488202 0.85885 -0.155036
v -22.96 6.15411 45.9506
vn 0.676622 0.714949 -0.176154
v -22.5398 6.17216 46.3353
vn 0.0617273 0.983249 -0.171494
v -22.5678 6.16867 46.6122
vn 0.124098 0.988832 0.0825257
v -22.5398 6.15473 46.3376
vn 0.0416017 -0.987733 0.150506
v -22.5398 6.07498 46.0323
vn 0.0187972 -0.979469 0.200719
v -23.091 6.07498 46.0323
vn 0.0166198 -0.981366 0.191429
v -23.0885 6.15949 46.4563
vn -0.125504 -0.979612 0.156874
v -23.091 6.17216 46.3353
vn -0.0562093 0.990026 -0.129183
v -22.9664 6.20653 45.9997
vn 0.0292333 0.996036 -0.0840134
v -22.6631 6.2105 46.0148
vn -0.0393124 0.996363 -0.0756
v -22.6741 6.08738 45.9771
vn -0.0300726 -0.61112 -0.790967
v -22.9568 6.08738 45.9771
vn 0.0149054 -0.588526 -0.808341
v -22.6895 6.16424 46.6553
vn -0.120457 -0.991988 0.0380847
v -22.9414 6.16424 46.6553
vn 0.0979765 0.989981 0.101673
v -22.9256 6.00184 46.4154
vn 0.738356 0.160753 -0.654973
v -22.8186 6.00184 46.1282
vn -0.073659 0.692997 0.717168
v -22.6634 6.0017 46.2183
vn -0.252434 0.960592 0.116366
v -22.9706 6.00135 46.22
vn 0.566685 0.765204 0.305501
v -22.6803 5.99691 46.3843
vn -0.766442 0.327383 -0.552618
v -22.7965 5.99691 46.4554
vn -0.104759 0.482072 -0.869846
v -22.6552 5.60814 46.3152
vn -0.646965 -0.742406 -0.173982
v -22.805 5.60915 46.4693
vn -0.0230187 -0.456209 -0.889575
v -22.6979 5.60832 46.1781
vn -0.207703 -0.940691 0.268254
v -22.8521 5.60844 46.1295
vn 0.262943 -0.793896 0.548261
v -22.9917 5.6093 46.3011
vn 0.911106 -0.381303 -0.156505
v -22.4504 5.86376 45.1592
vn 0.949438 -0.250226 -0.189617
v -22.1481 5.83645 45.3068
vn -0.536079 -0.0467296 -0.842873
v -22.318 5.63858 45.2445
vn 0.0958546 0.991356 0.0895843
v -22.4247 5.69222 45.1824
vn 0.841148 0.486367 -0.236469
v -22.2273 5.65611 45.2661
vn -0.182604 0.54272 -0.819823
v -22.2574 5.97195 45.2543
vn -0.0107543 -0.715251 -0.698785
v -22.395 5.9448 45.2076
vn 0.371415 -0.891217 0.260353
v -22.3706 5.85557 45.7214
vn -0.712287 -0.438829 -0.547793
v -22.3768 5.72649 45.7184
vn -0.722222 0.441143 -0.532718
v -22.6478 5.75441 45.5885
vn 0.93333 0.258277 0.249374
v -22.6437 5.87564 45.5904
vn 0.894805 -0.431998 0.1127
v -22.5548 5.95867 45.6331
vn 0.408665 -0.912657 0.00709127
v -22.4383 5.95184 45.6889
vn -0.263187 -0.854202 -0.44841
v -22.4635 5.6513 45.6768
vn -0.135484 0.935622 -0.325968
v -22.58 5.65813 45.621
vn 0.475546 0.879671 -0.00590636
v -22.5526 5.80499 45.7456
vn 0.432194 -3.66343e-05 -0.901781
v -22.5445 5.76669 46.5506
vn 0.807932 -0.188153 0.55843
v -21.9826 5.77991 45.3834
vn 0.940813 -0.0379953 0.336791
v -22.0055 5.92588 45.3725
vn 0.912788 0.363017 0.18718
v -22.1499 6.12588 45.3032
vn 0.472369 0.881389 -0.0047174
v -22.3604 6.15308 45.2024
vn 0.0888414 0.933256 -0.348052
v -22.4832 6.09802 45.1435
vn -0.353821 0.734367 -0.579238
v -22.6169 5.89974 45.0794
vn -0.810087 0.250041 -0.530319
v -22.612 5.68848 45.0817
vn -0.790922 -0.229194 -0.567373
v -22.5183 5.54231 45.1266
vn -0.426665 -0.677608 -0.599003
v -22.4035 5.46882 45.1817
vn -0.216318 -0.871322 -0.440459
v -22.272 5.45688 45.2447
vn 0.271967 -0.95293 -0.134008
v -22.1088 5.52645 45.323
vn 0.596324 -0.802113 0.0318071
v -22.034 5.61722 45.3588
vn 0.895685 -0.387663 0.217869
v -22.58 5.60814 46.4666
vn 0.568704 -0.748053 0.342041
v -22.2501 5.60805 45.801
vn 0.108823 -0.978239 0.176651
v -22.3689 5.49632 45.744
vn 0.178649 -0.845213 0.503685
v -22.54 5.4524 45.662
vn -0.24258 -0.96813 0.0622829
v -22.792 5.60624 45.5413
vn -0.31146 -0.950253 0.00337162
v -23.0881 5.60814 46.1846
vn -0.554529 -0.816969 -0.1583
v -23.1151 5.68502 46.1504
vn -0.876483 -0.27521 -0.395017
v -23.1327 5.81109 46.142
vn -0.905995 -0.011302 -0.423138
v -23.1151 5.92496 46.1504
vn -0.887733 0.300373 -0.348864
v -23.0939 6.00184 46.2096
vn -0.667055 0.704841 -0.241323
v -22.7887 6.00269 45.5428
vn -0.30434 0.952144 -0.0282686
v -22.5836 6.14726 45.6411
vn -0.296751 0.938915 0.174294
v -22.4082 6.13694 45.7251
vn 0.259613 0.925837 0.274641
v -22.243 6.00337 45.8043
vn 0.21698 0.936677 0.274873
v -22.6064 6.00157 46.5339
vn 0.506502 0.722319 0.470863
v -22.5105 5.90756 46.4402
vn 0.874009 0.225512 0.43041
v -22.7803 5.60814 46.5851
vn 0.152052 -0.702493 0.695258
v -22.7555 5.77925 46.6378
vn 0.165877 -0.156154 0.973705
v -22.8683 5.84556 46.6382
vn 0.0998269 0.166714 0.980939
v -22.8057 6.00184 46.5882
vn -0.076753 0.785495 0.61409
v -22.9171 5.6815 46.6004
vn -0.344242 -0.312657 0.885292
v -22.9942 5.83241 46.5892
vn -0.456632 0.144145 0.877901
v -22.9853 6.00184 46.5313
vn -0.218339 0.889681 0.400994
v -23.0384 5.60814 46.4854
vn -0.424995 -0.842984 0.329783
v -23.0759 5.91673 46.5055
vn -0.765953 0.266192 0.5852
v -23.0953 5.77763 46.5019
vn -0.752369 -0.133167 0.645142
v -23.1378 5.72104 46.3943
vn -0.904035 -0.372498 0.20968
v -23.0885 6.00184 46.4038
vn -0.540504 0.825388 0.163063
v -23.155 5.86127 46.3592
vn -0.969494 0.20133 0.139814
v -23.1589 5.75671 46.2475
vn -0.990312 -0.113529 -0.0799635
v -4.01077 6.00076 7.07663
vn -0.537609 0.438312 0.720318
v -4.09802 6.00184 7.39628
vn 0.0549114 0.779257 -0.624294
v -4.26127 6.00159 7.28381
vn 0.376729 0.903502 -0.204349
v -3.94005 6.00132 7.31172
vn -0.637168 0.695234 -0.332666
v -4.2068 6.00184 7.1093
vn 0.62034 0.344664 0.704546
v -4.24923 5.6106 7.17623
vn 0.653875 -0.735183 0.178757
v -4.15067 5.60814 7.07552
vn 0.267893 -0.395319 0.878611
v -4.02837 5.60814 7.0806
vn -0.514301 -0.492708 0.701949
v -4.08158 5.60843 7.40143
vn -0.0809551 -0.673806 -0.73446
v -4.21691 5.60814 7.34055
vn 0.210229 -0.964451 -0.160118
v -3.92079 5.60915 7.24431
vn -0.912502 -0.408065 0.0286962
v -4.40249 5.85788 8.25991
vn -0.931684 -0.25206 0.261594
v -4.70427 5.75224 8.11528
vn 0.37552 0.203759 0.904139
v -4.50609 5.63769 8.21025
vn -0.565069 0.594184 0.572401
v -4.60069 5.97228 8.16491
vn -0.0755588 -0.695291 0.714745
v -4.46435 5.9448 8.21092
vn -0.382617 -0.884533 -0.266843
v -4.67194 5.89537 8.11144
vn 0.829893 -0.461393 0.31368
v -4.62736 5.66517 8.1328
vn 0.334293 0.936647 0.104594
v -4.41977 5.71461 8.23228
vn -0.764431 0.461247 -0.45044
v -4.48878 5.85557 7.69715
vn 0.754865 -0.365334 0.54471
v -4.48262 5.72649 7.7001
vn 0.684679 0.322321 0.6537
v -4.21159 5.75441 7.82998
vn -0.873312 0.433825 -0.221635
v -4.2156 5.87564 7.82806
vn -0.895856 -0.431201 -0.107273
v -4.30457 5.95867 7.78543
vn -0.413814 -0.910294 -0.0110723
v -4.42097 5.95184 7.72964
vn 0.263529 -0.854349 0.447929
v -4.42669 5.66333 7.7269
vn 0.363078 0.843677 0.395455
v -4.31111 5.6491 7.78229
vn -0.261953 0.958753 0.110334
v -4.30674 5.80499 7.6729
vn -0.43217 1.50799e-06 0.901792
v -4.87594 5.73773 8.0355
vn -0.939632 -0.157935 -0.303559
v -4.22928 5.80499 8.3454
vn 0.851473 -0.0292833 0.523579
v -4.41117 5.83087 7.07947
vn -0.888462 0.120454 -0.442862
v -4.83387 5.99023 8.05566
vn -0.907845 0.386312 -0.163033
v -4.68018 6.12621 8.12931
vn -0.454373 0.885523 0.0969278
v -4.51136 6.15194 8.21022
vn -0.00110506 0.953526 0.301309
v -4.35505 6.07665 8.28513
vn 0.286057 0.730779 0.619785
v -4.27131 5.96762 8.32525
vn 0.760561 0.384462 0.523198
v -4.27131 5.64235 8.32525
vn 0.590505 -0.383876 0.709889
v -4.39118 5.48978 8.2678
vn 0.318023 -0.85351 0.412773
v -4.59737 5.45804 8.169
vn -0.219924 -0.953991 0.2038
v -4.75367 5.53332 8.09409
vn -0.715125 -0.686017 0.13408
v -4.39992 5.7024 7.08487
vn -0.842676 -0.213248 -0.494392
v -4.29195 5.60857 6.96629
vn -0.553106 -0.692907 -0.462551
v -4.621 5.60762 7.63378
vn -0.270076 -0.913832 -0.303267
v -4.47116 5.48112 7.70559
vn -0.265196 -0.898686 -0.349334
v -4.30892 5.45744 7.78334
vn 0.10053 -0.994933 0.00101177
v -4.19076 5.49878 7.83997
vn 0.63167 -0.647983 -0.425571
v -4.08116 5.60777 7.8925
vn 0.323839 -0.945087 0.0440333
v -3.82224 5.60814 7.34041
vn 0.25024 -0.965476 0.0723591
v -3.80353 5.6623 7.37068
vn 0.86948 -0.28558 0.403048
v -3.77639 5.80499 7.38368
vn 0.940382 -0.0443053 0.337222
v -3.78855 5.90166 7.37786
vn 0.867647 0.286034 0.406662
v -3.77742 6.00185 7.24285
vn 0.70147 0.704965 0.104713
v -4.07942 6.00236 7.89333
vn 0.25074 0.966288 -0.0584586
v -4.22921 6.12885 7.82154
vn 0.43845 0.898674 -0.0121332
v -4.39145 6.15254 7.74379
vn -0.0588839 0.995233 -0.0777381
v -4.50961 6.11118 7.68717
vn -0.268846 0.746701 -0.608408
v -4.61925 6.00221 7.63463
vn -0.150448 0.964463 -0.2172
v -4.29018 6.00184 7.02024
vn -0.271709 0.920653 -0.280308
v -4.38524 5.95083 7.09191
vn -0.811229 0.377567 -0.446487
v -3.76372 5.7 7.25816
vn 0.967149 -0.250841 0.0412454
v -3.75968 5.79929 7.13112
vn 0.984937 -0.00778851 -0.17274
v -3.8144 5.60814 7.1458
vn 0.740563 -0.59861 -0.30534
v -3.81966 5.85728 7.02862
vn 0.837789 0.0531831 -0.543398
v -3.88679 5.60814 7.0273
vn 0.507504 -0.680532 -0.528504
v -3.90509 5.8375 6.93454
vn 0.499458 -0.0313749 -0.86577
v -3.89383 6.00184 7.01612
vn 0.440334 0.675613 -0.591315
v -4.05347 5.60814 6.93961
vn 0.1917 -0.718808 -0.668256
v -4.05483 5.75361 6.88817
vn 0.0320047 -0.210058 -0.977165
v -4.09364 5.86637 6.88732
vn 0.115635 0.265679 -0.957102
v -4.10469 6.00184 6.93684
vn -0.114003 0.736988 -0.666223
v -4.23734 5.77034 6.91522
vn -0.415615 -0.00765044 -0.909509
v -4.30285 5.83751 6.94861
vn -0.580667 0.177142 -0.794636
v -22.6374 5.43154 45.0113
vn -0.768653 -0.636969 -0.0586811
v -22.6818 5.54093 45.0357
vn -0.56902 -0.110922 0.814808
v -22.4685 5.29901 45.091
vn -0.427754 -0.896282 0.117065
v -22.4925 5.37542 45.1273
vn -0.492409 -0.134816 0.859859
v -22.2219 5.26397 45.2053
vn -0.0110559 -0.976479 0.215328
v -22.2863 5.30607 45.2229
vn -0.397107 -0.23551 0.88704
v -22.041 5.3319 45.303
vn 0.318449 -0.749568 0.580292
v -21.9489 5.4958 45.387
vn -0.0406046 -0.29712 0.953976
v -21.806 5.65756 45.4085
vn 0.646422 -0.299631 0.701684
v -21.7951 5.88009 45.4197
vn 0.666713 0.19299 0.719895
v -21.871 5.81305 45.4253
vn -0.292504 -0.00793354 0.956231
v -21.8797 6.12138 45.3731
vn 0.574127 0.564948 0.592631
v -21.9455 6.07193 45.3896
vn -0.271559 0.135952 0.952771
v -22.0361 6.27239 45.3012
vn 0.164755 0.785491 0.596539
v -22.3011 6.33561 45.2009
vn -0.273858 0.823691 0.496523
v -22.3472 6.33813 44.9915
vn -0.201239 0.97515 -0.0926608
v -22.6039 6.21941 45.0201
vn -0.642748 0.758019 0.110828
v -22.6816 6.05669 45.0359
vn -0.632547 0.166468 0.756421
v -22.77 5.88541 44.9524
vn -0.985295 0.170542 -0.0104584
v -22.7273 5.73043 45.0149
vn -0.554947 -0.00305529 0.83188
v -22.7623 5.67921 44.9562
vn -0.955373 -0.25916 -0.141771
v -21.7937 5.50194 45.2273
vn 0.75276 -0.548184 0.364482
v -22.6846 6.06145 44.8982
vn -0.874538 0.442837 -0.197682
v -13.1715 5.38415 25.6925
vn 0.196403 -0.29186 -0.936079
v -13.2575 5.33786 25.7017
vn -0.215594 -0.766466 -0.60502
v -13.0916 5.27679 25.7616
vn 0.0576232 -0.870331 -0.489085
v -12.9376 5.26108 25.855
vn 0.30171 -0.905076 -0.29968
v -12.7883 5.31237 25.9248
vn 0.534931 -0.844893 0.00193127
v -12.7377 5.41173 25.9008
vn 0.591201 -0.334968 -0.733674
v -12.6128 5.46413 25.9981
vn 0.784201 -0.606764 -0.129869
v -12.6059 5.59802 25.9636
vn 0.668389 -0.0926265 -0.738022
v -12.5522 5.58651 26.0439
vn 0.906258 -0.350775 0.235907
v -12.5104 5.79298 26.0538
vn 0.994478 0.0574459 -0.0878252
v -12.5819 6.00312 25.9888
vn 0.887931 0.260011 -0.379437
v -12.5925 5.99052 26.1636
vn 0.840786 0.367059 0.397927
v -12.65 6.18071 25.9898
vn 0.788359 0.615215 -4.97593e-05
v -12.8388 6.31128 25.8834
vn 0.523359 0.786738 -0.327322
v -13.1505 6.23697 25.7005
vn 0.345724 0.191531 -0.918581
v -12.9998 6.34993 25.8175
vn 0.14092 0.92326 -0.357396
v -13.1827 6.31153 25.7299
vn -0.188141 0.872506 -0.450928
v -13.3533 6.17998 25.6446
vn -0.20732 0.563663 -0.799564
v -13.4803 5.91514 25.584
vn -0.605503 0.13717 -0.783933
v -13.473 5.68033 25.5848
vn -0.494357 -0.245467 -0.833881
v -13.4062 5.4886 25.6287
vn -0.595018 -0.595508 -0.539745
v -12.9023 5.34067 25.8106
vn 0.435213 -0.0546276 -0.898669
v -13.4441 6.06145 25.6165
vn -0.773468 0.463185 -0.432673
v -13.4005 5.85159 25.5718
vn 0.390537 0.0109007 -0.920523
v -12.7687 6.23594 26.1253
vn 0.539429 0.802001 0.256535
v -12.9294 6.331 26.0467
vn 0.242564 0.96327 0.115211
v -13.0208 6.3524 26.0044
vn 0.0789259 0.996194 0.0369787
v -13.1125 6.35486 25.9605
vn -0.0895801 0.995043 -0.0431928
v -13.2032 6.33858 25.9171
vn -0.257005 0.958426 -0.123965
v -13.2973 6.29977 25.8711
vn -0.408092 0.891481 -0.196782
v -13.4443 6.17811 25.8013
vn -0.6677 0.671583 -0.321176
v -13.5649 5.91924 25.7437
vn -0.886901 0.180098 -0.425408
v -13.5759 5.81823 25.7393
vn -0.901264 -0.00673709 -0.433219
v -13.5696 5.71674 25.7424
vn -0.883119 -0.201623 -0.423614
v -13.5467 5.61839 25.7533
vn -0.847703 -0.339934 -0.407241
v -13.5053 5.52449 25.769
vn -0.786478 -0.487987 -0.378578
v -13.3864 5.37217 25.8293
vn -0.56034 -0.782775 -0.270707
v -13.2255 5.27861 25.9055
vn -0.268622 -0.954392 -0.130303
v -13.1358 5.25761 25.947
vn -0.116321 -0.991553 -0.0573721
v -13.044 5.25512 25.9921
vn 0.0707689 -0.996933 0.0334118
v -12.9545 5.27151 26.0382
vn 0.256269 -0.958813 0.122494
v -12.868 5.306 26.0787
vn 0.410596 -0.890445 0.196261
v -12.7191 5.42449 26.1491
vn 0.6706 -0.669137 0.320235
v -12.5929 5.68615 26.2086
vn 0.875489 -0.240587 0.419091
v -12.5812 5.79072 26.2137
vn 0.900491 -0.0588537 0.430873
v -12.5878 5.89321 26.2114
vn 0.890524 0.158569 0.426406
v -12.6489 6.08361 26.1804
vn 0.763948 0.53198 0.365212
v -13.4615 5.44363 25.8126
vn -0.680819 -0.655776 -0.326258
v -13.5452 6.01649 25.7725
vn -0.84265 0.354847 -0.405001
v -13.5023 6.10641 25.793
vn -0.772202 0.51629 -0.370336
v -13.376 6.25276 25.8536
vn -0.557139 0.786206 -0.26735
v -12.8539 6.29229 26.1038
vn 0.398871 0.896933 0.190823
v -12.7108 6.16634 26.1723
vn 0.663369 0.677554 0.317587
v -12.6272 5.59348 26.2124
vn 0.820571 -0.415927 0.392004
v -12.67 5.50356 26.1919
vn 0.755562 -0.546231 0.361603
v -12.7963 5.35722 26.1314
vn 0.548766 -0.793642 0.262657
v -13.3184 5.31769 25.8811
vn -0.404851 -0.893512 -0.194244
v -22.4727 5.34652 44.8861
vn -0.495301 -0.841054 -0.217496
v -22.6127 5.48663 44.8387
vn -0.682373 -0.661747 -0.310576
v -22.6655 5.58692 44.801
vn -0.816333 -0.428861 -0.386883
v -22.698 5.71685 44.79
vn -0.890314 -0.159515 -0.426492
v -22.7042 5.81841 44.787
vn -0.900753 0.054692 -0.430875
v -22.6933 5.91941 44.7918
vn -0.87607 0.238099 -0.419297
v -22.6179 6.11553 44.8284
vn -0.741499 0.569655 -0.354504
v -22.4179 6.30422 44.9242
vn -0.361822 0.916095 -0.172788
v -22.2407 6.35487 45.0081
vn -0.0350339 0.999257 -0.0160484
v -22.1491 6.35238 45.0521
vn 0.133538 0.988918 0.0648793
v -22.0588 6.33054 45.0995
vn 0.293073 0.945336 0.142996
v -21.8972 6.23572 45.1737
vn 0.581766 0.763599 0.280116
v -21.9675 6.29229 45.1207
vn 0.448114 0.867719 0.215079
v -22.4896 6.25276 44.8705
vn -0.507151 0.827237 -0.24182
v -22.5589 6.18607 44.8373
vn -0.628438 0.717304 -0.3009
v -22.6588 6.01649 44.7894
vn -0.819608 0.417458 -0.392393
v -21.7786 6.08329 45.2311
vn 0.791305 0.478594 0.380505
v -21.7396 5.9915 45.2492
vn 0.857453 0.308978 0.411469
v -21.7167 5.89313 45.2603
vn 0.89011 0.159893 0.426778
v -21.7104 5.79173 45.2631
vn 0.901501 0.00416441 0.432757
v -21.7217 5.68753 45.2582
vn 0.887098 -0.178842 0.425525
v -21.9879 5.31004 45.1319
vn 0.358182 -0.917449 0.173187
v -22.0827 5.27135 45.0839
vn 0.204051 -0.974022 0.0982029
v -22.1731 5.25512 45.0405
vn 0.0512048 -0.998368 0.025303
v -22.3078 5.26856 44.9748
vn -0.238782 -0.967327 -0.085209
v -21.91 5.35722 45.1483
vn 0.508334 -0.825648 0.24475
v -21.8407 5.4239 45.1815
vn 0.631057 -0.714221 0.302747
v -21.7408 5.59348 45.2294
vn 0.841033 -0.360484 0.40338
v -21.8245 6.16634 45.1893
vn 0.699578 0.630847 0.335593
v -13.3264 5.53824 25.6183
vn 0.322024 -0.0856956 -0.942845
v -12.7257 6.1675 25.9062
vn 0.662664 0.250839 -0.70566
v -12.8208 6.24277 25.8497
vn 0.437653 0.0451141 -0.898012
v -12.5553 5.82528 25.9769
vn 0.452599 0.00221489 -0.891711
v -22.3234 5.91632 45.6564
vn 0.179286 0.295461 0.938381
v -22.3653 5.64574 45.6147
vn 0.379658 -0.811015 0.4451
v -22.5639 5.64688 45.5196
vn -0.575737 -0.803419 -0.151804
v -22.5542 5.9652 45.5297
vn -0.565553 0.817305 0.110279
v -22.4591 5.61032 45.5698
vn -0.355143 -0.551702 0.754651
v -22.6576 5.82406 45.4947
vn -0.981698 0.0226382 0.189092
v -22.4244 5.99413 45.5864
vn 0.135052 0.971583 0.194389
v -22.3026 5.74567 45.6449
vn 0.829526 -0.186555 0.526388
v -22.4473 5.67919 45.1607
vn -0.786639 -0.398758 0.471372
v -22.2957 5.61413 45.2334
vn -0.301756 -0.664473 0.683681
v -22.1484 5.69985 45.304
vn 0.06083 -0.353006 0.933642
v -22.1302 5.83922 45.3127
vn 0.386299 0.109588 0.91584
v -22.1913 5.96401 45.2834
vn 0.134493 0.59662 0.791174
v -22.3146 6.00155 45.2243
vn -0.382816 0.687737 0.616823
v -22.4352 5.94613 45.1666
vn -0.787523 0.468861 0.399972
v -22.4821 5.81814 45.144
vn -0.858299 0.0310011 0.512213
v -22.1219 6.21696 45.3167
vn -0.393135 0.0773932 0.916218
v -22.4411 6.24761 45.1637
vn -0.463448 0.0768393 0.882786
v -22.0825 5.40344 45.3246
vn -0.416396 -0.0412106 0.908249
v -20.2106 5.3739 40.064
vn -0.594577 -0.751851 -0.284953
v -20.3338 5.53173 40.0061
vn -0.722517 -0.598381 -0.346279
v -20.3906 5.59186 40.0581
vn -0.846817 -0.343807 -0.40583
v -22.4786 5.52643 44.4801
vn -0.692121 -0.644663 -0.324619
v -22.3546 5.37331 44.5395
vn -0.612605 -0.738413 -0.28189
v -22.2233 5.30593 44.511
vn -0.370246 -0.914268 -0.164414
v -22.1114 5.26137 44.6167
vn -0.0767196 -0.996504 -0.0330732
v -19.9817 5.25655 40.254
vn -0.0641089 -0.997466 -0.0308331
v -20.0141 5.26812 40.1599
vn -0.257127 -0.958501 -0.123132
v -20.1177 5.30861 40.1103
vn -0.392199 -0.90045 -0.188067
v -21.3706 5.25263 43.1511
vn -0.183185 -0.979145 -0.087858
v -20.2681 5.34767 40.2581
vn -0.524753 -0.814362 -0.247888
v -20.3697 5.32272 40.5688
vn -0.462574 -0.858431 -0.221632
v -20.4016 5.42103 40.3419
vn -0.629614 -0.713822 -0.306667
v -20.5312 5.45078 40.5386
vn -0.667385 -0.671151 -0.322728
v -21.9545 5.27548 44.1129
vn -0.258937 -0.958065 -0.122729
v -22.0713 5.32372 44.1103
vn -0.444218 -0.870421 -0.212222
v -21.824 5.29926 43.7067
vn -0.419143 -0.885978 -0.198399
v -22.1623 5.45133 43.9411
vn -0.680305 -0.656479 -0.325916
v -22.1076 5.37643 44.0156
vn -0.615973 -0.732422 -0.290059
v -20.6596 5.45115 40.8075
vn -0.711579 -0.615181 -0.339423
v -20.8296 5.45129 41.1632
vn -0.75285 -0.550296 -0.361097
v -20.6744 5.29833 41.3075
vn -0.34034 -0.92544 -0.166523
v -20.4783 5.29933 40.8984
vn -0.319182 -0.935351 -0.152454
v -20.6048 5.36051 40.9265
vn -0.542244 -0.797429 -0.264725
v -20.723 5.37582 41.1193
vn -0.542789 -0.797906 -0.262156
v -20.773 5.35696 41.2856
vn -0.547496 -0.796735 -0.255854
v -20.8571 5.36738 41.4325
vn -0.571145 -0.77475 -0.271213
v -21.7863 5.45087 43.1573
vn -0.63702 -0.699821 -0.323198
v -21.8886 5.45098 43.3709
vn -0.685165 -0.652597 -0.323521
v -21.7661 5.34945 43.3753
vn -0.531732 -0.803585 -0.267416
v -21.6302 5.29746 43.3004
vn -0.356619 -0.917045 -0.17847
v -21.9818 5.42865 43.6162
vn -0.671562 -0.668257 -0.320058
v -21.9361 5.34794 43.7439
vn -0.538188 -0.80276 -0.256767
v -21.5076 5.29829 43.0459
vn -0.486032 -0.847047 -0.215138
v -21.5836 5.36468 42.9508
vn -0.566365 -0.783036 -0.25707
v -21.6884 5.45317 42.9488
vn -0.653245 -0.693816 -0.303133
v -21.3885 5.32921 42.6654
vn -0.49868 -0.83101 -0.246455
v -21.4936 5.45163 42.548
vn -0.65577 -0.684719 -0.318003
v -21.2425 5.45087 42.0226
vn -0.696152 -0.634059 -0.336664
v -21.2533 5.39954 42.1628
vn -0.52291 -0.822884 -0.222323
v -21.0872 5.27428 42.3109
vn -0.279215 -0.950834 -0.133991
v -21.3932 5.45463 42.3299
vn -0.631494 -0.712311 -0.306316
v -21.2974 5.34637 42.4244
vn -0.501279 -0.819574 -0.27752
v -21.0787 5.45205 41.6846
vn -0.676345 -0.661291 -0.324425
v -21.1089 5.38409 41.9086
vn -0.547929 -0.792377 -0.268164
v -20.9704 5.35971 41.6936
vn -0.533101 -0.811009 -0.240974
v -20.9849 5.29967 41.9431
vn -0.483899 -0.845989 -0.223927
v -21.2483 5.28141 42.6013
vn -0.304464 -0.941138 -0.14684
v -22.2669 5.37245 44.3492
vn -0.595494 -0.752162 -0.282203
v -4.44777 5.61595 7.80437
vn 0.18138 -0.663152 -0.726176
v -4.2299 5.73173 7.93036
vn 0.939869 -0.309323 0.144794
v -4.2759 5.94585 7.90831
vn 0.553695 0.817481 0.158574
v -4.5507 5.86101 7.77116
vn -0.651038 0.328883 -0.684095
v -4.22004 5.84098 7.93508
vn 0.84621 0.119481 -0.519281
v -4.44313 5.99841 7.80814
vn 0.108294 0.709865 -0.695963
v -4.54927 5.7165 7.7773
vn -0.79179 -0.398858 -0.462581
v -4.30342 5.64122 7.89513
vn 0.471441 -0.873924 0.118324
v -4.44398 5.95916 8.24251
vn 0.677384 0.732503 -0.067758
v -4.38462 5.83822 8.27095
vn 0.961632 0.194527 0.193453
v -4.40304 5.70206 8.26213
vn 0.819154 -0.557043 0.13671
v -4.50415 5.62214 8.21368
vn 0.245665 -0.953225 -0.176098
v -4.66153 5.6553 8.13824
vn -0.435542 -0.738661 -0.514474
v -4.72633 5.81776 8.10719
vn -0.735032 -0.0500727 -0.676181
v -4.67907 5.94508 8.12984
vn -0.556255 0.668256 -0.493978
v -4.56366 5.99584 8.18515
vn 0.184041 0.962129 -0.20109
v -13.3864 5.58915 26.2224
vn -0.56658 -0.7831 -0.256399
v -4.70889 5.58915 8.11555
vn -0.559831 -0.783168 -0.270624
v -13.4591 5.69351 26.1875
vn -0.82507 -0.404479 -0.394533
v -13.4798 5.8234 26.1776
vn -0.908745 0.148094 -0.390194
v -13.4437 5.94908 26.1949
vn -0.727942 0.590938 -0.347698
v -13.359 6.04175 26.2355
vn -0.400406 0.898114 -0.181839
v -13.2452 6.08018 26.29
vn 0.0248397 0.999606 0.0130626
v -13.1284 6.05556 26.346
vn 0.423634 0.871378 0.247456
v -13.0352 5.97354 26.3907
vn 0.749521 0.54476 0.376104
v -12.9871 5.85291 26.4137
vn 0.897476 0.0924606 0.431264
v -12.9951 5.7213 26.4099
vn 0.82998 -0.38056 0.407808
v -13.0572 5.60886 26.3801
vn 0.632974 -0.711523 0.305089
v -13.1594 5.54135 26.3311
vn 0.246883 -0.956004 0.158445
v -13.2782 5.53424 26.2742
vn -0.24069 -0.963861 -0.11419
v -4.60074 5.53424 8.16738
vn -0.0929156 -0.994401 -0.050334
v -4.48196 5.54135 8.22431
vn 0.264524 -0.956618 0.122105
v -4.37977 5.60886 8.27328
vn 0.63496 -0.71159 0.300776
v -4.31757 5.7213 8.30309
vn 0.880534 -0.224749 0.417309
v -4.30962 5.85291 8.3069
vn 0.873455 0.253854 0.415493
v -4.35774 5.97354 8.28384
vn 0.667642 0.674428 0.315281
v -4.4509 6.05556 8.23919
vn 0.308906 0.940226 0.143361
v -4.56776 6.08018 8.18319
vn -0.120992 0.990772 -0.0610829
v -4.68156 6.04175 8.12865
vn -0.521537 0.814352 -0.254618
v -4.76621 5.94908 8.08808
vn -0.802933 0.45123 -0.389475
v -4.80233 5.8234 8.07077
vn -0.900476 -0.0151416 -0.434641
v -4.78164 5.69351 8.08069
vn -0.821282 -0.404511 -0.402326
v -22.9256 -69.4312 46.4154
vn 0.740089 0.144889 -0.656715
v -22.8186 -69.4312 46.1282
vn -0.0736712 0.692998 0.717166
v -22.6634 -69.4313 46.2183
vn -0.252449 0.960588 0.116365
v -22.9706 -69.4317 46.22
vn 0.547133 0.782489 0.297247
v -22.6803 -69.4361 46.3843
vn -0.766444 0.327385 -0.552614
v -22.7965 -69.4361 46.4554
vn -0.105963 0.462879 -0.880065
v -22.6552 -69.8249 46.3152
vn -0.602074 -0.782909 -0.156719
v -22.805 -69.8239 46.4693
vn -0.0190946 -0.457226 -0.889145
v -22.6979 -69.8247 46.1781
vn -0.209211 -0.940801 0.266692
v -22.852 -69.8246 46.1295
vn 0.263672 -0.793684 0.548218
v -22.9917 -69.8237 46.3011
vn 0.915513 -0.370242 -0.157343
v -22.4537 -69.5573 45.1576
vn 0.938742 -0.316761 -0.135745
v -22.1529 -69.6343 45.3127
vn -0.572452 0.0960108 -0.814298
v -22.318 -69.7945 45.2445
vn 0.0709408 0.995371 0.0648371
v -22.4228 -69.7518 45.1724
vn 0.841632 0.464148 -0.276083
v -22.2273 -69.777 45.2661
vn -0.151091 0.588168 -0.7945
v -22.2004 -69.5021 45.2899
vn -0.337405 -0.622277 -0.706349
v -22.3334 -69.4525 45.2179
vn 0.308976 -0.866918 -0.391135
v -22.3706 -69.5775 45.7214
vn -0.743923 -0.309772 -0.592131
v -22.3768 -69.7065 45.7184
vn -0.693696 0.470319 -0.545515
v -22.6478 -69.6787 45.5885
vn 0.935021 0.249532 0.251932
v -22.6437 -69.5574 45.5904
vn 0.89727 -0.430222 0.0990694
v -22.5548 -69.4744 45.6331
vn 0.469261 -0.883056 0.00246685
v -22.4383 -69.4813 45.6889
vn -0.264272 -0.897235 -0.353738
v -22.4635 -69.7818 45.6768
vn -0.135608 0.935589 -0.326011
v -22.58 -69.775 45.621
vn 0.459307 0.887972 -0.0232888
v -22.5526 -69.6281 45.7456
vn 0.432194 -3.66367e-05 -0.901781
v -22.5038 -69.6837 46.4433
vn 0.896782 -0.0272008 0.441637
v -21.9938 -69.7381 45.378
vn 0.945705 -0.210465 0.247684
v -22.0131 -69.4621 45.3688
vn 0.924057 0.274782 0.265732
v -22.2286 -69.2885 45.2655
vn 0.391523 0.913252 -0.112606
v -22.4722 -69.3122 45.1488
vn -0.30371 0.819204 -0.486481
v -22.6168 -69.5333 45.0794
vn -0.814461 0.239505 -0.52848
v -22.612 -69.7446 45.0817
vn -0.779278 -0.259235 -0.570547
v -22.4815 -69.9183 45.1443
vn -0.412685 -0.771179 -0.484741
v -22.316 -69.9779 45.2236
vn 0.0920556 -0.919285 -0.382677
v -22.1472 -69.9312 45.3045
vn 0.559655 -0.828564 0.0163831
v -22.5927 -69.8211 46.5237
vn 0.641544 -0.632126 0.434556
v -22.246 -69.8255 45.8029
vn 0.238246 -0.948341 0.209493
v -22.3674 -69.9398 45.7447
vn 0.0833644 -0.697866 0.71136
v -22.4956 -69.9772 45.6833
vn 0.0611884 -0.995011 0.0787949
v -22.6679 -69.9398 45.6007
vn -0.420036 -0.907506 0.00153229
v -22.7876 -69.8254 45.5433
vn -0.300786 -0.953636 0.010289
v -23.0881 -69.8249 46.1846
vn -0.56006 -0.815534 -0.14573
v -23.1151 -69.7481 46.1504
vn -0.880837 -0.274291 -0.385863
v -23.1327 -69.622 46.142
vn -0.913378 0.0467298 -0.404422
v -23.1353 -69.4331 46.2587
vn -0.76223 0.604305 -0.231992
v -22.7887 -69.4304 45.5428
vn -0.311608 0.949576 -0.034709
v -22.5836 -69.2858 45.6411
vn -0.32866 0.923432 0.198129
v -22.4082 -69.2961 45.7251
vn 0.272282 0.928956 0.250804
v -22.2431 -69.4297 45.8043
vn 0.155501 0.960146 0.232249
v -22.6063 -69.4315 46.5339
vn 0.459347 0.802624 0.38052
v -22.5105 -69.5255 46.4402
vn 0.858806 0.16335 0.48556
v -22.6373 -69.6 46.5944
vn 0.613902 0.032298 0.788721
v -22.701 -69.7038 46.6135
vn 0.314359 -0.21664 0.924254
v -22.7833 -69.5808 46.6393
vn 0.076492 0.196151 0.977586
v -22.8057 -69.4312 46.5882
vn -0.0707858 0.72849 0.681389
v -22.8216 -69.7011 46.6363
vn -0.0902732 -0.216996 0.97199
v -22.7803 -69.8249 46.5851
vn -0.0892635 -0.702411 0.706152
v -22.9722 -69.6515 46.6
vn -0.395791 -0.0586188 0.916468
v -23.0183 -69.8249 46.4951
vn -0.428182 -0.80617 0.408351
v -22.9541 -69.4312 46.5537
vn -0.274195 0.863184 0.423946
v -23.0759 -69.5163 46.5055
vn -0.72848 0.356962 0.584718
v -23.0922 -69.6697 46.5048
vn -0.776881 -0.123544 0.617408
v -23.1369 -69.7066 46.3985
vn -0.886751 -0.405022 0.222776
v -23.1513 -69.563 46.3698
vn -0.97047 0.145814 0.192162
v -23.1675 -69.6394 46.2749
vn -0.982511 -0.179323 -0.0501486
v -4.01077 -69.4323 7.07663
vn -0.537394 0.439571 0.719712
v -4.09802 -69.4312 7.39628
vn 0.0549081 0.779251 -0.624302
v -4.26128 -69.4314 7.28381
vn 0.376758 0.903487 -0.204362
v -3.94005 -69.4317 7.31172
vn -0.63546 0.697337 -0.331529
v -4.2068 -69.4312 7.1093
vn 0.620351 0.344657 0.70454
v -4.24923 -69.8225 7.17623
vn 0.7022 -0.685431 0.192613
v -4.15067 -69.8249 7.07552
vn 0.276155 -0.329959 0.902699
v -4.02837 -69.8249 7.0806
vn -0.51073 -0.503241 0.697068
v -4.08158 -69.8246 7.40142
vn -0.0709745 -0.699023 -0.711569
v -4.21691 -69.8249 7.34055
vn 0.21047 -0.964365 -0.160321
v -3.92079 -69.8239 7.24431
vn -0.925069 -0.378385 0.0327315
v -4.41357 -69.5439 8.24617
vn -0.916436 -0.400179 0.000880847
v -4.4146 -69.7132 8.24568
vn -0.865242 0.30505 0.397871
v -4.70427 -69.6808 8.11527
vn 0.483314 0.199838 0.852333
v -4.52984 -69.8019 8.19044
vn -0.44273 0.822557 0.356918
v -4.65801 -69.5133 8.12357
vn 0.400497 -0.570629 0.716927
v -4.52374 -69.4533 8.20177
vn -0.294419 -0.820007 0.490822
v -4.62736 -69.7679 8.1328
vn 0.511617 0.842188 0.170199
v -4.48878 -69.5775 7.69715
vn 0.771981 -0.272922 0.574072
v -4.48262 -69.7065 7.7001
vn 0.678919 0.340239 0.65062
v -4.21159 -69.6787 7.82998
vn -0.886937 0.376554 -0.267489
v -4.2156 -69.5574 7.82806
vn -0.896459 -0.430797 -0.103808
v -4.30457 -69.4744 7.78543
vn -0.460791 -0.887399 0.0139755
v -4.42097 -69.4813 7.72964
vn 0.284519 -0.892535 0.349901
v -4.42097 -69.775 7.72964
vn 0.279884 0.900497 0.332822
v -4.2794 -69.775 7.79749
vn -0.45523 0.884638 0.100902
v -4.30674 -69.6281 7.6729
vn -0.432169 8.48474e-07 0.901792
v -4.86868 -69.7185 8.03898
vn -0.939377 -0.178593 -0.292703
v -4.23316 -69.5598 8.34354
vn 0.830397 0.0746081 0.552155
v -4.41117 -69.6022 7.07947
vn -0.891853 0.0753042 -0.446012
v -4.85194 -69.5108 8.047
vn -0.9396 0.276575 -0.201637
v -4.71763 -69.3129 8.11135
vn -0.586752 0.804948 0.0882071
v -4.51136 -69.2811 8.21022
vn -0.0111315 0.960018 0.279718
v -4.35505 -69.3564 8.28513
vn 0.405747 0.713278 0.571493
v -4.27407 -69.8121 8.32395
vn 0.7129 -0.434391 0.550525
v -4.42854 -69.9493 8.24991
vn 0.150729 -0.85096 0.503138
v -4.59737 -69.9751 8.169
vn -0.229891 -0.956484 0.179691
v -4.75367 -69.8997 8.09409
vn -0.696619 -0.707564 0.118641
v -4.39992 -69.7307 7.08487
vn -0.819065 -0.311933 -0.481488
v -4.62008 -69.8254 7.63392
vn -0.329007 -0.887088 -0.323773
v -4.47116 -69.952 7.70559
vn -0.265523 -0.898352 -0.349944
v -4.30892 -69.9757 7.78334
vn 0.097451 -0.995236 -0.00283126
v -4.19076 -69.9343 7.83997
vn 0.643057 -0.746788 -0.169662
v -4.08114 -69.8253 7.89251
vn 0.157036 -0.985862 -0.0584377
v -3.79224 -69.8208 7.31388
vn 0.785079 -0.524937 0.328772
v -3.77639 -69.6281 7.38368
vn 0.925453 -0.092453 0.367408
v -3.77422 -69.5346 7.33865
vn 0.896478 0.258212 0.360075
v -3.77552 -69.431 7.24019
vn 0.683192 0.710122 0.170219
v -4.07945 -69.4307 7.89331
vn 0.356757 0.934056 0.016256
v -4.22921 -69.3042 7.82154
vn 0.438379 0.898709 -0.0121323
v -4.39145 -69.2806 7.74379
vn -0.063816 0.99493 -0.0777262
v -4.50961 -69.3219 7.68717
vn -0.064034 0.648154 -0.758812
v -4.61921 -69.4308 7.63464
vn -0.315169 0.912451 -0.260962
v -4.29018 -69.4312 7.02024
vn -0.271839 0.920593 -0.280379
v -4.38524 -69.4823 7.09191
vn -0.819645 0.364531 -0.441926
v -3.7704 -69.7348 7.18331
vn 0.943882 -0.285539 -0.165997
v -3.75194 -69.5941 7.17012
vn 0.988982 0.0258093 -0.145769
v -3.82614 -69.675 7.01847
vn 0.728015 -0.196902 -0.656676
v -3.81836 -69.5511 7.03525
vn 0.799131 0.245825 -0.548598
v -3.88679 -69.8249 7.0273
vn 0.455939 -0.78917 -0.411498
v -3.89383 -69.4312 7.01612
vn 0.424974 0.713487 -0.557076
v -3.95091 -69.593 6.91525
vn 0.479272 0.0883864 -0.873205
v -4.05193 -69.7306 6.89715
vn 0.24989 -0.231208 -0.940265
v -4.06668 -69.5356 6.89721
vn 0.0820871 0.223604 -0.971217
v -4.09182 -69.8249 6.93976
vn -0.0328015 -0.821532 -0.569219
v -4.10469 -69.4312 6.93684
vn -0.125707 0.733555 -0.667904
v -4.22368 -69.6779 6.91291
vn -0.358771 -0.113938 -0.926446
v -4.27167 -69.8249 6.99561
vn -0.394438 -0.842796 -0.366215
v -4.30285 -69.5956 6.94861
vn -0.567926 0.158226 -0.807728
v -22.6616 -69.971 44.9997
vn -0.822773 -0.561461 -0.0883488
v -22.6634 -69.8913 45.0454
vn -0.567155 -0.103862 0.817036
v -22.5022 -70.1171 45.0749
vn -0.475965 -0.866201 0.152161
v -22.4672 -70.07 45.1394
vn -0.492883 -0.135143 0.859536
v -22.2587 -70.1725 45.1877
vn -0.0780842 -0.971555 0.22357
v -22.2603 -70.1193 45.2353
vn -0.409646 -0.174036 0.89549
v -22.0737 -70.1201 45.2874
vn 0.305775 -0.801243 0.514307
v -21.9708 -69.9656 45.3765
vn -0.131734 -0.269246 0.954019
v -21.8173 -69.8146 45.4031
vn 0.608949 -0.360332 0.706641
v -21.7914 -69.5938 45.4215
vn 0.670783 0.127942 0.730535
v -21.8732 -69.6307 45.4271
vn -0.308234 -0.0102002 0.951256
v -21.8595 -69.346 45.3829
vn 0.633904 0.510155 0.581298
v -21.9452 -69.3352 45.3891
vn -0.277927 0.115277 0.95366
v -22.0052 -69.1825 45.316
vn 0.306298 0.791352 0.529097
v -22.1857 -69.1499 45.2723
vn -0.381504 0.182052 0.906263
v -22.2304 -69.082 45.1992
vn 0.0307657 0.953596 0.299514
v -22.4307 -69.1113 45.1186
vn -0.462433 0.796188 0.39018
v -22.612 -69.2248 45.0318
vn -0.753834 0.644223 0.129272
v -22.7632 -69.5075 44.9557
vn -0.965808 0.252664 0.0581031
v -22.7312 -69.667 45.0131
vn -0.595043 0.0140304 0.803572
v -22.7695 -69.7138 44.9527
vn -0.975938 -0.195253 -0.0970646
v -21.8153 -69.9647 45.2169
vn 0.713607 -0.609298 0.345718
v -22.4493 -69.1969 45.1543
vn -0.460035 0.110437 0.881006
v -22.666 -69.3359 44.907
vn -0.832852 0.488554 -0.260141
v -13.2494 -69.9941 25.6552
vn 0.341404 -0.136566 -0.929943
v -13.3831 -69.971 25.6386
vn -0.48479 -0.609175 -0.627602
v -13.1401 -70.1003 25.7225
vn 0.311597 -0.356898 -0.880642
v -13.166 -70.1398 25.7438
vn -0.258058 -0.899442 -0.352718
v -12.9746 -70.1761 25.8373
vn 0.234027 -0.869003 -0.435964
v -12.8222 -70.1373 25.9086
vn 0.484079 -0.873631 -0.0493599
v -12.8071 -70.0522 25.8619
vn 0.445411 -0.0842605 -0.891352
v -12.6369 -70.0002 25.9866
vn 0.766648 -0.551217 -0.329257
v -12.5549 -69.8482 26.0248
vn 0.94607 -0.323739 -0.0120193
v -12.5126 -69.6809 26.0527
vn 0.958138 -0.127364 0.256417
v -12.5195 -69.5204 26.0554
vn 0.985723 0.16744 0.0177351
v -12.5853 -69.3556 26.0041
vn 0.880717 0.444665 -0.163124
v -12.8493 -69.1838 25.8361
vn 0.461813 0.0629456 -0.884741
v -12.7253 -69.1817 25.9538
vn 0.579901 0.809613 -0.0907803
v -13.0868 -69.1754 25.7222
vn 0.373007 0.180377 -0.910126
v -12.963 -69.0848 25.8351
vn 0.263271 0.914371 -0.307593
v -13.1479 -69.1079 25.7465
vn -0.131566 0.853929 -0.503483
v -13.2545 -69.2573 25.6586
vn 0.187847 0.265572 -0.945614
v -13.3887 -69.2989 25.6276
vn -0.470723 0.556677 -0.684493
v -13.4715 -69.4784 25.5882
vn -0.603394 0.176225 -0.777728
v -13.3955 -69.8227 25.588
vn 0.287385 -0.063495 -0.955708
v -13.4936 -69.7253 25.5927
vn -0.734031 -0.187275 -0.652784
v -12.5791 -69.7395 25.9655
vn 0.470318 -0.0148444 -0.882372
v -13.3345 -69.1878 25.7523
vn -0.446115 0.822465 -0.352892
v -13.3963 -69.5468 25.5739
vn 0.399016 0.00217184 -0.916941
v -12.7405 -69.2241 26.1388
vn 0.592953 0.754158 0.282228
v -12.8943 -69.1159 26.0635
vn 0.307034 0.940394 0.146249
v -12.9841 -69.087 26.0221
vn 0.147075 0.986722 0.0689068
v -13.0753 -69.0769 25.9783
vn -0.0214015 0.999716 -0.0105225
v -13.1667 -69.0856 25.9346
vn -0.186194 0.97838 -0.0900292
v -13.2554 -69.1128 25.8927
vn -0.346167 0.92329 -0.166444
v -13.4181 -69.2256 25.8138
vn -0.620498 0.725126 -0.298622
v -13.5557 -69.4737 25.748
vn -0.871851 0.254026 -0.418745
v -13.5736 -69.5736 25.7405
vn -0.89943 0.0655623 -0.432119
v -13.5742 -69.6753 25.7402
vn -0.894202 -0.129054 -0.428659
v -13.558 -69.7753 25.7479
vn -0.86849 -0.268807 -0.416495
v -13.523 -69.8722 25.7605
vn -0.8162 -0.423053 -0.393501
v -13.4147 -70.0341 25.8156
vn -0.608853 -0.735888 -0.296254
v -13.2607 -70.1408 25.8886
vn -0.332403 -0.929298 -0.160978
v -13.1726 -70.1691 25.9294
vn -0.182031 -0.979341 -0.0880634
v -13.0813 -70.1793 25.9743
vn 0.00306111 -0.999995 0.000856723
v -12.9909 -70.1705 26.0207
vn 0.190958 -0.977353 0.0911936
v -12.9022 -70.1432 26.0622
vn 0.349234 -0.92206 0.166855
v -12.7458 -70.0374 26.1363
vn 0.624327 -0.722266 0.29757
v -12.6023 -69.7869 26.2041
vn 0.857467 -0.311165 0.409788
v -12.5825 -69.681 26.2113
vn 0.894206 -0.132296 0.427659
v -12.5999 -69.4806 26.2065
vn 0.861619 0.296501 0.411946
v -12.6313 -69.3859 26.1889
vn 0.797744 0.467282 0.381118
v -13.4849 -69.9572 25.8014
vn -0.723766 -0.59653 -0.346864
v -13.5296 -69.379 25.78
vn -0.816316 0.423869 -0.392382
v -13.4808 -69.2929 25.8033
vn -0.735277 0.578801 -0.352642
v -13.3449 -69.1575 25.8684
vn -0.497208 0.834158 -0.238671
v -12.8216 -69.1615 26.1192
vn 0.458447 0.86122 0.219377
v -12.5894 -69.581 26.2267
vn 0.898481 0.0867867 0.43035
v -12.6875 -69.2989 26.1835
vn 0.707367 0.620431 0.338671
v -12.6427 -69.8771 26.205
vn 0.790194 -0.482831 0.377448
v -12.6916 -69.9632 26.1816
vn 0.716342 -0.607731 0.342808
v -12.8274 -70.0987 26.1165
vn 0.493844 -0.836818 0.236334
v -13.3507 -70.0947 25.8657
vn -0.465049 -0.856709 -0.223111
v -22.5414 -70.031 44.8605
vn -0.638956 -0.715529 -0.282407
v -22.6257 -69.9121 44.8135
vn -0.799011 -0.487053 -0.35265
v -22.7022 -69.6827 44.7879
vn -0.898716 -0.0900524 -0.429186
v -22.7019 -69.5734 44.788
vn -0.895031 0.124931 -0.42815
v -22.6843 -69.4736 44.7961
vn -0.857503 0.310257 -0.4104
v -22.5958 -69.2844 44.8389
vn -0.700943 0.629826 -0.334661
v -22.3837 -69.1128 44.9406
vn -0.297395 0.944245 -0.141274
v -22.2949 -69.0856 44.9823
vn -0.132533 0.989173 -0.0630272
v -22.2034 -69.0769 45.026
vn 0.0328612 0.999323 0.0165357
v -22.1122 -69.087 45.0697
vn 0.200365 0.974988 0.0961925
v -22.0231 -69.1165 45.1148
vn 0.357341 0.917839 0.172855
v -21.8694 -69.2244 45.1882
vn 0.63154 0.713275 0.303969
v -21.9353 -69.1615 45.1362
vn 0.505255 0.828209 0.242462
v -22.4586 -69.1575 44.8854
vn -0.445915 0.869477 -0.212528
v -22.5321 -69.2182 44.8501
vn -0.57818 0.767516 -0.276816
v -22.6432 -69.379 44.7969
vn -0.789236 0.484091 -0.37784
v -21.761 -69.3862 45.2395
vn 0.821307 0.411727 0.394887
v -21.7283 -69.481 45.2546
vn 0.875777 0.237509 0.420243
v -21.7122 -69.581 45.2625
vn 0.89841 0.0854915 0.430756
v -21.7127 -69.6826 45.2621
vn 0.899281 -0.0701797 0.431705
v -21.731 -69.7856 45.2537
vn 0.872665 -0.251453 0.418601
v -22.0219 -70.1399 45.1156
vn 0.295231 -0.944661 0.143022
v -22.1191 -70.1706 45.0665
vn 0.137815 -0.988226 0.0664611
v -22.2104 -70.1793 45.0227
vn -0.00924104 -0.999949 -0.00407042
v -22.3019 -70.1692 44.9794
vn -0.146377 -0.987456 -0.059203
v -22.4483 -70.106 44.9036
vn -0.459604 -0.864405 -0.203881
v -21.941 -70.0987 45.1334
vn 0.451222 -0.865531 0.21738
v -21.8674 -70.0379 45.1687
vn 0.581181 -0.76451 0.278842
v -21.7564 -69.8771 45.2219
vn 0.814516 -0.428879 0.390675
v -21.8011 -69.2989 45.2004
vn 0.740418 0.570649 0.355164
v -12.6578 -69.3333 25.9387
vn 0.567015 0.091351 -0.818627
v -12.577 -69.5096 25.9883
vn 0.822058 0.0699296 -0.565094
v -22.3163 -69.5297 45.6598
vn 0.184415 0.243387 0.952236
v -22.3764 -69.7953 45.6094
vn 0.202545 -0.792853 0.574769
v -22.5663 -69.7886 45.5184
vn -0.626873 -0.599742 0.497333
v -22.6304 -69.5226 45.5095
vn -0.89456 0.343531 0.285919
v -22.5108 -69.4394 45.5451
vn -0.373116 0.922002 0.103423
v -22.4118 -69.4429 45.5925
vn 0.285437 0.931952 0.223589
v -22.6302 -69.6894 45.4879
vn -0.921455 -0.218564 -0.32117
v -22.4722 -69.8228 45.5635
vn -0.0601849 -0.99685 0.0516525
v -22.307 -69.7009 45.6427
vn 0.814504 -0.259086 0.519093
v -22.4555 -69.7416 45.1568
vn -0.75248 -0.361736 0.550383
v -22.3086 -69.8192 45.2272
vn -0.282165 -0.781385 0.556616
v -22.156 -69.7459 45.3004
vn -0.0433942 -0.340954 0.939078
v -22.1284 -69.6085 45.3135
vn 0.649931 0.0624536 0.757423
v -22.1808 -69.4789 45.2884
vn -0.0361273 0.414738 0.909223
v -22.3013 -69.4313 45.2307
vn -0.298109 0.683628 0.666171
v -22.4253 -69.4765 45.1713
vn -0.697397 0.563602 0.442708
v -22.4807 -69.6003 45.1447
vn -0.962186 0.0635914 0.264867
v -22.6827 -69.4203 45.0478
vn -0.53533 0.0913095 0.839693
v -20.2415 -70.0304 40.0513
vn -0.641774 -0.702479 -0.307652
v -20.3504 -69.8663 39.9989
vn -0.761899 -0.534993 -0.365093
v -20.4037 -69.8025 40.0518
vn -0.86527 -0.281575 -0.414757
v -22.5161 -69.8094 44.4535
vn -0.834675 -0.381585 -0.397127
v -22.3829 -70.0329 44.5259
vn -0.637816 -0.709681 -0.299237
v -22.2067 -70.1394 44.5524
vn -0.344981 -0.924855 -0.160097
v -20.0187 -70.1709 40.2364
vn -0.135211 -0.98869 -0.0648797
v -20.0501 -70.1541 40.1427
vn -0.315668 -0.936749 -0.151176
v -20.1802 -70.1102 40.1733
vn -0.454332 -0.863729 -0.218072
v -21.4077 -70.1748 43.1333
vn -0.245635 -0.962241 -0.117289
v -20.3882 -70.0434 40.3924
vn -0.592202 -0.756086 -0.278623
v -20.5525 -69.9487 40.5264
vn -0.71733 -0.604429 -0.346559
v -20.3375 -70.0257 40.2338
vn -0.595864 -0.750862 -0.284874
v -21.9898 -70.1436 44.096
vn -0.380372 -0.907405 -0.178699
v -22.0997 -70.0818 44.0727
vn -0.537733 -0.802515 -0.258484
v -21.9341 -70.0715 43.7004
vn -0.544769 -0.79848 -0.256236
v -22.1699 -69.9805 43.9641
vn -0.690832 -0.640484 -0.335457
v -20.6701 -69.9617 40.7957
vn -0.730679 -0.583949 -0.353713
v -20.8531 -69.9494 41.1519
vn -0.761296 -0.538296 -0.361477
v -20.6456 -70.1173 41.1594
vn -0.376878 -0.910738 -0.168876
v -20.5119 -70.1155 40.8823
vn -0.379854 -0.907293 -0.180364
v -20.617 -70.0542 40.8952
vn -0.583996 -0.759558 -0.286391
v -20.7278 -70.0548 41.1172
vn -0.612642 -0.733748 -0.29374
v -20.8025 -70.0506 41.2715
vn -0.593072 -0.756652 -0.275216
v -20.8177 -70.0913 41.4329
vn -0.398237 -0.89699 -0.191873
v -21.8091 -69.9492 43.1463
vn -0.674071 -0.655846 -0.339844
v -21.9114 -69.9491 43.3599
vn -0.730542 -0.589262 -0.345077
v -21.8236 -70.0528 43.4032
vn -0.597886 -0.743244 -0.3002
v -21.6802 -70.1174 43.3184
vn -0.436142 -0.875614 -0.207557
v -22.0176 -69.973 43.6285
vn -0.706557 -0.625822 -0.330339
v -21.5431 -70.1109 43.0118
vn -0.510106 -0.821068 -0.256201
v -21.6255 -70.03 42.9314
vn -0.604738 -0.750261 -0.267208
v -21.5559 -70.0322 42.798
vn -0.570424 -0.771742 -0.281123
v -21.4046 -70.0524 42.536
vn -0.555479 -0.774373 -0.302967
v -21.5163 -69.9485 42.5371
vn -0.725994 -0.592497 -0.349113
v -21.2622 -69.9489 42.0062
vn -0.783951 -0.493296 -0.376934
v -21.2794 -69.9987 42.1497
vn -0.578379 -0.776875 -0.248885
v -21.1203 -70.145 42.2883
vn -0.435395 -0.876735 -0.204372
v -21.4136 -69.9452 42.3147
vn -0.637043 -0.703578 -0.314888
v -21.091 -69.9819 41.7108
vn -0.716707 -0.607752 -0.342007
v -21.1286 -70.0355 41.9163
vn -0.600039 -0.755372 -0.263376
v -20.9335 -69.9849 41.387
vn -0.612512 -0.734331 -0.292554
v -20.957 -70.0876 41.7054
vn -0.550759 -0.792356 -0.262367
v -20.4209 -70.075 40.5445
vn -0.566143 -0.777977 -0.272458
v -21.0282 -70.116 41.9522
vn -0.563266 -0.787093 -0.251428
v -21.2547 -70.1419 42.5517
vn -0.3472 -0.921189 -0.175678
v -21.7003 -69.9547 42.929
vn -0.715985 -0.613892 -0.332418
v -22.2776 -70.0521 44.3546
vn -0.546205 -0.798103 -0.254346
v -22.3913 -69.9487 44.3605
vn -0.736756 -0.587795 -0.334198
v -4.46043 -69.8113 7.79831
vn 0.137024 -0.649979 -0.747497
v -4.23531 -69.7147 7.92776
vn 0.916676 -0.376654 0.133556
v -4.26672 -69.4973 7.91272
vn 0.607578 0.772527 0.184529
v -4.54646 -69.5589 7.77319
vn -0.626528 0.394215 -0.672352
v -4.21809 -69.6065 7.93602
vn 0.852987 0.0787854 -0.515952
v -4.42979 -69.4303 7.81453
vn 0.156781 0.723112 -0.672703
v -4.5548 -69.7034 7.77464
vn -0.816493 -0.32914 -0.474349
v -4.31474 -69.7988 7.8897
vn 0.411003 -0.90725 0.0892929
v -4.43388 -69.4835 8.24735
vn 0.725401 0.686868 -0.0447871
v -4.38286 -69.609 8.2718
vn 0.972363 0.122742 0.198606
v -4.41042 -69.7433 8.25859
vn 0.779483 -0.615277 0.117645
v -4.51664 -69.8146 8.20769
vn 0.180783 -0.961444 -0.207227
v -4.67135 -69.7685 8.13354
vn -0.483842 -0.690481 -0.53771
v -4.72499 -69.6011 8.10784
vn -0.735999 0.0216137 -0.676637
v -4.66926 -69.478 8.13455
vn -0.509203 0.720047 -0.471428
v -4.55073 -69.437 8.19135
vn 0.248917 0.953505 -0.169906
v -13.4005 -69.8305 26.2156
vn -0.617864 -0.734368 -0.280976
v -4.72304 -69.8305 8.10877
vn -0.611083 -0.734468 -0.295187
v -13.466 -69.7204 26.1842
vn -0.850051 -0.334913 -0.406505
v -13.4779 -69.5891 26.1785
vn -0.896237 0.221704 -0.384196
v -13.4334 -69.4668 26.1999
vn -0.686001 0.649676 -0.327601
v -13.3427 -69.3814 26.2433
vn -0.338429 0.928612 -0.152136
v -13.2266 -69.3526 26.2989
vn 0.0921659 0.994712 0.0453255
v -13.1117 -69.3868 26.354
vn 0.481057 0.832447 0.274984
v -13.0244 -69.4763 26.3959
vn 0.784319 0.480171 0.392783
v -12.9846 -69.6006 26.4149
vn 0.901197 0.0177498 0.433047
v -13.0014 -69.7312 26.4069
vn 0.801974 -0.44866 0.394388
v -13.071 -69.8382 26.3735
vn 0.582977 -0.762302 0.281131
v -13.1775 -69.897 26.3225
vn 0.181389 -0.975168 0.127064
v -13.2964 -69.8942 26.2655
vn -0.305074 -0.941218 -0.145046
v -4.6189 -69.8942 8.15868
vn -0.159848 -0.983696 -0.0824104
v -4.49997 -69.897 8.21567
vn 0.198979 -0.975798 0.0906949
v -4.39351 -69.8382 8.2667
vn 0.585046 -0.76228 0.276856
v -4.32389 -69.7312 8.30006
vn 0.862957 -0.296846 0.408885
v -4.30707 -69.6006 8.30812
vn 0.88817 0.180577 0.422547
v -4.3469 -69.4763 8.28903
vn 0.711405 0.617121 0.336251
v -4.43426 -69.3868 8.24717
vn 0.371187 0.91226 0.173209
v -4.54913 -69.3526 8.19211
vn -0.0535274 0.998152 -0.0287501
v -4.6652 -69.3814 8.13649
vn -0.465081 0.85552 -0.227563
v -4.75588 -69.4668 8.09303
vn -0.770112 0.516953 -0.373747
v -4.80039 -69.5891 8.0717
vn -0.89897 0.0597042 -0.433921
v -4.78854 -69.7204 8.07738
vn -0.846312 -0.334802 -0.414323
v -4.36941 -69.2631 7.12069
vn -0.374423 0.927257 -0.0016488
v -4.39826 -69.2597 7.362
vn -0.515298 0.856969 -0.00844579
v -4.1223 -69.2042 7.1289
vn -0.102932 0.923932 0.368449
v -4.04635 -69.1901 7.357
vn 0.272707 -0.951539 -0.142145
v -4.18576 -69.2252 7.26809
vn 0.421644 0.893196 -0.156259
v -3.79725 -69.0526 6.99581
vn 0.975433 -0.172839 -0.136587
v -3.89766 -69.1559 7.5066
vn 0.444608 -0.89476 0.0415658
v -3.91368 -69.1616 6.95542
vn 0.253779 -0.96696 -0.0241866
v -3.92472 -69.1538 7.25728
vn -0.988027 0.154274 -0.00144762
v -3.7799 -69.0461 7.43932
vn 0.973472 0.0912298 0.209831
v -4.41872 -69.1628 7.5066
vn -0.335535 -0.760434 0.556019
v -4.38501 -69.1639 7.07968
vn 0.185134 -0.972979 0.137973
v -4.41872 -69.1628 6.95542
vn -0.218028 0.902014 -0.372605
v -4.40223 -69.1796 7.37844
vn 0.584384 -0.776282 -0.236393
v -4.0409 -69.1594 7.39097
vn 0.0422627 -0.970275 -0.238288
v -4.02223 -69.1483 7.08828
vn -0.0556272 0.987974 0.14427
v -3.89938 -69.1377 7.5066
vn -0.362249 0.931404 0.0355187
v -3.90589 -69.1422 6.95542
vn -0.324572 0.944523 -0.0502964
v -4.36116 -69.2622 7.5066
vn 0.0063335 0.997349 0.0724894
v -4.42782 -69.2114 7.08568
vn -0.894532 -0.388863 0.220449
v -4.36116 -69.2622 6.95542
vn 0.0348578 0.996672 -0.0736865
v -4.05362 -69.1822 6.95542
vn -0.109696 0.993787 -0.0188251
v -4.05638 -69.2002 6.95542
vn 0.155842 -0.981651 -0.109887
v -4.35665 -69.2794 6.95542
vn 0.112909 -0.993223 -0.0275463
v -4.35665 -69.2794 7.5066
vn 0.10886 -0.993745 0.0249147
v -4.05638 -69.2002 7.5066
vn 0.155185 -0.980516 0.120438
v -4.06089 -69.1831 7.5066
vn -0.146542 0.988674 0.0323861
v -4.42771 -69.1753 7.37785
vn -0.976745 0.156857 -0.146168
v -4.38289 -69.1449 7.38253
vn -0.0426995 0.990544 -0.130382
v -4.38289 -69.1449 7.07949
vn -0.154009 0.986777 0.0505159
v -3.73365 -69.1901 7.10503
vn 0.926431 -0.141659 0.348794
v -3.73365 -69.1901 7.357
vn 0.963697 0.254168 0.0817713
v -4.15774 -69.0709 7.09735
vn -0.206933 0.839176 -0.502954
v -4.01322 -69.0706 7.10444
vn 0.515892 0.379461 -0.768026
v -3.9542 -69.0657 7.19418
vn 0.19012 0.981758 0.00242498
v -4.0312 -69.066 7.35838
vn 0.253112 0.904965 0.342013
v -4.07063 -69.1438 7.07738
vn -0.0892444 -0.212263 -0.973129
v -4.18947 -69.0705 7.34289
vn -0.429159 0.698382 0.572788
v -4.24429 -69.0736 7.19693
vn -0.314423 0.947883 -0.051526
v -4.21128 -70.0755 7.41025
vn -0.0913185 -0.988856 0.117576
v -4.04239 -70.0709 7.44604
vn 0.0598761 -0.1257 0.99026
v -3.92598 -70.0699 7.37016
vn 0.49214 -0.823846 0.281206
v -3.88093 -70.0704 7.19456
vn 0.243875 -0.965634 -0.0898625
v -4.05262 -70.0687 7.01493
vn 0.237247 -0.584645 -0.775825
v -4.19608 -70.0776 7.05543
vn -0.094794 -0.98661 -0.132721
v -3.96288 -69.9824 7.05498
vn 0.563148 0.420428 -0.71141
v -3.87997 -69.9824 7.23101
vn 0.797609 0.599385 0.0675061
v -4.30591 -70.0695 7.2157
vn -0.844741 -0.528389 -0.0849561
v -4.2417 -69.9824 7.40036
vn -0.509938 0.395226 0.764042
v -3.94133 -69.1438 7.20668
vn 0.942819 -0.264218 -0.203176
v -3.94318 -69.195 7.21258
vn 0.993037 0.073802 -0.0918196
v -3.98498 -69.1438 7.341
vn 0.693824 -0.0284781 0.719581
v -4.1181 -69.1438 7.37712
vn -0.144052 0.13112 0.980845
v -4.23355 -69.1438 7.30163
vn -0.978023 -0.0912027 0.187489
v -4.16602 -69.195 7.09563
vn -0.330438 0.0418485 -0.9429
v -4.24676 -69.195 7.21258
vn -0.948423 0.0749399 -0.308021
v -4.20339 -69.195 7.35122
vn -0.705741 0.000750423 0.70847
v -4.05837 -69.195 7.37947
vn 0.247271 0.0146678 0.968835
v -4.19957 -69.1438 7.12641
vn -0.585296 -0.670144 -0.456437
v -4.09496 -69.9824 7.38849
vn -0.0807293 0.0732002 0.994045
v -3.99357 -69.9824 7.34546
vn 0.74547 0.0701625 0.662836
v -3.93863 -69.9824 7.25
vn 0.989348 0.0822328 0.120115
v -3.96913 -69.9824 7.14415
vn 0.819702 0.0891103 -0.565817
v -4.05728 -69.9824 7.07811
vn 0.141157 0.088405 -0.986032
v -4.16602 -69.9824 7.09563
vn -0.680442 0.0476287 -0.731252
v -4.24676 -69.9824 7.21258
vn -0.996083 0.0818752 0.0333954
v -4.19636 -69.9824 7.34546
vn -0.749462 0.141545 0.646739
v -4.02391 -69.195 7.09563
vn 0.505786 0.073497 -0.859522
v -3.96536 -69.195 7.32047
vn 0.822211 0.043151 0.567544
v -4.18427 -69.9824 7.03544
vn -0.466803 0.493432 -0.733907
v -4.30997 -69.9824 7.23101
vn -0.720347 0.684288 -0.113358
v -3.96288 -69.9824 7.40705
vn 0.36256 0.602525 0.710994
v -3.9321 -69.3722 7.1585
vn -0.0247574 -0.999645 0.009804
v -3.95894 -69.2738 7.15183
vn -0.0119232 0.999915 0.00530763
v -3.96256 -69.2738 7.32722
vn -0.213314 0.972205 -0.0965088
v -4.07785 -69.2738 7.39379
vn -0.00857231 0.996654 -0.0812804
v -4.20448 -69.2738 7.35264
vn 0.464308 0.725489 -0.50802
v -4.24448 -69.2738 7.16444
vn 0.430494 0.886002 0.172265
v -4.07785 -69.2738 7.06825
vn -0.00970454 0.998229 0.058688
v -4.16251 -69.3722 7.06057
vn 0.02409 -0.998499 0.0491869
v -4.24448 -69.3722 7.29758
vn 0.381406 -0.916896 -0.117611
v -4.03665 -69.3722 7.41048
vn -0.0374066 -0.99132 -0.12604
v -3.28788 -69.7487 4.78043
vn -0.988642 0.146073 -0.035363
v -3.18945 -69.7248 4.68318
vn 0.923517 0.35279 0.15052
v -3.18945 -69.7211 4.83308
vn 0.999582 0.0209222 -0.0199306
v -3.18945 -69.5727 4.85479
vn 0.99959 -0.0156609 -0.0239884
v -3.18945 -69.5039 4.7507
vn 0.999767 -0.0212605 0.00377467
v -3.18945 -69.6131 4.62737
vn 0.989594 -0.047967 0.135654
v -3.28788 -69.7211 4.66831
vn -0.925383 0.244601 0.289547
v -3.28788 -69.6131 4.62737
vn -0.996994 -0.0291504 0.0717888
v -3.28788 -69.5181 4.7507
vn -0.987142 -0.159735 0.00586172
v -3.28788 -69.6356 4.88684
vn -0.999872 -0.000316708 -0.0160234
v -3.28788 -69.7509 8.03258
vn -0.999689 0.0228261 0.0100126
v -3.18945 -69.712 7.97551
vn 0.99989 0.00543385 0.0137972
v -3.18945 -69.7211 8.17954
vn 0.877994 0.397664 -0.266438
v -3.18945 -69.5727 8.20124
vn 0.992701 -0.0616807 -0.103632
v -3.18945 -69.4982 8.05584
vn 0.999872 -0.0148295 0.00597606
v -3.28788 -69.5381 7.98556
vn -0.999674 -0.0111051 0.0229797
v -3.28788 -69.5181 8.15489
vn -0.98013 -0.18492 -0.071763
v -3.28788 -69.6131 8.22048
vn -0.991584 -0.00111776 -0.12946
v -3.28788 -69.7211 8.17954
vn -0.965508 0.20997 -0.153972
v -3.93053 -69.9824 7.29351
vn -0.0147819 -0.999884 -0.00371852
v -3.92258 -69.884 7.30777
vn -0.0261181 0.999625 -0.00824632
v -4.14554 -69.884 7.38667
vn 0.226605 0.660729 -0.715603
v -4.25155 -69.884 7.2469
vn 0.31801 0.947453 -0.0346708
v -4.20448 -69.884 7.10938
vn 0.383685 0.617693 0.686471
v -4.03043 -69.884 7.08746
vn -0.0189594 0.999457 0.026941
v -4.01349 -69.9824 7.06677
vn -0.0324227 -0.997928 0.0555713
v -4.23156 -69.9824 7.1528
vn 0.642973 -0.592459 0.485364
v -4.24448 -69.9824 7.29758
vn 0.339281 -0.91463 -0.219866
v -4.0944 -69.9824 7.38841
vn -0.0234428 -0.988151 -0.151685
v -4.3751 -69.884 7.06664
vn -0.464475 0.848554 -0.253414
v -4.43488 -69.9824 7.18052
vn -0.304501 -0.946542 -0.106475
v -4.38616 -69.884 7.36181
vn -0.739212 0.579573 0.343017
v -4.24136 -69.884 7.51469
vn -0.113937 0.957384 0.265395
v -4.19371 -69.9824 7.54044
vn -0.309054 -0.723811 0.616915
v -3.18945 -69.2769 4.36813
vn 0.966446 0.247385 -0.0691632
v -3.18944 -69.2753 8.46912
vn 0.842024 0.537134 0.0498155
v -3.28873 -69.2738 5.21366
vn -0.0748783 0.996678 -0.032036
v -4.3751 -69.2738 7.06664
vn -0.521637 0.808511 -0.272404
v -4.3456 -69.2738 7.46708
vn -0.331086 0.85977 0.388816
v -3.29672 -69.2738 7.83048
vn -0.0517372 0.995661 0.0773494
v -3.2879 -69.2833 8.48216
vn -0.939075 0.136122 0.315607
v -3.2879 -69.2795 4.37642
vn -0.977459 0.162716 -0.134525
v -3.28789 -69.3722 5.21366
vn -0.590247 -0.804376 -0.0677265
v -4.19371 -69.3722 7.54044
vn -0.280399 -0.743904 0.606617
v -3.2883 -69.3722 7.83186
vn -0.309971 -0.949867 0.0408657
v -4.43488 -69.3722 7.18052
vn -0.456488 -0.877554 -0.146688
v -3.28788 -69.9601 4.37525
vn -0.953394 -0.153466 -0.259785
v -3.28801 -69.9824 5.21383
vn -0.133573 -0.989007 -0.0634351
v -3.28791 -69.884 5.21344
vn -0.502982 0.863612 -0.0343979
v -3.2904 -69.9824 7.83243
vn -0.0450878 -0.998205 0.0394308
v -3.28912 -69.884 7.83278
vn -0.277416 0.956647 0.0886996
v -3.28788 -69.9567 8.47542
vn -0.978558 -0.137994 0.152911
v -3.18944 -69.9812 8.48325
vn 0.882092 -0.462937 0.087197
v -3.18944 -69.981 4.36296
vn 0.975169 -0.21912 -0.0321083
v -4.3593 6.15313 7.23101
vn 0.0211078 -0.999734 -0.00933351
v -4.37724 6.17098 7.15165
vn -0.129128 0.991615 -0.00510434
v -4.10962 6.23614 7.12785
vn -0.119327 0.991306 0.0554444
v -4.10962 6.23614 7.33418
vn -0.176078 0.984372 0.00293828
v -4.18088 6.20002 7.20985
vn 0.22887 -0.973349 -0.0145255
v -4.04635 6.23412 7.357
vn 0.18635 -0.982319 0.0179755
v -3.90238 6.27385 6.95542
vn 0.268269 -0.962699 -0.0352537
v -3.88729 6.28162 7.5066
vn 0.460889 -0.886057 0.0498458
v -3.92472 6.27927 7.25728
vn -0.998396 -0.0389207 0.0411076
v -3.79336 6.38556 7.46143
vn -0.575374 0.817223 0.0330494
v -3.79237 6.38674 7.01501
vn 0.785223 -0.61835 -0.0326794
v -4.41872 6.27025 7.5066
vn -0.309819 -0.774922 0.550915
v -4.38501 6.26912 7.07968
vn 0.242187 -0.967272 0.0757036
v -4.41872 6.27025 6.95542
vn -0.208842 0.934158 -0.289367
v -4.40223 6.25347 7.37844
vn 0.449881 -0.884028 -0.126891
v -4.0409 6.27374 7.39097
vn 0.0544908 -0.975115 -0.214897
v -4.02223 6.28481 7.08828
vn -0.0697572 0.984296 0.162161
v -3.89159 6.297 7.5066
vn -0.288647 0.95686 0.0331854
v -3.89938 6.2954 6.95542
vn -0.419248 0.907222 -0.0343376
v -4.35891 6.16228 7.5066
vn 0.186093 -0.822264 0.53782
v -4.40172 6.18164 7.36932
vn 0.516096 0.856516 -0.00500168
v -4.35891 6.16228 6.95542
vn -0.214534 -0.946792 -0.239919
v -4.42884 6.18178 6.95542
vn 0.950457 0.121741 -0.286024
v -4.42884 6.18178 7.5066
vn 0.926916 0.0183068 0.374821
v -4.05863 6.24139 6.95542
vn 0.092741 -0.973332 -0.209817
v -4.05863 6.24139 7.5066
vn -0.0624914 0.963918 0.258759
v -4.42771 6.25778 7.37785
vn -0.937691 0.307947 -0.160947
v -4.38289 6.28813 7.38253
vn -0.0439688 0.989966 -0.134288
v -4.38289 6.28813 7.07949
vn -0.17377 0.983193 0.0560033
v -4.42395 6.21393 7.08615
vn -0.917103 -0.344773 0.200133
v -4.42018 6.17008 7.3739
vn -0.798559 -0.595747 -0.0859552
v -3.77505 6.25184 6.97558
vn 0.00735864 0.999443 0.032548
v -3.73365 6.23412 7.10503
vn 0.131654 -0.991257 0.00880371
v -3.73365 6.24298 7.357
vn 0.0479965 0.997855 -0.0445172
v -4.15774 6.3622 7.09735
vn -0.126959 0.965415 -0.227716
v -4.01293 6.36421 7.10416
vn 0.47722 0.108698 -0.872036
v -3.9542 6.36738 7.19418
vn 0.333567 0.9422 -0.0315044
v -4.00741 6.37003 7.33662
vn 0.27183 0.904152 0.329573
v -4.1181 6.28924 7.37712
vn -0.181853 -0.393648 0.901094
v -4.11585 6.28924 7.09598
vn 0.0821257 0.0575175 -0.994961
v -4.16697 6.36153 7.36832
vn -0.242678 0.910088 0.335926
v -4.24383 6.361 7.19973
vn -0.70823 0.705738 -0.0185747
v -4.23548 6.28924 7.28946
vn -0.812013 -0.419411 0.405868
v -4.02525 5.35582 7.4284
vn 0.0958854 -0.932515 0.348168
v -3.92598 5.36316 7.37016
vn 0.829634 -0.322739 0.455573
v -3.88039 5.36276 7.19456
vn 0.729024 -0.673373 -0.122848
v -3.94348 5.34979 7.07953
vn 0.0655351 -0.993405 -0.0940877
v -4.09496 5.3645 7.00796
vn 0.0361998 -0.326414 -0.944533
v -3.96288 5.45066 7.05498
vn 0.525708 0.480728 -0.701806
v -3.87997 5.45066 7.23101
vn 0.795867 0.601605 0.0683106
v -4.25232 5.3645 7.07366
vn -0.376848 -0.870675 -0.316087
v -4.30058 5.35881 7.28765
vn -0.351736 -0.935529 0.0326823
v -4.21142 5.35756 7.40989
vn -0.174746 -0.942214 0.285828
v -4.30997 5.45066 7.16789
vn -0.876803 0.423401 -0.227921
v -3.94133 6.28924 7.20668
vn 0.969166 0.0911477 -0.228932
v -3.94318 6.23806 7.21258
vn 0.998087 0.00587528 0.0615388
v -4.0039 6.28924 7.32519
vn 0.458933 -0.267521 0.847238
v -4.23355 6.28924 7.1604
vn -0.937023 -0.0401643 -0.34695
v -3.99054 6.23806 7.11314
vn 0.654865 0.06184 -0.753212
v -4.09497 6.23806 7.07811
vn 0.0350309 0.0152034 -0.999271
v -4.2208 6.23806 7.14415
vn -0.817584 0.0088965 -0.57574
v -4.23794 6.23806 7.28524
vn -0.91629 0.0610501 0.395835
v -3.99357 6.23806 7.34546
vn 0.57699 0.0856485 0.812248
v -4.09496 5.45066 7.38849
vn 0.098837 0.097341 0.990331
v -4.13156 6.23806 7.37947
vn -0.285367 0.0734946 0.955596
v -3.99357 5.45066 7.34546
vn 0.792017 0.093112 0.603356
v -3.93863 5.45066 7.25
vn 0.989348 0.0822328 0.120115
v -3.96913 5.45066 7.14415
vn 0.747694 0.0730128 -0.660018
v -4.05728 5.45066 7.07811
vn 0.236677 0.148227 -0.960215
v -4.16602 5.45066 7.09563
vn -0.536085 0.0448104 -0.842974
v -4.24676 5.45066 7.21258
vn -0.984963 0.124659 -0.11962
v -4.19636 5.45066 7.34546
vn -0.720013 0.0898326 0.688122
v -4.12685 5.45066 7.4528
vn -0.138816 0.42666 0.893695
v -4.18427 5.45066 7.03544
vn -0.238061 0.700896 -0.672363
v -4.27583 5.45066 7.34725
vn -0.679842 0.574313 0.456048
v -3.96288 5.45066 7.40705
vn 0.499861 0.591866 0.632324
v -3.9385 6.06089 7.15064
vn -0.0216287 -0.999662 0.0143936
v -3.9385 6.15932 7.31139
vn -0.0247786 0.999614 -0.0125668
v -4.07785 6.15932 7.39379
vn -0.0127245 0.996547 -0.0820544
v -4.20448 6.15932 7.35264
vn 0.552792 0.611733 -0.565866
v -4.24448 6.15932 7.16444
vn 0.367302 0.91842 0.146947
v -4.07785 6.15932 7.06825
vn -0.00703229 0.998241 0.0588694
v -3.96256 6.15932 7.13481
vn -0.0557982 0.99793 0.0319801
v -4.16251 6.06089 7.06057
vn 0.025211 -0.998474 0.0491363
v -4.24448 6.06089 7.29758
vn 0.391464 -0.915417 -0.0936312
v -4.07785 6.06089 7.39379
vn -0.00375322 -0.9842 -0.177023
v -3.96256 6.06089 7.32722
vn -0.10311 -0.992913 -0.0590961
v -3.28788 5.68436 4.72097
vn -0.996421 0.0820869 0.02019
v -3.18945 5.69451 4.70951
vn 0.864671 0.480495 0.146523
v -3.18945 5.73505 4.86775
vn 0.999791 0.00669366 -0.0193419
v -3.18945 5.87556 4.85295
vn 0.999229 -0.0243758 -0.030786
v -3.18945 5.93495 4.70947
vn 0.999773 -0.0206119 0.00544149
v -3.18945 5.81996 4.62737
vn 0.992631 -0.00473864 0.121081
v -3.28788 5.76093 4.63453
vn -0.992077 0.055105 0.112898
v -3.28788 5.87556 4.64846
vn -0.923917 -0.267332 0.2737
v -3.28788 5.92659 4.82655
vn -0.999613 -0.0191082 -0.0202287
v -3.28788 5.71199 4.83308
vn -0.999513 0.0213291 -0.0227695
v -3.28788 5.69451 8.13834
vn -0.975856 0.211304 -0.0552716
v -3.18945 5.68436 8.12688
vn 0.949529 0.308617 -0.056134
v -3.18945 5.76093 8.21332
vn 0.991514 0.0570475 -0.116811
v -3.18945 5.87556 8.19939
vn 0.933261 -0.252466 -0.255509
v -3.18945 5.92659 8.02132
vn 0.999719 -0.017856 0.0155836
v -3.18945 5.72036 7.99024
vn 0.999897 0.00981417 0.0105107
v -3.28788 5.73506 7.9801
vn -0.999825 0.00654147 0.0175047
v -3.28788 5.87556 7.99491
vn -0.999836 -0.0131024 0.0125325
v -3.28788 5.91499 8.15489
vn -0.979736 -0.193844 -0.0504183
v -3.28788 5.81996 8.22048
vn -0.99347 0.000901169 -0.114091
v -3.93053 5.45066 7.29351
vn -0.0231604 -0.999727 -0.00313416
v -3.95894 5.54908 7.15183
vn -0.0221605 0.999714 0.00904428
v -3.96256 5.54908 7.32722
vn -0.150683 0.981608 -0.117222
v -4.07785 5.54908 7.39379
vn -0.00805076 0.996979 -0.0772563
v -4.20448 5.54908 7.35264
vn 0.458373 0.754828 -0.469179
v -4.24448 5.54908 7.16444
vn 0.399851 0.905687 0.140892
v -4.07785 5.54908 7.06825
vn 0.00631372 0.998495 0.0544801
v -4.01349 5.45066 7.06677
vn -0.0260658 -0.998932 0.0381547
v -4.20448 5.45066 7.10938
vn 0.507813 -0.600699 0.617484
v -4.24448 5.45066 7.29758
vn 0.367277 -0.921055 -0.12948
v -4.07785 5.45066 7.39379
vn -0.00808533 -0.988432 -0.15145
v -4.3751 5.54908 7.06664
vn -0.321616 0.934911 -0.150016
v -4.42094 5.45069 7.15024
vn -0.487154 -0.845074 -0.220296
v -4.34385 5.54912 7.47755
vn -0.320237 0.881532 0.346915
v -4.29222 5.45069 7.5051
vn -0.284249 -0.748908 0.598614
v -3.18944 6.15638 4.37247
vn 0.917795 0.381859 -0.108795
v -3.18945 6.15783 8.46668
vn 0.935794 0.35096 0.0334178
v -3.28818 6.15932 5.21382
vn -0.128709 0.989648 -0.0634834
v -4.3751 6.15932 7.06664
vn -0.313127 0.936126 -0.160059
v -4.38616 6.15932 7.36181
vn -0.69044 0.649754 0.317982
v -4.24136 6.15932 7.51469
vn -0.234221 0.759869 0.606416
v -3.29239 6.15932 7.84365
vn -0.0424609 0.998258 0.0409569
v -3.28791 6.1468 8.48471
vn -0.935275 0.142165 0.324114
v -3.28791 6.15244 4.36433
vn -0.978902 0.15738 -0.130319
v -3.28789 6.06089 5.21367
vn -0.462152 -0.885964 -0.0385172
v -4.19371 6.06089 7.54044
vn -0.262825 -0.868995 0.419249
v -3.2883 6.06089 7.83077
vn -0.341058 -0.936531 0.0811799
v -4.43505 6.06093 7.17404
vn -0.62317 -0.730607 -0.279056
v -3.28791 5.45714 4.36315
vn -0.94287 -0.174288 -0.283937
v -3.28825 5.45066 5.2141
vn -0.0768172 -0.996516 -0.0324663
v -3.28791 5.54908 5.21361
vn -0.536602 0.84085 -0.0709268
v -3.29145 5.45066 7.8317
vn -0.040678 -0.998262 0.0426339
v -3.28892 5.54908 7.83323
vn -0.334668 0.938277 0.0873711
v -3.28792 5.4579 8.48467
vn -0.977068 -0.142596 0.158127
v -3.18944 5.45251 8.4729
vn 0.877521 -0.471329 0.088347
v -3.18945 5.45259 4.38869
vn 0.97703 -0.210955 -0.0301802
f 1//1 2//2 3//3
f 9//9 3//3 4//4
f 4//4 3//3 5//5
f 1//1 3//3 9//9
f 4//4 5//5 10//10
f 10//10 7//7 6//6
f 10//10 5//5 7//7
f 1//1 6//6 2//2
f 6//6 8//8 2//2
f 6//6 7//7 8//8
f 11//11 12//12 16//16
f 16//16 12//12 17//17
f 18//18 15//15 14//14
f 17//17 15//15 18//18
f 17//17 12//12 15//15
f 18//18 14//14 19//19
f 19//19 14//14 13//13
f 11//11 13//13 12//12
f 11//11 19//19 13//13
f 20//20 21//21 25//25
f 25//25 21//21 24//24
f 25//25 24//24 26//26
f 26//26 24//24 23//23
f 27//27 23//23 22//22
f 26//26 23//23 27//27
f 20//20 27//27 22//22
f 20//20 22//22 21//21
f 28//28 29//29 35//35
f 35//35 29//29 30//30
f 35//35 30//30 31//31
f 31//31 30//30 32//32
f 36//36 32//32 33//33
f 33//33 32//32 34//34
f 33//33 34//34 29//29
f 33//33 29//29 28//28
f 36//36 31//31 32//32
f 37//37 40//40 38//38
f 38//38 39//39 37//37
f 43//43 41//41 48//48
f 42//42 41//41 43//43
f 46//46 43//43 2//2
f 3//3 2//2 43//43
f 43//43 46//46 42//42
f 46//46 47//47 42//42
f 45//45 46//46 8//8
f 46//46 2//2 8//8
f 5//5 3//3 44//44
f 44//44 45//45 5//5
f 43//43 44//44 3//3
f 45//45 7//7 5//5
f 8//8 7//7 45//45
f 51//51 1//1 49//49
f 49//49 1//1 9//9
f 49//49 47//47 51//51
f 51//51 50//50 6//6
f 1//1 51//51 6//6
f 10//10 6//6 50//50
f 49//49 9//9 52//52
f 4//4 52//52 9//9
f 50//50 52//52 4//4
f 50//50 4//4 10//10
f 44//44 49//49 52//52
f 44//44 43//43 49//49
f 52//52 45//45 44//44
f 52//52 50//50 45//45
f 50//50 51//51 45//45
f 45//45 51//51 46//46
f 46//46 51//51 47//47
f 53//53 16//16 17//17
f 17//17 48//48 53//53
f 53//53 11//11 16//16
f 55//55 11//11 53//53
f 19//19 11//11 55//55
f 53//53 54//54 55//55
f 58//58 57//57 56//56
f 20//20 25//25 57//57
f 55//55 57//57 25//25
f 58//58 20//20 57//57
f 55//55 25//25 19//19
f 58//58 27//27 20//20
f 47//47 27//27 58//58
f 48//48 17//17 18//18
f 49//49 48//48 18//18
f 19//19 49//49 18//18
f 49//49 19//19 26//26
f 43//43 48//48 49//49
f 26//26 47//47 49//49
f 26//26 19//19 25//25
f 47//47 26//26 27//27
f 15//15 41//41 14//14
f 24//24 13//13 14//14
f 42//42 14//14 41//41
f 14//14 23//23 24//24
f 42//42 22//22 23//23
f 14//14 42//42 23//23
f 60//60 15//15 12//12
f 12//12 13//13 21//21
f 60//60 41//41 15//15
f 60//60 12//12 21//21
f 21//21 13//13 24//24
f 59//59 21//21 22//22
f 21//21 59//59 60//60
f 42//42 59//59 22//22
f 48//48 41//41 60//60
f 48//48 60//60 53//53
f 47//47 58//58 59//59
f 47//47 59//59 42//42
f 54//54 53//53 60//60
f 59//59 54//54 60//60
f 56//56 35//35 54//54
f 56//56 28//28 35//35
f 54//54 59//59 56//56
f 56//56 59//59 58//58
f 38//38 33//33 56//56
f 56//56 33//33 28//28
f 54//54 35//35 31//31
f 38//38 31//31 36//36
f 40//40 31//31 38//38
f 54//54 31//31 40//40
f 36//36 33//33 38//38
f 57//57 55//55 29//29
f 55//55 30//30 29//29
f 39//39 57//57 34//34
f 57//57 29//29 34//34
f 32//32 39//39 34//34
f 55//55 37//37 30//30
f 37//37 32//32 30//30
f 32//32 37//37 39//39
f 38//38 57//57 39//39
f 38//38 56//56 57//57
f 40//40 37//37 55//55
f 40//40 55//55 54//54
f 63//63 61//61 65//65
f 61//61 63//63 64//64
f 66//66 65//65 67//67
f 68//68 67//67 65//65
f 68//68 61//61 62//62
f 71//71 70//70 72//72
f 73//73 72//72 70//70
f 76//76 74//74 77//77
f 75//75 74//74 76//76
f 78//78 76//76 77//77
f 78//78 77//77 79//79
f 79//79 77//77 80//80
f 70//70 71//71 80//80
f 64//64 86//86 81//81
f 64//64 85//85 86//86
f 64//64 66//66 85//85
f 66//66 67//67 85//85
f 67//67 84//84 85//85
f 67//67 69//69 84//84
f 69//69 83//83 84//84
f 69//69 82//82 83//83
f 64//64 81//81 82//82
f 66//66 63//63 65//65
f 63//63 66//66 64//64
f 82//82 62//62 61//61
f 69//69 68//68 62//62
f 64//64 82//82 61//61
f 67//67 68//68 69//69
f 87//87 88//88 86//86
f 88//88 81//81 86//86
f 92//92 81//81 88//88
f 92//92 82//82 81//81
f 89//89 83//83 82//82
f 89//89 82//82 92//92
f 89//89 93//93 83//83
f 93//93 91//91 83//83
f 90//90 91//91 93//93
f 90//90 87//87 84//84
f 90//90 84//84 91//91
f 87//87 85//85 84//84
f 87//87 86//86 85//85
f 73//73 74//74 96//96
f 72//72 73//73 96//96
f 75//75 96//96 74//74
f 95//95 76//76 78//78
f 95//95 75//75 76//76
f 94//94 78//78 79//79
f 94//94 79//79 80//80
f 71//71 94//94 80//80
f 69//69 62//62 82//82
f 91//91 84//84 83//83
f 88//88 71//71 72//72
f 71//71 88//88 87//87
f 96//96 88//88 72//72
f 94//94 71//71 87//87
f 94//94 87//87 90//90
f 78//78 94//94 90//90
f 96//96 75//75 92//92
f 75//75 89//89 92//92
f 95//95 78//78 93//93
f 78//78 90//90 93//93
f 93//93 89//89 75//75
f 95//95 93//93 75//75
f 96//96 92//92 88//88
f 68//68 65//65 61//61
f 80//80 77//77 70//70
f 77//77 73//73 70//70
f 74//74 73//73 77//77
f 102//102 104//104 103//103
f 106//106 104//104 105//105
f 102//102 105//105 104//104
f 109//109 113//113 108//108
f 102//102 112//112 113//113
f 109//109 102//102 113//113
f 111//111 103//103 107//107
f 110//110 111//111 107//107
f 103//103 112//112 102//102
f 111//111 112//112 103//103
f 102//102 114//114 105//105
f 98//98 116//116 97//97
f 98//98 119//119 115//115
f 110//110 118//118 115//115
f 110//110 107//107 118//118
f 108//108 97//97 116//116
f 115//115 119//119 110//110
f 117//117 108//108 116//116
f 108//108 117//117 109//109
f 109//109 117//117 124//124
f 116//116 123//123 117//117
f 114//114 102//102 109//109
f 122//122 123//123 116//116
f 122//122 116//116 120//120
f 122//122 120//120 121//121
f 109//109 124//124 114//114
f 107//107 125//125 118//118
f 115//115 118//118 126//126
f 104//104 107//107 103//103
f 127//127 115//115 126//126
f 127//127 128//128 115//115
f 107//107 104//104 125//125
f 105//105 114//114 106//106
f 97//97 108//108 129//129
f 98//98 101//101 116//116
f 120//120 116//116 101//101
f 98//98 115//115 100//100
f 101//101 98//98 100//100
f 128//128 100//100 115//115
f 101//101 99//99 120//120
f 120//120 99//99 130//130
f 130//130 121//121 120//120
f 122//122 121//121 99//99
f 121//121 130//130 99//99
f 123//123 99//99 101//101
f 99//99 123//123 122//122
f 123//123 101//101 126//126
f 101//101 100//100 126//126
f 127//127 126//126 100//100
f 123//123 126//126 98//98
f 119//119 126//126 118//118
f 98//98 126//126 119//119
f 98//98 97//97 123//123
f 117//117 123//123 97//97
f 125//125 119//119 118//118
f 119//119 125//125 110//110
f 97//97 129//129 117//117
f 108//108 124//124 129//129
f 117//117 129//129 124//124
f 124//124 108//108 113//113
f 114//114 113//113 112//112
f 124//124 113//113 114//114
f 111//111 125//125 104//104
f 110//110 125//125 111//111
f 114//114 112//112 104//104
f 104//104 112//112 111//111
f 100//100 131//131 127//127
f 131//131 128//128 127//127
f 131//131 100//100 128//128
f 104//104 106//106 114//114
f 132//132 133//133 134//134
f 140//140 134//134 135//135
f 135//135 134//134 136//136
f 132//132 134//134 140//140
f 135//135 136//136 141//141
f 141//141 138//138 137//137
f 141//141 136//136 138//138
f 132//132 137//137 133//133
f 137//137 139//139 133//133
f 137//137 138//138 139//139
f 142//142 143//143 147//147
f 148//148 147//147 146//146
f 148//148 146//146 145//145
f 148//148 145//145 149//149
f 147//147 143//143 146//146
f 149//149 144//144 142//142
f 149//149 145//145 144//144
f 142//142 144//144 143//143
f 150//150 151//151 154//154
f 150//150 154//154 155//155
f 155//155 154//154 156//156
f 156//156 154//154 153//153
f 157//157 156//156 153//153
f 157//157 153//153 152//152
f 150//150 157//157 152//152
f 150//150 152//152 151//151
f 158//158 159//159 165//165
f 165//165 159//159 160//160
f 165//165 160//160 161//161
f 161//161 160//160 162//162
f 166//166 162//162 163//163
f 163//163 162//162 164//164
f 163//163 164//164 159//159
f 163//163 159//159 158//158
f 166//166 161//161 162//162
f 167//167 170//170 168//168
f 168//168 169//169 167//167
f 173//173 171//171 178//178
f 172//172 171//171 173//173
f 176//176 173//173 133//133
f 134//134 133//133 173//173
f 173//173 176//176 172//172
f 176//176 177//177 172//172
f 175//175 176//176 139//139
f 176//176 133//133 139//139
f 136//136 134//134 174//174
f 174//174 175//175 136//136
f 173//173 174//174 134//134
f 175//175 138//138 136//136
f 139//139 138//138 175//175
f 181//181 132//132 179//179
f 179//179 132//132 140//140
f 181//181 180//180 137//137
f 132//132 181//181 137//137
f 141//141 137//137 180//180
f 179//179 140//140 182//182
f 135//135 182//182 140//140
f 180//180 182//182 135//135
f 180//180 135//135 141//141
f 182//182 174//174 173//173
f 182//182 173//173 179//179
f 182//182 180//180 174//174
f 180//180 175//175 174//174
f 180//180 181//181 176//176
f 180//180 176//176 175//175
f 185//185 183//183 184//184
f 147//147 178//178 183//183
f 183//183 142//142 147//147
f 185//185 142//142 183//183
f 187//187 186//186 189//189
f 150//150 155//155 187//187
f 185//185 187//187 155//155
f 189//189 150//150 187//187
f 185//185 155//155 142//142
f 189//189 157//157 150//150
f 188//188 157//157 189//189
f 148//148 149//149 178//178
f 178//178 147//147 148//148
f 149//149 142//142 156//156
f 179//179 178//178 149//149
f 179//179 149//149 156//156
f 173//173 178//178 179//179
f 156//156 181//181 179//179
f 156//156 142//142 155//155
f 156//156 188//188 181//181
f 157//157 188//188 156//156
f 176//176 181//181 177//177
f 181//181 188//188 177//177
f 172//172 177//177 188//188
f 146//146 192//192 145//145
f 153//153 144//144 145//145
f 172//172 145//145 171//171
f 171//171 145//145 192//192
f 144//144 153//153 154//154
f 172//172 152//152 153//153
f 145//145 172//172 153//153
f 192//192 146//146 143//143
f 143//143 144//144 154//154
f 143//143 191//191 192//192
f 191//191 143//143 154//154
f 190//190 151//151 152//152
f 151//151 190//190 154//154
f 154//154 190//190 191//191
f 172//172 190//190 152//152
f 178//178 171//171 192//192
f 178//178 192//192 183//183
f 172//172 189//189 190//190
f 188//188 189//189 172//172
f 192//192 191//191 183//183
f 184//184 183//183 191//191
f 190//190 184//184 191//191
f 186//186 165//165 184//184
f 186//186 158//158 165//165
f 184//184 190//190 186//186
f 189//189 186//186 190//190
f 168//168 163//163 186//186
f 186//186 163//163 158//158
f 184//184 165//165 161//161
f 168//168 161//161 166//166
f 170//170 161//161 168//168
f 184//184 161//161 170//170
f 166//166 163//163 168//168
f 187//187 185//185 159//159
f 185//185 160//160 159//159
f 169//169 187//187 164//164
f 187//187 159//159 164//164
f 162//162 169//169 164//164
f 185//185 167//167 160//160
f 167//167 162//162 160//160
f 162//162 167//167 169//169
f 168//168 187//187 169//169
f 168//168 186//186 187//187
f 170//170 167//167 185//185
f 170//170 185//185 184//184
f 194//194 196//196 195//195
f 199//199 198//198 197//197
f 200//200 197//197 193//193
f 204//204 203//203 202//202
f 204//204 202//202 205//205
f 206//206 205//205 207//207
f 205//205 206//206 209//209
f 208//208 211//211 210//210
f 211//211 213//213 210//210
f 214//214 220//220 215//215
f 214//214 195//195 220//220
f 195//195 216//216 220//220
f 216//216 219//219 220//220
f 216//216 199//199 219//219
f 199//199 201//201 219//219
f 201//201 218//218 219//219
f 201//201 217//217 218//218
f 214//214 217//217 201//201
f 214//214 215//215 217//217
f 216//216 195//195 196//196
f 216//216 196//196 198//198
f 198//198 199//199 216//216
f 201//201 197//197 200//200
f 214//214 200//200 193//193
f 195//195 214//214 194//194
f 193//193 194//194 214//214
f 199//199 197//197 201//201
f 221//221 222//222 220//220
f 222//222 215//215 220//220
f 226//226 215//215 222//222
f 226//226 217//217 215//215
f 223//223 218//218 217//217
f 223//223 217//217 226//226
f 223//223 227//227 218//218
f 227//227 225//225 218//218
f 224//224 225//225 227//227
f 224//224 221//221 219//219
f 224//224 219//219 225//225
f 221//221 220//220 219//219
f 230//230 206//206 207//207
f 209//209 204//204 205//205
f 209//209 206//206 230//230
f 229//229 207//207 208//208
f 229//229 230//230 207//207
f 228//228 211//211 212//212
f 210//210 229//229 208//208
f 213//213 211//211 228//228
f 228//228 212//212 202//202
f 203//203 228//228 202//202
f 201//201 200//200 214//214
f 225//225 219//219 218//218
f 204//204 222//222 221//221
f 209//209 222//222 204//204
f 221//221 203//203 204//204
f 228//228 203//203 221//221
f 228//228 221//221 224//224
f 209//209 230//230 226//226
f 230//230 229//229 226//226
f 229//229 223//223 226//226
f 228//228 224//224 227//227
f 227//227 213//213 228//228
f 210//210 223//223 229//229
f 227//227 223//223 210//210
f 227//227 210//210 213//213
f 209//209 226//226 222//222
f 193//193 197//197 194//194
f 197//197 196//196 194//194
f 197//197 198//198 196//196
f 212//212 208//208 202//202
f 208//208 205//205 202//202
f 207//207 205//205 208//208
f 208//208 212//212 211//211
f 241//241 239//239 238//238
f 240//240 241//241 238//238
f 244//244 248//248 243//243
f 244//244 238//238 248//248
f 246//246 239//239 242//242
f 245//245 246//246 242//242
f 239//239 246//246 247//247
f 248//248 238//238 247//247
f 239//239 247//247 238//238
f 238//238 249//249 240//240
f 231//231 233//233 250//250
f 252//252 250//250 233//233
f 251//251 232//232 231//231
f 254//254 245//245 252//252
f 242//242 252//252 245//245
f 253//253 232//232 251//251
f 252//252 233//233 254//254
f 251//251 243//243 253//253
f 244//244 243//243 251//251
f 231//231 258//258 251//251
f 249//249 238//238 244//244
f 257//257 258//258 231//231
f 257//257 231//231 255//255
f 257//257 255//255 256//256
f 250//250 252//252 259//259
f 241//241 242//242 239//239
f 260//260 250//250 259//259
f 260//260 261//261 250//250
f 262//262 245//245 254//254
f 246//246 245//245 262//262
f 263//263 253//253 243//243
f 243//243 248//248 263//263
f 240//240 249//249 241//241
f 264//264 232//232 253//253
f 254//254 233//233 265//265
f 255//255 231//231 237//237
f 231//231 250//250 236//236
f 237//237 231//231 236//236
f 261//261 236//236 250//250
f 237//237 234//234 255//255
f 261//261 235//235 236//236
f 256//256 255//255 234//234
f 266//266 256//256 234//234
f 257//257 266//266 234//234
f 256//256 266//266 257//257
f 237//237 236//236 258//258
f 237//237 258//258 257//257
f 258//258 236//236 259//259
f 259//259 236//236 235//235
f 260//260 259//259 235//235
f 257//257 234//234 237//237
f 258//258 259//259 233//233
f 265//265 259//259 252//252
f 233//233 259//259 265//265
f 233//233 231//231 232//232
f 233//233 232//232 258//258
f 251//251 258//258 264//264
f 232//232 264//264 258//258
f 242//242 265//265 252//252
f 242//242 254//254 265//265
f 262//262 242//242 241//241
f 254//254 242//242 262//262
f 244//244 264//264 253//253
f 251//251 264//264 244//244
f 263//263 244//244 253//253
f 263//263 249//249 244//244
f 248//248 249//249 263//263
f 262//262 241//241 246//246
f 241//241 247//247 246//246
f 248//248 247//247 249//249
f 249//249 247//247 241//241
f 267//267 260//260 235//235
f 235//235 261//261 267//267
f 267//267 261//261 260//260
f 285//285 279//279 284//284
f 281//281 283//283 282//282
f 286//286 280//280 287//287
f 283//283 287//287 280//280
f 287//287 283//283 292//292
f 292//292 281//281 293//293
f 293//293 282//282 288//288
f 281//281 292//292 283//283
f 282//282 293//293 281//281
f 288//288 282//282 279//279
f 289//289 279//279 290//290
f 289//289 288//288 279//279
f 290//290 284//284 291//291
f 291//291 284//284 286//286
f 285//285 290//290 279//279
f 290//290 285//285 284//284
f 286//286 284//284 280//280
f 289//289 294//294 288//288
f 290//290 294//294 289//289
f 291//291 294//294 290//290
f 287//287 294//294 286//286
f 292//292 294//294 287//287
f 288//288 294//294 293//293
f 294//294 291//291 286//286
f 292//292 293//293 294//294
f 276//276 269//269 277//277
f 277//277 269//269 271//271
f 278//278 277//277 271//271
f 278//278 268//268 275//275
f 278//278 271//271 268//268
f 275//275 273//273 272//272
f 275//275 272//272 274//274
f 274//274 272//272 270//270
f 276//276 270//270 269//269
f 276//276 274//274 270//270
f 275//275 268//268 273//273
f 307//307 295//295 308//308
f 309//309 310//310 306//306
f 309//309 306//306 307//307
f 308//308 309//309 307//307
f 314//314 302//302 313//313
f 310//310 305//305 306//306
f 310//310 311//311 305//305
f 315//315 302//302 314//314
f 296//296 295//295 307//307
f 304//304 305//305 311//311
f 304//304 311//311 312//312
f 312//312 303//303 304//304
f 312//312 302//302 303//303
f 313//313 302//302 312//312
f 301//301 302//302 315//315
f 316//316 301//301 315//315
f 301//301 316//316 317//317
f 318//318 319//319 300//300
f 318//318 301//301 317//317
f 323//323 297//297 322//322
f 295//295 296//296 323//323
f 319//319 320//320 298//298
f 319//319 298//298 299//299
f 319//319 299//299 300//300
f 301//301 318//318 300//300
f 320//320 321//321 298//298
f 321//321 297//297 298//298
f 296//296 297//297 323//323
f 297//297 321//321 322//322
f 295//295 323//323 322//322
f 324//324 308//308 295//295
f 324//324 295//295 325//325
f 326//326 295//295 322//322
f 325//325 295//295 326//326
f 326//326 322//322 327//327
f 328//328 324//324 325//325
f 328//328 325//325 326//326
f 329//329 328//328 326//326
f 329//329 327//327 330//330
f 329//329 326//326 327//327
f 332//332 329//329 330//330
f 328//328 329//329 333//333
f 333//333 329//329 332//332
f 331//331 328//328 333//333
f 334//334 331//331 333//333
f 333//333 332//332 336//336
f 336//336 332//332 335//335
f 334//334 333//333 336//336
f 336//336 335//335 317//317
f 337//337 334//334 336//336
f 313//313 334//334 337//337
f 316//316 336//336 317//317
f 337//337 336//336 316//316
f 314//314 313//313 337//337
f 315//315 337//337 316//316
f 314//314 337//337 315//315
f 328//328 331//331 324//324
f 330//330 335//335 332//332
f 331//331 334//334 313//313
f 302//302 282//282 303//303
f 302//302 279//279 282//282
f 282//282 304//304 303//303
f 283//283 304//304 282//282
f 304//304 283//283 305//305
f 302//302 301//301 279//279
f 279//279 301//301 300//300
f 284//284 300//300 299//299
f 279//279 300//300 284//284
f 306//306 305//305 283//283
f 307//307 306//306 283//283
f 296//296 307//307 280//280
f 280//280 307//307 283//283
f 298//298 284//284 299//299
f 280//280 284//284 297//297
f 280//280 297//297 296//296
f 298//298 297//297 284//284
f 310//310 312//312 311//311
f 310//310 309//309 312//312
f 277//277 278//278 313//313
f 277//277 313//313 312//312
f 312//312 276//276 277//277
f 276//276 312//312 309//309
f 278//278 331//331 313//313
f 275//275 331//331 278//278
f 309//309 274//274 276//276
f 308//308 274//274 309//309
f 274//274 308//308 275//275
f 324//324 331//331 275//275
f 324//324 275//275 308//308
f 270//270 272//272 322//322
f 270//270 322//322 321//321
f 322//322 272//272 327//327
f 273//273 327//327 272//272
f 327//327 273//273 330//330
f 268//268 330//330 273//273
f 318//318 269//269 270//270
f 271//271 269//269 318//318
f 317//317 271//271 318//318
f 318//318 270//270 321//321
f 330//330 268//268 271//271
f 335//335 271//271 317//317
f 271//271 335//335 330//330
f 321//321 319//319 318//318
f 320//320 319//319 321//321
f 353//353 349//349 352//352
f 350//350 354//354 352//352
f 355//355 350//350 351//351
f 356//356 351//351 349//349
f 357//357 350//350 358//358
f 358//358 350//350 363//363
f 363//363 355//355 364//364
f 364//364 351//351 359//359
f 363//363 350//350 355//355
f 351//351 364//364 355//355
f 359//359 356//356 349//349
f 356//356 359//359 351//351
f 360//360 349//349 361//361
f 360//360 359//359 349//349
f 361//361 352//352 362//362
f 362//362 352//352 357//357
f 353//353 361//361 349//349
f 361//361 353//353 352//352
f 357//357 352//352 354//354
f 357//357 354//354 350//350
f 360//360 365//365 359//359
f 361//361 365//365 360//360
f 362//362 365//365 361//361
f 357//357 365//365 362//362
f 358//358 365//365 357//357
f 359//359 365//365 364//364
f 358//358 363//363 365//365
f 365//365 363//363 364//364
f 346//346 339//339 341//341
f 346//346 341//341 348//348
f 348//348 338//338 345//345
f 348//348 341//341 338//338
f 344//344 338//338 342//342
f 345//345 338//338 344//344
f 344//344 342//342 343//343
f 343//343 340//340 347//347
f 346//346 340//340 339//339
f 347//347 340//340 346//346
f 340//340 343//343 342//342
f 378//378 366//366 368//368
f 380//380 377//377 366//366
f 380//380 381//381 377//377
f 366//366 378//378 379//379
f 379//379 380//380 366//366
f 386//386 384//384 385//385
f 381//381 376//376 377//377
f 381//381 382//382 376//376
f 387//387 367//367 386//386
f 382//382 375//375 376//376
f 382//382 383//383 375//375
f 383//383 384//384 375//375
f 384//384 374//374 375//375
f 386//386 374//374 384//384
f 367//367 374//374 386//386
f 388//388 367//367 387//387
f 389//389 373//373 388//388
f 390//390 391//391 372//372
f 390//390 372//372 373//373
f 390//390 373//373 389//389
f 396//396 394//394 395//395
f 368//368 369//369 396//396
f 391//391 392//392 371//371
f 392//392 370//370 371//371
f 391//391 371//371 372//372
f 388//388 373//373 367//367
f 370//370 392//392 393//393
f 393//393 394//394 369//369
f 393//393 369//369 370//370
f 366//366 369//369 368//368
f 369//369 394//394 396//396
f 397//397 387//387 386//386
f 389//389 388//388 387//387
f 387//387 398//398 389//389
f 398//398 387//387 397//397
f 397//397 399//399 398//398
f 389//389 398//398 400//400
f 400//400 398//398 399//399
f 399//399 401//401 400//400
f 401//401 402//402 400//400
f 403//403 400//400 402//402
f 404//404 402//402 401//401
f 404//404 405//405 402//402
f 402//402 405//405 406//406
f 406//406 403//403 402//402
f 407//407 403//403 406//406
f 379//379 405//405 404//404
f 408//408 405//405 379//379
f 408//408 406//406 405//405
f 406//406 408//408 407//407
f 408//408 409//409 407//407
f 395//395 407//407 409//409
f 378//378 408//408 379//379
f 378//378 409//409 408//408
f 368//368 409//409 378//378
f 396//396 409//409 368//368
f 396//396 395//395 409//409
f 385//385 397//397 386//386
f 385//385 399//399 397//397
f 400//400 403//403 389//389
f 349//349 351//351 374//374
f 375//375 374//374 351//351
f 374//374 367//367 349//349
f 375//375 351//351 376//376
f 349//349 367//367 373//373
f 349//349 373//373 372//372
f 349//349 372//372 352//352
f 352//352 372//372 371//371
f 351//351 350//350 377//377
f 351//351 377//377 376//376
f 377//377 350//350 366//366
f 370//370 352//352 371//371
f 350//350 369//369 366//366
f 352//352 370//370 369//369
f 350//350 352//352 369//369
f 342//342 395//395 340//340
f 340//340 395//395 394//394
f 340//340 394//394 390//390
f 395//395 342//342 407//407
f 338//338 407//407 342//342
f 407//407 338//338 403//403
f 390//390 341//341 339//339
f 389//389 341//341 390//390
f 390//390 339//339 340//340
f 389//389 403//403 338//338
f 341//341 389//389 338//338
f 391//391 390//390 393//393
f 394//394 393//393 390//390
f 391//391 393//393 392//392
f 382//382 381//381 383//383
f 380//380 384//384 383//383
f 383//383 381//381 380//380
f 385//385 346//346 348//348
f 346//346 385//385 384//384
f 346//346 384//384 347//347
f 385//385 348//348 399//399
f 399//399 348//348 401//401
f 401//401 348//348 345//345
f 401//401 345//345 404//404
f 343//343 347//347 380//380
f 379//379 343//343 380//380
f 343//343 379//379 344//344
f 380//380 347//347 384//384
f 404//404 345//345 344//344
f 379//379 404//404 344//344
f 413//413 410//410 412//412
f 415//415 412//412 414//414
f 415//415 413//413 412//412
f 416//416 415//415 414//414
f 420//420 417//417 418//418
f 420//420 418//418 419//419
f 422//422 420//420 419//419
f 422//422 419//419 421//421
f 422//422 421//421 423//423
f 424//424 422//422 423//423
f 426//426 424//424 425//425
f 429//429 427//427 428//428
f 429//429 428//428 430//430
f 411//411 429//429 430//430
f 411//411 430//430 410//410
f 417//417 416//416 431//431
f 417//417 431//431 418//418
f 413//413 411//411 410//410
f 415//415 416//416 417//417
f 427//427 426//426 432//432
f 428//428 427//427 432//432
f 424//424 426//426 427//427
f 437//437 436//436 438//438
f 439//439 437//437 438//438
f 441//441 439//439 440//440
f 442//442 441//441 440//440
f 443//443 442//442 440//440
f 444//444 442//442 443//443
f 445//445 444//444 443//443
f 448//448 446//446 447//447
f 449//449 448//448 447//447
f 450//450 449//449 447//447
f 434//434 453//453 452//452
f 435//435 454//454 436//436
f 454//454 438//438 436//436
f 433//433 435//435 434//434
f 439//439 438//438 440//440
f 445//445 443//443 446//446
f 456//456 451//451 450//450
f 456//456 452//452 451//451
f 434//434 452//452 433//433
f 447//447 456//456 450//450
f 451//451 455//455 450//450
f 484//484 457//457 458//458
f 462//462 463//463 483//483
f 463//463 464//464 481//481
f 463//463 481//481 482//482
f 469//469 480//480 468//468
f 489//489 469//469 470//470
f 474//474 475//475 488//488
f 475//475 476//476 486//486
f 475//475 486//486 487//487
f 457//457 485//485 479//479
f 495//495 496//496 505//505
f 496//496 497//497 503//503
f 496//496 503//503 504//504
f 501//501 502//502 500//500
f 518//518 501//501 506//506
f 510//510 431//431 517//517
f 431//431 511//511 515//515
f 431//431 515//515 516//516
f 432//432 496//496 495//495
f 474//474 473//473 437//437
f 475//475 474//474 437//437
f 475//475 437//437 439//439
f 471//471 470//470 434//434
f 471//471 434//434 435//435
f 470//470 469//469 434//434
f 472//472 471//471 435//435
f 472//472 435//435 436//436
f 473//473 472//472 436//436
f 473//473 436//436 437//437
f 469//469 468//468 453//453
f 469//469 453//453 434//434
f 468//468 467//467 452//452
f 468//468 452//452 453//453
f 465//465 451//451 452//452
f 465//465 452//452 466//466
f 464//464 463//463 455//455
f 464//464 455//455 451//451
f 465//465 464//464 451//451
f 467//467 466//466 452//452
f 450//450 455//455 463//463
f 450//450 463//463 462//462
f 462//462 461//461 449//449
f 462//462 449//449 450//450
f 460//460 459//459 448//448
f 457//457 445//445 446//446
f 457//457 446//446 458//458
f 459//459 458//458 446//446
f 459//459 446//446 448//448
f 461//461 460//460 448//448
f 461//461 448//448 449//449
f 479//479 445//445 457//457
f 444//444 445//445 479//479
f 475//475 439//439 441//441
f 475//475 441//441 476//476
f 477//477 476//476 441//441
f 477//477 441//441 442//442
f 478//478 477//477 442//442
f 478//478 442//442 444//444
f 523//523 524//524 530//530
f 526//526 523//523 529//529
f 528//528 538//538 531//531
f 531//531 525//525 528//528
f 526//526 536//536 537//537
f 537//537 528//528 526//526
f 537//537 538//538 528//528
f 529//529 535//535 536//536
f 535//535 529//529 523//523
f 526//526 529//529 536//536
f 534//534 523//523 530//530
f 532//532 524//524 527//527
f 533//533 530//530 524//524
f 530//530 533//533 534//534
f 534//534 535//535 523//523
f 532//532 533//533 524//524
f 532//532 527//527 525//525
f 531//531 532//532 525//525
f 539//539 424//424 540//540
f 539//539 422//422 424//424
f 410//410 491//491 490//490
f 410//410 430//430 492//492
f 410//410 492//492 491//491
f 430//430 428//428 494//494
f 430//430 494//494 493//493
f 428//428 432//432 495//495
f 428//428 495//495 494//494
f 430//430 493//493 492//492
f 432//432 426//426 496//496
f 426//426 425//425 497//497
f 426//426 497//497 496//496
f 425//425 424//424 498//498
f 424//424 423//423 500//500
f 424//424 500//500 499//499
f 424//424 499//499 498//498
f 423//423 501//501 500//500
f 421//421 506//506 501//501
f 419//419 508//508 507//507
f 419//419 507//507 506//506
f 419//419 506//506 421//421
f 418//418 510//510 509//509
f 418//418 509//509 419//419
f 431//431 510//510 418//418
f 419//419 509//509 508//508
f 416//416 511//511 431//431
f 414//414 512//512 511//511
f 414//414 511//511 416//416
f 414//414 514//514 513//513
f 412//412 490//490 514//514
f 410//410 490//490 412//412
f 412//412 514//514 414//414
f 414//414 513//513 512//512
f 501//501 423//423 421//421
f 546//546 490//490 491//491
f 545//545 491//491 492//492
f 493//493 544//544 492//492
f 493//493 494//494 465//465
f 493//493 465//465 466//466
f 495//495 505//505 481//481
f 495//495 481//481 464//464
f 496//496 504//504 463//463
f 496//496 463//463 482//482
f 505//505 496//496 482//482
f 505//505 482//482 481//481
f 494//494 495//495 464//464
f 494//494 464//464 465//465
f 503//503 497//497 462//462
f 503//503 462//462 483//483
f 497//497 425//425 461//461
f 497//497 461//461 462//462
f 498//498 499//499 459//459
f 498//498 459//459 460//460
f 500//500 502//502 484//484
f 500//500 484//484 458//458
f 499//499 500//500 458//458
f 499//499 458//458 459//459
f 425//425 498//498 460//460
f 425//425 460//460 461//461
f 504//504 503//503 483//483
f 504//504 483//483 463//463
f 502//502 501//501 457//457
f 502//502 457//457 484//484
f 467//467 468//468 544//544
f 469//469 542//542 480//480
f 480//480 543//543 468//468
f 468//468 543//543 544//544
f 544//544 466//466 467//467
f 466//466 544//544 493//493
f 501//501 518//518 485//485
f 501//501 485//485 457//457
f 518//518 506//506 479//479
f 518//518 479//479 485//485
f 506//506 507//507 444//444
f 506//506 444//444 479//479
f 509//509 477//477 478//478
f 509//509 478//478 508//508
f 517//517 486//486 476//476
f 517//517 476//476 510//510
f 510//510 476//476 477//477
f 510//510 477//477 509//509
f 507//507 508//508 478//478
f 507//507 478//478 444//444
f 431//431 516//516 475//475
f 431//431 475//475 487//487
f 516//516 515//515 488//488
f 516//516 488//488 475//475
f 511//511 512//512 473//473
f 511//511 473//473 474//474
f 512//512 513//513 472//472
f 512//512 472//472 473//473
f 514//514 548//548 513//513
f 515//515 511//511 474//474
f 515//515 474//474 488//488
f 431//431 487//487 486//486
f 431//431 486//486 517//517
f 549//549 513//513 548//548
f 547//547 548//548 514//514
f 514//514 490//490 547//547
f 513//513 549//549 472//472
f 471//471 549//549 550//550
f 550//550 470//470 471//471
f 550//550 551//551 489//489
f 550//550 489//489 470//470
f 472//472 549//549 471//471
f 427//427 540//540 424//424
f 417//417 541//541 415//415
f 540//540 536//536 539//539
f 540//540 537//537 536//536
f 536//536 535//535 539//539
f 422//422 534//534 420//420
f 535//535 422//422 539//539
f 534//534 533//533 420//420
f 417//417 420//420 533//533
f 535//535 534//534 422//422
f 427//427 538//538 537//537
f 540//540 427//427 537//537
f 538//538 429//429 531//531
f 411//411 531//531 429//429
f 413//413 531//531 411//411
f 427//427 429//429 538//538
f 532//532 541//541 533//533
f 533//533 541//541 417//417
f 415//415 532//532 413//413
f 532//532 415//415 541//541
f 413//413 532//532 531//531
f 526//526 528//528 523//523
f 527//527 523//523 528//528
f 525//525 527//527 528//528
f 527//527 524//524 523//523
f 456//456 521//521 522//522
f 456//456 447//447 521//521
f 443//443 522//522 520//520
f 522//522 521//521 520//520
f 440//440 454//454 522//522
f 522//522 454//454 456//456
f 456//456 454//454 519//519
f 438//438 454//454 440//440
f 433//433 519//519 454//454
f 447//447 446//446 521//521
f 520//520 521//521 446//446
f 446//446 443//443 520//520
f 443//443 440//440 522//522
f 456//456 519//519 452//452
f 519//519 433//433 452//452
f 435//435 433//433 454//454
f 549//549 548//548 552//552
f 548//548 547//547 557//557
f 552//552 557//557 573//573
f 557//557 552//552 548//548
f 559//559 573//573 557//557
f 590//590 573//573 576//576
f 573//573 590//590 552//552
f 559//559 557//557 558//558
f 572//572 573//573 559//559
f 573//573 578//578 576//576
f 552//552 590//590 583//583
f 549//549 552//552 583//583
f 590//590 576//576 579//579
f 585//585 583//583 590//590
f 583//583 589//589 564//564
f 549//549 583//583 564//564
f 589//589 588//588 564//564
f 564//564 565//565 549//549
f 565//565 554//554 550//550
f 565//565 550//550 549//549
f 551//551 550//550 554//554
f 589//589 583//583 582//582
f 567//567 564//564 568//568
f 575//575 558//558 561//561
f 560//560 574//574 575//575
f 546//546 545//545 591//591
f 492//492 574//574 560//560
f 545//545 492//492 560//560
f 492//492 571//571 574//574
f 585//585 580//580 584//584
f 492//492 570//570 571//571
f 492//492 578//578 570//570
f 492//492 580//580 578//578
f 580//580 577//577 578//578
f 586//586 588//588 589//589
f 584//584 582//582 583//583
f 555//555 554//554 556//556
f 581//581 589//589 582//582
f 581//581 582//582 584//584
f 492//492 581//581 584//584
f 586//586 581//581 492//492
f 584//584 580//580 492//492
f 563//563 568//568 569//569
f 563//563 569//569 586//586
f 567//567 568//568 563//563
f 492//492 563//563 586//586
f 556//556 562//562 544//544
f 543//543 556//556 544//544
f 544//544 562//562 563//563
f 544//544 563//563 492//492
f 555//555 542//542 553//553
f 543//543 555//555 556//556
f 555//555 543//543 542//542
f 554//554 553//553 551//551
f 553//553 554//554 555//555
f 547//547 558//558 557//557
f 547//547 591//591 558//558
f 558//558 591//591 561//561
f 591//591 545//545 561//561
f 545//545 560//560 561//561
f 558//558 575//575 559//559
f 575//575 561//561 560//560
f 566//566 564//564 567//567
f 566//566 565//565 564//564
f 567//567 563//563 566//566
f 562//562 566//566 563//563
f 569//569 568//568 564//564
f 572//572 571//571 570//570
f 572//572 570//570 573//573
f 572//572 559//559 575//575
f 572//572 575//575 574//574
f 572//572 574//574 571//571
f 577//577 576//576 578//578
f 578//578 573//573 570//570
f 576//576 577//577 579//579
f 577//577 580//580 579//579
f 585//585 590//590 579//579
f 580//580 585//585 579//579
f 583//583 585//585 584//584
f 587//587 586//586 589//589
f 589//589 581//581 587//587
f 586//586 587//587 581//581
f 569//569 564//564 588//588
f 586//586 569//569 588//588
f 554//554 565//565 566//566
f 566//566 556//556 554//554
f 566//566 562//562 556//556
f 491//491 545//545 546//546
f 480//480 542//542 543//543
f 591//591 547//547 546//546
f 490//490 546//546 547//547
f 469//469 489//489 542//542
f 489//489 551//551 542//542
f 553//553 542//542 551//551
f 592//592 593//593 599//599
f 595//595 592//592 598//598
f 607//607 594//594 597//597
f 606//606 597//597 595//595
f 607//607 600//600 594//594
f 606//606 607//607 597//597
f 598//598 604//604 605//605
f 604//604 598//598 592//592
f 595//595 605//605 606//606
f 595//595 598//598 605//605
f 603//603 592//592 599//599
f 601//601 593//593 596//596
f 602//602 599//599 593//593
f 603//603 604//604 592//592
f 602//602 603//603 599//599
f 601//601 602//602 593//593
f 601//601 596//596 594//594
f 600//600 601//601 594//594
f 610//610 633//633 609//609
f 610//610 609//609 608//608
f 610//610 611//611 632//632
f 610//610 632//632 633//633
f 612//612 613//613 630//630
f 612//612 630//630 631//631
f 614//614 615//615 628//628
f 614//614 628//628 629//629
f 613//613 614//614 629//629
f 613//613 629//629 630//630
f 611//611 612//612 631//631
f 611//611 631//631 632//632
f 627//627 628//628 615//615
f 627//627 615//615 616//616
f 616//616 617//617 626//626
f 616//616 626//626 627//627
f 617//617 618//618 625//625
f 617//617 625//625 626//626
f 620//620 623//623 624//624
f 620//620 624//624 619//619
f 621//621 608//608 609//609
f 621//621 609//609 622//622
f 620//620 621//621 622//622
f 620//620 622//622 623//623
f 618//618 619//619 624//624
f 618//618 624//624 625//625
f 613//613 615//615 614//614
f 615//615 620//620 616//616
f 617//617 616//616 618//618
f 616//616 620//620 618//618
f 611//611 615//615 613//613
f 620//620 615//615 611//611
f 610//610 608//608 611//611
f 619//619 618//618 620//620
f 620//620 608//608 621//621
f 620//620 611//611 608//608
f 611//611 613//613 612//612
f 607//607 629//629 628//628
f 600//600 607//607 628//628
f 606//606 630//630 607//607
f 629//629 607//607 630//630
f 631//631 630//630 606//606
f 601//601 627//627 626//626
f 628//628 627//627 600//600
f 600//600 627//627 601//601
f 626//626 625//625 601//601
f 624//624 602//602 625//625
f 601//601 625//625 602//602
f 631//631 605//605 632//632
f 605//605 604//604 633//633
f 609//609 633//633 604//604
f 632//632 605//605 633//633
f 603//603 624//624 623//623
f 603//603 602//602 624//624
f 622//622 609//609 604//604
f 622//622 603//603 623//623
f 604//604 603//603 622//622
f 605//605 631//631 606//606
f 595//595 597//597 592//592
f 596//596 592//592 597//597
f 594//594 596//596 597//597
f 596//596 593//593 592//592
f 647//647 649//649 648//648
f 652//652 646//646 653//653
f 649//649 653//653 646//646
f 653//653 649//649 658//658
f 658//658 647//647 659//659
f 659//659 648//648 654//654
f 647//647 658//658 649//649
f 648//648 659//659 647//647
f 654//654 648//648 645//645
f 655//655 645//645 656//656
f 655//655 654//654 645//645
f 656//656 651//651 657//657
f 657//657 650//650 652//652
f 651//651 656//656 645//645
f 657//657 651//651 650//650
f 652//652 650//650 646//646
f 655//655 660//660 654//654
f 657//657 660//660 656//656
f 653//653 660//660 652//652
f 658//658 660//660 653//653
f 659//659 660//660 658//658
f 654//654 660//660 659//659
f 655//655 656//656 660//660
f 660//660 657//657 652//652
f 642//642 635//635 643//643
f 643//643 635//635 637//637
f 644//644 643//643 637//637
f 644//644 634//634 641//641
f 644//644 637//637 634//634
f 641//641 639//639 638//638
f 641//641 638//638 640//640
f 640//640 638//638 636//636
f 642//642 636//636 635//635
f 642//642 640//640 636//636
f 641//641 634//634 639//639
f 662//662 661//661 671//671
f 672//672 673//673 670//670
f 672//672 670//670 662//662
f 671//671 672//672 662//662
f 678//678 667//667 677//677
f 673//673 674//674 670//670
f 674//674 669//669 670//670
f 679//679 667//667 678//678
f 669//669 674//674 675//675
f 675//675 668//668 669//669
f 675//675 676//676 668//668
f 676//676 667//667 668//668
f 677//677 667//667 676//676
f 666//666 667//667 679//679
f 680//680 666//666 679//679
f 681//681 682//682 665//665
f 681//681 666//666 680//680
f 686//686 663//663 685//685
f 682//682 664//664 665//665
f 661//661 663//663 686//686
f 682//682 683//683 664//664
f 666//666 681//681 665//665
f 683//683 684//684 664//664
f 684//684 663//663 664//664
f 663//663 684//684 685//685
f 663//663 661//661 662//662
f 671//671 661//661 686//686
f 687//687 686//686 685//685
f 671//671 686//686 687//687
f 688//688 671//671 687//687
f 689//689 687//687 685//685
f 688//688 687//687 689//689
f 689//689 685//685 690//690
f 691//691 688//688 689//689
f 692//692 688//688 691//691
f 693//693 691//691 689//689
f 693//693 689//689 690//690
f 693//693 692//692 691//691
f 694//694 692//692 693//693
f 693//693 690//690 695//695
f 696//696 693//693 695//695
f 697//697 693//693 696//696
f 694//694 693//693 697//697
f 698//698 694//694 697//697
f 699//699 697//697 696//696
f 698//698 697//697 699//699
f 699//699 696//696 680//680
f 700//700 698//698 699//699
f 677//677 698//698 700//700
f 679//679 699//699 680//680
f 700//700 699//699 679//679
f 678//678 677//677 700//700
f 678//678 700//700 679//679
f 688//688 692//692 671//671
f 695//695 680//680 696//696
f 677//677 694//694 698//698
f 667//667 648//648 668//668
f 645//645 648//648 667//667
f 648//648 669//669 668//668
f 649//649 669//669 648//648
f 667//667 666//666 645//645
f 645//645 666//666 665//665
f 645//645 665//665 651//651
f 664//664 651//651 665//665
f 670//670 669//669 649//649
f 662//662 670//670 649//649
f 646//646 662//662 649//649
f 650//650 651//651 664//664
f 646//646 650//650 663//663
f 663//663 662//662 646//646
f 650//650 664//664 663//663
f 673//673 676//676 675//675
f 674//674 673//673 675//675
f 676//676 673//673 672//672
f 643//643 644//644 677//677
f 643//643 677//677 676//676
f 676//676 642//642 643//643
f 642//642 676//676 672//672
f 644//644 694//694 677//677
f 641//641 694//694 644//644
f 672//672 640//640 642//642
f 671//671 640//640 672//672
f 640//640 671//671 641//641
f 692//692 694//694 641//641
f 692//692 641//641 671//671
f 636//636 638//638 685//685
f 636//636 685//685 684//684
f 685//685 638//638 690//690
f 639//639 690//690 638//638
f 690//690 639//639 695//695
f 634//634 695//695 639//639
f 681//681 635//635 636//636
f 637//637 635//635 681//681
f 680//680 637//637 681//681
f 681//681 636//636 684//684
f 695//695 634//634 637//637
f 637//637 680//680 695//695
f 684//684 682//682 681//681
f 683//683 682//682 684//684
f 718//718 714//714 715//715
f 719//719 714//714 720//720
f 720//720 714//714 725//725
f 725//725 715//715 726//726
f 726//726 715//715 721//721
f 725//725 714//714 718//718
f 715//715 725//725 718//718
f 721//721 713//713 712//712
f 713//713 721//721 715//715
f 722//722 712//712 723//723
f 722//722 721//721 712//712
f 723//723 717//717 724//724
f 724//724 716//716 719//719
f 717//717 723//723 712//712
f 724//724 717//717 716//716
f 719//719 716//716 714//714
f 722//722 727//727 721//721
f 723//723 727//727 722//722
f 724//724 727//727 723//723
f 719//719 727//727 724//724
f 720//720 727//727 719//719
f 725//725 727//727 720//720
f 726//726 727//727 725//725
f 721//721 727//727 726//726
f 709//709 702//702 704//704
f 709//709 704//704 711//711
f 711//711 701//701 708//708
f 711//711 704//704 701//701
f 707//707 701//701 705//705
f 708//708 701//701 707//707
f 707//707 705//705 706//706
f 706//706 703//703 710//710
f 709//709 703//703 702//702
f 710//710 703//703 709//709
f 703//703 706//706 705//705
f 739//739 728//728 730//730
f 740//740 738//738 728//728
f 740//740 741//741 738//738
f 728//728 739//739 740//740
f 741//741 737//737 738//738
f 741//741 742//742 737//737
f 746//746 729//729 745//745
f 742//742 736//736 737//737
f 742//742 743//743 736//736
f 743//743 744//744 735//735
f 743//743 735//735 736//736
f 745//745 735//735 744//744
f 735//735 745//745 729//729
f 747//747 729//729 746//746
f 748//748 729//729 747//747
f 749//749 750//750 734//734
f 749//749 734//734 729//729
f 749//749 729//729 748//748
f 755//755 753//753 754//754
f 730//730 731//731 755//755
f 750//750 751//751 733//733
f 751//751 732//732 733//733
f 750//750 733//733 734//734
f 732//732 751//751 752//752
f 752//752 753//753 732//732
f 753//753 731//731 732//732
f 731//731 753//753 755//755
f 731//731 730//730 728//728
f 745//745 756//756 746//746
f 757//757 746//746 756//756
f 757//757 747//747 746//746
f 748//748 747//747 757//757
f 756//756 758//758 757//757
f 748//748 757//757 759//759
f 759//759 757//757 758//758
f 758//758 756//756 760//760
f 761//761 759//759 762//762
f 763//763 758//758 760//760
f 762//762 759//759 758//758
f 762//762 758//758 763//763
f 764//764 761//761 762//762
f 764//764 762//762 763//763
f 767//767 763//763 765//765
f 767//767 764//764 763//763
f 767//767 765//765 768//768
f 766//766 764//764 767//767
f 767//767 769//769 766//766
f 754//754 766//766 769//769
f 739//739 767//767 768//768
f 739//739 769//769 767//767
f 730//730 769//769 739//739
f 755//755 769//769 730//730
f 755//755 754//754 769//769
f 745//745 760//760 756//756
f 763//763 760//760 765//765
f 761//761 748//748 759//759
f 768//768 740//740 739//739
f 761//761 764//764 766//766
f 736//736 735//735 713//713
f 735//735 729//729 713//713
f 736//736 715//715 737//737
f 715//715 736//736 713//713
f 713//713 729//729 712//712
f 712//712 729//729 734//734
f 712//712 734//734 717//717
f 717//717 734//734 733//733
f 715//715 714//714 738//738
f 715//715 738//738 737//737
f 738//738 714//714 728//728
f 732//732 717//717 733//733
f 717//717 732//732 716//716
f 731//731 728//728 714//714
f 732//732 731//731 716//716
f 714//714 716//716 731//731
f 705//705 754//754 703//703
f 703//703 754//754 753//753
f 703//703 753//753 749//749
f 754//754 705//705 766//766
f 701//701 766//766 705//705
f 766//766 701//701 761//761
f 749//749 704//704 702//702
f 748//748 704//704 749//749
f 749//749 702//702 703//703
f 748//748 761//761 701//701
f 704//704 748//748 701//701
f 750//750 749//749 752//752
f 753//753 752//752 749//749
f 750//750 752//752 751//751
f 742//742 741//741 743//743
f 740//740 744//744 743//743
f 743//743 741//741 740//740
f 745//745 709//709 711//711
f 709//709 745//745 744//744
f 709//709 744//744 710//710
f 745//745 711//711 760//760
f 760//760 711//711 708//708
f 760//760 708//708 765//765
f 706//706 710//710 740//740
f 706//706 768//768 707//707
f 740//740 710//710 744//744
f 740//740 768//768 706//706
f 765//765 708//708 707//707
f 768//768 765//765 707//707
f 773//773 770//770 772//772
f 775//775 772//772 774//774
f 775//775 773//773 772//772
f 776//776 775//775 774//774
f 780//780 777//777 778//778
f 780//780 778//778 779//779
f 782//782 780//780 779//779
f 782//782 779//779 781//781
f 782//782 781//781 783//783
f 784//784 782//782 783//783
f 784//784 783//783 785//785
f 786//786 784//784 785//785
f 789//789 787//787 788//788
f 789//789 788//788 790//790
f 771//771 789//789 790//790
f 771//771 790//790 770//770
f 777//777 776//776 791//791
f 777//777 791//791 778//778
f 773//773 771//771 770//770
f 775//775 776//776 777//777
f 788//788 787//787 793//793
f 784//784 786//786 792//792
f 797//797 795//795 796//796
f 798//798 797//797 796//796
f 799//799 798//798 800//800
f 801//801 799//799 800//800
f 804//804 803//803 802//802
f 809//809 807//807 806//806
f 809//809 806//806 808//808
f 810//810 809//809 808//808
f 810//810 808//808 811//811
f 812//812 810//810 811//811
f 815//815 813//813 814//814
f 795//795 815//815 814//814
f 796//796 800//800 798//798
f 794//794 796//796 795//795
f 801//801 800//800 816//816
f 816//816 802//802 801//801
f 802//802 805//805 804//804
f 807//807 805//805 806//806
f 812//812 818//818 813//813
f 818//818 814//814 813//813
f 795//795 814//814 794//794
f 810//810 812//812 817//817
f 817//817 825//825 824//824
f 846//846 819//819 820//820
f 824//824 825//825 845//845
f 825//825 826//826 843//843
f 825//825 843//843 844//844
f 831//831 842//842 830//830
f 852//852 831//831 832//832
f 836//836 837//837 851//851
f 837//837 838//838 849//849
f 837//837 849//849 850//850
f 819//819 848//848 841//841
f 857//857 858//858 868//868
f 858//858 859//859 866//866
f 858//858 866//866 867//867
f 864//864 865//865 863//863
f 882//882 864//864 869//869
f 873//873 791//791 881//881
f 791//791 874//874 879//879
f 791//791 879//879 880//880
f 793//793 858//858 857//857
f 847//847 839//839 840//840
f 836//836 835//835 799//799
f 837//837 836//836 799//799
f 837//837 799//799 801//801
f 833//833 832//832 797//797
f 832//832 831//831 797//797
f 834//834 833//833 797//797
f 834//834 797//797 798//798
f 835//835 834//834 798//798
f 835//835 798//798 799//799
f 831//831 830//830 795//795
f 830//830 829//829 815//815
f 830//830 815//815 795//795
f 827//827 813//813 815//815
f 827//827 815//815 828//828
f 826//826 825//825 812//812
f 826//826 812//812 813//813
f 827//827 826//826 813//813
f 829//829 828//828 815//815
f 831//831 795//795 797//797
f 817//817 812//812 825//825
f 824//824 823//823 810//810
f 817//817 824//824 810//810
f 822//822 821//821 809//809
f 819//819 807//807 820//820
f 821//821 820//820 807//807
f 821//821 807//807 809//809
f 823//823 822//822 809//809
f 823//823 809//809 810//810
f 841//841 805//805 819//819
f 840//840 839//839 804//804
f 840//840 804//804 805//805
f 840//840 805//805 841//841
f 837//837 801//801 802//802
f 837//837 802//802 838//838
f 839//839 838//838 802//802
f 839//839 802//802 803//803
f 839//839 803//803 804//804
f 819//819 805//805 807//807
f 886//886 887//887 892//892
f 885//885 886//886 893//893
f 891//891 887//887 888//888
f 889//889 885//885 890//890
f 894//894 887//887 891//891
f 891//891 901//901 894//894
f 900//900 888//888 889//889
f 889//889 899//899 900//900
f 901//901 891//891 888//888
f 900//900 901//901 888//888
f 890//890 898//898 899//899
f 898//898 890//890 885//885
f 889//889 890//890 899//899
f 897//897 885//885 893//893
f 895//895 886//886 892//892
f 896//896 893//893 886//886
f 893//893 896//896 897//897
f 897//897 898//898 885//885
f 895//895 896//896 886//886
f 895//895 892//892 887//887
f 894//894 895//895 887//887
f 770//770 790//790 855//855
f 770//770 855//855 854//854
f 770//770 854//854 853//853
f 790//790 788//788 856//856
f 790//790 856//856 855//855
f 788//788 793//793 857//857
f 788//788 857//857 856//856
f 793//793 787//787 858//858
f 787//787 786//786 859//859
f 787//787 859//859 858//858
f 786//786 785//785 861//861
f 786//786 861//861 860//860
f 785//785 783//783 863//863
f 785//785 863//863 862//862
f 785//785 862//862 861//861
f 786//786 860//860 859//859
f 783//783 864//864 863//863
f 781//781 869//869 864//864
f 779//779 871//871 870//870
f 779//779 870//870 869//869
f 779//779 869//869 781//781
f 778//778 873//873 872//872
f 778//778 872//872 779//779
f 791//791 873//873 778//778
f 779//779 872//872 871//871
f 776//776 874//874 791//791
f 774//774 875//875 874//874
f 774//774 874//874 776//776
f 774//774 877//877 876//876
f 770//770 853//853 878//878
f 770//770 878//878 772//772
f 772//772 878//878 877//877
f 772//772 877//877 774//774
f 774//774 876//876 875//875
f 864//864 783//783 781//781
f 907//907 853//853 854//854
f 906//906 854//854 855//855
f 855//855 856//856 827//827
f 855//855 827//827 828//828
f 857//857 868//868 843//843
f 857//857 843//843 826//826
f 858//858 867//867 825//825
f 858//858 825//825 844//844
f 868//868 858//858 844//844
f 868//868 844//844 843//843
f 856//856 857//857 826//826
f 856//856 826//826 827//827
f 866//866 859//859 824//824
f 866//866 824//824 845//845
f 859//859 860//860 823//823
f 859//859 823//823 824//824
f 861//861 862//862 821//821
f 861//861 821//821 822//822
f 863//863 865//865 846//846
f 863//863 846//846 820//820
f 862//862 863//863 820//820
f 862//862 820//820 821//821
f 860//860 861//861 822//822
f 860//860 822//822 823//823
f 867//867 866//866 845//845
f 867//867 845//845 825//825
f 865//865 864//864 819//819
f 865//865 819//819 846//846
f 829//829 830//830 905//905
f 905//905 906//906 855//855
f 831//831 903//903 842//842
f 842//842 904//904 830//830
f 830//830 904//904 905//905
f 905//905 828//828 829//829
f 828//828 905//905 855//855
f 864//864 882//882 848//848
f 864//864 848//848 819//819
f 882//882 869//869 841//841
f 882//882 841//841 848//848
f 869//869 870//870 840//840
f 869//869 840//840 841//841
f 872//872 839//839 847//847
f 872//872 847//847 871//871
f 881//881 849//849 838//838
f 881//881 838//838 873//873
f 873//873 838//838 839//839
f 873//873 839//839 872//872
f 870//870 871//871 847//847
f 870//870 847//847 840//840
f 791//791 880//880 837//837
f 791//791 837//837 850//850
f 880//880 879//879 851//851
f 880//880 851//851 837//837
f 874//874 875//875 835//835
f 874//874 835//835 836//836
f 875//875 876//876 834//834
f 875//875 834//834 835//835
f 879//879 874//874 836//836
f 879//879 836//836 851//851
f 791//791 850//850 849//849
f 791//791 849//849 881//881
f 878//878 908//908 877//877
f 907//907 878//878 853//853
f 909//909 876//876 877//877
f 876//876 909//909 834//834
f 833//833 909//909 910//910
f 910//910 832//832 833//833
f 910//910 911//911 852//852
f 910//910 852//852 832//832
f 834//834 909//909 833//833
f 792//792 786//786 902//902
f 787//787 902//902 786//786
f 789//789 902//902 787//787
f 792//792 899//899 784//784
f 792//792 900//900 899//899
f 899//899 898//898 784//784
f 782//782 784//784 898//898
f 782//782 898//898 780//780
f 897//897 896//896 780//780
f 777//777 780//780 896//896
f 898//898 897//897 780//780
f 902//902 901//901 900//900
f 792//792 902//902 900//900
f 901//901 789//789 894//894
f 771//771 894//894 789//789
f 902//902 789//789 901//901
f 895//895 775//775 896//896
f 896//896 775//775 777//777
f 775//775 895//895 773//773
f 773//773 895//895 894//894
f 773//773 894//894 771//771
f 889//889 888//888 885//885
f 887//887 885//885 888//888
f 887//887 886//886 885//885
f 818//818 806//806 816//816
f 818//818 808//808 806//806
f 884//884 816//816 883//883
f 816//816 806//806 883//883
f 818//818 811//811 808//808
f 816//816 800//800 818//818
f 818//818 800//800 814//814
f 796//796 794//794 800//800
f 794//794 814//814 800//800
f 806//806 805//805 883//883
f 883//883 805//805 884//884
f 805//805 802//802 884//884
f 816//816 884//884 802//802
f 818//818 812//812 811//811
f 909//909 877//877 912//912
f 908//908 912//912 877//877
f 912//912 916//916 931//931
f 916//916 912//912 908//908
f 917//917 918//918 916//916
f 918//918 931//931 916//916
f 948//948 931//931 933//933
f 931//931 948//948 912//912
f 931//931 934//934 933//933
f 912//912 948//948 909//909
f 909//909 948//948 940//940
f 936//936 948//948 935//935
f 940//940 947//947 945//945
f 940//940 945//945 927//927
f 909//909 940//940 927//927
f 927//927 922//922 909//909
f 923//923 910//910 909//909
f 909//909 922//922 923//923
f 911//911 910//910 923//923
f 940//940 948//948 941//941
f 945//945 947//947 942//942
f 947//947 940//940 939//939
f 926//926 925//925 922//922
f 915//915 911//911 913//913
f 949//949 931//931 928//928
f 907//907 951//951 950//950
f 918//918 919//919 932//932
f 906//906 951//951 907//907
f 919//919 951//951 906//906
f 906//906 932//932 919//919
f 906//906 929//929 932//932
f 906//906 928//928 929//929
f 906//906 949//949 928//928
f 906//906 937//937 949//949
f 940//940 941//941 939//939
f 939//939 938//938 947//947
f 926//926 927//927 944//944
f 913//913 946//946 914//914
f 936//936 937//937 941//941
f 938//938 939//939 941//941
f 906//906 938//938 941//941
f 942//942 938//938 905//905
f 938//938 906//906 905//905
f 941//941 937//937 906//906
f 920//920 924//924 925//925
f 925//925 926//926 921//921
f 921//921 926//926 944//944
f 944//944 942//942 921//921
f 905//905 921//921 942//942
f 905//905 920//920 921//921
f 914//914 920//920 905//905
f 904//904 914//914 905//905
f 904//904 903//903 914//914
f 911//911 923//923 946//946
f 911//911 946//946 913//913
f 914//914 915//915 913//913
f 903//903 915//915 914//914
f 950//950 916//916 908//908
f 917//917 916//916 950//950
f 951//951 919//919 950//950
f 919//919 917//917 950//950
f 918//918 917//917 919//919
f 922//922 925//925 924//924
f 924//924 923//923 922//922
f 925//925 921//921 920//920
f 922//922 927//927 926//926
f 930//930 929//929 928//928
f 930//930 928//928 931//931
f 930//930 931//931 918//918
f 930//930 918//918 932//932
f 930//930 932//932 929//929
f 949//949 934//934 931//931
f 934//934 935//935 933//933
f 948//948 933//933 935//935
f 935//935 937//937 936//936
f 935//935 949//949 937//937
f 949//949 935//935 934//934
f 936//936 941//941 948//948
f 938//938 943//943 947//947
f 943//943 942//942 947//947
f 943//943 938//938 942//942
f 944//944 927//927 945//945
f 945//945 942//942 944//944
f 924//924 946//946 923//923
f 924//924 914//914 946//946
f 924//924 920//920 914//914
f 854//854 906//906 907//907
f 842//842 903//903 904//904
f 878//878 907//907 908//908
f 831//831 852//852 903//903
f 852//852 911//911 903//903
f 950//950 908//908 907//907
f 915//915 903//903 911//911
f 952//952 953//953 959//959
f 955//955 952//952 958//958
f 967//967 954//954 957//957
f 966//966 957//957 955//955
f 967//967 960//960 954//954
f 966//966 967//967 957//957
f 958//958 964//964 965//965
f 964//964 958//958 952//952
f 955//955 965//965 966//966
f 955//955 958//958 965//965
f 963//963 952//952 959//959
f 961//961 953//953 956//956
f 962//962 959//959 953//953
f 963//963 964//964 952//952
f 962//962 963//963 959//959
f 961//961 962//962 953//953
f 961//961 956//956 954//954
f 960//960 961//961 954//954
f 970//970 993//993 969//969
f 970//970 969//969 968//968
f 970//970 971//971 992//992
f 970//970 992//992 993//993
f 972//972 973//973 990//990
f 972//972 990//990 991//991
f 974//974 975//975 988//988
f 974//974 988//988 989//989
f 973//973 974//974 989//989
f 973//973 989//989 990//990
f 971//971 972//972 991//991
f 971//971 991//991 992//992
f 987//987 988//988 975//975
f 987//987 975//975 976//976
f 976//976 977//977 986//986
f 976//976 986//986 987//987
f 977//977 978//978 985//985
f 977//977 985//985 986//986
f 980//980 983//983 984//984
f 980//980 984//984 979//979
f 981//981 968//968 969//969
f 981//981 969//969 982//982
f 980//980 981//981 982//982
f 980//980 982//982 983//983
f 978//978 979//979 984//984
f 978//978 984//984 985//985
f 973//973 975//975 974//974
f 975//975 980//980 976//976
f 977//977 976//976 978//978
f 976//976 980//980 978//978
f 971//971 975//975 973//973
f 980//980 975//975 971//971
f 970//970 968//968 971//971
f 979//979 978//978 980//980
f 980//980 968//968 981//981
f 980//980 971//971 968//968
f 971//971 973//973 972//972
f 967//967 989//989 988//988
f 960//960 967//967 988//988
f 966//966 990//990 967//967
f 989//989 967//967 990//990
f 991//991 990//990 966//966
f 961//961 987//987 986//986
f 988//988 987//987 960//960
f 960//960 987//987 961//961
f 986//986 985//985 961//961
f 984//984 962//962 985//985
f 961//961 985//985 962//962
f 991//991 965//965 992//992
f 965//965 964//964 993//993
f 969//969 993//993 964//964
f 992//992 965//965 993//993
f 963//963 984//984 983//983
f 963//963 962//962 984//984
f 982//982 969//969 964//964
f 982//982 963//963 983//983
f 964//964 963//963 982//982
f 965//965 991//991 966//966
f 955//955 957//957 952//952
f 956//956 952//952 957//957
f 954//954 956//956 957//957
f 956//956 953//953 952//952
f 1001//1001 999//999 1000//1000
f 1001//1001 1000//1000 1002//1002
f 1003//1003 1000//1000 999//999
f 1005//1005 1001//1001 1009//1009
f 1006//1006 1001//1001 1005//1005
f 1004//1004 1007//1007 1008//1008
f 1008//1008 1000//1000 1004//1004
f 1001//1001 1002//1002 1009//1009
f 1000//1000 1008//1008 1002//1002
f 1000//1000 1003//1003 1010//1010
f 1007//1007 1004//1004 1012//1012
f 1012//1012 995//995 1007//1007
f 1014//1014 1005//1005 1013//1013
f 1005//1005 1014//1014 1006//1006
f 1013//1013 994//994 1014//1014
f 1011//1011 1001//1001 1006//1006
f 1006//1006 1014//1014 1017//1017
f 1016//1016 1017//1017 1014//1014
f 1014//1014 1015//1015 1016//1016
f 1011//1011 999//999 1001//1001
f 1004//1004 1018//1018 1012//1012
f 1019//1019 1012//1012 1018//1018
f 1012//1012 1019//1019 1020//1020
f 1010//1010 1004//1004 1000//1000
f 1021//1021 1022//1022 1007//1007
f 1022//1022 1008//1008 1007//1007
f 1023//1023 1005//1005 1009//1009
f 1013//1013 1005//1005 1023//1023
f 1010//1010 1003//1003 999//999
f 999//999 1011//1011 1010//1010
f 995//995 1021//1021 1007//1007
f 996//996 1014//1014 994//994
f 998//998 996//996 994//994
f 1015//1015 1014//1014 996//996
f 995//995 1012//1012 998//998
f 994//994 995//995 998//998
f 1020//1020 998//998 1012//1012
f 997//997 998//998 1020//1020
f 1015//1015 996//996 1024//1024
f 1016//1016 1024//1024 996//996
f 998//998 1018//1018 1017//1017
f 1017//1017 996//996 998//998
f 1016//1016 996//996 1017//1017
f 1019//1019 1018//1018 997//997
f 1018//1018 998//998 997//997
f 995//995 994//994 1018//1018
f 1018//1018 994//994 1017//1017
f 1017//1017 994//994 1013//1013
f 1021//1021 995//995 1004//1004
f 1018//1018 1004//1004 995//995
f 1021//1021 1004//1004 1022//1022
f 1017//1017 1013//1013 1006//1006
f 1006//1006 1013//1013 1023//1023
f 1023//1023 1009//1009 1006//1006
f 1006//1006 1009//1009 1011//1011
f 1022//1022 1004//1004 1010//1010
f 1008//1008 1022//1022 1010//1010
f 1011//1011 1009//1009 1002//1002
f 1010//1010 1002//1002 1008//1008
f 1025//1025 1019//1019 997//997
f 1025//1025 997//997 1020//1020
f 1002//1002 1010//1010 1011//1011
f 1016//1016 1015//1015 1024//1024
f 1020//1020 1019//1019 1025//1025
f 1026//1026 1028//1028 1027//1027
f 1030//1030 1026//1026 1027//1027
f 1035//1035 1034//1034 1033//1033
f 1036//1036 1040//1040 1035//1035
f 1037//1037 1036//1036 1038//1038
f 1036//1036 1037//1037 1039//1039
f 1041//1041 1033//1033 1042//1042
f 1043//1043 1051//1051 1044//1044
f 1043//1043 1045//1045 1051//1051
f 1045//1045 1046//1046 1051//1051
f 1047//1047 1050//1050 1046//1046
f 1046//1046 1050//1050 1051//1051
f 1047//1047 1049//1049 1050//1050
f 1030//1030 1048//1048 1049//1049
f 1030//1030 1049//1049 1047//1047
f 1030//1030 1043//1043 1048//1048
f 1043//1043 1044//1044 1048//1048
f 1043//1043 1028//1028 1029//1029
f 1031//1031 1047//1047 1046//1046
f 1029//1029 1031//1031 1046//1046
f 1045//1045 1043//1043 1029//1029
f 1046//1046 1045//1045 1029//1029
f 1031//1031 1032//1032 1047//1047
f 1032//1032 1052//1052 1047//1047
f 1032//1032 1026//1026 1052//1052
f 1026//1026 1030//1030 1052//1052
f 1043//1043 1027//1027 1028//1028
f 1030//1030 1027//1027 1043//1043
f 1053//1053 1054//1054 1051//1051
f 1054//1054 1062//1062 1051//1051
f 1055//1055 1056//1056 1044//1044
f 1056//1056 1057//1057 1061//1061
f 1056//1056 1061//1061 1044//1044
f 1054//1054 1055//1055 1044//1044
f 1054//1054 1044//1044 1062//1062
f 1057//1057 1058//1058 1048//1048
f 1057//1057 1048//1048 1061//1061
f 1058//1058 1059//1059 1049//1049
f 1058//1058 1049//1049 1048//1048
f 1059//1059 1060//1060 1050//1050
f 1059//1059 1050//1050 1049//1049
f 1053//1053 1051//1051 1050//1050
f 1053//1053 1050//1050 1060//1060
f 1034//1034 1035//1035 1065//1065
f 1065//1065 1042//1042 1034//1034
f 1040//1040 1065//1065 1035//1035
f 1063//1063 1039//1039 1037//1037
f 1039//1039 1040//1040 1036//1036
f 1063//1063 1037//1037 1038//1038
f 1063//1063 1038//1038 1041//1041
f 1064//1064 1041//1041 1042//1042
f 1064//1064 1063//1063 1041//1041
f 1034//1034 1042//1042 1033//1033
f 1052//1052 1030//1030 1047//1047
f 1051//1051 1062//1062 1044//1044
f 1044//1044 1061//1061 1048//1048
f 1053//1053 1065//1065 1054//1054
f 1040//1040 1055//1055 1054//1054
f 1065//1065 1040//1040 1054//1054
f 1065//1065 1053//1053 1042//1042
f 1060//1060 1042//1042 1053//1053
f 1042//1042 1060//1060 1064//1064
f 1059//1059 1064//1064 1060//1060
f 1039//1039 1056//1056 1040//1040
f 1056//1056 1039//1039 1057//1057
f 1063//1063 1057//1057 1039//1039
f 1058//1058 1057//1057 1063//1063
f 1064//1064 1059//1059 1063//1063
f 1059//1059 1058//1058 1063//1063
f 1040//1040 1056//1056 1055//1055
f 1028//1028 1026//1026 1032//1032
f 1029//1029 1028//1028 1032//1032
f 1032//1032 1031//1031 1029//1029
f 1035//1035 1033//1033 1036//1036
f 1038//1038 1036//1036 1033//1033
f 1041//1041 1038//1038 1033//1033
f 1066//1066 1067//1067 1072//1072
f 1066//1066 1072//1072 1073//1073
f 1073//1073 1071//1071 1074//1074
f 1073//1073 1072//1072 1071//1071
f 1074//1074 1071//1071 1070//1070
f 1075//1075 1070//1070 1069//1069
f 1074//1074 1070//1070 1075//1075
f 1075//1075 1069//1069 1068//1068
f 1066//1066 1075//1075 1068//1068
f 1066//1066 1068//1068 1067//1067
f 1076//1076 1077//1077 1082//1082
f 1084//1084 1081//1081 1080//1080
f 1083//1083 1081//1081 1084//1084
f 1082//1082 1077//1077 1081//1081
f 1082//1082 1081//1081 1083//1083
f 1084//1084 1080//1080 1079//1079
f 1085//1085 1084//1084 1079//1079
f 1085//1085 1079//1079 1078//1078
f 1076//1076 1078//1078 1077//1077
f 1076//1076 1085//1085 1078//1078
f 1091//1091 1087//1087 1090//1090
f 1086//1086 1087//1087 1091//1091
f 1090//1090 1092//1092 1091//1091
f 1092//1092 1090//1090 1089//1089
f 1093//1093 1092//1092 1089//1089
f 1093//1093 1089//1089 1088//1088
f 1093//1093 1088//1088 1094//1094
f 1086//1086 1094//1094 1088//1088
f 1086//1086 1088//1088 1087//1087
f 1095//1095 1096//1096 1101//1101
f 1101//1101 1096//1096 1100//1100
f 1101//1101 1100//1100 1099//1099
f 1101//1101 1099//1099 1102//1102
f 1102//1102 1099//1099 1098//1098
f 1098//1098 1103//1103 1102//1102
f 1103//1103 1098//1098 1097//1097
f 1103//1103 1097//1097 1104//1104
f 1104//1104 1096//1096 1095//1095
f 1104//1104 1097//1097 1096//1096
f 1106//1106 1107//1107 1105//1105
f 1109//1109 1107//1107 1106//1106
f 1107//1107 1109//1109 1108//1108
f 1110//1110 1117//1117 1112//1112
f 1067//1067 1115//1115 1112//1112
f 1067//1067 1068//1068 1115//1115
f 1111//1111 1110//1110 1112//1112
f 1116//1116 1111//1111 1115//1115
f 1115//1115 1111//1111 1112//1112
f 1069//1069 1115//1115 1068//1068
f 1113//1113 1072//1072 1112//1112
f 1112//1112 1072//1072 1067//1067
f 1072//1072 1113//1113 1071//1071
f 1071//1071 1113//1113 1114//1114
f 1070//1070 1114//1114 1069//1069
f 1114//1114 1115//1115 1069//1069
f 1070//1070 1071//1071 1114//1114
f 1066//1066 1073//1073 1118//1118
f 1120//1120 1066//1066 1118//1118
f 1120//1120 1075//1075 1066//1066
f 1121//1121 1073//1073 1074//1074
f 1121//1121 1118//1118 1073//1073
f 1119//1119 1074//1074 1075//1075
f 1120//1120 1119//1119 1075//1075
f 1074//1074 1119//1119 1121//1121
f 1118//1118 1113//1113 1112//1112
f 1121//1121 1113//1113 1118//1118
f 1121//1121 1114//1114 1113//1113
f 1119//1119 1114//1114 1121//1121
f 1119//1119 1115//1115 1114//1114
f 1119//1119 1120//1120 1115//1115
f 1122//1122 1076//1076 1082//1082
f 1082//1082 1083//1083 1122//1122
f 1123//1123 1124//1124 1122//1122
f 1085//1085 1076//1076 1124//1124
f 1076//1076 1122//1122 1124//1124
f 1126//1126 1125//1125 1127//1127
f 1086//1086 1124//1124 1126//1126
f 1085//1085 1124//1124 1086//1086
f 1086//1086 1091//1091 1085//1085
f 1094//1094 1086//1086 1127//1127
f 1126//1126 1127//1127 1086//1086
f 1127//1127 1093//1093 1094//1094
f 1116//1116 1093//1093 1127//1127
f 1083//1083 1084//1084 1117//1117
f 1117//1117 1122//1122 1083//1083
f 1118//1118 1084//1084 1085//1085
f 1118//1118 1117//1117 1084//1084
f 1091//1091 1118//1118 1085//1085
f 1112//1112 1117//1117 1118//1118
f 1120//1120 1118//1118 1091//1091
f 1120//1120 1091//1091 1092//1092
f 1116//1116 1092//1092 1093//1093
f 1092//1092 1116//1116 1120//1120
f 1116//1116 1115//1115 1120//1120
f 1080//1080 1081//1081 1110//1110
f 1090//1090 1080//1080 1110//1110
f 1079//1079 1080//1080 1090//1090
f 1090//1090 1087//1087 1079//1079
f 1111//1111 1089//1089 1090//1090
f 1110//1110 1111//1111 1090//1090
f 1129//1129 1081//1081 1077//1077
f 1129//1129 1077//1077 1078//1078
f 1079//1079 1087//1087 1078//1078
f 1129//1129 1110//1110 1081//1081
f 1087//1087 1129//1129 1078//1078
f 1128//1128 1088//1088 1089//1089
f 1128//1128 1087//1087 1088//1088
f 1128//1128 1129//1129 1087//1087
f 1111//1111 1128//1128 1089//1089
f 1110//1110 1129//1129 1122//1122
f 1110//1110 1122//1122 1117//1117
f 1111//1111 1116//1116 1128//1128
f 1116//1116 1127//1127 1128//1128
f 1123//1123 1122//1122 1129//1129
f 1095//1095 1123//1123 1125//1125
f 1123//1123 1095//1095 1101//1101
f 1128//1128 1123//1123 1129//1129
f 1125//1125 1128//1128 1127//1127
f 1125//1125 1123//1123 1128//1128
f 1104//1104 1095//1095 1125//1125
f 1106//1106 1123//1123 1101//1101
f 1103//1103 1106//1106 1102//1102
f 1106//1106 1101//1101 1102//1102
f 1109//1109 1103//1103 1104//1104
f 1109//1109 1104//1104 1125//1125
f 1109//1109 1106//1106 1103//1103
f 1096//1096 1124//1124 1100//1100
f 1126//1126 1124//1124 1096//1096
f 1096//1096 1108//1108 1126//1126
f 1099//1099 1100//1100 1105//1105
f 1107//1107 1098//1098 1105//1105
f 1099//1099 1105//1105 1098//1098
f 1105//1105 1100//1100 1124//1124
f 1108//1108 1097//1097 1098//1098
f 1096//1096 1097//1097 1108//1108
f 1107//1107 1108//1108 1098//1098
f 1109//1109 1125//1125 1126//1126
f 1109//1109 1126//1126 1108//1108
f 1106//1106 1105//1105 1123//1123
f 1105//1105 1124//1124 1123//1123
f 1132//1132 1133//1133 1134//1134
f 1135//1135 1134//1134 1133//1133
f 1136//1136 1137//1137 1138//1138
f 1136//1136 1140//1140 1137//1137
f 1140//1140 1139//1139 1137//1137
f 1142//1142 1136//1136 1146//1146
f 1143//1143 1136//1136 1142//1142
f 1141//1141 1144//1144 1145//1145
f 1145//1145 1137//1137 1141//1141
f 1136//1136 1138//1138 1146//1146
f 1137//1137 1145//1145 1138//1138
f 1139//1139 1147//1147 1137//1137
f 1148//1148 1140//1140 1136//1136
f 1150//1150 1149//1149 1131//1131
f 1144//1144 1141//1141 1153//1153
f 1153//1153 1150//1150 1144//1144
f 1153//1153 1149//1149 1150//1150
f 1152//1152 1142//1142 1131//1131
f 1131//1131 1151//1151 1152//1152
f 1142//1142 1152//1152 1143//1143
f 1143//1143 1148//1148 1136//1136
f 1141//1141 1137//1137 1147//1147
f 1156//1156 1157//1157 1144//1144
f 1157//1157 1145//1145 1144//1144
f 1159//1159 1142//1142 1158//1158
f 1158//1158 1142//1142 1146//1146
f 1140//1140 1148//1148 1139//1139
f 1147//1147 1139//1139 1148//1148
f 1131//1131 1142//1142 1159//1159
f 1131//1131 1159//1159 1130//1130
f 1130//1130 1160//1160 1150//1150
f 1131//1131 1130//1130 1150//1150
f 1144//1144 1160//1160 1156//1156
f 1160//1160 1144//1144 1150//1150
f 1132//1132 1151//1151 1131//1131
f 1133//1133 1132//1132 1131//1131
f 1154//1154 1151//1151 1132//1132
f 1131//1131 1149//1149 1133//1133
f 1155//1155 1133//1133 1149//1149
f 1132//1132 1161//1161 1154//1154
f 1132//1132 1162//1162 1161//1161
f 1134//1134 1130//1130 1151//1151
f 1154//1154 1134//1134 1151//1151
f 1130//1130 1134//1134 1149//1149
f 1155//1155 1149//1149 1135//1135
f 1149//1149 1134//1134 1135//1135
f 1134//1134 1154//1154 1162//1162
f 1149//1149 1160//1160 1130//1130
f 1151//1151 1130//1130 1159//1159
f 1156//1156 1160//1160 1141//1141
f 1153//1153 1141//1141 1160//1160
f 1153//1153 1160//1160 1149//1149
f 1156//1156 1141//1141 1157//1157
f 1151//1151 1159//1159 1152//1152
f 1152//1152 1159//1159 1143//1143
f 1143//1143 1159//1159 1158//1158
f 1158//1158 1146//1146 1143//1143
f 1143//1143 1146//1146 1148//1148
f 1157//1157 1141//1141 1147//1147
f 1145//1145 1157//1157 1147//1147
f 1148//1148 1146//1146 1138//1138
f 1147//1147 1138//1138 1145//1145
f 1163//1163 1155//1155 1135//1135
f 1163//1163 1133//1133 1155//1155
f 1148//1148 1138//1138 1147//1147
f 1132//1132 1134//1134 1162//1162
f 1161//1161 1162//1162 1154//1154
f 1163//1163 1135//1135 1133//1133
f 1164//1164 1166//1166 1165//1165
f 1169//1169 1164//1164 1165//1165
f 1168//1168 1167//1167 1170//1170
f 1170//1170 1171//1171 1172//1172
f 1171//1171 1170//1170 1164//1164
f 1175//1175 1174//1174 1173//1173
f 1175//1175 1179//1179 1174//1174
f 1175//1175 1173//1173 1176//1176
f 1175//1175 1176//1176 1178//1178
f 1180//1180 1177//1177 1176//1176
f 1180//1180 1181//1181 1183//1183
f 1176//1176 1181//1181 1180//1180
f 1184//1184 1186//1186 1192//1192
f 1184//1184 1192//1192 1185//1185
f 1168//1168 1187//1187 1191//1191
f 1187//1187 1190//1190 1191//1191
f 1186//1186 1168//1168 1191//1191
f 1186//1186 1191//1191 1192//1192
f 1187//1187 1169//1169 1190//1190
f 1169//1169 1188//1188 1189//1189
f 1169//1169 1189//1189 1190//1190
f 1169//1169 1184//1184 1188//1188
f 1184//1184 1185//1185 1188//1188
f 1184//1184 1166//1166 1167//1167
f 1170//1170 1172//1172 1168//1168
f 1186//1186 1184//1184 1167//1167
f 1168//1168 1186//1186 1167//1167
f 1171//1171 1164//1164 1187//1187
f 1164//1164 1169//1169 1187//1187
f 1184//1184 1165//1165 1166//1166
f 1187//1187 1172//1172 1171//1171
f 1169//1169 1165//1165 1184//1184
f 1193//1193 1195//1195 1192//1192
f 1193//1193 1192//1192 1194//1194
f 1196//1196 1197//1197 1185//1185
f 1197//1197 1198//1198 1189//1189
f 1197//1197 1189//1189 1188//1188
f 1197//1197 1188//1188 1185//1185
f 1195//1195 1196//1196 1185//1185
f 1195//1195 1185//1185 1192//1192
f 1198//1198 1199//1199 1189//1189
f 1199//1199 1190//1190 1189//1189
f 1199//1199 1200//1200 1190//1190
f 1200//1200 1201//1201 1191//1191
f 1193//1193 1194//1194 1201//1201
f 1201//1201 1194//1194 1191//1191
f 1200//1200 1191//1191 1190//1190
f 1173//1173 1174//1174 1205//1205
f 1205//1205 1202//1202 1173//1173
f 1179//1179 1205//1205 1174//1174
f 1178//1178 1176//1176 1177//1177
f 1203//1203 1178//1178 1177//1177
f 1178//1178 1179//1179 1175//1175
f 1177//1177 1180//1180 1203//1203
f 1182//1182 1202//1202 1204//1204
f 1181//1181 1182//1182 1204//1204
f 1183//1183 1203//1203 1180//1180
f 1204//1204 1183//1183 1181//1181
f 1173//1173 1202//1202 1182//1182
f 1172//1172 1187//1187 1168//1168
f 1191//1191 1194//1194 1192//1192
f 1202//1202 1205//1205 1193//1193
f 1196//1196 1195//1195 1179//1179
f 1179//1179 1195//1195 1205//1205
f 1195//1195 1193//1193 1205//1205
f 1201//1201 1204//1204 1202//1202
f 1193//1193 1201//1201 1202//1202
f 1201//1201 1200//1200 1204//1204
f 1183//1183 1204//1204 1200//1200
f 1179//1179 1197//1197 1196//1196
f 1197//1197 1179//1179 1178//1178
f 1197//1197 1178//1178 1198//1198
f 1203//1203 1198//1198 1178//1178
f 1203//1203 1183//1183 1200//1200
f 1203//1203 1200//1200 1199//1199
f 1198//1198 1203//1203 1199//1199
f 1167//1167 1166//1166 1164//1164
f 1164//1164 1170//1170 1167//1167
f 1182//1182 1176//1176 1173//1173
f 1181//1181 1176//1176 1182//1182
f 1206//1206 1207//1207 1212//1212
f 1206//1206 1212//1212 1211//1211
f 1206//1206 1211//1211 1213//1213
f 1213//1213 1210//1210 1214//1214
f 1213//1213 1211//1211 1210//1210
f 1214//1214 1210//1210 1209//1209
f 1215//1215 1209//1209 1208//1208
f 1214//1214 1209//1209 1215//1215
f 1215//1215 1208//1208 1207//1207
f 1215//1215 1207//1207 1216//1216
f 1216//1216 1207//1207 1206//1206
f 1217//1217 1218//1218 1223//1223
f 1223//1223 1222//1222 1224//1224
f 1224//1224 1221//1221 1225//1225
f 1224//1224 1222//1222 1221//1221
f 1223//1223 1218//1218 1222//1222
f 1225//1225 1221//1221 1220//1220
f 1226//1226 1219//1219 1218//1218
f 1226//1226 1218//1218 1217//1217
f 1225//1225 1220//1220 1219//1219
f 1225//1225 1219//1219 1226//1226
f 1227//1227 1228//1228 1232//1232
f 1227//1227 1232//1232 1233//1233
f 1233//1233 1232//1232 1231//1231
f 1233//1233 1231//1231 1234//1234
f 1234//1234 1231//1231 1235//1235
f 1235//1235 1231//1231 1230//1230
f 1235//1235 1230//1230 1236//1236
f 1236//1236 1229//1229 1227//1227
f 1227//1227 1229//1229 1228//1228
f 1236//1236 1230//1230 1229//1229
f 1237//1237 1238//1238 1244//1244
f 1244//1244 1238//1238 1243//1243
f 1244//1244 1243//1243 1245//1245
f 1245//1245 1242//1242 1246//1246
f 1245//1245 1243//1243 1242//1242
f 1246//1246 1242//1242 1241//1241
f 1247//1247 1241//1241 1240//1240
f 1246//1246 1241//1241 1247//1247
f 1247//1247 1240//1240 1239//1239
f 1247//1247 1239//1239 1237//1237
f 1237//1237 1239//1239 1238//1238
f 1250//1250 1249//1249 1251//1251
f 1249//1249 1250//1250 1248//1248
f 1252//1252 1260//1260 1254//1254
f 1207//1207 1254//1254 1212//1212
f 1254//1254 1207//1207 1258//1258
f 1253//1253 1252//1252 1254//1254
f 1258//1258 1259//1259 1253//1253
f 1258//1258 1253//1253 1254//1254
f 1255//1255 1210//1210 1211//1211
f 1255//1255 1211//1211 1254//1254
f 1254//1254 1211//1211 1212//1212
f 1255//1255 1256//1256 1210//1210
f 1208//1208 1258//1258 1207//1207
f 1257//1257 1208//1208 1209//1209
f 1210//1210 1256//1256 1257//1257
f 1257//1257 1209//1209 1210//1210
f 1257//1257 1258//1258 1208//1208
f 1206//1206 1213//1213 1261//1261
f 1263//1263 1206//1206 1261//1261
f 1263//1263 1216//1216 1206//1206
f 1216//1216 1263//1263 1215//1215
f 1213//1213 1214//1214 1264//1264
f 1264//1264 1261//1261 1213//1213
f 1262//1262 1214//1214 1215//1215
f 1263//1263 1262//1262 1215//1215
f 1214//1214 1262//1262 1264//1264
f 1264//1264 1255//1255 1254//1254
f 1264//1264 1254//1254 1261//1261
f 1264//1264 1256//1256 1255//1255
f 1262//1262 1256//1256 1264//1264
f 1256//1256 1262//1262 1257//1257
f 1262//1262 1263//1263 1257//1257
f 1258//1258 1257//1257 1263//1263
f 1265//1265 1266//1266 1267//1267
f 1265//1265 1217//1217 1223//1223
f 1223//1223 1260//1260 1265//1265
f 1265//1265 1267//1267 1217//1217
f 1226//1226 1217//1217 1267//1267
f 1270//1270 1269//1269 1268//1268
f 1233//1233 1267//1267 1269//1269
f 1269//1269 1227//1227 1233//1233
f 1267//1267 1233//1233 1226//1226
f 1270//1270 1227//1227 1269//1269
f 1270//1270 1236//1236 1227//1227
f 1259//1259 1236//1236 1270//1270
f 1225//1225 1260//1260 1224//1224
f 1260//1260 1223//1223 1224//1224
f 1261//1261 1260//1260 1225//1225
f 1234//1234 1261//1261 1225//1225
f 1226//1226 1233//1233 1225//1225
f 1260//1260 1261//1261 1254//1254
f 1235//1235 1263//1263 1234//1234
f 1261//1261 1234//1234 1263//1263
f 1234//1234 1225//1225 1233//1233
f 1259//1259 1235//1235 1236//1236
f 1235//1235 1259//1259 1263//1263
f 1259//1259 1258//1258 1263//1263
f 1221//1221 1222//1222 1252//1252
f 1253//1253 1221//1221 1252//1252
f 1220//1220 1221//1221 1231//1231
f 1253//1253 1230//1230 1231//1231
f 1232//1232 1219//1219 1231//1231
f 1221//1221 1253//1253 1231//1231
f 1219//1219 1220//1220 1231//1231
f 1229//1229 1230//1230 1253//1253
f 1272//1272 1222//1222 1218//1218
f 1272//1272 1218//1218 1219//1219
f 1272//1272 1252//1252 1222//1222
f 1232//1232 1272//1272 1219//1219
f 1271//1271 1228//1228 1229//1229
f 1228//1228 1271//1271 1232//1232
f 1271//1271 1272//1272 1232//1232
f 1253//1253 1271//1271 1229//1229
f 1252//1252 1272//1272 1265//1265
f 1265//1265 1260//1260 1252//1252
f 1253//1253 1259//1259 1271//1271
f 1259//1259 1270//1270 1271//1271
f 1266//1266 1265//1265 1272//1272
f 1237//1237 1244//1244 1266//1266
f 1266//1266 1268//1268 1237//1237
f 1271//1271 1266//1266 1272//1272
f 1270//1270 1268//1268 1271//1271
f 1268//1268 1266//1266 1271//1271
f 1249//1249 1266//1266 1244//1244
f 1245//1245 1246//1246 1249//1249
f 1249//1249 1246//1246 1251//1251
f 1249//1249 1244//1244 1245//1245
f 1247//1247 1237//1237 1268//1268
f 1247//1247 1251//1251 1246//1246
f 1251//1251 1247//1247 1268//1268
f 1267//1267 1243//1243 1238//1238
f 1269//1269 1267//1267 1238//1238
f 1238//1238 1239//1239 1269//1269
f 1269//1269 1239//1239 1240//1240
f 1240//1240 1250//1250 1269//1269
f 1248//1248 1242//1242 1243//1243
f 1250//1250 1242//1242 1248//1248
f 1248//1248 1243//1243 1267//1267
f 1241//1241 1250//1250 1240//1240
f 1241//1241 1242//1242 1250//1250
f 1251//1251 1268//1268 1269//1269
f 1251//1251 1269//1269 1250//1250
f 1249//1249 1248//1248 1267//1267
f 1249//1249 1267//1267 1266//1266
