# Created by Open3D 
# object name: tvmount_decimated
# number of vertices: 3884
# number of triangles: 8000
v 35.8828 -79.2226 25.5703
vn 0.739896 0.666299 0.0927326
v 35.8672 -79.321 25.6007
vn 0.663852 0 0.747864
v 35.8828 -79.321 25.5703
vn 0.894891 -0.446128 0.0118627
v 35.7831 -79.2226 25.6588
vn 0.15434 0.972314 0.175455
v 35.8863 -79.2226 24.7417
vn 0.0758304 0.997112 0.00418596
v 35.8857 -79.321 24.7729
vn 0.0438514 -0.999038 0.000954101
v 46.0061 -79.321 14.8264
vn -0.0578146 -0.997125 0.0489835
v 46.6728 -79.321 13.9468
vn -0.00063238 -0.995729 -0.0923257
v 45.9303 -79.321 14.7777
vn -0.0173288 -0.997755 0.064695
v 45.8403 -79.321 14.7777
vn 0.0421091 -0.98627 0.159679
v 46.2091 -79.321 15.8881
vn -0.0238483 -0.999554 0.0179521
v 46.0468 -79.321 14.931
vn -0.168927 -0.985621 0.00379599
v 46.053 -79.321 15.7485
vn -0.761827 -0.628912 0.155211
v 46.1461 -79.321 15.8171
vn -0.10893 -0.986564 0.121759
v 42.8743 -79.321 15.1824
vn -0.00447664 -0.999964 0.00727543
v 45.7796 -79.321 14.809
vn 0.0087995 -0.999925 0.00849686
v 45.7244 -79.321 14.8911
vn 0.0223863 -0.999748 0.00135619
v 44.1405 -79.321 15.7718
vn -0.0374253 -0.99491 0.0935627
v 45.7239 -79.321 15.7284
vn 0.902582 -0.423294 0.0785396
v 45.6246 -79.321 15.8171
vn 0.181081 -0.965673 0.18624
v 43.9792 -79.321 15.7244
vn -0.00249924 -0.999653 0.0262316
v 46.2761 -79.321 16.0643
vn -0.0202133 -0.99979 0.00330856
v 46.2533 -79.321 15.9722
vn -0.121122 -0.991288 0.0517438
v 46.6728 -79.321 17.0636
vn -0.0077208 -0.99997 7.02378e-08
v 46.2535 -79.321 16.2515
vn -0.20155 -0.977177 -0.0671065
v 46.2762 -79.321 16.1593
vn -0.281355 -0.959341 -0.0224319
v 46.1465 -79.321 16.4067
vn -0.119942 -0.984909 -0.12477
v 46.2095 -79.321 16.3356
vn -0.154537 -0.983163 -0.0975162
v 46.0684 -79.321 16.4607
vn -0.0892993 -0.983965 -0.1544
v 45.5616 -79.321 15.8881
vn 0.0148472 -0.999846 0.00939731
v 43.5085 -79.321 15.8626
vn 0.140667 -0.979018 0.147435
v 43.0701 -79.321 15.4803
vn -0.124403 -0.99206 0.0184634
v 43.6499 -79.321 15.7718
vn 0.128489 -0.959911 0.249123
v 43.0616 -79.321 15.6028
vn -0.121386 -0.992275 -0.0256218
v 43.8111 -79.321 15.7244
vn 0.0341148 -0.983707 0.176511
v 42.9953 -79.321 15.2914
vn -0.00916574 -0.99994 0.00596709
v 42.7195 -79.321 15.128
vn -0.00036803 -0.996674 0.0814966
v 43.0166 -79.321 15.7338
vn -0.0910251 -0.992687 -0.0792953
v 43.3984 -79.321 15.9897
vn 0.186418 -0.976568 0.107529
v 41.9034 -79.321 18.7147
vn 0.000647616 -0.999997 0.00245772
v 43.3286 -79.321 16.4753
vn 0.0266996 -0.999613 -0.00784703
v 44.2819 -79.321 15.8626
vn -0.0177742 -0.999586 0.022622
v 45.5174 -79.321 15.9722
vn 0.0730131 -0.997032 0.0244379
v 45.4946 -79.321 16.0643
vn 0.143481 -0.989584 0.0116976
v 44.4618 -79.321 16.1426
vn -0.0862928 -0.995822 0.0298794
v 45.4945 -79.321 16.1593
vn 0.0749057 -0.997117 -0.0121457
v 44.4857 -79.321 16.309
vn -0.111419 -0.993759 0.0053352
v 45.6242 -79.321 16.4067
vn 0.0939963 -0.988903 -0.115045
v 44.392 -79.321 16.6282
vn -0.111051 -0.99125 -0.0713504
v 45.5612 -79.321 16.3356
vn 0.0619223 -0.996996 -0.0465162
v 44.4618 -79.321 16.4753
vn -0.111112 -0.993443 -0.026914
v 45.5172 -79.321 16.2515
vn 0.0699608 -0.997106 -0.029741
v 44.392 -79.321 15.9897
vn -0.0931921 -0.993432 0.0663863
v 43.3286 -79.321 16.1426
vn 0.326273 -0.941957 0.079134
v 43.3046 -79.321 16.309
vn 0.323295 -0.946298 0
v 45.7023 -79.321 16.4607
vn 0.00311272 -0.999974 -0.00655613
v 41.9933 -79.321 18.7147
vn -0.0037054 -0.999944 0.0098818
v 43.3984 -79.321 16.6282
vn 0.0519992 -0.99796 -0.0370415
v 33.2812 -79.321 15.128
vn 0.000334794 -0.998273 0.0587478
v 29.3499 -79.321 13.9468
vn 0.000904932 -0.997792 -0.0664174
v 46.0448 -79.321 18.8021
vn -0.0350699 -0.999376 0.00410531
v 45.9303 -79.321 18.7147
vn -0.0122363 -0.999391 0.0326637
v 45.9796 -79.321 16.4944
vn -0.0560574 -0.979512 -0.193424
v 45.8853 -79.321 16.5058
vn -0.00055124 -0.999906 -0.0136743
v 46.6728 -79.321 20.1803
vn -0.0074483 -0.999972 -1.47246e-07
v 46.048 -79.321 19.6724
vn -0.963427 -0.254286 0.0845426
v 46.1042 -79.321 19.725
vn -0.107664 -0.987682 0.11355
v 45.8403 -79.321 18.7147
vn 0.00170756 -0.999978 0.00647515
v 45.7911 -79.321 16.4944
vn 0.0137256 -0.997636 -0.0673385
v 45.7796 -79.321 18.746
vn 0.00409558 -0.999981 0.00455853
v 45.7257 -79.321 18.8238
vn 0.0115054 -0.999934 0.000655049
v 44.1405 -79.321 16.8461
vn -0.0275056 -0.998197 -0.0533419
v 44.2819 -79.321 16.7553
vn -0.00527522 -0.999968 -0.00608852
v 46.2762 -79.321 20.0963
vn -0.329978 -0.943923 -0.0111624
v 46.2647 -79.321 19.9553
vn -0.356069 -0.930299 0.0880874
v 46.2091 -79.321 19.8251
vn -0.0693038 -0.996433 0.0481384
v 46.6728 -79.321 24.8555
vn -0.00505 -0.999987 1.19813e-07
v 45.6885 -79.321 24.3798
vn -0.100944 -0.994891 -0.00138283
v 45.6884 -79.321 21.208
vn -0.077464 -0.996995 0.00102522
v 46.2095 -79.321 20.2726
vn -0.34632 -0.912307 -0.218536
v 46.2535 -79.321 20.1885
vn -0.336634 -0.934941 -0.112083
v 46.1465 -79.321 20.3437
vn -0.0485715 -0.997417 -0.0529139
v 45.9324 -79.321 20.4371
vn -0.0138151 -0.993407 -0.113805
v 45.5732 -79.321 20.9518
vn -0.122269 -0.986693 0.10718
v 46.0684 -79.321 20.3977
vn -0.106181 -0.966037 -0.235583
v 45.7911 -79.321 20.4314
vn 0.0235924 -0.988309 -0.15063
v 45.7155 -79.321 19.6841
vn 0.760126 -0.632345 0.149494
v 45.6246 -79.321 19.7541
vn 0.157569 -0.974251 0.161269
v 45.5616 -79.321 19.8251
vn 0.272113 -0.946726 0.172233
v 45.5174 -79.321 19.9092
vn 0.00699909 -0.999973 0.00234078
v 42.3308 -79.321 19.9456
vn -0.0036508 -0.999993 0.00116131
v 43.8111 -79.321 16.8935
vn 0.0130955 -0.995767 -0.0909785
v 42.1078 -79.321 18.8022
vn -0.00751448 -0.999971 0.000881868
v 43.6499 -79.321 16.8461
vn 0.0279371 -0.998141 -0.0541667
v 43.9792 -79.321 16.8935
vn -0.00121754 -0.999979 -0.00630222
v 45.4946 -79.321 20.0014
vn 0.00935776 -0.999956 0.000763183
v 43.5085 -79.321 16.7553
vn 0.0181363 -0.999616 -0.0209325
v 45.6554 -79.321 24.5292
vn -0.0427762 -0.998928 -0.0177158
v 45.6242 -79.321 20.3437
vn 0.0918805 -0.9894 -0.112456
v 45.7023 -79.321 20.3977
vn 0.113597 -0.964287 -0.239263
v 45.4442 -79.321 20.8696
vn -0.0209813 -0.998495 0.0506612
v 45.2948 -79.321 20.8365
vn -0.000840668 -0.998481 0.0550992
v 45.5172 -79.321 20.1885
vn 0.294492 -0.947419 -0.125191
v 45.5612 -79.321 20.2726
vn 0.21121 -0.964478 -0.158662
v 45.4945 -79.321 20.0963
vn 0.451724 -0.889144 -0.0732714
v 42.4661 -79.321 20.8366
vn 0.00201586 -0.970537 0.240944
v 42.3392 -79.321 20.0963
vn -0.0144753 -0.999895 -0.000385428
v 42.1098 -79.321 19.6654
vn -0.901587 -0.432427 0.0121717
v 42.1253 -79.321 19.6959
vn -0.639493 -0.0464139 0.767395
v 42.2091 -79.321 19.7541
vn -0.0899852 -0.990681 0.102241
v 40.4576 -79.321 18.5769
vn -0.0448554 -0.998149 -0.0410684
v 41.8426 -79.321 18.746
vn 0.106356 -0.988584 0.106724
v 41.7874 -79.321 18.8279
vn 0.059616 -0.998212 0.00434217
v 41.6876 -79.321 19.7541
vn 0.211002 -0.951816 0.222541
v 41.7869 -79.321 19.6654
vn 0.900648 -0.431301 0.0530372
v 42.3165 -79.321 20.1885
vn -0.352427 -0.928454 -0.117341
v 42.2725 -79.321 20.2726
vn -0.248947 -0.955692 -0.157091
v 42.2095 -79.321 20.3437
vn -0.183177 -0.964436 -0.190551
v 42.3545 -79.321 20.8665
vn 0.0829413 -0.981084 0.174911
v 42.1314 -79.321 20.3977
vn -0.0855929 -0.985278 -0.147992
v 42.2721 -79.321 19.8251
vn -0.262988 -0.946892 0.185021
v 41.9483 -79.321 20.4428
vn -0.011228 -0.960363 -0.278525
v 42.0426 -79.321 20.4314
vn -0.0419932 -0.988555 -0.144896
v 42.2267 -79.321 20.9518
vn 0.0963829 -0.989577 0.106998
v 41.8541 -79.321 20.4314
vn 0.0124982 -0.99804 -0.061317
v 41.6246 -79.321 19.8251
vn 0.0149725 -0.999843 0.00948871
v 41.5803 -79.321 19.9092
vn 0.038561 -0.999173 0.0129097
v 41.5575 -79.321 20.0014
vn 0.008292 -0.999965 0.000670435
v 40.2492 -79.321 18.6711
vn -0.000194188 -0.999657 -0.0261868
v 40.3584 -79.321 18.6371
vn -0.0418335 -0.99384 -0.102627
v 40.0249 -79.321 20.6832
vn -0.00092647 -0.999994 0.00345801
v 41.5575 -79.321 20.0963
vn 0.0953221 -0.995327 -0.0154278
v 40.1005 -79.321 20.7319
vn -0.0200695 -0.999654 0.0170042
v 41.5801 -79.321 20.1885
vn 0.0538213 -0.998288 -0.0229004
v 41.7653 -79.321 20.3977
vn 0.0476434 -0.993811 -0.100348
v 41.7815 -79.321 21.4395
vn 0.016305 -0.999835 0.00796678
v 41.6872 -79.321 20.3437
vn 0.121107 -0.98151 -0.148227
v 41.6242 -79.321 20.2726
vn 0.0109626 -0.999906 -0.00823993
v 40.1413 -79.321 20.8365
vn -0.022202 -0.999753 0.000800188
v 41.8668 -79.321 21.3118
vn 0.17716 -0.969988 0.166543
v 39.8741 -79.321 20.7145
vn 0.0059888 -0.999964 0.005982
v 39.9349 -79.321 20.6832
vn 0.0143213 -0.998422 0.0543072
v 39.8345 -79.321 20.7701
vn 0.0293479 -0.999479 0.0133986
v 38.6559 -79.321 21.0769
vn -0.0926373 -0.989354 0.112238
v 38.7552 -79.321 21.1762
vn -0.0842865 -0.993492 0.0766164
v 39.8184 -79.321 20.8365
vn 0.0709883 -0.997476 0.00132312
v 38.5435 -79.321 20.9928
vn -0.0666046 -0.991771 0.109333
v 38.4202 -79.321 20.9255
vn -0.00478639 -0.999926 0.0111778
v 38.1514 -79.321 20.8465
vn -0.00713477 -0.998192 0.0596809
v 38.0113 -79.321 20.8365
vn 9.51929e-05 -0.999992 0.00400102
v 35.7789 -79.321 18.6711
vn 0.000386549 -0.998642 -0.0521007
v 38.2886 -79.321 20.8764
vn -0.01431 -0.998473 0.0533502
v 40.2406 -79.321 21.7226
vn -0.147781 -0.97316 0.176408
v 40.1413 -79.321 21.6339
vn -0.912663 -0.408479 0.0138259
v 41.7517 -79.321 21.5466
vn 0.0893455 -0.996001 0.000510264
v 40.3478 -79.321 21.8777
vn -0.0945031 -0.994706 0.0403569
v 40.3036 -79.321 21.7936
vn -0.0138371 -0.99985 0.0104162
v 40.1568 -79.321 21.6644
vn -0.663759 -0.0851109 0.743089
v 41.7518 -79.321 24.101
vn 0.0331463 -0.999449 -0.00159047
v 40.1348 -79.321 24.7091
vn -0.0372312 -0.999297 0.00436558
v 40.348 -79.321 22.157
vn -0.00676515 -0.999975 -0.00225535
v 40.3707 -79.321 22.0648
vn -0.111777 -0.993693 -0.00891956
v 41.8346 -79.321 24.2648
vn 0.0169919 -0.999747 -0.0147641
v 40.3706 -79.321 21.9699
vn -0.101958 -0.994649 0.0166829
v 40.3039 -79.321 22.2411
vn -0.055451 -0.997847 -0.0350121
v 40.241 -79.321 22.3122
vn -0.0436672 -0.998015 -0.0453818
v 40.0236 -79.321 24.6243
vn -0.00061816 -0.999999 0.00144855
v 40.1629 -79.321 22.3662
vn -0.00328317 -0.999978 -0.00567655
v 39.9798 -79.321 22.4113
vn 0.000827408 -0.999905 -0.0137317
v 40.0741 -79.321 22.3999
vn -0.0204101 -0.996818 -0.0770602
v 38.9949 -79.321 23.8644
vn -0.0495818 -0.99877 -0.000841097
v 39.8085 -79.321 21.66
vn 0.666176 0 0.745795
v 39.8184 -79.321 21.6339
vn 0.895013 -0.446004 0.00568465
v 39.7191 -79.321 21.7226
vn 0.0236914 -0.999459 0.0228169
v 38.9557 -79.321 21.5435
vn -0.14202 -0.98894 0.0427485
v 39.634 -79.321 21.8357
vn 0.104529 -0.992999 0.0550086
v 38.9952 -79.321 21.7378
vn -0.252772 -0.967516 0.00428054
v 38.9066 -79.321 21.4119
vn -0.0374195 -0.999134 0.018176
v 38.8393 -79.321 21.2886
vn -0.113391 -0.990584 0.0767129
v 39.589 -79.321 21.9699
vn 0.240202 -0.96972 0.0441267
v 39.6557 -79.321 22.2411
vn 0.0140258 -0.999846 -0.0105426
v 39.7187 -79.321 22.3122
vn 0.0493208 -0.996577 -0.0663482
v 39.9361 -79.321 24.6243
vn 0.0225001 -0.982036 0.187348
v 39.8412 -79.321 22.383
vn 0.027807 -0.996925 -0.0732656
v 39.6116 -79.321 22.157
vn 0.30011 -0.945318 -0.127698
v 39.589 -79.321 22.0648
vn 0.293099 -0.955222 -0.0405421
v 38.9066 -79.321 24.1981
vn -0.126804 -0.990439 -0.0543264
v 38.9557 -79.321 24.0666
vn -0.120181 -0.992326 -0.0290899
v 39.8386 -79.321 24.7085
vn 0.0264607 -0.999576 0.0121682
v 38.6559 -79.321 24.5331
vn -0.0177896 -0.99965 -0.0195635
v 38.7552 -79.321 24.4338
vn -0.0719493 -0.995459 -0.0623308
v 39.8228 -79.321 24.7729
vn 0.0565829 -0.998397 0.00123434
v 38.8393 -79.321 24.3214
vn -0.124584 -0.988977 -0.0800259
v 39.8772 -79.321 24.6546
vn 0.0539137 -0.997182 0.0521644
v 38.5435 -79.321 24.6173
vn -0.0510673 -0.99553 -0.0794484
v 39.6567 -79.321 25.7297
vn 0.0461498 -0.998501 0.0294396
v 46.0424 -79.321 26.7415
vn -0.171184 -0.985231 0.00392624
v 46.0026 -79.321 26.6399
vn -0.0380546 -0.998752 0.0323316
v 45.9291 -79.321 26.5928
vn -0.000971026 -0.999994 0.00331673
v 46.1451 -79.321 27.6273
vn -0.0198033 -0.999536 0.023139
v 46.0467 -79.321 27.5458
vn -0.740942 -0.66472 0.0956665
v 45.8416 -79.321 26.5928
vn 0.00569718 -0.999441 0.0329556
v 45.5732 -79.321 24.6582
vn -0.0113596 -0.999852 -0.01295
v 45.3173 -79.321 24.7734
vn -0.000651045 -0.999729 -0.0232552
v 45.768 -79.321 26.6399
vn 0.0578657 -0.996387 0.0621577
v 45.7297 -79.321 26.7047
vn 0.0110558 -0.999939 0.000531941
v 45.724 -79.321 27.5458
vn 0.750466 -0.649249 0.123597
v 43.9792 -79.321 28.7165
vn -0.000492313 -0.999987 0.00516696
v 42.1032 -79.321 26.6776
vn -0.00433155 -0.99999 0.000511313
v 46.276 -79.321 27.8745
vn -0.186739 -0.981923 0.0309247
v 46.253 -79.321 27.7822
vn -0.0938209 -0.99477 0.0403685
v 46.2085 -79.321 27.6982
vn -0.058519 -0.997299 0.0443944
v 46.6728 -79.321 29.5307
vn -0.0246873 -0.999695 -8.64394e-17
v 46.2763 -79.321 27.9695
vn -0.0141462 -0.999899 -0.00109724
v 46.1468 -79.321 28.2175
vn -0.0765221 -0.993898 -0.0794397
v 46.2098 -79.321 28.1462
vn -0.106359 -0.992072 -0.0669434
v 46.2538 -79.321 28.0619
vn -0.152211 -0.987065 -0.0503391
v 45.9797 -79.321 28.3053
vn -0.0301534 -0.994117 -0.104031
v 46.0686 -79.321 28.2716
vn -0.0527043 -0.994445 -0.091111
v 45.791 -79.321 28.3053
vn 0.0010957 -0.999985 -0.00536276
v 45.8853 -79.321 28.3168
vn -0.00490355 -0.992675 -0.120717
v 45.6256 -79.321 27.6273
vn 0.17749 -0.966001 0.187989
v 45.5622 -79.321 27.6982
vn 0.273637 -0.945861 0.174557
v 43.8111 -79.321 28.7165
vn 0.00440411 -0.999731 0.0227863
v 42.316 -79.321 27.7822
vn -0.0159998 -0.999848 0.00688446
v 42.2861 -79.321 24.7159
vn 0.0199924 -0.999517 -0.0237939
v 42.4624 -79.321 24.7734
vn 0.000941866 -0.995385 -0.0959581
v 41.9921 -79.321 26.5928
vn -0.00631771 -0.999837 0.0169098
v 41.9046 -79.321 26.5928
vn 0.00107847 -0.999991 0.00409584
v 45.5177 -79.321 27.7822
vn 0.0164096 -0.99985 0.0055286
v 42.2715 -79.321 27.6982
vn -0.250845 -0.949137 0.190304
v 44.1405 -79.321 28.7639
vn -0.0318589 -0.996317 0.0796038
v 45.4947 -79.321 27.8745
vn 0.0607286 -0.998141 0.00507719
v 45.4944 -79.321 27.9695
vn 0.0554491 -0.998422 -0.00885779
v 45.5169 -79.321 28.0619
vn 0.0501432 -0.998516 -0.0212299
v 44.2819 -79.321 28.8548
vn -0.0495293 -0.996783 0.0630185
v 45.6239 -79.321 28.2175
vn 0.0638445 -0.994904 -0.078034
v 45.7021 -79.321 28.2716
vn 0.024156 -0.998412 -0.0508976
v 44.4618 -79.321 29.1347
vn -0.0627086 -0.997796 0.0217132
v 45.5609 -79.321 28.1462
vn 0.0434567 -0.998525 -0.0325591
v 44.392 -79.321 28.9818
vn -0.0647375 -0.996835 0.0461387
v 44.4857 -79.321 29.3011
vn -0.0137632 -0.999905 0.000658912
v 43.6499 -79.321 28.7639
vn 0.0400296 -0.996185 0.0775449
v 42.3393 -79.321 27.9695
vn -0.0573537 -0.998344 -0.0044486
v 42.339 -79.321 27.8745
vn -0.061525 -0.998054 0.0101871
v 43.3984 -79.321 28.9818
vn 0.0575553 -0.99779 0.0332051
v 42.3168 -79.321 28.0619
vn -0.0530597 -0.998437 -0.0175479
v 43.5085 -79.321 28.8548
vn 0.0565545 -0.996637 0.0592926
v 42.2098 -79.321 28.2175
vn -0.0386311 -0.998448 -0.040104
v 42.2728 -79.321 28.1462
vn -0.0887362 -0.994488 -0.0558515
v 46.0026 -79.321 30.577
vn -0.0525862 -0.997616 0.0446972
v 45.9291 -79.321 30.5298
vn -0.0149096 -0.998335 0.0557201
v 45.8416 -79.321 30.5298
vn 0.000767755 -0.999995 0.00291601
v 46.253 -79.321 31.7192
vn -0.0113712 -0.999923 0.00489271
v 46.0424 -79.321 30.6785
vn -0.0766031 -0.997057 0.00295045
v 46.0454 -79.321 31.4758
vn -0.913628 -0.401906 0.0612811
v 46.1451 -79.321 31.5643
vn -0.168861 -0.967659 0.187409
v 45.7827 -79.321 30.5601
vn 0.0388137 -0.99854 0.0375591
v 45.7441 -79.321 30.614
vn 0.0232763 -0.999672 0.0106949
v 44.392 -79.321 29.6204
vn -0.0633294 -0.997324 -0.0365378
v 44.4618 -79.321 29.4675
vn -0.0747334 -0.997039 -0.0180947
v 44.2819 -79.321 29.7474
vn -0.0518887 -0.99717 -0.0544007
v 45.7283 -79.321 30.6785
vn 0.0392677 -0.999228 0.000856614
v 45.7253 -79.321 31.4758
vn 0.910658 -0.408978 0.0586474
v 45.6256 -79.321 31.5643
vn 0.220976 -0.947248 0.232143
v 46.6728 -79.321 32.6475
vn -0.00172554 -0.992016 0.1261
v 46.2763 -79.321 31.9066
vn -0.292788 -0.955908 -0.0227017
v 46.276 -79.321 31.8115
vn -0.447039 -0.891448 0.0740045
v 46.2085 -79.321 31.6352
vn -0.269755 -0.940932 0.204645
v 46.2098 -79.321 32.0832
vn -0.17443 -0.97853 -0.10979
v 46.2538 -79.321 31.9989
vn -0.219764 -0.972838 -0.0727354
v 46.1468 -79.321 32.1545
vn -0.139832 -0.979477 -0.145164
v 46.0686 -79.321 32.2086
vn -0.107903 -0.976531 -0.186399
v 45.791 -79.321 32.2424
vn 0.00310397 -0.999879 -0.0152186
v 45.8853 -79.321 32.2538
vn -0.0141344 -0.936249 -0.351053
v 45.9797 -79.321 32.2424
vn -0.0711836 -0.96684 -0.245262
v 42.0427 -79.321 32.2424
vn -0.00485554 -0.999762 -0.0212915
v 45.5622 -79.321 31.6352
vn 0.0123261 -0.999893 0.00786301
v 44.1405 -79.321 29.8383
vn -0.00905272 -0.999805 -0.0175483
v 42.1316 -79.321 28.2716
vn -0.0288477 -0.998339 -0.0498688
v 43.3286 -79.321 29.1347
vn 0.0534186 -0.998449 0.0156926
v 43.3046 -79.321 29.3011
vn 0.0189449 -0.999821 0
v 41.9921 -79.321 30.5298
vn -0.000797655 -0.999995 0.00298099
v 43.3286 -79.321 29.4675
vn 0.070241 -0.997233 -0.0243356
v 42.316 -79.321 31.7192
vn -0.0344839 -0.999295 0.0148379
v 43.6499 -79.321 29.8383
vn 0.00748374 -0.999797 -0.0187117
v 43.8111 -79.321 29.8856
vn 0.00533964 -0.998408 -0.0561526
v 43.5085 -79.321 29.7474
vn 0.0560461 -0.995878 -0.0713093
v 42.1054 -79.321 30.6785
vn -0.0693724 -0.99759 0.00155925
v 42.2715 -79.321 31.6352
vn -0.0119321 -0.999888 0.0090523
v 43.3984 -79.321 29.6204
vn 0.0551269 -0.997706 -0.0392888
v 45.5177 -79.321 31.7192
vn 0.0351172 -0.999313 0.0118316
v 45.6239 -79.321 32.1545
vn 0.0266334 -0.999115 -0.0325527
v 45.7021 -79.321 32.2086
vn 0.0239823 -0.998439 -0.0504459
v 42.2098 -79.321 32.1545
vn -0.0311208 -0.998993 -0.0323074
v 42.3168 -79.321 31.9989
vn -0.0313944 -0.999453 -0.0103906
v 45.5169 -79.321 31.9989
vn 0.029962 -0.99947 -0.0126906
v 45.5609 -79.321 32.0832
vn 0.028554 -0.999363 -0.0213937
v 42.2728 -79.321 32.0832
vn -0.0312415 -0.999318 -0.0196641
v 43.9792 -79.321 29.8856
vn -0.00133847 -0.999975 -0.00694302
v 45.4947 -79.321 31.8115
vn 0.00423612 -0.999991 0.000353907
v 42.339 -79.321 31.8115
vn -0.00383218 -0.999992 0.00063429
v 42.3393 -79.321 31.9066
vn -0.0313358 -0.999506 -0.00242967
v 45.4944 -79.321 31.9066
vn 0.03086 -0.999512 -0.00493156
v 42.1316 -79.321 32.2086
vn -0.0316523 -0.998002 -0.0546775
v 42.0656 -79.321 30.577
vn -0.0196261 -0.999668 0.016686
v 40.3312 -79.321 25.769
vn -0.00816057 -0.999957 0.00434473
v 40.1975 -79.321 25.6298
vn -0.162113 -0.972161 0.16918
v 41.7919 -79.321 26.7025
vn 0.0447914 -0.998995 0.00181917
v 40.3483 -79.321 26.0934
vn -0.0854688 -0.996051 -0.0240126
v 40.3706 -79.321 25.9535
vn -0.0582165 -0.998301 0.00241659
v 40.2824 -79.321 27.326
vn -0.0224959 -0.99953 0.0208121
v 40.2413 -79.321 26.249
vn -0.121291 -0.984614 -0.12579
v 40.3042 -79.321 26.1777
vn -0.012172 -0.999897 -0.00766667
v 41.8457 -79.321 26.6231
vn 0.0856461 -0.992977 0.0816233
v 40.1398 -79.321 25.5703
vn -0.966943 -0.251913 0.0395108
v 40.1631 -79.321 26.3031
vn -0.0257452 -0.998677 -0.044505
v 41.6252 -79.321 27.6982
vn 0.0145007 -0.999852 0.00925007
v 40.3436 -79.321 27.4237
vn -0.0230323 -0.999694 0.00896963
v 40.3735 -79.321 27.5356
vn -0.13842 -0.990373 0.000579897
v 39.8196 -79.321 26.8573
vn -0.180893 -0.965237 0.188667
v 39.7201 -79.321 25.6588
vn 0.0152863 -0.999753 0.0161314
v 39.8198 -79.321 25.5703
vn 0.897805 -0.440212 0.0126619
v 39.8042 -79.321 25.6007
vn 0.651068 -0.0226829 0.758681
v 39.6122 -79.321 25.8137
vn 0.052941 -0.998438 0.0178382
v 38.4202 -79.321 24.6846
vn -0.0283181 -0.997409 -0.0661326
v 39.5892 -79.321 25.906
vn 0.0580089 -0.998304 0.00484904
v 38.2886 -79.321 24.7337
vn -0.0210777 -0.996246 -0.0839656
v 39.5889 -79.321 26.001
vn 0.0193157 -0.999809 -0.00308554
v 38.1514 -79.321 24.7635
vn -0.00232333 -0.999798 -0.019944
v 39.7966 -79.321 26.3031
vn 0.0811662 -0.981942 -0.170888
v 39.8854 -79.321 26.3368
vn 0.0601418 -0.953774 -0.294445
v 39.6918 -79.321 26.772
vn -0.0802939 -0.983182 0.164028
v 40.0742 -79.321 26.3368
vn -0.0878088 -0.948956 -0.302939
v 39.9798 -79.321 26.3483
vn -0.00663637 -0.986536 -0.163409
v 39.5841 -79.321 26.7422
vn -0.000367716 -0.996808 0.0798359
v 39.7184 -79.321 26.249
vn 0.194379 -0.951719 -0.237588
v 39.6114 -79.321 26.0934
vn 0.462862 -0.8645 -0.195955
v 39.6554 -79.321 26.1777
vn 0.290926 -0.931586 -0.217966
v 42.1084 -79.321 27.5388
vn -0.911205 -0.407611 0.0596623
v 42.2081 -79.321 27.6273
vn -0.157337 -0.971984 0.17462
v 42.0427 -79.321 28.3053
vn -0.00242743 -0.999962 -0.00837469
v 41.9046 -79.321 30.5298
vn 0.00553331 -0.999764 0.0210127
v 41.9483 -79.321 28.3168
vn -0.00184655 -0.998964 -0.0454602
v 41.854 -79.321 28.3053
vn 0.0137342 -0.997644 -0.0672205
v 41.8457 -79.321 30.5601
vn 0.0466287 -0.997893 0.045123
v 41.8071 -79.321 30.614
vn 0.00317004 -0.999994 0.00145646
v 41.6869 -79.321 28.2175
vn 0.00437397 -0.999976 -0.00534609
v 41.7651 -79.321 28.2716
vn 0.0235032 -0.998496 -0.0495221
v 42.1084 -79.321 31.4758
vn -0.709479 -0.704546 0.0159428
v 42.124 -79.321 31.5062
vn -0.663852 0 0.747864
v 42.2081 -79.321 31.5643
vn -0.0967214 -0.989144 0.110634
v 40.3735 -79.321 31.0727
vn -0.0375735 -0.999294 -0.000464008
v 41.9011 -79.321 32.2481
vn 0.00117342 -0.999944 -0.0105446
v 41.7913 -79.321 30.6785
vn 0.0613419 -0.998116 0.00133816
v 41.7883 -79.321 31.4758
vn 0.907497 -0.407065 0.103665
v 41.6886 -79.321 31.5643
vn 0.0159651 -0.999749 0.0157017
v 34.1311 -79.321 32.2523
vn -0.000746385 -0.99999 -0.00435534
v 41.7833 -79.321 27.5518
vn 0.750163 -0.649775 0.122671
v 41.6886 -79.321 27.6273
vn 0.176455 -0.966025 0.188834
v 41.6239 -79.321 28.1462
vn 0.00467559 -0.999983 -0.00350312
v 41.5807 -79.321 27.7822
vn 0.114328 -0.992696 0.0385192
v 41.5577 -79.321 27.8745
vn 0.120044 -0.992718 0.0100363
v 41.5574 -79.321 27.9695
vn 0.128612 -0.991482 -0.0205453
v 41.5799 -79.321 28.0619
vn 0.142397 -0.987972 -0.0602889
v 40.3405 -79.321 31.2221
vn -0.0206761 -0.99975 -0.00856298
v 41.6252 -79.321 31.6352
vn 0.0514199 -0.998138 0.0328015
v 40.002 -79.321 31.4663
vn -0.000947806 -0.996059 -0.0886886
v 41.6869 -79.321 32.1545
vn 0.150342 -0.971407 -0.183755
v 41.7651 -79.321 32.2086
vn 0.0021228 -0.999985 -0.00504945
v 41.6239 -79.321 32.0832
vn 0.11848 -0.988981 -0.0887695
v 41.5577 -79.321 31.8115
vn 0.0609602 -0.998127 0.00509291
v 40.2582 -79.321 31.3511
vn -0.0440417 -0.997766 -0.0502351
v 41.5799 -79.321 31.9989
vn 0.0478956 -0.998646 -0.020289
v 41.5574 -79.321 31.9066
vn 0.118212 -0.992809 -0.0188908
v 41.5807 -79.321 31.7192
vn 0.104156 -0.993942 0.0350921
v 34.2576 -79.321 32.2086
vn -0.00162747 -0.999994 -0.00302961
v 37.9409 -79.321 24.7742
vn 0.000855212 -0.999956 -0.0093081
v 35.6643 -79.321 18.6371
vn 0.0390189 -0.996191 -0.0779747
v 34.4423 -79.321 19.9092
vn -0.0363194 -0.99922 0.0155093
v 35.5596 -79.321 18.5717
vn 0.0873168 -0.99302 -0.0792918
v 34.3981 -79.321 19.8251
vn -0.0161825 -0.999779 0.0134497
v 34.4651 -79.321 20.0014
vn -0.00828904 -0.999965 0.00135619
v 35.9979 -79.321 20.6832
vn 0.00130966 -0.999987 0.00496602
v 35.9371 -79.321 20.7145
vn 0.0565433 -0.996801 0.056479
v 34.4652 -79.321 20.0963
vn -0.0703766 -0.997505 -0.00561493
v 34.2932 -79.321 19.725
vn -0.180337 -0.964161 0.194606
v 34.2357 -79.321 18.868
vn -0.10527 -0.994441 0.00207521
v 34.237 -79.321 19.6724
vn -0.877006 -0.476862 0.0588431
v 34.4425 -79.321 20.1885
vn -0.0890509 -0.995585 -0.0296826
v 35.8975 -79.321 20.7701
vn 0.0235828 -0.999664 0.0107666
v 34.3984 -79.321 20.2726
vn -0.0116778 -0.999905 -0.00737379
v 36.2022 -79.321 20.7706
vn -0.0206385 -0.999784 0.0024037
v 37.6025 -79.321 20.9255
vn 0.00535687 -0.999925 0.0110265
v 36.0879 -79.321 20.6832
vn -0.0128167 -0.999332 0.0342114
v 37.734 -79.321 20.8764
vn 0.0168424 -0.998472 0.05263
v 37.8713 -79.321 20.8465
vn 0.00998287 -0.99819 0.0592965
v 37.3668 -79.321 21.0769
vn 0.0988211 -0.989149 0.108711
v 37.4792 -79.321 20.9928
vn 0.0929999 -0.986131 0.137467
v 37.2675 -79.321 21.1762
vn 0.105321 -0.990626 0.0869928
v 34.18 -79.321 21.3418
vn -0.0219126 -0.999579 0.0190364
v 34.3355 -79.321 20.3437
vn -0.155138 -0.974648 -0.161226
v 35.8814 -79.321 20.8365
vn 0.0229222 -0.999737 0.000427115
v 34.2574 -79.321 20.3977
vn -0.0909256 -0.98337 -0.157211
v 34.195 -79.321 18.7634
vn -0.0511258 -0.997753 0.0432948
v 34.1194 -79.321 18.7147
vn -0.000624486 -0.999997 0.00233245
v 33.0058 -79.321 15.7335
vn 0.0185384 -0.999709 -0.0154102
v 34.0294 -79.321 18.7147
vn 0.00154952 -0.999988 0.00457245
v 32.0989 -79.321 16.7553
vn -0.0333612 -0.998541 -0.0424719
v 33.9536 -79.321 18.7634
vn 0.0168916 -0.999752 0.0145465
v 32.2089 -79.321 16.6282
vn -0.0135911 -0.99987 -0.00872966
v 30.2967 -79.321 18.8021
vn -0.00595212 -0.999982 0.000697959
v 33.913 -79.321 18.8545
vn 0.0145856 -0.999894 0.000390474
v 33.6876 -79.321 19.9625
vn 0.00380602 -0.999993 0.000678464
v 33.9079 -79.321 19.6784
vn 0.761194 -0.630202 0.153068
v 33.8136 -79.321 19.7541
vn 0.1639 -0.972396 0.166083
v 31.9574 -79.321 16.8461
vn -0.0161652 -0.999053 -0.0404045
v 34.0743 -79.321 20.4428
vn -0.0117396 -0.956585 -0.291218
v 34.1686 -79.321 20.4314
vn -0.0156149 -0.998425 -0.0538787
v 33.7658 -79.321 20.9277
vn -0.156898 -0.971587 0.177208
v 33.8913 -79.321 20.3977
vn 0.0581155 -0.990777 -0.122403
v 33.9801 -79.321 20.4314
vn 0.0533189 -0.963706 -0.261585
v 33.5942 -79.321 20.8449
vn -0.0486602 -0.988294 0.144595
v 33.8132 -79.321 20.3437
vn 0.172771 -0.961996 -0.211456
v 33.7505 -79.321 19.8251
vn 0.339278 -0.921203 0.190458
v 33.6835 -79.321 20.0963
vn 0.0124787 -0.999921 -0.00161098
v 33.7061 -79.321 20.1885
vn 0.3149 -0.93962 -0.133987
v 33.5176 -79.321 20.8365
vn -0.000366 -0.991779 0.127964
v 30.5053 -79.321 19.9092
vn -0.00668023 -0.999974 0.00285262
v 33.7502 -79.321 20.2726
vn 0.15961 -0.979863 -0.119975
v 30.7054 -79.321 20.8366
vn 0.00156501 -0.994411 0.105569
v 31.7962 -79.321 16.8935
vn -0.000604293 -0.999991 -0.00419807
v 36.3036 -79.321 21.7226
vn -0.0204224 -0.999525 0.0230745
v 36.2042 -79.321 21.6339
vn -0.896719 -0.438658 0.0589523
v 37.116 -79.321 21.4119
vn 0.036108 -0.999229 0.0154424
v 37.1833 -79.321 21.2886
vn 0.113046 -0.991198 0.0688987
v 36.3666 -79.321 21.7936
vn -0.102395 -0.991753 0.0770782
v 37.067 -79.321 21.5435
vn 0.181802 -0.982236 0.046485
v 37.0371 -79.321 21.6807
vn 0.115131 -0.993212 0.0165666
v 36.4336 -79.321 21.9699
vn -0.2333 -0.971655 0.0381736
v 36.4108 -79.321 21.8777
vn -0.123687 -0.990915 0.0528195
v 37.0271 -79.321 21.8208
vn 0.13022 -0.991485 0.000576355
v 37.067 -79.321 24.0666
vn 0.178287 -0.982819 -0.0477512
v 37.116 -79.321 24.1981
vn 0.0889267 -0.995102 -0.043181
v 36.1602 -79.321 24.6714
vn -0.0199878 -0.999656 0.0169982
v 36.0865 -79.321 24.6243
vn -0.0138752 -0.99878 0.047394
v 37.0274 -79.321 23.8621
vn 0.0936354 -0.995606 -0.000860336
v 37.3668 -79.321 24.5331
vn 0.0164681 -0.999666 -0.0199375
v 37.4792 -79.321 24.6173
vn 0.0369465 -0.997477 -0.060621
v 36.3659 -79.321 25.7297
vn -0.042669 -0.998452 0.0356905
v 37.1833 -79.321 24.3214
vn 0.113032 -0.990639 -0.0765353
v 37.2675 -79.321 24.4338
vn 0.105091 -0.989861 -0.0955601
v 36.1999 -79.321 24.7729
vn -0.0552448 -0.998471 0.0021219
v 36.4337 -79.321 22.0648
vn -0.254287 -0.966916 -0.0202915
v 36.411 -79.321 22.157
vn -0.291767 -0.951532 -0.0972564
v 36.3669 -79.321 22.2411
vn -0.0153498 -0.999835 -0.00969192
v 36.304 -79.321 22.3122
vn -0.0622155 -0.995966 -0.0646584
v 36.2259 -79.321 22.3662
vn -0.0434113 -0.996234 -0.0750597
v 36.1371 -79.321 22.3999
vn -0.0250817 -0.995932 -0.0865413
v 36.0428 -79.321 22.4113
vn -0.000431509 -0.999943 -0.0107042
v 35.9991 -79.321 24.6243
vn 0.00048419 -0.999992 0.00403169
v 35.8814 -79.321 21.6339
vn 0.903742 -0.424855 0.0524256
v 35.7821 -79.321 21.7226
vn 0.231663 -0.943841 0.235578
v 35.719 -79.321 21.7936
vn 0.014568 -0.999851 0.00922668
v 34.2709 -79.321 21.509
vn -0.0485527 -0.998818 0.00248889
v 35.6748 -79.321 21.8777
vn 0.0965514 -0.994804 0.0322924
v 35.7817 -79.321 22.3122
vn 0.0403296 -0.997967 -0.0493589
v 35.8598 -79.321 22.3662
vn 0.00281823 -0.999978 -0.00593627
v 34.271 -79.321 24.0634
vn -0.0605819 -0.998163 -0.000645053
v 35.7187 -79.321 22.2411
vn 0.0529191 -0.997806 -0.0397771
v 35.9486 -79.321 22.3999
vn 0.0137019 -0.997644 -0.0672231
v 35.6746 -79.321 22.157
vn 0.00656585 -0.999975 -0.00279355
v 35.652 -79.321 22.0648
vn 0.111076 -0.993649 -0.0179745
v 35.652 -79.321 21.9699
vn 0.102637 -0.994684 0.0082985
v 35.9016 -79.321 24.7085
vn 0.0212193 -0.999727 0.00977394
v 34.2147 -79.321 24.2371
vn -0.0210826 -0.999653 -0.0157704
v 33.0516 -79.321 15.2581
vn 0.0166529 -0.999749 0.0149952
v 30.2967 -79.321 14.8651
vn -0.0163093 -0.999865 0.00190038
v 33.1484 -79.321 15.1824
vn 0.00435901 -0.999961 0.00769533
v 32.9865 -79.321 15.3623
vn 0.0764008 -0.996722 0.0266164
v 31.7962 -79.321 15.7244
vn -0.00218138 -0.999736 0.0228897
v 32.2788 -79.321 16.1426
vn -0.168987 -0.983876 0.0585835
v 32.9526 -79.321 15.5215
vn 0.0759132 -0.997114 0.000983999
v 32.0989 -79.321 15.8626
vn -0.0506868 -0.997 0.0585029
v 32.2089 -79.321 15.9897
vn -0.0850577 -0.994534 0.060563
v 31.9574 -79.321 15.7718
vn -0.0992196 -0.971045 0.21732
v 31.3254 -79.321 15.8626
vn 0.0264477 -0.999266 0.0277201
v 31.4668 -79.321 15.7718
vn 0.0513372 -0.993707 0.0995581
v 31.6281 -79.321 15.7244
vn 0.0266803 -0.990059 0.138099
v 30.4611 -79.321 15.8881
vn -0.106543 -0.992447 0.0608069
v 31.2153 -79.321 15.9897
vn 0.138152 -0.9872 0.0796869
v 32.3027 -79.321 16.309
vn -0.205445 -0.978619 0.00983736
v 32.2788 -79.321 16.4753
vn -0.281414 -0.957158 -0.0682229
v 31.1455 -79.321 16.1426
vn 0.160114 -0.986337 0.0387679
v 30.5167 -79.321 16.0183
vn -0.125504 -0.991607 0.0310561
v 31.1216 -79.321 16.309
vn 0.124212 -0.992256 0
v 30.5282 -79.321 16.1593
vn -0.129858 -0.991523 -0.00439043
v 30.5055 -79.321 16.2515
vn -0.117618 -0.992285 -0.0392064
v 31.1455 -79.321 16.4753
vn 0.185829 -0.981067 -0.0545496
v 30.4614 -79.321 16.3356
vn -0.189461 -0.974573 -0.119631
v 30.3985 -79.321 16.4067
vn -0.0839534 -0.992643 -0.0872474
v 30.3981 -79.321 15.8171
vn -0.029308 -0.999102 0.0305945
v 30.1823 -79.321 14.7777
vn -0.0509118 -0.989418 0.13587
v 30.2987 -79.321 15.7284
vn -0.904907 -0.422088 0.0546388
v 30.0923 -79.321 14.7777
vn 0.0282602 -0.99384 0.107162
v 29.992 -79.321 14.8646
vn 0.0925189 -0.994815 0.0422405
v 30.0316 -79.321 14.809
vn 0.127402 -0.983643 0.127337
v 29.9759 -79.321 14.931
vn 0.0896389 -0.995973 0.00166549
v 29.9759 -79.321 15.7284
vn 0.905841 -0.416001 0.0799745
v 29.8766 -79.321 15.8171
vn 0.189235 -0.962421 0.194773
v 29.8135 -79.321 15.8881
vn 0.0252253 -0.999554 0.0159765
v 31.2153 -79.321 16.6282
vn 0.148009 -0.98335 -0.105435
v 29.7693 -79.321 15.9722
vn 0.124857 -0.991294 0.0417895
v 29.7465 -79.321 16.0643
vn 0.0204265 -0.99979 0.00165096
v 29.3499 -79.321 17.0636
vn 0.00767247 -0.999971 0
v 29.8761 -79.321 16.4067
vn 0.109494 -0.984904 -0.134072
v 29.9543 -79.321 16.4607
vn 0.0764774 -0.983963 -0.161143
v 29.7465 -79.321 16.1593
vn 0.278563 -0.95936 -0.0450653
v 29.7691 -79.321 16.2515
vn 0.195495 -0.977171 -0.0831827
v 29.8132 -79.321 16.3356
vn 0.146142 -0.98316 -0.10972
v 30.3204 -79.321 16.4607
vn -0.0638057 -0.991846 -0.110322
v 31.3254 -79.321 16.7553
vn 0.00648985 -0.999951 -0.00749054
v 31.4668 -79.321 16.8461
vn 0.0359437 -0.996248 -0.0787282
v 31.6281 -79.321 16.8935
vn 0.00672463 -0.997483 -0.0705809
v 30.2987 -79.321 19.6654
vn -0.962106 -0.27066 0.0330969
v 30.3562 -79.321 19.725
vn -0.17106 -0.968625 0.180286
v 30.4611 -79.321 19.8251
vn -0.200211 -0.965519 0.166399
v 30.5281 -79.321 20.0014
vn -0.00930068 -0.999956 0.00151942
v 30.5282 -79.321 20.0963
vn -0.485679 -0.873278 -0.0387464
v 30.4614 -79.321 20.2726
vn -0.230628 -0.962083 -0.145626
v 30.5055 -79.321 20.1885
vn -0.317024 -0.942512 -0.105676
v 30.4495 -79.321 20.9518
vn 0.0970014 -0.98912 0.110603
v 30.3204 -79.321 20.3977
vn -0.0522687 -0.994536 -0.0903649
v 30.3985 -79.321 20.3437
vn -0.173246 -0.968282 -0.180044
v 30.2316 -79.321 20.4314
vn -0.0748735 -0.956283 -0.282695
v 29.9987 -79.321 20.4145
vn 0.0553781 -0.987741 -0.14595
v 30.3673 -79.321 21.0808
vn 0.0569296 -0.9981 0.0235773
v 30.1373 -79.321 20.4428
vn 0.0101424 -0.98568 -0.168323
v 30.3343 -79.321 24.4021
vn 0.0808294 -0.996727 -0.00106936
v 30.4495 -79.321 24.6582
vn 0.0142862 -0.999819 -0.012526
v 29.3499 -79.321 24.8555
vn 0.0183733 -0.999831 1.1646e-07
v 30.3342 -79.321 21.2302
vn 0.0905113 -0.995895 0.00123741
v 29.3499 -79.321 20.1803
vn 0.00534122 -0.999986 -1.09107e-07
v 30.1823 -79.321 18.7147
vn -0.00100447 -0.999996 0.00268069
v 30.2316 -79.321 16.4944
vn -0.00286078 -0.999947 -0.00987087
v 30.1373 -79.321 16.5058
vn -0.000551239 -0.999906 -0.0136743
v 30.0923 -79.321 18.7147
vn 0.0154442 -0.998164 0.0585643
v 30.0431 -79.321 16.4944
vn 0.0402109 -0.979523 -0.197278
v 29.992 -79.321 18.8016
vn 0.0684951 -0.997161 0.0312722
v 30.0316 -79.321 18.746
vn 0.0825655 -0.993163 0.0825232
v 29.9759 -79.321 18.868
vn 0.0335012 -0.999438 0.000622451
v 29.9759 -79.321 19.6654
vn 0.916922 -0.394967 0.0570555
v 29.8766 -79.321 19.7541
vn 0.217338 -0.94892 0.228724
v 29.8761 -79.321 20.3437
vn 0.0389536 -0.997865 -0.0524221
v 29.8135 -79.321 19.8251
vn 0.0512748 -0.998156 0.0324751
v 29.7693 -79.321 19.9092
vn 0.423748 -0.894624 0.141723
v 29.7465 -79.321 20.0014
vn 0.367771 -0.929441 0.0297353
v 29.7465 -79.321 20.0963
vn 0.339139 -0.939134 -0.0548846
v 29.8132 -79.321 20.2726
vn 0.3275 -0.912298 -0.245878
v 29.7691 -79.321 20.1885
vn 0.326545 -0.934913 -0.138944
v 36.3999 -79.321 26.7423
vn 0.00156308 -0.998998 0.0447303
v 37.6025 -79.321 24.6846
vn 0.0283178 -0.997411 -0.0660987
v 37.734 -79.321 24.7337
vn 0.0134034 -0.998627 -0.0506313
v 36.4335 -79.321 25.906
vn -0.0574553 -0.998302 0.00955478
v 36.4338 -79.321 26.001
vn -0.0181822 -0.999834 -0.00140994
v 36.4104 -79.321 25.8137
vn -0.0512905 -0.998439 0.0220891
v 36.2605 -79.321 25.6298
vn -0.0122095 -0.999847 0.0124927
v 36.2028 -79.321 25.5703
vn -0.96323 -0.253058 0.0902818
v 36.3672 -79.321 26.1777
vn -0.331561 -0.92003 -0.208836
v 36.4113 -79.321 26.0934
vn -0.532175 -0.828095 -0.176205
v 36.3043 -79.321 26.249
vn -0.224465 -0.946268 -0.232793
v 36.2261 -79.321 26.3031
vn -0.150243 -0.953925 -0.25972
v 36.1372 -79.321 26.3368
vn -0.0416373 -0.988753 -0.143647
v 36.2331 -79.321 26.8332
vn 0.0986679 -0.988324 0.116107
v 35.9484 -79.321 26.3368
vn 0.0673018 -0.941754 -0.3295
v 36.0428 -79.321 26.3483
vn -0.011825 -0.956598 -0.291169
v 35.8596 -79.321 26.3031
vn 0.0200023 -0.998913 -0.0421118
v 35.6752 -79.321 25.8137
vn 0.00535709 -0.999984 0.0018092
v 34.118 -79.321 26.5928
vn -0.00111565 -0.999996 0.00261507
v 33.7625 -79.321 24.6903
vn -0.0190075 -0.999609 -0.0205279
v 35.7831 -79.321 25.6588
vn 0.147961 -0.97659 0.156141
v 35.7197 -79.321 25.7297
vn 0.012182 -0.999896 0.00777103
v 35.6521 -79.321 25.906
vn 0.0593552 -0.998225 0.00494169
v 35.7085 -79.321 27.353
vn 0.0328314 -0.999068 0.0280148
v 35.7184 -79.321 26.1777
vn 0.0113456 -0.9999 -0.0085007
v 35.7814 -79.321 26.249
vn 0.10553 -0.986015 -0.128988
v 34.2293 -79.321 26.6775
vn -0.0244617 -0.999697 0.0028681
v 35.6519 -79.321 26.001
vn 0.09726 -0.995137 -0.0155727
v 35.6744 -79.321 26.0934
vn 0.0869024 -0.995537 -0.0367907
v 34.3974 -79.321 27.6982
vn -0.0138379 -0.999837 0.0115751
v 34.0306 -79.321 26.5928
vn 0.00520014 -0.99905 0.0432683
v 33.6007 -79.321 24.7728
vn -0.00225014 -0.998663 -0.0516441
v 33.919 -79.321 26.6988
vn 0.00448696 -0.99999 0.000433872
v 30.2942 -79.321 26.7285
vn -0.0054685 -0.999985 0.000210993
v 33.9717 -79.321 26.6231
vn 0.0586162 -0.996139 0.065361
v 35.9402 -79.321 24.6546
vn 0.0960139 -0.991036 0.0928909
v 35.6493 -79.321 27.5313
vn 0.0707938 -0.99749 0.00112307
v 34.4419 -79.321 27.7822
vn -0.11063 -0.992719 0.0476433
v 34.465 -79.321 27.8745
vn -0.118821 -0.992719 0.0197631
v 34.3987 -79.321 28.1462
vn -0.00490773 -0.999983 -0.00309158
v 35.6492 -79.321 31.0949
vn 0.0719404 -0.997409 -0.000847103
v 34.4428 -79.321 28.0619
vn -0.147083 -0.987924 -0.0487017
v 34.4653 -79.321 27.9695
vn -0.129861 -0.991481 -0.0100708
v 34.292 -79.321 27.5983
vn -0.161347 -0.970868 0.177148
v 34.2343 -79.321 27.5388
vn -0.966943 -0.251911 0.0395178
v 34.2293 -79.321 30.6145
vn -0.0332121 -0.999446 0.0022737
v 34.3358 -79.321 28.2175
vn -0.00494945 -0.999975 -0.00513218
v 34.2576 -79.321 28.2716
vn -0.021768 -0.999055 -0.0376318
v 34.3341 -79.321 31.5643
vn -0.00957919 -0.999901 0.010344
v 34.4653 -79.321 31.9066
vn -0.0655075 -0.997839 -0.00507833
v 35.7644 -79.321 31.3511
vn 0.046562 -0.998081 -0.0408275
v 35.8934 -79.321 31.4333
vn 0.0104526 -0.999627 -0.0252387
v 34.4419 -79.321 31.7192
vn -0.0399226 -0.999055 0.0171954
v 34.465 -79.321 31.8115
vn -0.107586 -0.994035 0.017888
v 36.0428 -79.321 31.4664
vn 0.00141227 -0.99187 -0.127249
v 34.3987 -79.321 32.0832
vn -0.0729814 -0.996273 -0.0459662
v 34.4428 -79.321 31.9989
vn -0.120109 -0.991963 -0.0398004
v 34.3974 -79.321 31.6352
vn -0.0875846 -0.993944 0.0663676
v 34.2393 -79.321 31.4888
vn -0.75823 -0.634628 0.149448
v 34.3358 -79.321 32.1545
vn -0.160961 -0.972741 -0.166935
v 34.118 -79.321 30.5298
vn -0.00483789 -0.999924 0.0113463
v 34.1687 -79.321 28.3053
vn -0.0191016 -0.997643 -0.0659009
v 34.0306 -79.321 30.5298
vn 0.000717963 -0.999982 0.00599533
v 34.0743 -79.321 28.3168
vn -0.00184622 -0.998964 -0.045468
v 33.9799 -79.321 28.3053
vn 0.0137347 -0.997642 -0.0672456
v 33.9143 -79.321 27.5388
vn 0.907725 -0.415496 0.0582913
v 33.8146 -79.321 27.6273
vn 0.211127 -0.951963 0.221791
v 33.8911 -79.321 28.2716
vn 0.0029209 -0.999977 -0.00614958
v 32.3027 -79.321 29.3011
vn -0.0106619 -0.999943 0.000510439
v 33.9717 -79.321 30.5601
vn 0.0339161 -0.998886 0.0328081
v 32.2788 -79.321 29.4675
vn -0.0615858 -0.99799 -0.014924
v 33.933 -79.321 30.614
vn 0.0125681 -0.999904 0.00578528
v 29.3499 -79.321 32.6475
vn 0.00214661 -0.949394 0.314082
v 33.9799 -79.321 32.2424
vn 0.00309558 -0.999819 -0.0187839
v 32.2089 -79.321 29.6204
vn -0.0642152 -0.997248 -0.0370636
v 33.8146 -79.321 31.5643
vn 0.188771 -0.962368 0.195481
v 33.9172 -79.321 30.6785
vn 0.039333 -0.999226 0.000855774
v 33.9143 -79.321 31.4758
vn 0.905061 -0.416999 0.083528
v 32.0989 -79.321 29.7474
vn -0.0122424 -0.999843 -0.0128316
v 33.7512 -79.321 31.6352
vn 0.00907205 -0.999942 0.00578733
v 30.2317 -79.321 32.2424
vn -0.00433264 -0.999879 -0.0149279
v 33.8911 -79.321 32.2086
vn 0.0191336 -0.999008 -0.0402151
v 33.7512 -79.321 27.6982
vn 0.271886 -0.94657 0.173444
v 33.7067 -79.321 27.7822
vn 0.0115816 -0.999925 0.00391068
v 31.7962 -79.321 28.7165
vn -0.000436529 -0.999989 0.00458071
v 30.7279 -79.321 24.7735
vn 0.000340753 -0.999016 -0.0443496
v 30.5785 -79.321 24.7404
vn 0.00777352 -0.999794 -0.0187696
v 30.181 -79.321 26.5928
vn -0.00379382 -0.999909 0.0129586
v 30.5049 -79.321 27.7822
vn -0.0178808 -0.99981 0.00770052
v 30.4604 -79.321 27.6982
vn -0.265833 -0.942739 0.201434
v 30.3971 -79.321 27.6273
vn -0.170576 -0.967376 0.187316
v 33.7059 -79.321 28.0619
vn 0.0785641 -0.996354 -0.0332629
v 33.7499 -79.321 28.1462
vn 0.0355237 -0.999014 -0.0266155
v 32.2089 -79.321 28.9818
vn -0.0435355 -0.99857 0.0310173
v 32.0989 -79.321 28.8548
vn -0.0414312 -0.997749 0.0527287
v 33.6836 -79.321 27.8745
vn 0.048513 -0.998814 0.00403887
v 33.6834 -79.321 27.9695
vn 0.0452352 -0.99895 -0.0072422
v 33.8129 -79.321 28.2175
vn 0.0288864 -0.998959 -0.0353077
v 32.2788 -79.321 29.1347
vn -0.0627856 -0.99779 0.0217662
v 31.9574 -79.321 28.7639
vn -0.0274964 -0.997259 0.0686885
v 31.4668 -79.321 28.7639
vn 0.0395446 -0.996276 0.0766227
v 30.5283 -79.321 27.9695
vn -0.14207 -0.989795 -0.0110685
v 30.528 -79.321 27.8745
vn -0.0764105 -0.996995 0.0127075
v 31.3254 -79.321 28.8548
vn 0.070578 -0.994758 0.0739955
v 30.4617 -79.321 28.1462
vn -0.0591672 -0.997554 -0.037216
v 30.5057 -79.321 28.0619
vn -0.0668195 -0.997519 -0.0221488
v 31.6281 -79.321 28.7165
vn 0.0216973 -0.993437 0.112305
v 31.2153 -79.321 28.9818
vn 0.072626 -0.996479 0.0419005
v 30.3988 -79.321 28.2175
vn -0.091264 -0.991318 -0.0946508
v 30.3206 -79.321 28.2716
vn -0.0352742 -0.997516 -0.0609779
v 30.0936 -79.321 26.5928
vn 0.00122282 -0.999947 0.0101838
v 30.2547 -79.321 26.6399
vn -0.0393112 -0.998601 0.035355
v 30.2973 -79.321 27.5388
vn -0.910085 -0.410349 0.057956
v 30.0346 -79.321 26.6231
vn 0.0775402 -0.993949 0.0777959
v 29.996 -79.321 26.677
vn 0.0906893 -0.9953 0.0339662
v 29.9802 -79.321 26.7415
vn 0.178784 -0.983885 0.00246258
v 29.976 -79.321 27.5458
vn 0.737242 -0.670211 0.085393
v 29.8776 -79.321 27.6273
vn 0.0293835 -0.999099 0.030618
v 30.2317 -79.321 28.3053
vn -0.0203405 -0.997327 -0.0701755
v 31.1455 -79.321 29.1347
vn 0.102692 -0.994402 0.0248646
v 30.1373 -79.321 28.3168
vn -0.000514799 -0.999919 -0.0126782
v 31.1216 -79.321 29.3011
vn 0.019287 -0.999814 -0.000923431
v 29.8142 -79.321 27.6982
vn 0.0619131 -0.9973 0.0394962
v 29.7697 -79.321 27.7822
vn 0.0967101 -0.994777 0.0326567
v 29.7466 -79.321 27.8745
vn 0.188575 -0.981933 0.0156957
v 29.3499 -79.321 29.5307
vn 0.0061821 -0.999981 0
v 29.8759 -79.321 28.2175
vn 0.0698676 -0.993901 -0.08532
v 29.954 -79.321 28.2716
vn 0.0451505 -0.994444 -0.0950961
v 29.7464 -79.321 27.9695
vn 0.0140181 -0.999899 -0.0022445
v 29.7689 -79.321 28.0619
vn 0.147627 -0.987066 -0.062501
v 29.8129 -79.321 28.1462
vn 0.100593 -0.992069 -0.0753669
v 30.0429 -79.321 28.3053
vn 0.0216694 -0.994116 -0.106134
v 33.6836 -79.321 31.8115
vn 0.00381712 -0.999993 0.000317561
v 31.7962 -79.321 29.8856
vn -0.00133985 -0.999975 -0.00694731
v 31.9574 -79.321 29.8383
vn -0.0179828 -0.99923 -0.0348668
v 31.1455 -79.321 29.4675
vn 0.0196132 -0.999785 -0.00679113
v 31.2153 -79.321 29.6204
vn 0.0626591 -0.997035 -0.0446559
v 30.181 -79.321 30.5298
vn -0.0020309 -0.999983 0.00543243
v 30.2923 -79.321 30.6145
vn -0.0718494 -0.997403 0.00491702
v 31.6281 -79.321 29.8856
vn 0.00216265 -0.999739 -0.0227523
v 30.4604 -79.321 31.6352
vn -0.0129562 -0.999868 0.00981673
v 31.4668 -79.321 29.8383
vn 0.0455949 -0.992428 -0.11405
v 31.3254 -79.321 29.7474
vn 0.0681392 -0.993902 -0.0866966
v 30.5049 -79.321 31.7192
vn -0.0396283 -0.999069 0.0170663
v 33.7067 -79.321 31.7192
vn 0.0605561 -0.997955 0.020448
v 33.6834 -79.321 31.9066
vn 0.0464949 -0.998891 -0.00744656
v 30.5283 -79.321 31.9066
vn -0.0234165 -0.999724 -0.0018237
v 30.528 -79.321 31.8115
vn -0.00420878 -0.999991 0.000699694
v 33.7499 -79.321 32.0832
vn 0.0295481 -0.999318 -0.0221386
v 33.8129 -79.321 32.1545
vn 0.041167 -0.997884 -0.0503181
v 30.3988 -79.321 32.1545
vn -0.0226053 -0.99947 -0.0234442
v 33.7059 -79.321 31.9989
vn 0.0226399 -0.999698 -0.00958926
v 30.4617 -79.321 32.0832
vn -0.0301889 -0.999364 -0.0189891
v 30.5057 -79.321 31.9989
vn -0.0467599 -0.998786 -0.0155114
v 30.3971 -79.321 31.5643
vn -0.105518 -0.987863 0.113988
v 30.3206 -79.321 32.2086
vn -0.0443443 -0.996075 -0.0766015
v 30.3023 -79.321 31.4888
vn -0.75823 -0.634628 0.149449
v 30.0936 -79.321 30.5298
vn 0.0241181 -0.995501 0.0916328
v 30.0346 -79.321 30.5601
vn 0.11982 -0.986007 0.115904
v 29.996 -79.321 30.614
vn 0.0856367 -0.995549 0.0393467
v 29.9802 -79.321 30.6785
vn 0.0759606 -0.997109 0.00165269
v 29.9773 -79.321 31.4758
vn 0.902976 -0.426044 0.0558623
v 29.8776 -79.321 31.5643
vn 0.231072 -0.943771 0.236436
v 29.7697 -79.321 31.7192
vn 0.0117354 -0.999923 0.00396276
v 30.1373 -79.321 32.2538
vn -0.014127 -0.936269 -0.350999
v 29.954 -79.321 32.2086
vn 0.0925181 -0.976523 -0.194532
v 30.0429 -79.321 32.2424
vn 0.0509995 -0.966843 -0.250228
v 29.8142 -79.321 31.6352
vn 0.285355 -0.940976 0.182036
v 29.7466 -79.321 31.8115
vn 0.451633 -0.891413 0.0375639
v 29.8129 -79.321 32.0832
vn 0.164976 -0.978522 -0.123605
v 29.8759 -79.321 32.1545
vn 0.127653 -0.979492 -0.155886
v 29.7464 -79.321 31.9066
vn 0.289676 -0.956 -0.0463981
v 29.7689 -79.321 31.9989
vn 0.213219 -0.972822 -0.090307
v 39.8185 -79.2226 25.5773
vn 0.73992 0.666263 0.0927997
v 39.7201 -79.2226 25.6588
vn 0.0156577 0.99971 0.0182928
v 39.8234 -79.2226 24.7415
vn 0.105275 0.994426 0.00586321
v 41.7306 -79.2226 27.5983
vn 0.165742 0.969241 0.181939
v 41.7883 -79.2226 27.5388
vn 0.973998 0.222602 0.0421555
v 41.7978 -79.2226 26.6973
vn 0.0274459 0.99962 0.00270849
v 45.6677 -79.2226 27.5983
vn 0.175067 0.966042 0.190036
v 45.7253 -79.2226 27.5388
vn 0.962903 0.26724 0.0374297
v 45.7285 -79.2226 26.7284
vn 0.00553184 0.999985 0.000263094
v 29.9675 -79.2226 19.6841
vn 0.760075 0.632445 0.149328
v 29.9766 -79.2226 18.8285
vn 0.0678514 0.997679 0.00571328
v 29.9185 -79.2226 15.788
vn 0.175874 0.966817 0.185293
v 29.9759 -79.2226 15.7284
vn 0.876968 0.477178 0.0568127
v 29.9766 -79.2226 14.8915
vn 0.169094 0.985506 0.0136192
v 33.9129 -79.2226 19.6654
vn 0.907476 0.416522 0.0547472
v 33.8136 -79.2226 19.7541
vn 0.165402 0.969579 0.18044
v 33.9143 -79.2226 18.8244
vn 0.00814018 0.999966 0.00106076
v 35.8814 -79.2226 21.6339
vn 0.760073 0.63245 0.149322
v 35.882 -79.2226 20.7971
vn 0.0438139 0.999033 0.00352903
v 39.7191 -79.2226 21.7226
vn 0.0213313 0.999481 0.02415
v 39.8184 -79.2226 21.6339
vn 0.738699 0.668619 0.0852708
v 39.819 -79.2226 20.7971
vn 0.11669 0.993124 0.00939836
v 41.7844 -79.2226 19.6794
vn 0.761828 0.62891 0.155211
v 41.7869 -79.2226 18.868
vn 0.107574 0.994196 0.00119943
v 45.7239 -79.2226 19.6654
vn 0.914277 0.401066 0.0569461
v 45.6246 -79.2226 19.7541
vn 0.166823 0.968676 0.183949
v 45.724 -79.2226 18.8547
vn 0.00583096 0.999983 0.000263082
v 45.7227 -79.2226 15.7354
vn 0.877135 0.476775 0.0576255
v 45.6665 -79.2226 15.788
vn 0.171763 0.967564 0.185248
v 45.7257 -79.2226 14.8868
vn 0.0448582 0.998987 0.00362938
v 30.3037 -79.2226 15.7415
vn -0.761507 0.629276 0.155301
v 29.8135 -79.2226 15.8881
vn 0.0253407 0.999457 0.0210744
v 29.7693 -79.2226 15.9722
vn 0.121134 0.991286 0.0517471
v 29.7465 -79.2226 16.0643
vn 0.0202166 0.99979 0.00330192
v 29.7465 -79.2226 16.1593
vn 0.281349 0.959341 -0.0225322
v 29.7691 -79.2226 16.2515
vn 0.201576 0.977176 -0.0670422
v 29.8132 -79.2226 16.3356
vn 0.154537 0.983157 -0.0975779
v 29.8761 -79.2226 16.4067
vn 0.119951 0.984915 -0.12472
v 29.9543 -79.2226 16.4607
vn 0.0892637 0.983958 -0.154464
v 30.0431 -79.2226 16.4944
vn 0.0560811 0.979509 -0.193432
v 30.1373 -79.2226 16.5058
vn 0.000551239 0.999906 -0.0136695
v 30.2316 -79.2226 16.4944
vn -0.00205119 0.999947 -0.0100705
v 30.3204 -79.2226 16.4607
vn -0.0546656 0.991844 -0.11514
v 30.3985 -79.2226 16.4067
vn -0.0766357 0.992642 -0.093752
v 30.4614 -79.2226 16.3356
vn -0.179169 0.974579 -0.134514
v 30.5055 -79.2226 16.2515
vn -0.114071 0.992284 -0.0485818
v 30.5282 -79.2226 16.1593
vn -0.124489 0.992016 -0.0201828
v 30.5281 -79.2226 16.0643
vn -0.270644 0.962261 0.0283717
v 30.5053 -79.2226 15.9722
vn -0.132673 0.989737 0.0530949
v 30.4611 -79.2226 15.8881
vn -0.096459 0.992685 0.0726108
v 30.3981 -79.2226 15.8171
vn -0.0150861 0.999755 0.016192
v 30.2987 -79.2226 19.6654
vn -0.751454 0.648215 0.123022
v 29.8135 -79.2226 19.8251
vn 0.0463936 0.998311 0.0349642
v 29.7693 -79.2226 19.9092
vn 0.410958 0.894604 0.17549
v 29.8766 -79.2226 19.7541
vn 0.106611 0.987454 0.116482
v 29.7465 -79.2226 20.0014
vn 0.364235 0.929406 0.0594684
v 29.7465 -79.2226 20.0963
vn 0.342423 0.939145 -0.0274427
v 29.7691 -79.2226 20.1885
vn 0.336706 0.934927 -0.111985
v 29.8132 -79.2226 20.2726
vn 0.346307 0.912281 -0.218666
v 29.8761 -79.2226 20.3437
vn 0.0428332 0.998089 -0.0445389
v 29.9543 -79.2226 20.3977
vn 0.144371 0.953739 -0.263701
v 30.0431 -79.2226 20.4314
vn 0.0224385 0.992242 -0.122279
v 30.1845 -79.2226 20.4371
vn -0.0189242 0.987588 -0.155921
v 30.3204 -79.2226 20.3977
vn -0.0975717 0.967692 -0.23249
v 30.3985 -79.2226 20.3437
vn -0.0918951 0.989402 -0.112419
v 30.4614 -79.2226 20.2726
vn -0.211181 0.964503 -0.158547
v 30.5055 -79.2226 20.1885
vn -0.294274 0.947468 -0.125329
v 30.5282 -79.2226 20.0963
vn -0.451743 0.889135 -0.0732652
v 30.5281 -79.2226 20.0014
vn -0.0093583 0.999956 0.000763291
v 30.5053 -79.2226 19.9092
vn -0.00718833 0.999971 0.00240408
v 30.4611 -79.2226 19.8251
vn -0.281495 0.942876 0.178172
v 30.3981 -79.2226 19.7541
vn -0.186386 0.96358 0.191766
v 34.2357 -79.2226 19.6654
vn -0.904519 0.418589 0.0814178
v 33.7505 -79.2226 19.8251
vn 0.269532 0.944106 0.189778
v 33.6917 -79.2226 19.9458
vn 0.00371422 0.999992 0.00118057
v 33.6835 -79.2226 20.0963
vn 0.0144667 0.999895 -0.000393088
v 33.7061 -79.2226 20.1885
vn 0.352425 0.92847 -0.117215
v 33.7502 -79.2226 20.2726
vn 0.248758 0.955728 -0.157174
v 33.8132 -79.2226 20.3437
vn 0.183151 0.964445 -0.190531
v 33.8913 -79.2226 20.3977
vn 0.0855646 0.985288 -0.14794
v 33.9801 -79.2226 20.4314
vn 0.0420154 0.988552 -0.144916
v 34.0743 -79.2226 20.4428
vn 0.0112283 0.960389 -0.278435
v 34.1686 -79.2226 20.4314
vn -0.0110298 0.998472 -0.0541498
v 34.2574 -79.2226 20.3977
vn -0.0741872 0.984926 -0.156258
v 34.3355 -79.2226 20.3437
vn -0.132963 0.977682 -0.162659
v 34.3984 -79.2226 20.2726
vn -0.0115326 0.999896 -0.00865923
v 34.4425 -79.2226 20.1885
vn -0.0866319 0.995557 -0.0368953
v 34.4652 -79.2226 20.0963
vn -0.0540447 0.9985 -0.00876231
v 34.4651 -79.2226 20.0014
vn -0.00865906 0.999962 0.000706203
v 34.4423 -79.2226 19.9092
vn -0.038604 0.999171 0.0129094
v 34.3981 -79.2226 19.8251
vn -0.0154632 0.999833 0.00978734
v 34.3351 -79.2226 19.7541
vn -0.189258 0.962426 0.194725
v 36.2198 -79.2226 21.6644
vn -0.665806 0 0.746125
v 36.2042 -79.2226 21.6339
vn -0.709447 0.704632 0.0133666
v 35.7821 -79.2226 21.7226
vn 0.11538 0.986368 0.11733
v 35.719 -79.2226 21.7936
vn 0.013343 0.99986 0.0100552
v 35.6748 -79.2226 21.8777
vn 0.0945177 0.994705 0.0403631
v 35.652 -79.2226 21.9699
vn 0.101984 0.994647 0.0166509
v 35.652 -79.2226 22.0648
vn 0.111772 0.993693 -0.00895694
v 35.6746 -79.2226 22.157
vn 0.00676593 0.999975 -0.00225057
v 35.7187 -79.2226 22.2411
vn 0.0554255 0.997848 -0.0350207
v 35.7817 -79.2226 22.3122
vn 0.0436478 0.998015 -0.0454049
v 35.8598 -79.2226 22.3662
vn 0.00330329 0.999978 -0.00571126
v 35.9486 -79.2226 22.3999
vn 0.0190109 0.997667 -0.0655725
v 36.0428 -79.2226 22.4113
vn 0.000424816 0.999944 -0.0105345
v 36.1371 -79.2226 22.3999
vn -0.0178538 0.995991 -0.0876543
v 36.2259 -79.2226 22.3662
vn -0.0369545 0.996281 -0.0778349
v 36.304 -79.2226 22.3122
vn -0.0564706 0.996011 -0.0690849
v 36.3669 -79.2226 22.2411
vn -0.0139613 0.999848 -0.0104817
v 36.411 -79.2226 22.157
vn -0.300184 0.945276 -0.12784
v 36.4337 -79.2226 22.0648
vn -0.255933 0.965803 -0.0415133
v 36.4336 -79.2226 21.9699
vn -0.231782 0.972584 0.0189032
v 36.4108 -79.2226 21.8777
vn -0.217731 0.973288 0.0728219
v 36.3666 -79.2226 21.7936
vn -0.0936682 0.993837 0.0592866
v 36.3036 -79.2226 21.7226
vn -0.0199132 0.999584 0.020868
v 40.1497 -79.2226 21.6526
vn -0.753289 0.641452 0.14524
v 39.6561 -79.2226 21.7936
vn 0.120485 0.988942 0.0864706
v 39.6118 -79.2226 21.8777
vn 0.148388 0.987838 0.0464443
v 39.589 -79.2226 22.0174
vn 0.219541 0.975603 0.000118617
v 39.6116 -79.2226 22.157
vn 0.261665 0.962321 -0.0739556
v 39.6557 -79.2226 22.2411
vn 0.0152776 0.999837 -0.0096532
v 39.7187 -79.2226 22.3122
vn 0.0619026 0.996003 -0.0643946
v 39.7968 -79.2226 22.3662
vn 0.0480967 0.994977 -0.0877909
v 39.8856 -79.2226 22.3999
vn 0.0177155 0.995169 -0.0965632
v 40.027 -79.2226 22.4056
vn -0.00158668 0.999913 -0.013073
v 40.1629 -79.2226 22.3662
vn -0.00287946 0.999972 -0.00686144
v 40.241 -79.2226 22.3122
vn -0.0403504 0.997965 -0.0493638
v 40.3039 -79.2226 22.2411
vn -0.0529465 0.997806 -0.0397503
v 40.348 -79.2226 22.157
vn -0.00656674 0.999975 -0.00279632
v 40.3707 -79.2226 22.0648
vn -0.111076 0.993649 -0.018017
v 40.3706 -79.2226 21.9699
vn -0.102614 0.994686 0.00836881
v 40.3478 -79.2226 21.8777
vn -0.0965478 0.994804 0.0322912
v 40.3036 -79.2226 21.7936
vn -0.0137208 0.999868 0.00868405
v 40.2406 -79.2226 21.7226
vn -0.153845 0.975469 0.157455
v 42.1154 -79.2226 19.6819
vn -0.740991 0.665241 0.0915813
v 41.6246 -79.2226 19.8251
vn 0.0144451 0.999836 0.0108801
v 41.5803 -79.2226 19.9092
vn 0.0403898 0.999035 0.0172799
v 41.6876 -79.2226 19.7541
vn 0.111221 0.986281 0.121985
v 41.5575 -79.2226 20.0014
vn 0.0080059 0.999967 0.0013072
v 41.5575 -79.2226 20.0963
vn 0.0984062 0.995115 -0.00788718
v 41.5801 -79.2226 20.1885
vn 0.0898084 0.995511 -0.02987
v 41.6242 -79.2226 20.2726
vn 0.0121895 0.999896 -0.00770166
v 41.6872 -79.2226 20.3437
vn 0.146656 0.977352 -0.152563
v 41.7653 -79.2226 20.3977
vn 0.0686384 0.990558 -0.118678
v 41.8541 -79.2226 20.4314
vn 0.0174312 0.998039 -0.0601221
v 41.9483 -79.2226 20.4428
vn 0.0112283 0.960389 -0.278435
v 42.0426 -79.2226 20.4314
vn -0.038547 0.981172 -0.189252
v 42.1314 -79.2226 20.3977
vn -0.0733958 0.985248 -0.154591
v 42.2095 -79.2226 20.3437
vn -0.177996 0.959614 -0.217847
v 42.2725 -79.2226 20.2726
vn -0.138699 0.984838 -0.104194
v 42.3165 -79.2226 20.1885
vn -0.314841 0.93966 -0.133846
v 42.3392 -79.2226 20.0963
vn -0.0124824 0.999921 -0.00161259
v 42.3349 -79.2226 19.9624
vn -0.00387189 0.999992 0.000692285
v 42.2721 -79.2226 19.8251
vn -0.339409 0.921147 0.190499
v 42.2091 -79.2226 19.7541
vn -0.200757 0.953751 0.223733
v 46.1461 -79.2226 19.7541
vn -0.22346 0.946874 0.231292
v 46.0468 -79.2226 19.6654
vn -0.739478 0.668061 0.0828692
v 45.5616 -79.2226 19.8251
vn 0.266094 0.942906 0.200307
v 45.5174 -79.2226 19.9092
vn 0.00698844 0.999971 0.00298435
v 45.4946 -79.2226 20.0014
vn 0.00930017 0.999956 0.00151939
v 45.4945 -79.2226 20.0963
vn 0.485693 0.87327 -0.0387574
v 45.5172 -79.2226 20.1885
vn 0.317278 0.94243 -0.105643
v 45.5612 -79.2226 20.2726
vn 0.230677 0.962082 -0.145555
v 45.6242 -79.2226 20.3437
vn 0.173169 0.968277 -0.180143
v 45.7023 -79.2226 20.3977
vn 0.0522717 0.994535 -0.0903707
v 45.7911 -79.2226 20.4314
vn 0.0713408 0.966625 -0.246062
v 45.8853 -79.2226 20.4428
vn 0.00337945 0.980686 -0.195559
v 45.9796 -79.2226 20.4314
vn -0.0479258 0.986922 -0.153908
v 46.1075 -79.2226 20.3707
vn -0.0410456 0.997389 -0.0594092
v 46.2095 -79.2226 20.2726
vn -0.323814 0.907593 -0.267246
v 46.2535 -79.2226 20.1885
vn -0.326486 0.934956 -0.138797
v 46.2762 -79.2226 20.0963
vn -0.339139 0.939127 -0.0550004
v 46.2761 -79.2226 20.0014
vn -0.412557 0.909904 0.0432539
v 46.2533 -79.2226 19.9092
vn -0.460473 0.868353 0.184193
v 46.2091 -79.2226 19.8251
vn -0.0332776 0.999181 0.0230005
v 46.1461 -79.2226 15.8171
vn -0.216016 0.948971 0.229762
v 46.0468 -79.2226 15.7284
vn -0.909971 0.410825 0.0563557
v 45.5616 -79.2226 15.8881
vn 0.0154332 0.999799 0.0128263
v 45.5174 -79.2226 15.9722
vn 0.0708361 0.997029 0.0302615
v 45.4946 -79.2226 16.0643
vn 0.142007 0.989593 0.0232441
v 45.4945 -79.2226 16.1593
vn 0.0756563 0.997116 -0.00603295
v 45.5172 -79.2226 16.2515
vn 0.0721366 0.997106 -0.0240191
v 45.5612 -79.2226 16.3356
vn 0.0654797 0.996998 -0.0413171
v 45.6242 -79.2226 16.4067
vn 0.102971 0.9889 -0.107118
v 45.7023 -79.2226 16.4607
vn 0.00362695 0.999974 -0.00627114
v 45.7911 -79.2226 16.4944
vn 0.0190405 0.99766 -0.0656729
v 45.8853 -79.2226 16.5058
vn 0.000546333 0.999908 -0.0135478
v 45.9796 -79.2226 16.4944
vn -0.0401934 0.979512 -0.197335
v 46.0684 -79.2226 16.4607
vn -0.0765071 0.983961 -0.161145
v 46.1465 -79.2226 16.4067
vn -0.109488 0.984914 -0.134001
v 46.2095 -79.2226 16.3356
vn -0.14614 0.983153 -0.109783
v 46.2535 -79.2226 16.2515
vn -0.195472 0.977182 -0.0830997
v 46.2762 -79.2226 16.1593
vn -0.278567 0.959354 -0.0451611
v 46.2761 -79.2226 16.0643
vn -0.0204232 0.99979 0.00166505
v 46.2533 -79.2226 15.9722
vn -0.124845 0.991296 0.0417862
v 46.2091 -79.2226 15.8881
vn -0.0252301 0.999554 0.0159693
v 36.2028 -79.2226 25.5703
vn -0.736902 0.67058 0.0854264
v 36.3026 -79.2226 25.6588
vn -0.0243706 0.999392 0.0249357
v 35.7197 -79.2226 25.7297
vn 0.0110955 0.999903 0.00841651
v 35.6752 -79.2226 25.8137
vn 0.00521584 0.999984 0.00224574
v 35.6521 -79.2226 25.906
vn 0.0708615 0.997417 0.0117601
v 35.6519 -79.2226 26.001
vn 0.0960672 0.995346 -0.00751886
v 35.6744 -79.2226 26.0934
vn 0.0560285 0.998257 -0.0185298
v 35.7184 -79.2226 26.1777
vn 0.012161 0.999897 -0.00765424
v 35.7814 -79.2226 26.249
vn 0.121201 0.984621 -0.125822
v 35.8596 -79.2226 26.3031
vn 0.0257465 0.998678 -0.0444899
v 35.9484 -79.2226 26.3368
vn 0.0878678 0.948958 -0.302917
v 36.0428 -79.2226 26.3483
vn 0.00663802 0.986529 -0.163452
v 36.1372 -79.2226 26.3368
vn -0.0601133 0.953788 -0.294407
v 36.2261 -79.2226 26.3031
vn -0.0811066 0.981945 -0.170897
v 36.3043 -79.2226 26.249
vn -0.194478 0.951697 -0.237593
v 36.3672 -79.2226 26.1777
vn -0.29085 0.931652 -0.217787
v 36.4113 -79.2226 26.0934
vn -0.462303 0.86477 -0.196084
v 36.4338 -79.2226 26.001
vn -0.0193135 0.999809 -0.00308492
v 36.4335 -79.2226 25.906
vn -0.05801 0.998304 0.00487029
v 36.4104 -79.2226 25.8137
vn -0.0529261 0.998438 0.0178715
v 36.3659 -79.2226 25.7297
vn -0.0461584 0.998501 0.0294267
v 40.1448 -79.2226 25.5833
vn -0.751394 0.647413 0.127526
v 39.6567 -79.2226 25.7297
vn 0.0436192 0.9985 0.033091
v 39.6122 -79.2226 25.8137
vn 0.051305 0.998439 0.0220751
v 39.5892 -79.2226 25.906
vn 0.0574542 0.998303 0.00951463
v 39.5889 -79.2226 26.001
vn 0.0181913 0.999834 -0.00141122
v 39.6114 -79.2226 26.0934
vn 0.533514 0.827182 -0.176444
v 39.6554 -79.2226 26.1777
vn 0.331958 0.919864 -0.208938
v 39.7184 -79.2226 26.249
vn 0.224471 0.946208 -0.23303
v 39.7966 -79.2226 26.3031
vn 0.150376 0.953869 -0.259849
v 39.8854 -79.2226 26.3368
vn 0.0467848 0.985798 -0.161284
v 39.9798 -79.2226 26.3483
vn 0.00847392 0.977952 -0.208658
v 40.0742 -79.2226 26.3368
vn -0.063104 0.948949 -0.309054
v 40.1631 -79.2226 26.3031
vn -0.0208514 0.998817 -0.043934
v 40.2413 -79.2226 26.249
vn -0.105545 0.986019 -0.128944
v 40.3042 -79.2226 26.1777
vn -0.0113075 0.9999 -0.00846729
v 40.3483 -79.2226 26.0934
vn -0.0638358 0.997593 -0.0270757
v 40.3708 -79.2226 26.001
vn -0.11077 0.993732 -0.0150761
v 40.3705 -79.2226 25.906
vn -0.0989944 0.99488 0.0203495
v 40.3252 -79.2226 25.7717
vn -0.00365798 0.999991 0.00193711
v 40.2396 -79.2226 25.6588
vn -0.21667 0.953903 0.207661
v 42.1168 -79.2226 27.5575
vn -0.760534 0.630269 0.156042
v 41.6252 -79.2226 27.6982
vn 0.0140808 0.999831 0.0117897
v 41.5807 -79.2226 27.7822
vn 0.110531 0.992734 0.0475566
v 41.5577 -79.2226 27.8745
vn 0.118773 0.992727 0.0196677
v 41.5574 -79.2226 27.9695
vn 0.129862 0.991481 -0.0100691
v 41.5799 -79.2226 28.0619
vn 0.147152 0.987916 -0.0486681
v 41.6239 -79.2226 28.1462
vn 0.00490295 0.999983 -0.00308669
v 41.6869 -79.2226 28.2175
vn 0.00488127 0.999975 -0.00506661
v 41.7651 -79.2226 28.2716
vn 0.028051 0.99843 -0.048491
v 41.854 -79.2226 28.3053
vn 0.0190127 0.997667 -0.0655712
v 41.9483 -79.2226 28.3168
vn 0.00171131 0.999111 -0.0421155
v 42.0427 -79.2226 28.3053
vn -0.00174442 0.999962 -0.00854405
v 42.1316 -79.2226 28.2716
vn -0.0247002 0.998339 -0.0520434
v 42.2098 -79.2226 28.2175
vn -0.035253 0.998449 -0.0430895
v 42.2728 -79.2226 28.1462
vn -0.0839273 0.994486 -0.0628795
v 42.3168 -79.2226 28.0619
vn -0.0514629 0.998437 -0.0217871
v 42.3393 -79.2226 27.9695
vn -0.0568257 0.998343 -0.00907847
v 42.339 -79.2226 27.8745
vn -0.062119 0.998055 0.00519176
v 42.316 -79.2226 27.7822
vn -0.0173375 0.999833 0.00584154
v 42.2715 -79.2226 27.6982
vn -0.280978 0.942826 0.179249
v 42.2081 -79.2226 27.6273
vn -0.16256 0.972372 0.167535
v 46.061 -79.2226 27.5693
vn -0.651068 0.0226829 0.758681
v 46.0454 -79.2226 27.5388
vn -0.895156 0.445576 0.0125601
v 45.5622 -79.2226 27.6982
vn 0.211929 0.961043 0.177436
v 45.5177 -79.2226 27.7822
vn 0.0162687 0.999843 0.00699971
v 45.4947 -79.2226 27.8745
vn 0.0601479 0.99814 0.00995989
v 45.4944 -79.2226 27.9695
vn 0.0559643 0.998423 -0.00433932
v 45.5169 -79.2226 28.0619
vn 0.051699 0.998516 -0.0170987
v 45.5609 -79.2226 28.1462
vn 0.0459466 0.998525 -0.0289207
v 45.6239 -79.2226 28.2175
vn 0.0699622 0.994902 -0.0726283
v 45.7021 -79.2226 28.2716
vn 0.0282121 0.998412 -0.0487694
v 45.791 -79.2226 28.3053
vn 0.00151914 0.999985 -0.00523921
v 45.8853 -79.2226 28.3168
vn 0.00490358 0.99268 -0.120676
v 45.9797 -79.2226 28.3053
vn -0.021669 0.994116 -0.106132
v 46.0686 -79.2226 28.2716
vn -0.0451269 0.994446 -0.0950853
v 46.1468 -79.2226 28.2175
vn -0.0698309 0.993901 -0.0853538
v 46.2098 -79.2226 28.1462
vn -0.100595 0.992069 -0.0753671
v 46.2538 -79.2226 28.0619
vn -0.14763 0.987066 -0.0624999
v 46.2763 -79.2226 27.9695
vn -0.014016 0.999899 -0.00223919
v 46.276 -79.2226 27.8745
vn -0.188545 0.981938 0.0157607
v 46.253 -79.2226 27.7822
vn -0.0968126 0.994768 0.0326206
v 46.2085 -79.2226 27.6982
vn -0.061914 0.9973 0.0394958
v 46.1451 -79.2226 27.6273
vn -0.0187905 0.999627 0.0198293
v 29.9773 -79.2226 27.5388
vn 0.906186 0.409646 0.104961
v 29.8142 -79.2226 27.6982
vn 0.0585181 0.997299 0.0443943
v 29.7697 -79.2226 27.7822
vn 0.0937217 0.99478 0.0403621
v 29.8776 -79.2226 27.6273
vn 0.015017 0.999769 0.0153656
v 29.7466 -79.2226 27.8745
vn 0.186769 0.981915 0.0309933
v 29.7464 -79.2226 27.9695
vn 0.0141484 0.999899 -0.00110734
v 29.7689 -79.2226 28.0619
vn 0.152208 0.987066 -0.0503393
v 29.8129 -79.2226 28.1462
vn 0.106357 0.992072 -0.0669441
v 29.8759 -79.2226 28.2175
vn 0.0765622 0.993895 -0.0794419
v 29.954 -79.2226 28.2716
vn 0.052732 0.994446 -0.0910831
v 30.0429 -79.2226 28.3053
vn 0.0301539 0.994117 -0.104032
v 30.1373 -79.2226 28.3168
vn 0.000514799 0.999919 -0.0126782
v 30.2317 -79.2226 28.3053
vn -0.0146172 0.997327 -0.0715936
v 30.3206 -79.2226 28.2716
vn -0.0302028 0.997516 -0.0636379
v 30.3988 -79.2226 28.2175
vn -0.0832834 0.991318 -0.101749
v 30.4617 -79.2226 28.1462
vn -0.0559609 0.997554 -0.0418778
v 30.5057 -79.2226 28.0619
vn -0.0648086 0.99752 -0.0274622
v 30.5283 -79.2226 27.9695
vn -0.140761 0.989786 -0.0225888
v 30.528 -79.2226 27.8745
vn -0.0771483 0.996999 0.00647655
v 30.5049 -79.2226 27.7822
vn -0.0176374 0.999827 0.00595569
v 30.4604 -79.2226 27.6982
vn -0.265652 0.949077 0.169355
v 30.3971 -79.2226 27.6273
vn -0.154652 0.975317 0.157605
v 30.3023 -79.2226 27.5518
vn -0.758231 0.634626 0.149452
v 33.9093 -79.2226 27.5518
vn 0.760503 0.630332 0.155936
v 33.7512 -79.2226 27.6982
vn 0.265482 0.942845 0.201399
v 33.7067 -79.2226 27.7822
vn 0.0115068 0.999922 0.0049556
v 33.8146 -79.2226 27.6273
vn 0.111773 0.986371 0.120745
v 33.6836 -79.2226 27.8745
vn 0.0480491 0.998813 0.0079735
v 33.6834 -79.2226 27.9695
vn 0.0456556 0.998951 -0.00357207
v 33.7059 -79.2226 28.0619
vn 0.0810018 0.996354 -0.0267901
v 33.7499 -79.2226 28.1462
vn 0.0375591 0.999015 -0.0236413
v 33.8129 -79.2226 28.2175
vn 0.0316544 0.998959 -0.0328613
v 33.8911 -79.2226 28.2716
vn 0.00342033 0.999977 -0.00591032
v 33.9799 -79.2226 28.3053
vn 0.0190133 0.997668 -0.0655477
v 34.0743 -79.2226 28.3168
vn 0.00171103 0.99911 -0.042138
v 34.1687 -79.2226 28.3053
vn -0.0137269 0.997643 -0.0672335
v 34.2576 -79.2226 28.2716
vn -0.0218809 0.998697 -0.0461031
v 34.3358 -79.2226 28.2175
vn -0.00445982 0.999975 -0.00544874
v 34.3987 -79.2226 28.1462
vn -0.00462533 0.999983 -0.00346314
v 34.4428 -79.2226 28.0619
vn -0.144709 0.987569 -0.0613756
v 34.4653 -79.2226 27.9695
vn -0.129182 0.991406 -0.0206399
v 34.465 -79.2226 27.8745
vn -0.119506 0.992783 0.0100349
v 34.4419 -79.2226 27.7822
vn -0.112891 0.992876 0.0381213
v 34.3974 -79.2226 27.6982
vn -0.0168484 0.9998 0.0107408
v 34.3341 -79.2226 27.6273
vn -0.184394 0.962863 0.197216
v 34.2393 -79.2226 27.5518
vn -0.751399 0.647404 0.127542
v 30.2973 -79.2226 31.4758
vn -0.9113 0.407585 0.0583762
v 30.3971 -79.2226 31.5643
vn -0.220977 0.947248 0.232141
v 29.8142 -79.2226 31.6352
vn 0.259916 0.945284 0.197183
v 29.7697 -79.2226 31.7192
vn 0.0112958 0.999924 0.00486348
v 29.8776 -79.2226 31.5643
vn 0.116171 0.986091 0.118867
v 29.7466 -79.2226 31.8115
vn 0.447142 0.891382 0.074174
v 29.7464 -79.2226 31.9066
vn 0.292569 0.95597 -0.0228902
v 29.7689 -79.2226 31.9989
vn 0.219761 0.972838 -0.072736
v 29.8129 -79.2226 32.0832
vn 0.174428 0.97853 -0.109791
v 29.8759 -79.2226 32.1545
vn 0.139883 0.979472 -0.145144
v 29.954 -79.2226 32.2086
vn 0.10795 0.97654 -0.186325
v 30.0429 -79.2226 32.2424
vn 0.0711865 0.966838 -0.24527
v 30.1373 -79.2226 32.2538
vn 0.014127 0.936269 -0.350999
v 29.9773 -79.2226 31.4758
vn 0.759713 0.631939 0.15326
v 30.2317 -79.2226 32.2424
vn -0.0033278 0.999861 -0.0163278
v 30.3206 -79.2226 32.2086
vn -0.0271281 0.998002 -0.0570626
v 30.3988 -79.2226 32.1545
vn -0.0283995 0.998994 -0.0346962
v 30.4617 -79.2226 32.0832
vn -0.0295482 0.999319 -0.0221122
v 30.5057 -79.2226 31.9989
vn -0.0226399 0.999698 -0.00959737
v 30.5283 -79.2226 31.9066
vn -0.0308604 0.999511 -0.00495413
v 30.528 -79.2226 31.8115
vn -0.00425092 0.999991 0.000356606
v 30.5049 -79.2226 31.7192
vn -0.040892 0.999068 0.0138083
v 30.4604 -79.2226 31.6352
vn -0.0143989 0.999854 0.00917937
v 29.9808 -79.2226 30.6472
vn 0.151714 0.988389 0.00836076
v 33.8566 -79.2226 31.5353
vn 0.177023 0.96615 0.187661
v 33.9143 -79.2226 31.4758
vn 0.876722 0.477199 0.0603279
v 33.7512 -79.2226 31.6352
vn 0.00935157 0.999926 0.00782835
v 33.7067 -79.2226 31.7192
vn 0.0586847 0.997957 0.0252736
v 33.6836 -79.2226 31.8115
vn 0.00377929 0.999993 0.000626926
v 33.6834 -79.2226 31.9066
vn 0.0313355 0.999506 -0.0024508
v 33.7059 -79.2226 31.9989
vn 0.04676 0.998786 -0.0154769
v 33.7499 -79.2226 32.0832
vn 0.0301889 0.999364 -0.0190025
v 33.8129 -79.2226 32.1545
vn 0.0291852 0.999115 -0.0302979
v 33.8911 -79.2226 32.2086
vn 0.0279821 0.99844 -0.0483179
v 33.9799 -79.2226 32.2424
vn 0.00418608 0.999887 -0.0144122
v 34.0743 -79.2226 32.2538
vn 0.000295483 0.999949 -0.0101377
v 34.1687 -79.2226 32.2424
vn -0.00638862 0.999644 -0.0259076
v 34.2576 -79.2226 32.2086
vn -0.00220842 0.999985 -0.0049245
v 34.3358 -79.2226 32.1545
vn -0.150281 0.971445 -0.183604
v 34.3987 -79.2226 32.0832
vn -0.118481 0.988985 -0.0887165
v 34.4428 -79.2226 31.9989
vn -0.0479042 0.998645 -0.0203283
v 34.4653 -79.2226 31.9066
vn -0.118223 0.992807 -0.0188957
v 34.465 -79.2226 31.8115
vn -0.0609586 0.998127 0.005115
v 34.4419 -79.2226 31.7192
vn -0.104132 0.993942 0.0351635
v 34.3974 -79.2226 31.6352
vn -0.0514226 0.998139 0.0327818
v 34.3341 -79.2226 31.5643
vn -0.0211789 0.999528 0.0222456
v 34.2343 -79.2226 31.4758
vn -0.911391 0.407375 0.0584063
v 41.7883 -79.2226 31.4758
vn 0.736325 0.671531 0.0828927
v 41.6886 -79.2226 31.5643
vn 0.016701 0.999704 0.0177022
v 41.6252 -79.2226 31.6352
vn 0.0875679 0.993941 0.0664318
v 41.5807 -79.2226 31.7192
vn 0.0399327 0.999055 0.017184
v 41.5577 -79.2226 31.8115
vn 0.107598 0.994035 0.0178108
v 41.5574 -79.2226 31.9066
vn 0.0655078 0.997839 -0.00507747
v 41.5799 -79.2226 31.9989
vn 0.120075 0.991969 -0.0397429
v 41.6239 -79.2226 32.0832
vn 0.0729756 0.996275 -0.0459347
v 41.6869 -79.2226 32.1545
vn 0.161026 0.972691 -0.167162
v 41.7651 -79.2226 32.2086
vn 0.0015418 0.999995 -0.00266232
v 41.854 -79.2226 32.2424
vn 0.0236599 0.994751 -0.0995568
v 41.988 -79.2226 32.2544
vn -0.000328423 0.999994 -0.00348493
v 42.1316 -79.2226 32.2086
vn -0.0270325 0.997659 -0.0628188
v 42.2098 -79.2226 32.1545
vn -0.0283995 0.998994 -0.0347125
v 42.2728 -79.2226 32.0832
vn -0.0295487 0.999318 -0.0221385
v 42.3168 -79.2226 31.9989
vn -0.0304604 0.999453 -0.0129008
v 42.3393 -79.2226 31.9066
vn -0.0231843 0.999724 -0.00370526
v 42.339 -79.2226 31.8115
vn -0.00403931 0.999992 0.000337354
v 42.316 -79.2226 31.7192
vn -0.0355836 0.999295 0.0119892
v 42.2715 -79.2226 31.6352
vn -0.0120064 0.999899 0.00765878
v 42.2081 -79.2226 31.5643
vn -0.194422 0.958302 0.209423
v 42.1084 -79.2226 31.4758
vn -0.896566 0.438512 0.0622681
v 45.7203 -79.2226 31.4888
vn 0.759728 0.63191 0.153309
v 45.7289 -79.2226 30.647
vn 0.0713522 0.997443 0.00410515
v 46.0539 -79.2226 31.4945
vn -0.761142 0.629016 0.158119
v 46.0424 -79.2226 30.6785
vn -0.144205 0.98954 0.00388281
v 30.8981 -82.0375 14.6302
vn 0.0126452 0.9996 -0.0252945
v 30.8981 -82.136 14.6302
vn 0.0200297 -0.998996 -0.0400668
v 30.7077 -82.0868 14.5056
vn 0.648964 -0.0257203 -0.760384
v 31.1122 -82.0868 14.7078
vn 0.243539 -0.0217801 -0.969647
v 30.601 -82.136 14.3976
vn 0.0218532 -0.999537 -0.0211702
v 30.7679 -82.136 14.552
vn 0.00624599 -0.999949 -0.00797496
v 30.3923 -82.0375 14.1776
vn 0.0173226 0.999695 -0.0176279
v 30.7095 -82.0375 14.5033
vn 0.00731133 0.99994 -0.00817152
v 31.0389 -82.136 14.6875
vn 0.00169211 -0.999979 -0.00628641
v 31.2626 -82.136 14.7283
vn 0.001818 -0.999811 -0.0193739
v 31.3383 -82.0375 14.7342
vn 0.00783235 0.993343 -0.114928
v 31.1129 -82.0375 14.7049
vn 0.00116906 0.999987 -0.00494832
v 30.2037 -82.0375 14.0507
vn 0.0115313 0.999702 -0.0214948
v 30.3942 -82.0868 14.1753
vn 0.628756 0 -0.777603
v 30.2037 -82.136 14.0507
vn 0.0150907 -0.999392 -0.0314466
v 29.9926 -82.0375 13.9725
vn 0.00402832 0.999846 -0.017067
v 29.989 -82.136 13.9759
vn 0.000436929 -0.999998 -0.00185116
v 30.3923 -82.136 14.1776
vn 0.00803803 -0.999925 -0.00920835
v 29.7635 -82.136 13.9468
vn 0.000451547 -0.999974 -0.00714786
v 29.7635 -82.0375 13.9468
vn 0.0241929 0.101583 -0.994533
v 32.4412 -82.0867 31.8553
vn 0.966223 0 0.257708
v 32.4602 -82.0375 31.6633
vn 0.45648 0.889723 0.00442413
v 32.4352 -82.0375 31.872
vn 0.890194 0.412325 0.193758
v 32.4602 -82.136 31.6633
vn 0.699695 -0.714433 0.00355534
v 32.3712 -82.0375 32.0722
vn 0.715957 0.624421 0.312256
v 32.2618 -82.0375 32.2516
vn 0.00687073 0.999962 0.00529674
v 32.2943 -82.0867 32.2101
vn 0.874682 0 0.484697
v 32.4352 -82.136 31.872
vn 0.890498 -0.411637 0.193824
v 32.3712 -82.136 32.0722
vn 0.716519 -0.623654 0.312501
v 32.1719 -82.0867 32.3593
vn 0.714429 0 0.699708
v 32.2618 -82.136 32.2516
vn 0.00676968 -0.999963 0.00521884
v 32.1204 -82.136 32.4071
vn 0.0130146 -0.99982 0.0137804
v 32.1204 -82.0375 32.4071
vn 0.0272893 0.999131 0.0315115
v 32.008 -82.0375 32.4913
vn 0.0196772 0.999338 0.0306001
v 32.008 -82.136 32.4913
vn 0.0380877 -0.997489 0.0597161
v 31.8848 -82.0375 32.5586
vn 0.0249204 0.998005 0.0580092
v 31.5309 -82.0375 32.6471
vn 0.000234391 0.999892 0.0147255
v 31.6679 -82.0867 32.6286
vn 0.230577 -0.0444991 0.972036
v 31.7532 -82.0375 32.6077
vn 0.00281188 0.999933 0.0112413
v 31.819 -82.136 32.5832
vn 0.00855135 -0.999666 0.0243756
v 31.5294 -82.136 32.6473
vn 0.000308227 -0.999611 0.0278952
v 29.3499 -82.0375 32.6475
vn 0.00356789 0.999931 0.0112057
v 29.3499 -82.136 32.6475
vn -0.0102725 -0.999939 0.00406715
v 29.3499 -82.0375 13.9468
vn 0.00693992 0.999975 -0.00128318
v 30.728 -82.0375 20.0022
vn 0.0852039 0.996363 0.000318454
v 30.7943 -82.0375 19.7009
vn 0.0200293 0.999774 0.00708234
v 30.8889 -82.0375 19.5096
vn 0.0301581 0.999358 0.0193351
v 30.9756 -82.0375 19.3962
vn 0.00895163 0.999919 0.00905171
v 31.5459 -82.0375 14.7392
vn 0.00532661 0.998678 -0.0511292
v 31.5507 -82.0375 16.309
vn 0.00684158 0.999976 -0.000521039
v 31.6115 -82.0375 16.1828
vn 0.0706969 0.992069 0.103929
v 31.6762 -82.0375 16.1516
vn 0.00538334 0.999339 0.0359399
v 31.819 -82.0375 14.7986
vn 0.0195768 0.998259 -0.0556423
v 31.5667 -82.0375 16.2389
vn 0.254275 0.959342 0.122505
v 31.2563 -82.0375 19.1797
vn 0.00657394 0.99988 0.0139967
v 31.454 -82.0375 19.0993
vn 0.00854426 0.999525 0.0296155
v 31.5667 -82.0375 16.379
vn 0.0690049 0.997062 -0.0332452
v 31.6115 -82.0375 16.4352
vn 0.0461674 0.997699 -0.0496418
v 31.6762 -82.0375 16.4663
vn 0.00505556 0.999854 -0.0163527
v 30.728 -82.0375 26.8054
vn 0.0194194 0.999811 -0.000119526
v 30.7829 -82.0375 27.0742
vn 0.00307435 0.999995 -0.00109315
v 30.8979 -82.0375 27.3054
vn 0.0201618 0.999691 -0.0145653
v 31.1182 -82.0375 27.5411
vn 0.0152775 0.999717 -0.0182478
v 31.5507 -82.0375 29.3011
vn 0.0102997 0.999947 -0.000784482
v 31.2266 -82.0375 27.6124
vn 0.0333218 0.997357 -0.0645717
v 31.405 -82.0375 27.6891
vn 0.0358567 0.991798 -0.122681
v 31.5667 -82.0375 29.231
vn 0.0422219 0.998901 0.0203417
v 31.6115 -82.0375 29.4273
vn 0.0324323 0.998338 -0.0476368
v 31.5667 -82.0375 29.3711
vn 0.0877478 0.994846 -0.0508015
v 31.734 -82.0375 27.7607
vn 0.0177625 0.998103 -0.0589424
v 31.6115 -82.0375 29.1749
vn 0.0801438 0.989796 0.117814
v 31.6762 -82.0375 29.1437
vn 0.0163369 0.9939 0.109067
v 31.6762 -82.0375 29.4585
vn 0.00269683 0.999927 -0.0117926
v 31.8128 -82.0375 16.1828
vn -0.0919228 0.990835 0.0989751
v 31.748 -82.0375 16.1516
vn -0.0326622 0.993892 0.105417
v 31.8576 -82.0375 16.2389
vn -0.0531769 0.998369 0.0207514
v 32.008 -82.0375 14.8904
vn 0.077379 0.989593 -0.121321
v 31.8735 -82.0375 16.309
vn -0.00583341 0.999983 0
v 32.1188 -82.0375 18.8372
vn 0.0329659 0.998769 0.0370765
v 31.8576 -82.0375 16.379
vn -0.0183145 0.999807 -0.0071506
v 31.7831 -82.0375 19.0277
vn 0.0121374 0.99886 0.0461705
v 31.748 -82.0375 16.4663
vn -0.00871351 0.998256 -0.0583857
v 31.8128 -82.0375 16.4352
vn -0.0607959 0.995228 -0.0763246
v 31.9614 -82.0375 18.951
vn 0.0375836 0.9969 0.0691152
v 32.1204 -82.0375 14.9746
vn 0.0295999 0.99907 -0.0313412
v 32.2901 -82.0375 18.644
vn 0.00833856 0.999947 0.00610605
v 32.2618 -82.0375 15.1301
vn 0.0101933 0.999917 -0.00785816
v 32.4602 -82.0375 15.7184
vn 0.405074 0.91428 -0.00252631
v 32.4352 -82.0375 15.5097
vn 0.890195 0.412324 -0.193759
v 32.3712 -82.0375 15.3095
vn 0.715956 0.624423 -0.312255
v 32.4389 -82.0375 18.2878
vn 0.914435 0.360761 0.183465
v 32.4602 -82.0375 18.0948
vn 0.515391 0.856939 0.00522443
v 32.3841 -82.0375 18.4741
vn 0.767029 0.563888 0.306099
v 31.748 -82.0375 29.1437
vn -0.0324158 0.993984 0.104622
v 31.8128 -82.0375 29.1749
vn -0.0328933 0.998831 0.035416
v 31.8576 -82.0375 29.231
vn -0.201422 0.976346 0.0786024
v 31.9318 -82.0375 27.8411
vn 0.0249205 0.998455 -0.0496614
v 31.8735 -82.0375 29.3011
vn -0.00486577 0.999988 0
v 31.748 -82.0375 29.4585
vn -0.00713338 0.998839 -0.047646
v 31.8128 -82.0375 29.4273
vn -0.0152822 0.999631 -0.0224722
v 31.8576 -82.0375 29.3711
vn -0.0256496 0.999595 -0.0123373
v 32.1613 -82.0375 28.0078
vn 0.0423006 0.998189 -0.0427735
v 32.2991 -82.0375 28.171
vn 0.0207554 0.999678 -0.0146086
v 32.4602 -82.0375 28.7105
vn 0.427995 0.903778 -0.00220015
v 32.4344 -82.0375 28.4987
vn 0.88502 0.422368 -0.195819
v 32.3684 -82.0375 28.2956
vn 0.853194 0.409949 -0.322494
v 44.3547 -82.0867 32.6286
vn -0.281828 0.000509615 0.959465
v 44.4933 -82.0375 32.6473
vn -0.000264781 0.999712 0.0239923
v 44.2037 -82.0375 32.5832
vn -0.00958891 0.999648 0.0247264
v 44.4918 -82.136 32.6471
vn -0.000263584 -0.999919 0.0127292
v 43.9584 -82.0375 32.4492
vn -0.0110992 0.999821 0.0153449
v 43.9999 -82.0867 32.4817
vn -0.473952 0 0.880551
v 43.8508 -82.0867 32.3593
vn -0.699787 0 0.714352
v 44.2037 -82.136 32.5832
vn -0.00963009 -0.999646 0.0248041
v 43.9584 -82.136 32.4492
vn -0.0111215 -0.99982 0.0153758
v 43.8029 -82.136 32.3078
vn -0.0179418 -0.999696 0.016938
v 43.8029 -82.0375 32.3078
vn -0.0410074 0.998528 0.0355065
v 43.7188 -82.0375 32.1954
vn -0.0372117 0.999021 0.0239125
v 43.7188 -82.136 32.1954
vn -0.0822321 -0.995085 0.0551725
v 43.6515 -82.0375 32.0722
vn -0.129965 0.99012 0.0526415
v 43.5875 -82.0375 31.872
vn -0.889535 0.413813 0.193615
v 43.5814 -82.0867 31.8553
vn -0.983402 0 0.181443
v 43.5625 -82.0375 31.6633
vn -0.532145 0.846649 0.00269119
v 43.6515 -82.136 32.0722
vn -0.0638269 -0.997624 0.0259234
v 43.5875 -82.136 31.872
vn -0.94291 -0.212523 0.256428
v 43.5625 -82.136 31.6633
vn -0.312775 -0.949822 0.00302156
v 46.6728 -82.136 32.6475
vn 0.0110343 -0.999902 0.00866801
v 46.6728 -82.0375 32.6475
vn -0.00567668 0.999974 0.00441956
v 46.6728 -82.136 13.9468
vn 0.00876633 -0.999958 -0.00268605
v 45.8757 -82.136 13.9472
vn -0.000776404 -0.999571 -0.02928
v 45.2947 -82.136 19.9862
vn -0.0326102 -0.999468 0.000102112
v 45.6101 -82.136 13.9942
vn -0.00186522 -0.999972 -0.0072139
v 45.2398 -82.136 19.7169
vn -0.011902 -0.99992 0.00423253
v 45.4683 -82.136 14.0524
vn -0.0142854 -0.999575 -0.0253944
v 45.1701 -82.136 14.2886
vn -0.0164792 -0.999729 -0.0164233
v 45.1248 -82.136 19.4857
vn -0.011671 -0.999899 0.00805358
v 44.9822 -82.136 14.4944
vn -0.00625016 -0.999958 -0.00671489
v 44.9534 -82.136 19.2924
vn -0.0136366 -0.999789 0.015334
v 44.8198 -82.136 14.6147
vn -0.00846028 -0.999842 -0.0156375
v 44.5038 -82.136 14.7282
vn -0.00423005 -0.999849 -0.0168381
v 44.6177 -82.136 19.102
vn -0.00401065 -0.999898 0.0137222
v 44.7961 -82.136 19.1787
vn -0.021679 -0.998969 0.0398822
v 44.1605 -82.136 14.8131
vn -0.0336754 -0.99535 -0.090245
v 44.0566 -82.136 16.309
vn -0.0109312 -0.99994 0
v 43.9747 -82.136 14.9207
vn -0.0688886 -0.99324 -0.0934286
v 44.0406 -82.136 16.2389
vn -0.0529361 -0.998127 0.0306638
v 44.1541 -82.136 18.9831
vn -0.0299947 -0.997473 0.064397
v 44.0406 -82.136 16.379
vn -0.0199016 -0.999756 -0.00958792
v 44.2887 -82.136 19.0304
vn -0.0055694 -0.999716 0.0231601
v 45.2947 -82.136 26.8055
vn -0.0690037 -0.997616 -0.000424271
v 45.2398 -82.136 27.0742
vn -0.00308029 -0.999995 -0.00109587
v 44.9044 -82.136 27.5411
vn -0.0263132 -0.99916 -0.0314223
v 45.1248 -82.136 27.3054
vn -0.0201952 -0.99969 -0.0145894
v 44.7961 -82.136 27.6124
vn -0.0104224 -0.999742 -0.0201899
v 44.6177 -82.136 27.6891
vn -0.00887232 -0.999595 -0.0270429
v 44.0566 -82.136 29.3011
vn -0.0100094 -0.99995 -1.27982e-08
v 44.2887 -82.136 27.7607
vn -0.00794666 -0.999546 -0.0290505
v 44.091 -82.136 27.8411
vn -0.0362815 -0.997082 -0.0671657
v 44.0406 -82.136 29.231
vn -0.192678 -0.974894 0.111609
v 44.0406 -82.136 29.3711
vn -0.0129186 -0.999897 -0.00622374
v 43.9311 -82.136 16.1516
vn -0.01801 -0.992582 0.120239
v 43.9958 -82.136 16.1828
vn -0.0846273 -0.988616 0.124407
v 43.8593 -82.136 16.1516
vn 0.0178934 -0.998174 0.0576926
v 43.8131 -82.136 15.0622
vn -0.102647 -0.990293 -0.093716
v 43.7946 -82.136 16.1828
vn 0.0648062 -0.995459 0.0697316
v 43.7255 -82.136 15.1759
vn -0.104875 -0.992073 -0.069229
v 43.9701 -82.136 18.875
vn -0.00963806 -0.999865 0.0132792
v 43.9958 -82.136 16.4352
vn -0.0531955 -0.996945 -0.0571988
v 43.8593 -82.136 16.4663
vn 0.00443464 -0.999549 -0.0297006
v 43.9311 -82.136 16.4663
vn -0.0185304 -0.99803 -0.0599391
v 43.8102 -82.136 18.7335
vn -0.0423726 -0.998211 0.0421733
v 43.7946 -82.136 16.4352
vn 0.0283444 -0.998966 -0.0355508
v 43.6554 -82.136 15.3011
vn -0.340938 -0.92946 -0.140941
v 43.7498 -82.136 16.2389
vn 0.0835368 -0.995692 0.0402477
v 43.7338 -82.136 16.309
vn 0.0343804 -0.999405 0.00261738
v 43.5625 -82.136 15.7184
vn -0.731812 -0.681495 -0.00404997
v 43.5886 -82.136 15.5052
vn -0.100191 -0.994718 -0.0223044
v 43.5625 -82.136 18.0806
vn -0.359853 -0.932997 0.00481623
v 43.6542 -82.136 18.4955
vn -0.0639869 -0.997601 0.0264325
v 43.7236 -82.136 18.6202
vn -0.143153 -0.984752 0.0988425
v 43.7498 -82.136 16.379
vn 0.0515561 -0.998466 -0.0201824
v 43.5882 -82.136 18.2926
vn -0.948625 -0.188199 0.254347
v 43.9958 -82.136 29.1749
vn -0.0273102 -0.99882 0.040147
v 43.8612 -82.136 28.0078
vn -0.0706385 -0.995045 -0.0699637
v 43.8593 -82.136 29.1437
vn 0.0393104 -0.991156 0.126746
v 43.9311 -82.136 29.1437
vn -0.0199222 -0.990915 0.133005
v 43.9958 -82.136 29.4273
vn -0.0430873 -0.997998 -0.0462979
v 43.8593 -82.136 29.4585
vn 0.00281084 -0.99982 -0.0187655
v 43.9311 -82.136 29.4585
vn -0.0150061 -0.998716 -0.0483849
v 43.7946 -82.136 29.1749
vn 0.0517523 -0.997106 0.0556841
v 43.7498 -82.136 29.231
vn 0.0839379 -0.99565 0.0404409
v 43.7236 -82.136 28.171
vn -0.102046 -0.992066 -0.0734264
v 43.6542 -82.136 28.2956
vn -0.341513 -0.929333 -0.140392
v 43.5882 -82.136 28.4987
vn -0.149732 -0.988173 -0.0330939
v 43.7338 -82.136 29.3011
vn 0.0290985 -0.999574 0.00221532
v 43.5625 -82.136 28.7105
vn -0.738295 -0.674468 -0.00378326
v 43.7498 -82.136 29.3711
vn 0.11761 -0.991992 -0.0460402
v 43.7946 -82.136 29.4273
vn 0.0219428 -0.999381 -0.0274904
v 29.3499 -82.136 13.9468
vn -0.0306639 -0.999483 -0.00971839
v 30.7279 -82.136 20.0491
vn 0.0253592 -0.999678 0.000114273
v 30.7536 -82.136 19.8372
vn 0.00507981 -0.999986 0.00112272
v 30.8889 -82.136 19.5096
vn 0.0112745 -0.999902 0.00828123
v 31.1354 -82.136 19.2547
vn 0.00510439 -0.999963 0.00697195
v 30.8196 -82.136 19.6342
vn 0.0375925 -0.999166 0.0159205
v 31.5507 -82.136 16.309
vn 0.00715178 -0.999974 0.000544401
v 31.5459 -82.136 14.7392
vn 0.00502564 -0.997073 -0.0762838
v 31.5667 -82.136 16.2389
vn 0.131115 -0.989353 0.0631684
v 31.6115 -82.136 16.1828
vn 0.0855517 -0.992072 0.0920561
v 31.454 -82.136 19.0993
vn 0.0168548 -0.997957 0.0616297
v 31.3194 -82.136 19.1466
vn 0.0238791 -0.998615 0.0468754
v 31.5667 -82.136 16.379
vn 0.136811 -0.988402 -0.0659129
v 31.6115 -82.136 16.4352
vn 0.0380926 -0.997701 -0.0560445
v 31.6762 -82.136 16.4663
vn 0.00252778 -0.999853 -0.0169296
v 31.6762 -82.136 16.1516
vn 0.0127263 -0.999077 0.0410336
v 30.728 -82.136 26.805
vn 0.134908 -0.990858 -0.000425809
v 30.7829 -82.136 27.0742
vn 0.00308352 -0.999995 -0.00109609
v 30.8979 -82.136 27.3054
vn 0.0222724 -0.999634 -0.0153711
v 31.0692 -82.136 27.4986
vn 0.0118586 -0.999841 -0.0133355
v 31.5507 -82.136 29.3011
vn 0.00921907 -0.999957 0.000701639
v 31.2266 -82.136 27.6124
vn 0.0654929 -0.990553 -0.120478
v 31.405 -82.136 27.6891
vn 0.0180392 -0.99793 -0.0617199
v 31.5667 -82.136 29.231
vn 0.0211284 -0.999725 0.0101792
v 31.6115 -82.136 29.4273
vn 0.0392524 -0.998339 -0.0421772
v 31.5667 -82.136 29.3711
vn 0.094297 -0.99486 -0.0369121
v 31.734 -82.136 27.7607
vn 0.0184304 -0.996885 -0.0766822
v 31.6762 -82.136 29.1437
vn 0.0326737 -0.993898 0.105351
v 31.6115 -82.136 29.1749
vn 0.0969846 -0.9898 0.104355
v 31.6762 -82.136 29.4585
vn 0.00455596 -0.999791 -0.019927
v 31.7831 -82.136 19.0277
vn 0.0124232 -0.999206 0.0378601
v 31.748 -82.136 16.1516
vn -0.0162198 -0.993982 0.108337
v 31.7532 -82.136 14.774
vn 0.00627534 -0.999659 -0.0253443
v 31.8128 -82.136 16.1828
vn -0.034586 -0.998105 0.0509014
v 31.8576 -82.136 16.2389
vn -0.0655405 -0.997129 0.0379301
v 31.8848 -82.136 14.8231
vn 0.0558476 -0.989939 -0.130006
v 32.008 -82.136 14.8904
vn 0.0392694 -0.997361 -0.0610684
v 31.8735 -82.136 16.309
vn -0.0110615 -0.999939 0
v 31.748 -82.136 16.4663
vn -0.017427 -0.998255 -0.056425
v 31.8128 -82.136 16.4352
vn -0.0305071 -0.998801 -0.0382993
v 32.0698 -82.136 18.8797
vn 0.0424791 -0.997808 0.0507321
v 31.9614 -82.136 18.951
vn 0.0193496 -0.99911 0.0374833
v 31.8576 -82.136 16.379
vn -0.0194851 -0.999747 -0.0112703
v 32.1204 -82.136 14.9746
vn 0.0620701 -0.995495 -0.0716674
v 32.2901 -82.136 18.644
vn 0.0086672 -0.99994 0.00662948
v 32.2618 -82.136 15.1301
vn 0.0102139 -0.999917 -0.007874
v 32.4602 -82.136 15.7184
vn 0.228345 -0.973577 -0.00269231
v 32.3712 -82.136 15.3095
vn 0.716518 -0.623655 -0.3125
v 32.4352 -82.136 15.5097
vn 0.890499 -0.411635 -0.193825
v 32.4389 -82.136 18.2878
vn 0.914675 -0.360129 0.183513
v 32.4602 -82.136 18.0948
vn 0.751968 -0.659187 0.00402203
v 32.3841 -82.136 18.4741
vn 0.76752 -0.563114 0.306295
v 31.748 -82.136 29.1437
vn -0.016208 -0.993991 0.108258
v 31.8128 -82.136 29.1749
vn -0.0342502 -0.998141 0.0504065
v 31.8576 -82.136 29.231
vn -0.0495291 -0.998361 0.0286635
v 31.8686 -82.136 27.808
vn 0.0553725 -0.991671 -0.116289
v 32.0526 -82.136 27.9161
vn 0.0327852 -0.998418 -0.0456753
v 31.8735 -82.136 29.3011
vn -0.011109 -0.999938 0
v 31.748 -82.136 29.4585
vn -0.0143099 -0.99883 -0.0461852
v 31.8128 -82.136 29.4273
vn -0.0407586 -0.998207 -0.0438238
v 31.8576 -82.136 29.3711
vn -0.0105761 -0.999931 -0.00508707
v 32.2557 -82.136 28.1143
vn 0.0114489 -0.999899 -0.00840836
v 32.4602 -82.136 28.7105
vn 0.213137 -0.97702 -0.00209249
v 32.3684 -82.136 28.2956
vn 0.728495 -0.585927 -0.354943
v 32.4344 -82.136 28.4987
vn 0.941208 -0.216206 -0.259582
v 45.4683 -82.0375 14.0524
vn -0.0134552 0.999554 -0.0266505
v 45.6839 -82.0868 13.9735
vn -0.240372 0.0182893 -0.970509
v 45.2769 -82.0868 14.179
vn -0.643646 -0.0508018 -0.763635
v 45.6846 -82.0375 13.9764
vn -0.00173495 0.999972 -0.0072865
v 45.9119 -82.0375 13.9468
vn -0.000683664 0.999839 -0.0179483
v 45.0763 -82.0375 14.398
vn -0.0156649 0.99976 -0.0153392
v 45.2788 -82.0375 14.1813
vn -0.00622813 0.999956 -0.00706622
v 46.6728 -82.0375 13.9468
vn -0.00451523 0.999976 -0.00529752
v 45.2947 -82.0375 19.9858
vn -0.0167874 0.999859 0.000103086
v 45.2398 -82.0375 19.7169
vn -0.0122819 0.999915 0.00436892
v 45.1248 -82.0375 19.4857
vn -0.0107631 0.999912 0.00777544
v 44.9044 -82.0375 19.25
vn -0.0145011 0.999745 0.0173167
v 44.8198 -82.0375 14.6147
vn -0.00923896 0.999829 -0.0160151
v 44.5038 -82.0375 14.7282
vn -0.00263498 0.999943 -0.0103771
v 44.6177 -82.0375 19.102
vn -0.00801884 0.999591 0.027436
v 44.7961 -82.0375 19.1787
vn -0.0111045 0.999707 0.0215186
v 44.2963 -82.0375 14.7666
vn -0.0331913 0.991868 -0.122867
v 44.0566 -82.0375 16.309
vn -0.00497501 0.999988 0
v 44.0968 -82.0375 14.846
vn -0.0486409 0.994693 -0.0906623
v 44.0406 -82.0375 16.2389
vn -0.205503 0.975348 0.0803977
v 44.0406 -82.0375 16.379
vn -0.150687 0.985912 -0.0725958
v 44.091 -82.0375 18.95
vn -0.019556 0.999152 0.0362211
v 44.2887 -82.0375 19.0304
vn -0.00555268 0.999815 0.0184214
v 45.2947 -82.0375 26.805
vn -0.134531 0.990909 -0.000420627
v 45.2398 -82.0375 27.0742
vn -0.00307736 0.999995 -0.00109443
v 45.1248 -82.0375 27.3054
vn -0.0222222 0.999635 -0.0153345
v 44.9534 -82.0375 27.4986
vn -0.0204246 0.999527 -0.0229732
v 44.7961 -82.0375 27.6124
vn -0.0204132 0.999087 -0.0375422
v 44.6177 -82.0375 27.6891
vn -0.00866855 0.999419 -0.0329712
v 44.0566 -82.0375 29.3011
vn -0.0051495 0.999987 -1.3451e-08
v 44.2887 -82.0375 27.7607
vn -0.00358365 0.999896 -0.0139722
v 44.1541 -82.0375 27.808
vn -0.054577 0.991616 -0.117129
v 44.0406 -82.0375 29.231
vn -0.0575571 0.998088 0.022518
v 44.0406 -82.0375 29.3711
vn -0.0258293 0.999589 -0.0124437
v 43.9958 -82.0375 16.1828
vn -0.0379772 0.998443 0.0408645
v 43.9164 -82.0375 14.9625
vn -0.0418564 0.997613 -0.0549151
v 43.8593 -82.0375 16.1516
vn 0.0111666 0.997155 0.0745493
v 43.8131 -82.0375 15.0622
vn -0.121435 0.985244 -0.120615
v 43.9311 -82.0375 16.1516
vn -0.0376681 0.991882 0.121455
v 43.9958 -82.0375 16.4352
vn -0.0140892 0.999686 -0.020729
v 43.8612 -82.0375 18.7833
vn -0.0354338 0.998755 0.0350987
v 43.9311 -82.0375 16.4663
vn -0.00973224 0.997826 -0.065182
v 43.8593 -82.0375 16.4663
vn 0.0193356 0.997855 -0.0625413
v 43.7946 -82.0375 16.4352
vn 0.0118941 0.999818 -0.0149181
v 43.7236 -82.0375 18.6202
vn -0.0597927 0.997284 0.0430161
v 43.7946 -82.0375 16.1828
vn 0.0535537 0.995457 0.0787238
v 43.7498 -82.0375 16.2389
vn 0.16496 0.983093 0.0794768
v 43.7255 -82.0375 15.1759
vn -0.204952 0.969377 -0.13529
v 43.6554 -82.0375 15.3011
vn -0.174499 0.98198 -0.0725588
v 43.5886 -82.0375 15.5052
vn -0.340338 0.935802 -0.09189
v 43.7338 -82.0375 16.309
vn 0.0343639 0.999406 -0.00261739
v 43.5625 -82.0375 15.7184
vn -0.502022 0.864829 -0.00675008
v 43.6542 -82.0375 18.4955
vn -0.130857 0.989941 0.053786
v 43.5625 -82.0375 18.0806
vn -0.580844 0.814009 0.00320014
v 43.7498 -82.0375 16.379
vn 0.0479299 0.998465 -0.0277495
v 43.5882 -82.0375 18.2926
vn -0.799694 0.573803 0.176749
v 43.9958 -82.0375 29.1749
vn -0.102978 0.988493 0.110805
v 43.9701 -82.0375 27.9161
vn -0.0187669 0.99949 -0.0258468
v 43.8593 -82.0375 29.1437
vn 0.00900962 0.998149 0.0601493
v 43.8102 -82.0375 28.0577
vn -0.086773 0.992478 -0.0863585
v 43.9311 -82.0375 29.1437
vn -0.0361452 0.992527 0.116545
v 43.9958 -82.0375 29.4273
vn -0.0355862 0.997999 -0.0522693
v 43.9311 -82.0375 29.4585
vn -0.00750305 0.998716 -0.0500922
v 43.8593 -82.0375 29.4585
vn 0.00562168 0.99982 -0.0181256
v 43.7946 -82.0375 29.1749
vn 0.0538585 0.995405 0.0791706
v 43.7498 -82.0375 29.231
vn 0.165732 0.982933 0.0798488
v 43.7236 -82.0375 28.171
vn -0.226949 0.96121 -0.156744
v 43.6542 -82.0375 28.2956
vn -0.175109 0.981888 -0.0723358
v 43.5882 -82.0375 28.4987
vn -0.298444 0.950873 -0.0822914
v 43.7338 -82.0375 29.3011
vn 0.0290848 0.999574 -0.00221532
v 43.5625 -82.0375 28.7105
vn -0.497535 0.86743 -0.00486167
v 43.7498 -82.0375 29.3711
vn 0.109337 0.991987 -0.0633021
v 43.7946 -82.0375 29.4273
vn 0.0109765 0.999845 -0.0137516
v 44.9837 -82.0868 14.4961
vn -0.666246 -0.03869 -0.744728
v 44.6351 -82.0868 14.6972
vn -0.338033 0 -0.941134
v 43.5814 -82.1031 15.5264
vn -0.982663 0 -0.185403
v 32.4412 -82.0867 15.5264
vn 0.966223 0 -0.257708
v 32.2943 -82.0867 15.1716
vn 0.874683 0 -0.484696
v 32.1719 -82.0867 15.0224
vn 0.714429 0 -0.699708
v 31.6679 -82.0867 14.7531
vn 0.227713 0.0451552 -0.972681
v 45.2787 -82.0867 26.9337
vn -0.965415 -0.000147702 -0.260719
v 45.1527 -82.0867 27.2656
vn -0.897805 0 -0.440393
v 45.0471 -82.0867 27.4091
vn -0.744583 0.0355553 -0.666582
v 43.5814 -82.0867 28.5185
vn -0.982891 0 -0.18419
v 43.9756 -82.0868 27.909
vn -0.587384 -0.0208792 -0.809039
v 45.2787 -82.0867 19.8574
vn -0.965438 0.000101127 0.260634
v 45.1527 -82.0867 19.5255
vn -0.897781 0 0.440442
v 45.0471 -82.0867 19.382
vn -0.744651 -0.0356295 0.666502
v 43.5814 -82.0703 18.2726
vn -0.982896 0 0.184162
v 43.9756 -82.0868 18.8822
vn -0.58725 0.0208369 0.809137
v 32.444 -82.0867 18.2723
vn 0.971156 0 0.238446
v 32.3181 -82.0867 18.6042
vn 0.892814 0 0.450425
v 32.2124 -82.0867 18.7477
vn 0.744585 -0.0354037 0.666589
v 31.0162 -82.1196 19.3531
vn 0.71958 0.0919502 0.688295
v 31.1409 -82.0539 19.2476
vn 0.580658 -0.0814892 0.810059
v 30.7468 -82.0867 19.8571
vn 0.97635 -0.0178748 0.215455
v 30.744 -82.0867 26.9337
vn 0.965451 0.000101365 -0.260584
v 30.8699 -82.0867 27.2656
vn 0.89783 0 -0.440341
v 30.9756 -82.0867 27.4091
vn 0.744586 -0.0354016 -0.666587
v 32.4412 -82.0867 28.5185
vn 0.982847 0 -0.184421
v 32.1719 -82.1196 28.0146
vn 0.712866 -0.0399641 -0.700161
v 32.0471 -82.0539 27.909
vn 0.570576 0.0393031 -0.820304
v 46.8204 -81.1339 25.8155
vn 0 0.867602 0.49726
v 46.7712 -81.1515 25.8652
vn -0.999995 0.00294813 0.000865626
v 46.7712 -81.1714 26.0038
vn -0.968618 0.24855 0.0014504
v 46.7712 -81.0933 25.7378
vn -0.999913 0.0111084 0.00714187
v 46.8696 -81.1714 26.0038
vn 0.999366 0.0355903 0.000402609
v 46.7712 -81.0015 25.6319
vn -0.999868 0.0111515 0.0118487
v 46.7712 -80.8837 25.5562
vn -0.999928 0.00497348 0.0108883
v 46.8204 -80.8676 25.5492
vn 0 0.509938 0.860211
v 46.7712 -80.7493 25.5167
vn -0.99992 0.00207412 0.0124663
v 46.8696 -81.1515 25.8652
vn 0.999995 0.00288491 0.000847062
v 46.8696 -81.0015 25.6319
vn 0.999868 0.0111506 0.0118478
v 46.8696 -81.0933 25.7378
vn 0.999913 0.0111075 0.00714131
v 46.8696 -80.8837 25.5562
vn 0.999928 0.0049731 0.0108875
v 46.8696 -80.7493 25.5167
vn 0.99992 0.00207396 0.0124653
v 46.8204 -80.6793 25.5117
vn 0 -0.0131345 0.999914
v 46.8696 -80.6092 25.5167
vn 0.999973 -0.00105506 0.00733206
v 46.7712 -80.6092 25.5167
vn -0.999827 -0.00343201 0.018255
v 46.8696 -80.4748 25.5562
vn 0.999684 -0.00952924 0.0232823
v 46.7712 -80.4748 25.5562
vn -0.999866 -0.0076167 0.0144892
v 46.8204 -80.3313 25.6559
vn 0 -0.692195 0.721711
v 46.7712 -80.357 25.6319
vn -0.999903 -0.00912928 0.010532
v 46.7712 -80.2071 25.8652
vn -0.999996 -0.0027323 0.000803192
v 46.7712 -80.2653 25.7378
vn -0.999802 -0.0166539 0.0108765
v 46.8204 -80.2246 25.8155
vn 0 -0.940209 0.340597
v 46.7712 -80.1871 26.0038
vn -0.999208 -0.0397987 0.000450657
v 46.8696 -80.357 25.6319
vn 0.999903 -0.00912858 0.0105312
v 46.8696 -80.2653 25.7378
vn 0.999802 -0.0166526 0.0108757
v 46.8696 -80.2071 25.8652
vn 0.999996 -0.00271223 0.000797295
v 46.8696 -80.1871 26.0038
vn 0.970475 -0.241198 0.00140883
v 29.2023 -81.1339 25.8155
vn 0 0.867602 0.49726
v 29.1531 -81.1515 25.8652
vn -0.999996 0.00287519 0.000844208
v 29.1531 -81.1714 26.0038
vn -0.997857 0.0654265 0.000381789
v 29.1531 -81.0933 25.7378
vn -0.999913 0.011108 0.00714159
v 29.2515 -81.1714 26.0038
vn 0.999208 0.0397996 0.000450229
v 29.1531 -81.0015 25.6319
vn -0.999868 0.011151 0.0118483
v 29.1531 -80.8837 25.5562
vn -0.999928 0.00497329 0.0108879
v 29.2023 -80.8676 25.5492
vn 0 0.509938 0.860211
v 29.1531 -80.7493 25.5167
vn -0.99992 0.00207404 0.0124658
v 29.2515 -81.1515 25.8652
vn 0.999995 0.00290488 0.000852927
v 29.2515 -81.0015 25.6319
vn 0.999868 0.011151 0.0118483
v 29.2515 -81.0933 25.7378
vn 0.999913 0.011108 0.00714159
v 29.2515 -80.8837 25.5562
vn 0.999928 0.00497329 0.0108879
v 29.2515 -80.7493 25.5167
vn 0.99992 0.00207404 0.0124658
v 29.2023 -80.6793 25.5117
vn 0 -0.0131345 0.999914
v 29.2515 -80.6092 25.5167
vn 0.999973 -0.0010551 0.00733235
v 29.1531 -80.6092 25.5167
vn -0.999827 -0.00343197 0.0182547
v 29.2515 -80.4748 25.5562
vn 0.999684 -0.0095293 0.0232824
v 29.1531 -80.4748 25.5562
vn -0.999866 -0.00761664 0.0144891
v 29.2023 -80.3313 25.6559
vn 0 -0.692195 0.721711
v 29.1531 -80.357 25.6319
vn -0.999903 -0.00912893 0.0105316
v 29.1531 -80.2071 25.8652
vn -0.999996 -0.00273219 0.000803161
v 29.1531 -80.2653 25.7378
vn -0.999802 -0.0166533 0.0108761
v 29.2023 -80.2246 25.8155
vn 0 -0.940209 0.340597
v 29.1531 -80.1871 26.0038
vn -0.999208 -0.0397987 0.000450654
v 29.2515 -80.357 25.6319
vn 0.999903 -0.00912893 0.0105316
v 29.2515 -80.2653 25.7378
vn 0.999802 -0.0166533 0.0108761
v 29.2515 -80.2071 25.8652
vn 0.999996 -0.00277736 0.00081644
v 29.2515 -80.1871 26.0038
vn 0.968391 -0.249432 0.00145694
v 46.8696 -80.1871 29.9408
vn 0.999379 -0.0352309 -0.000398914
v 46.7712 -80.1871 29.9408
vn -0.969851 -0.243695 -0.00142341
v 46.8696 -81.1714 29.9408
vn 0.969847 0.243712 -0.00142211
v 46.7712 -81.1714 29.9408
vn -0.99861 0.0527082 -0.00059624
v 29.2515 -81.1714 29.9408
vn 0.969847 0.243712 -0.00142213
v 29.1531 -81.1714 29.9408
vn -0.991702 0.128551 -0.00145417
v 46.8204 -80.2246 30.1292
vn 0 -0.867658 -0.497162
v 46.7712 -80.2071 30.0795
vn -0.99945 -0.0318242 -0.00935157
v 46.7712 -80.2653 30.2069
vn -0.999709 -0.0202979 -0.0130421
v 46.7712 -80.357 30.3128
vn -0.998872 -0.0325517 -0.0345793
v 46.7712 -80.4748 30.3885
vn -0.999805 -0.00819655 -0.017944
v 46.8204 -80.4909 30.3955
vn 0 -0.509893 -0.860238
v 46.7712 -80.6092 30.428
vn -0.999993 -0.00060622 -0.00364441
v 46.8696 -80.2071 30.0795
vn 0.99945 -0.0318218 -0.00935085
v 46.8696 -80.357 30.3128
vn 0.998872 -0.0325492 -0.0345766
v 46.8696 -80.2653 30.2069
vn 0.999709 -0.0202963 -0.013041
v 46.8696 -80.4748 30.3885
vn 0.999805 -0.00819591 -0.0179426
v 46.8696 -80.6092 30.428
vn 0.999993 -0.000606173 -0.00364413
v 46.8204 -80.6793 30.433
vn 0 0.0131345 -0.999914
v 46.8696 -80.7493 30.428
vn 0.999785 0.00295433 -0.0205309
v 46.7712 -80.7493 30.428
vn -0.99865 0.00960066 -0.0510515
v 46.8696 -80.8837 30.3885
vn 0.996561 0.0313867 -0.0766855
v 46.7712 -80.8837 30.3885
vn -0.99854 0.0251326 -0.0478238
v 46.8204 -81.0273 30.2888
vn 0 0.692111 -0.721791
v 46.7712 -81.0015 30.3128
vn -0.999786 0.0135357 -0.0156228
v 46.7712 -81.1515 30.0795
vn -0.999449 0.0318421 -0.00934586
v 46.7712 -81.0933 30.2069
vn -0.999163 0.0342454 -0.0223654
v 46.8204 -81.1339 30.1292
vn 0 0.940335 -0.340251
v 46.8696 -81.0015 30.3128
vn 0.999786 0.0135346 -0.0156216
v 46.8696 -81.0933 30.2069
vn 0.999163 0.0342427 -0.0223637
v 46.8696 -81.1515 30.0795
vn 0.999449 0.0318396 -0.00934514
v 29.2023 -80.2246 30.1292
vn 0 -0.867658 -0.497162
v 29.1531 -80.2071 30.0795
vn -0.99945 -0.031823 -0.00935121
v 29.1531 -80.1871 29.9408
vn -0.969851 -0.243695 -0.0014234
v 29.1531 -80.2653 30.2069
vn -0.999709 -0.0202971 -0.0130416
v 29.2515 -80.1871 29.9408
vn 0.998436 -0.0559046 -0.000633003
v 29.1531 -80.357 30.3128
vn -0.998872 -0.0325504 -0.0345779
v 29.1531 -80.4748 30.3885
vn -0.999805 -0.00819623 -0.0179433
v 29.2023 -80.4909 30.3955
vn 0 -0.509893 -0.860238
v 29.1531 -80.6092 30.428
vn -0.999993 -0.000606196 -0.00364427
v 29.2515 -80.2071 30.0795
vn 0.99945 -0.031823 -0.00935121
v 29.2515 -80.357 30.3128
vn 0.998872 -0.0325504 -0.0345779
v 29.2515 -80.2653 30.2069
vn 0.999709 -0.0202971 -0.0130416
v 29.2515 -80.4748 30.3885
vn 0.999805 -0.00819623 -0.0179433
v 29.2515 -80.6092 30.428
vn 0.999993 -0.000606196 -0.00364427
v 29.2023 -80.6793 30.433
vn 0 0.0131345 -0.999914
v 29.2515 -80.7493 30.428
vn 0.999785 0.00295444 -0.0205317
v 29.1531 -80.7493 30.428
vn -0.99865 0.00960055 -0.0510507
v 29.2515 -80.8837 30.3885
vn 0.996561 0.031387 -0.0766858
v 29.1531 -80.8837 30.3885
vn -0.99854 0.0251324 -0.0478235
v 29.2023 -81.0273 30.2888
vn 0 0.692111 -0.721791
v 29.1531 -81.0015 30.3128
vn -0.999786 0.0135352 -0.0156222
v 29.1531 -81.1515 30.0795
vn -0.999449 0.0318408 -0.0093455
v 29.1531 -81.0933 30.2069
vn -0.999163 0.0342441 -0.0223646
v 29.2023 -81.1339 30.1292
vn 0 0.940335 -0.340251
v 29.2515 -81.0015 30.3128
vn 0.999786 0.0135352 -0.0156222
v 29.2515 -81.0933 30.2069
vn 0.999163 0.0342441 -0.0223646
v 29.2515 -81.1515 30.0795
vn 0.999449 0.0318408 -0.0093455
v 46.8204 -81.1339 16.4651
vn 0 0.867603 0.497258
v 46.7712 -81.1515 16.5148
vn -0.999449 0.0318364 0.00934768
v 46.7712 -81.1714 16.6534
vn -0.998083 0.0618868 0.000361127
v 46.7712 -81.0933 16.3874
vn -0.999709 0.0202896 0.0130447
v 46.8696 -81.1714 16.6534
vn 0.991702 0.12855 0.00145416
v 46.7712 -81.0015 16.2815
vn -0.998872 0.0325397 0.0345743
v 46.7712 -80.8837 16.2058
vn -0.999805 0.00819634 0.0179441
v 46.8204 -80.8676 16.1988
vn 0 0.509936 0.860212
v 46.7712 -80.7493 16.1663
vn -0.999383 0.00576339 0.0346412
v 46.8696 -81.1515 16.5148
vn 0.999449 0.0318339 0.00934696
v 46.8696 -81.0015 16.2815
vn 0.998872 0.0325372 0.0345716
v 46.8696 -81.0933 16.3874
vn 0.999709 0.0202881 0.0130437
v 46.8696 -80.8837 16.2058
vn 0.999805 0.0081957 0.0179427
v 46.8696 -80.7493 16.1663
vn 0.999383 0.00576295 0.0346385
v 46.8204 -80.6793 16.1613
vn 0 -0.0131345 0.999914
v 46.8696 -80.6092 16.1663
vn 0.999998 -0.00031092 0.00216072
v 46.7712 -80.6092 16.1663
vn -0.999985 -0.0010115 0.00538038
v 46.8696 -80.4748 16.2058
vn 0.996561 -0.031387 0.0766862
v 46.7712 -80.4748 16.2058
vn -0.99854 -0.0251331 0.04781
v 46.8204 -80.3313 16.3055
vn 0 -0.692195 0.721711
v 46.7712 -80.357 16.2815
vn -0.999786 -0.0135402 0.0156206
v 46.7712 -80.2071 16.5148
vn -0.99945 -0.0318186 0.00935339
v 46.7712 -80.2653 16.3874
vn -0.999163 -0.0342584 0.0223739
v 46.8204 -80.2246 16.4651
vn 0 -0.94021 0.340596
v 46.7712 -80.1871 16.6534
vn -0.991703 -0.128541 0.00145549
v 46.8696 -80.357 16.2815
vn 0.999786 -0.0135391 0.0156194
v 46.8696 -80.2653 16.3874
vn 0.999163 -0.0342557 0.0223722
v 46.8696 -80.2071 16.5148
vn 0.99945 -0.0318161 0.00935267
v 46.8696 -80.1871 16.6534
vn 0.996085 -0.0883947 0.000516298
v 29.2023 -81.1339 16.4651
vn 0 0.867603 0.497258
v 29.1531 -81.1515 16.5148
vn -0.999449 0.0318352 0.00934732
v 29.1531 -81.1714 16.6534
vn -0.995667 0.0929869 0.000542601
v 29.1531 -81.0933 16.3874
vn -0.999709 0.0202888 0.0130442
v 29.2515 -81.1714 16.6534
vn 0.991702 0.12855 0.00145417
v 29.1531 -81.0015 16.2815
vn -0.998872 0.0325384 0.034573
v 29.1531 -80.8837 16.2058
vn -0.999805 0.00819602 0.0179434
v 29.2023 -80.8676 16.1988
vn 0 0.509936 0.860212
v 29.1531 -80.7493 16.1663
vn -0.999383 0.00576317 0.0346398
v 29.2515 -81.1515 16.5148
vn 0.999449 0.0318352 0.00934732
v 29.2515 -81.0015 16.2815
vn 0.998872 0.0325384 0.034573
v 29.2515 -81.0933 16.3874
vn 0.999709 0.0202888 0.0130442
v 29.2515 -80.8837 16.2058
vn 0.999805 0.00819602 0.0179434
v 29.2515 -80.7493 16.1663
vn 0.999993 0.000606182 0.00364349
v 29.2023 -80.6793 16.1613
vn 0 -0.0131345 0.999914
v 29.2515 -80.6092 16.1663
vn 0.999785 -0.00295442 0.0205316
v 29.1531 -80.6092 16.1663
vn -0.999985 -0.00101149 0.0053803
v 29.2515 -80.4748 16.2058
vn 0.996561 -0.0313872 0.0766865
v 29.1531 -80.4748 16.2058
vn -0.99854 -0.0251328 0.0478097
v 29.2023 -80.3313 16.3055
vn 0 -0.692195 0.721711
v 29.1531 -80.357 16.2815
vn -0.999786 -0.0135396 0.01562
v 29.1531 -80.2071 16.5148
vn -0.99945 -0.0318173 0.00935303
v 29.1531 -80.2653 16.3874
vn -0.999163 -0.034257 0.022373
v 29.2023 -80.2246 16.4651
vn 0 -0.94021 0.340596
v 29.1531 -80.1871 16.6534
vn -0.991703 -0.128541 0.00145547
v 29.2515 -80.357 16.2815
vn 0.999786 -0.0135396 0.01562
v 29.2515 -80.2653 16.3874
vn 0.999163 -0.034257 0.022373
v 29.2515 -80.2071 16.5148
vn 0.99945 -0.0318173 0.00935303
v 29.2515 -80.1871 16.6534
vn 0.96985 -0.243697 0.0014234
v 46.8696 -80.1871 20.5905
vn 0.99152 -0.129948 -0.00147139
v 46.7712 -80.1871 20.5905
vn -0.997032 -0.0769872 -0.000449676
v 46.8696 -81.1714 20.5905
vn 0.996186 0.0872591 -0.000509174
v 46.7712 -81.1714 20.5905
vn -0.992031 0.125985 -0.00142517
v 29.2515 -81.1714 20.5905
vn 0.997032 0.0769889 -0.000449249
v 29.1531 -81.1714 20.5905
vn -0.991457 0.130424 -0.00147537
v 46.8204 -80.2246 20.7788
vn 0 -0.867606 -0.497253
v 46.7712 -80.2071 20.7291
vn -0.999995 -0.00290458 -0.00085383
v 46.7712 -80.2653 20.8565
vn -0.999913 -0.0111136 -0.00714079
v 46.7712 -80.357 20.9624
vn -0.999868 -0.0111568 -0.0118518
v 46.7712 -80.4748 21.0381
vn -0.999928 -0.00497363 -0.0108883
v 46.8204 -80.4909 21.0451
vn 0 -0.509891 -0.860239
v 46.7712 -80.6092 21.0776
vn -0.99992 -0.00207416 -0.0124689
v 46.8696 -80.2071 20.7291
vn 0.999995 -0.00292712 -0.000860458
v 46.8696 -80.357 20.9624
vn 0.999868 -0.0111559 -0.0118509
v 46.8696 -80.2653 20.8565
vn 0.999913 -0.0111127 -0.00714024
v 46.8696 -80.4748 21.0381
vn 0.999928 -0.00497325 -0.0108875
v 46.8696 -80.6092 21.0776
vn 0.99992 -0.002074 -0.012468
v 46.8204 -80.6793 21.0826
vn 0 0.0131345 -0.999914
v 46.8696 -80.7493 21.0776
vn 0.999973 0.00105511 -0.00733207
v 46.7712 -80.7493 21.0776
vn -0.999828 0.00343207 -0.0182498
v 46.8696 -80.8837 21.0381
vn 0.999684 0.00952902 -0.0232818
v 46.7712 -80.8837 21.0381
vn -0.999866 0.00761653 -0.0144933
v 46.8204 -81.0273 20.9384
vn 0 0.692108 -0.721794
v 46.7712 -81.0015 20.9624
vn -0.999903 0.009125 -0.0105321
v 46.7712 -81.1515 20.7291
vn -0.999996 0.00269561 -0.000791474
v 46.7712 -81.0933 20.8565
vn -0.999802 0.0166412 -0.0108682
v 46.8204 -81.1339 20.7788
vn 0 0.940299 -0.340348
v 46.8696 -81.0015 20.9624
vn 0.999903 0.00912429 -0.0105313
v 46.8696 -81.0933 20.8565
vn 0.999802 0.0166399 -0.0108674
v 46.8696 -81.1515 20.7291
vn 0.999996 0.00275031 -0.000807536
v 29.2023 -80.2246 20.7788
vn 0 -0.867606 -0.497253
v 29.1531 -80.2071 20.7291
vn -0.999995 -0.00290446 -0.000853797
v 29.1531 -80.1871 20.5905
vn -0.997032 -0.0769872 -0.000449672
v 29.1531 -80.2653 20.8565
vn -0.999913 -0.0111132 -0.00714051
v 29.2515 -80.1871 20.5905
vn 0.999528 -0.030716 -0.000347799
v 29.1531 -80.357 20.9624
vn -0.999868 -0.0111564 -0.0118514
v 29.1531 -80.4748 21.0381
vn -0.999928 -0.00497344 -0.0108879
v 29.2023 -80.4909 21.0451
vn 0 -0.509891 -0.860239
v 29.1531 -80.6092 21.0776
vn -0.99992 -0.00207408 -0.0124684
v 29.2515 -80.2071 20.7291
vn 0.999996 -0.0028551 -0.000839286
v 29.2515 -80.357 20.9624
vn 0.999868 -0.0111564 -0.0118514
v 29.2515 -80.2653 20.8565
vn 0.999913 -0.0111132 -0.00714051
v 29.2515 -80.4748 21.0381
vn 0.999928 -0.00497344 -0.0108879
v 29.2515 -80.6092 21.0776
vn 0.99992 -0.00207408 -0.0124684
v 29.2023 -80.6793 21.0826
vn 0 0.0131345 -0.999914
v 29.2515 -80.7493 21.0776
vn 0.999973 0.00105515 -0.00733236
v 29.1531 -80.7493 21.0776
vn -0.999828 0.00343203 -0.0182495
v 29.2515 -80.8837 21.0381
vn 0.999684 0.00952908 -0.0232819
v 29.1531 -80.8837 21.0381
vn -0.999866 0.00761647 -0.0144932
v 29.2023 -81.0273 20.9384
vn 0 0.692108 -0.721794
v 29.1531 -81.0015 20.9624
vn -0.999903 0.00912464 -0.0105317
v 29.1531 -81.1515 20.7291
vn -0.999996 0.00275941 -0.000810208
v 29.1531 -81.0933 20.8565
vn -0.999802 0.0166406 -0.0108678
v 29.2023 -81.1339 20.7788
vn 0 0.940299 -0.340348
v 29.2515 -81.0015 20.9624
vn 0.999903 0.00912464 -0.0105317
v 29.2515 -81.0933 20.8565
vn 0.999802 0.0166406 -0.0108678
v 29.2515 -81.1515 20.7291
vn 0.999996 0.0027326 -0.000802336
v 38.9952 -79.2226 23.8722
vn -0.0955278 0.995425 -0.0016582
v 38.9557 -79.2226 24.0666
vn -0.127755 0.99106 -0.0384607
v 38.9066 -79.2226 24.1981
vn -0.0963056 0.994252 -0.0467873
v 38.8393 -79.2226 24.3214
vn -0.0781304 0.995679 -0.0501868
v 38.7552 -79.2226 24.4338
vn -0.14471 0.9815 -0.125364
v 38.6559 -79.2226 24.5331
vn -0.0165119 0.999664 -0.0199927
v 38.5435 -79.2226 24.6173
vn -0.0256195 0.998877 -0.0398577
v 38.2886 -79.2226 24.7337
vn -0.0207221 0.997316 -0.0702259
v 38.4202 -79.2226 24.6846
vn -0.0314325 0.997409 -0.0647123
v 38.0818 -79.2226 24.7742
vn -0.000855207 0.999956 -0.00930528
v 37.8713 -79.2226 24.7635
vn 0.00232302 0.999798 -0.0199485
v 37.734 -79.2226 24.7337
vn 0.0296736 0.993822 -0.106942
v 37.6025 -79.2226 24.6846
vn 0.0314322 0.99741 -0.0646959
v 37.4792 -79.2226 24.6173
vn 0.0398 0.997477 -0.0587801
v 37.3668 -79.2226 24.5331
vn 0.0177909 0.99965 -0.0195644
v 37.2675 -79.2226 24.4338
vn 0.109518 0.98986 -0.0904594
v 37.1833 -79.2226 24.3214
vn 0.116572 0.990638 -0.0710467
v 37.116 -79.2226 24.1981
vn 0.0908551 0.995105 -0.0388773
v 37.067 -79.2226 24.0666
vn 0.0914152 0.995502 -0.0248884
v 37.0279 -79.2226 23.8744
vn 0.0531102 0.998587 -0.00165749
v 38.9956 -79.2226 21.8208
vn -0.130138 0.991496 0.000570499
v 37.0275 -79.2226 21.7378
vn 0.247409 0.968902 0.0041876
v 37.067 -79.2226 21.5435
vn 0.156714 0.98652 0.0471036
v 37.116 -79.2226 21.4119
vn 0.0374211 0.999134 0.0181662
v 37.1833 -79.2226 21.2886
vn 0.113374 0.990582 0.0767673
v 37.2675 -79.2226 21.1762
vn 0.105378 0.989805 0.0958207
v 37.3668 -79.2226 21.0769
vn 0.0669125 0.99446 0.0810691
v 37.4792 -79.2226 20.9928
vn 0.0815254 0.987646 0.133828
v 37.6025 -79.2226 20.9255
vn 0.00479393 0.999926 0.0111897
v 37.734 -79.2226 20.8764
vn 0.0143099 0.998473 0.053363
v 37.8713 -79.2226 20.8465
vn 0.0071348 0.998193 0.059666
v 38.0113 -79.2226 20.8365
vn -9.51945e-05 0.999992 0.00400165
v 38.1514 -79.2226 20.8465
vn -0.00998259 0.998191 0.0592812
v 38.2886 -79.2226 20.8764
vn -0.0168416 0.998471 0.0526408
v 38.4202 -79.2226 20.9255
vn -0.00523783 0.999928 0.0107835
v 38.5435 -79.2226 20.9928
vn -0.0610209 0.994052 0.0902061
v 38.6559 -79.2226 21.0769
vn -0.100905 0.988684 0.111006
v 38.7552 -79.2226 21.1762
vn -0.107148 0.990302 0.088435
v 38.8393 -79.2226 21.2886
vn -0.114641 0.990949 0.0698401
v 38.9066 -79.2226 21.4119
vn -0.036944 0.999192 0.0158181
v 38.9557 -79.2226 21.5435
vn -0.181814 0.982232 0.0465271
v 38.9856 -79.2226 21.6807
vn -0.115132 0.993212 0.0165668
v 43.3286 -79.2226 29.1347
vn 0.106344 0.993839 0.0312403
v 43.3046 -79.2226 29.3011
vn 0.00947374 0.999955 0
v 43.3984 -79.2226 28.9818
vn 0.0541111 0.99779 0.0385647
v 43.5085 -79.2226 28.8548
vn 0.0506347 0.996637 0.0644249
v 43.6499 -79.2226 28.7639
vn 0.0324329 0.996186 0.0810034
v 43.8111 -79.2226 28.7165
vn 0.00229169 0.999708 0.0240474
v 43.9792 -79.2226 28.7165
vn -0.00100411 0.999986 0.00519728
v 44.1405 -79.2226 28.7639
vn -0.0393212 0.996318 0.0761896
v 44.2819 -79.2226 28.8548
vn -0.0553199 0.996783 0.0579983
v 44.392 -79.2226 28.9818
vn -0.0688581 0.996835 0.0397273
v 44.4618 -79.2226 29.1347
vn -0.0645012 0.997795 0.0156173
v 44.4857 -79.2226 29.3011
vn -0.0138272 0.999904 -0.000661971
v 44.4618 -79.2226 29.4675
vn -0.0723886 0.997062 -0.025065
v 44.392 -79.2226 29.6204
vn -0.0575601 0.997499 -0.0410209
v 44.2819 -79.2226 29.7474
vn -0.0558778 0.995903 -0.0710952
v 44.1405 -79.2226 29.8383
vn -0.00720932 0.999811 -0.0180354
v 43.9792 -79.2226 29.8856
vn -0.000669236 0.999975 -0.0070392
v 43.8111 -79.2226 29.8856
vn 0.0106793 0.998409 -0.055374
v 43.6499 -79.2226 29.8383
vn 0.00893771 0.99981 -0.0173225
v 43.5085 -79.2226 29.7474
vn 0.0644464 0.995631 -0.0675663
v 43.3984 -79.2226 29.6204
vn 0.0783423 0.995901 -0.0451981
v 43.3286 -79.2226 29.4675
vn 0.0638647 0.997838 -0.0154887
v 31.1216 -79.2226 29.3011
vn 0.0192869 0.999814 0.000923431
v 31.1455 -79.2226 29.1347
vn 0.0998378 0.994403 0.0345689
v 31.2153 -79.2226 28.9818
vn 0.0682799 0.996479 0.0486631
v 31.3254 -79.2226 28.8548
vn 0.0631903 0.994758 0.0804008
v 31.4668 -79.2226 28.7639
vn 0.0320398 0.996275 0.0800557
v 31.6281 -79.2226 28.7165
vn 0.0108487 0.993437 0.113862
v 31.7962 -79.2226 28.7165
vn -0.000867133 0.99999 0.00448639
v 31.9574 -79.2226 28.7639
vn -0.0339368 0.997257 0.0657716
v 32.0989 -79.2226 28.8548
vn -0.0462751 0.997751 0.0485025
v 32.2089 -79.2226 28.9818
vn -0.0463066 0.99857 0.0267269
v 32.2788 -79.2226 29.1347
vn -0.0645804 0.99779 0.0156497
v 32.3027 -79.2226 29.3011
vn -0.0106728 0.999943 -0.000510957
v 32.2788 -79.2226 29.4675
vn -0.0723923 0.99706 -0.0250967
v 32.2089 -79.2226 29.6204
vn -0.0484702 0.998228 -0.0345307
v 32.0989 -79.2226 29.7474
vn -0.0112756 0.999833 -0.0143514
v 31.9574 -79.2226 29.8383
vn -0.0145603 0.999231 -0.0364131
v 31.7962 -79.2226 29.8856
vn -0.000669923 0.999975 -0.00704506
v 31.6281 -79.2226 29.8856
vn 0.00446789 0.999721 -0.0231761
v 31.4668 -79.2226 29.8383
vn 0.0537692 0.993099 -0.10423
v 31.3254 -79.2226 29.7474
vn 0.0569 0.996596 -0.0596549
v 31.2153 -79.2226 29.6204
vn 0.0751311 0.996231 -0.0433462
v 31.1455 -79.2226 29.4675
vn 0.0201741 0.999785 -0.00488469
v 31.1216 -79.2226 16.309
vn 0.242867 0.970059 0
v 31.1455 -79.2226 16.1426
vn 0.141005 0.988804 0.0488232
v 31.2153 -79.2226 15.9897
vn 0.143003 0.984466 0.101869
v 31.3254 -79.2226 15.8626
vn 0.0250386 0.999178 0.0318682
v 31.4668 -79.2226 15.7718
vn 0.0436026 0.993084 0.109005
v 31.6281 -79.2226 15.7244
vn 0.0103299 0.994052 0.10842
v 31.7962 -79.2226 15.7244
vn -0.0042182 0.999753 0.021825
v 31.9574 -79.2226 15.7718
vn -0.0507069 0.992519 0.111063
v 32.0989 -79.2226 15.8626
vn -0.0875786 0.991016 0.101084
v 32.2089 -79.2226 15.9897
vn -0.149717 0.984947 0.0863938
v 32.2788 -79.2226 16.1426
vn -0.117408 0.992676 0.0284521
v 32.3027 -79.2226 16.309
vn -0.202027 0.979332 -0.00967591
v 32.2788 -79.2226 16.4753
vn -0.265767 0.959623 -0.0921541
v 32.2089 -79.2226 16.6282
vn -0.00725321 0.999963 -0.00466061
v 31.9574 -79.2226 16.8461
vn -0.0258794 0.998404 -0.0501997
v 32.0989 -79.2226 16.7553
vn -0.0261694 0.999281 -0.0274206
v 31.7962 -79.2226 16.8935
vn -0.00119781 0.999965 -0.00832186
v 31.6281 -79.2226 16.8935
vn 0.0103843 0.9985 -0.0537508
v 31.4668 -79.2226 16.8461
vn 0.0181767 0.999042 -0.0398127
v 31.3254 -79.2226 16.7553
vn 0.0134752 0.999788 -0.0155532
v 31.2153 -79.2226 16.6282
vn 0.15739 0.983355 -0.0907831
v 31.1455 -79.2226 16.4753
vn 0.0942497 0.995164 -0.0276667
v 43.3046 -79.2226 16.309
vn 0.529225 0.848481 0
v 43.3286 -79.2226 16.1426
vn 0.305643 0.946239 0.105893
v 43.3984 -79.2226 15.9897
vn 0.147006 0.983577 0.10472
v 43.5085 -79.2226 15.8626
vn 0.123887 0.979689 0.157677
v 43.6499 -79.2226 15.7718
vn 0.0970264 0.965297 0.242461
v 43.8111 -79.2226 15.7244
vn 0.0185343 0.980729 0.194491
v 43.9792 -79.2226 15.7244
vn -0.00498366 0.999655 0.0257964
v 44.1405 -79.2226 15.7718
vn -0.0460376 0.994942 0.0892803
v 44.2819 -79.2226 15.8626
vn -0.019792 0.999589 0.0207438
v 44.392 -79.2226 15.9897
vn -0.0990981 0.993435 0.0571614
v 44.4618 -79.2226 16.1426
vn -0.0887602 0.995821 0.0214909
v 44.4857 -79.2226 16.309
vn -0.111397 0.993762 -0.00533521
v 44.4618 -79.2226 16.4753
vn -0.108046 0.993441 -0.0374192
v 44.392 -79.2226 16.6282
vn -0.0558917 0.997791 -0.0359106
v 44.2819 -79.2226 16.7553
vn -0.0111198 0.999856 -0.0128345
v 44.1405 -79.2226 16.8461
vn -0.0174765 0.998892 -0.0436916
v 43.9792 -79.2226 16.8935
vn -0.000596609 0.99998 -0.0062619
v 43.6499 -79.2226 16.8461
vn 0.0176458 0.998871 -0.044096
v 43.8111 -79.2226 16.8935
vn 0.00641344 0.998986 -0.0445562
v 43.5085 -79.2226 16.7553
vn 0.0409547 0.998042 -0.0472699
v 43.3984 -79.2226 16.6282
vn 0.0552948 0.997961 -0.0318937
v 43.3286 -79.2226 16.4753
vn 0.0129083 0.999909 -0.0037933
v 40.4351 -79.2226 18.6025
vn -0.0880056 0.992752 -0.0818491
v 40.2441 -79.2226 18.6711
vn -0.000582131 0.998625 -0.0524118
v 42.9891 -79.2226 15.7648
vn -0.04607 0.99814 -0.0399345
v 42.7051 -79.2226 15.1279
vn -0.000365874 0.987065 0.160322
v 42.8743 -79.2226 15.1824
vn -0.00444961 0.999962 0.00745558
v 42.7903 -79.2718 15.1441
vn -0.410275 -0.0168954 0.911805
v 42.9779 -79.2718 15.2658
vn -0.662425 0 0.749128
v 42.9953 -79.2226 15.2914
vn -0.00831654 0.999948 0.0058278
v 43.0382 -79.2718 15.3614
vn -0.916048 0.0354321 0.3995
v 43.0615 -79.2226 15.4401
vn -0.0896064 0.995756 0.0210026
v 43.0701 -79.2226 15.5626
vn -0.233002 0.971152 -0.0507431
v 33.3176 -79.2226 15.1279
vn 0.000167781 0.999568 0.0294065
v 33.0515 -79.2718 15.7849
vn 0.753913 0.00105498 -0.656973
v 33.0181 -79.2226 15.7477
vn 0.0506214 0.997719 -0.0446483
v 32.9611 -79.2226 15.6028
vn 0.0254135 0.999658 -0.00622443
v 32.9553 -79.2718 15.5831
vn 0.956997 0.0227172 -0.289209
v 32.9526 -79.2226 15.4803
vn 0.206105 0.978077 0.0297547
v 32.9865 -79.2226 15.3623
vn 0.0704592 0.996885 0.0354354
v 33.0516 -79.2226 15.2581
vn 0.00805 0.999941 0.00724875
v 33.1484 -79.2226 15.1824
vn 0.00887026 0.999818 0.0168926
v 35.5652 -79.2226 18.5772
vn 0.0457416 0.998045 -0.0425835
v 35.6643 -79.2226 18.6371
vn 0.0329998 0.995979 -0.083289
v 35.7734 -79.2226 18.6711
vn 0.000193634 0.999659 -0.0261144
v 45.5732 -79.2226 24.6582
vn -0.0142867 0.99982 -0.0125221
v 45.6585 -79.2718 24.5305
vn -0.914087 -0.0953883 -0.394139
v 45.4455 -79.2718 24.7436
vn -0.394274 0.094977 -0.914072
v 45.6884 -79.2226 24.402
vn -0.18633 0.982484 -0.00245458
v 45.4442 -79.2226 24.7404
vn -0.00734 0.999816 -0.0177228
v 45.2948 -79.2226 24.7735
vn -0.000340675 0.999024 -0.0441752
v 45.6883 -79.2226 21.2077
vn -0.0403322 0.999186 0.000664909
v 45.5732 -79.2226 20.9518
vn -0.0968019 0.988557 0.115695
v 45.4455 -79.2718 20.8665
vn -0.394288 -0.0947094 0.914093
v 45.6585 -79.2718 21.0796
vn -0.90545 0.119338 0.407331
v 45.3173 -79.2226 20.8366
vn -0.00156488 0.994411 0.105562
v 45.6358 -79.2226 21.0334
vn -0.0624125 0.997655 0.0280817
v 42.5051 -79.2226 20.8365
vn 0.00083565 0.99174 0.128261
v 41.7518 -79.2226 21.5091
vn 0.0465995 0.998912 0.00160835
v 41.8185 -79.2226 21.3719
vn 0.0146749 0.999851 0.00904268
v 41.8668 -79.2226 21.3118
vn 0.0912282 0.991877 0.0886438
v 41.7517 -79.2226 24.063
vn 0.0597684 0.998212 -0.000632286
v 42.3915 -79.2226 20.8557
vn 0.0423989 0.988651 0.144126
v 42.2868 -79.2226 20.9036
vn 0.115263 0.975783 0.185907
v 42.2267 -79.2226 20.9518
vn 0.160806 0.973389 0.163266
v 41.8076 -79.2226 24.2367
vn 0.035295 0.998935 -0.0297201
v 42.2568 -79.2226 24.6823
vn 0.0101685 0.99988 -0.0116739
v 42.4233 -79.2226 24.773
vn 0.0023486 0.998705 -0.0508177
v 33.6682 -79.2226 20.8665
vn -0.0987867 0.973748 0.205074
v 33.5565 -79.2226 20.8366
vn -0.00157317 0.970881 0.239559
v 33.7959 -79.2226 20.9518
vn -0.0888895 0.991398 0.0960666
v 30.7279 -79.2226 20.8365
vn 0.000840751 0.99848 0.055103
v 34.2134 -79.2226 21.371
vn -0.0436728 0.998383 0.0363828
v 34.271 -79.2226 21.547
vn -0.0876568 0.99615 0.000954322
v 30.4495 -79.2226 20.9518
vn 0.117636 0.987685 0.103149
v 30.3641 -79.2718 21.0796
vn 0.914087 -0.0951101 0.394207
v 30.5772 -79.2718 20.8665
vn 0.394268 0.0948514 0.914088
v 30.3343 -79.2226 21.2079
vn 0.170398 0.985373 0.0022544
v 30.5785 -79.2226 20.8696
vn 0.0190875 0.998755 0.0460884
v 30.3342 -79.2226 24.3798
vn 0.0422108 0.999109 -0.000576844
v 30.4495 -79.2226 24.6582
vn 0.0111966 0.999856 -0.0127679
v 30.5772 -79.2718 24.7436
vn 0.394254 -0.0951159 -0.914066
v 30.3641 -79.2718 24.5305
vn 0.914079 0.0952447 -0.394193
v 30.7055 -79.2226 24.7734
vn 0.000647913 0.999732 -0.0231435
v 30.3673 -79.2226 24.5292
vn 0.0427798 0.998927 -0.0177173
v 33.5603 -79.2226 24.7734
vn -0.000914092 0.995567 -0.0940513
v 33.7355 -79.2226 24.7167
vn -0.0112984 0.999822 -0.0150961
v 34.1877 -79.2226 24.2652
vn -0.0288715 0.999227 -0.0266807
v 34.2709 -79.2226 24.1012
vn -0.0331202 0.99945 -0.00159793
v 39.6233 -79.2226 26.7423
vn -0.00125438 0.999011 0.0444435
v 39.7594 -79.2226 26.8091
vn -0.121655 0.972851 0.196878
v 39.8196 -79.2226 26.8573
vn -0.0936271 0.99102 0.0954679
v 36.4386 -79.2226 26.7422
vn 0.000367529 0.996809 0.0798275
v 40.3144 -79.2226 27.3534
vn -0.0308484 0.999163 0.0268605
v 40.3731 -79.2226 27.5284
vn -0.0728854 0.997339 0.00167972
v 36.3308 -79.2226 26.772
vn 0.0900971 0.980272 0.175926
v 36.2031 -79.2226 26.8573
vn 0.176185 0.967207 0.182946
v 35.7403 -79.2226 27.326
vn 0.024084 0.999489 0.0209981
v 35.6493 -79.2226 27.4925
vn 0.112069 0.993698 0.00225334
v 35.6491 -79.2226 31.0727
vn 0.0375604 0.999294 -0.000458525
v 35.7644 -79.2226 31.3511
vn 0.0440452 0.997766 -0.0502347
v 35.8922 -79.2718 31.4365
vn 0.394185 -0.0951626 -0.914091
v 35.6791 -79.2718 31.2234
vn 0.9141 0.0950015 -0.394203
v 36.0206 -79.2226 31.4663
vn 0.000947807 0.996059 -0.0886874
v 35.6822 -79.2226 31.2221
vn 0.020674 0.99975 -0.00856211
v 39.9798 -79.2226 31.4664
vn -0.00141227 0.991869 -0.127254
v 40.2582 -79.2226 31.3511
vn -0.046568 0.99808 -0.040833
v 40.3436 -79.2718 31.2234
vn -0.914075 -0.09519 -0.394214
v 40.1305 -79.2718 31.4365
vn -0.394168 0.0952946 -0.914085
v 40.3734 -79.2226 31.095
vn -0.0708487 0.997487 -0.00083693
v 40.1292 -79.2226 31.4333
vn -0.0104512 0.999627 -0.0252354
v 41.7919 -79.2226 30.647
vn 0.124835 0.992154 0.00689
v 42.0933 -79.2718 30.6185
vn -0.812318 0.0902633 0.576187
v 42.0083 -79.2718 30.5339
vn -0.564877 -0.0166471 0.825007
v 41.9483 -79.2718 30.5219
vn 0.0103515 -0.0263322 0.9996
v 42.1032 -79.2226 30.6145
vn -0.0333736 0.999435 0.00391549
v 41.9921 -79.2226 30.5298
vn -0.00117524 0.999993 0.00363961
v 41.8832 -79.2226 30.5361
vn 0.0108989 0.999546 0.0280769
v 41.831 -79.2226 30.577
vn 0.00280187 0.999993 0.00230757
v 40.1369 -79.2226 24.7729
vn -0.070815 0.997488 0.00177524
v 40.1248 -79.2718 24.713
vn -0.812338 -0.0901456 0.576178
v 40.0398 -79.2718 24.6283
vn -0.481998 0.0150183 0.876044
v 40.0972 -79.2226 24.6714
vn -0.0364618 0.998854 0.0310004
v 40.0236 -79.2226 24.6243
vn -0.000316051 0.999995 0.00305608
v 39.9147 -79.2226 24.6306
vn 0.0457725 0.990462 0.129959
v 39.8626 -79.2226 24.6714
vn 0.0213125 0.999619 0.017553
v 30.2986 -79.2226 18.8546
vn -0.0113225 0.999936 0.000218593
v 30.2864 -79.2718 18.8062
vn -0.791755 -0.0717147 0.606614
v 30.1991 -79.2718 18.7189
vn -0.566026 0.0172054 0.824208
v 30.1373 -79.2718 18.7066
vn 0.0104975 -0.0271667 0.999576
v 30.258 -79.2226 18.7634
vn -0.00969941 0.999915 0.00869064
v 30.1823 -79.2226 18.7147
vn -0.000557213 0.999997 0.00255368
v 30.0703 -79.2226 18.7212
vn 0.0357695 0.99742 0.0622334
v 40.129 -79.2718 20.7747
vn -0.813217 0.0930092 0.574481
v 40.0416 -79.2718 20.6874
vn -0.565899 -0.0173759 0.824291
v 39.9798 -79.2718 20.6751
vn 0.0104999 -0.0271581 0.999576
v 40.1393 -79.2226 20.7707
vn -0.040996 0.999155 0.00279875
v 40.0249 -79.2226 20.6832
vn -0.00136303 0.99999 0.00421
v 39.9128 -79.2226 20.6897
vn 0.00443162 0.999961 0.00770334
v 46.0468 -79.2226 18.868
vn -0.0659702 0.997821 0.00131712
v 46.0345 -79.2718 18.8062
vn -0.813228 -0.0930143 0.574464
v 45.9471 -79.2718 18.7189
vn -0.565772 0.0172649 0.824381
v 45.8853 -79.2718 18.7066
vn 0.0104997 -0.0271576 0.999576
v 46.0061 -79.2226 18.7634
vn -0.039443 0.998663 0.0334181
v 45.9303 -79.2226 18.7147
vn -0.00787947 0.999316 0.0361189
v 45.8183 -79.2226 18.7212
vn 0.00347455 0.999954 0.00893581
v 45.7646 -79.2226 18.7634
vn 0.00512269 0.99998 0.00359178
v 36.2042 -79.2226 20.8365
vn -0.123235 0.992375 0.00237231
v 36.192 -79.2718 20.7747
vn -0.813431 -0.0932097 0.574144
v 36.1046 -79.2718 20.6874
vn -0.565834 0.0172238 0.824339
v 36.1635 -79.2226 20.7319
vn -0.00348238 0.99999 0.00294907
v 36.0879 -79.2226 20.6832
vn -0.00737775 0.999401 0.0338115
v 36.0428 -79.2718 20.6751
vn 0.0104999 -0.0271581 0.999576
v 35.9758 -79.2226 20.6897
vn 0.00431515 0.999963 0.00750103
v 29.9802 -79.2226 26.7415
vn 0.101759 0.994805 0.0028361
v 30.2823 -79.2718 26.6815
vn -0.79079 0.0699123 0.608082
v 30.1973 -79.2718 26.5968
vn -0.481887 -0.014957 0.876106
v 30.2923 -79.2226 26.6775
vn -0.0110936 0.999938 0.000757045
v 30.181 -79.2226 26.5928
vn -0.00402073 0.999738 0.0225122
v 30.0722 -79.2226 26.5991
vn 0.00319042 0.999954 0.0090626
v 29.9867 -79.2226 26.6973
vn 0.109832 0.992408 0.0553389
v 30.02 -79.2226 26.6399
vn 0.0441726 0.998283 0.0384603
v 42.1052 -79.2226 26.7285
vn -0.00789671 0.999969 0.000213631
v 42.0933 -79.2718 26.6815
vn -0.790829 -0.0697263 0.608053
v 42.0083 -79.2718 26.5968
vn -0.564908 0.0167345 0.824984
v 41.9483 -79.2718 26.5849
vn 0.0108179 -0.026332 0.999595
v 42.0656 -79.2226 26.6399
vn -0.0416765 0.998428 0.0374735
v 41.9921 -79.2226 26.5928
vn -0.00370142 0.999848 0.0170089
v 41.8832 -79.2226 26.5991
vn 0.0022275 0.999981 0.00573833
v 41.831 -79.2226 26.6399
vn 0.0197537 0.999657 0.0171796
v 30.2944 -79.2226 30.6785
vn -0.041142 0.999152 0.00158731
v 30.2823 -79.2718 30.6185
vn -0.812278 -0.0904392 0.576216
v 30.1973 -79.2718 30.5339
vn -0.56476 0.0165891 0.825089
v 30.1373 -79.2718 30.5219
vn 0.0103539 -0.0263232 0.9996
v 30.2547 -79.2226 30.577
vn -0.0236847 0.999517 0.0201415
v 30.181 -79.2226 30.5298
vn -0.0011322 0.999986 0.00519407
v 30.0722 -79.2226 30.5361
vn 0.0428349 0.992962 0.110411
v 30.02 -79.2226 30.577
vn 0.0640059 0.996558 0.0526839
v 45.5622 -79.2226 31.6352
vn 0.0113664 0.999898 0.0086217
v 45.5177 -79.2226 31.7192
vn 0.0340319 0.999313 0.0146425
v 45.6256 -79.2226 31.5643
vn 0.109397 0.986947 0.118181
v 45.4947 -79.2226 31.8115
vn 0.00401074 0.999992 0.000663899
v 45.4944 -79.2226 31.9066
vn 0.0469606 0.99889 -0.00363989
v 45.5169 -79.2226 31.9989
vn 0.0308807 0.999471 -0.0102211
v 45.5609 -79.2226 32.0832
vn 0.0301898 0.999364 -0.0190031
v 45.6239 -79.2226 32.1545
vn 0.0291855 0.999115 -0.0302977
v 45.7021 -79.2226 32.2086
vn 0.0279821 0.998439 -0.0483367
v 45.791 -79.2226 32.2424
vn 0.00415101 0.999889 -0.014297
v 45.8853 -79.2226 32.2538
vn 0.0141351 0.936289 -0.350945
v 45.9797 -79.2226 32.2424
vn -0.0509975 0.966846 -0.250217
v 46.0686 -79.2226 32.2086
vn -0.0924791 0.976527 -0.19453
v 46.1468 -79.2226 32.1545
vn -0.127606 0.979484 -0.155972
v 46.2098 -79.2226 32.0832
vn -0.164978 0.978521 -0.123605
v 46.2538 -79.2226 31.9989
vn -0.213222 0.972821 -0.0903051
v 46.2763 -79.2226 31.9066
vn -0.289893 0.955937 -0.04633
v 46.276 -79.2226 31.8115
vn -0.451522 0.891463 0.0377162
v 46.253 -79.2226 31.7192
vn -0.0117338 0.999923 0.00395367
v 46.2085 -79.2226 31.6352
vn -0.285411 0.940953 0.182068
v 46.1451 -79.2226 31.5643
vn -0.165047 0.971507 0.170097
v 46.0303 -79.2718 30.6185
vn -0.874005 0 0.485917
v 45.9453 -79.2718 30.5339
vn -0.549527 0 0.835476
v 45.8853 -79.2718 30.5219
vn 0.0103491 -0.0263409 0.999599
v 46.0026 -79.2226 30.577
vn -0.0525781 0.997616 0.0446903
v 45.9291 -79.2226 30.5298
vn -0.0122943 0.998332 0.0564013
v 45.8202 -79.2226 30.5361
vn 0.00157327 0.999991 0.00405342
v 45.768 -79.2226 30.577
vn 0.0208812 0.999634 0.0172017
v 36.1999 -79.2226 24.7729
vn -0.09868 0.995117 0.00218562
v 36.1878 -79.2718 24.713
vn -0.873916 0 0.486077
v 36.1028 -79.2718 24.6283
vn -0.459823 0 0.888011
v 36.1602 -79.2226 24.6714
vn -0.0204192 0.999641 0.0173651
v 36.0865 -79.2226 24.6243
vn -0.0119073 0.993283 0.115093
v 35.9777 -79.2226 24.6306
vn 0.00114377 0.999994 0.00324651
v 35.9256 -79.2226 24.6714
vn 0.0462227 0.998206 0.0380533
v 34.2357 -79.2226 18.868
vn -0.0560564 0.998426 0.002
v 34.2235 -79.2718 18.8062
vn -0.875216 0 0.483733
v 34.1361 -79.2718 18.7189
vn -0.550369 0 0.834922
v 34.0743 -79.2718 18.7066
vn 0.0104999 -0.0271581 0.999576
v 34.195 -79.2226 18.7634
vn -0.0510715 0.997758 0.0432489
v 34.1194 -79.2226 18.7147
vn -0.0005508 0.999997 0.00252566
v 34.0073 -79.2226 18.7212
vn 0.00367885 0.999974 0.00620405
v 42.1097 -79.2226 18.8547
vn -0.0141677 0.9999 0.000316357
v 42.0975 -79.2718 18.8062
vn -0.791796 -0.0719072 0.606538
v 42.0101 -79.2718 18.7189
vn -0.565898 0.0173743 0.824292
v 41.9483 -79.2718 18.7066
vn 0.0105 -0.0271578 0.999576
v 42.069 -79.2226 18.7634
vn -0.0130177 0.999847 0.0116666
v 41.9933 -79.2226 18.7147
vn -0.00217522 0.999948 0.00996891
v 41.8813 -79.2226 18.7212
vn 0.00189343 0.999991 0.00376343
v 41.803 -79.2226 18.8016
vn 0.102432 0.992481 0.0670044
v 46.0468 -79.2226 14.931
vn -0.0901203 0.995926 0.0032277
v 46.0345 -79.2718 14.8692
vn -0.874998 0 0.484126
v 45.9471 -79.2718 14.7819
vn -0.55028 0 0.83498
v 45.8853 -79.2718 14.7696
vn 0.0105041 -0.0271596 0.999576
v 46.0061 -79.2226 14.8264
vn -0.0578057 0.997126 0.0489759
v 45.9303 -79.2226 14.7777
vn -0.0143922 0.997718 0.065974
v 45.8183 -79.2226 14.7842
vn 0.00590147 0.999927 0.0105454
v 30.2987 -79.2226 14.931
vn -0.120731 0.992682 0.00265775
v 30.2864 -79.2718 14.8692
vn -0.813472 -0.0930582 0.574111
v 30.1991 -79.2718 14.7819
vn -0.566024 0.0172049 0.824209
v 30.1373 -79.2718 14.7696
vn 0.0105018 -0.0271687 0.999576
v 30.258 -79.2226 14.8264
vn -0.00257509 0.999994 0.00217963
v 30.1823 -79.2226 14.7777
vn -0.0223353 0.994496 0.102364
v 30.0703 -79.2226 14.7842
vn 0.059504 0.992844 0.103537
v 33.9174 -79.2226 26.7284
vn 0.00786899 0.999969 0.000235836
v 34.2314 -79.2226 26.7415
vn -0.0464081 0.998922 0.00116374
v 34.2193 -79.2718 26.6815
vn -0.812465 -0.0904675 0.575948
v 34.1343 -79.2718 26.5968
vn -0.481894 0.0149612 0.876102
v 34.1916 -79.2226 26.6399
vn -0.0196991 0.999666 0.0167449
v 34.118 -79.2226 26.5928
vn -0.000569649 0.999985 0.00550686
v 34.0092 -79.2226 26.5991
vn 0.0114525 0.999406 0.0325164
v 33.957 -79.2226 26.6399
vn 0.0904268 0.99386 0.0637575
v 46.0424 -79.2226 26.7415
vn -0.0918047 0.995771 0.00353568
v 46.0303 -79.2718 26.6815
vn -0.874091 0 0.485761
v 45.9453 -79.2718 26.5968
vn -0.459965 0 0.887937
v 46.0026 -79.2226 26.6399
vn -0.0380487 0.998753 0.0323266
v 45.9291 -79.2226 26.5928
vn -0.000774379 0.999972 0.00748497
v 45.8202 -79.2226 26.5991
vn 0.0151621 0.999173 0.037721
v 45.768 -79.2226 26.6399
vn 0.0820326 0.995111 0.0550063
v 33.9178 -79.2226 30.6472
vn 0.0692413 0.997593 0.00382159
v 34.2314 -79.2226 30.6785
vn -0.0604819 0.998167 0.00233339
v 34.2193 -79.2718 30.6185
vn -0.812279 -0.0904368 0.576215
v 34.1343 -79.2718 30.5339
vn -0.481864 0.0148817 0.87612
v 34.1916 -79.2226 30.577
vn -0.00287806 0.999993 0.00244752
v 34.118 -79.2226 30.5298
vn -0.00256768 0.999692 0.0247034
v 34.0092 -79.2226 30.5361
vn 0.0016933 0.999987 0.00480668
v 33.957 -79.2226 30.577
vn 0.0116979 0.999885 0.00962813
v 29.2107 -82.0783 32.6475
vn -0.707457 -0.706748 0.00328833
v 29.1681 -82.0144 13.9468
vn -0.92401 -0.382354 -0.00328842
v 29.2746 -82.121 13.9468
vn -0.382922 -0.923775 -0.00329083
v 29.1531 -81.9391 20.9595
vn -0.999927 -0.0121157 1.01724e-16
v 29.1531 -81.9391 13.9468
vn -0.999246 -0.00794556 -0.0380123
v 29.2107 -82.0783 13.9468
vn -0.707439 -0.70673 -0.00789483
v 29.1531 -81.9391 32.6475
vn -0.999708 -0.0210971 0.0118172
v 29.1681 -82.0144 32.6475
vn -0.923995 -0.382348 0.00657674
v 29.2746 -82.121 32.6475
vn -0.382912 -0.923751 0.00789798
v 29.2803 -82.0087 32.6475
vn 0.657812 0.753149 0.00700557
v 29.3123 -82.03 32.6475
vn 0.320737 0.947162 0.00350555
v 29.259 -81.9768 32.6475
vn 0.92399 0.382379 0.00526141
v 29.2515 -81.9391 32.6475
vn 0.99959 0.0039232 0.028357
v 29.259 -81.9768 13.9468
vn 0.923952 0.382363 -0.0105224
v 29.2515 -81.9391 13.9468
vn 0.999833 0.0115185 -0.0141804
v 29.2803 -82.0087 13.9468
vn 0.75197 0.659188 -0.00350258
v 29.3123 -82.03 13.9468
vn 0.442273 0.896853 -0.00700468
v 29.2515 -81.9391 23.2971
vn 0.999974 0.00722086 -1.64588e-17
v 46.8119 -82.0783 13.9468
vn 0.659233 -0.75192 -0.00525158
v 46.8546 -82.0144 13.9468
vn 0.923782 -0.382905 -0.00328826
v 46.7481 -82.121 13.9468
vn 0.321119 -0.947029 -0.0043786
v 46.8546 -82.0144 32.6475
vn 0.923767 -0.382899 0.00657641
v 46.8696 -81.9391 32.6475
vn 0.999487 -0.0211934 0.0240166
v 46.8119 -82.0783 32.6475
vn 0.752567 -0.658501 0.00437498
v 46.8696 -81.9391 21.7387
vn 0.999903 -0.0139328 4.23506e-17
v 46.8696 -81.9391 13.9468
vn 0.999862 -0.00691079 -0.0150988
v 46.7481 -82.121 32.6475
vn 0.443498 -0.896264 0.00437854
v 46.7712 -81.9391 13.9468
vn -0.999567 0.00541892 -0.0289317
v 46.7637 -81.9768 13.9468
vn -0.91665 0.399651 -0.00572399
v 46.7423 -82.0087 13.9468
vn -0.658267 0.752777 -0.0035023
v 46.7104 -82.03 13.9468
vn -0.320992 0.947056 -0.00700925
v 46.7423 -82.0087 32.6475
vn -0.751514 0.65968 0.00700259
v 46.7104 -82.03 32.6475
vn -0.442975 0.896507 0.00701049
v 46.7712 -81.9391 32.6475
vn -0.999767 0.00371681 0.0212603
v 46.7637 -81.9768 32.6475
vn -0.933794 0.357696 0.00905787
v 46.7712 -81.9391 26.6087
vn -0.999943 0.0107148 1.03394e-17
v 29.2515 -79.4194 32.6475
vn 0.999735 -0.00358823 0.0227176
v 29.1531 -79.4194 32.6475
vn -0.999575 0.00782745 0.0280852
v 29.2515 -79.4194 13.9468
vn 0.999698 -0.00472854 -0.0241255
v 29.2515 -79.4194 27.1931
vn 0.999927 -0.0121176 2.51795e-16
v 29.1531 -79.4194 13.9468
vn -0.999676 0.0217729 -0.0132121
v 46.8696 -79.4194 13.9468
vn 0.999261 0.0084901 -0.0374977
v 46.7712 -79.4194 13.9468
vn -0.999833 -0.0115171 -0.0141819
v 46.7712 -79.4194 23.2971
vn -0.999974 -0.0072193 -2.89054e-16
v 46.7712 -79.4194 32.6475
vn -0.999576 -0.00399178 0.0288596
v 46.8696 -79.4194 32.6475
vn 0.999827 0.0101734 0.0155979
v 46.8119 -79.2802 13.9468
vn 0.6587 0.752388 -0.00525492
v 46.7481 -79.2376 13.9468
vn 0.340778 0.940135 -0.00406934
v 46.7481 -79.2376 32.6475
vn 0.413634 0.910438 0.00307871
v 46.8119 -79.2802 32.6475
vn 0.752363 0.658734 0.00437439
v 46.8546 -79.3441 13.9468
vn 0.909977 0.414642 -0.00385806
v 46.6728 -79.2226 29.5307
vn 0.0152069 0.999884 0
v 46.6728 -79.2226 32.6475
vn 0.00429058 0.94945 0.313889
v 46.6728 -79.2226 24.8555
vn 0.0268731 0.999639 1.18424e-07
v 46.6728 -79.2226 20.1803
vn 0.014388 0.999896 -1.16759e-07
v 46.6728 -79.2226 17.0636
vn 0.014656 0.999893 0
v 46.6728 -79.2226 13.9468
vn 0.00126824 0.998916 -0.0465416
v 46.8546 -79.3441 32.6475
vn 0.940228 0.340492 0.00608141
v 46.8696 -79.4194 21.544
vn 0.999793 0.0203331 -3.10599e-17
v 46.7104 -79.3285 13.9468
vn -0.328315 -0.944503 -0.0111286
v 46.7423 -79.3498 13.9468
vn -0.707104 -0.707104 -0.0026318
v 46.7637 -79.3818 13.9468
vn -0.923501 -0.383451 -0.0105263
v 46.7637 -79.3818 32.6475
vn -0.923549 -0.383471 0.0026311
v 46.7423 -79.3498 32.6475
vn -0.707068 -0.707068 0.0105259
v 46.7104 -79.3285 32.6475
vn -0.430479 -0.902546 0.00995957
v 29.2107 -79.2802 32.6475
vn -0.707103 0.707103 0.00329067
v 29.2746 -79.2376 13.9468
vn -0.403505 0.91497 -0.00366892
v 29.2746 -79.2376 32.6475
vn -0.350532 0.936535 0.00543851
v 29.1681 -79.3441 32.6475
vn -0.947205 0.320586 0.00525028
v 29.1681 -79.3441 13.9468
vn -0.896801 0.442413 -0.00437401
v 29.3499 -79.2226 17.0636
vn -0.0148254 0.99989 1.37958e-07
v 29.3499 -79.2226 13.9468
vn -0.00179407 0.991365 -0.131117
v 29.3499 -79.2226 20.1803
vn -0.0103964 0.999946 7.6902e-08
v 29.2107 -79.2802 13.9468
vn -0.707085 0.707085 -0.00789889
v 29.3499 -79.2226 24.8555
vn -0.0336893 0.999432 2.19677e-16
v 29.3499 -79.2226 29.5307
vn -0.0119978 0.999928 4.92063e-08
v 29.3499 -79.2226 32.6475
vn -0.00342997 0.992075 0.1256
v 29.1531 -79.4194 23.2971
vn -0.999903 0.0139338 3.17612e-17
v 29.259 -79.3818 32.6475
vn 0.933336 -0.358975 0.0045917
v 29.2803 -79.3498 32.6475
vn 0.707097 -0.707097 0.00526181
v 29.3123 -79.3285 32.6475
vn 0.35064 -0.93647 0.00870641
v 29.3123 -79.3285 13.9468
vn 0.403495 -0.914963 -0.00587144
v 29.2803 -79.3498 13.9468
vn 0.707097 -0.707097 -0.00526348
v 29.259 -79.3818 13.9468
vn 0.917947 -0.396662 -0.00567481
v 30.4995 -82.233 11.0517
vn -0.00587234 0.752155 -0.65896
v 30.4995 -82.1903 11.1155
vn -0.00537338 0.940781 -0.338971
v 30.4995 -82.2968 11.009
vn -0.00587351 0.443321 -0.896344
v 44.4365 -82.1903 11.1155
vn 0.00522624 0.908919 -0.416939
v 39.2101 -82.1753 11.1908
vn 3.54175e-17 0.999953 -0.00966248
v 44.4365 -82.1753 11.1908
vn 0.00921867 0.999878 -0.0126027
v 44.4365 -82.233 11.0517
vn 0.00587246 0.658973 -0.752144
v 44.4365 -82.2968 11.009
vn 0.0058706 0.320848 -0.947113
v 33.9838 -82.1753 11.1908
vn 0 0.999969 -0.00787344
v 30.4995 -82.1753 11.1908
vn -0.00869287 0.999934 -0.00749885
v 30.4995 -82.3722 10.994
vn -0.00690481 0.0173815 -0.999825
v 44.4365 -82.3722 10.994
vn 0.00736745 0.0173814 -0.999822
v 44.4365 -82.3722 11.0924
vn 0.0137961 -0.0090894 0.999864
v 44.4365 -83.1596 11.0924
vn 0.00350287 -0.124002 0.992276
v 44.4365 -83.1596 10.994
vn 0.00704637 -0.0623605 -0.998029
v 30.4995 -82.3722 11.0924
vn -0.00352997 -0.0090902 0.999952
v 30.4995 -83.1596 11.0924
vn -0.0140102 -0.123991 0.992184
v 30.4995 -82.2812 11.1532
vn -0.0161403 -0.940978 0.338084
v 30.4995 -82.2738 11.1908
vn 0.00322287 -0.999993 0.00189428
v 30.4995 -82.3026 11.1213
vn -0.0093892 -0.751858 0.659259
v 30.4995 -82.3345 11.0999
vn -0.00939606 -0.443979 0.895988
v 44.4365 -82.3345 11.0999
vn 0.00939455 -0.321247 0.946949
v 44.4365 -82.3026 11.1213
vn 0.00938885 -0.659166 0.751938
v 44.4365 -82.2812 11.1532
vn 0.00836549 -0.908948 0.416826
v 44.4365 -82.2738 11.1908
vn -0.002582 -0.999983 0.00515068
v 30.4995 -83.1596 10.994
vn -0.00684943 -0.24247 -0.970135
v 39.2101 -82.2738 11.1908
vn 4.05214e-09 -0.999988 0.00488228
v 33.9838 -82.2738 11.1908
vn -7.71814e-09 -0.999992 0.00396634
v 30.4995 -82.233 34.5584
vn -0.00587295 0.65923 0.751919
v 30.4995 -82.1903 34.4945
vn -0.00486717 0.915699 0.401836
v 44.4365 -82.2968 34.6011
vn 0.00441714 0.382363 0.924002
v 30.4995 -82.2968 34.6011
vn -0.00883403 0.382352 0.923975
v 33.9838 -82.1753 34.4192
vn -7.48382e-09 0.999969 0.00786555
v 30.4995 -82.1753 34.4192
vn -0.00864929 0.999935 0.00746036
v 39.2101 -82.1753 34.4192
vn 3.17879e-09 0.999953 0.00965867
v 44.4365 -82.1903 34.4945
vn 0.00594093 0.935321 0.353749
v 44.4365 -82.1753 34.4192
vn 0.00954562 0.999884 0.0118397
v 44.4365 -82.233 34.5584
vn 0.00704367 0.752533 0.658517
v 30.4995 -82.3722 34.616
vn -0.00352963 0.0172669 0.999845
v 44.4365 -82.3722 34.616
vn 0.0135004 0.0172654 0.99976
v 30.4995 -83.1596 34.616
vn -0.0140103 -0.123992 0.992184
v 30.4995 -82.3722 34.5176
vn -0.0144416 -0.00908816 -0.999854
v 30.4995 -83.1596 34.5176
vn -0.00350291 -0.124003 -0.992276
v 44.4365 -82.3722 34.5176
vn 0.00385276 -0.00908904 -0.999951
v 44.4365 -83.1596 34.5176
vn 0.0140103 -0.123992 -0.992184
v 44.4365 -82.3345 34.5101
vn 0.00940066 -0.442578 -0.896681
v 44.4365 -82.3026 34.4888
vn 0.00706198 -0.70638 -0.707798
v 44.4365 -82.2812 34.4569
vn 0.0128628 -0.906562 -0.421878
v 44.4365 -82.2738 34.4192
vn -0.00442628 -0.999985 -0.00336206
v 30.4995 -82.2812 34.4569
vn -0.0104145 -0.942815 -0.333154
v 30.4995 -82.2738 34.4192
vn 0.00322144 -0.999993 -0.0018942
v 30.4995 -82.3026 34.4888
vn -0.00706257 -0.70638 -0.707798
v 30.4995 -82.3345 34.5101
vn -0.00939455 -0.320454 -0.947218
v 44.4365 -83.1596 34.616
vn 0.00350291 -0.124003 0.992276
v 33.9838 -82.2738 34.4192
vn 0 -0.999992 -0.00397344
v 40.3716 -82.2738 34.4192
vn 1.0586e-10 -0.999988 -0.0048692
v 44.535 -82.3722 11.1908
vn -0.999997 -0.00234124 -0.000192326
v 44.6334 -82.3722 11.1908
vn 0.999973 0.00728527 -0.000146964
v 44.6334 -82.3722 10.994
vn 0.997876 0.00708084 -0.0647567
v 44.535 -82.3722 10.994
vn -0.999487 0.00342742 -0.0318289
v 44.4742 -82.2812 11.1908
vn -0.390349 -0.920656 -0.004425
v 44.5061 -82.3026 11.1908
vn -0.707132 -0.707031 -0.00846819
v 44.5119 -82.1903 11.1908
vn 0.419424 0.907785 -0.00317565
v 44.5757 -82.233 11.1908
vn 0.707097 0.707097 -0.00529687
v 44.6184 -82.2968 11.1908
vn 0.923775 0.382927 -0.00264819
v 44.5275 -82.3345 11.1908
vn -0.923544 -0.383469 -0.00423528
v 44.5757 -82.233 34.4192
vn 0.707103 0.707103 0.00317815
v 44.5119 -82.1903 34.4192
vn 0.336485 0.94168 0.00396736
v 44.6184 -82.2968 34.4192
vn 0.923765 0.382923 0.00529632
v 44.4365 -82.1753 30.5478
vn 0.0112651 0.999937 0
v 44.4365 -82.1753 26.6764
vn 0.0176836 0.999844 0
v 44.4365 -82.1753 22.805
vn 0.00768756 0.99997 0
v 44.4365 -82.1753 18.9336
vn 0.0565227 0.998401 1.69276e-16
v 44.4365 -82.1753 15.0622
vn 0.0114392 0.999935 0
v 44.6334 -82.3722 34.4192
vn 0.99986 0.0167338 0.000168793
v 30.3027 -82.3722 11.1908
vn -0.999935 0.011376 -0.000218016
v 30.4011 -82.3722 11.1908
vn 0.999989 -0.00467005 -0.000335666
v 30.4011 -82.3722 10.994
vn 0.997904 0.00703424 -0.0643305
v 30.3027 -82.3722 10.994
vn -0.99948 0.00345248 -0.0320629
v 30.4619 -82.2812 11.1908
vn 0.390297 -0.920678 -0.00442204
v 30.3603 -82.233 11.1908
vn -0.752369 0.658732 -0.00352625
v 30.4242 -82.1903 11.1908
vn -0.430655 0.902511 -0.00333889
v 30.4299 -82.3026 11.1908
vn 0.707119 -0.707043 -0.00846617
v 30.3177 -82.2968 11.1908
vn -0.947253 0.320457 -0.00422572
v 30.4086 -82.3345 11.1908
vn 0.924025 -0.382326 -0.0021183
v 30.3603 -82.233 34.4192
vn -0.65875 0.752353 0.00352401
v 30.4242 -82.1903 34.4192
vn -0.328339 0.944553 0.00373148
v 30.3177 -82.2968 34.4192
vn -0.896699 0.44262 0.00422886
v 30.4995 -82.1753 15.0622
vn -0.0319485 0.99949 -1.84441e-16
v 30.4995 -82.1753 18.9336
vn -0.00874336 0.999962 0
v 30.4995 -82.1753 22.805
vn -0.00495891 0.999988 0
v 30.4995 -82.1753 26.6764
vn -0.00873048 0.999962 0
v 30.4995 -82.1753 30.5478
vn -0.00907028 0.999959 0
v 30.3027 -82.3722 34.4192
vn -0.99993 0.0118481 0.000122742
v 30.3027 -82.3722 34.616
vn -0.666685 0.333259 0.666685
v 30.4011 -82.3722 34.616
vn 0.872882 0.218166 0.436441
v 30.4011 -82.3722 34.4192
vn 0.999986 -0.00527585 0.000189602
v 30.4619 -82.2812 34.4192
vn 0.367979 -0.929801 0.00782509
v 30.4299 -82.3026 34.4192
vn 0.707138 -0.707062 0.0042332
v 30.4086 -82.3345 34.4192
vn 0.924019 -0.382324 0.00423658
v 44.535 -82.3722 34.616
vn -0.666685 0.333259 0.666685
v 44.6334 -82.3722 34.616
vn 0.872882 0.218166 0.436441
v 44.535 -82.3722 34.4192
vn -0.999785 -0.0207263 0.000701
v 44.4742 -82.2812 34.4192
vn -0.367917 -0.929826 0.00781989
v 44.5061 -82.3026 34.4192
vn -0.707156 -0.707055 0.00211864
v 44.5275 -82.3345 34.4192
vn -0.923519 -0.383458 0.00847034
v 31.4571 -82.2738 12.4468
vn 0.00700253 -0.999972 -0.00261085
v 31.4464 -82.2738 12.372
vn 0.102894 -0.994692 0
v 31.4571 -82.2738 12.2971
vn 0.116035 -0.992808 0.0294776
v 31.5133 -82.2738 12.1997
vn 0.0914189 -0.99332 0.0704132
v 31.6017 -82.2738 12.1302
vn 0.0515246 -0.9948 0.0878507
v 31.4886 -82.2738 12.5156
vn 0.0373803 -0.999012 -0.0240301
v 30.4995 -82.2738 15.0622
vn 0.00457558 -0.99999 0
v 31.5133 -82.2738 16.1367
vn 0.0887678 -0.993703 0.0683713
v 31.5381 -82.2738 12.5728
vn 0.0428685 -0.997751 -0.0515268
v 31.6017 -82.2738 12.6137
vn 0.0018255 -0.999988 -0.00456479
v 31.4571 -82.2738 16.2341
vn 0.113978 -0.993061 0.028955
v 31.6017 -82.2738 16.0672
vn 0.00307284 -0.999982 0.00523917
v 31.6743 -82.2738 12.1089
vn 0.00124886 -0.999978 0.00647289
v 31.7499 -82.2738 12.1089
vn -0.0113428 -0.992808 0.119179
v 31.8225 -82.2738 12.1302
vn -0.0312257 -0.996455 0.0781198
v 31.6743 -82.2738 16.0459
vn 0.00413682 -0.999762 0.0214422
v 31.7499 -82.2738 12.635
vn -0.004137 -0.999762 -0.0214422
v 31.7499 -82.2738 16.0459
vn -0.00414649 -0.999042 0.0435691
v 31.8225 -82.2738 16.0672
vn -0.0018574 -0.999987 0.00464699
v 31.6743 -82.2738 12.635
vn 0.00414667 -0.999042 -0.0435691
v 30.4995 -82.2738 18.9336
vn 0.00440029 -0.99999 0
v 31.4571 -82.2738 16.3838
vn 0.00700748 -0.999972 -0.00261269
v 31.4464 -82.2738 16.309
vn 0.102894 -0.994692 0
v 31.4886 -82.2738 16.4526
vn 0.0379876 -0.99898 -0.0244205
v 31.5133 -82.2738 20.0737
vn 0.0862661 -0.994054 0.066444
v 31.4571 -82.2738 20.1711
vn 0.111991 -0.993302 0.0284503
v 31.4464 -82.2738 20.246
vn 0.102894 -0.994692 0
v 31.4571 -82.2738 20.3208
vn 0.00701244 -0.999972 -0.00261454
v 30.4995 -82.2738 22.805
vn 0.00247923 -0.999997 6.55884e-09
v 31.4886 -82.2738 20.3896
vn 0.038615 -0.998946 -0.0248238
v 31.5381 -82.2738 20.4468
vn 0.0445819 -0.997567 -0.0535868
v 31.5381 -82.2738 16.5098
vn 0.0437082 -0.997662 -0.0525367
v 31.6743 -82.2738 16.572
vn 0.0004446 -0.999989 -0.00467121
v 31.6017 -82.2738 16.5507
vn 0.0208903 -0.998416 -0.052237
v 31.7499 -82.2738 19.9829
vn -0.00206841 -0.999762 0.0217338
v 31.7499 -82.2738 16.572
vn -0.00829371 -0.999041 -0.0429846
v 31.8225 -82.2738 16.5507
vn -0.0107604 -0.999724 -0.0208737
v 31.6743 -82.2738 19.9829
vn 0.000961033 -0.999987 0.00498128
v 31.6017 -82.2738 20.0042
vn 0.0475552 -0.995572 0.0810831
v 31.7499 -82.2738 20.509
vn -0.000971187 -0.999987 -0.00503327
v 31.6743 -82.2738 20.509
vn 0.00573345 -0.998168 -0.0602387
v 31.6017 -82.2738 20.4877
vn 0.0213746 -0.998342 -0.0534479
v 31.9357 -82.2738 12.2283
vn -0.052656 -0.997909 0.0374798
v 31.8862 -82.2738 12.1711
vn -0.0431215 -0.997561 0.0548792
v 31.9514 -82.2738 12.4812
vn -0.136492 -0.989219 -0.0530669
v 32.8933 -82.2738 13.1174
vn 0.0673831 -0.997727 0.000575256
v 31.8862 -82.2738 12.5728
vn -0.091395 -0.992098 -0.0859508
v 31.9671 -82.2738 12.2971
vn -0.0620731 -0.99784 0.0214995
v 31.8225 -82.2738 12.6137
vn -0.00252332 -0.999985 -0.00489499
v 31.9357 -82.2738 16.1653
vn -0.049051 -0.998186 0.0349141
v 31.8862 -82.2738 16.1081
vn -0.0312678 -0.998719 0.0397926
v 32.9509 -82.2738 13.0202
vn 0.00935437 -0.999904 0.0102324
v 31.9779 -82.2738 12.372
vn -0.00890696 -0.99996 -0.00016851
v 33.0727 -82.2738 12.9625
vn 0.000277848 -0.997434 0.071585
v 31.9671 -82.2738 16.2341
vn -0.081004 -0.996409 0.0246614
v 42.5591 -82.2738 12.9626
vn -0.000346575 -0.998983 0.0450898
v 31.8862 -82.2738 20.0451
vn -0.0220633 -0.999362 0.0280789
v 31.8225 -82.2738 20.0042
vn -0.0174539 -0.998894 0.0436669
v 31.9357 -82.2738 16.4526
vn -0.0577072 -0.997924 -0.0285911
v 31.9357 -82.2738 20.1023
vn -0.0383323 -0.998892 0.0272841
v 31.8862 -82.2738 16.5098
vn -0.026317 -0.999273 -0.0275711
v 31.9671 -82.2738 20.1711
vn -0.00537367 -0.999984 0.00186118
v 32.8932 -82.2738 21.6414
vn 0.0780167 -0.996952 -0.000336693
v 31.8225 -82.2738 20.4877
vn -0.0451485 -0.995134 -0.0875816
v 31.8862 -82.2738 20.4468
vn -0.064938 -0.996019 -0.0610701
v 31.9514 -82.2738 20.3552
vn -0.110284 -0.992975 -0.0428773
v 31.9785 -82.2738 16.3401
vn -0.00285737 -0.999996 -0.000185996
v 31.9779 -82.2738 20.246
vn -0.132794 -0.99114 -0.00251281
v 32.9509 -82.2738 21.7631
vn 0.0578884 -0.997457 -0.0415732
v 32.8933 -82.2738 23.9443
vn 0.039123 -0.999234 0.000334738
v 33.0728 -82.2738 23.7893
vn 0.000193559 -0.998751 0.049971
v 33.0154 -82.2738 21.8042
vn 0.0214977 -0.998586 -0.0486201
v 33.0901 -82.2738 21.8208
vn 8.7053e-05 -0.99875 -0.0499767
v 32.9509 -82.2738 23.8469
vn 0.0513978 -0.997094 0.0562253
v 42.5172 -82.2738 21.8208
vn -4.35841e-05 -0.998754 -0.049911
v 42.5592 -82.2738 23.7894
vn -0.000383268 -0.998751 0.0499651
v 31.4571 -82.2738 25.2892
vn 0.00701191 -0.999974 0.00178131
v 31.4464 -82.2738 25.3641
vn 0.102894 -0.994692 0
v 30.4995 -82.2738 26.6764
vn 0.0044423 -0.99999 0
v 31.5133 -82.2738 25.1918
vn 0.0561286 -0.997487 0.0432317
v 31.4571 -82.2738 25.4389
vn 0.109922 -0.993095 -0.0409837
v 30.4995 -82.2738 30.5478
vn 0.0171036 -0.999854 2.42177e-17
v 31.4571 -82.2738 29.2262
vn 0.00550554 -0.999984 0.00133232
v 31.4886 -82.2738 29.1574
vn 0.0587989 -0.997692 0.0339571
v 31.5381 -82.2738 29.1002
vn 0.0385271 -0.998118 0.0477091
v 31.5133 -82.2738 25.5363
vn 0.0661426 -0.996164 -0.057288
v 31.6017 -82.2738 25.6058
vn 0.0475561 -0.995572 -0.0810829
v 31.6743 -82.2738 25.6271
vn 0.000966502 -0.999987 -0.00500964
v 31.6743 -82.2738 25.101
vn 0.0114659 -0.998167 0.059431
v 31.6017 -82.2738 25.1223
vn 0.0274307 -0.998529 0.0467692
v 31.7499 -82.2738 25.101
vn -0.00048189 -0.999987 0.00506373
v 31.638 -82.2738 29.0487
vn 0.00208352 -0.999978 0.00633465
v 31.7499 -82.2738 25.6271
vn -0.00353934 -0.999579 -0.0288143
v 31.7499 -82.2738 29.038
vn -0.00415498 -0.999459 0.0326283
v 31.8225 -82.2738 25.6058
vn -0.0134519 -0.999519 -0.027944
v 31.8544 -82.2738 29.0798
vn -0.0192979 -0.999293 0.0322721
v 31.4571 -82.2738 29.376
vn 0.10833 -0.992882 -0.0495038
v 31.4464 -82.2738 29.3011
vn 0.154171 -0.988017 -0.00734165
v 31.5133 -82.2738 33.0658
vn 0.048706 -0.998126 0.0370339
v 31.5133 -82.2738 29.4733
vn 0.0713594 -0.994966 -0.0703619
v 31.4571 -82.2738 33.1632
vn 0.00607713 -0.99998 0.00190935
v 31.4571 -82.2738 33.313
vn 0.0991084 -0.994253 -0.0404771
v 31.4464 -82.2738 33.2381
vn 0.154172 -0.988017 -0.00734165
v 31.5133 -82.2738 33.4104
vn 0.0700731 -0.995691 -0.0607465
v 31.6017 -82.2738 33.4798
vn 0.0554194 -0.993281 -0.101591
v 31.6017 -82.2738 29.5428
vn 0.00246901 -0.999984 -0.00514623
v 31.6017 -82.2738 32.9964
vn 0.0036297 -0.999977 0.0056449
v 31.7499 -82.2738 29.5641
vn -0.00413679 -0.999762 -0.0214421
v 31.6743 -82.2738 32.975
vn 0.00415642 -0.999761 0.0214421
v 31.6743 -82.2738 29.5641
vn 0.00414649 -0.999042 -0.0435691
v 31.7499 -82.2738 32.975
vn -0.00416617 -0.999042 0.0435691
v 31.6743 -82.2738 33.5011
vn 0.000936288 -0.999971 -0.00762315
v 31.8225 -82.2738 32.9964
vn -0.00192875 -0.999987 0.00481367
v 31.7499 -82.2738 33.5011
vn -0.0226832 -0.992804 -0.117583
v 31.8862 -82.2738 25.1632
vn -0.0575754 -0.995649 0.0732726
v 31.8225 -82.2738 25.1223
vn -0.0360358 -0.995276 0.0901537
v 31.9671 -82.2738 25.2892
vn -0.109513 -0.993261 0.0379305
v 31.9357 -82.2738 25.2204
vn -0.0802076 -0.995142 0.0570912
v 31.9765 -82.2738 29.2562
vn -0.00278999 -0.999996 0.000624788
v 31.9357 -82.2738 29.1574
vn -0.033902 -0.999115 0.0249076
v 31.9514 -82.2738 25.4733
vn -0.00837039 -0.99996 -0.00325435
v 31.8862 -82.2738 25.5649
vn -0.0249346 -0.999414 -0.0234492
v 31.9779 -82.2738 25.3641
vn -0.171868 -0.985115 -0.00325218
v 32.8932 -82.2738 32.4507
vn 0.132638 -0.991164 -0.000128175
v 31.8862 -82.2738 33.0373
vn -0.0821414 -0.991115 0.104612
v 31.8225 -82.2738 29.5428
vn -0.00243103 -0.999986 -0.00471577
v 31.8862 -82.2738 29.5019
vn -0.0352795 -0.998692 -0.0370076
v 31.9357 -82.2738 29.4448
vn -0.0526305 -0.998153 -0.0303567
v 31.8225 -82.2738 33.4798
vn -0.0385555 -0.996454 -0.0747922
v 31.8862 -82.2738 33.4389
vn -0.0481479 -0.997562 -0.0505074
v 31.9357 -82.2738 33.0944
vn -0.103575 -0.99188 0.0738043
v 31.9671 -82.2738 33.1632
vn -0.0852603 -0.995921 0.0295302
v 31.9357 -82.2738 33.3818
vn -0.0559967 -0.997908 -0.0322979
v 31.9671 -82.2738 29.376
vn -0.0963786 -0.995199 -0.0170556
v 32.9097 -82.2738 32.5253
vn 0.102631 -0.993684 -0.0453726
v 31.9779 -82.2738 33.2381
vn -0.00796309 -0.999968 0.000382722
v 32.9509 -82.2738 32.5899
vn 0.00398065 -0.999984 -0.00397871
v 33.0154 -82.2738 32.631
vn 0.0578394 -0.989685 -0.131062
v 31.9671 -82.2738 33.313
vn -0.0638558 -0.997839 -0.0154815
v 33.0901 -82.2738 32.6475
vn 5.75654e-05 -0.997808 -0.0661717
v 43.6402 -82.2738 12.2971
vn 0.00460439 -0.999989 0.00111649
v 42.6564 -82.2738 13.0202
vn -0.0803756 -0.994052 0.0734866
v 43.6294 -82.2738 12.372
vn 0.073878 -0.997261 -0.00355548
v 42.7141 -82.2738 13.1419
vn -0.112306 -0.993674 0.000484685
v 43.6402 -82.2738 12.4468
vn 0.127706 -0.990824 -0.0442526
v 43.6308 -82.2738 16.3538
vn 0.00279696 -0.999996 -0.000626545
v 42.714 -82.2738 21.6658
vn -0.0449541 -0.998989 -0.00038378
v 43.7212 -82.2738 12.1711
vn 0.0276155 -0.999199 0.0289491
v 43.6716 -82.2738 12.2283
vn 0.0296778 -0.999413 0.0171235
v 43.7848 -82.2738 12.1302
vn 0.00194893 -0.999991 0.00377696
v 43.6716 -82.2738 16.1653
vn 0.0523985 -0.998169 0.0302331
v 43.7212 -82.2738 16.1081
vn 0.0351559 -0.998702 0.0368536
v 43.7212 -82.2738 12.5728
vn 0.0831216 -0.990915 -0.105728
v 43.7848 -82.2738 12.6137
vn 0.00256463 -0.999976 -0.00641277
v 43.6716 -82.2738 12.5156
vn 0.104428 -0.991742 -0.0744429
v 43.7848 -82.2738 16.0672
vn 0.00310442 -0.999977 0.00601605
v 44.4365 -82.2738 15.0622
vn -0.00580529 -0.999983 0
v 43.6402 -82.2738 16.2341
vn 0.0961125 -0.995225 0.017024
v 43.6402 -82.2738 20.1711
vn 0.00556068 -0.999984 0.00134835
v 43.6294 -82.2738 20.246
vn 0.159311 -0.987199 -0.00766623
v 43.7848 -82.2738 20.4877
vn 0.00233519 -0.99998 -0.00583925
v 42.5919 -82.2738 21.8042
vn -0.0237363 -0.998276 -0.0536779
v 44.4365 -82.2738 22.805
vn -0.00383368 -0.999993 -1.2864e-08
v 42.6564 -82.2738 23.8469
vn -0.00617318 -0.999965 0.00564267
v 42.6564 -82.2738 21.7631
vn -0.0782976 -0.99494 -0.0629589
v 43.6402 -82.2738 20.3208
vn 0.109512 -0.993261 -0.0379479
v 43.7212 -82.2738 16.5098
vn 0.0170895 -0.999618 -0.0217376
v 43.6716 -82.2738 20.1023
vn 0.0406982 -0.998896 0.023482
v 43.6716 -82.2738 16.4526
vn 0.0465604 -0.998448 -0.030568
v 43.7212 -82.2738 20.0451
vn 0.0381668 -0.99847 0.0400094
v 43.7848 -82.2738 20.0042
vn 0.00368074 -0.999968 0.00713323
v 43.7848 -82.2738 16.5507
vn 0.00312805 -0.999965 -0.00782172
v 44.4365 -82.2738 18.9336
vn -0.0092886 -0.999957 0
v 43.7212 -82.2738 20.4468
vn 0.0575703 -0.995652 -0.0732286
v 43.6716 -82.2738 20.3896
vn 0.0801618 -0.995142 -0.0571446
v 43.8574 -82.2738 12.635
vn 0.00602787 -0.997974 -0.0633333
v 44.0056 -82.2738 12.1302
vn -0.0526146 -0.98991 0.131569
v 43.933 -82.2738 12.1089
vn -0.0141338 -0.988811 0.148502
v 43.933 -82.2738 12.635
vn -0.0113077 -0.998217 -0.0586088
v 44.0056 -82.2738 12.6137
vn -0.0281348 -0.998116 -0.0545223
v 43.8574 -82.2738 12.1089
vn 0.0333856 -0.98435 0.173034
v 43.933 -82.2738 16.0459
vn -0.0132731 -0.990138 0.139465
v 43.8574 -82.2738 16.0459
vn 0.0310196 -0.986503 0.160778
v 44.0056 -82.2738 16.0672
vn -0.0497956 -0.990967 0.12452
v 44.0692 -82.2738 16.1081
vn -0.087764 -0.989867 0.111629
v 44.1188 -82.2738 12.2283
vn -0.143184 -0.984418 0.102076
v 44.0692 -82.2738 12.1711
vn -0.0920997 -0.988835 0.117146
v 44.1556 -82.2738 12.4094
vn -0.026008 -0.999658 -0.00288969
v 44.1502 -82.2738 12.2971
vn -0.290613 -0.953949 0.0743326
v 44.1188 -82.2738 16.1653
vn -0.137473 -0.985645 0.0980055
v 44.1188 -82.2738 12.5156
vn -0.0840221 -0.995553 -0.0426082
v 44.0692 -82.2738 12.5728
vn -0.0480136 -0.997578 -0.0503337
v 44.1502 -82.2738 16.2341
vn -0.283902 -0.9561 0.072616
v 44.1556 -82.2738 16.3464
vn -0.0260508 -0.999656 -0.00289444
v 43.8574 -82.2738 19.9829
vn 0.0289642 -0.988243 0.150125
v 43.933 -82.2738 19.9829
vn -0.0125107 -0.991243 0.131455
v 44.0056 -82.2738 20.0042
vn -0.0472602 -0.991867 0.118182
v 43.8574 -82.2738 16.572
vn 0.00620099 -0.997856 -0.0651492
v 43.933 -82.2738 16.572
vn -0.0116119 -0.99812 -0.0601825
v 44.0056 -82.2738 16.5507
vn -0.0288472 -0.998019 -0.0559033
v 43.8574 -82.2738 20.509
vn 0.006384 -0.997728 -0.067072
v 43.933 -82.2738 20.509
vn -0.0119322 -0.998015 -0.0618429
v 44.0692 -82.2738 20.0451
vn -0.0838121 -0.990763 0.106604
v 44.0056 -82.2738 20.4877
vn -0.0295968 -0.997915 -0.057356
v 44.0692 -82.2738 16.5098
vn -0.0491562 -0.997461 -0.0515319
v 44.1188 -82.2738 20.1023
vn -0.132198 -0.986733 0.0942427
v 44.1188 -82.2738 16.4526
vn -0.0857994 -0.995362 -0.0435095
v 44.1502 -82.2738 20.1711
vn -0.27748 -0.958106 0.0709734
v 44.1188 -82.2738 20.3896
vn -0.0876531 -0.995159 -0.0444495
v 44.1556 -82.2738 20.2834
vn -0.0260938 -0.999655 -0.00289922
v 44.0692 -82.2738 20.4468
vn -0.0503547 -0.997335 -0.0527883
v 42.7141 -82.2738 23.9687
vn -0.109637 -0.993972 0.000473168
v 43.6716 -82.2738 25.2204
vn 0.0859954 -0.995059 0.049618
v 43.6402 -82.2738 25.2892
vn 0.113267 -0.993185 0.0274647
v 43.6294 -82.2738 25.3641
vn 0.159324 -0.987197 -0.00766683
v 43.6402 -82.2738 25.4389
vn 0.00559541 -0.999982 -0.00193888
v 43.6288 -82.2738 29.27
vn 0.0028311 -0.999996 0.000184164
v 43.7848 -82.2738 25.1223
vn 0.00289798 -0.99998 0.00561592
v 42.714 -82.2738 32.4925
vn -0.0575138 -0.998345 -0.000491004
v 43.7212 -82.2738 25.1632
vn 0.0650785 -0.995545 0.0682212
v 43.6716 -82.2738 25.5077
vn 0.0284685 -0.999389 -0.0202942
v 43.6716 -82.2738 29.1574
vn 0.0782756 -0.996176 0.0388021
v 43.7212 -82.2738 29.1002
vn 0.0258264 -0.999154 0.0320092
v 43.8211 -82.2738 29.0487
vn 0.00337678 -0.999942 0.0102666
v 43.7212 -82.2738 25.5649
vn 0.0183455 -0.999559 -0.0233346
v 43.7848 -82.2738 25.6058
vn 0.00330812 -0.99996 -0.00827219
v 44.4365 -82.2738 26.6764
vn -0.00947762 -0.999955 0
v 42.6564 -82.2738 32.5899
vn -0.00686479 -0.999948 -0.00750716
v 43.6402 -82.2738 33.313
vn 0.00554151 -0.999983 -0.00191929
v 43.6402 -82.2738 33.1632
vn 0.132174 -0.990708 0.0320493
v 43.6294 -82.2738 33.2381
vn 0.0803456 -0.99676 -0.00386314
v 42.5346 -82.2738 32.6475
vn -0.000433165 -0.99841 -0.056361
v 43.6716 -82.2738 29.4448
vn 0.0542941 -0.997584 -0.0433383
v 43.7212 -82.2738 29.5019
vn 0.0220249 -0.999434 -0.0254409
v 43.753 -82.2738 33.0168
vn 0.00592134 -0.99995 0.00803348
v 43.7848 -82.2738 29.5428
vn 0.0031124 -0.999969 -0.00720384
v 43.6716 -82.2738 33.0944
vn 0.101116 -0.992564 0.0677688
v 43.6716 -82.2738 33.3818
vn 0.040004 -0.998689 -0.0319321
v 43.7212 -82.2738 33.4389
vn 0.0219252 -0.999439 -0.0253262
v 43.7848 -82.2738 33.4798
vn 0.0025138 -0.99998 -0.00581852
v 44.4365 -82.2738 30.5478
vn -0.021239 -0.999774 -2.26533e-10
v 43.6402 -82.2738 29.376
vn 0.0810083 -0.996408 -0.0246571
v 43.8574 -82.2738 25.101
vn 0.0127668 -0.997727 0.066172
v 43.933 -82.2738 25.6271
vn -0.0250214 -0.991238 -0.129694
v 44.0056 -82.2738 25.6058
vn -0.058356 -0.99187 -0.113087
v 43.933 -82.2738 25.101
vn -0.00596561 -0.998016 0.0626829
v 43.8574 -82.2738 25.6271
vn 0.0144822 -0.988249 -0.152168
v 44.0374 -82.2738 29.0798
vn -0.0340434 -0.997799 0.0569119
v 43.933 -82.2738 29.038
vn -0.00781188 -0.998087 0.0613355
v 44.0692 -82.2738 25.5649
vn -0.0936398 -0.990755 -0.0981641
v 44.1188 -82.2738 25.2204
vn -0.0762321 -0.995608 0.0543464
v 44.0692 -82.2738 25.1632
vn -0.0450706 -0.997338 0.0573264
v 44.1556 -82.2738 25.4015
vn -0.026938 -0.999633 -0.00299302
v 44.1502 -82.2738 25.2892
vn -0.193219 -0.97991 0.0494212
v 44.1188 -82.2738 29.1574
vn -0.0614111 -0.99691 0.0489853
v 44.1188 -82.2738 25.5077
vn -0.148356 -0.986068 -0.0752324
v 44.1556 -82.2738 29.3385
vn -0.0269996 -0.999631 -0.00299806
v 44.1502 -82.2738 29.2262
vn -0.190166 -0.980547 0.0486319
v 44.0056 -82.2738 25.1223
vn -0.0239702 -0.997914 0.0599404
v 43.8574 -82.2738 32.975
vn 0.0199303 -0.997505 0.0677177
v 43.933 -82.2738 32.975
vn -0.00898768 -0.998452 0.0548911
v 44.0374 -82.2738 33.0168
vn -0.0313003 -0.997921 0.056331
v 43.8574 -82.2738 29.5641
vn 0.0155099 -0.98651 -0.162966
v 43.933 -82.2738 29.5641
vn -0.0312182 -0.991656 -0.125073
v 43.8574 -82.2738 33.5011
vn 0.0166904 -0.984358 -0.175385
v 43.933 -82.2738 33.5011
vn -0.0331676 -0.990575 -0.132891
v 44.0374 -82.2738 33.4594
vn -0.0941761 -0.987086 -0.129588
v 44.0374 -82.2738 29.5224
vn -0.0894403 -0.98836 -0.123068
v 44.1188 -82.2738 33.0944
vn -0.0658298 -0.996196 0.0570984
v 44.1188 -82.2738 29.4448
vn -0.130877 -0.988366 -0.077484
v 44.1502 -82.2738 33.1632
vn -0.187193 -0.981156 0.0478714
v 44.1188 -82.2738 33.3818
vn -0.13637 -0.987363 -0.0807355
v 44.1556 -82.2738 33.2755
vn -0.0270459 -0.99963 -0.00300318
v 32.9509 -82.1753 13.0202
vn 0.00397876 0.999984 0.00397878
v 32.9097 -82.1753 13.0847
vn 0.0936238 0.99456 0.0456629
v 33.0154 -82.1753 12.9791
vn 0.0579698 0.989673 0.1311
v 32.8932 -82.1753 13.1594
vn 0.133031 0.991112 0.00012961
v 33.0901 -82.1753 12.9625
vn 6.2473e-05 0.999357 0.0358664
v 32.8932 -82.1753 21.6239
vn 0.0708454 0.997487 -0.000137308
v 42.6564 -82.1753 13.0202
vn -0.042843 0.998163 0.0428432
v 42.5919 -82.1753 12.9791
vn -0.00261428 0.999982 0.00536028
v 42.6975 -82.1753 13.0847
vn -0.102655 0.993681 0.0453939
v 42.5172 -82.1753 12.9625
vn -9.69485e-05 0.993845 0.110782
v 42.7141 -82.1753 13.1594
vn -0.0569373 0.998378 0.000110351
v 42.6564 -82.1753 21.7631
vn -0.0289649 0.998767 -0.0403149
v 42.6975 -82.1753 21.6986
vn -0.00318791 0.999994 -0.0015542
v 42.7141 -82.1753 21.6239
vn -0.140521 0.990078 -0.000136904
v 42.5347 -82.1753 21.8208
vn -0.000194558 0.99968 -0.0253118
v 32.9509 -82.1753 21.7631
vn 0.0289621 0.998767 -0.0403164
v 32.9097 -82.1753 21.6986
vn 0.0026365 0.999996 -0.00116597
v 33.0727 -82.1753 21.8208
vn 0.000382618 0.995149 -0.098378
v 32.9509 -82.1753 23.8469
vn 0.0471877 0.997772 0.0471656
v 32.9097 -82.1753 23.9114
vn 0.00237001 0.999997 0.00115524
v 33.0154 -82.1753 23.8058
vn 0.0214681 0.998585 0.0486579
v 32.8932 -82.1753 23.9861
vn 0.140337 0.990104 0.000136614
v 33.0901 -82.1753 23.7893
vn 4.35228e-05 0.999686 0.0250643
v 32.8932 -82.1753 32.4681
vn 0.0673406 0.99773 -0.000576153
v 42.6564 -82.1753 23.8469
vn -0.0471877 0.997772 0.0471656
v 42.5919 -82.1753 23.8058
vn -0.0215214 0.998791 0.0441944
v 42.6975 -82.1753 23.9114
vn -0.00347636 0.999993 0.00153689
v 42.5172 -82.1753 23.7893
vn -8.6804e-05 0.995038 0.0994984
v 42.7141 -82.1753 23.9861
vn -0.0708454 0.997487 0.000137307
v 32.9509 -82.1753 32.5899
vn 0.0101487 0.999897 -0.0101511
v 33.0727 -82.1753 32.6475
vn 0.000278877 0.999341 -0.036286
v 42.5172 -82.1753 32.6475
vn -9.60773e-05 0.993883 -0.110441
v 42.6564 -82.1753 32.5899
vn -0.042855 0.998163 -0.0428341
v 42.6975 -82.1753 32.5253
vn -0.0936445 0.994559 -0.0456443
v 42.5919 -82.1753 32.631
vn -0.00261017 0.999979 -0.00591421
v 42.7141 -82.1753 32.4507
vn -0.113664 0.993519 -0.000110739
v 43.6288 -82.1753 16.3401
vn 0.00287091 0.999996 -0.000186817
v 43.6402 -82.1753 16.2341
vn 0.0814967 0.996365 0.0248133
v 43.6716 -82.1753 16.1653
vn 0.0494688 0.998153 0.0352646
v 43.7212 -82.1753 16.1081
vn 0.0316098 0.998691 0.0402061
v 43.7848 -82.1753 16.0672
vn 0.00252381 0.999977 0.00631098
v 43.8574 -82.1753 16.0459
vn 0.0155099 0.98651 0.162966
v 43.933 -82.1753 16.0459
vn -0.026546 0.990133 0.137596
v 44.0056 -82.1753 16.0672
vn -0.0614855 0.99097 0.119151
v 44.0692 -82.1753 16.1081
vn -0.0980537 0.989858 0.102791
v 44.1188 -82.1753 16.1653
vn -0.153947 0.984991 0.0780511
v 44.1556 -82.1753 16.2716
vn -0.026988 0.999631 0.00299812
v 44.1502 -82.1753 16.3838
vn -0.190108 0.980557 -0.0486423
v 44.1188 -82.1753 16.4526
vn -0.0745655 0.995798 -0.0531583
v 44.0692 -82.1753 16.5098
vn -0.0439968 0.997463 -0.0559622
v 44.0056 -82.1753 16.5507
vn -0.0233636 0.998019 -0.0584222
v 43.933 -82.1753 16.572
vn -0.00580594 0.998121 -0.0609998
v 43.8574 -82.1753 16.572
vn 0.012402 0.997855 -0.0642752
v 43.7848 -82.1753 16.5507
vn 0.0038622 0.999965 -0.00748476
v 43.7212 -82.1753 16.5098
vn 0.0246633 0.999361 -0.0258547
v 43.6716 -82.1753 16.4526
vn 0.0417384 0.998914 -0.0206931
v 43.6294 -82.1753 25.3641
vn 0.159394 0.987185 0.00766685
v 43.6402 -82.1753 25.2892
vn 0.110532 0.993135 0.0382835
v 43.6716 -82.1753 25.2204
vn 0.0813857 0.994993 0.0580171
v 43.7212 -82.1753 25.1632
vn 0.0587389 0.995474 0.074713
v 43.7848 -82.1753 25.1223
vn 0.00225949 0.999981 0.00565003
v 43.8574 -82.1753 25.101
vn 0.00638341 0.997728 0.0670718
v 43.933 -82.1753 25.101
vn -0.0119312 0.998015 0.0618431
v 44.0056 -82.1753 25.1223
vn -0.0295973 0.997915 0.057356
v 44.0692 -82.1753 25.1632
vn -0.0503552 0.997335 0.0527881
v 44.1188 -82.1753 25.2204
vn -0.0876669 0.995158 0.0444471
v 44.1556 -82.1753 25.3266
vn -0.0260977 0.999655 0.00289922
v 44.1502 -82.1753 25.4389
vn -0.277433 0.958119 -0.0709859
v 44.1188 -82.1753 25.5077
vn -0.132196 0.986733 -0.0942433
v 44.0692 -82.1753 25.5649
vn -0.0838132 0.990763 -0.106604
v 44.0056 -82.1753 25.6058
vn -0.0472611 0.991867 -0.118182
v 43.933 -82.1753 25.6271
vn -0.0125108 0.991243 -0.131455
v 43.8574 -82.1753 25.6271
vn 0.0289642 0.988243 -0.150125
v 43.7848 -82.1753 25.6058
vn 0.00392991 0.999963 -0.00761584
v 43.7212 -82.1753 25.5649
vn 0.0386895 0.998428 -0.0405579
v 43.6716 -82.1753 25.5077
vn 0.0259547 0.999551 -0.0149754
v 43.6402 -82.1753 25.4389
vn 0.00577841 0.999982 -0.0014024
v 43.6294 -82.1753 33.2381
vn 0.0946253 0.995503 0.0045495
v 43.6402 -82.1753 33.1632
vn 0.0852598 0.995921 0.0295301
v 43.6716 -82.1753 33.0944
vn 0.102708 0.990715 0.0890833
v 43.753 -82.1753 33.0168
vn 0.00480156 0.999951 0.00864119
v 43.8574 -82.1753 32.975
vn 0.00997103 0.998094 0.0608963
v 43.933 -82.1753 32.975
vn -0.0179667 0.997973 0.061047
v 44.0374 -82.1753 33.0168
vn -0.0382296 0.997922 0.0518668
v 44.1188 -82.1753 33.0944
vn -0.0691875 0.996762 0.0409616
v 44.1556 -82.1753 33.2006
vn -0.0260231 0.999657 0.00288962
v 44.1502 -82.1753 33.313
vn -0.290633 0.953944 -0.0743232
v 44.1188 -82.1753 33.3818
vn -0.157257 0.979547 -0.12553
v 44.0692 -82.1753 33.4389
vn -0.0650042 0.995056 -0.0750876
v 44.0056 -82.1753 33.4798
vn -0.0649345 0.986506 -0.150301
v 43.933 -82.1753 33.5011
vn -0.014132 0.988811 -0.148504
v 43.8574 -82.1753 33.5011
vn 0.0435502 0.983696 -0.174487
v 43.753 -82.1753 33.4594
vn 0.00387963 0.999978 -0.00533836
v 43.6716 -82.1753 33.3818
vn 0.0275102 0.999451 -0.0184376
v 43.6402 -82.1753 33.313
vn 0.00460766 0.999989 -0.00111722
v 31.4517 -82.1753 12.4094
vn 0.00955748 0.999953 -0.00135485
v 31.4571 -82.1753 12.2971
vn 0.126462 0.99107 0.042275
v 31.4886 -82.1753 12.2283
vn 0.0591064 0.997528 0.0379965
v 31.5381 -82.1753 12.1711
vn 0.0767437 0.992775 0.0922441
v 31.6017 -82.1753 12.1302
vn 0.0415935 0.993706 0.104008
v 31.6743 -82.1753 12.1089
vn 0.000624431 0.999978 0.0065609
v 31.7499 -82.1753 12.1089
vn -0.0226855 0.992804 0.11758
v 31.8225 -82.1753 12.1302
vn -0.0385548 0.996454 0.0747916
v 31.8862 -82.1753 12.1711
vn -0.0481787 0.997563 0.0504739
v 31.9357 -82.1753 12.2283
vn -0.05599 0.997909 0.0322778
v 31.9671 -82.1753 12.2971
vn -0.0638548 0.997839 0.0154816
v 31.9779 -82.1753 12.372
vn -0.00917279 0.999957 -0.00093888
v 31.9671 -82.1753 12.4468
vn -0.0575575 0.998199 -0.0169145
v 31.9357 -82.1753 12.5156
vn -0.122172 0.989113 -0.0820285
v 31.8862 -82.1753 12.5728
vn -0.0821504 0.991121 -0.104549
v 31.8225 -82.1753 12.6137
vn -0.00204249 0.999985 -0.0051098
v 31.7499 -82.1753 12.635
vn -0.0020685 0.999762 -0.0217338
v 31.6743 -82.1753 12.635
vn 0.00554665 0.999571 -0.0287485
v 31.6017 -82.1753 12.6137
vn 0.00298271 0.999983 -0.00508555
v 31.5133 -82.1753 12.5442
vn 0.0558199 0.997678 -0.03903
v 31.4464 -82.1753 33.2381
vn 0.154169 0.988017 0.00734165
v 31.4571 -82.1753 33.1632
vn 0.0066292 0.999973 0.00302935
v 31.5133 -82.1753 33.0658
vn 0.0435616 0.998127 0.0429528
v 31.6017 -82.1753 32.9964
vn 0.00254172 0.999983 0.00528829
v 31.6743 -82.1753 32.975
vn 0.00278634 0.999571 0.0291391
v 31.7499 -82.1753 32.975
vn -0.0055206 0.999579 0.0284796
v 31.8225 -82.1753 32.9964
vn -0.00237879 0.999987 0.0046097
v 31.8862 -82.1753 33.0373
vn -0.0928088 0.990913 0.0973571
v 31.9357 -82.1753 33.0944
vn -0.111089 0.991743 0.0640741
v 31.9671 -82.1753 33.1632
vn -0.13136 0.990823 0.0318485
v 31.9779 -82.1753 33.2381
vn -0.00777912 0.99997 -0.000373829
v 31.9671 -82.1753 33.313
vn -0.0620741 0.99784 -0.0214992
v 31.9357 -82.1753 33.3818
vn -0.0526308 0.99791 -0.0375032
v 31.8862 -82.1753 33.4389
vn -0.0431196 0.99756 -0.0549155
v 31.8225 -82.1753 33.4798
vn -0.0312245 0.996455 -0.0781204
v 31.7499 -82.1753 33.5011
vn -0.00540478 0.991233 -0.132015
v 31.638 -82.1753 33.4904
vn 0.00237364 0.999964 -0.00808501
v 31.5381 -82.1753 33.4389
vn 0.0672309 0.993693 -0.0897489
v 31.4886 -82.1753 33.3818
vn 0.104249 0.992484 -0.0640898
v 31.4571 -82.1753 33.313
vn 0.116008 0.992851 -0.0280728
v 31.4464 -82.1753 29.3011
vn 0.154171 0.988017 0.00734165
v 31.4571 -82.1753 29.2262
vn 0.00535192 0.999984 0.00185617
v 31.4886 -82.1753 29.1574
vn 0.0472301 0.998174 0.0376496
v 31.5699 -82.1753 29.0798
vn 0.0293155 0.998369 0.0489905
v 31.6743 -82.1753 29.038
vn 0.000812408 0.999979 0.00637873
v 31.7862 -82.1753 29.0487
vn -0.014087 0.998982 0.0428497
v 31.8862 -82.1753 29.1002
vn -0.0174237 0.999615 0.0215902
v 31.9357 -82.1753 29.1574
vn -0.0783517 0.99617 0.0388142
v 31.9785 -82.1753 29.2699
vn -0.00284071 0.999996 0.000184808
v 31.9671 -82.1753 29.376
vn -0.0813 0.996382 -0.024744
v 31.9357 -82.1753 29.4448
vn -0.0492773 0.998168 -0.0351132
v 31.8862 -82.1753 29.5019
vn -0.0314516 0.998702 -0.0400551
v 31.8225 -82.1753 29.5428
vn -0.00196839 0.999986 -0.00492421
v 31.7499 -82.1753 29.5641
vn -0.00277318 0.999572 -0.0291391
v 31.6743 -82.1753 29.5641
vn 0.00549452 0.999579 -0.0284796
v 31.6017 -82.1753 29.5428
vn 0.00353001 0.999979 -0.00549327
v 31.5133 -82.1753 29.4733
vn 0.079786 0.994964 -0.0606659
v 31.4571 -82.1753 29.376
vn 0.099476 0.994549 -0.0312536
v 31.4517 -82.1753 16.3464
vn 0.00956611 0.999953 -0.00135607
v 31.4571 -82.1753 16.2341
vn 0.125081 0.991265 0.0418131
v 31.4886 -82.1753 16.1653
vn 0.0576508 0.997649 0.0370611
v 31.5381 -82.1753 16.1081
vn 0.074203 0.993247 0.0891891
v 31.6017 -82.1753 16.0672
vn 0.00186345 0.999987 0.00465974
v 31.6743 -82.1753 16.0459
vn 0.00274726 0.999579 0.0288668
v 31.7499 -82.1753 16.0459
vn -0.00829297 0.999041 0.0429846
v 31.8225 -82.1753 16.0672
vn -0.00229506 0.999987 0.00445201
v 31.8862 -82.1753 16.1081
vn -0.0353174 0.998691 0.0369999
v 31.9357 -82.1753 16.1653
vn -0.0526435 0.998152 0.0303487
v 31.9671 -82.1753 16.2341
vn -0.0963482 0.995201 0.0170615
v 31.9765 -82.1753 16.3538
vn -0.00281021 0.999996 -0.000629558
v 31.9357 -82.1753 16.4526
vn -0.0465946 0.998447 -0.0305489
v 31.8862 -82.1753 16.5098
vn -0.0235547 0.999273 -0.0299774
v 31.8225 -82.1753 16.5507
vn -0.008715 0.999724 -0.0218025
v 31.7499 -82.1753 16.572
vn -0.00414686 0.999042 -0.0435691
v 31.6743 -82.1753 16.572
vn 0.000889201 0.999989 -0.00460855
v 31.6017 -82.1753 16.5507
vn 0.0268321 0.998593 -0.0457493
v 31.5133 -82.1753 16.4812
vn 0.0567758 0.997597 -0.0396984
v 31.4517 -82.1753 20.2834
vn 0.00957475 0.999953 -0.0013573
v 31.4571 -82.1753 20.1711
vn 0.123729 0.991454 0.0413612
v 31.4886 -82.1753 20.1023
vn 0.0562657 0.99776 0.0361701
v 31.5381 -82.1753 20.0451
vn 0.0718232 0.993674 0.0863291
v 31.6017 -82.1753 20.0042
vn 0.038164 0.994704 0.0954348
v 31.6743 -82.1753 19.9829
vn 0.000480516 0.999987 0.00504901
v 31.7499 -82.1753 19.9829
vn -0.00413682 0.999762 0.0214422
v 31.8225 -82.1753 20.0042
vn -0.0215509 0.998893 0.0418065
v 31.8862 -82.1753 20.0451
vn -0.0246509 0.999363 0.0258249
v 31.9357 -82.1753 20.1023
vn -0.0407592 0.998893 0.0234972
v 31.9671 -82.1753 20.1711
vn -0.00556118 0.999984 0.00134831
v 31.9779 -82.1753 20.246
vn -0.181917 0.983138 -0.0186201
v 31.9671 -82.1753 20.3208
vn -0.0747007 0.996964 -0.0219524
v 31.9357 -82.1753 20.3896
vn -0.0962014 0.993264 -0.0645915
v 31.8862 -82.1753 20.4468
vn -0.0587406 0.99547 -0.0747576
v 31.8225 -82.1753 20.4877
vn -0.0284348 0.997061 -0.0711361
v 31.7499 -82.1753 20.509
vn -0.000473089 0.999988 -0.00497053
v 31.6743 -82.1753 20.509
vn 0.0114669 0.998167 -0.0594306
v 31.6017 -82.1753 20.4877
vn 0.0274303 0.998529 -0.0467691
v 31.5133 -82.1753 20.4182
vn 0.0577649 0.997513 -0.04039
v 31.4517 -82.1753 25.4015
vn 0.14549 0.989281 -0.0124468
v 31.4571 -82.1753 25.2892
vn 0.00694085 0.999973 0.00232026
v 31.4886 -82.1753 25.2204
vn 0.038615 0.998946 0.0248238
v 31.5381 -82.1753 25.1632
vn 0.0445826 0.997567 0.0535865
v 31.6017 -82.1753 25.1223
vn 0.0213741 0.998342 0.053448
v 31.6743 -82.1753 25.101
vn 0.00573297 0.998168 0.0602391
v 31.7499 -82.1753 25.101
vn -0.000946107 0.999988 0.00490392
v 31.8225 -82.1753 25.1223
vn -0.0351162 0.997059 0.068119
v 31.8862 -82.1753 25.1632
vn -0.0656295 0.995472 0.0687561
v 31.9357 -82.1753 25.2204
vn -0.0865864 0.994993 0.0499166
v 31.9671 -82.1753 25.2892
vn -0.113706 0.993132 0.0275681
v 31.9779 -82.1753 25.3641
vn -0.181917 0.983138 -0.0186201
v 31.9671 -82.1753 25.4389
vn -0.00378219 0.999992 -0.00111148
v 31.9357 -82.1753 25.5077
vn -0.033802 0.999171 -0.0226953
v 31.8862 -82.1753 25.5649
vn -0.0279008 0.99882 -0.0397485
v 31.7862 -82.1753 25.6165
vn -0.00562898 0.9998 -0.019179
v 31.6017 -82.1753 25.6058
vn 0.0381645 0.994704 -0.095434
v 31.6743 -82.1753 25.6271
vn 0.000233674 0.999984 -0.00570713
v 31.5381 -82.1753 25.5649
vn 0.0718236 0.993674 -0.0863291
v 31.4886 -82.1753 25.5077
vn 0.0972519 0.993838 -0.0531751
v 43.6308 -82.1753 29.2562
vn 0.00278388 0.999996 0.000623391
v 43.6716 -82.1753 29.1574
vn 0.0515924 0.997947 0.0379357
v 43.753 -82.1753 29.0798
vn 0.00524168 0.999948 0.00876269
v 43.8574 -82.1753 29.038
vn 0.00834378 0.997817 0.0655114
v 43.9693 -82.1753 29.0487
vn -0.0192667 0.998097 0.0585778
v 44.0692 -82.1753 29.1002
vn -0.0454511 0.997377 0.0563331
v 44.1188 -82.1753 29.1574
vn -0.085813 0.995361 0.0435071
v 44.1556 -82.1753 29.2636
vn -0.0260658 0.999656 0.00289438
v 44.1502 -82.1753 29.376
vn -0.283919 0.956095 -0.0726078
v 44.1188 -82.1753 29.4448
vn -0.151083 0.981137 -0.1206
v 44.0692 -82.1753 29.5019
vn -0.0619232 0.995515 -0.0715273
v 44.0056 -82.1753 29.5428
vn -0.0614966 0.987906 -0.142338
v 43.933 -82.1753 29.5641
vn -0.0132731 0.990138 -0.139465
v 43.8574 -82.1753 29.5641
vn 0.040269 0.986079 -0.161331
v 43.753 -82.1753 29.5224
vn 0.00618121 0.999945 -0.00850512
v 43.6716 -82.1753 29.4448
vn 0.044164 0.998586 -0.0295994
v 43.6402 -82.1753 29.376
vn 0.0963698 0.995199 -0.0170583
v 43.6294 -82.1753 20.246
vn 0.159394 0.987185 0.00766685
v 43.6402 -82.1753 20.1711
vn 0.00537363 0.999984 0.0018612
v 43.6716 -82.1753 20.1023
vn 0.0608746 0.997202 0.0433945
v 43.7212 -82.1753 20.0451
vn 0.0235401 0.999274 0.0299423
v 43.7848 -82.1753 20.0042
vn 0.002981 0.999968 0.00745437
v 43.8574 -82.1753 19.9829
vn 0.0144822 0.988249 0.152167
v 43.933 -82.1753 19.9829
vn -0.0250213 0.991238 0.129693
v 44.0056 -82.1753 20.0042
vn -0.058354 0.99187 0.113087
v 44.0692 -82.1753 20.0451
vn -0.0936409 0.990755 0.0981641
v 44.1188 -82.1753 20.1023
vn -0.148374 0.986066 0.0752248
v 44.1556 -82.1753 20.2086
vn -0.0269421 0.999633 0.00299302
v 44.1502 -82.1753 20.3208
vn -0.193175 0.979919 -0.0494271
v 44.1188 -82.1753 20.3896
vn -0.0762321 0.995608 -0.0543464
v 44.0692 -82.1753 20.4468
vn -0.0450695 0.997338 -0.0573266
v 44.0056 -82.1753 20.4877
vn -0.0239708 0.997914 -0.0599403
v 43.933 -82.1753 20.509
vn -0.00596612 0.998016 -0.0626828
v 43.8574 -82.1753 20.509
vn 0.012768 0.997727 -0.0661722
v 43.7848 -82.1753 20.4877
vn 0.0027898 0.999981 -0.00540649
v 43.7212 -82.1753 20.4468
vn 0.0656257 0.99547 -0.0687957
v 43.6716 -82.1753 20.3896
vn 0.0865396 0.994996 -0.049932
v 43.6402 -82.1753 20.3208
vn 0.113657 0.993137 -0.0275843
v 43.6294 -82.1753 12.372
vn 0.0946624 0.995499 0.00455325
v 43.6402 -82.1753 12.2971
vn 0.00447904 0.999989 0.00155135
v 43.6716 -82.1753 12.2283
vn 0.0279106 0.999412 0.0198963
v 43.7212 -82.1753 12.1711
vn 0.0247169 0.9992 0.0314393
v 43.7848 -82.1753 12.1302
vn 0.00157844 0.999991 0.003947
v 43.8574 -82.1753 12.1089
vn 0.0166929 0.984358 0.175388
v 43.933 -82.1753 12.1089
vn -0.0282674 0.988805 0.146512
v 44.0056 -82.1753 12.1302
vn -0.0649645 0.989914 0.125897
v 44.0692 -82.1753 12.1711
vn -0.1029 0.988825 0.107871
v 44.1188 -82.1753 12.2283
vn -0.15995 0.983789 0.081094
v 44.1556 -82.1753 12.3345
vn -0.0270341 0.99963 0.00300325
v 44.1502 -82.1753 12.4468
vn -0.187135 0.981167 -0.0478816
v 44.1188 -82.1753 12.5156
vn -0.0729699 0.995977 -0.0520208
v 44.0692 -82.1753 12.5728
vn -0.0429744 0.99758 -0.054661
v 44.0056 -82.1753 12.6137
vn -0.0227862 0.998115 -0.0569789
v 43.933 -82.1753 12.635
vn -0.00565387 0.998218 -0.0594047
v 43.8574 -82.1753 12.635
vn 0.0120557 0.997973 -0.0624836
v 43.7848 -82.1753 12.6137
vn 0.00315426 0.999976 -0.00611274
v 43.7212 -82.1753 12.5728
vn 0.0917774 0.991121 -0.0962101
v 43.6716 -82.1753 12.5156
vn 0.110148 0.991881 -0.0635537
v 43.6402 -82.1753 12.4468
vn 0.0876258 0.995926 -0.0212665
v 44.535 -83.9409 26.4307
vn -0.994527 -0.0842336 -0.0618099
v 44.5596 -83.799 26.1548
vn -0.123306 -0.943033 -0.309006
v 44.6088 -83.799 26.1548
vn 0.0531759 -0.94894 -0.310941
v 44.6334 -83.9409 26.4307
vn 0.997305 -0.0591525 -0.0434055
v 44.5596 -84.1615 26.6488
vn -0.0745677 -0.527673 -0.846168
v 44.6088 -84.1615 26.6488
vn 0.0745745 -0.631025 -0.772169
v 44.535 -83.772 26.0546
vn -0.999778 -0.0206029 -0.00441506
v 44.535 -83.7501 25.8484
vn -0.998424 -0.0561123 -0.000356363
v 44.535 -83.8365 26.2516
vn -0.999913 -0.0120012 -0.0053895
v 44.6334 -83.7501 25.8484
vn 0.999022 -0.0442235 -9.92703e-05
v 44.6334 -83.772 26.0546
vn 0.999778 -0.0206029 -0.00441506
v 44.6334 -83.8365 26.2516
vn 0.999913 -0.0120012 -0.0053895
v 44.535 -84.0804 26.584
vn -0.999941 -0.00722474 -0.00812381
v 44.535 -84.4391 26.7874
vn -0.983072 -0.078214 -0.165686
v 44.535 -84.249 26.7047
vn -0.999675 -0.0125757 -0.0221778
v 44.6334 -84.0804 26.584
vn 0.99994 -0.00726575 -0.00816993
v 44.6334 -84.249 26.7047
vn 0.99967 -0.0126658 -0.0223367
v 44.6334 -84.4391 26.7874
vn 0.974858 -0.0951778 -0.201476
v 44.535 -83.7501 13.9468
vn -0.990424 -0.138059 0.000177764
v 44.6334 -83.7502 13.9088
vn 0.997549 -0.0699645 0.000218811
v 30.4011 -84.9374 27.0533
vn 0.982569 -0.149876 -0.10998
v 30.3273 -85.0792 27.3292
vn 0.0533916 -0.948981 -0.310781
v 30.3027 -84.9374 27.0533
vn -0.991337 -0.105891 -0.077703
v 30.3765 -85.0792 27.3292
vn -0.123796 -0.943026 -0.308831
v 30.3273 -84.7167 26.8352
vn 0.0741086 -0.630877 -0.772336
v 30.3765 -84.7167 26.8352
vn -0.0741132 -0.527492 -0.846321
v 30.3027 -85.1281 27.6356
vn -0.245261 -0.964572 -0.0971972
v 30.3027 -85.1063 27.4295
vn -0.979258 -0.198122 -0.0424527
v 30.3027 -85.0417 27.2324
vn -0.998753 -0.045547 -0.0204489
v 30.4011 -85.1063 27.4295
vn 0.979254 -0.198137 -0.0424558
v 30.4011 -85.1281 27.6356
vn 0.154408 -0.984016 -0.0887207
v 30.4011 -85.0417 27.2324
vn 0.998753 -0.0455506 -0.0204505
v 30.3027 -84.7978 26.9
vn -0.999415 -0.0227136 -0.0255583
v 30.3027 -84.6292 26.7794
vn -0.99968 -0.0124691 -0.0220001
v 30.3027 -84.4391 26.6967
vn -0.975839 -0.0939066 -0.197283
v 30.4011 -84.4391 26.6967
vn 0.991814 -0.0559072 -0.114804
v 30.4011 -84.7978 26.9
vn 0.999415 -0.0227154 -0.0255603
v 30.4011 -84.6292 26.7794
vn 0.99968 -0.0124701 -0.0220018
v 30.3027 -85.0637 11.6352
vn -0.967257 -0.237787 -0.088724
v 30.3027 -85.1181 11.8382
vn -0.399401 -0.900305 -0.173004
v 30.3027 -85.1063 12.2751
vn -0.992201 -0.12188 0.0261157
v 30.3027 -85.0417 12.4721
vn -0.999165 -0.0372675 0.0167361
v 30.3027 -84.7768 11.869
vn -0.97182 0.211785 0.103507
v 30.3027 -84.7322 11.1923
vn -0.995973 -0.0525361 -0.0726427
v 30.3027 -84.8877 11.3337
vn -0.998947 -0.0333686 -0.0315017
v 30.3027 -84.9718 11.4461
vn -0.975898 -0.184011 -0.117313
v 30.3027 -84.9374 12.6512
vn -0.978371 -0.166772 0.122379
v 30.3027 -84.8033 11.9782
vn -0.994349 0.106144 -0.001732
v 30.3027 -85.1281 12.0689
vn -0.0559662 -0.997059 0.0523633
v 30.3027 -84.7978 12.8045
vn -0.999421 -0.0225992 0.0254204
v 30.3027 -84.7768 12.0875
vn -0.903738 0.383559 -0.190108
v 30.3027 -84.5754 11.7152
vn -0.995783 0.00868741 0.0913225
v 30.3027 -84.4869 11.0584
vn -0.996075 -0.0320234 -0.0825134
v 30.3027 -84.6479 11.7365
vn -0.963287 0.099727 0.249264
v 30.3027 -84.4997 11.7152
vn -0.975266 -0.0418529 0.217034
v 30.3027 -84.7116 11.7774
vn -0.950666 0.207566 0.230544
v 30.3027 -84.4271 11.7365
vn -0.970387 -0.122207 0.208362
v 30.3027 -84.3388 11.806
vn -0.99632 -0.0647903 0.0561144
v 30.3027 -84.1979 10.9942
vn -0.998022 -0.000822118 -0.0628553
v 30.3027 -84.7116 12.1791
vn -0.99049 0.0884034 -0.105426
v 30.3027 -84.6117 12.2306
vn -0.976205 0.0543926 -0.209919
v 30.3027 -84.6292 12.9252
vn -0.999683 -0.0124193 0.0219121
v 30.3027 -84.4997 12.2413
vn -0.99445 -0.0113279 -0.104596
v 30.3027 -84.4391 13.0078
vn -0.989115 -0.0646376 0.13219
v 30.3027 -84.3388 12.1505
vn -0.945475 -0.258028 -0.198741
v 30.3027 -84.4271 12.22
vn -0.97961 -0.101642 -0.173299
v 30.3027 -85.1063 28.0231
vn -0.99625 -0.0845965 0.0181313
v 30.3027 -84.8033 27.7263
vn -0.998656 0.051771 0.0024873
v 30.3027 -84.7925 27.6514
vn -0.826334 0.532165 0.184319
v 30.3027 -84.7611 27.5826
vn -0.937945 0.28252 0.201099
v 30.3027 -84.7116 27.5254
vn -0.993674 0.0693856 0.0883033
v 30.3027 -85.0417 28.2201
vn -0.999447 -0.0303212 0.0136167
v 30.3027 -85.1281 27.817
vn -0.00777444 -0.997138 0.0751991
v 30.3027 -84.9374 28.3992
vn -0.986764 -0.13074 0.0959378
v 30.3027 -84.7978 28.5525
vn -0.999415 -0.0227239 0.0255606
v 30.3027 -84.7925 27.8012
vn -0.790261 0.59136 -0.160565
v 30.3027 -84.7116 27.9271
vn -0.993678 0.0693351 -0.0883008
v 30.3027 -84.7611 27.87
vn -0.920325 0.324651 -0.218184
v 30.3027 -84.4997 27.4632
vn -0.995661 -0.0225285 0.0902899
v 30.3027 -84.5754 27.4632
vn -0.977469 0.0199913 0.210131
v 30.3027 -84.6479 27.4845
vn -0.973881 0.0843458 0.210811
v 30.3027 -84.3953 27.505
vn -0.995903 -0.0489063 0.0760593
v 30.3027 -84.6292 28.6732
vn -0.99968 -0.0124745 0.0219989
v 30.3027 -84.6479 27.968
vn -0.973888 0.0843325 -0.210783
v 30.3027 -84.5754 27.9893
vn -0.977475 0.0199867 -0.210101
v 30.3027 -84.4997 27.9893
vn -0.996085 -0.0167393 -0.0868038
v 30.3027 -84.4391 28.7559
vn -0.992422 -0.0537977 0.110473
v 30.3027 -84.4271 27.968
vn -0.974142 -0.122142 -0.190074
v 30.3027 -84.3388 27.8986
vn -0.956633 -0.231876 -0.176312
v 30.3027 -84.2825 11.9034
vn -0.93245 -0.338531 0.126231
v 30.3027 -84.2718 11.9782
vn -0.998426 -0.0560796 7.29171e-07
v 30.3027 -84.1352 13.169
vn -0.999037 -0.0251347 0.035966
v 30.3027 -84.2825 12.0531
vn -0.997085 -0.0739486 -0.018788
v 30.3027 -84.2771 27.6888
vn -0.999102 -0.0417345 0.00737659
v 30.3027 -84.2502 26.6119
vn -0.99894 -0.0242801 -0.0390953
v 30.3027 -83.9837 13.3101
vn -0.996625 -0.0641673 0.0512026
v 30.3027 -84.0321 26.4439
vn -0.999434 -0.024635 -0.0229047
v 30.3027 -83.8692 13.4826
vn -0.992904 -0.103865 0.0579073
v 30.3027 -83.7888 13.6735
vn -0.999984 -0.00550067 0.00157763
v 30.3027 -83.7501 13.909
vn -0.998844 -0.0480732 7.65081e-05
v 30.3027 -83.7888 26.0311
vn -0.997386 -0.0688785 -0.0218476
v 30.3027 -83.8692 26.2219
vn -0.996534 -0.0720493 -0.0415815
v 30.3027 -83.8692 29.2306
vn -0.999435 -0.0293456 0.0163652
v 30.3027 -83.7502 25.8011
vn -0.998517 -0.0544385 -0.000170878
v 30.3027 -83.7502 29.6566
vn -0.997733 -0.0672939 0.000313621
v 30.3027 -83.7888 29.4215
vn -0.998392 -0.0544911 0.0156253
v 30.3027 -84.1352 28.917
vn -0.999486 -0.0183653 0.0262811
v 30.3027 -84.314 27.5826
vn -0.968189 -0.208286 0.138659
v 30.3027 -84.2825 27.8012
vn -0.997053 -0.0743524 -0.0188904
v 30.3027 -83.9837 29.0582
vn -0.997801 -0.0518066 0.0413421
v 30.3027 -83.7252 33.8405
vn -0.41317 -0.889866 0.193464
v 30.3027 -83.7501 33.6318
vn -0.65315 -0.757208 0.00557224
v 30.3027 -83.6612 34.0407
vn -0.994105 -0.100501 0.0406841
v 30.3027 -83.5097 34.2763
vn -0.999346 -0.0273249 0.0236653
v 30.3027 -83.3542 34.4177
vn -0.999798 -0.0122592 0.0159021
v 30.3027 -83.5939 34.1639
vn -0.999091 -0.0358517 0.0230547
v 30.3027 -82.9746 34.5911
vn -0.999987 -0.00106786 0.00491168
v 30.3027 -83.1748 34.5271
vn -0.999744 -0.00903651 0.0207193
v 30.3027 -82.7659 34.616
vn -0.884989 -0.0211337 0.465132
v 30.4011 -85.1281 27.817
vn 0.00806252 -0.993554 0.113069
v 44.535 -83.9409 29.0218
vn -0.995943 -0.074013 0.0511833
v 44.6334 -83.9409 29.0218
vn 0.995943 -0.0710161 0.0552566
v 44.6088 -83.799 29.2977
vn 0.0530969 -0.948944 0.310943
v 44.5596 -83.799 29.2977
vn -0.123125 -0.943054 0.309013
v 44.5596 -84.1615 28.8038
vn -0.053666 -0.581202 0.811988
v 44.6088 -84.1615 28.8038
vn 0.124428 -0.577518 0.80684
v 44.6334 -83.772 29.398
vn 0.999631 -0.026557 0.00569098
v 44.6334 -83.7501 29.6041
vn 0.99934 -0.0363268 0.000450443
v 44.6334 -83.8365 29.2009
vn 0.9999 -0.0129242 0.00580243
v 44.535 -83.7501 29.6041
vn -0.999602 -0.0281948 0.000259458
v 44.535 -83.772 29.398
vn -0.999631 -0.026557 0.00569098
v 44.535 -83.8365 29.2009
vn -0.9999 -0.0129242 0.00580243
v 44.6334 -84.0804 28.8685
vn 0.999969 -0.00522668 0.00587928
v 44.6334 -84.249 28.7479
vn 0.999726 -0.0115477 0.0203747
v 44.6334 -84.4391 28.6652
vn 0.965979 -0.110493 0.233827
v 44.535 -84.4391 28.6652
vn -0.985039 -0.0735862 0.155831
v 44.535 -84.0804 28.8685
vn -0.99997 -0.00515512 0.00579879
v 44.535 -84.249 28.7479
vn -0.999673 -0.0125998 0.0222312
v 44.6334 -83.7501 33.6318
vn 0.408001 -0.912975 0.0034269
v 44.535 -83.7501 33.6318
vn -0.653401 -0.756992 0.00548824
v 44.535 -83.7744 13.7411
vn -0.999993 -0.00363522 0.000779481
v 44.535 -83.9019 13.4217
vn -0.980422 -0.161697 0.112369
v 44.535 -84.1979 10.9942
vn -0.998106 -0.00061691 -0.0615146
v 44.535 -83.9837 13.3101
vn -0.999395 -0.0255644 0.0235971
v 44.535 -83.8365 13.5436
vn -0.962573 -0.252032 0.0996681
v 44.535 -84.2825 11.9034
vn -0.93245 -0.338531 0.126231
v 44.535 -84.2718 11.9782
vn -0.998426 -0.0560798 7.29175e-07
v 44.535 -84.1352 13.169
vn -0.999037 -0.0251348 0.035966
v 44.535 -84.3388 11.806
vn -0.995175 -0.0741696 0.0642374
v 44.535 -84.4211 11.0339
vn -0.99885 -0.0116225 -0.0465077
v 44.535 -84.4391 13.0078
vn -0.992422 -0.0537996 0.110476
v 44.535 -84.2825 12.0531
vn -0.997085 -0.0739486 -0.018788
v 44.535 -84.3388 12.1505
vn -0.945475 -0.258028 -0.198741
v 44.535 -84.4271 11.7365
vn -0.968448 -0.119382 0.218762
v 44.535 -82.9746 34.5911
vn -1 -0.000121018 0.000556615
v 44.535 -83.5097 34.2763
vn -0.999362 -0.0270003 0.0233842
v 44.535 -83.5939 34.1639
vn -0.999113 -0.035415 0.0227739
v 44.535 -83.3542 34.4177
vn -0.999803 -0.0121171 0.0157179
v 44.535 -83.7252 33.8405
vn -0.413157 -0.889872 0.193466
v 44.535 -83.6612 34.0407
vn -0.994251 -0.0992477 0.0401768
v 44.535 -82.7659 34.616
vn -0.884988 -0.021134 0.465134
v 44.535 -83.1748 34.5271
vn -0.99975 -0.00893461 0.0204857
v 44.535 -84.2771 27.6888
vn -0.999388 -0.0346223 0.00497873
v 44.535 -84.314 27.5826
vn -0.947211 -0.281316 0.153794
v 44.535 -84.2825 27.8012
vn -0.912713 -0.396019 -0.100615
v 44.535 -84.3635 27.5254
vn -0.9942 -0.0687834 0.0826752
v 44.535 -84.3388 27.8986
vn -0.989303 -0.11269 -0.0926284
v 44.535 -84.4271 27.968
vn -0.967427 -0.113093 -0.226485
v 44.535 -84.4271 12.22
vn -0.97961 -0.101642 -0.173299
v 44.535 -84.4997 11.7152
vn -0.99028 -0.00996418 0.138731
v 44.535 -84.5527 11.0829
vn -0.960343 -0.106843 -0.25754
v 44.535 -84.6117 11.7259
vn -0.990116 0.039509 0.134569
v 44.535 -84.676 11.1502
vn -0.990961 -0.0725359 -0.112851
v 44.535 -84.7116 11.7774
vn -0.985855 0.105035 0.130601
v 44.535 -84.6292 12.9252
vn -0.999683 -0.0124202 0.0219138
v 44.535 -84.4997 12.2413
vn -0.99445 -0.0113279 -0.104596
v 44.535 -84.6117 12.2306
vn -0.976205 0.0543926 -0.209919
v 44.535 -84.7978 12.8045
vn -0.999415 -0.0227235 0.0255603
v 44.535 -84.7116 12.1791
vn -0.993359 0.0661132 -0.0941645
v 44.535 -84.7611 12.1219
vn -0.920258 0.324876 -0.218131
v 44.535 -84.7884 11.2344
vn -0.982828 -0.120861 -0.139435
v 44.535 -84.4271 27.4845
vn -0.973501 -0.0849147 0.212334
v 44.535 -84.7768 11.869
vn -0.971182 0.214133 0.104654
v 44.535 -84.9298 11.3899
vn -0.998084 -0.0501334 -0.0362532
v 44.535 -84.8033 11.9782
vn -0.994813 0.101703 -0.00165954
v 44.535 -85.0637 11.6352
vn -0.975719 -0.202114 -0.0843975
v 44.535 -85.0417 12.4721
vn -0.999421 -0.0310449 0.0139416
v 44.535 -84.9374 12.6512
vn -0.97838 -0.170115 0.117616
v 44.535 -85.1181 11.8382
vn -0.637813 -0.765062 -0.0887389
v 44.535 -85.1063 12.2751
vn -0.9922 -0.121889 0.0261177
v 44.535 -84.7925 12.0531
vn -0.914331 0.388561 -0.114103
v 44.535 -85.1281 12.0689
vn -0.0559659 -0.997059 0.0523635
v 44.535 -84.4997 27.4632
vn -0.994602 -0.00424274 0.103672
v 44.535 -84.6385 26.8785
vn -0.998528 -0.0273277 -0.0468473
v 44.535 -84.6117 27.4739
vn -0.974322 0.0634306 0.21604
v 44.535 -84.7116 27.5254
vn -0.960048 0.160797 0.229026
v 44.535 -84.7611 27.5826
vn -0.9872 0.132408 0.0889033
v 44.535 -84.6385 28.5741
vn -0.998276 -0.0316983 0.0493922
v 44.535 -84.4997 27.9893
vn -0.995144 -0.00931734 -0.0979877
v 44.535 -84.5754 27.9893
vn -0.972583 0.0563284 -0.22563
v 44.535 -84.6798 27.9475
vn -0.966488 0.138741 -0.21599
v 44.535 -84.7611 27.87
vn -0.988748 0.124506 -0.0829217
v 44.535 -84.8159 27.0072
vn -0.978608 -0.138382 -0.152241
v 44.535 -84.7979 27.7638
vn -0.993406 0.112902 -0.0199357
v 44.535 -84.9562 27.1755
vn -0.996751 -0.064081 -0.0487949
v 44.535 -84.7925 27.6514
vn -0.690736 0.706524 0.153972
v 44.535 -84.8655 28.3916
vn -0.994747 -0.071581 0.0731769
v 44.535 -85.0606 27.3682
vn -0.868323 -0.454554 -0.198483
v 44.535 -85.0606 28.0844
vn -0.987053 -0.1494 0.0583659
v 44.535 -85.1036 27.9444
vn -0.635944 -0.758899 0.140171
v 44.535 -85.1036 27.5082
vn -0.619613 -0.772362 -0.139775
v 44.535 -84.9973 28.2165
vn -0.984237 -0.153483 0.0878695
v 44.535 -85.1254 27.7262
vn -0.241227 -0.968942 -0.0544169
v 30.4011 -84.9374 28.3992
vn 0.973551 -0.184199 0.135166
v 30.3273 -85.0792 28.1233
vn 0.0534556 -0.948962 0.310827
v 30.3765 -85.0792 28.1233
vn -0.123943 -0.942993 0.308872
v 30.3765 -84.7167 28.6173
vn -0.123746 -0.577598 0.806888
v 30.3273 -84.7167 28.6173
vn 0.0533696 -0.581242 0.811979
v 30.4011 -85.1063 28.0231
vn 0.99625 -0.084603 0.0181327
v 30.4011 -85.0417 28.2201
vn 0.999447 -0.0303236 0.0136177
v 30.4011 -84.7978 28.5525
vn 0.999421 -0.0226029 0.0254245
v 30.4011 -84.6292 28.6732
vn 0.99968 -0.0124755 0.0220006
v 30.4011 -84.4391 28.7559
vn 0.981631 -0.0820039 0.172266
v 44.6334 -84.9374 12.6512
vn 0.979622 -0.158523 0.123332
v 44.6088 -85.0792 12.3753
vn -0.074612 -0.92599 0.370101
v 44.5596 -85.0792 12.3753
vn 0.0746051 -0.965533 0.249358
v 44.5596 -84.7167 12.8693
vn 0.0534533 -0.581132 0.812052
v 44.6088 -84.7167 12.8693
vn -0.123941 -0.577477 0.806944
v 44.6334 -85.1281 12.0689
vn 0.0169792 -0.993878 0.109169
v 44.6334 -85.1063 12.2751
vn 0.991733 -0.125474 0.0268858
v 44.6334 -85.0417 12.4721
vn 0.999421 -0.0310449 0.0139416
v 44.6334 -84.7978 12.8045
vn 0.999433 -0.0223787 0.0251724
v 44.6334 -84.4391 13.0078
vn 0.981632 -0.0819923 0.172264
v 44.6334 -84.6292 12.9252
vn 0.99963 -0.0134131 0.0236655
v 44.5842 -83.769 13.7547
vn 0.0229684 -0.981096 0.192155
v 44.5842 -84.0384 13.2508
vn -0.0438546 -0.69548 0.717206
v 44.5842 -84.2241 13.1051
vn 0.0180854 -0.51131 0.859206
v 44.6334 -83.7888 13.6735
vn 0.999961 -0.00839321 0.00264682
v 44.6334 -83.8692 13.4826
vn 0.992339 -0.107004 0.0617606
v 44.6334 -84.0321 13.2606
vn 0.997018 -0.05652 0.0525389
v 44.6334 -84.2502 13.0926
vn 0.999666 -0.0136346 0.0219497
v 30.3273 -85.0792 12.3753
vn 0.0746051 -0.965533 0.249358
v 30.3765 -85.0792 12.3753
vn -0.0746109 -0.925991 0.3701
v 30.4011 -84.9374 12.6512
vn 0.989703 -0.115399 0.0846807
v 30.3765 -84.7167 12.8693
vn -0.0534527 -0.581132 0.812052
v 30.3273 -84.7167 12.8693
vn 0.123941 -0.577477 0.806944
v 30.4011 -85.1281 12.0689
vn 0.0169791 -0.993878 0.109169
v 30.4011 -85.1063 12.2751
vn 0.985634 -0.165148 0.035387
v 30.4011 -85.0417 12.4721
vn 0.999254 -0.0352413 0.0158262
v 30.4011 -84.7978 12.8045
vn 0.99936 -0.0237738 0.0267417
v 30.4011 -84.6292 12.9252
vn 0.999665 -0.012771 0.0225327
v 30.4011 -84.4391 13.0078
vn 0.987569 -0.0669703 0.142204
v 30.3519 -84.0384 13.2508
vn -0.0387221 -0.697866 0.715181
v 30.3519 -84.2241 13.1051
vn 0.0180854 -0.51131 0.859206
v 30.4011 -83.9019 13.4217
vn 0.98856 -0.126107 0.082743
v 30.3519 -83.8251 13.5701
vn -0.0124416 -0.925237 0.379185
v 30.3519 -83.769 13.7547
vn -0.0474768 -0.977787 0.204152
v 30.4011 -84.2502 13.0926
vn 0.999666 -0.0136346 0.0219497
v 30.4011 -84.0321 13.2606
vn 0.998903 -0.0311179 0.0349978
v 30.4011 -83.8127 13.6086
vn 0.99998 -0.00608601 0.0018983
v 30.4011 -83.7502 13.9035
vn 0.999705 -0.0243012 0.000100298
v 44.5842 -82.9579 34.5971
vn 0 -0.257522 0.966272
v 44.6334 -82.7659 34.616
vn 0.771076 -0.0184131 0.636477
v 44.5842 -83.3127 34.4502
vn 0 -0.484696 0.874683
v 44.5842 -83.4619 34.3278
vn 0 -0.699706 0.714431
v 44.6334 -82.9746 34.5911
vn 0.999988 -0.00105695 0.00486138
v 44.6334 -83.1748 34.5271
vn 0.99975 -0.00893392 0.0204841
v 44.6334 -83.3542 34.4177
vn 0.999803 -0.0121162 0.0157166
v 44.6334 -83.5097 34.2763
vn 0.999869 -0.0117877 0.011133
v 44.6334 -83.5939 34.1639
vn 0.995545 -0.078291 0.0525445
v 44.5842 -83.7312 33.8238
vn 0 -0.983444 0.181212
v 44.6334 -83.6612 34.0407
vn 0.998624 -0.0485875 0.0197257
v 44.6334 -83.7252 33.8405
vn 0.212455 -0.943002 0.256143
v 30.3519 -82.9579 34.5971
vn 0 -0.257522 0.966272
v 30.4011 -82.7659 34.616
vn 0.771075 -0.0184134 0.636478
v 30.3519 -83.3127 34.4502
vn 0 -0.484696 0.874683
v 30.3519 -83.4619 34.3278
vn 0 -0.699706 0.714431
v 30.4011 -82.9746 34.5911
vn 0.999987 -0.00106662 0.004906
v 30.4011 -83.1748 34.5271
vn 0.999745 -0.00902497 0.0206929
v 30.4011 -83.3542 34.4177
vn 0.999799 -0.0122431 0.0158814
v 30.4011 -83.5097 34.2763
vn 0.999866 -0.0119144 0.0112526
v 30.4011 -83.5939 34.1639
vn 0.995447 -0.0791427 0.053116
v 30.3519 -83.7312 33.8238
vn 0 -0.983444 0.181212
v 30.4011 -83.6612 34.0407
vn 0.998593 -0.0491397 0.0199498
v 30.4011 -83.7252 33.8405
vn 0.212452 -0.943003 0.256143
v 30.4011 -83.7501 33.6318
vn 0.407877 -0.91303 0.00349485
v 30.4011 -83.7503 29.6507
vn 0.999407 -0.0344204 0.000403263
v 44.5842 -84.6541 28.5679
vn -0.0326083 -0.579128 0.814584
v 44.5842 -84.9622 28.2731
vn 0.0131376 -0.775864 0.630764
v 44.6334 -85.0606 28.0844
vn 0.76573 -0.594608 0.245151
v 44.5842 -85.1281 27.7263
vn 0 -1 0
v 44.6334 -84.9151 28.3377
vn 0.993851 -0.0798899 0.0766634
v 44.6334 -84.7588 28.4913
vn 0.997672 -0.042737 0.053151
v 44.6334 -84.5752 28.611
vn 0.998101 -0.0294325 0.0541092
v 44.6334 -84.9973 28.2165
vn 0.998151 -0.0527088 0.0302769
v 44.6334 -85.1036 27.9444
vn 0.855069 -0.510231 0.0923107
v 44.6334 -85.1254 27.7262
vn 0.241234 -0.96894 0.0544187
v 44.6334 -85.1036 27.5082
vn 0.366907 -0.91478 -0.168987
v 44.5842 -84.9622 27.1795
vn 0 -0.82776 -0.561083
v 44.6334 -85.0606 27.3682
vn 0.983662 -0.164594 -0.0729222
v 44.5842 -84.6541 26.8846
vn -0.0370868 -0.503525 -0.863184
v 44.6334 -84.8159 27.0072
vn 0.940734 -0.240663 -0.238959
v 44.6334 -84.9562 27.1755
vn 0.995616 -0.0802747 -0.0479979
v 44.6334 -84.7017 26.9154
vn 0.997984 -0.035971 -0.052284
v 44.6334 -84.5752 26.8416
vn 0.998423 -0.0246011 -0.0504699
v 30.4011 -83.8365 26.1609
vn 0.996174 -0.0812723 -0.0321355
v 30.3519 -83.769 25.9498
vn -0.0264472 -0.980704 -0.193701
v 30.4011 -83.9019 26.2829
vn 0.997157 -0.0618718 -0.0429994
v 30.3519 -84.0384 26.4537
vn 0.0436902 -0.695387 -0.717306
v 30.3519 -84.2241 26.5994
vn -0.0179781 -0.511268 -0.859233
v 30.4011 -83.7501 25.7578
vn 0.99417 -0.107826 -0.000139039
v 30.4011 -83.7744 25.9634
vn 0.999239 -0.0381347 -0.00817341
v 30.4011 -83.9837 26.3944
vn 0.999599 -0.0207935 -0.019197
v 30.4011 -84.1352 26.5356
vn 0.999481 -0.0184593 -0.0264156
v 44.6334 -85.1231 11.9082
vn 0.491601 -0.867217 -0.0791443
v 44.5842 -85.1092 11.7862
vn 0.0398314 -0.952551 -0.301761
v 44.5842 -84.9622 11.4314
vn 0 -0.880527 -0.473996
v 44.5842 -84.8398 11.2823
vn 0 -0.714556 -0.699578
v 44.6334 -85.0637 11.6352
vn 0.972744 -0.216046 -0.0842192
v 44.6334 -84.9298 11.3899
vn 0.997966 -0.0516586 -0.0373561
v 44.6334 -84.676 11.1502
vn 0.964277 -0.147625 -0.219947
v 44.6334 -84.7884 11.2344
vn 0.997029 -0.0528925 -0.0559927
v 44.5842 -84.3359 11.0129
vn 0.0366459 -0.197483 -0.979621
v 44.6334 -84.5527 11.0829
vn 0.992658 -0.0454735 -0.112083
v 44.6334 -84.3525 11.0189
vn 0.995853 -0.0238528 -0.0877927
v 44.6334 -84.1438 10.994
vn 0.999456 -0.000504726 -0.0329635
v 30.3519 -84.0384 28.9988
vn -0.0383901 -0.69792 0.715146
v 30.3519 -84.2241 28.8531
vn 0.0180937 -0.511186 0.85928
v 30.4011 -83.9019 29.1697
vn 0.99675 -0.0673515 0.0441973
v 30.3519 -83.8251 29.3181
vn -0.0124856 -0.925263 0.37912
v 30.3519 -83.769 29.5028
vn -0.047347 -0.977769 0.204268
v 30.4011 -84.2502 28.8406
vn 0.998814 -0.0256911 0.0413669
v 30.4011 -84.0321 29.0087
vn 0.999779 -0.013978 0.0157225
v 30.4011 -83.8127 29.3565
vn 0.998809 -0.0465789 0.0145354
v 30.3519 -84.3359 11.0129
vn -0.0278322 -0.268528 -0.96287
v 30.4011 -84.1438 10.994
vn 0.999427 -0.000518214 -0.0338439
v 30.4011 -84.3525 11.0189
vn 0.999125 -0.00888659 -0.0408742
v 30.4011 -84.5527 11.0829
vn 0.990452 -0.0551132 -0.126364
v 30.4011 -84.7322 11.1923
vn 0.996338 -0.0522041 -0.0677181
v 30.3519 -84.6907 11.1599
vn -0.0260808 -0.479009 -0.877422
v 30.3519 -84.8398 11.2823
vn 0 -0.6997 -0.714437
v 30.4011 -84.8877 11.3337
vn 0.994549 -0.0788148 -0.0682693
v 30.4011 -84.9718 11.4461
vn 0.995361 -0.0809508 -0.0519974
v 30.4011 -85.0391 11.5694
vn 0.828374 -0.519023 -0.210741
v 30.4011 -85.1231 11.9082
vn 0.345647 -0.935123 -0.0779351
v 30.4011 -85.0882 11.701
vn 0.945288 -0.316649 -0.0785076
v 30.4011 -84.7979 11.9408
vn 0.996675 0.080234 0.0141762
v 30.4011 -84.7925 12.0531
vn 0.821724 0.549344 -0.151625
v 30.4011 -84.7364 12.1505
vn 0.989158 0.114028 -0.0925455
v 30.4011 -84.7611 11.8346
vn 0.942154 0.296383 0.156535
v 30.4011 -84.5754 11.7152
vn 0.993948 0.020818 0.107858
v 30.4011 -84.6479 11.7365
vn 0.963246 0.123132 0.238738
v 30.4011 -84.4997 11.7152
vn 0.995458 -0.00901136 0.0947698
v 30.4011 -84.7116 11.7774
vn 0.937539 0.253423 0.238323
v 30.4011 -84.4271 11.7365
vn 0.977426 -0.0784487 0.196172
v 30.4011 -84.3635 11.7774
vn 0.95936 -0.180478 0.216924
v 30.4011 -84.5376 12.2413
vn 0.994127 0.00346165 -0.10816
v 30.4011 -84.6479 12.22
vn 0.973303 0.0987303 -0.207204
v 30.4011 -84.4271 12.22
vn 0.982602 -0.0595541 -0.175919
v 30.4011 -84.3635 12.1791
vn 0.995302 -0.0619251 -0.0744303
v 30.4011 -84.8033 27.7263
vn 0.998296 0.0580455 -0.00593597
v 30.4011 -84.7611 27.5826
vn 0.937954 0.300412 0.173192
v 30.4011 -84.7925 27.6514
vn 0.82628 0.547404 0.132704
v 30.4011 -84.7116 27.5254
vn 0.993677 0.0775227 0.081216
v 30.4011 -84.7768 27.8356
vn 0.919761 0.357023 -0.163018
v 30.4011 -84.7116 27.9271
vn 0.992495 0.0890345 -0.0838194
v 30.4011 -84.4997 27.4632
vn 0.996082 -0.0083715 0.0880327
v 30.4011 -84.5754 27.4632
vn 0.977495 0.0399836 0.207136
v 30.4011 -84.6479 27.4845
vn 0.973851 0.104139 0.201912
v 30.4011 -84.4271 27.4845
vn 0.972338 -0.092641 0.214422
v 30.4011 -84.3635 27.5254
vn 0.957241 -0.204561 0.204561
v 30.4011 -84.6479 27.968
vn 0.973858 0.104127 -0.201885
v 30.4011 -84.5754 27.9893
vn 0.977501 0.0399745 -0.207107
v 30.4011 -84.4997 27.9893
vn 0.996083 -0.00836963 -0.0880209
v 30.4011 -84.4271 27.968
vn 0.98006 -0.0859492 -0.179149
v 30.4011 -84.3388 27.8986
vn 0.994163 -0.0768204 -0.0757468
v 30.4011 -84.2771 11.9408
vn 0.996031 -0.0886819 0.00758731
v 30.4011 -84.314 11.8346
vn 0.909853 -0.36406 0.199067
v 30.4011 -84.2825 12.0531
vn 0.841247 -0.512756 -0.17142
v 30.4011 -84.314 12.1219
vn 0.986097 -0.139777 -0.0898575
v 30.4011 -84.2983 27.617
vn 0.99658 -0.076225 0.0319044
v 30.4011 -84.2718 27.7263
vn 0.999264 -0.0383435 0.00134455
v 30.4011 -84.2825 27.8012
vn 0.932262 -0.329052 -0.150377
v 44.6334 -84.7979 11.9408
vn 0.996555 0.0823723 0.00959949
v 44.6334 -84.7611 11.8346
vn 0.952171 0.270197 0.142704
v 44.6334 -84.7116 11.7774
vn 0.983211 0.132928 0.125008
v 44.6334 -84.6479 11.7365
vn 0.954347 0.129626 0.269109
v 44.6334 -84.5754 11.7152
vn 0.988432 0.0108687 0.151274
v 44.6334 -84.4634 11.7259
vn 0.994623 -0.0291643 0.0993695
v 44.6334 -84.3635 11.7774
vn 0.968911 -0.148415 0.197952
v 44.6334 -84.314 11.8346
vn 0.909853 -0.36406 0.199067
v 44.6334 -84.2771 11.9408
vn 0.996031 -0.0886819 0.00758731
v 44.6334 -84.2825 12.0531
vn 0.841247 -0.512756 -0.17142
v 44.6334 -84.314 12.1219
vn 0.986097 -0.139777 -0.0898575
v 44.6334 -84.3635 12.1791
vn 0.995302 -0.0619251 -0.0744303
v 44.6334 -84.4271 12.22
vn 0.982602 -0.0595541 -0.175919
v 44.6334 -84.5376 12.2413
vn 0.994127 0.00346165 -0.10816
v 44.6334 -84.6479 12.22
vn 0.972535 0.0892426 -0.214966
v 44.6334 -84.7116 12.1791
vn 0.992488 0.089125 -0.0838147
v 44.6334 -84.7768 12.0875
vn 0.848883 0.500996 -0.168526
v 44.6334 -84.8033 27.7263
vn 0.996802 0.0799061 0.00130326
v 44.6334 -84.7768 27.617
vn 0.976062 0.197857 0.0903088
v 44.6334 -84.7116 27.5254
vn 0.948236 0.231339 0.217558
v 44.6334 -84.6479 27.4845
vn 0.987298 0.0689488 0.143139
v 44.6334 -84.5754 27.4632
vn 0.963574 0.0326025 0.265448
v 44.6334 -84.4997 27.4632
vn 0.992999 -0.0223682 0.115983
v 44.6334 -84.4271 27.4845
vn 0.974078 -0.114443 0.195126
v 44.6334 -84.3388 27.554
vn 0.9942 -0.0812904 0.0704085
v 44.6334 -84.2825 27.6514
vn 0.921028 -0.364974 0.136018
v 44.6334 -84.2718 27.7263
vn 0.999483 -0.0321348 -0.000656053
v 44.6334 -84.2825 27.8012
vn 0.871686 -0.45368 -0.185306
v 44.6334 -84.314 27.87
vn 0.986357 -0.130384 -0.100495
v 44.6334 -84.3953 27.9475
vn 0.993632 -0.0639126 -0.0927956
v 44.6334 -84.4997 27.9893
vn 0.992499 -0.0295957 -0.118619
v 44.6334 -84.5754 27.9893
vn 0.972341 0.0221191 -0.232517
v 44.6334 -84.6479 27.968
vn 0.991201 0.0525066 -0.121505
v 44.6334 -84.7116 27.9271
vn 0.937798 0.245321 -0.245669
v 44.6334 -84.7768 27.8356
vn 0.862035 0.467557 -0.195669
v 44.7023 -87.4152 23.3579
vn 0 -0.972953 0.231004
v 44.7515 -87.4273 23.2203
vn 0.758474 -0.651454 0.0180325
v 44.7515 -87.4113 23.37
vn 0.279475 -0.942588 0.182814
v 44.6531 -87.4273 23.2203
vn -0.563318 -0.826131 0.0133931
v 44.7515 -87.3702 23.5147
vn 0.457226 -0.829811 0.319934
v 44.7515 -87.2994 23.6475
vn 0.991558 -0.106133 0.074494
v 44.7023 -87.3205 23.6162
vn 0 -0.899296 0.437341
v 44.6531 -87.4113 23.37
vn -0.279455 -0.942594 0.182815
v 44.6531 -87.3702 23.5147
vn -0.457198 -0.829825 0.319939
v 44.7023 -87.2409 23.7291
vn -0.0267725 -0.760026 0.649341
v 44.6531 -87.2994 23.6475
vn -0.992545 -0.0983161 0.0720325
v 44.6531 -87.133 23.8342
vn -0.999062 -0.0265346 0.0342277
v 44.7515 -87.1701 23.8003
vn 0.999398 -0.0237387 0.0253182
v 44.7515 -87.0508 23.892
vn 0.995302 -0.049065 0.0834681
v 44.7515 -86.9147 23.9564
vn 0.999277 -0.0132924 0.0356065
v 44.7515 -86.7698 23.9969
vn 0.997661 -0.0200134 0.0653643
v 44.6531 -86.9147 23.9564
vn -0.997119 -0.0272766 0.0707759
v 44.6531 -87.3023 11.3557
vn -0.956984 -0.256591 -0.135438
v 44.6531 -87.4273 11.7814
vn -0.956907 -0.290182 -0.0110791
v 44.6531 -87.1399 11.7814
vn -0.998982 0.0447851 -0.00535443
v 44.6531 -87.4073 11.6144
vn -0.255951 -0.925707 -0.278489
v 44.6531 -87.235 11.2658
vn -0.916317 -0.284667 -0.281653
v 44.6531 -87.1105 11.1527
vn -0.997291 -0.0416499 -0.0606353
v 44.6531 -87.0702 11.6849
vn -0.959078 0.0856528 0.269876
v 44.6531 -86.9959 11.682
vn -0.994309 -0.0406257 0.0984863
v 44.6531 -87.1277 11.732
vn -0.986282 0.136034 0.0935052
v 44.6531 -87.4273 12.4926
vn -0.927207 -0.374485 0.00689829
v 44.6531 -87.4052 12.6684
vn -0.377031 -0.902661 0.207485
v 44.6531 -87.3483 12.8363
vn -0.985046 -0.155008 0.075214
v 44.6531 -87.2516 12.9848
vn -0.99822 -0.046471 0.0373898
v 44.6531 -87.1109 11.8499
vn -0.999286 0.0244373 -0.0287996
v 44.6531 -86.4626 19.5094
vn -0.998281 -0.0465556 -0.0356064
v 44.6531 -88.6651 22.3055
vn -0.988775 -0.118906 -0.0904696
v 44.6531 -87.1277 21.5745
vn -0.999992 0.00333969 0.00241214
v 44.6531 -87.1272 13.1111
vn -0.99646 -0.0543397 0.0641477
v 44.6531 -87.0212 11.8839
vn -0.993001 0.00252871 -0.118081
v 44.6531 -86.9959 21.5245
vn -0.997327 -0.027864 0.0675496
v 44.6531 -87.0702 21.5274
vn -0.995162 0.0348368 0.0918614
v 44.6531 -86.9422 11.7334
vn -0.996418 -0.0748886 0.0392777
v 44.6531 -86.9144 11.0455
vn -0.992839 -0.0432267 -0.111368
v 44.6531 -86.6447 13.4914
vn -0.996197 -0.0553447 0.0672938
v 44.6531 -86.954 11.8519
vn -0.999721 -0.015701 -0.0176509
v 44.6531 -86.6832 10.9942
vn -0.999124 -0.000567032 -0.0418422
v 44.6531 -86.9304 11.8068
vn -0.99966 -0.0258857 -0.00318539
v 44.6531 -86.5203 13.6176
vn -0.999474 -0.025273 0.0203416
v 44.6531 -86.4236 13.7661
vn -0.999892 -0.0132069 0.00640933
v 44.6531 -86.9422 21.6719
vn -0.999982 -0.00571406 -0.00202818
v 44.6531 -86.9422 21.5759
vn -0.992124 -0.118055 0.0418749
v 44.6531 -86.3867 24.1793
vn -0.999954 -0.00582706 0.0075999
v 44.6531 -86.3668 13.934
vn -0.999269 -0.0372611 0.00856477
v 44.6531 -85.4838 12.025
vn -0.999993 0.00348332 -0.00131862
v 44.6531 -86.3446 14.1098
vn -0.997982 -0.0635024 0.000377455
v 44.6531 -86.3568 19.2178
vn -0.999967 -0.00794084 -0.0015406
v 44.6531 -86.1737 24.4749
vn -0.999958 -0.00870162 0.00298413
v 44.6531 -85.4586 16.7486
vn -1 -0.000398699 -0.000119308
v 44.6531 -86.3446 19.0872
vn -0.968133 -0.250436 -0.000302882
v 44.6531 -85.5195 16.802
vn -0.997269 -0.035892 -0.064542
v 44.6531 -86.3881 19.3451
vn -0.999043 -0.0407536 -0.0158679
v 44.6531 -86.2609 24.3132
vn -0.99905 -0.036287 0.0241238
v 44.6531 -88.6714 22.5097
vn -0.0459064 -0.99859 0.0266746
v 44.6531 -88.6549 22.5844
vn -0.466085 -0.808479 0.359342
v 44.6531 -87.1399 21.6239
vn -0.999925 0.0121726 0.00145534
v 44.6531 -88.6137 22.6489
vn -0.893686 -0.248996 0.373264
v 44.6531 -87.4273 22.7066
vn -0.997273 -0.0175787 0.0716702
v 44.6531 -88.4745 22.7066
vn -0.966338 -0.0151211 0.25683
v 44.6531 -87.0702 21.7204
vn -0.999738 0.00692234 -0.0218102
v 44.6531 -87.1277 21.6733
vn -0.9827 0.152624 -0.104909
v 44.6531 -86.9959 21.7233
vn -0.999625 -0.0104326 -0.0253074
v 44.6531 -86.5941 24.0505
vn -0.999714 -0.00930337 0.0220425
v 44.6531 -86.1125 24.7336
vn -0.999924 -0.0123656 0.000262295
v 44.6531 -85.3703 27.5605
vn -0.999336 0.00198982 0.0363842
v 44.6531 -85.4838 27.6796
vn -0.99998 0.00613504 0.00162007
v 44.6531 -86.1123 27.9231
vn -0.963464 -0.267831 0.00160897
v 44.6531 -85.6635 16.7027
vn -0.999984 0.00572203 -0.000165454
v 44.6531 -85.4838 11.9316
vn -0.996919 0.0758357 0.0200314
v 44.6531 -85.4514 11.8687
vn -0.995603 0.0695785 0.0627205
v 44.6531 -85.3917 12.1447
vn -0.999632 0.000935472 -0.0271065
v 44.6531 -85.57 16.5971
vn -0.999989 0.000432526 0.00469667
v 44.6531 -85.37 11.8124
vn -0.99883 0.00256753 0.0482857
v 44.6531 -85.4986 16.6178
vn -0.999172 -0.0240028 0.0328393
v 44.6531 -83.6835 11.8118
vn -0.983021 -0.00630473 0.183385
v 44.6531 -83.9045 10.9941
vn -0.989236 0.00103022 -0.146326
v 44.6531 -85.6344 16.6342
vn -0.99721 0.0558885 0.0494782
v 44.6531 -85.57 16.8082
vn -0.997794 0.0157626 -0.0644913
v 44.6531 -85.6344 16.7711
vn -0.997894 0.0485433 -0.043028
v 44.6531 -85.454 16.6772
vn -0.999999 -0.00162478 0.000496498
v 44.6531 -83.7246 27.5591
vn -0.999924 -0.00018049 0.0123288
v 44.6531 -83.7116 12.1445
vn -0.99974 -0.00105616 -0.0227845
v 44.6531 -83.6725 11.0455
vn -0.993568 0.0409443 -0.105573
v 44.6531 -83.4763 11.1527
vn -0.99706 0.0466201 -0.0608046
v 44.6531 -83.5912 11.9316
vn -0.998311 -0.0543287 0.020579
v 44.6531 -83.3182 11.3108
vn -0.993809 0.0903256 -0.0646968
v 44.6531 -83.2111 11.5069
vn -0.28963 0.883933 -0.36712
v 44.6531 -83.1596 11.7395
vn -0.927585 0.373613 -0.000466626
v 44.6531 -83.5912 12.025
vn -0.997712 -0.0646157 -0.0198911
v 44.6531 -83.6352 12.101
vn -1 -0.000397882 -0.000372744
v 44.6531 -83.601 27.6349
vn -1 -0.000492631 0.00031635
v 44.6531 -83.1596 27.9651
vn -0.994085 0.108602 0.000269462
v 44.6531 -85.9536 28.3938
vn -0.997138 -0.0598772 0.0461607
v 44.6531 -85.4919 28.6905
vn -0.999003 -0.00947829 0.0436139
v 44.6531 -85.3918 27.8927
vn -0.992435 0.00428939 -0.122695
v 44.6531 -85.4838 27.7729
vn -0.999334 0.0341277 -0.0129176
v 44.6531 -85.652 28.6394
vn -0.993841 -0.0443053 0.101576
v 44.6531 -85.4514 27.6167
vn -0.998379 0.0423115 0.0380587
v 44.6531 -85.7956 28.5519
vn -0.997228 -0.0470451 0.0576521
v 44.6531 -86.0924 28.0901
vn -0.160288 -0.964548 0.209653
v 44.6531 -86.0412 28.2502
vn -0.378569 -0.849238 0.368076
v 44.6531 -85.3249 28.7105
vn -0.973858 -0.00190319 0.22715
v 44.6531 -83.947 28.7105
vn -0.997908 0.0015064 0.0646382
v 44.6531 -83.7501 27.8936
vn -0.993988 -0.00101235 -0.109486
v 44.6531 -83.6199 28.6394
vn -0.97881 0.0814306 0.187883
v 44.6531 -83.6814 27.8769
vn -0.998175 -0.0250802 -0.0549391
v 44.6531 -83.78 28.6905
vn -0.994474 0.0223001 0.102591
v 44.6531 -83.4763 28.5519
vn -0.990235 0.0851168 0.11041
v 44.6531 -83.5912 27.7729
vn -0.995629 -0.0914595 -0.0189341
v 44.6531 -83.6237 27.8359
vn -0.989403 -0.100677 -0.104619
v 44.6531 -83.3182 28.3938
vn -0.997708 0.0536978 0.0411744
v 44.6531 -83.2111 28.1976
vn -0.36428 0.868342 0.336574
v 44.7023 -86.343 24.2167
vn 0.0234225 -0.666493 0.745143
v 44.7023 -86.5392 24.0735
vn 0.0299058 -0.412936 0.910269
v 44.7515 -86.1272 24.6231
vn 0.999998 -0.00210926 0.000464384
v 44.7515 -86.5941 24.0505
vn 0.999727 -0.00910311 0.0215329
v 44.7515 -86.4332 24.1392
vn 0.998881 -0.0279656 0.0381466
v 44.7515 -86.3006 24.2663
vn 0.999938 -0.00893752 0.00661348
v 44.7515 -86.1123 24.7735
vn 0.969667 -0.244427 0.000567372
v 44.7515 -86.1737 24.4749
vn 0.999961 -0.00793186 0.00398733
v 44.7023 -85.4785 28.6954
vn 0 -0.257552 0.966264
v 44.7515 -85.3249 28.7105
vn 0.992168 -0.00193923 0.124897
v 44.7023 -85.7624 28.5778
vn 0 -0.484754 0.874651
v 44.7023 -85.8817 28.4799
vn 0.0334629 -0.710467 0.702934
v 44.7515 -85.4919 28.6905
vn 0.999206 -0.00846136 0.0389279
v 44.7515 -85.652 28.6394
vn 0.993842 -0.0443019 0.101568
v 44.7515 -85.7956 28.5519
vn 0.997444 -0.0464199 0.0543175
v 44.7515 -85.9873 28.3488
vn 0.995126 -0.0799918 0.0576648
v 44.7515 -86.0924 28.0901
vn 0.0809276 -0.973978 0.211703
v 44.7515 -86.0412 28.2502
vn 0.502524 -0.801036 0.325285
v 44.7515 -86.1123 27.9231
vn 0.990253 -0.139281 0.00083768
v 44.7515 -83.947 28.7105
vn 0.993856 0.000755977 0.11068
v 44.7515 -87.3561 11.4543
vn 0.932156 -0.332202 -0.143966
v 44.7515 -87.1338 11.7567
vn 0.99929 0.0365808 0.00901239
v 44.7515 -87.4273 11.7814
vn 0.891828 -0.452339 -0.00567814
v 44.7515 -87.2687 11.3108
vn 0.9517 -0.239865 -0.191654
v 44.7515 -87.4073 11.6144
vn 0.107803 -0.977673 -0.180373
v 44.7515 -87.1105 11.1527
vn 0.986303 -0.10585 -0.126503
v 44.7515 -87.094 11.6939
vn 0.948165 0.187998 0.256204
v 44.7515 -87.0212 11.6789
vn 0.994344 -0.00697308 0.105976
v 44.7515 -87.4273 12.4926
vn 0.97195 -0.23507 0.00748702
v 44.7515 -87.4052 12.6684
vn 0.377031 -0.902661 0.207485
v 44.7515 -87.3483 12.8363
vn 0.984547 -0.157552 0.0764481
v 44.7515 -87.2516 12.9848
vn 0.998863 -0.0371426 0.0298843
v 44.7515 -87.1277 11.8308
vn 0.998536 0.0486052 -0.0237445
v 44.7515 -86.5136 19.5745
vn 0.975296 -0.173753 -0.136411
v 44.7515 -87.1109 21.5554
vn 0.999953 0.00754754 0.00615363
v 44.7515 -88.6668 22.3073
vn 0.996739 -0.0667724 -0.0453135
v 44.7515 -87.1272 13.1111
vn 0.989394 -0.092271 0.112189
v 44.7515 -87.0702 11.8779
vn 0.99744 0.025358 -0.0668656
v 44.7515 -87.0212 21.5215
vn 0.997191 0.0016034 0.0748796
v 44.7515 -86.9959 11.8808
vn 0.990646 -0.0520349 -0.126146
v 44.7515 -86.954 11.7109
vn 0.957858 -0.19091 0.21462
v 44.7515 -86.9144 11.0455
vn 0.993954 -0.0397061 -0.10237
v 44.7515 -86.9304 11.756
vn 0.99506 -0.0985294 0.0121259
v 44.7515 -86.9422 11.8293
vn 0.999914 -0.0116397 -0.0061044
v 44.7515 -86.6447 13.4914
vn 0.998668 -0.0333462 0.0393667
v 44.7515 -86.6825 10.9941
vn 0.996821 -0.000567183 -0.0796668
v 44.7515 -86.5203 13.6176
vn 0.999474 -0.0252619 0.0203327
v 44.7515 -86.4236 13.7661
vn 0.999873 -0.0145758 0.00640362
v 44.7515 -86.4423 19.4645
vn 0.999897 -0.0128017 -0.00650301
v 44.7515 -86.9304 21.624
vn 0.999982 -0.00592537 0
v 44.7515 -86.954 21.5534
vn 0.995744 -0.0672086 0.0630652
v 44.7515 -85.4838 12.025
vn 0.999994 0.00334381 -0.000730055
v 44.7515 -86.3446 14.0839
vn 0.992131 -0.125203 0.000715822
v 44.7515 -86.3448 19.1556
vn 0.998396 -0.0566071 -0.000583717
v 44.7515 -85.4633 16.7574
vn 1 -0.000358358 -0.00025265
v 44.7515 -85.5448 16.8051
vn 0.998131 -0.0113889 -0.0600371
v 44.7515 -86.3881 19.3451
vn 0.999238 -0.0374433 -0.0110597
v 44.7515 -88.6631 22.5471
vn 0.326179 -0.932362 0.155909
v 44.7515 -87.1338 21.6486
vn 0.99992 0.0125104 -0.00176968
v 44.7515 -88.5492 22.6901
vn 0.83212 -0.212371 0.512324
v 44.7515 -88.6137 22.6489
vn 0.785308 -0.495905 0.370636
v 44.7515 -87.4273 22.7066
vn 0.998719 -0.0354402 0.0361234
v 44.7515 -88.4745 22.7066
vn 0.90159 -0.00330048 0.43258
v 44.7515 -87.0212 21.7264
vn 0.999899 -0.000934664 -0.0142083
v 44.7515 -87.094 21.7114
vn 0.988823 0.088205 -0.120206
v 44.7515 -86.954 21.6944
vn 0.999279 -0.0276738 -0.0259929
v 44.7515 -85.3387 27.5591
vn 0.997908 0.000840289 0.0646517
v 44.7515 -85.4771 27.6568
vn 0.999959 0.00845814 0.00329073
v 44.7515 -85.6574 16.678
vn 0.999982 0.0056038 0.00226214
v 44.7515 -85.4771 11.9087
vn 0.995196 0.0912352 0.0355186
v 44.7515 -85.4334 11.8531
vn 0.993988 0.0627869 0.0896956
v 44.7515 -85.4334 12.1034
vn 0.999995 0.00220015 -0.00245761
v 44.7515 -85.5938 16.6061
vn 0.999986 0.00254112 0.00459571
v 44.7515 -85.3384 11.811
vn 0.99594 0.00114439 0.0900087
v 44.7515 -85.5195 16.6033
vn 0.999791 -0.0062594 0.0194389
v 44.7515 -85.3385 12.1455
vn 0.999784 0.000414607 -0.0207744
v 44.7515 -83.947 10.994
vn 0.996876 0.00066693 -0.0789796
v 44.7515 -83.7501 11.8109
vn 0.995007 -0.00199159 0.099789
v 44.7515 -85.6176 16.7901
vn 0.997865 0.0304461 -0.0577818
v 44.7515 -85.6513 16.7521
vn 0.994044 0.101821 -0.038837
v 44.7515 -85.4598 16.6517
vn 0.999993 -0.00366117 0.00123624
v 44.7515 -83.7363 27.5591
vn 0.99998 -0.000185805 0.00629732
v 44.7515 -83.7366 12.1455
vn 0.999082 -0.00053726 -0.042826
v 44.7515 -83.78 11.0139
vn 0.997987 0.013488 -0.0619646
v 44.7515 -83.6199 11.0652
vn 0.995292 0.0387506 -0.0888409
v 44.7515 -83.4763 11.1527
vn 0.996287 0.0559263 -0.0654594
v 44.7515 -83.6417 11.8531
vn 0.997925 -0.041595 0.0491489
v 44.7515 -83.5912 11.9316
vn 0.998656 -0.0506383 0.0110585
v 44.7515 -83.2846 11.3557
vn 0.988172 0.128277 -0.0840328
v 44.7515 -83.2111 11.5069
vn 0.274225 0.907878 -0.31711
v 44.7515 -83.1596 11.7394
vn 0.994143 0.108073 -0.000268147
v 44.7515 -83.5979 12.0478
vn 0.994382 -0.097776 -0.0405547
v 44.7515 -83.6417 12.1034
vn 1 -0.000382257 -0.000582232
v 44.7515 -83.601 27.6349
vn 1 -0.000430461 0.000265696
v 44.7515 -85.4838 27.7729
vn 0.999355 0.0350748 -0.00766169
v 44.7515 -85.4334 27.8514
vn 0.992776 0.0800478 -0.089372
v 44.7515 -85.4334 27.6011
vn 0.998334 0.0331273 0.0472477
v 44.7515 -85.3386 27.8935
vn 0.998057 0.00121731 -0.0622934
v 44.7515 -83.7171 27.8933
vn 0.979121 -0.00579922 -0.203198
v 44.7515 -83.6199 28.6394
vn 0.994614 0.0389935 0.0960385
v 44.7515 -83.6417 27.8514
vn 0.9964 -0.053682 -0.0656119
v 44.7515 -83.78 28.6905
vn 0.96852 0.0528763 0.243256
v 44.7515 -83.1596 27.965
vn 0.91755 0.39762 0.000496588
v 44.7515 -83.5213 28.5855
vn 0.983238 0.106618 0.147903
v 44.7515 -83.5979 27.7958
vn 0.994534 -0.0989669 -0.0332912
v 44.7515 -83.3182 28.3938
vn 0.997779 0.0518988 0.0417599
v 44.7515 -83.2111 28.1976
vn 0.364541 0.868261 0.336502
v 44.7023 -83.1747 28.0767
vn 4.32509e-05 0.959618 0.281308
v 44.7023 -83.2923 28.3606
vn 0 0.880534 0.473982
v 44.7023 -83.3902 28.4799
vn 0.0334671 0.702934 0.710467
v 44.7023 -83.7934 11.0091
vn -0.0222795 0.268479 -0.963028
v 44.7023 -83.5095 11.1267
vn -0.0205298 0.478952 -0.877601
v 44.7023 -83.3902 11.2246
vn 0.0332836 0.710512 -0.702897
v 44.7023 -83.1747 11.6278
vn -5.71957e-05 0.976359 -0.216154
v 44.7023 -86.7935 11.0091
vn 0.00025036 -0.281893 -0.959446
v 44.7023 -87.0774 11.1267
vn 0 -0.495527 -0.868593
v 44.7023 -87.2534 12.9862
vn 0 -0.779124 0.62687
v 44.7023 -87.4073 12.669
vn 0 -0.974585 0.224017
v 44.7023 -86.5186 13.6162
vn 0 -0.779012 0.627009
v 44.7023 -86.3646 13.9335
vn -0.0630443 -0.970719 0.231798
v 44.7023 -85.389 27.8809
vn -0.0755135 0.60625 -0.791681
v 44.7023 -85.4795 27.7903
vn 0.0191289 0.823704 -0.566697
v 44.7023 -85.4923 27.7263
vn -0.0282148 0.999546 0.0105915
v 44.7023 -83.6861 27.5717
vn -0.0281985 -0.560166 0.8279
v 44.7023 -83.5955 27.6622
vn 2.03192e-09 -0.831485 0.555547
v 44.7023 -83.5828 27.7263
vn -0.0429216 -0.998708 0.0271951
v 44.7023 -85.389 12.1328
vn -0.0754569 0.606008 -0.791872
v 44.7023 -85.4795 12.0423
vn 0.0192097 0.823596 -0.566852
v 44.7023 -85.4923 11.9782
vn -0.0282203 0.999546 0.0105822
v 44.7023 -83.6861 11.8237
vn -0.0974224 -0.574169 0.81292
v 44.7023 -83.5955 11.9142
vn 0.0193852 -0.823374 0.567167
v 44.7023 -83.5828 11.9782
vn -0.0279972 -0.999552 -0.0105823
v 30.2338 -87.4152 23.3579
vn 0 -0.972953 0.231004
v 30.283 -87.4273 23.2203
vn 0.758472 -0.651456 0.0180327
v 30.283 -87.4113 23.37
vn 0.279465 -0.942591 0.182814
v 30.1846 -87.4273 23.2203
vn -0.563319 -0.826131 0.013393
v 30.283 -87.3702 23.5147
vn 0.457212 -0.829818 0.319936
v 30.283 -87.2994 23.6475
vn 0.991557 -0.106137 0.0744969
v 30.2338 -87.3205 23.6162
vn 0 -0.899296 0.437341
v 30.1846 -87.4113 23.37
vn -0.279465 -0.942591 0.182814
v 30.1846 -87.3702 23.5147
vn -0.457212 -0.829818 0.319936
v 30.2338 -87.2409 23.7291
vn -0.0267725 -0.760026 0.649341
v 30.1846 -87.2994 23.6475
vn -0.992545 -0.0983123 0.0720297
v 30.1846 -87.133 23.8342
vn -0.999026 -0.027037 0.0348758
v 30.283 -87.1701 23.8003
vn 0.999398 -0.023739 0.0253185
v 30.283 -87.0508 23.892
vn 0.995302 -0.049065 0.0834681
v 30.283 -86.9147 23.9564
vn 0.999277 -0.0132924 0.0356065
v 30.283 -86.7698 23.9969
vn 0.997661 -0.0200138 0.0653654
v 30.1846 -86.9147 23.9564
vn -0.997119 -0.0272765 0.0707755
v 30.1846 -87.3023 11.3557
vn -0.956259 -0.258695 -0.136548
v 30.1846 -87.4273 11.7814
vn -0.969681 -0.24431 -0.00555052
v 30.1846 -87.1338 11.7567
vn -0.998762 0.0483053 0.0119029
v 30.1846 -87.4073 11.6144
vn -0.203847 -0.947357 -0.246904
v 30.1846 -87.235 11.2658
vn -0.903401 -0.304814 -0.301587
v 30.1846 -87.1105 11.1527
vn -0.997424 -0.0406165 -0.0591309
v 30.1846 -87.0702 11.6849
vn -0.950728 0.133612 0.279756
v 30.1846 -86.9959 11.682
vn -0.994309 -0.0406257 0.0984863
v 30.1846 -87.4273 12.4926
vn -0.929748 -0.368135 0.00678127
v 30.1846 -87.4052 12.6684
vn -0.377037 -0.902659 0.207484
v 30.1846 -87.3483 12.8363
vn -0.985046 -0.155007 0.0752135
v 30.1846 -87.2516 12.9848
vn -0.99822 -0.0464701 0.0373891
v 30.1846 -87.1109 11.8499
vn -0.99907 0.0322774 -0.028594
v 30.1846 -86.4626 19.5094
vn -0.99831 -0.0461606 -0.0353037
v 30.1846 -88.6516 22.2879
vn -0.988806 -0.118746 -0.0903468
v 30.1846 -87.1338 21.5992
vn -0.999982 0.00587264 0.0014471
v 30.1846 -87.1272 13.1111
vn -0.99646 -0.0543395 0.0641476
v 30.1846 -87.0212 11.8839
vn -0.993001 0.00252871 -0.118081
v 30.1846 -86.975 21.5389
vn -0.997462 -0.0317337 0.0637311
v 30.1846 -87.0702 21.5274
vn -0.99575 0.0326537 0.0861122
v 30.1846 -86.9422 11.7334
vn -0.996418 -0.0748885 0.0392776
v 30.1846 -86.9144 11.0455
vn -0.992839 -0.043225 -0.111363
v 30.1846 -86.6447 13.4914
vn -0.996197 -0.0553446 0.0672937
v 30.1846 -86.954 11.8519
vn -0.999721 -0.015701 -0.0176509
v 30.1846 -86.6832 10.9942
vn -0.99913 -0.000565073 -0.0416934
v 30.1846 -86.9304 11.8068
vn -0.99966 -0.0258856 -0.00318539
v 30.1846 -86.5203 13.6176
vn -0.999474 -0.0252725 0.0203412
v 30.1846 -86.4236 13.7661
vn -0.999892 -0.0132068 0.00640929
v 30.1846 -86.9422 21.6719
vn -0.999984 -0.00517144 -0.00236016
v 30.1846 -86.3867 24.1793
vn -0.999954 -0.00582671 0.00759945
v 30.1846 -86.3668 13.934
vn -0.999269 -0.0372604 0.0085646
v 30.1846 -85.4838 12.025
vn -0.999995 0.00305947 -0.000819933
v 30.1846 -86.3446 14.1098
vn -0.997823 -0.0659542 0.000392024
v 30.1846 -86.3568 19.2178
vn -0.999968 -0.00790339 -0.00153334
v 30.1846 -86.1737 24.4749
vn -0.999986 -0.004907 0.00211811
v 30.1846 -85.4633 16.7574
vn -1 -0.00031898 -0.000305878
v 30.1846 -86.3446 19.0872
vn -0.967762 -0.251868 -0.000304613
v 30.1846 -85.5448 16.8051
vn -0.99848 0.00428443 -0.0549469
v 30.1846 -86.3881 19.3451
vn -0.999043 -0.0407536 -0.0158679
v 30.1846 -86.2609 24.3132
vn -0.99905 -0.0362869 0.0241236
v 30.1846 -88.6714 22.5097
vn -0.157628 -0.987329 -0.0182867
v 30.1846 -88.6549 22.5844
vn -0.464551 -0.818048 0.339101
v 30.1846 -88.6137 22.6489
vn -0.918444 -0.279695 0.2797
v 30.1846 -88.5492 22.6901
vn -0.860431 -0.195128 0.470727
v 30.1846 -87.4273 22.7066
vn -0.99925 -0.0170502 0.0347577
v 30.1846 -88.4745 22.7066
vn -0.909442 -0.0031726 0.41582
v 30.1846 -87.0464 21.7294
vn -0.999777 0.00501799 -0.0205294
v 30.1846 -87.1109 21.6923
vn -0.984673 0.14563 -0.0959777
v 30.1846 -86.9959 21.7233
vn -0.999639 -0.0124392 -0.0238289
v 30.1846 -86.9304 21.5985
vn -0.987525 -0.151749 0.042026
v 30.1846 -86.5941 24.0505
vn -0.999714 -0.00930283 0.0220412
v 30.1846 -86.1272 24.6231
vn -0.999998 -0.0020878 0.000463201
v 30.1846 -86.1123 24.7735
vn -0.991336 -0.131347 0.000591774
v 30.1846 -85.3703 27.5605
vn -0.999398 0.00190823 0.0346432
v 30.1846 -85.4838 27.6796
vn -0.999979 0.00619589 0.00163612
v 30.1846 -86.1123 27.9231
vn -0.964451 -0.264261 0.000813335
v 30.1846 -85.6574 16.678
vn -0.99998 0.00612354 0.00182862
v 30.1846 -85.4838 11.9316
vn -0.99716 0.0713104 0.0242386
v 30.1846 -85.4334 11.8531
vn -0.992659 0.0776454 0.0927335
v 30.1846 -85.4334 12.1034
vn -0.999995 0.00215666 -0.00241014
v 30.1846 -85.5938 16.6061
vn -0.999977 0.00170768 0.00655597
v 30.1846 -85.3385 11.811
vn -0.998999 0.0011207 0.0447086
v 30.1846 -85.4986 16.6178
vn -0.999785 -0.0119886 0.0169399
v 30.1846 -85.3384 12.1455
vn -0.999126 0.000421363 -0.0417923
v 30.1846 -83.7501 11.8109
vn -0.978539 -0.00209385 0.206052
v 30.1846 -83.9045 10.9941
vn -0.988765 0.0010523 -0.149477
v 30.1846 -85.6344 16.7711
vn -0.997704 0.054833 -0.0397423
v 30.1846 -85.454 16.6772
vn -0.999996 -0.00274615 0.00039981
v 30.1846 -83.7364 27.5591
vn -0.999924 -0.000180267 0.0122992
v 30.1846 -83.7366 12.1455
vn -0.999766 -0.000565205 -0.0216328
v 30.1846 -83.6725 11.0455
vn -0.996074 0.0320095 -0.0825347
v 30.1846 -83.6417 11.8531
vn -0.998458 -0.0358627 0.0423756
v 30.1846 -83.4763 11.1527
vn -0.996468 0.0510969 -0.0666404
v 30.1846 -83.5912 11.9316
vn -0.996283 -0.0848105 0.0150594
v 30.1846 -83.3182 11.3108
vn -0.993809 0.0903246 -0.064696
v 30.1846 -83.2111 11.5069
vn -0.289633 0.883931 -0.367121
v 30.1846 -83.1596 11.7395
vn -0.927585 0.373613 -0.000466616
v 30.1846 -83.5912 12.025
vn -0.99684 -0.0767576 -0.0204587
v 30.1846 -83.6352 12.101
vn -1 -0.000492082 -0.00057399
v 30.1846 -83.601 27.6349
vn -1 -0.000490047 0.000330336
v 30.1846 -83.1596 27.9651
vn -0.994085 0.108602 0.000269455
v 30.1846 -85.9536 28.3938
vn -0.997138 -0.0598765 0.0461601
v 30.1846 -85.4919 28.6905
vn -0.999206 -0.00846103 0.0389264
v 30.1846 -85.4334 27.8514
vn -0.992778 0.0800347 -0.089368
v 30.1846 -85.4838 27.7729
vn -0.999448 0.0321005 -0.00861064
v 30.1846 -85.652 28.6394
vn -0.993841 -0.0443036 0.101572
v 30.1846 -85.4514 27.6167
vn -0.998342 0.0427905 0.0384896
v 30.1846 -85.7956 28.5519
vn -0.997228 -0.0470432 0.0576499
v 30.1846 -85.3385 27.8935
vn -0.992529 0.00124983 -0.122003
v 30.1846 -86.0924 28.0901
vn -0.107564 -0.977738 0.180162
v 30.1846 -86.0412 28.2502
vn -0.378569 -0.849238 0.368076
v 30.1846 -85.3249 28.7105
vn -0.973849 -0.00190348 0.227187
v 30.1846 -83.947 28.7105
vn -0.99828 0.000757707 0.0586264
v 30.1846 -83.7099 27.8932
vn -0.994422 -0.0043923 -0.105385
v 30.1846 -83.6199 28.6394
vn -0.98161 0.0759091 0.175155
v 30.1846 -83.78 28.6905
vn -0.981835 0.034385 0.186593
v 30.1846 -83.4763 28.5519
vn -0.990235 0.0851155 0.110409
v 30.1846 -83.5912 27.7729
vn -0.995629 -0.091458 -0.0189342
v 30.1846 -83.6237 27.8359
vn -0.991841 -0.089972 -0.0903124
v 30.1846 -83.3182 28.3938
vn -0.997708 0.0536957 0.0411728
v 30.1846 -83.2111 28.1976
vn -0.364294 0.868337 0.336572
v 30.2338 -86.343 24.2167
vn 0.0234224 -0.666493 0.745143
v 30.2338 -86.5392 24.0735
vn 0.0299059 -0.412936 0.910269
v 30.283 -86.5941 24.0505
vn 0.999727 -0.00910364 0.0215341
v 30.283 -86.4332 24.1392
vn 0.998881 -0.0279672 0.0381489
v 30.283 -86.3006 24.2663
vn 0.999938 -0.00893765 0.00661361
v 30.283 -86.1124 24.7298
vn 0.999731 -0.0231919 0.000262313
v 30.283 -86.1737 24.4749
vn 0.999923 -0.0114503 0.00476656
v 30.2338 -85.4785 28.6954
vn 0 -0.257552 0.966264
v 30.283 -85.3249 28.7105
vn 0.992185 -0.00193709 0.124757
v 30.2338 -85.7624 28.5778
vn 0 -0.484754 0.874651
v 30.2338 -85.8817 28.4799
vn 0.0334629 -0.710467 0.702934
v 30.283 -85.4919 28.6905
vn 0.998999 -0.00949799 0.0437039
v 30.283 -85.652 28.6394
vn 0.993841 -0.0443036 0.101572
v 30.283 -85.7956 28.5519
vn 0.997444 -0.0464217 0.0543196
v 30.283 -85.9873 28.3488
vn 0.995126 -0.0799924 0.0576653
v 30.283 -86.0412 28.2502
vn 0.502524 -0.801036 0.325285
v 30.283 -86.0924 28.0901
vn 0.107588 -0.964302 0.241965
v 30.283 -86.1123 27.9231
vn 0.989249 -0.146229 0.00165759
v 30.283 -83.947 28.7105
vn 0.993245 0.00149819 0.116029
v 30.283 -87.3561 11.4543
vn 0.937939 -0.318204 -0.137899
v 30.283 -87.1338 11.8061
vn 0.999411 0.0333104 -0.00820804
v 30.283 -87.4273 11.7814
vn 0.874622 -0.484681 -0.0110116
v 30.283 -87.2687 11.3108
vn 0.96363 -0.208781 -0.166818
v 30.283 -87.4073 11.6144
vn 0.16062 -0.964435 -0.209922
v 30.283 -87.1105 11.1527
vn 0.984644 -0.112027 -0.133886
v 30.283 -87.1109 11.713
vn 0.987152 0.119602 0.105953
v 30.283 -87.0212 11.6789
vn 0.994048 0.00233219 0.108915
v 30.283 -87.4273 12.4926
vn 0.968009 -0.250787 0.00798767
v 30.283 -87.4052 12.6684
vn 0.377025 -0.902664 0.207485
v 30.283 -87.3483 12.8363
vn 0.984684 -0.156857 0.0761111
v 30.283 -87.2516 12.9848
vn 0.998938 -0.035891 0.0288773
v 30.283 -86.5136 19.5745
vn 0.975447 -0.173221 -0.136003
v 30.283 -87.1109 21.5554
vn 0.99996 0.00671485 0.00594856
v 30.283 -88.6654 22.3055
vn 0.996742 -0.0663938 -0.0457967
v 30.283 -87.1272 13.1111
vn 0.989394 -0.0922712 0.11219
v 30.283 -87.0702 11.8779
vn 0.997275 0.0317922 -0.0665664
v 30.283 -87.0212 21.5215
vn 0.996683 -0.00306461 0.0813202
v 30.283 -86.9959 11.8808
vn 0.990646 -0.0520349 -0.126146
v 30.283 -86.954 11.7109
vn 0.957858 -0.19091 0.21462
v 30.283 -86.9144 11.0455
vn 0.993953 -0.0397076 -0.102374
v 30.283 -86.9304 11.756
vn 0.99506 -0.0985296 0.0121259
v 30.283 -86.9422 11.8293
vn 0.999914 -0.0116397 -0.00610441
v 30.283 -86.6447 13.4914
vn 0.998668 -0.0333463 0.0393668
v 30.283 -86.6825 10.9941
vn 0.996804 -0.000568722 -0.0798886
v 30.283 -86.5203 13.6176
vn 0.999474 -0.0252624 0.0203331
v 30.283 -86.4236 13.7661
vn 0.999873 -0.014576 0.00640366
v 30.283 -86.4423 19.4645
vn 0.999897 -0.0128017 -0.00650299
v 30.283 -86.9304 21.624
vn 0.999986 -0.00536304 -0.000295231
v 30.283 -86.954 21.5534
vn 0.995744 -0.0707444 0.0590716
v 30.283 -85.4838 12.025
vn 0.999992 0.0037509 -0.001219
v 30.283 -86.3446 14.0839
vn 0.992672 -0.120835 0.000690855
v 30.283 -86.3448 19.1556
vn 0.998396 -0.0566171 -0.00058382
v 30.283 -85.4586 16.7486
vn 1 -0.000367239 -0.000176418
v 30.283 -85.5448 16.8051
vn 0.997798 -0.0174484 -0.0639957
v 30.283 -86.3881 19.3451
vn 0.999238 -0.0374433 -0.0110597
v 30.283 -88.6714 22.5097
vn 0.331079 -0.931281 0.151997
v 30.283 -88.6137 22.6489
vn 0.693564 -0.563497 0.448821
v 30.283 -87.1338 21.6486
vn 0.999882 0.0151714 -0.0024239
v 30.283 -88.5492 22.6901
vn 0.953346 -0.115599 0.278871
v 30.283 -87.4273 22.7066
vn 0.996772 -0.0353603 0.0720839
v 30.283 -88.4745 22.7066
vn 0.966962 -0.00704831 0.254823
v 30.283 -87.0212 21.7264
vn 0.999919 -0.00153208 -0.0126357
v 30.283 -87.094 21.7114
vn 0.988822 0.0811055 -0.125116
v 30.283 -86.954 21.6944
vn 0.999279 -0.0276738 -0.0259929
v 30.283 -85.3387 27.5591
vn 0.997725 0.000873673 0.0674079
v 30.283 -85.4771 27.6568
vn 0.99996 0.00836726 0.00325538
v 30.283 -85.6635 16.7027
vn 0.999981 0.00612161 -0.000610721
v 30.283 -85.4771 11.9087
vn 0.994384 0.0969813 0.0423779
v 30.283 -85.4334 11.8531
vn 0.997745 0.0433857 0.0512078
v 30.283 -85.3926 12.1439
vn 0.999897 0.000936276 -0.0143381
v 30.283 -85.57 16.5971
vn 0.999995 0.000369116 0.00303212
v 30.283 -85.3624 11.8115
vn 0.9959 0.00217859 0.090437
v 30.283 -85.4986 16.6178
vn 0.999083 -0.0170554 0.0392802
v 30.283 -83.947 10.994
vn 0.997004 0.000653298 -0.077351
v 30.283 -83.6825 11.8126
vn 0.995298 -0.00632111 0.0966528
v 30.283 -85.6344 16.6342
vn 0.997253 0.0554586 0.0490975
v 30.283 -85.6344 16.7711
vn 0.997637 0.0376235 -0.0574958
v 30.283 -85.454 16.6772
vn 0.999997 -0.00235431 0.00104639
v 30.283 -83.7242 27.5592
vn 0.99998 -0.000186426 0.00634521
v 30.283 -83.7064 12.1448
vn 0.999957 -0.00037336 -0.00928705
v 30.283 -83.78 11.0139
vn 0.99792 0.0137126 -0.0629967
v 30.283 -83.6199 11.0652
vn 0.990893 0.0538336 -0.123421
v 30.283 -83.4763 11.1527
vn 0.996931 0.0508501 -0.0595204
v 30.283 -83.5912 11.9316
vn 0.999308 -0.0330366 0.017089
v 30.283 -83.2846 11.3557
vn 0.98717 0.133566 -0.0874984
v 30.283 -83.2111 11.5069
vn 0.274221 0.907879 -0.317109
v 30.283 -83.1596 11.7394
vn 0.976493 0.215547 -0.000534794
v 30.283 -83.5845 12.0021
vn 0.995619 -0.0934994 -0.000990584
v 30.283 -83.5979 12.0478
vn 0.999999 -0.00137205 -0.00103988
v 30.283 -83.601 27.6349
vn 1 -0.000510859 0.000299754
v 30.283 -83.1596 27.965
vn 0.975474 0.220113 0.000274908
v 30.283 -85.4838 27.7729
vn 0.999251 0.0367939 -0.0119514
v 30.283 -85.3927 27.8919
vn 0.99793 0.00432089 -0.0641703
v 30.283 -85.4334 27.6011
vn 0.998377 0.0326949 0.046631
v 30.283 -83.7501 27.8936
vn 0.977595 -0.000967194 -0.210491
v 30.283 -83.6199 28.6394
vn 0.995076 0.0372916 0.0918355
v 30.283 -83.6814 27.8769
vn 0.993615 -0.0615292 -0.0945657
v 30.283 -83.78 28.6905
vn 0.987683 0.0380809 0.15176
v 30.283 -83.5213 28.5855
vn 0.978476 0.120673 0.167399
v 30.283 -83.5979 27.7958
vn 0.99654 -0.0759012 -0.0338818
v 30.283 -83.3182 28.3938
vn 0.997779 0.0519011 0.0417614
v 30.283 -83.2111 28.1976
vn 0.364528 0.868265 0.336503
v 30.2338 -83.1747 28.0767
vn 4.24259e-05 0.959618 0.281308
v 30.2338 -83.2923 28.3606
vn 0 0.880534 0.473982
v 30.2338 -83.3902 28.4799
vn 0.0334671 0.702934 0.710467
v 30.2338 -83.7934 11.0091
vn -0.0222798 0.268478 -0.963028
v 30.2338 -83.5095 11.1267
vn -0.0205298 0.478953 -0.877601
v 30.2338 -83.3902 11.2246
vn 0.0332836 0.710512 -0.702897
v 30.2338 -83.1747 11.6278
vn -5.8356e-05 0.976359 -0.216154
v 30.2338 -86.7935 11.0091
vn 0.000249513 -0.281893 -0.959446
v 30.2338 -87.0774 11.1267
vn 0 -0.495527 -0.868593
v 30.2338 -87.2534 12.9862
vn 0 -0.779124 0.62687
v 30.2338 -87.4073 12.669
vn 0 -0.974585 0.224017
v 30.2338 -86.5186 13.6162
vn 0 -0.779012 0.627009
v 30.2338 -86.3646 13.9335
vn -0.0630445 -0.970719 0.231798
v 30.2338 -85.389 27.8809
vn 0.0750747 0.606099 -0.791838
v 30.2338 -85.4795 27.7903
vn -0.018262 0.824028 -0.566255
v 30.2338 -85.4923 27.7263
vn -0.0282148 0.999546 0.0105915
v 30.2338 -83.6861 27.5717
vn 0.0286824 -0.560412 0.827717
v 30.2338 -83.5955 27.6622
vn -1.39307e-13 -0.831485 0.555547
v 30.2338 -83.5828 27.7263
vn -0.0429216 -0.998708 0.0271951
v 30.2338 -85.389 12.1328
vn 0.0750185 0.605858 -0.792028
v 30.2338 -85.4795 12.0423
vn -0.0183482 0.823918 -0.566412
v 30.2338 -85.4923 11.9782
vn -0.0282203 0.999546 0.0105822
v 30.2338 -83.6861 11.8237
vn 0.096529 -0.574025 0.813128
v 30.2338 -83.5955 11.9142
vn -0.0174434 -0.848802 0.528422
v 34.1952 -78.7889 20.0992
vn -0.896641 -0.179195 -0.404876
v 34.0743 -78.7103 20.0491
vn 0 -1 0
v 34.1668 -78.7889 20.1416
vn -0.651156 -0.178786 -0.737585
v 34.1244 -78.7889 20.17
vn -0.290945 -0.178293 -0.93998
v 34.0243 -78.7889 20.17
vn 0.367431 -0.179153 -0.912633
v 33.9818 -78.7889 20.1416
vn 0.709737 -0.179145 -0.681308
v 33.9534 -78.7889 20.0992
vn 0.927247 -0.178799 -0.329005
v 33.9435 -78.7889 20.0491
vn 0.980617 -0.178288 0.0812611
v 33.9534 -78.7889 19.999
vn 0.860869 -0.17753 0.476851
v 33.9818 -78.7889 19.9566
vn 0.68175 -0.262925 0.682705
v 34.0243 -78.7889 19.9282
vn 0.366859 -0.179176 0.912858
v 34.0743 -78.7889 19.9183
vn -0.0409998 -0.17901 0.982993
v 34.1244 -78.7889 19.9282
vn -0.440725 -0.178562 0.879703
v 34.1668 -78.7889 19.9566
vn -0.7639 -0.177967 0.62031
v 34.1952 -78.7889 19.999
vn -0.890762 -0.264219 0.369772
v 34.2052 -78.7889 20.0491
vn -0.983778 -0.179388 0
v 34.0743 -78.7889 20.18
vn 0 -0.265187 -0.964197
v 33.9435 -79.1826 20.0491
vn 0.0369963 -0.999313 -0.002133
v 33.9585 -79.1826 19.9883
vn 0.031332 -0.999422 0.0131837
v 34 -79.1826 19.9414
vn 0.0327562 -0.998661 0.0400382
v 34.0586 -79.1826 19.9192
vn 0.000189984 -0.999999 0.00132369
v 34.1207 -79.1826 19.9268
vn -0.0407838 -0.991185 0.12605
v 34.1723 -79.1826 19.9623
vn -0.0442903 -0.997975 0.0456629
v 34.2014 -79.1826 20.0178
vn -0.060644 -0.99797 0.0194373
v 34.2014 -79.1826 20.0804
vn -0.0484755 -0.998761 -0.0112689
v 34.1723 -79.1826 20.1359
vn -0.0494941 -0.997955 -0.0404483
v 34.1207 -79.1826 20.1715
vn -0.000465122 -0.999999 -0.00101544
v 34.0586 -79.1826 20.179
vn 0.00313948 -0.998883 -0.047157
v 34 -79.1826 20.1568
vn 0.0352118 -0.998052 -0.0514989
v 33.9585 -79.1826 20.1099
vn 0.000502201 -1 -0.000284058
v 42.0692 -78.7889 20.0992
vn -0.896892 -0.179127 -0.404348
v 41.9483 -78.7103 20.0491
vn 0 -1 0
v 42.0792 -78.7889 20.0491
vn -0.983778 -0.179391 0
v 42.0409 -78.7889 20.1416
vn -0.651168 -0.178785 -0.737574
v 41.9984 -78.7889 20.17
vn -0.290759 -0.178346 -0.940027
v 41.8983 -78.7889 20.17
vn 0.367431 -0.179153 -0.912633
v 41.8275 -78.7889 20.0992
vn 0.927247 -0.178799 -0.329005
v 41.8175 -78.7889 20.0491
vn 0.980603 -0.178369 0.0812599
v 41.8275 -78.7889 19.999
vn 0.860869 -0.17753 0.476851
v 41.8558 -78.7889 19.9566
vn 0.682234 -0.262894 0.682234
v 41.8983 -78.7889 19.9282
vn 0.366859 -0.179176 0.912858
v 41.9984 -78.7889 19.9282
vn -0.440466 -0.178576 0.87983
v 42.0409 -78.7889 19.9566
vn -0.763912 -0.177968 0.620295
v 42.0692 -78.7889 19.999
vn -0.891091 -0.264253 0.368953
v 41.9483 -78.7889 20.18
vn 0 -0.265187 -0.964197
v 41.8558 -78.7889 20.1416
vn 0.710057 -0.179143 -0.680975
v 41.9483 -78.7889 19.9183
vn -0.0409998 -0.17901 0.982993
v 41.8175 -79.1826 20.0491
vn 0.0481011 -0.998839 -0.00280103
v 41.8325 -79.1826 19.9883
vn 0.0496952 -0.998545 0.0209417
v 41.874 -79.1826 19.9414
vn 0.0678114 -0.994253 0.0828385
v 41.9326 -79.1826 19.9192
vn 3.29049e-05 -1 0.000229261
v 41.9947 -79.1826 19.9268
vn -0.0151724 -0.998785 0.0468934
v 42.0463 -79.1826 19.9623
vn -0.0249158 -0.999359 0.0257086
v 42.0754 -79.1826 20.0178
vn -0.0422316 -0.999016 0.013516
v 42.0754 -79.1826 20.0804
vn -0.0417638 -0.99908 -0.0097096
v 42.0463 -79.1826 20.1359
vn -0.000447974 -1 -0.000365755
v 41.9947 -79.1826 20.1715
vn -0.0323567 -0.996974 -0.0706847
v 41.9326 -79.1826 20.179
vn 4.81477e-05 -1 -0.000723209
v 41.874 -79.1826 20.1568
vn 0.0473255 -0.996479 -0.0692158
v 41.8325 -79.1826 20.1099
vn 0.0472822 -0.998524 -0.0267128
v 42.0692 -78.7889 27.9732
vn -0.896998 -0.179154 -0.404102
v 41.9483 -78.7103 27.9231
vn 0 -1 0
v 42.0792 -78.7889 27.9231
vn -0.983787 -0.179339 0
v 42.0409 -78.7889 28.0157
vn -0.651174 -0.178784 -0.737569
v 41.9984 -78.7889 28.044
vn -0.290162 -0.17832 -0.940217
v 41.9483 -78.7889 28.054
vn 0 -0.265187 -0.964197
v 41.8983 -78.7889 28.044
vn 0.366875 -0.179099 -0.912867
v 41.8275 -78.7889 27.9732
vn 0.927313 -0.178845 -0.328793
v 41.8175 -78.7889 27.9231
vn 0.980605 -0.17833 0.0813144
v 41.8275 -78.7889 27.8731
vn 0.860869 -0.177527 0.476852
v 41.8558 -78.7889 27.8306
vn 0.682718 -0.262862 0.681763
v 41.8983 -78.7889 27.8022
vn 0.36687 -0.179177 0.912854
v 41.9483 -78.7889 27.7923
vn -0.0410101 -0.17901 0.982992
v 41.9984 -78.7889 27.8022
vn -0.440913 -0.17847 0.879627
v 42.0409 -78.7889 27.8306
vn -0.763947 -0.178018 0.620237
v 42.0692 -78.7889 27.8731
vn -0.891089 -0.264252 0.36896
v 41.8558 -78.7889 28.0157
vn 0.710057 -0.179145 -0.680975
v 41.8175 -79.1826 27.9231
vn 0.0481022 -0.998838 -0.00280106
v 41.8325 -79.1826 27.8623
vn 0.0496934 -0.998545 0.0209544
v 41.874 -79.1826 27.8154
vn 0.0677953 -0.994261 0.082759
v 41.9326 -79.1826 27.7932
vn 0.000160421 -0.999999 0.00111771
v 41.9947 -79.1826 27.8008
vn -0.0120236 -0.99924 0.0370893
v 42.0463 -79.1826 27.8364
vn -0.000105069 -1 0.000108413
v 42.0754 -79.1826 27.8918
vn -0.0533857 -0.998428 0.0170941
v 42.0754 -79.1826 27.9544
vn -0.0331895 -0.999419 -0.00771618
v 42.0463 -79.1826 28.0099
vn -0.0265812 -0.999411 -0.0216862
v 41.9947 -79.1826 28.0455
vn -0.0187005 -0.998988 -0.0409089
v 41.9326 -79.1826 28.053
vn 1.67726e-05 -1 -0.000251935
v 41.874 -79.1826 28.0308
vn 0.0472769 -0.996481 -0.0692165
v 41.8325 -79.1826 27.9839
vn 0.0473136 -0.998523 -0.0267126
v 34.1952 -78.7889 27.9732
vn -0.896747 -0.179221 -0.404629
v 34.0743 -78.7103 27.9231
vn 0 -1 0
v 34.2052 -78.7889 27.9231
vn -0.983788 -0.179336 0
v 34.1668 -78.7889 28.0157
vn -0.651162 -0.178785 -0.73758
v 34.1244 -78.7889 28.044
vn -0.290347 -0.178266 -0.94017
v 34.0743 -78.7889 28.054
vn 0 -0.265187 -0.964197
v 33.9818 -78.7889 28.0157
vn 0.709737 -0.179146 -0.681308
v 33.9534 -78.7889 27.9732
vn 0.927313 -0.178845 -0.328793
v 33.9435 -78.7889 27.9231
vn 0.98062 -0.17825 0.0813156
v 33.9534 -78.7889 27.8731
vn 0.860869 -0.177527 0.476852
v 33.9818 -78.7889 27.8306
vn 0.682234 -0.262894 0.682234
v 34.0243 -78.7889 27.8022
vn 0.36687 -0.179177 0.912854
v 34.0743 -78.7889 27.7923
vn -0.0410101 -0.17901 0.982992
v 34.1244 -78.7889 27.8022
vn -0.441172 -0.178457 0.8795
v 34.1668 -78.7889 27.8306
vn -0.763935 -0.178017 0.620252
v 34.1952 -78.7889 27.8731
vn -0.89076 -0.264217 0.369778
v 34.0243 -78.7889 28.044
vn 0.366875 -0.179099 -0.912867
v 33.9435 -79.1826 27.9231
vn 0.0369967 -0.999313 -0.002133
v 33.9585 -79.1826 27.8623
vn 0.000138561 -1 5.83405e-05
v 34 -79.1826 27.8154
vn 0.0453381 -0.997436 0.0553772
v 34.0586 -79.1826 27.7932
vn 0.0104702 -0.997281 0.0729496
v 34.1207 -79.1826 27.8008
vn -0.000173527 -1 0.000535277
v 34.1723 -79.1826 27.8364
vn -0.0442897 -0.997975 0.0456622
v 34.2014 -79.1826 27.8918
vn -0.0606493 -0.99797 0.0194485
v 34.2014 -79.1826 27.9544
vn -0.0484755 -0.998761 -0.0112689
v 34.1723 -79.1826 28.0099
vn -0.0495311 -0.997953 -0.040448
v 34.1207 -79.1826 28.0455
vn -0.0549359 -0.991241 -0.1201
v 34.0586 -79.1826 28.053
vn 9.69373e-05 -0.999999 -0.00145606
v 34 -79.1826 28.0308
vn 0.0213853 -0.999281 -0.0313094
v 33.9585 -79.1826 27.9839
vn 0.0289009 -0.999449 -0.0163361
v 19.3794 -78.0999 35.0767
vn 0.00105728 0.999999 -0.000935597
v 19.3794 -78.0999 14.0216
vn 0.00105727 0.999992 0.00374236
v 19.3794 -78.0605 14.0216
vn 0.0626123 0.996499 0.0554063
v 19.3794 -78.0605 35.0767
vn 0.0227454 0.996494 -0.0805105
v 56.6432 -78.0999 35.0767
vn -0.00105727 0.999992 -0.00374236
v 56.6432 -78.0605 35.0767
vn -0.0309112 0.999148 -0.0273537
v 56.6432 -78.0999 14.0216
vn -0.00105728 0.999999 0.000935597
v 56.6432 -78.0605 14.0216
vn -0.0189407 0.99757 0.0670434
v 57.096 -78.0605 13.5688
vn 0.255579 0.381269 -0.888433
v 57.096 -79.1826 13.5688
vn 0.0708276 -0.995588 -0.061552
v 18.9267 -79.1826 13.5688
vn -0.0329496 -0.992872 -0.114538
v 18.9267 -78.0605 13.5688
vn -0.583277 0.634704 -0.506892
v 57.096 -78.0605 35.5294
vn 0.696675 0.384823 0.605438
v 57.096 -79.1826 35.5294
vn 0.0393422 -0.989823 0.13676
v 18.9267 -78.0605 35.5294
vn -0.247802 0.443376 0.861401
v 18.9267 -79.1826 35.5294
vn -0.0723594 -0.995394 0.0628832
f 3//3 1//1 2//2
f 2//2 1//1 4//4
f 5//5 3//3 6//6
f 5//5 1//1 3//3
f 9//9 8//8 7//7
f 9//9 10//10 8//8
f 11//11 12//12 8//8
f 8//8 12//12 7//7
f 13//13 12//12 14//14
f 15//15 16//16 17//17
f 16//16 8//8 10//10
f 20//20 17//17 19//19
f 16//16 15//15 8//8
f 8//8 22//22 23//23
f 12//12 11//11 14//14
f 11//11 8//8 23//23
f 24//24 25//25 26//26
f 24//24 27//27 28//28
f 24//24 28//28 25//25
f 24//24 22//22 8//8
f 24//24 29//29 27//27
f 20//20 30//30 17//17
f 26//26 22//22 24//24
f 31//31 32//32 33//33
f 34//34 32//32 31//31
f 21//21 35//35 36//36
f 32//32 35//35 33//33
f 32//32 36//36 35//35
f 17//17 18//18 21//21
f 15//15 17//17 36//36
f 38//38 34//34 39//39
f 40//40 38//38 41//41
f 17//17 21//21 36//36
f 17//17 42//42 18//18
f 43//43 44//44 45//45
f 45//45 46//46 47//47
f 45//45 44//44 46//46
f 48//48 49//49 50//50
f 51//51 52//52 50//50
f 46//46 52//52 47//47
f 52//52 51//51 47//47
f 53//53 30//30 43//43
f 30//30 53//53 42//42
f 34//34 31//31 39//39
f 38//38 54//54 55//55
f 38//38 55//55 41//41
f 54//54 38//38 39//39
f 43//43 45//45 53//53
f 30//30 42//42 17//17
f 49//49 48//48 56//56
f 57//57 41//41 58//58
f 37//37 8//8 15//15
f 59//59 60//60 8//8
f 59//59 8//8 37//37
f 49//49 51//51 50//50
f 62//62 24//24 61//61
f 63//63 24//24 64//64
f 63//63 29//29 24//24
f 65//65 61//61 24//24
f 66//66 61//61 67//67
f 62//62 68//68 24//24
f 64//64 24//24 68//68
f 64//64 68//68 69//69
f 56//56 68//68 70//70
f 73//73 70//70 71//71
f 69//69 68//68 56//56
f 65//65 74//74 75//75
f 65//65 75//75 76//76
f 77//77 78//78 79//79
f 77//77 79//79 65//65
f 65//65 80//80 81//81
f 81//81 74//74 65//65
f 80//80 65//65 82//82
f 76//76 61//61 65//65
f 79//79 82//82 65//65
f 83//83 85//85 79//79
f 82//82 79//79 85//85
f 76//76 67//67 61//61
f 86//86 83//83 84//84
f 88//88 71//71 87//87
f 71//71 89//89 90//90
f 89//89 71//71 88//88
f 91//91 71//71 90//90
f 73//73 71//71 72//72
f 92//92 93//93 94//94
f 73//73 49//49 56//56
f 90//90 96//96 91//91
f 93//93 95//95 71//71
f 93//93 92//92 95//95
f 72//72 71//71 95//95
f 73//73 56//56 70//70
f 94//94 93//93 97//97
f 79//79 84//84 83//83
f 77//77 98//98 78//78
f 99//99 100//100 101//101
f 86//86 101//101 100//100
f 102//102 103//103 104//104
f 102//102 96//96 105//105
f 102//102 105//105 103//103
f 84//84 101//101 86//86
f 102//102 99//99 101//101
f 102//102 106//106 107//107
f 96//96 102//102 91//91
f 99//99 102//102 104//104
f 58//58 97//97 57//57
f 97//97 93//93 57//57
f 108//108 93//93 110//110
f 71//71 91//91 93//93
f 40//40 41//41 57//57
f 111//111 40//40 112//112
f 114//114 113//113 115//115
f 113//113 111//111 112//112
f 107//107 106//106 116//116
f 116//116 106//106 117//117
f 106//106 118//118 117//117
f 119//119 120//120 106//106
f 91//91 102//102 107//107
f 108//108 110//110 109//109
f 110//110 93//93 121//121
f 122//122 123//123 124//124
f 123//123 120//120 119//119
f 106//106 120//120 118//118
f 121//121 93//93 91//91
f 122//122 124//124 125//125
f 111//111 126//126 127//127
f 128//128 129//129 127//127
f 114//114 126//126 113//113
f 130//130 127//127 129//129
f 111//111 127//127 130//130
f 129//129 128//128 131//131
f 132//132 133//133 128//128
f 133//133 132//132 134//134
f 113//113 126//126 111//111
f 135//135 136//136 137//137
f 138//138 137//137 136//136
f 133//133 131//131 128//128
f 133//133 134//134 139//139
f 139//139 134//134 138//138
f 135//135 125//125 140//140
f 141//141 129//129 142//142
f 145//145 143//143 146//146
f 141//141 143//143 147//147
f 129//129 141//141 148//148
f 131//131 142//142 129//129
f 129//129 149//149 150//150
f 138//138 136//136 139//139
f 151//151 129//129 150//150
f 38//38 40//40 111//111
f 129//129 152//152 149//149
f 139//139 153//153 154//154
f 140//140 125//125 124//124
f 119//119 124//124 123//123
f 155//155 139//139 136//136
f 140//140 136//136 135//135
f 157//157 139//139 155//155
f 153//153 139//139 157//157
f 154//154 153//153 158//158
f 157//157 155//155 156//156
f 161//161 162//162 155//155
f 163//163 160//160 159//159
f 159//159 161//161 155//155
f 162//162 164//164 155//155
f 165//165 159//159 166//166
f 167//167 168//168 159//159
f 167//167 169//169 170//170
f 171//171 169//169 167//167
f 167//167 170//170 168//168
f 168//168 166//166 159//159
f 161//161 159//159 165//165
f 164//164 156//156 155//155
f 172//172 174//174 173//173
f 175//175 176//176 177//177
f 174//174 176//176 175//175
f 174//174 146//146 173//173
f 148//148 141//141 147//147
f 145//145 144//144 143//143
f 174//174 175//175 178//178
f 179//179 146//146 178//178
f 174//174 178//178 146//146
f 145//145 146//146 179//179
f 147//147 143//143 144//144
f 176//176 180//180 177//177
f 181//181 182//182 171//171
f 171//171 167//167 183//183
f 184//184 169//169 171//171
f 184//184 171//171 182//182
f 181//181 177//177 185//185
f 186//186 177//177 180//180
f 185//185 177//177 186//186
f 187//187 188//188 189//189
f 190//190 191//191 192//192
f 191//191 193//193 192//192
f 193//193 187//187 189//189
f 181//181 171//171 177//177
f 188//188 171//171 194//194
f 195//195 190//190 196//196
f 148//148 152//152 129//129
f 197//197 198//198 77//77
f 77//77 198//198 199//199
f 200//200 201//201 197//197
f 197//197 77//77 200//200
f 199//199 202//202 203//203
f 204//204 202//202 205//205
f 204//204 205//205 206//206
f 206//206 208//208 209//209
f 203//203 77//77 199//199
f 77//77 210//210 211//211
f 77//77 212//212 200//200
f 212//212 77//77 211//211
f 213//213 214//214 77//77
f 213//213 215//215 216//216
f 213//213 216//216 217//217
f 77//77 214//214 210//210
f 213//213 218//218 219//219
f 220//220 221//221 213//213
f 221//221 218//218 213//213
f 213//213 219//219 215//215
f 222//222 206//206 207//207
f 217//217 214//214 213//213
f 203//203 202//202 204//204
f 206//206 209//209 204//204
f 223//223 206//206 222//222
f 209//209 224//224 225//225
f 226//226 227//227 228//228
f 208//208 206//206 230//230
f 209//209 227//227 204//204
f 231//231 209//209 225//225
f 232//232 233//233 234//234
f 232//232 208//208 233//233
f 234//234 235//235 236//236
f 237//237 238//238 239//239
f 239//239 240//240 237//237
f 240//240 241//241 235//235
f 242//242 238//238 220//220
f 208//208 230//230 233//233
f 243//243 244//244 245//245
f 246//246 247//247 248//248
f 248//248 247//247 244//244
f 208//208 224//224 209//209
f 243//243 248//248 244//244
f 245//245 224//224 243//243
f 249//249 250//250 246//246
f 247//247 246//246 250//250
f 206//206 223//223 230//230
f 225//225 224//224 245//245
f 203//203 98//98 77//77
f 232//232 234//234 236//236
f 252//252 213//213 251//251
f 252//252 253//253 213//213
f 254//254 255//255 213//213
f 213//213 255//255 251//251
f 256//256 255//255 257//257
f 258//258 259//259 260//260
f 261//261 253//253 258//258
f 262//262 259//259 263//263
f 213//213 253//253 220//220
f 266//266 267//267 268//268
f 255//255 254//254 269//269
f 254//254 266//266 268//268
f 270//270 271//271 266//266
f 267//267 266//266 271//271
f 266//266 272//272 270//270
f 273//273 272//272 266//266
f 213//213 266//266 254//254
f 266//266 274//274 275//275
f 266//266 275//275 276//276
f 266//266 276//276 273//273
f 257//257 255//255 269//269
f 274//274 266//266 277//277
f 265//265 263//263 264//264
f 242//242 253//253 261//261
f 241//241 240//240 239//239
f 242//242 220//220 253//253
f 260//260 259//259 262//262
f 263//263 278//278 279//279
f 263//263 279//279 262//262
f 261//261 258//258 260//260
f 280//280 281//281 282//282
f 281//281 249//249 246//246
f 283//283 282//282 284//284
f 285//285 286//286 287//287
f 288//288 286//286 289//289
f 289//289 286//286 290//290
f 289//289 291//291 288//288
f 292//292 279//279 278//278
f 263//263 265//265 278//278
f 293//293 294//294 295//295
f 296//296 297//297 298//298
f 299//299 298//298 293//293
f 300//300 301//301 302//302
f 292//292 301//301 300//300
f 285//285 287//287 302//302
f 285//285 290//290 286//286
f 302//302 287//287 300//300
f 297//297 296//296 303//303
f 302//302 304//304 303//303
f 296//296 298//298 299//299
f 302//302 301//301 304//304
f 303//303 304//304 297//297
f 300//300 279//279 292//292
f 305//305 294//294 274//274
f 291//291 306//306 284//284
f 242//242 239//239 238//238
f 241//241 236//236 235//235
f 295//295 299//299 293//293
f 280//280 249//249 281//281
f 226//226 229//229 307//307
f 160//160 307//307 308//308
f 226//226 307//307 163//163
f 309//309 310//310 311//311
f 312//312 313//313 314//314
f 309//309 314//314 310//310
f 163//163 307//307 160//160
f 160//160 308//308 316//316
f 229//229 311//311 307//307
f 312//312 317//317 313//313
f 228//228 229//229 226//226
f 228//228 227//227 209//209
f 309//309 311//311 315//315
f 318//318 319//319 309//309
f 314//314 309//309 312//312
f 312//312 309//309 319//319
f 315//315 311//311 229//229
f 319//319 318//318 320//320
f 312//312 321//321 317//317
f 194//194 171//171 183//183
f 322//322 192//192 323//323
f 189//189 192//192 193//193
f 194//194 189//189 188//188
f 324//324 322//322 323//323
f 190//190 322//322 196//196
f 325//325 195//195 196//196
f 326//326 327//327 328//328
f 322//322 190//190 192//192
f 329//329 330//330 328//328
f 326//326 195//195 325//325
f 331//331 332//332 333//333
f 334//334 321//321 335//335
f 333//333 335//335 321//321
f 332//332 335//335 333//333
f 336//336 337//337 331//331
f 317//317 321//321 334//334
f 329//329 328//328 327//327
f 327//327 326//326 325//325
f 336//336 329//329 338//338
f 333//333 336//336 331//331
f 337//337 336//336 339//339
f 336//336 338//338 339//339
f 329//329 336//336 330//330
f 342//342 280//280 282//282
f 282//282 283//283 342//342
f 284//284 306//306 283//283
f 209//209 341//341 340//340
f 283//283 343//343 344//344
f 345//345 344//344 343//343
f 346//346 347//347 348//348
f 343//343 346//346 349//349
f 345//345 343//343 349//349
f 344//344 342//342 283//283
f 350//350 289//289 352//352
f 351//351 350//350 352//352
f 294//294 305//305 295//295
f 289//289 290//290 352//352
f 306//306 291//291 289//289
f 266//266 354//354 277//277
f 355//355 356//356 357//357
f 353//353 347//347 355//355
f 274//274 277//277 305//305
f 347//347 353//353 348//348
f 353//353 361//361 348//348
f 360//360 318//318 309//309
f 348//348 349//349 346//346
f 320//320 362//362 363//363
f 320//320 318//318 362//362
f 364//364 320//320 363//363
f 365//365 320//320 364//364
f 357//357 353//353 355//355
f 320//320 361//361 353//353
f 320//320 365//365 361//361
f 359//359 360//360 309//309
f 366//366 353//353 367//367
f 368//368 369//369 370//370
f 368//368 371//371 369//369
f 357//357 367//367 353//353
f 372//372 373//373 366//366
f 374//374 368//368 373//373
f 372//372 375//375 373//373
f 366//366 376//376 372//372
f 375//375 374//374 373//373
f 374//374 371//371 368//368
f 366//366 367//367 376//376
f 377//377 368//368 370//370
f 377//377 370//370 354//354
f 378//378 330//330 336//336
f 231//231 341//341 209//209
f 159//159 160//160 167//167
f 358//358 354//354 266//266
f 379//379 151//151 380//380
f 381//381 379//379 380//380
f 383//383 151//151 384//384
f 383//383 385//385 386//386
f 382//382 387//387 388//388
f 380//380 151//151 383//383
f 390//390 386//386 391//391
f 381//381 380//380 382//382
f 382//382 388//388 381//381
f 392//392 390//390 391//391
f 393//393 151//151 394//394
f 393//393 395//395 151//151
f 151//151 396//396 394//394
f 397//397 396//396 151//151
f 384//384 385//385 383//383
f 384//384 151//151 395//395
f 392//392 401//401 402//402
f 391//391 386//386 385//385
f 403//403 392//392 391//391
f 404//404 402//402 401//401
f 401//401 392//392 403//403
f 151//151 150//150 397//397
f 406//406 381//381 405//405
f 388//388 387//387 389//389
f 381//381 388//388 405//405
f 410//410 411//411 408//408
f 412//412 413//413 414//414
f 416//416 413//413 415//415
f 413//413 417//417 410//410
f 407//407 406//406 408//408
f 418//418 419//419 420//420
f 421//421 422//422 420//420
f 422//422 418//418 420//420
f 421//421 423//423 424//424
f 413//413 425//425 414//414
f 426//426 427//427 428//428
f 428//428 430//430 423//423
f 427//427 430//430 428//428
f 423//423 430//430 424//424
f 431//431 414//414 426//426
f 425//425 413//413 416//416
f 401//401 419//419 404//404
f 381//381 406//406 407//407
f 420//420 423//423 421//421
f 393//393 399//399 398//398
f 400//400 393//393 398//398
f 393//393 433//433 434//434
f 435//435 393//393 436//436
f 437//437 438//438 439//439
f 438//438 433//433 435//435
f 400//400 436//436 393//393
f 440//440 441//441 442//442
f 441//441 439//439 442//442
f 437//437 439//439 441//441
f 438//438 437//437 433//433
f 433//433 393//393 435//435
f 399//399 393//393 394//394
f 443//443 444//444 445//445
f 447//447 443//443 445//445
f 448//448 449//449 450//450
f 451//451 452//452 453//453
f 452//452 448//448 453//453
f 453//453 444//444 451//451
f 454//454 442//442 455//455
f 456//456 447//447 457//457
f 456//456 442//442 447//447
f 458//458 447//447 459//459
f 459//459 447//447 460//460
f 461//461 447//447 446//446
f 458//458 457//457 447//447
f 456//456 455//455 442//442
f 442//442 454//454 440//440
f 445//445 446//446 447//447
f 403//403 463//463 464//464
f 463//463 403//403 462//462
f 465//465 464//464 466//466
f 401//401 420//420 419//419
f 403//403 464//464 465//465
f 465//465 401//401 403//403
f 467//467 468//468 469//469
f 470//470 467//467 469//469
f 447//447 461//461 460//460
f 471//471 460//460 461//461
f 461//461 468//468 471//471
f 469//469 472//472 470//470
f 473//473 465//465 474//474
f 461//461 469//469 468//468
f 474//474 465//465 466//466
f 475//475 476//476 469//469
f 465//465 473//473 472//472
f 469//469 465//465 472//472
f 477//477 478//478 479//479
f 480//480 481//481 477//477
f 481//481 478//478 477//477
f 407//407 408//408 411//411
f 484//484 480//480 483//483
f 483//483 407//407 485//485
f 487//487 478//478 488//488
f 486//486 481//481 480//480
f 480//480 484//484 486//486
f 489//489 478//478 481//481
f 489//489 488//488 478//478
f 483//483 485//485 484//484
f 490//490 487//487 491//491
f 407//407 492//492 482//482
f 407//407 493//493 492//492
f 494//494 495//495 491//491
f 407//407 482//482 485//485
f 494//494 496//496 497//497
f 497//497 495//495 494//494
f 498//498 496//496 499//499
f 499//499 500//500 498//498
f 498//498 497//497 496//496
f 501//501 500//500 499//499
f 490//490 491//491 495//495
f 502//502 487//487 490//490
f 60//60 59//59 479//479
f 411//411 493//493 407//407
f 503//503 60//60 478//478
f 478//478 502//502 504//504
f 506//506 60//60 507//507
f 505//505 507//507 60//60
f 60//60 503//503 505//505
f 508//508 509//509 510//510
f 508//508 60//60 506//506
f 511//511 60//60 508//508
f 60//60 479//479 478//478
f 512//512 501//501 499//499
f 508//508 510//510 511//511
f 60//60 513//513 514//514
f 513//513 60//60 511//511
f 515//515 516//516 517//517
f 515//515 518//518 519//519
f 515//515 519//519 520//520
f 515//515 520//520 516//516
f 515//515 514//514 518//518
f 521//521 501//501 512//512
f 515//515 60//60 514//514
f 487//487 502//502 478//478
f 410//410 417//417 409//409
f 522//522 523//523 412//412
f 432//432 413//413 412//412
f 524//524 432//432 412//412
f 412//412 523//523 524//524
f 413//413 432//432 417//417
f 525//525 412//412 526//526
f 412//412 429//429 527//527
f 526//526 412//412 527//527
f 412//412 414//414 429//429
f 522//522 521//521 512//512
f 429//429 414//414 528//528
f 431//431 529//529 528//528
f 431//431 530//530 531//531
f 431//431 531//531 529//529
f 431//431 426//426 428//428
f 431//431 532//532 533//533
f 530//530 431//431 534//534
f 431//431 528//528 414//414
f 534//534 431//431 533//533
f 537//537 538//538 532//532
f 539//539 540//540 541//541
f 537//537 542//542 536//536
f 532//532 535//535 533//533
f 539//539 541//541 543//543
f 539//539 543//543 542//542
f 409//409 411//411 410//410
f 546//546 545//545 544//544
f 547//547 515//515 544//544
f 546//546 544//544 515//515
f 544//544 522//522 412//412
f 522//522 544//544 545//545
f 548//548 546//546 515//515
f 549//549 515//515 550//550
f 547//547 550//550 515//515
f 515//515 517//517 548//548
f 551//551 552//552 553//553
f 551//551 515//515 549//549
f 543//543 515//515 551//551
f 538//538 537//537 536//536
f 554//554 536//536 542//542
f 543//543 555//555 556//556
f 543//543 557//557 558//558
f 557//557 543//543 556//556
f 543//543 559//559 554//554
f 558//558 560//560 543//543
f 560//560 559//559 543//543
f 543//543 554//554 542//542
f 555//555 551//551 553//553
f 555//555 543//543 551//551
f 535//535 532//532 538//538
f 521//521 522//522 545//545
f 562//562 563//563 564//564
f 563//563 378//378 565//565
f 449//449 562//562 566//566
f 567//567 448//448 450//450
f 450//450 449//449 566//566
f 564//564 566//566 562//562
f 453//453 445//445 444//444
f 568//568 453//453 567//567
f 567//567 453//453 448//448
f 378//378 561//561 565//565
f 561//561 569//569 570//570
f 561//561 570//570 565//565
f 561//561 571//571 569//569
f 564//564 563//563 565//565
f 572//572 561//561 573//573
f 561//561 574//574 573//573
f 575//575 576//576 574//574
f 574//574 576//576 573//573
f 574//574 577//577 575//575
f 571//571 561//561 572//572
f 578//578 579//579 580//580
f 476//476 475//475 6//6
f 581//581 3//3 2//2
f 581//581 6//6 3//3
f 6//6 581//581 582//582
f 578//578 583//583 579//579
f 578//578 476//476 582//582
f 584//584 585//585 586//586
f 587//587 588//588 589//589
f 587//587 589//589 585//585
f 588//588 587//587 583//583
f 476//476 6//6 582//582
f 584//584 587//587 585//585
f 586//586 577//577 584//584
f 590//590 587//587 584//584
f 574//574 584//584 577//577
f 579//579 583//583 587//587
f 593//593 592//592 595//595
f 592//592 591//591 595//595
f 591//591 580//580 579//579
f 475//475 469//469 596//596
f 461//461 596//596 469//469
f 590//590 597//597 598//598
f 599//599 598//598 597//597
f 600//600 597//597 601//601
f 602//602 603//603 597//597
f 603//603 599//599 597//597
f 602//602 597//597 600//600
f 606//606 607//607 601//601
f 601//601 607//607 600//600
f 608//608 607//607 606//606
f 584//584 597//597 590//590
f 590//590 604//604 587//587
f 601//601 609//609 606//606
f 610//610 611//611 612//612
f 613//613 611//611 614//614
f 612//612 615//615 616//616
f 610//610 614//614 611//611
f 612//612 617//617 610//610
f 613//613 601//601 611//611
f 618//618 609//609 601//601
f 615//615 377//377 620//620
f 615//615 620//620 616//616
f 612//612 616//616 617//617
f 601//601 613//613 618//618
f 368//368 377//377 615//615
f 621//621 622//622 608//608
f 623//623 624//624 621//621
f 622//622 621//621 624//624
f 621//621 608//608 606//606
f 625//625 624//624 623//623
f 625//625 623//623 628//628
f 629//629 623//623 630//630
f 631//631 630//630 632//632
f 629//629 628//628 623//623
f 627//627 593//593 626//626
f 604//604 605//605 587//587
f 633//633 634//634 358//358
f 619//619 606//606 609//609
f 636//636 637//637 638//638
f 639//639 632//632 637//637
f 640//640 637//637 636//636
f 641//641 642//642 634//634
f 354//354 358//358 377//377
f 627//627 643//643 593//593
f 378//378 336//336 561//561
f 580//580 591//591 592//592
f 644//644 645//645 593//593
f 593//593 646//646 592//592
f 647//647 646//646 648//648
f 643//643 644//644 593//593
f 594//594 645//645 649//649
f 650//650 651//651 594//594
f 593//593 594//594 646//646
f 580//580 476//476 578//578
f 594//594 649//649 650//650
f 652//652 653//653 654//654
f 655//655 656//656 657//657
f 657//657 652//652 654//654
f 654//654 655//655 657//657
f 653//653 658//658 659//659
f 660//660 656//656 655//655
f 656//656 660//660 644//644
f 644//644 660//660 645//645
f 661//661 662//662 663//663
f 664//664 665//665 666//666
f 661//661 666//666 662//662
f 661//661 663//663 667//667
f 665//665 668//668 669//669
f 666//666 661//661 664//664
f 669//669 668//668 670//670
f 664//664 668//668 665//665
f 649//649 645//645 667//667
f 649//649 667//667 663//663
f 540//540 647//647 671//671
f 646//646 672//672 648//648
f 671//671 647//647 648//648
f 646//646 594//594 672//672
f 593//593 645//645 594//594
f 541//541 671//671 674//674
f 674//674 675//675 541//541
f 541//541 675//675 676//676
f 676//676 677//677 678//678
f 541//541 676//676 678//678
f 671//671 541//541 540//540
f 679//679 670//670 680//680
f 681//681 679//679 682//682
f 541//541 678//678 683//683
f 541//541 684//684 685//685
f 684//684 541//541 683//683
f 686//686 687//687 688//688
f 689//689 690//690 686//686
f 686//686 690//690 691//691
f 686//686 691//691 687//687
f 689//689 541//541 685//685
f 692//692 681//681 686//686
f 686//686 541//541 689//689
f 594//594 651//651 673//673
f 688//688 692//692 686//686
f 631//631 629//629 630//630
f 629//629 659//659 658//658
f 635//635 631//631 632//632
f 637//637 640//640 639//639
f 693//693 694//694 695//695
f 640//640 695//695 639//639
f 635//635 632//632 639//639
f 680//680 670//670 668//668
f 696//696 697//697 698//698
f 686//686 682//682 696//696
f 699//699 700//700 701//701
f 702//702 699//699 703//703
f 700//700 699//699 702//702
f 699//699 697//697 703//703
f 704//704 700//700 694//694
f 695//695 705//705 693//693
f 706//706 707//707 693//693
f 693//693 707//707 708//708
f 705//705 695//695 640//640
f 709//709 710//710 711//711
f 707//707 706//706 712//712
f 712//712 709//709 713//713
f 707//707 712//712 714//714
f 708//708 704//704 694//694
f 699//699 701//701 715//715
f 704//704 701//701 700//700
f 711//711 642//642 716//716
f 709//709 711//711 713//713
f 712//712 713//713 714//714
f 708//708 694//694 693//693
f 642//642 641//641 716//716
f 682//682 679//679 680//680
f 654//654 653//653 659//659
f 698//698 697//697 699//699
f 686//686 698//698 718//718
f 686//686 718//718 719//719
f 719//719 720//720 686//686
f 686//686 720//720 721//721
f 721//721 722//722 723//723
f 686//686 721//721 724//724
f 686//686 696//696 698//698
f 633//633 725//725 641//641
f 633//633 726//726 727//727
f 633//633 727//727 725//725
f 721//721 723//723 728//728
f 633//633 724//724 729//729
f 724//724 721//721 728//728
f 633//633 730//730 731//731
f 633//633 732//732 733//733
f 729//729 732//732 633//633
f 730//730 633//633 733//733
f 726//726 633//633 731//731
f 633//633 686//686 724//724
f 641//641 634//634 633//633
f 699//699 715//715 717//717
f 681//681 682//682 686//686
f 642//642 711//711 710//710
f 628//628 629//629 658//658
f 266//266 633//633 358//358
f 323//323 734//734 324//324
f 735//735 324//324 734//734
f 736//736 323//323 192//192
f 736//736 734//734 323//323
f 737//737 359//359 738//738
f 739//739 738//738 309//309
f 309//309 738//738 359//359
f 740//740 207//207 741//741
f 742//742 741//741 206//206
f 206//206 741//741 207//207
f 552//552 743//743 553//553
f 744//744 552//552 551//551
f 744//744 743//743 552//552
f 745//745 509//509 746//746
f 747//747 746//746 509//509
f 747//747 509//509 508//508
f 415//415 748//748 749//749
f 750//750 748//748 413//413
f 413//413 748//748 415//415
f 463//463 462//462 751//751
f 752//752 462//462 403//403
f 752//752 751//751 462//462
f 172//172 754//754 753//753
f 172//172 173//173 754//754
f 755//755 173//173 146//146
f 755//755 754//754 173//173
f 757//757 115//115 113//113
f 757//757 756//756 115//115
f 759//759 87//87 758//758
f 760//760 758//758 71//71
f 71//71 758//758 87//87
f 761//761 762//762 19//19
f 763//763 761//761 19//19
f 763//763 19//19 17//17
f 504//504 502//502 764//764
f 745//745 510//510 509//509
f 511//511 765//765 766//766
f 511//511 766//766 513//513
f 510//510 745//745 765//765
f 510//510 765//765 511//511
f 513//513 766//766 767//767
f 513//513 767//767 514//514
f 514//514 767//767 768//768
f 514//514 768//768 518//518
f 518//518 768//768 769//769
f 518//518 769//769 519//519
f 520//520 770//770 771//771
f 520//520 771//771 516//516
f 517//517 772//772 773//773
f 517//517 773//773 548//548
f 516//516 771//771 772//772
f 516//516 772//772 517//517
f 519//519 769//769 770//770
f 519//519 770//770 520//520
f 548//548 773//773 774//774
f 548//548 774//774 546//546
f 545//545 775//775 776//776
f 545//545 776//776 521//521
f 521//521 776//776 777//777
f 521//521 777//777 501//501
f 500//500 778//778 779//779
f 500//500 779//779 498//498
f 497//497 780//780 781//781
f 497//497 781//781 495//495
f 498//498 779//779 780//780
f 498//498 780//780 497//497
f 501//501 777//777 778//778
f 501//501 778//778 500//500
f 490//490 495//495 782//782
f 490//490 782//782 783//783
f 502//502 490//490 783//783
f 502//502 783//783 784//784
f 495//495 781//781 782//782
f 775//775 545//545 546//546
f 775//775 546//546 774//774
f 502//502 784//784 764//764
f 785//785 525//525 526//526
f 555//555 786//786 787//787
f 555//555 787//787 556//556
f 553//553 788//788 786//786
f 553//553 786//786 555//555
f 556//556 787//787 789//789
f 556//556 789//789 557//557
f 557//557 789//789 790//790
f 557//557 790//790 558//558
f 558//558 790//790 791//791
f 558//558 791//791 560//560
f 559//559 792//792 793//793
f 559//559 793//793 554//554
f 536//536 794//794 795//795
f 554//554 793//793 794//794
f 554//554 794//794 536//536
f 560//560 791//791 792//792
f 560//560 792//792 559//559
f 795//795 796//796 538//538
f 795//795 538//538 536//536
f 788//788 553//553 743//743
f 535//535 796//796 797//797
f 535//535 797//797 533//533
f 533//533 797//797 798//798
f 533//533 798//798 534//534
f 530//530 799//799 800//800
f 530//530 800//800 531//531
f 529//529 801//801 802//802
f 529//529 802//802 528//528
f 531//531 800//800 801//801
f 531//531 801//801 529//529
f 534//534 798//798 799//799
f 534//534 799//799 530//530
f 429//429 803//803 804//804
f 429//429 804//804 527//527
f 527//527 804//804 805//805
f 527//527 805//805 526//526
f 528//528 802//802 803//803
f 528//528 803//803 429//429
f 796//796 535//535 538//538
f 526//526 805//805 785//785
f 806//806 389//389 387//387
f 749//749 416//416 415//415
f 425//425 807//807 808//808
f 425//425 808//808 414//414
f 416//416 749//749 807//807
f 416//416 807//807 425//425
f 414//414 808//808 809//809
f 414//414 809//809 426//426
f 426//426 809//809 810//810
f 426//426 810//810 427//427
f 430//430 811//811 812//812
f 430//430 812//812 424//424
f 421//421 813//813 814//814
f 421//421 814//814 422//422
f 424//424 812//812 813//813
f 424//424 813//813 421//421
f 427//427 810//810 811//811
f 427//427 811//811 430//430
f 815//815 418//418 422//422
f 815//815 422//422 814//814
f 419//419 816//816 817//817
f 419//419 817//817 404//404
f 404//404 817//817 818//818
f 404//404 818//818 402//402
f 392//392 819//819 820//820
f 392//392 820//820 390//390
f 386//386 821//821 822//822
f 386//386 822//822 383//383
f 390//390 820//820 821//821
f 390//390 821//821 386//386
f 402//402 818//818 819//819
f 402//402 819//819 392//392
f 380//380 823//823 824//824
f 380//380 824//824 382//382
f 382//382 824//824 825//825
f 382//382 825//825 387//387
f 383//383 822//822 823//823
f 383//383 823//823 380//380
f 816//816 419//419 418//418
f 816//816 418//418 815//815
f 387//387 825//825 806//806
f 433//433 826//826 434//434
f 434//434 826//826 827//827
f 464//464 829//829 830//830
f 464//464 830//830 466//466
f 463//463 828//828 829//829
f 463//463 829//829 464//464
f 466//466 830//830 831//831
f 466//466 831//831 474//474
f 474//474 831//831 832//832
f 474//474 832//832 473//473
f 472//472 833//833 834//834
f 472//472 834//834 470//470
f 467//467 835//835 836//836
f 467//467 836//836 468//468
f 470//470 834//834 835//835
f 470//470 835//835 467//467
f 473//473 832//832 833//833
f 473//473 833//833 472//472
f 468//468 836//836 837//837
f 468//468 837//837 471//471
f 828//828 463//463 751//751
f 838//838 460//460 471//471
f 838//838 471//471 837//837
f 460//460 838//838 839//839
f 460//460 839//839 459//459
f 459//459 839//839 840//840
f 459//459 840//840 458//458
f 457//457 841//841 842//842
f 457//457 842//842 456//456
f 455//455 843//843 844//844
f 455//455 844//844 454//454
f 456//456 842//842 843//843
f 456//456 843//843 455//455
f 458//458 840//840 841//841
f 458//458 841//841 457//457
f 440//440 845//845 846//846
f 440//440 846//846 441//441
f 441//441 846//846 847//847
f 441//441 847//847 437//437
f 437//437 847//847 848//848
f 437//437 848//848 433//433
f 454//454 844//844 845//845
f 454//454 845//845 440//440
f 848//848 826//826 433//433
f 154//154 158//158 849//849
f 753//753 174//174 172//172
f 176//176 850//850 851//851
f 174//174 753//753 850//850
f 174//174 850//850 176//176
f 180//180 176//176 851//851
f 180//180 851//851 852//852
f 180//180 852//852 186//186
f 186//186 852//852 853//853
f 186//186 853//853 185//185
f 181//181 854//854 855//855
f 181//181 855//855 182//182
f 184//184 856//856 857//857
f 182//182 855//855 856//856
f 182//182 856//856 184//184
f 185//185 853//853 854//854
f 185//185 854//854 181//181
f 857//857 858//858 169//169
f 857//857 169//169 184//184
f 170//170 858//858 859//859
f 170//170 859//859 168//168
f 168//168 859//859 860//860
f 168//168 860//860 166//166
f 165//165 861//861 862//862
f 165//165 862//862 161//161
f 162//162 863//863 864//864
f 162//162 864//864 164//164
f 161//161 862//862 863//863
f 161//161 863//863 162//162
f 166//166 860//860 861//861
f 166//166 861//861 165//165
f 156//156 865//865 866//866
f 156//156 866//866 157//157
f 157//157 866//866 867//867
f 157//157 867//867 153//153
f 153//153 849//849 158//158
f 164//164 864//864 865//865
f 164//164 865//865 156//156
f 867//867 849//849 153//153
f 858//858 170//170 169//169
f 108//108 109//109 868//868
f 756//756 114//114 115//115
f 126//126 869//869 870//870
f 126//126 870//870 127//127
f 114//114 871//871 869//869
f 114//114 869//869 126//126
f 127//127 870//870 872//872
f 127//127 872//872 128//128
f 128//128 872//872 873//873
f 128//128 873//873 132//132
f 132//132 873//873 874//874
f 132//132 874//874 134//134
f 138//138 875//875 876//876
f 138//138 876//876 137//137
f 135//135 877//877 878//878
f 135//135 878//878 125//125
f 137//137 876//876 877//877
f 137//137 877//877 135//135
f 134//134 874//874 875//875
f 134//134 875//875 138//138
f 125//125 878//878 879//879
f 125//125 879//879 122//122
f 871//871 114//114 756//756
f 123//123 880//880 881//881
f 123//123 881//881 120//120
f 120//120 881//881 882//882
f 120//120 882//882 118//118
f 117//117 883//883 884//884
f 117//117 884//884 116//116
f 107//107 885//885 886//886
f 107//107 886//886 91//91
f 116//116 884//884 885//885
f 116//116 885//885 107//107
f 118//118 882//882 883//883
f 118//118 883//883 117//117
f 91//91 886//886 887//887
f 91//91 887//887 121//121
f 121//121 887//887 888//888
f 121//121 888//888 110//110
f 888//888 109//109 110//110
f 880//880 123//123 122//122
f 880//880 122//122 879//879
f 868//868 109//109 888//888
f 889//889 66//66 67//67
f 890//890 66//66 889//889
f 89//89 891//891 892//892
f 89//89 892//892 90//90
f 88//88 87//87 759//759
f 88//88 759//759 891//891
f 88//88 891//891 89//89
f 90//90 892//892 893//893
f 90//90 893//893 96//96
f 96//96 893//893 894//894
f 96//96 894//894 105//105
f 103//103 895//895 896//896
f 103//103 896//896 104//104
f 99//99 897//897 898//898
f 99//99 898//898 100//100
f 104//104 896//896 897//897
f 104//104 897//897 99//99
f 105//105 894//894 895//895
f 105//105 895//895 103//103
f 100//100 898//898 899//899
f 100//100 899//899 86//86
f 900//900 83//83 86//86
f 900//900 86//86 899//899
f 83//83 900//900 901//901
f 85//85 83//83 901//901
f 85//85 901//901 902//902
f 82//82 902//902 903//903
f 82//82 903//903 80//80
f 81//81 904//904 905//905
f 81//81 905//905 74//74
f 80//80 903//903 904//904
f 80//80 904//904 81//81
f 85//85 902//902 82//82
f 75//75 906//906 907//907
f 76//76 75//75 907//907
f 76//76 907//907 908//908
f 76//76 908//908 889//889
f 76//76 889//889 67//67
f 74//74 905//905 906//906
f 74//74 906//906 75//75
f 910//910 13//13 909//909
f 762//762 20//20 19//19
f 30//30 911//911 912//912
f 30//30 912//912 43//43
f 20//20 762//762 911//911
f 20//20 911//911 30//30
f 43//43 912//912 913//913
f 43//43 913//913 44//44
f 44//44 913//913 914//914
f 44//44 914//914 46//46
f 46//46 914//914 915//915
f 46//46 915//915 52//52
f 50//50 916//916 917//917
f 50//50 917//917 48//48
f 56//56 918//918 919//919
f 56//56 919//919 69//69
f 48//48 917//917 918//918
f 48//48 918//918 56//56
f 52//52 915//915 916//916
f 52//52 916//916 50//50
f 69//69 919//919 920//920
f 69//69 920//920 64//64
f 63//63 921//921 922//922
f 63//63 922//922 29//29
f 29//29 922//922 923//923
f 29//29 923//923 27//27
f 28//28 924//924 925//925
f 28//28 925//925 25//25
f 26//26 926//926 927//927
f 26//26 927//927 22//22
f 25//25 925//925 926//926
f 25//25 926//926 26//26
f 27//27 923//923 924//924
f 27//27 924//924 28//28
f 23//23 928//928 929//929
f 23//23 929//929 11//11
f 11//11 929//929 909//909
f 11//11 909//909 14//14
f 14//14 909//909 13//13
f 22//22 927//927 928//928
f 22//22 928//928 23//23
f 921//921 63//63 64//64
f 921//921 64//64 920//920
f 931//931 568//568 567//567
f 930//930 568//568 931//931
f 582//582 932//932 933//933
f 582//582 933//933 578//578
f 581//581 2//2 4//4
f 581//581 4//4 932//932
f 581//581 932//932 582//582
f 578//578 933//933 934//934
f 578//578 934//934 583//583
f 583//583 934//934 935//935
f 583//583 935//935 588//588
f 589//589 936//936 937//937
f 589//589 937//937 585//585
f 586//586 938//938 939//939
f 586//586 939//939 577//577
f 585//585 937//937 938//938
f 585//585 938//938 586//586
f 588//588 935//935 936//936
f 588//588 936//936 589//589
f 577//577 939//939 940//940
f 577//577 940//940 575//575
f 941//941 576//576 575//575
f 941//941 575//575 940//940
f 576//576 941//941 942//942
f 576//576 942//942 573//573
f 573//573 942//942 943//943
f 573//573 943//943 572//572
f 571//571 944//944 945//945
f 571//571 945//945 569//569
f 570//570 946//946 947//947
f 570//570 947//947 565//565
f 569//569 945//945 946//946
f 569//569 946//946 570//570
f 572//572 943//943 944//944
f 572//572 944//944 571//571
f 564//564 948//948 949//949
f 564//564 949//949 566//566
f 566//566 949//949 950//950
f 566//566 950//950 450//450
f 450//450 950//950 931//931
f 450//450 931//931 567//567
f 565//565 947//947 948//948
f 565//565 948//948 564//564
f 951//951 316//316 308//308
f 322//322 324//324 735//735
f 196//196 952//952 953//953
f 196//196 953//953 325//325
f 322//322 735//735 952//952
f 322//322 952//952 196//196
f 325//325 953//953 954//954
f 325//325 954//954 327//327
f 327//327 954//954 955//955
f 327//327 955//955 329//329
f 338//338 956//956 957//957
f 338//338 957//957 339//339
f 337//337 958//958 959//959
f 337//337 959//959 331//331
f 339//339 957//957 958//958
f 339//339 958//958 337//337
f 329//329 955//955 956//956
f 329//329 956//956 338//338
f 331//331 959//959 960//960
f 331//331 960//960 332//332
f 961//961 335//335 332//332
f 961//961 332//332 960//960
f 335//335 961//961 962//962
f 335//335 962//962 334//334
f 334//334 962//962 963//963
f 334//334 963//963 317//317
f 313//313 964//964 965//965
f 313//313 965//965 314//314
f 310//310 966//966 967//967
f 310//310 967//967 311//311
f 314//314 965//965 966//966
f 314//314 966//966 310//310
f 317//317 963//963 964//964
f 317//317 964//964 313//313
f 307//307 311//311 968//968
f 307//307 968//968 969//969
f 307//307 969//969 970//970
f 307//307 970//970 308//308
f 311//311 967//967 968//968
f 308//308 970//970 951//951
f 737//737 360//360 359//359
f 318//318 972//972 973//973
f 318//318 973//973 362//362
f 360//360 737//737 972//972
f 360//360 972//972 318//318
f 362//362 973//973 974//974
f 362//362 974//974 363//363
f 363//363 974//974 975//975
f 363//363 975//975 364//364
f 364//364 975//975 976//976
f 364//364 976//976 365//365
f 361//361 977//977 978//978
f 361//361 978//978 348//348
f 349//349 979//979 980//980
f 349//349 980//980 345//345
f 348//348 978//978 979//979
f 348//348 979//979 349//349
f 365//365 976//976 977//977
f 365//365 977//977 361//361
f 981//981 344//344 345//345
f 981//981 345//345 980//980
f 342//342 982//982 983//983
f 342//342 983//983 280//280
f 280//280 983//983 984//984
f 280//280 984//984 249//249
f 250//250 985//985 986//986
f 250//250 986//986 247//247
f 244//244 987//987 988//988
f 244//244 988//988 245//245
f 247//247 986//986 987//987
f 247//247 987//987 244//244
f 249//249 984//984 985//985
f 249//249 985//985 250//250
f 225//225 989//989 990//990
f 225//225 990//990 231//231
f 231//231 990//990 991//991
f 231//231 991//991 341//341
f 341//341 971//971 340//340
f 245//245 988//988 989//989
f 245//245 989//989 225//225
f 991//991 971//971 341//341
f 982//982 342//342 344//344
f 982//982 344//344 981//981
f 201//201 992//992 993//993
f 740//740 222//222 207//207
f 223//223 994//994 995//995
f 223//223 995//995 230//230
f 222//222 740//740 994//994
f 222//222 994//994 223//223
f 230//230 995//995 996//996
f 230//230 996//996 233//233
f 233//233 996//996 997//997
f 233//233 997//997 234//234
f 235//235 998//998 999//999
f 235//235 999//999 240//240
f 237//237 1000//1000 1001//1001
f 237//237 1001//1001 238//238
f 240//240 999//999 1000//1000
f 240//240 1000//1000 237//237
f 234//234 997//997 998//998
f 234//234 998//998 235//235
f 238//238 1001//1001 1002//1002
f 238//238 1002//1002 220//220
f 1003//1003 221//221 220//220
f 1003//1003 220//220 1002//1002
f 221//221 1003//1003 1004//1004
f 221//221 1004//1004 218//218
f 218//218 1004//1004 1005//1005
f 218//218 1005//1005 219//219
f 215//215 1006//1006 1007//1007
f 215//215 1007//1007 216//216
f 217//217 1008//1008 1009//1009
f 217//217 1009//1009 214//214
f 216//216 1007//1007 1008//1008
f 216//216 1008//1008 217//217
f 219//219 1005//1005 1006//1006
f 219//219 1006//1006 215//215
f 210//210 1010//1010 1011//1011
f 210//210 1011//1011 211//211
f 211//211 1011//1011 1012//1012
f 211//211 1012//1012 212//212
f 992//992 201//201 200//200
f 212//212 1012//1012 1013//1013
f 212//212 1013//1013 200//200
f 214//214 1009//1009 1010//1010
f 214//214 1010//1010 210//210
f 992//992 200//200 1013//1013
f 678//678 677//677 1014//1014
f 683//683 1015//1015 1016//1016
f 683//683 1016//1016 684//684
f 678//678 1017//1017 1015//1015
f 678//678 1015//1015 683//683
f 684//684 1016//1016 1018//1018
f 684//684 1018//1018 685//685
f 685//685 1018//1018 1019//1019
f 685//685 1019//1019 689//689
f 689//689 1019//1019 1020//1020
f 689//689 1020//1020 690//690
f 691//691 1021//1021 1022//1022
f 691//691 1022//1022 687//687
f 688//688 1023//1023 1024//1024
f 688//688 1024//1024 692//692
f 687//687 1022//1022 1023//1023
f 687//687 1023//1023 688//688
f 690//690 1020//1020 1021//1021
f 690//690 1021//1021 691//691
f 692//692 1024//1024 1025//1025
f 692//692 1025//1025 681//681
f 678//678 1014//1014 1017//1017
f 679//679 1026//1026 1027//1027
f 679//679 1027//1027 670//670
f 670//670 1027//1027 1028//1028
f 670//670 1028//1028 669//669
f 665//665 1029//1029 1030//1030
f 665//665 1030//1030 666//666
f 662//662 1031//1031 1032//1032
f 662//662 1032//1032 663//663
f 666//666 1030//1030 1031//1031
f 666//666 1031//1031 662//662
f 669//669 1028//1028 1029//1029
f 669//669 1029//1029 665//665
f 649//649 1033//1033 1034//1034
f 649//649 1034//1034 650//650
f 650//650 1034//1034 1035//1035
f 650//650 1035//1035 651//651
f 663//663 1032//1032 1033//1033
f 663//663 1033//1033 649//649
f 1026//1026 679//679 681//681
f 1026//1026 681//681 1025//1025
f 651//651 1035//1035 1036//1036
f 673//673 651//651 1036//1036
f 627//627 626//626 1037//1037
f 643//643 1038//1038 1039//1039
f 643//643 1039//1039 644//644
f 627//627 1040//1040 1038//1038
f 627//627 1038//1038 643//643
f 644//644 1039//1039 1041//1041
f 644//644 1041//1041 656//656
f 656//656 1041//1041 1042//1042
f 656//656 1042//1042 657//657
f 657//657 1042//1042 1043//1043
f 657//657 1043//1043 652//652
f 653//653 1044//1044 1045//1045
f 653//653 1045//1045 658//658
f 628//628 1046//1046 1047//1047
f 628//628 1047//1047 625//625
f 658//658 1045//1045 1046//1046
f 658//658 1046//1046 628//628
f 652//652 1043//1043 1044//1044
f 652//652 1044//1044 653//653
f 625//625 1047//1047 1048//1048
f 625//625 1048//1048 624//624
f 627//627 1037//1037 1040//1040
f 622//622 1049//1049 1050//1050
f 622//622 1050//1050 608//608
f 608//608 1050//1050 1051//1051
f 608//608 1051//1051 607//607
f 600//600 1052//1052 1053//1053
f 600//600 1053//1053 602//602
f 603//603 1054//1054 1055//1055
f 603//603 1055//1055 599//599
f 602//602 1053//1053 1054//1054
f 602//602 1054//1054 603//603
f 607//607 1051//1051 1052//1052
f 607//607 1052//1052 600//600
f 598//598 1056//1056 1057//1057
f 598//598 1057//1057 590//590
f 590//590 1057//1057 1058//1058
f 590//590 1058//1058 604//604
f 599//599 1055//1055 1056//1056
f 599//599 1056//1056 598//598
f 1049//1049 622//622 624//624
f 1049//1049 624//624 1048//1048
f 604//604 1058//1058 1059//1059
f 604//604 1059//1059 605//605
f 1060//1060 717//717 1061//1061
f 728//728 1062//1062 1063//1063
f 728//728 1063//1063 724//724
f 723//723 1064//1064 1062//1062
f 723//723 1062//1062 728//728
f 724//724 1063//1063 1065//1065
f 724//724 1065//1065 729//729
f 729//729 1065//1065 1066//1066
f 729//729 1066//1066 732//732
f 732//732 1066//1066 1067//1067
f 732//732 1067//1067 733//733
f 730//730 1068//1068 1069//1069
f 730//730 1069//1069 731//731
f 726//726 1070//1070 1071//1071
f 726//726 1071//1071 727//727
f 731//731 1069//1069 1070//1070
f 731//731 1070//1070 726//726
f 733//733 1067//1067 1068//1068
f 733//733 1068//1068 730//730
f 1072//1072 725//725 727//727
f 1072//1072 727//727 1071//1071
f 723//723 1073//1073 1064//1064
f 641//641 1074//1074 1075//1075
f 641//641 1075//1075 716//716
f 716//716 1075//1075 1076//1076
f 716//716 1076//1076 711//711
f 713//713 1077//1077 1078//1078
f 713//713 1078//1078 714//714
f 707//707 1079//1079 1080//1080
f 707//707 1080//1080 708//708
f 714//714 1078//1078 1079//1079
f 714//714 1079//1079 707//707
f 711//711 1076//1076 1077//1077
f 711//711 1077//1077 713//713
f 704//704 1081//1081 1082//1082
f 704//704 1082//1082 701//701
f 701//701 1082//1082 1061//1061
f 701//701 1061//1061 715//715
f 715//715 1061//1061 717//717
f 708//708 1080//1080 1081//1081
f 708//708 1081//1081 704//704
f 1074//1074 641//641 725//725
f 1074//1074 725//725 1072//1072
f 723//723 722//722 1073//1073
f 1083//1083 722//722 721//721
f 1083//1083 1073//1073 722//722
f 1084//1084 638//638 1085//1085
f 1084//1084 636//636 638//638
f 640//640 1086//1086 1087//1087
f 640//640 1087//1087 705//705
f 636//636 1084//1084 1086//1086
f 636//636 1086//1086 640//640
f 705//705 1087//1087 1088//1088
f 705//705 1088//1088 693//693
f 693//693 1088//1088 1089//1089
f 693//693 1089//1089 706//706
f 712//712 1090//1090 1091//1091
f 712//712 1091//1091 709//709
f 710//710 1092//1092 1093//1093
f 710//710 1093//1093 642//642
f 709//709 1091//1091 1092//1092
f 709//709 1092//1092 710//710
f 706//706 1089//1089 1090//1090
f 706//706 1090//1090 712//712
f 642//642 1093//1093 1094//1094
f 642//642 1094//1094 634//634
f 1095//1095 358//358 634//634
f 1095//1095 634//634 1094//1094
f 1096//1096 358//358 1095//1095
f 358//358 1096//1096 1097//1097
f 358//358 1097//1097 377//377
f 620//620 1098//1098 1099//1099
f 620//620 1099//1099 616//616
f 617//617 1100//1100 1101//1101
f 617//617 1101//1101 610//610
f 616//616 1099//1099 1100//1100
f 616//616 1100//1100 617//617
f 377//377 1097//1097 1098//1098
f 377//377 1098//1098 620//620
f 614//614 1102//1102 1103//1103
f 614//614 1103//1103 613//613
f 613//613 1103//1103 1104//1104
f 613//613 1104//1104 618//618
f 1105//1105 619//619 609//609
f 618//618 1104//1104 1105//1105
f 618//618 1105//1105 609//609
f 610//610 1101//1101 1102//1102
f 610//610 1102//1102 614//614
f 1106//1106 619//619 1105//1105
f 356//356 1108//1108 357//357
f 1108//1108 356//356 1107//1107
f 367//367 1109//1109 1110//1110
f 367//367 1110//1110 376//376
f 357//357 1108//1108 1109//1109
f 357//357 1109//1109 367//367
f 376//376 1110//1110 1111//1111
f 376//376 1111//1111 372//372
f 372//372 1111//1111 1112//1112
f 372//372 1112//1112 375//375
f 375//375 1112//1112 1113//1113
f 375//375 1113//1113 374//374
f 371//371 1114//1114 1115//1115
f 371//371 1115//1115 369//369
f 370//370 1116//1116 1117//1117
f 370//370 1117//1117 354//354
f 369//369 1115//1115 1116//1116
f 369//369 1116//1116 370//370
f 374//374 1113//1113 1114//1114
f 374//374 1114//1114 371//371
f 354//354 1117//1117 1118//1118
f 277//277 1118//1118 1119//1119
f 277//277 1119//1119 305//305
f 305//305 1119//1119 1120//1120
f 305//305 1120//1120 295//295
f 299//299 1121//1121 1122//1122
f 299//299 1122//1122 296//296
f 303//303 1123//1123 1124//1124
f 303//303 1124//1124 302//302
f 296//296 1122//1122 1123//1123
f 296//296 1123//1123 303//303
f 295//295 1120//1120 1121//1121
f 295//295 1121//1121 299//299
f 285//285 1125//1125 1126//1126
f 285//285 1126//1126 290//290
f 290//290 1126//1126 1127//1127
f 290//290 1127//1127 352//352
f 352//352 1127//1127 351//351
f 302//302 1124//1124 1125//1125
f 302//302 1125//1125 285//285
f 277//277 354//354 1118//1118
f 350//350 351//351 1128//1128
f 1128//1128 351//351 1127//1127
f 265//265 264//264 1129//1129
f 1130//1130 264//264 263//263
f 1130//1130 1129//1129 264//264
f 257//257 1131//1131 256//256
f 1131//1131 1132//1132 256//256
f 255//255 256//256 1132//1132
f 1133//1133 1134//1134 1135//1135
f 1136//1136 1134//1134 1133//1133
f 1134//1134 1138//1138 1135//1135
f 1137//1137 1135//1135 1138//1138
f 1135//1135 1139//1139 1140//1140
f 1137//1137 1139//1139 1135//1135
f 1135//1135 1140//1140 1133//1133
f 1142//1142 1141//1141 1136//1136
f 1143//1143 1142//1142 1136//1136
f 1144//1144 1136//1136 1133//1133
f 1144//1144 1143//1143 1136//1136
f 1141//1141 1134//1134 1136//1136
f 1145//1145 1146//1146 1147//1147
f 1148//1148 1145//1145 1147//1147
f 1148//1148 1147//1147 1149//1149
f 1146//1146 1137//1137 1150//1150
f 1147//1147 1146//1146 1150//1150
f 1137//1137 1146//1146 1139//1139
f 1145//1145 1139//1139 1146//1146
f 1148//1148 1149//1149 1151//1151
f 1152//1152 1148//1148 1151//1151
f 1153//1153 1154//1154 1155//1155
f 1156//1156 1154//1154 1153//1153
f 1153//1153 1155//1155 1157//1157
f 1158//1158 1159//1159 1157//1157
f 1159//1159 1153//1153 1157//1157
f 1160//1160 1156//1156 1153//1153
f 1161//1161 1160//1160 1153//1153
f 1159//1159 1162//1162 1163//1163
f 1158//1158 1162//1162 1159//1159
f 1163//1163 1162//1162 1164//1164
f 1161//1161 1159//1159 1163//1163
f 1159//1159 1161//1161 1153//1153
f 1162//1162 1158//1158 1165//1165
f 1165//1165 1166//1166 1167//1167
f 1165//1165 1167//1167 1162//1162
f 1166//1166 1168//1168 1167//1167
f 1162//1162 1167//1167 1164//1164
f 1169//1169 1170//1170 1171//1171
f 1167//1167 1168//1168 1172//1172
f 1173//1173 1172//1172 1170//1170
f 1168//1168 1170//1170 1172//1172
f 1173//1173 1170//1170 1169//1169
f 1170//1170 1168//1168 1171//1171
f 1173//1173 1169//1169 1174//1174
f 1173//1173 1174//1174 1175//1175
f 1152//1152 1176//1176 1148//1148
f 1148//1148 1176//1176 1177//1177
f 1139//1139 1145//1145 1177//1177
f 1148//1148 1177//1177 1145//1145
f 1139//1139 1178//1178 1140//1140
f 1133//1133 1140//1140 1179//1179
f 1133//1133 1180//1180 1144//1144
f 1180//1180 1133//1133 1179//1179
f 1181//1181 1143//1143 1182//1182
f 1143//1143 1144//1144 1182//1182
f 1183//1183 1184//1184 1181//1181
f 1185//1185 1181//1181 1184//1184
f 1181//1181 1186//1186 1183//1183
f 1181//1181 1182//1182 1186//1186
f 1182//1182 1187//1187 1188//1188
f 1180//1180 1187//1187 1144//1144
f 1190//1190 1188//1188 1191//1191
f 1189//1189 1188//1188 1190//1190
f 1182//1182 1188//1188 1189//1189
f 1187//1187 1182//1182 1144//1144
f 1176//1176 1174//1174 1192//1192
f 1178//1178 1139//1139 1177//1177
f 1192//1192 1177//1177 1176//1176
f 1174//1174 1193//1193 1192//1192
f 1169//1169 1193//1193 1174//1174
f 1194//1194 1193//1193 1169//1169
f 1169//1169 1195//1195 1194//1194
f 1196//1196 1197//1197 1195//1195
f 1196//1196 1198//1198 1197//1197
f 1199//1199 1198//1198 1196//1196
f 1200//1200 1201//1201 1169//1169
f 1196//1196 1169//1169 1201//1201
f 1195//1195 1169//1169 1196//1196
f 1202//1202 1203//1203 1204//1204
f 1200//1200 1169//1169 1205//1205
f 1203//1203 1202//1202 1199//1199
f 1199//1199 1202//1202 1198//1198
f 1178//1178 1179//1179 1140//1140
f 1206//1206 1185//1185 1207//1207
f 1208//1208 1209//1209 1185//1185
f 1209//1209 1208//1208 1210//1210
f 1211//1211 1210//1210 1212//1212
f 1206//1206 1208//1208 1185//1185
f 1213//1213 1214//1214 1191//1191
f 1213//1213 1212//1212 1215//1215
f 1212//1212 1213//1213 1216//1216
f 1211//1211 1212//1212 1216//1216
f 1214//1214 1213//1213 1215//1215
f 1217//1217 1209//1209 1210//1210
f 1185//1185 1184//1184 1207//1207
f 1218//1218 1219//1219 1210//1210
f 1220//1220 1221//1221 1222//1222
f 1219//1219 1220//1220 1222//1222
f 1219//1219 1218//1218 1220//1220
f 1218//1218 1210//1210 1211//1211
f 1224//1224 1225//1225 1223//1223
f 1218//1218 1225//1225 1224//1224
f 1224//1224 1220//1220 1218//1218
f 1219//1219 1217//1217 1210//1210
f 1226//1226 1202//1202 1204//1204
f 1227//1227 1202//1202 1226//1226
f 1229//1229 1227//1227 1228//1228
f 1228//1228 1230//1230 1229//1229
f 1202//1202 1227//1227 1229//1229
f 1171//1171 1231//1231 1205//1205
f 1232//1232 1231//1231 1171//1171
f 1169//1169 1171//1171 1205//1205
f 1166//1166 1233//1233 1168//1168
f 1171//1171 1168//1168 1232//1232
f 1233//1233 1232//1232 1168//1168
f 1230//1230 1233//1233 1165//1165
f 1234//1234 1229//1229 1230//1230
f 1230//1230 1235//1235 1234//1234
f 1158//1158 1235//1235 1230//1230
f 1236//1236 1237//1237 1238//1238
f 1235//1235 1236//1236 1238//1238
f 1235//1235 1158//1158 1236//1236
f 1158//1158 1230//1230 1165//1165
f 1165//1165 1233//1233 1166//1166
f 1154//1154 1157//1157 1155//1155
f 1158//1158 1157//1157 1154//1154
f 1154//1154 1236//1236 1158//1158
f 1191//1191 1188//1188 1213//1213
f 1241//1241 1239//1239 1240//1240
f 1242//1242 1240//1240 1239//1239
f 1243//1243 1244//1244 1241//1241
f 1244//1244 1239//1239 1241//1241
f 1243//1243 1245//1245 1244//1244
f 1242//1242 1239//1239 1246//1246
f 1244//1244 1245//1245 1247//1247
f 1247//1247 1245//1245 1248//1248
f 1246//1246 1244//1244 1247//1247
f 1244//1244 1246//1246 1239//1239
f 1245//1245 1243//1243 1249//1249
f 1249//1249 1250//1250 1251//1251
f 1249//1249 1251//1251 1245//1245
f 1250//1250 1252//1252 1251//1251
f 1245//1245 1251//1251 1248//1248
f 1255//1255 1254//1254 1253//1253
f 1251//1251 1252//1252 1256//1256
f 1256//1256 1252//1252 1257//1257
f 1252//1252 1254//1254 1257//1257
f 1254//1254 1258//1258 1257//1257
f 1258//1258 1254//1254 1255//1255
f 1254//1254 1252//1252 1253//1253
f 1240//1240 1242//1242 1259//1259
f 1240//1240 1259//1259 1260//1260
f 1264//1264 1265//1265 1266//1266
f 1264//1264 1262//1262 1263//1263
f 1265//1265 1267//1267 1266//1266
f 1263//1263 1262//1262 1261//1261
f 1269//1269 1267//1267 1268//1268
f 1270//1270 1271//1271 1269//1269
f 1268//1268 1270//1270 1269//1269
f 1272//1272 1271//1271 1273//1273
f 1275//1275 1272//1272 1276//1276
f 1277//1277 1275//1275 1278//1278
f 1275//1275 1276//1276 1278//1278
f 1273//1273 1271//1271 1274//1274
f 1276//1276 1279//1279 1280//1280
f 1281//1281 1279//1279 1276//1276
f 1272//1272 1273//1273 1281//1281
f 1276//1276 1272//1272 1281//1281
f 1270//1270 1274//1274 1271//1271
f 1259//1259 1263//1263 1261//1261
f 1282//1282 1263//1263 1259//1259
f 1265//1265 1264//1264 1263//1263
f 1265//1265 1268//1268 1267//1267
f 1259//1259 1283//1283 1282//1282
f 1242//1242 1283//1283 1259//1259
f 1242//1242 1284//1284 1285//1285
f 1242//1242 1286//1286 1284//1284
f 1242//1242 1287//1287 1286//1286
f 1288//1288 1289//1289 1242//1242
f 1287//1287 1242//1242 1289//1289
f 1242//1242 1246//1246 1288//1288
f 1290//1290 1288//1288 1291//1291
f 1292//1292 1288//1288 1246//1246
f 1290//1290 1289//1289 1288//1288
f 1283//1283 1242//1242 1285//1285
f 1293//1293 1277//1277 1294//1294
f 1295//1295 1296//1296 1277//1277
f 1296//1296 1295//1295 1297//1297
f 1297//1297 1298//1298 1296//1296
f 1293//1293 1295//1295 1277//1277
f 1299//1299 1300//1300 1280//1280
f 1299//1299 1301//1301 1302//1302
f 1301//1301 1299//1299 1303//1303
f 1304//1304 1301//1301 1303//1303
f 1300//1300 1299//1299 1302//1302
f 1277//1277 1278//1278 1294//1294
f 1305//1305 1306//1306 1307//1307
f 1298//1298 1306//1306 1305//1305
f 1307//1307 1308//1308 1309//1309
f 1305//1305 1307//1307 1309//1309
f 1310//1310 1308//1308 1307//1307
f 1311//1311 1304//1304 1312//1312
f 1313//1313 1304//1304 1311//1311
f 1303//1303 1312//1312 1304//1304
f 1310//1310 1311//1311 1314//1314
f 1313//1313 1311//1311 1310//1310
f 1310//1310 1307//1307 1313//1313
f 1298//1298 1297//1297 1306//1306
f 1315//1315 1290//1290 1291//1291
f 1316//1316 1290//1290 1315//1315
f 1316//1316 1318//1318 1317//1317
f 1315//1315 1318//1318 1316//1316
f 1247//1247 1319//1319 1292//1292
f 1246//1246 1247//1247 1292//1292
f 1247//1247 1320//1320 1321//1321
f 1320//1320 1247//1247 1248//1248
f 1251//1251 1320//1320 1248//1248
f 1319//1319 1247//1247 1321//1321
f 1316//1316 1317//1317 1322//1322
f 1323//1323 1324//1324 1322//1322
f 1316//1316 1322//1322 1324//1324
f 1325//1325 1324//1324 1323//1323
f 1326//1326 1325//1325 1327//1327
f 1323//1323 1327//1327 1325//1325
f 1328//1328 1326//1326 1327//1327
f 1329//1329 1330//1330 1258//1258
f 1320//1320 1251//1251 1330//1330
f 1330//1330 1251//1251 1256//1256
f 1258//1258 1327//1327 1329//1329
f 1258//1258 1256//1256 1257//1257
f 1330//1330 1256//1256 1258//1258
f 1258//1258 1328//1328 1327//1327
f 1280//1280 1279//1279 1299//1299
f 1331//1331 1176//1176 1152//1152
f 1331//1331 1152//1152 1151//1151
f 1331//1331 1151//1151 1175//1175
f 1151//1151 1149//1149 1175//1175
f 1149//1149 1332//1332 1175//1175
f 1150//1150 1333//1333 1147//1147
f 1149//1149 1147//1147 1333//1333
f 1150//1150 1137//1137 1333//1333
f 1134//1134 1334//1334 1138//1138
f 1335//1335 1334//1334 1141//1141
f 1134//1134 1141//1141 1334//1334
f 1336//1336 1137//1137 1138//1138
f 1337//1337 1142//1142 1338//1338
f 1339//1339 1338//1338 1340//1340
f 1339//1339 1337//1337 1338//1338
f 1335//1335 1142//1142 1337//1337
f 1341//1341 1342//1342 1337//1337
f 1342//1342 1335//1335 1337//1337
f 1341//1341 1343//1343 1344//1344
f 1344//1344 1345//1345 1341//1341
f 1343//1343 1341//1341 1337//1337
f 1346//1346 1340//1340 1338//1338
f 1142//1142 1335//1335 1141//1141
f 1347//1347 1175//1175 1332//1332
f 1333//1333 1332//1332 1149//1149
f 1137//1137 1336//1336 1333//1333
f 1175//1175 1347//1347 1348//1348
f 1173//1173 1175//1175 1348//1348
f 1349//1349 1173//1173 1348//1348
f 1173//1173 1349//1349 1350//1350
f 1351//1351 1350//1350 1352//1352
f 1351//1351 1352//1352 1353//1353
f 1354//1354 1351//1351 1353//1353
f 1355//1355 1173//1173 1356//1356
f 1351//1351 1356//1356 1173//1173
f 1350//1350 1351//1351 1173//1173
f 1357//1357 1358//1358 1359//1359
f 1355//1355 1360//1360 1173//1173
f 1359//1359 1354//1354 1357//1357
f 1354//1354 1353//1353 1357//1357
f 1336//1336 1138//1138 1334//1334
f 1341//1341 1345//1345 1361//1361
f 1362//1362 1346//1346 1363//1363
f 1338//1338 1363//1363 1346//1346
f 1364//1364 1362//1362 1363//1363
f 1365//1365 1366//1366 1367//1367
f 1366//1366 1365//1365 1364//1364
f 1365//1365 1367//1367 1368//1368
f 1363//1363 1366//1366 1364//1364
f 1369//1369 1361//1361 1345//1345
f 1370//1370 1361//1361 1369//1369
f 1371//1371 1372//1372 1373//1373
f 1373//1373 1372//1372 1361//1361
f 1368//1368 1371//1371 1373//1373
f 1370//1370 1373//1373 1361//1361
f 1374//1374 1368//1368 1367//1367
f 1375//1375 1368//1368 1376//1376
f 1377//1377 1378//1378 1379//1379
f 1376//1376 1378//1378 1377//1377
f 1376//1376 1377//1377 1375//1375
f 1375//1375 1371//1371 1368//1368
f 1381//1381 1380//1380 1382//1382
f 1375//1375 1381//1381 1382//1382
f 1381//1381 1375//1375 1377//1377
f 1376//1376 1368//1368 1374//1374
f 1383//1383 1358//1358 1357//1357
f 1384//1384 1383//1383 1357//1357
f 1385//1385 1386//1386 1387//1387
f 1386//1386 1385//1385 1384//1384
f 1385//1385 1387//1387 1388//1388
f 1357//1357 1386//1386 1384//1384
f 1172//1172 1360//1360 1389//1389
f 1390//1390 1172//1172 1389//1389
f 1173//1173 1360//1360 1172//1172
f 1167//1167 1172//1172 1391//1391
f 1391//1391 1172//1172 1390//1390
f 1388//1388 1164//1164 1391//1391
f 1163//1163 1388//1388 1392//1392
f 1393//1393 1394//1394 1395//1395
f 1392//1392 1394//1394 1393//1393
f 1392//1392 1393//1393 1163//1163
f 1163//1163 1164//1164 1388//1388
f 1164//1164 1167//1167 1391//1391
f 1156//1156 1160//1160 1161//1161
f 1163//1163 1156//1156 1161//1161
f 1156//1156 1163//1163 1393//1393
f 1392//1392 1388//1388 1387//1387
f 1396//1396 1397//1397 1266//1266
f 1398//1398 1396//1396 1266//1266
f 1266//1266 1397//1397 1264//1264
f 1262//1262 1264//1264 1397//1397
f 1397//1397 1399//1399 1400//1400
f 1262//1262 1397//1397 1400//1400
f 1397//1397 1396//1396 1399//1399
f 1267//1267 1398//1398 1266//1266
f 1401//1401 1398//1398 1267//1267
f 1402//1402 1396//1396 1398//1398
f 1402//1402 1398//1398 1401//1401
f 1404//1404 1400//1400 1399//1399
f 1399//1399 1396//1396 1405//1405
f 1402//1402 1405//1405 1396//1396
f 1404//1404 1403//1403 1400//1400
f 1402//1402 1401//1401 1406//1406
f 1407//1407 1401//1401 1408//1408
f 1406//1406 1401//1401 1407//1407
f 1409//1409 1410//1410 1408//1408
f 1412//1412 1413//1413 1409//1409
f 1413//1413 1412//1412 1414//1414
f 1414//1414 1415//1415 1413//1413
f 1410//1410 1411//1411 1408//1408
f 1413//1413 1416//1416 1417//1417
f 1418//1418 1413//1413 1417//1417
f 1409//1409 1418//1418 1410//1410
f 1413//1413 1418//1418 1409//1409
f 1407//1407 1408//1408 1411//1411
f 1260//1260 1403//1403 1404//1404
f 1419//1419 1260//1260 1404//1404
f 1405//1405 1404//1404 1399//1399
f 1405//1405 1402//1402 1406//1406
f 1260//1260 1419//1419 1420//1420
f 1240//1240 1260//1260 1420//1420
f 1240//1240 1421//1421 1422//1422
f 1240//1240 1422//1422 1423//1423
f 1240//1240 1423//1423 1424//1424
f 1425//1425 1240//1240 1426//1426
f 1424//1424 1426//1426 1240//1240
f 1240//1240 1425//1425 1241//1241
f 1427//1427 1428//1428 1425//1425
f 1429//1429 1241//1241 1425//1425
f 1427//1427 1425//1425 1426//1426
f 1420//1420 1421//1421 1240//1240
f 1414//1414 1430//1430 1415//1415
f 1431//1431 1430//1430 1414//1414
f 1432//1432 1431//1431 1433//1433
f 1431//1431 1432//1432 1434//1434
f 1430//1430 1431//1431 1434//1434
f 1435//1435 1436//1436 1417//1417
f 1416//1416 1435//1435 1417//1417
f 1437//1437 1436//1436 1435//1435
f 1436//1436 1438//1438 1439//1439
f 1436//1436 1439//1439 1440//1440
f 1437//1437 1438//1438 1436//1436
f 1441//1441 1432//1432 1433//1433
f 1442//1442 1441//1441 1443//1443
f 1433//1433 1443//1443 1441//1441
f 1444//1444 1442//1442 1443//1443
f 1445//1445 1446//1446 1444//1444
f 1442//1442 1444//1444 1446//1446
f 1447//1447 1446//1446 1445//1445
f 1440//1440 1439//1439 1448//1448
f 1446//1446 1449//1449 1450//1450
f 1448//1448 1439//1439 1450//1450
f 1449//1449 1451//1451 1448//1448
f 1450//1450 1449//1449 1448//1448
f 1449//1449 1446//1446 1447//1447
f 1452//1452 1428//1428 1453//1453
f 1453//1453 1428//1428 1427//1427
f 1454//1454 1453//1453 1455//1455
f 1453//1453 1454//1454 1456//1456
f 1452//1452 1453//1453 1456//1456
f 1243//1243 1429//1429 1457//1457
f 1241//1241 1429//1429 1243//1243
f 1243//1243 1458//1458 1459//1459
f 1459//1459 1249//1249 1243//1243
f 1250//1250 1249//1249 1459//1459
f 1457//1457 1458//1458 1243//1243
f 1455//1455 1460//1460 1454//1454
f 1461//1461 1460//1460 1462//1462
f 1455//1455 1462//1462 1460//1460
f 1463//1463 1461//1461 1462//1462
f 1464//1464 1465//1465 1463//1463
f 1461//1461 1463//1463 1465//1465
f 1466//1466 1465//1465 1464//1464
f 1467//1467 1255//1255 1468//1468
f 1459//1459 1468//1468 1250//1250
f 1468//1468 1252//1252 1250//1250
f 1255//1255 1467//1467 1465//1465
f 1255//1255 1253//1253 1252//1252
f 1468//1468 1255//1255 1252//1252
f 1255//1255 1465//1465 1466//1466
f 1271//1271 1408//1408 1469//1469
f 1470//1470 1408//1408 1271//1271
f 1401//1401 1469//1469 1408//1408
f 1469//1469 1267//1267 1269//1269
f 1401//1401 1267//1267 1469//1469
f 1271//1271 1469//1469 1269//1269
f 1408//1408 1470//1470 1409//1409
f 1271//1271 1272//1272 1470//1470
f 1272//1272 1409//1409 1470//1470
f 1414//1414 1277//1277 1431//1431
f 1277//1277 1433//1433 1431//1431
f 1277//1277 1296//1296 1433//1433
f 1275//1275 1277//1277 1414//1414
f 1471//1471 1447//1447 1445//1445
f 1305//1305 1471//1471 1445//1445
f 1305//1305 1445//1445 1444//1444
f 1308//1308 1447//1447 1471//1471
f 1444//1444 1443//1443 1305//1305
f 1471//1471 1305//1305 1309//1309
f 1471//1471 1309//1309 1308//1308
f 1298//1298 1305//1305 1443//1443
f 1443//1443 1296//1296 1298//1298
f 1409//1409 1272//1272 1412//1412
f 1414//1414 1412//1412 1275//1275
f 1412//1412 1272//1272 1275//1275
f 1443//1443 1433//1433 1296//1296
f 1472//1472 1377//1377 1379//1379
f 1220//1220 1377//1377 1472//1472
f 1472//1472 1379//1379 1378//1378
f 1376//1376 1473//1473 1378//1378
f 1473//1473 1472//1472 1378//1378
f 1221//1221 1220//1220 1472//1472
f 1222//1222 1221//1221 1472//1472
f 1473//1473 1474//1474 1219//1219
f 1376//1376 1474//1474 1473//1473
f 1219//1219 1474//1474 1217//1217
f 1222//1222 1473//1473 1219//1219
f 1473//1473 1222//1222 1472//1472
f 1474//1474 1376//1376 1374//1374
f 1374//1374 1367//1367 1209//1209
f 1374//1374 1209//1209 1474//1474
f 1367//1367 1366//1366 1209//1209
f 1474//1474 1209//1209 1217//1217
f 1338//1338 1475//1475 1363//1363
f 1209//1209 1366//1366 1185//1185
f 1181//1181 1185//1185 1475//1475
f 1366//1366 1475//1475 1185//1185
f 1181//1181 1475//1475 1338//1338
f 1475//1475 1366//1366 1363//1363
f 1381//1381 1377//1377 1220//1220
f 1381//1381 1220//1220 1224//1224
f 1420//1420 1419//1419 1476//1476
f 1282//1282 1476//1476 1419//1419
f 1421//1421 1420//1420 1477//1477
f 1477//1477 1420//1420 1476//1476
f 1282//1282 1283//1283 1476//1476
f 1477//1477 1285//1285 1478//1478
f 1421//1421 1477//1477 1478//1478
f 1285//1285 1284//1284 1478//1478
f 1283//1283 1285//1285 1477//1477
f 1477//1477 1476//1476 1283//1283
f 1478//1478 1422//1422 1421//1421
f 1422//1422 1478//1478 1284//1284
f 1422//1422 1284//1284 1423//1423
f 1284//1284 1286//1286 1423//1423
f 1286//1286 1287//1287 1423//1423
f 1423//1423 1287//1287 1424//1424
f 1424//1424 1287//1287 1289//1289
f 1289//1289 1426//1426 1424//1424
f 1419//1419 1404//1404 1263//1263
f 1419//1419 1263//1263 1282//1282
f 1290//1290 1480//1480 1427//1427
f 1480//1480 1316//1316 1455//1455
f 1479//1479 1466//1466 1464//1464
f 1325//1325 1479//1479 1464//1464
f 1325//1325 1464//1464 1463//1463
f 1463//1463 1462//1462 1325//1325
f 1316//1316 1462//1462 1455//1455
f 1479//1479 1325//1325 1326//1326
f 1479//1479 1326//1326 1328//1328
f 1466//1466 1479//1479 1328//1328
f 1324//1324 1325//1325 1462//1462
f 1462//1462 1316//1316 1324//1324
f 1427//1427 1480//1480 1453//1453
f 1453//1453 1480//1480 1455//1455
f 1427//1427 1426//1426 1289//1289
f 1427//1427 1289//1289 1290//1290
f 1290//1290 1316//1316 1480//1480
f 1265//1265 1263//1263 1481//1481
f 1404//1404 1481//1481 1263//1263
f 1268//1268 1265//1265 1482//1482
f 1482//1482 1265//1265 1481//1481
f 1404//1404 1405//1405 1481//1481
f 1482//1482 1406//1406 1483//1483
f 1268//1268 1482//1482 1483//1483
f 1406//1406 1407//1407 1483//1483
f 1405//1405 1406//1406 1482//1482
f 1482//1482 1481//1481 1405//1405
f 1483//1483 1270//1270 1268//1268
f 1270//1270 1407//1407 1274//1274
f 1281//1281 1273//1273 1410//1410
f 1407//1407 1411//1411 1274//1274
f 1411//1411 1410//1410 1274//1274
f 1418//1418 1281//1281 1410//1410
f 1410//1410 1273//1273 1274//1274
f 1270//1270 1483//1483 1407//1407
f 1417//1417 1485//1485 1279//1279
f 1485//1485 1436//1436 1303//1303
f 1484//1484 1310//1310 1314//1314
f 1448//1448 1484//1484 1314//1314
f 1448//1448 1314//1314 1311//1311
f 1449//1449 1310//1310 1484//1484
f 1311//1311 1312//1312 1448//1448
f 1436//1436 1312//1312 1303//1303
f 1484//1484 1448//1448 1451//1451
f 1484//1484 1451//1451 1449//1449
f 1440//1440 1448//1448 1312//1312
f 1312//1312 1436//1436 1440//1440
f 1279//1279 1485//1485 1299//1299
f 1299//1299 1485//1485 1303//1303
f 1279//1279 1281//1281 1418//1418
f 1279//1279 1418//1418 1417//1417
f 1417//1417 1436//1436 1485//1485
f 1486//1486 1224//1224 1223//1223
f 1381//1381 1224//1224 1486//1486
f 1486//1486 1223//1223 1225//1225
f 1218//1218 1487//1487 1225//1225
f 1487//1487 1486//1486 1225//1225
f 1380//1380 1381//1381 1486//1486
f 1382//1382 1380//1380 1486//1486
f 1487//1487 1488//1488 1375//1375
f 1218//1218 1488//1488 1487//1487
f 1375//1375 1488//1488 1371//1371
f 1382//1382 1487//1487 1375//1375
f 1487//1487 1382//1382 1486//1486
f 1488//1488 1218//1218 1211//1211
f 1211//1211 1371//1371 1488//1488
f 1211//1211 1216//1216 1371//1371
f 1371//1371 1216//1216 1372//1372
f 1372//1372 1216//1216 1361//1361
f 1216//1216 1213//1213 1361//1361
f 1213//1213 1341//1341 1361//1361
f 1341//1341 1213//1213 1188//1188
f 1489//1489 1335//1335 1490//1490
f 1490//1490 1335//1335 1342//1342
f 1490//1490 1342//1342 1187//1187
f 1180//1180 1489//1489 1490//1490
f 1187//1187 1342//1342 1341//1341
f 1489//1489 1334//1334 1335//1335
f 1341//1341 1188//1188 1187//1187
f 1180//1180 1490//1490 1187//1187
f 1334//1334 1179//1179 1336//1336
f 1334//1334 1489//1489 1179//1179
f 1491//1491 1333//1333 1336//1336
f 1332//1332 1333//1333 1491//1491
f 1332//1332 1491//1491 1177//1177
f 1489//1489 1180//1180 1179//1179
f 1178//1178 1336//1336 1179//1179
f 1336//1336 1178//1178 1491//1491
f 1491//1491 1178//1178 1177//1177
f 1348//1348 1347//1347 1492//1492
f 1192//1192 1492//1492 1347//1347
f 1349//1349 1348//1348 1493//1493
f 1493//1493 1348//1348 1492//1492
f 1192//1192 1193//1193 1492//1492
f 1493//1493 1194//1194 1494//1494
f 1349//1349 1493//1493 1494//1494
f 1194//1194 1195//1195 1494//1494
f 1193//1193 1194//1194 1493//1493
f 1493//1493 1492//1492 1193//1193
f 1494//1494 1350//1350 1349//1349
f 1350//1350 1494//1494 1195//1195
f 1350//1350 1195//1195 1352//1352
f 1357//1357 1353//1353 1198//1198
f 1195//1195 1197//1197 1352//1352
f 1197//1197 1198//1198 1352//1352
f 1202//1202 1357//1357 1198//1198
f 1198//1198 1353//1353 1352//1352
f 1177//1177 1192//1192 1347//1347
f 1177//1177 1347//1347 1332//1332
f 1386//1386 1497//1497 1387//1387
f 1497//1497 1496//1496 1387//1387
f 1229//1229 1497//1497 1386//1386
f 1497//1497 1234//1234 1496//1496
f 1229//1229 1386//1386 1202//1202
f 1495//1495 1393//1393 1395//1395
f 1238//1238 1495//1495 1395//1395
f 1238//1238 1395//1395 1394//1394
f 1236//1236 1393//1393 1495//1495
f 1394//1394 1392//1392 1235//1235
f 1394//1394 1235//1235 1238//1238
f 1496//1496 1235//1235 1392//1392
f 1387//1387 1496//1496 1392//1392
f 1495//1495 1238//1238 1237//1237
f 1495//1495 1237//1237 1236//1236
f 1386//1386 1357//1357 1202//1202
f 1229//1229 1234//1234 1497//1497
f 1235//1235 1496//1496 1234//1234
f 1498//1498 1499//1499 1500//1500
f 1501//1501 1499//1499 1498//1498
f 1502//1502 1498//1498 1500//1500
f 1498//1498 1503//1503 1501//1501
f 1504//1504 1503//1503 1505//1505
f 1505//1505 1503//1503 1498//1498
f 1506//1506 1504//1504 1505//1505
f 1507//1507 1498//1498 1502//1502
f 1508//1508 1498//1498 1509//1509
f 1507//1507 1509//1509 1498//1498
f 1505//1505 1510//1510 1511//1511
f 1505//1505 1511//1511 1512//1512
f 1506//1506 1505//1505 1512//1512
f 1511//1511 1513//1513 1512//1512
f 1508//1508 1510//1510 1505//1505
f 1505//1505 1498//1498 1508//1508
f 1512//1512 1514//1514 1506//1506
f 1515//1515 1516//1516 1514//1514
f 1516//1516 1515//1515 1517//1517
f 1516//1516 1517//1517 1518//1518
f 1512//1512 1513//1513 1515//1515
f 1519//1519 1520//1520 1521//1521
f 1520//1520 1518//1518 1517//1517
f 1522//1522 1519//1519 1521//1521
f 1515//1515 1523//1523 1517//1517
f 1523//1523 1524//1524 1517//1517
f 1525//1525 1521//1521 1524//1524
f 1517//1517 1524//1524 1521//1521
f 1521//1521 1525//1525 1526//1526
f 1526//1526 1522//1522 1521//1521
f 1521//1521 1520//1520 1517//1517
f 1514//1514 1512//1512 1515//1515
f 1527//1527 1528//1528 1529//1529
f 1530//1530 1528//1528 1527//1527
f 1531//1531 1527//1527 1529//1529
f 1527//1527 1532//1532 1530//1530
f 1533//1533 1532//1532 1534//1534
f 1534//1534 1532//1532 1527//1527
f 1535//1535 1533//1533 1534//1534
f 1536//1536 1527//1527 1531//1531
f 1537//1537 1527//1527 1538//1538
f 1536//1536 1538//1538 1527//1527
f 1534//1534 1539//1539 1540//1540
f 1534//1534 1540//1540 1541//1541
f 1535//1535 1534//1534 1541//1541
f 1540//1540 1542//1542 1541//1541
f 1537//1537 1539//1539 1534//1534
f 1534//1534 1527//1527 1537//1537
f 1541//1541 1543//1543 1535//1535
f 1544//1544 1545//1545 1543//1543
f 1545//1545 1544//1544 1546//1546
f 1545//1545 1546//1546 1547//1547
f 1541//1541 1542//1542 1544//1544
f 1548//1548 1549//1549 1550//1550
f 1549//1549 1547//1547 1546//1546
f 1551//1551 1548//1548 1550//1550
f 1544//1544 1552//1552 1546//1546
f 1552//1552 1553//1553 1546//1546
f 1554//1554 1550//1550 1553//1553
f 1546//1546 1553//1553 1550//1550
f 1550//1550 1554//1554 1555//1555
f 1555//1555 1551//1551 1550//1550
f 1550//1550 1549//1549 1546//1546
f 1543//1543 1541//1541 1544//1544
f 1526//1526 1556//1556 1557//1557
f 1526//1526 1557//1557 1522//1522
f 1558//1558 1502//1502 1500//1500
f 1558//1558 1500//1500 1559//1559
f 1560//1560 1531//1531 1529//1529
f 1560//1560 1529//1529 1561//1561
f 1562//1562 1563//1563 1557//1557
f 1564//1564 1563//1563 1562//1562
f 1556//1556 1562//1562 1557//1557
f 1562//1562 1565//1565 1564//1564
f 1566//1566 1565//1565 1567//1567
f 1567//1567 1565//1565 1562//1562
f 1568//1568 1566//1566 1567//1567
f 1569//1569 1562//1562 1556//1556
f 1570//1570 1562//1562 1571//1571
f 1569//1569 1571//1571 1562//1562
f 1567//1567 1572//1572 1573//1573
f 1567//1567 1573//1573 1574//1574
f 1568//1568 1567//1567 1574//1574
f 1573//1573 1575//1575 1574//1574
f 1570//1570 1572//1572 1567//1567
f 1567//1567 1562//1562 1570//1570
f 1574//1574 1576//1576 1568//1568
f 1577//1577 1578//1578 1576//1576
f 1578//1578 1577//1577 1579//1579
f 1578//1578 1579//1579 1580//1580
f 1574//1574 1575//1575 1577//1577
f 1581//1581 1582//1582 1583//1583
f 1582//1582 1580//1580 1579//1579
f 1559//1559 1581//1581 1583//1583
f 1577//1577 1584//1584 1579//1579
f 1584//1584 1585//1585 1579//1579
f 1586//1586 1583//1583 1585//1585
f 1579//1579 1585//1585 1583//1583
f 1583//1583 1586//1586 1558//1558
f 1558//1558 1559//1559 1583//1583
f 1583//1583 1582//1582 1579//1579
f 1576//1576 1574//1574 1577//1577
f 1587//1587 1588//1588 1589//1589
f 1590//1590 1588//1588 1587//1587
f 1591//1591 1587//1587 1589//1589
f 1587//1587 1592//1592 1590//1590
f 1593//1593 1592//1592 1594//1594
f 1594//1594 1592//1592 1587//1587
f 1595//1595 1593//1593 1594//1594
f 1596//1596 1587//1587 1591//1591
f 1597//1597 1587//1587 1598//1598
f 1596//1596 1598//1598 1587//1587
f 1594//1594 1599//1599 1600//1600
f 1594//1594 1600//1600 1601//1601
f 1595//1595 1594//1594 1601//1601
f 1600//1600 1602//1602 1601//1601
f 1597//1597 1599//1599 1594//1594
f 1594//1594 1587//1587 1597//1597
f 1601//1601 1603//1603 1595//1595
f 1604//1604 1605//1605 1603//1603
f 1605//1605 1604//1604 1606//1606
f 1605//1605 1606//1606 1607//1607
f 1601//1601 1602//1602 1604//1604
f 1608//1608 1609//1609 1610//1610
f 1609//1609 1607//1607 1606//1606
f 1561//1561 1608//1608 1610//1610
f 1604//1604 1611//1611 1606//1606
f 1611//1611 1612//1612 1606//1606
f 1613//1613 1610//1610 1612//1612
f 1606//1606 1612//1612 1610//1610
f 1610//1610 1613//1613 1560//1560
f 1560//1560 1561//1561 1610//1610
f 1610//1610 1609//1609 1606//1606
f 1603//1603 1601//1601 1604//1604
f 1555//1555 1591//1591 1589//1589
f 1555//1555 1589//1589 1551//1551
f 1614//1614 1615//1615 1616//1616
f 1617//1617 1615//1615 1614//1614
f 1618//1618 1614//1614 1616//1616
f 1614//1614 1619//1619 1617//1617
f 1620//1620 1619//1619 1621//1621
f 1621//1621 1619//1619 1614//1614
f 1622//1622 1620//1620 1621//1621
f 1623//1623 1614//1614 1618//1618
f 1624//1624 1614//1614 1625//1625
f 1623//1623 1625//1625 1614//1614
f 1621//1621 1626//1626 1627//1627
f 1621//1621 1627//1627 1628//1628
f 1622//1622 1621//1621 1628//1628
f 1627//1627 1629//1629 1628//1628
f 1624//1624 1626//1626 1621//1621
f 1621//1621 1614//1614 1624//1624
f 1628//1628 1630//1630 1622//1622
f 1631//1631 1632//1632 1630//1630
f 1632//1632 1631//1631 1633//1633
f 1632//1632 1633//1633 1634//1634
f 1628//1628 1629//1629 1631//1631
f 1635//1635 1636//1636 1637//1637
f 1636//1636 1634//1634 1633//1633
f 1638//1638 1635//1635 1637//1637
f 1631//1631 1639//1639 1633//1633
f 1639//1639 1640//1640 1633//1633
f 1641//1641 1637//1637 1640//1640
f 1633//1633 1640//1640 1637//1637
f 1637//1637 1641//1641 1642//1642
f 1642//1642 1638//1638 1637//1637
f 1637//1637 1636//1636 1633//1633
f 1630//1630 1628//1628 1631//1631
f 1643//1643 1644//1644 1645//1645
f 1646//1646 1644//1644 1643//1643
f 1647//1647 1643//1643 1645//1645
f 1643//1643 1648//1648 1646//1646
f 1649//1649 1648//1648 1650//1650
f 1650//1650 1648//1648 1643//1643
f 1651//1651 1649//1649 1650//1650
f 1652//1652 1643//1643 1647//1647
f 1653//1653 1643//1643 1654//1654
f 1652//1652 1654//1654 1643//1643
f 1650//1650 1655//1655 1656//1656
f 1650//1650 1656//1656 1657//1657
f 1651//1651 1650//1650 1657//1657
f 1656//1656 1658//1658 1657//1657
f 1653//1653 1655//1655 1650//1650
f 1650//1650 1643//1643 1653//1653
f 1657//1657 1659//1659 1651//1651
f 1660//1660 1661//1661 1659//1659
f 1661//1661 1660//1660 1662//1662
f 1661//1661 1662//1662 1663//1663
f 1657//1657 1658//1658 1660//1660
f 1664//1664 1665//1665 1666//1666
f 1665//1665 1663//1663 1662//1662
f 1667//1667 1664//1664 1666//1666
f 1660//1660 1668//1668 1662//1662
f 1668//1668 1669//1669 1662//1662
f 1670//1670 1666//1666 1669//1669
f 1662//1662 1669//1669 1666//1666
f 1666//1666 1670//1670 1671//1671
f 1671//1671 1667//1667 1666//1666
f 1666//1666 1665//1665 1662//1662
f 1659//1659 1657//1657 1660//1660
f 1642//1642 1672//1672 1673//1673
f 1642//1642 1673//1673 1638//1638
f 1674//1674 1618//1618 1616//1616
f 1674//1674 1616//1616 1675//1675
f 1676//1676 1647//1647 1645//1645
f 1676//1676 1645//1645 1677//1677
f 1678//1678 1679//1679 1673//1673
f 1680//1680 1679//1679 1678//1678
f 1672//1672 1678//1678 1673//1673
f 1678//1678 1681//1681 1680//1680
f 1682//1682 1681//1681 1683//1683
f 1683//1683 1681//1681 1678//1678
f 1684//1684 1682//1682 1683//1683
f 1685//1685 1678//1678 1672//1672
f 1686//1686 1678//1678 1687//1687
f 1685//1685 1687//1687 1678//1678
f 1683//1683 1688//1688 1689//1689
f 1683//1683 1689//1689 1690//1690
f 1684//1684 1683//1683 1690//1690
f 1689//1689 1691//1691 1690//1690
f 1686//1686 1688//1688 1683//1683
f 1683//1683 1678//1678 1686//1686
f 1690//1690 1692//1692 1684//1684
f 1693//1693 1694//1694 1692//1692
f 1694//1694 1693//1693 1695//1695
f 1694//1694 1695//1695 1696//1696
f 1690//1690 1691//1691 1693//1693
f 1697//1697 1698//1698 1699//1699
f 1698//1698 1696//1696 1695//1695
f 1675//1675 1697//1697 1699//1699
f 1693//1693 1700//1700 1695//1695
f 1700//1700 1701//1701 1695//1695
f 1702//1702 1699//1699 1701//1701
f 1695//1695 1701//1701 1699//1699
f 1699//1699 1702//1702 1674//1674
f 1674//1674 1675//1675 1699//1699
f 1699//1699 1698//1698 1695//1695
f 1692//1692 1690//1690 1693//1693
f 1703//1703 1704//1704 1705//1705
f 1706//1706 1704//1704 1703//1703
f 1707//1707 1703//1703 1705//1705
f 1703//1703 1708//1708 1706//1706
f 1709//1709 1708//1708 1710//1710
f 1710//1710 1708//1708 1703//1703
f 1711//1711 1709//1709 1710//1710
f 1712//1712 1703//1703 1707//1707
f 1713//1713 1703//1703 1714//1714
f 1712//1712 1714//1714 1703//1703
f 1710//1710 1715//1715 1716//1716
f 1710//1710 1716//1716 1717//1717
f 1711//1711 1710//1710 1717//1717
f 1716//1716 1718//1718 1717//1717
f 1713//1713 1715//1715 1710//1710
f 1710//1710 1703//1703 1713//1713
f 1717//1717 1719//1719 1711//1711
f 1720//1720 1721//1721 1719//1719
f 1721//1721 1720//1720 1722//1722
f 1721//1721 1722//1722 1723//1723
f 1717//1717 1718//1718 1720//1720
f 1724//1724 1725//1725 1726//1726
f 1725//1725 1723//1723 1722//1722
f 1677//1677 1724//1724 1726//1726
f 1720//1720 1727//1727 1722//1722
f 1727//1727 1728//1728 1722//1722
f 1729//1729 1726//1726 1728//1728
f 1722//1722 1728//1728 1726//1726
f 1726//1726 1729//1729 1676//1676
f 1676//1676 1677//1677 1726//1726
f 1726//1726 1725//1725 1722//1722
f 1719//1719 1717//1717 1720//1720
f 1671//1671 1707//1707 1705//1705
f 1671//1671 1705//1705 1667//1667
f 1143//1143 1181//1181 1338//1338
f 1143//1143 1338//1338 1142//1142
f 1403//1403 1261//1261 1262//1262
f 1403//1403 1262//1262 1400//1400
f 1255//1255 1466//1466 1328//1328
f 1255//1255 1328//1328 1258//1258
f 1731//1731 188//188 187//187
f 1731//1731 187//187 1732//1732
f 1732//1732 187//187 193//193
f 1732//1732 193//193 1733//1733
f 1730//1730 171//171 188//188
f 1730//1730 188//188 1731//1731
f 1734//1734 191//191 190//190
f 1734//1734 190//190 1735//1735
f 1735//1735 190//190 195//195
f 1735//1735 195//195 1736//1736
f 1737//1737 1738//1738 326//326
f 1737//1737 326//326 328//328
f 1739//1739 1737//1737 328//328
f 1739//1739 328//328 330//330
f 1738//1738 1736//1736 195//195
f 1738//1738 195//195 326//326
f 1734//1734 1733//1733 193//193
f 1734//1734 193//193 191//191
f 378//378 1739//1739 330//330
f 1739//1739 378//378 1740//1740
f 1741//1741 563//563 562//562
f 1741//1741 562//562 1742//1742
f 1742//1742 562//562 449//449
f 1742//1742 449//449 1743//1743
f 1741//1741 1740//1740 378//378
f 1741//1741 378//378 563//563
f 1744//1744 448//448 452//452
f 1744//1744 452//452 1745//1745
f 1745//1745 452//452 451//451
f 1745//1745 451//451 1746//1746
f 1747//1747 444//444 443//443
f 1747//1747 443//443 1748//1748
f 1749//1749 1748//1748 443//443
f 1749//1749 443//443 447//447
f 1746//1746 451//451 444//444
f 1746//1746 444//444 1747//1747
f 1743//1743 449//449 448//448
f 1743//1743 448//448 1744//1744
f 177//177 171//171 1730//1730
f 177//177 1730//1730 1750//1750
f 1751//1751 442//442 439//439
f 1752//1752 438//438 435//435
f 1752//1752 435//435 1753//1753
f 1753//1753 435//435 436//436
f 1753//1753 436//436 1754//1754
f 1751//1751 439//439 438//438
f 1751//1751 438//438 1752//1752
f 1755//1755 400//400 398//398
f 1755//1755 398//398 1756//1756
f 1756//1756 398//398 399//399
f 1756//1756 399//399 1757//1757
f 1758//1758 394//394 396//396
f 1758//1758 396//396 1759//1759
f 1759//1759 396//396 397//397
f 1759//1759 397//397 1760//1760
f 1757//1757 399//399 394//394
f 1757//1757 394//394 1758//1758
f 1754//1754 436//436 400//400
f 1754//1754 400//400 1755//1755
f 150//150 1761//1761 1760//1760
f 150//150 1760//1760 397//397
f 1761//1761 150//150 149//149
f 1761//1761 149//149 1762//1762
f 1763//1763 152//152 148//148
f 1763//1763 148//148 1764//1764
f 1764//1764 148//148 147//147
f 1764//1764 147//147 1765//1765
f 1762//1762 149//149 152//152
f 1762//1762 152//152 1763//1763
f 1766//1766 144//144 145//145
f 1766//1766 145//145 1767//1767
f 1767//1767 145//145 179//179
f 1767//1767 179//179 1768//1768
f 1769//1769 178//178 175//175
f 1769//1769 175//175 1770//1770
f 1770//1770 175//175 177//177
f 1770//1770 177//177 1771//1771
f 1768//1768 179//179 178//178
f 1768//1768 178//178 1769//1769
f 1765//1765 147//147 144//144
f 1765//1765 144//144 1766//1766
f 177//177 1750//1750 1771//1771
f 447//447 442//442 1751//1751
f 447//447 1751//1751 1749//1749
f 1772//1772 1773//1773 282//282
f 1772//1772 282//282 281//281
f 1774//1774 246//246 248//248
f 1774//1774 248//248 1775//1775
f 1775//1775 248//248 243//243
f 1775//1775 243//243 1776//1776
f 1772//1772 281//281 246//246
f 1772//1772 246//246 1774//1774
f 1777//1777 224//224 208//208
f 1777//1777 208//208 1778//1778
f 1778//1778 208//208 232//232
f 1778//1778 232//232 1779//1779
f 1780//1780 236//236 241//241
f 1780//1780 241//241 1781//1781
f 1781//1781 241//241 239//239
f 1781//1781 239//239 1782//1782
f 1779//1779 232//232 236//236
f 1779//1779 236//236 1780//1780
f 1776//1776 243//243 224//224
f 1776//1776 224//224 1777//1777
f 1782//1782 239//239 242//242
f 1782//1782 242//242 1783//1783
f 1784//1784 261//261 260//260
f 1784//1784 260//260 1785//1785
f 1786//1786 262//262 279//279
f 1786//1786 279//279 1787//1787
f 1787//1787 279//279 300//300
f 1787//1787 300//300 1788//1788
f 1785//1785 260//260 262//262
f 1785//1785 262//262 1786//1786
f 1789//1789 287//287 286//286
f 1789//1789 286//286 1790//1790
f 1790//1790 286//286 288//288
f 1790//1790 288//288 1791//1791
f 1792//1792 291//291 284//284
f 1792//1792 284//284 1793//1793
f 1793//1793 284//284 282//282
f 1793//1793 282//282 1773//1773
f 1791//1791 288//288 291//291
f 1791//1791 291//291 1792//1792
f 1788//1788 300//300 287//287
f 1788//1788 287//287 1789//1789
f 261//261 1784//1784 1783//1783
f 261//261 1783//1783 242//242
f 1794//1794 682//682 680//680
f 1794//1794 680//680 1795//1795
f 1796//1796 668//668 664//664
f 1796//1796 664//664 1797//1797
f 1797//1797 664//664 661//661
f 1797//1797 661//661 1798//1798
f 1795//1795 680//680 668//668
f 1795//1795 668//668 1796//1796
f 1799//1799 667//667 645//645
f 1799//1799 645//645 1800//1800
f 1800//1800 645//645 660//660
f 1800//1800 660//660 1801//1801
f 1802//1802 655//655 654//654
f 1802//1802 654//654 1803//1803
f 1803//1803 654//654 659//659
f 1803//1803 659//659 1804//1804
f 1801//1801 660//660 655//655
f 1801//1801 655//655 1802//1802
f 1798//1798 661//661 667//667
f 1798//1798 667//667 1799//1799
f 1804//1804 659//659 629//629
f 1804//1804 629//629 1805//1805
f 1806//1806 631//631 635//635
f 1806//1806 635//635 1807//1807
f 1808//1808 639//639 695//695
f 1808//1808 695//695 1809//1809
f 1809//1809 695//695 694//694
f 1809//1809 694//694 1810//1810
f 1807//1807 635//635 639//639
f 1807//1807 639//639 1808//1808
f 1811//1811 700//700 702//702
f 1811//1811 702//702 1812//1812
f 1812//1812 702//702 703//703
f 1812//1812 703//703 1813//1813
f 1814//1814 697//697 696//696
f 1814//1814 696//696 1815//1815
f 1815//1815 696//696 682//682
f 1815//1815 682//682 1794//1794
f 1813//1813 703//703 697//697
f 1813//1813 697//697 1814//1814
f 1810//1810 694//694 700//700
f 1810//1810 700//700 1811//1811
f 631//631 1806//1806 1805//1805
f 631//631 1805//1805 629//629
f 1816//1816 496//496 494//494
f 1816//1816 494//494 1817//1817
f 1818//1818 491//491 487//487
f 1818//1818 487//487 1819//1819
f 1819//1819 487//487 488//488
f 1819//1819 488//488 1820//1820
f 1817//1817 494//494 491//491
f 1817//1817 491//491 1818//1818
f 1821//1821 489//489 481//481
f 1821//1821 481//481 1822//1822
f 1822//1822 481//481 486//486
f 1822//1822 486//486 1823//1823
f 1824//1824 484//484 485//485
f 1824//1824 485//485 1825//1825
f 1825//1825 485//485 482//482
f 1825//1825 482//482 1826//1826
f 1824//1824 1823//1823 486//486
f 1824//1824 486//486 484//484
f 1820//1820 488//488 489//489
f 1820//1820 489//489 1821//1821
f 1826//1826 482//482 492//492
f 1826//1826 492//492 1827//1827
f 1828//1828 493//493 411//411
f 1828//1828 411//411 1829//1829
f 1830//1830 1831//1831 409//409
f 1830//1830 409//409 417//417
f 1832//1832 1830//1830 417//417
f 1832//1832 417//417 432//432
f 1831//1831 1829//1829 411//411
f 1831//1831 411//411 409//409
f 1833//1833 524//524 523//523
f 1833//1833 523//523 1834//1834
f 1835//1835 1834//1834 523//523
f 1835//1835 523//523 522//522
f 1836//1836 512//512 499//499
f 1836//1836 499//499 1837//1837
f 1816//1816 1837//1837 499//499
f 1816//1816 499//499 496//496
f 1835//1835 522//522 512//512
f 1835//1835 512//512 1836//1836
f 1832//1832 432//432 524//524
f 1832//1832 524//524 1833//1833
f 493//493 1828//1828 1827//1827
f 493//493 1827//1827 492//492
f 1838//1838 55//55 54//54
f 1838//1838 54//54 1839//1839
f 1840//1840 39//39 31//31
f 1840//1840 31//31 1841//1841
f 1841//1841 31//31 33//33
f 1841//1841 33//33 1842//1842
f 1839//1839 54//54 39//39
f 1839//1839 39//39 1840//1840
f 1843//1843 35//35 21//21
f 1843//1843 21//21 1844//1844
f 1844//1844 21//21 18//18
f 1844//1844 18//18 1845//1845
f 1846//1846 42//42 53//53
f 1846//1846 53//53 1847//1847
f 1847//1847 53//53 45//45
f 1847//1847 45//45 1848//1848
f 1845//1845 18//18 42//42
f 1845//1845 42//42 1846//1846
f 1842//1842 33//33 35//35
f 1842//1842 35//35 1843//1843
f 1848//1848 45//45 47//47
f 1848//1848 47//47 1849//1849
f 1850//1850 51//51 49//49
f 1850//1850 49//49 1851//1851
f 1852//1852 73//73 72//72
f 1852//1852 72//72 1853//1853
f 1853//1853 72//72 95//95
f 1853//1853 95//95 1854//1854
f 1852//1852 1851//1851 49//49
f 1852//1852 49//49 73//73
f 1855//1855 1856//1856 92//92
f 1855//1855 92//92 94//94
f 1857//1857 1855//1855 94//94
f 1857//1857 94//94 97//97
f 1858//1858 58//58 41//41
f 1858//1858 41//41 1859//1859
f 1838//1838 1859//1859 41//41
f 1838//1838 41//41 55//55
f 1857//1857 97//97 58//58
f 1857//1857 58//58 1858//1858
f 1854//1854 95//95 92//92
f 1854//1854 92//92 1856//1856
f 51//51 1850//1850 1849//1849
f 51//51 1849//1849 47//47
f 1388//1388 1230//1230 1228//1228
f 1388//1388 1228//1228 1385//1385
f 1385//1385 1228//1228 1227//1227
f 1385//1385 1227//1227 1384//1384
f 1383//1383 1226//1226 1204//1204
f 1383//1383 1204//1204 1358//1358
f 1359//1359 1203//1203 1199//1199
f 1359//1359 1199//1199 1354//1354
f 1358//1358 1204//1204 1203//1203
f 1358//1358 1203//1203 1359//1359
f 1384//1384 1227//1227 1226//1226
f 1384//1384 1226//1226 1383//1383
f 1351//1351 1354//1354 1199//1199
f 1351//1351 1199//1199 1196//1196
f 1355//1355 1356//1356 1201//1201
f 1355//1355 1201//1201 1200//1200
f 1360//1360 1355//1355 1200//1200
f 1360//1360 1200//1200 1205//1205
f 1389//1389 1231//1231 1232//1232
f 1389//1389 1232//1232 1390//1390
f 1388//1388 1391//1391 1233//1233
f 1388//1388 1233//1233 1230//1230
f 1390//1390 1232//1232 1233//1233
f 1390//1390 1233//1233 1391//1391
f 1360//1360 1205//1205 1231//1231
f 1360//1360 1231//1231 1389//1389
f 1356//1356 1351//1351 1196//1196
f 1356//1356 1196//1196 1201//1201
f 1288//1288 1425//1425 1428//1428
f 1288//1288 1428//1428 1291//1291
f 1291//1291 1428//1428 1452//1452
f 1291//1291 1452//1452 1315//1315
f 1318//1318 1456//1456 1454//1454
f 1318//1318 1454//1454 1317//1317
f 1322//1322 1460//1460 1461//1461
f 1322//1322 1461//1461 1323//1323
f 1317//1317 1454//1454 1460//1460
f 1317//1317 1460//1460 1322//1322
f 1315//1315 1452//1452 1456//1456
f 1315//1315 1456//1456 1318//1318
f 1327//1327 1323//1323 1461//1461
f 1327//1327 1461//1461 1465//1465
f 1330//1330 1329//1329 1467//1467
f 1330//1330 1467//1467 1468//1468
f 1330//1330 1468//1468 1459//1459
f 1330//1330 1459//1459 1320//1320
f 1321//1321 1458//1458 1457//1457
f 1321//1321 1457//1457 1319//1319
f 1288//1288 1292//1292 1429//1429
f 1288//1288 1429//1429 1425//1425
f 1319//1319 1457//1457 1429//1429
f 1319//1319 1429//1429 1292//1292
f 1320//1320 1459//1459 1458//1458
f 1320//1320 1458//1458 1321//1321
f 1329//1329 1327//1327 1465//1465
f 1329//1329 1465//1465 1467//1467
f 1276//1276 1413//1413 1415//1415
f 1276//1276 1415//1415 1278//1278
f 1278//1278 1415//1415 1430//1430
f 1278//1278 1430//1430 1294//1294
f 1293//1293 1434//1434 1432//1432
f 1293//1293 1432//1432 1295//1295
f 1297//1297 1441//1441 1442//1442
f 1297//1297 1442//1442 1306//1306
f 1295//1295 1432//1432 1441//1441
f 1295//1295 1441//1441 1297//1297
f 1294//1294 1430//1430 1434//1434
f 1294//1294 1434//1434 1293//1293
f 1307//1307 1306//1306 1442//1442
f 1307//1307 1442//1442 1446//1446
f 1304//1304 1313//1313 1450//1450
f 1304//1304 1450//1450 1439//1439
f 1304//1304 1439//1439 1438//1438
f 1304//1304 1438//1438 1301//1301
f 1302//1302 1437//1437 1435//1435
f 1302//1302 1435//1435 1300//1300
f 1276//1276 1280//1280 1416//1416
f 1276//1276 1416//1416 1413//1413
f 1300//1300 1435//1435 1416//1416
f 1300//1300 1416//1416 1280//1280
f 1301//1301 1438//1438 1437//1437
f 1301//1301 1437//1437 1302//1302
f 1313//1313 1307//1307 1446//1446
f 1313//1313 1446//1446 1450//1450
f 1368//1368 1210//1210 1208//1208
f 1368//1368 1208//1208 1365//1365
f 1365//1365 1208//1208 1206//1206
f 1365//1365 1206//1206 1364//1364
f 1362//1362 1207//1207 1184//1184
f 1362//1362 1184//1184 1346//1346
f 1340//1340 1183//1183 1186//1186
f 1340//1340 1186//1186 1339//1339
f 1346//1346 1184//1184 1183//1183
f 1346//1346 1183//1183 1340//1340
f 1364//1364 1206//1206 1207//1207
f 1364//1364 1207//1207 1362//1362
f 1337//1337 1339//1339 1186//1186
f 1337//1337 1186//1186 1182//1182
f 1343//1343 1189//1189 1190//1190
f 1343//1343 1190//1190 1344//1344
f 1344//1344 1190//1190 1191//1191
f 1344//1344 1191//1191 1345//1345
f 1369//1369 1214//1214 1215//1215
f 1369//1369 1215//1215 1370//1370
f 1368//1368 1373//1373 1212//1212
f 1368//1368 1212//1212 1210//1210
f 1373//1373 1370//1370 1215//1215
f 1373//1373 1215//1215 1212//1212
f 1345//1345 1191//1191 1214//1214
f 1345//1345 1214//1214 1369//1369
f 1343//1343 1337//1337 1182//1182
f 1343//1343 1182//1182 1189//1189
f 130//130 1860//1860 111//111
f 1861//1861 1860//1860 130//130
f 1861//1861 130//130 129//129
f 38//38 111//111 1860//1860
f 38//38 1860//1860 1862//1862
f 1863//1863 1865//1865 1864//1864
f 1866//1866 1867//1867 1864//1864
f 1868//1868 1867//1867 1866//1866
f 1865//1865 1866//1866 1864//1864
f 1865//1865 15//15 1866//1866
f 1865//1865 1863//1863 37//37
f 1865//1865 37//37 15//15
f 15//15 36//36 1866//1866
f 36//36 32//32 1868//1868
f 1868//1868 1866//1866 36//36
f 1868//1868 1869//1869 1867//1867
f 1869//1869 1868//1868 32//32
f 1870//1870 1869//1869 32//32
f 38//38 1862//1862 1870//1870
f 32//32 34//34 1870//1870
f 38//38 1870//1870 34//34
f 59//59 37//37 1863//1863
f 59//59 1863//1863 1871//1871
f 1874//1874 1873//1873 1875//1875
f 1872//1872 1875//1875 1873//1873
f 1876//1876 1874//1874 1875//1875
f 1872//1872 407//407 1875//1875
f 483//483 1875//1875 407//407
f 1876//1876 483//483 480//480
f 1877//1877 1876//1876 480//480
f 483//483 1876//1876 1875//1875
f 1877//1877 480//480 477//477
f 1877//1877 477//477 1878//1878
f 1879//1879 1878//1878 477//477
f 1871//1871 1879//1879 59//59
f 477//477 479//479 1879//1879
f 1879//1879 479//479 59//59
f 381//381 1872//1872 1873//1873
f 381//381 1873//1873 1880//1880
f 381//381 407//407 1872//1872
f 379//379 1881//1881 151//151
f 1880//1880 1881//1881 379//379
f 1881//1881 1882//1882 151//151
f 379//379 381//381 1880//1880
f 1861//1861 151//151 1882//1882
f 129//129 151//151 1861//1861
f 203//203 1883//1883 1884//1884
f 1885//1885 1883//1883 203//203
f 1886//1886 1884//1884 1883//1883
f 1884//1884 78//78 98//98
f 1886//1886 78//78 1884//1884
f 1884//1884 98//98 203//203
f 1883//1883 1885//1885 1887//1887
f 1887//1887 1885//1885 1888//1888
f 204//204 1888//1888 1885//1885
f 203//203 204//204 1885//1885
f 79//79 78//78 1886//1886
f 79//79 1886//1886 1889//1889
f 84//84 1890//1890 1891//1891
f 1892//1892 1890//1890 84//84
f 1893//1893 1891//1891 1890//1890
f 1891//1891 102//102 101//101
f 1893//1893 102//102 1891//1891
f 1891//1891 101//101 84//84
f 1889//1889 1894//1894 1892//1892
f 79//79 1889//1889 1892//1892
f 84//84 79//79 1892//1892
f 1894//1894 1890//1890 1892//1892
f 1893//1893 1895//1895 106//106
f 1893//1893 106//106 102//102
f 136//136 1896//1896 155//155
f 1897//1897 1896//1896 136//136
f 136//136 140//140 1897//1897
f 1898//1898 1897//1897 140//140
f 1899//1899 155//155 1896//1896
f 159//159 155//155 1899//1899
f 119//119 1900//1900 1901//1901
f 1901//1901 124//124 119//119
f 1901//1901 1902//1902 124//124
f 1900//1900 106//106 1895//1895
f 119//119 106//106 1900//1900
f 140//140 124//124 1902//1902
f 140//140 1902//1902 1898//1898
f 159//159 1903//1903 163//163
f 1899//1899 1903//1903 159//159
f 226//226 163//163 1903//1903
f 226//226 1903//1903 1904//1904
f 226//226 1905//1905 227//227
f 1904//1904 1905//1905 226//226
f 227//227 1888//1888 204//204
f 1888//1888 227//227 1905//1905
f 420//420 1906//1906 423//423
f 423//423 1906//1906 1907//1907
f 1907//1907 428//428 423//423
f 1906//1906 420//420 1908//1908
f 1907//1907 1909//1909 431//431
f 431//431 428//428 1907//1907
f 465//465 1910//1910 401//401
f 1911//1911 1910//1910 465//465
f 420//420 401//401 1910//1910
f 420//420 1910//1910 1908//1908
f 532//532 1912//1912 1913//1913
f 1914//1914 1912//1912 532//532
f 1915//1915 1913//1913 1912//1912
f 1913//1913 542//542 537//537
f 1915//1915 542//542 1913//1913
f 532//532 1913//1913 537//537
f 1914//1914 1916//1916 1912//1912
f 1909//1909 1916//1916 1914//1914
f 532//532 431//431 1914//1914
f 431//431 1909//1909 1914//1914
f 539//539 542//542 1915//1915
f 539//539 1915//1915 1917//1917
f 540//540 1918//1918 1919//1919
f 1920//1920 1918//1918 540//540
f 1921//1921 1919//1919 1918//1918
f 1919//1919 646//646 647//647
f 1921//1921 646//646 1919//1919
f 1919//1919 647//647 540//540
f 1920//1920 1922//1922 1918//1918
f 1917//1917 1922//1922 1920//1920
f 540//540 539//539 1920//1920
f 539//539 1917//1917 1920//1920
f 592//592 646//646 1923//1923
f 1921//1921 1923//1923 646//646
f 592//592 1924//1924 580//580
f 1923//1923 1924//1924 592//592
f 1925//1925 580//580 1924//1924
f 476//476 580//580 1925//1925
f 476//476 1926//1926 469//469
f 1925//1925 1926//1926 476//476
f 1911//1911 469//469 1926//1926
f 465//465 469//469 1911//1911
f 333//333 1927//1927 336//336
f 1928//1928 1927//1927 333//333
f 333//333 321//321 1928//1928
f 1928//1928 321//321 1929//1929
f 1930//1930 336//336 1927//1927
f 561//561 336//336 1930//1930
f 319//319 1931//1931 312//312
f 1932//1932 1931//1931 319//319
f 319//319 320//320 1932//1932
f 321//321 312//312 1931//1931
f 321//321 1931//1931 1929//1929
f 561//561 1933//1933 574//574
f 1930//1930 1933//1933 561//561
f 574//574 1933//1933 1934//1934
f 584//584 1934//1934 1935//1935
f 584//584 574//574 1934//1934
f 584//584 1936//1936 597//597
f 1935//1935 1936//1936 584//584
f 601//601 597//597 1936//1936
f 601//601 1936//1936 1937//1937
f 611//611 1938//1938 1939//1939
f 1940//1940 1938//1938 611//611
f 1941//1941 1939//1939 1938//1938
f 1939//1939 615//615 612//612
f 1941//1941 615//615 1939//1939
f 1939//1939 612//612 611//611
f 1938//1938 1940//1940 1942//1942
f 1942//1942 1940//1940 1937//1937
f 601//601 1937//1937 1940//1940
f 611//611 601//601 1940//1940
f 368//368 615//615 1941//1941
f 368//368 1941//1941 1943//1943
f 373//373 1944//1944 1945//1945
f 1946//1946 1944//1944 373//373
f 1947//1947 1945//1945 1944//1944
f 1945//1945 353//353 366//366
f 1947//1947 353//353 1945//1945
f 373//373 1945//1945 366//366
f 1946//1946 1948//1948 1944//1944
f 1943//1943 1948//1948 1946//1946
f 373//373 368//368 1946//1946
f 368//368 1943//1943 1946//1946
f 1947//1947 1932//1932 320//320
f 1947//1947 320//320 353//353
f 1949//1949 356//356 355//355
f 1949//1949 1107//1107 356//356
f 1950//1950 306//306 289//289
f 283//283 306//306 1951//1951
f 1951//1951 306//306 1950//1950
f 283//283 1951//1951 1952//1952
f 1950//1950 289//289 1953//1953
f 1951//1951 1954//1954 1952//1952
f 1951//1951 1953//1953 1954//1954
f 1954//1954 1955//1955 1952//1952
f 1950//1950 1953//1953 1951//1951
f 1952//1952 343//343 283//283
f 343//343 1952//1952 1955//1955
f 346//346 343//343 1955//1955
f 347//347 1949//1949 355//355
f 1955//1955 1956//1956 346//346
f 346//346 1956//1956 1949//1949
f 1949//1949 347//347 346//346
f 289//289 350//350 1128//1128
f 289//289 1128//1128 1953//1953
f 160//160 1957//1957 1958//1958
f 167//167 160//160 1959//1959
f 1959//1959 160//160 1958//1958
f 1958//1958 1957//1957 1960//1960
f 1959//1959 1961//1961 183//183
f 167//167 1959//1959 183//183
f 1959//1959 1960//1960 1961//1961
f 1961//1961 1962//1962 183//183
f 1958//1958 1960//1960 1959//1959
f 194//194 183//183 1962//1962
f 189//189 736//736 192//192
f 1962//1962 1963//1963 194//194
f 194//194 1963//1963 736//736
f 736//736 189//189 194//194
f 951//951 1957//1957 316//316
f 160//160 316//316 1957//1957
f 412//412 1964//1964 1965//1965
f 544//544 412//412 1966//1966
f 1966//1966 412//412 1965//1965
f 544//544 1966//1966 1967//1967
f 1965//1965 1964//1964 1968//1968
f 1966//1966 1969//1969 1967//1967
f 1966//1966 1968//1968 1969//1969
f 1969//1969 1970//1970 1967//1967
f 1965//1965 1968//1968 1966//1966
f 1967//1967 547//547 544//544
f 550//550 547//547 1970//1970
f 549//549 744//744 551//551
f 1970//1970 744//744 550//550
f 744//744 549//549 550//550
f 547//547 1967//1967 1970//1970
f 525//525 785//785 1964//1964
f 412//412 525//525 1964//1964
f 1971//1971 133//133 139//139
f 131//131 133//133 1972//1972
f 1972//1972 133//133 1971//1971
f 131//131 1972//1972 1973//1973
f 1971//1971 139//139 1974//1974
f 1972//1972 1975//1975 1973//1973
f 1972//1972 1974//1974 1975//1975
f 1975//1975 1976//1976 1973//1973
f 1971//1971 1974//1974 1972//1972
f 1973//1973 142//142 131//131
f 142//142 1973//1973 1976//1976
f 141//141 142//142 1976//1976
f 143//143 755//755 146//146
f 1976//1976 755//755 141//141
f 755//755 143//143 141//141
f 849//849 1974//1974 154//154
f 139//139 154//154 1974//1974
f 61//61 1977//1977 1978//1978
f 62//62 61//61 1979//1979
f 1979//1979 61//61 1978//1978
f 62//62 1979//1979 1980//1980
f 1978//1978 1977//1977 1981//1981
f 1979//1979 1982//1982 1980//1980
f 1979//1979 1981//1981 1982//1982
f 1982//1982 1983//1983 1980//1980
f 1978//1978 1981//1981 1979//1979
f 1980//1980 68//68 62//62
f 68//68 1980//1980 1983//1983
f 70//70 68//68 1983//1983
f 1983//1983 1984//1984 70//70
f 71//71 1984//1984 760//760
f 70//70 1984//1984 71//71
f 890//890 1977//1977 66//66
f 61//61 66//66 1977//1977
f 393//393 1985//1985 1986//1986
f 395//395 393//393 1987//1987
f 1987//1987 393//393 1986//1986
f 1986//1986 1985//1985 1988//1988
f 1987//1987 1989//1989 1990//1990
f 395//395 1987//1987 1990//1990
f 1987//1987 1988//1988 1989//1989
f 1989//1989 1991//1991 1990//1990
f 1986//1986 1988//1988 1987//1987
f 1990//1990 384//384 395//395
f 385//385 384//384 1991//1991
f 391//391 752//752 403//403
f 1991//1991 752//752 385//385
f 752//752 391//391 385//385
f 384//384 1990//1990 1991//1991
f 434//434 827//827 1985//1985
f 393//393 434//434 1985//1985
f 1992//1992 1014//1014 676//676
f 676//676 1014//1014 677//677
f 1993//1993 672//672 594//594
f 648//648 672//672 1994//1994
f 1994//1994 672//672 1993//1993
f 1993//1993 594//594 1995//1995
f 1994//1994 1996//1996 671//671
f 648//648 1994//1994 671//671
f 1994//1994 1995//1995 1996//1996
f 1996//1996 1997//1997 671//671
f 1993//1993 1995//1995 1994//1994
f 674//674 671//671 1997//1997
f 675//675 1992//1992 676//676
f 675//675 1998//1998 1992//1992
f 1997//1997 1999//1999 674//674
f 674//674 1999//1999 1998//1998
f 1998//1998 675//675 674//674
f 1036//1036 1995//1995 673//673
f 594//594 673//673 1995//1995
f 209//209 2000//2000 2001//2001
f 228//228 209//209 2002//2002
f 2002//2002 209//209 2001//2001
f 228//228 2002//2002 2003//2003
f 2001//2001 2000//2000 2004//2004
f 2002//2002 2005//2005 2003//2003
f 2002//2002 2004//2004 2005//2005
f 2005//2005 2006//2006 2003//2003
f 2001//2001 2004//2004 2002//2002
f 2003//2003 229//229 228//228
f 315//315 229//229 2006//2006
f 2006//2006 2007//2007 315//315
f 315//315 2007//2007 739//739
f 739//739 309//309 315//315
f 229//229 2003//2003 2006//2006
f 971//971 2000//2000 340//340
f 209//209 340//340 2000//2000
f 699//699 2008//2008 2009//2009
f 698//698 699//699 2010//2010
f 2010//2010 699//699 2009//2009
f 698//698 2010//2010 2011//2011
f 2009//2009 2008//2008 2012//2012
f 2010//2010 2013//2013 2011//2011
f 2010//2010 2012//2012 2013//2013
f 2013//2013 2014//2014 2011//2011
f 2009//2009 2012//2012 2010//2010
f 2011//2011 718//718 698//698
f 718//718 2011//2011 2014//2014
f 719//719 718//718 2014//2014
f 720//720 1083//1083 721//721
f 2014//2014 2015//2015 719//719
f 719//719 2015//2015 1083//1083
f 1083//1083 720//720 719//719
f 699//699 717//717 1060//1060
f 699//699 1060//1060 2008//2008
f 278//278 2016//2016 2017//2017
f 278//278 2017//2017 292//292
f 265//265 2018//2018 2016//2016
f 265//265 2016//2016 278//278
f 292//292 2017//2017 2019//2019
f 292//292 2019//2019 301//301
f 301//301 2019//2019 2020//2020
f 301//301 2020//2020 304//304
f 304//304 2020//2020 2021//2021
f 304//304 2021//2021 297//297
f 298//298 2022//2022 2023//2023
f 298//298 2023//2023 293//293
f 294//294 2024//2024 2025//2025
f 294//294 2025//2025 274//274
f 293//293 2023//2023 2024//2024
f 293//293 2024//2024 294//294
f 297//297 2021//2021 2022//2022
f 297//297 2022//2022 298//298
f 274//274 2025//2025 2026//2026
f 274//274 2026//2026 275//275
f 265//265 1129//1129 2018//2018
f 276//276 2027//2027 2028//2028
f 276//276 2028//2028 273//273
f 273//273 2028//2028 2029//2029
f 273//273 2029//2029 272//272
f 270//270 2030//2030 2031//2031
f 270//270 2031//2031 271//271
f 267//267 2032//2032 2033//2033
f 267//267 2033//2033 268//268
f 271//271 2031//2031 2032//2032
f 271//271 2032//2032 267//267
f 272//272 2029//2029 2030//2030
f 272//272 2030//2030 270//270
f 254//254 2034//2034 2035//2035
f 254//254 2035//2035 269//269
f 269//269 2035//2035 2036//2036
f 269//269 2036//2036 257//257
f 268//268 2033//2033 2034//2034
f 268//268 2034//2034 254//254
f 2027//2027 276//276 275//275
f 2027//2027 275//275 2026//2026
f 2036//2036 1131//1131 257//257
f 255//255 1132//1132 2037//2037
f 2037//2037 251//251 255//255
f 252//252 251//251 2038//2038
f 2038//2038 251//251 2037//2037
f 252//252 2038//2038 2039//2039
f 2037//2037 1132//1132 2040//2040
f 2038//2038 2041//2041 2039//2039
f 2038//2038 2040//2040 2041//2041
f 2041//2041 2042//2042 2039//2039
f 2037//2037 2040//2040 2038//2038
f 2039//2039 253//253 252//252
f 253//253 2039//2039 2042//2042
f 258//258 253//253 2042//2042
f 259//259 1130//1130 263//263
f 2042//2042 2043//2043 258//258
f 258//258 2043//2043 1130//1130
f 1130//1130 259//259 258//258
f 453//453 2044//2044 2045//2045
f 2045//2045 445//445 453//453
f 446//446 445//445 2046//2046
f 2046//2046 445//445 2045//2045
f 2045//2045 2044//2044 2047//2047
f 2046//2046 2048//2048 461//461
f 446//446 2046//2046 461//461
f 2046//2046 2047//2047 2048//2048
f 2048//2048 2049//2049 461//461
f 2045//2045 2047//2047 2046//2046
f 596//596 461//461 2049//2049
f 475//475 5//5 6//6
f 2049//2049 2050//2050 596//596
f 596//596 2050//2050 5//5
f 5//5 475//475 596//596
f 930//930 2044//2044 568//568
f 453//453 568//568 2044//2044
f 388//388 2051//2051 2052//2052
f 2052//2052 405//405 388//388
f 406//406 405//405 2053//2053
f 2053//2053 405//405 2052//2052
f 406//406 2053//2053 2054//2054
f 2052//2052 2051//2051 2055//2055
f 2053//2053 2056//2056 2054//2054
f 2053//2053 2055//2055 2056//2056
f 2056//2056 2057//2057 2054//2054
f 2052//2052 2055//2055 2053//2053
f 2054//2054 408//408 406//406
f 408//408 2054//2054 2057//2057
f 410//410 408//408 2057//2057
f 413//413 410//410 750//750
f 2057//2057 750//750 410//410
f 388//388 389//389 806//806
f 388//388 806//806 2051//2051
f 93//93 2058//2058 2059//2059
f 57//57 93//93 2060//2060
f 2060//2060 93//93 2059//2059
f 57//57 2060//2060 2061//2061
f 2059//2059 2058//2058 2062//2062
f 2060//2060 2063//2063 2061//2061
f 2060//2060 2062//2062 2063//2063
f 2063//2063 2064//2064 2061//2061
f 2059//2059 2062//2062 2060//2060
f 2061//2061 40//40 57//57
f 40//40 2061//2061 2064//2064
f 112//112 40//40 2064//2064
f 2064//2064 2065//2065 112//112
f 113//113 2065//2065 757//757
f 2065//2065 113//113 112//112
f 868//868 2058//2058 108//108
f 93//93 108//108 2058//2058
f 12//12 2066//2066 2067//2067
f 2067//2067 7//7 12//12
f 9//9 7//7 2068//2068
f 2068//2068 7//7 2067//2067
f 9//9 2068//2068 2069//2069
f 2067//2067 2066//2066 2070//2070
f 2068//2068 2071//2071 2069//2069
f 2068//2068 2070//2070 2071//2071
f 2071//2071 2072//2072 2069//2069
f 2067//2067 2070//2070 2068//2068
f 2069//2069 10//10 9//9
f 10//10 2069//2069 2072//2072
f 16//16 10//10 2072//2072
f 2072//2072 763//763 16//16
f 763//763 17//17 16//16
f 12//12 13//13 910//910
f 12//12 910//910 2066//2066
f 478//478 2073//2073 2074//2074
f 503//503 478//478 2075//2075
f 2075//2075 478//478 2074//2074
f 503//503 2075//2075 2076//2076
f 2074//2074 2073//2073 2077//2077
f 2075//2075 2078//2078 2076//2076
f 2075//2075 2077//2077 2078//2078
f 2078//2078 2079//2079 2076//2076
f 2074//2074 2077//2077 2075//2075
f 2076//2076 505//505 503//503
f 505//505 2076//2076 2079//2079
f 507//507 505//505 2079//2079
f 506//506 747//747 508//508
f 2079//2079 747//747 507//507
f 747//747 506//506 507//507
f 764//764 2073//2073 504//504
f 478//478 504//504 2073//2073
f 2080//2080 626//626 593//593
f 2080//2080 1037//1037 626//626
f 587//587 2081//2081 2082//2082
f 579//579 587//587 2083//2083
f 2083//2083 587//587 2082//2082
f 2082//2082 2081//2081 2084//2084
f 2083//2083 2085//2085 591//591
f 579//579 2083//2083 591//591
f 2083//2083 2084//2084 2085//2085
f 2085//2085 2086//2086 591//591
f 2082//2082 2084//2084 2083//2083
f 595//595 591//591 2086//2086
f 2086//2086 2087//2087 595//595
f 593//593 2087//2087 2080//2080
f 595//595 2087//2087 593//593
f 1059//1059 2081//2081 605//605
f 587//587 605//605 2081//2081
f 197//197 2088//2088 2089//2089
f 2089//2089 198//198 197//197
f 199//199 198//198 2090//2090
f 2090//2090 198//198 2089//2089
f 2089//2089 2088//2088 2091//2091
f 2090//2090 2092//2092 202//202
f 199//199 2090//2090 202//202
f 2090//2090 2091//2091 2092//2092
f 2092//2092 2093//2093 202//202
f 2089//2089 2091//2091 2090//2090
f 205//205 202//202 2093//2093
f 2093//2093 2094//2094 205//205
f 206//206 2094//2094 742//742
f 205//205 2094//2094 206//206
f 197//197 201//201 993//993
f 197//197 993//993 2088//2088
f 2095//2095 1085//1085 638//638
f 2095//2095 638//638 637//637
f 606//606 2096//2096 2097//2097
f 621//621 606//606 2098//2098
f 2098//2098 606//606 2097//2097
f 2097//2097 2096//2096 2099//2099
f 2098//2098 2100//2100 623//623
f 621//621 2098//2098 623//623
f 2098//2098 2099//2099 2100//2100
f 2100//2100 2101//2101 623//623
f 2097//2097 2099//2099 2098//2098
f 630//630 623//623 2101//2101
f 632//632 2095//2095 637//637
f 2101//2101 2102//2102 630//630
f 630//630 2102//2102 2095//2095
f 2095//2095 632//632 630//630
f 606//606 619//619 1106//1106
f 606//606 1106//1106 2096//2096
f 2104//2104 2106//2106 2107//2107
f 2104//2104 2108//2108 2103//2103
f 2109//2109 2106//2106 2104//2104
f 2104//2104 2110//2110 2109//2109
f 2103//2103 2110//2110 2104//2104
f 2105//2105 2103//2103 2108//2108
f 2105//2105 1331//1331 1175//1175
f 2103//2103 2105//2105 2111//2111
f 1175//1175 2111//2111 2105//2105
f 2111//2111 1175//1175 1174//1174
f 2112//2112 2103//2103 2111//2111
f 1174//1174 2113//2113 2111//2111
f 2113//2113 2112//2112 2111//2111
f 2103//2103 2114//2114 2110//2110
f 2109//2109 2110//2110 2115//2115
f 2114//2114 2115//2115 2110//2110
f 2112//2112 2114//2114 2103//2103
f 2108//2108 2104//2104 2116//2116
f 2107//2107 2117//2117 2104//2104
f 2116//2116 2104//2104 2117//2117
f 2108//2108 2116//2116 2118//2118
f 2105//2105 1176//1176 1331//1331
f 2108//2108 2119//2119 2105//2105
f 1176//1176 2105//2105 2119//2119
f 2118//2118 2119//2119 2108//2108
f 1156//1156 1393//1393 1236//1236
f 1156//1156 1236//1236 1154//1154
f 2117//2117 2114//2114 2116//2116
f 2114//2114 2112//2112 2118//2118
f 2114//2114 2118//2118 2116//2116
f 2114//2114 2117//2117 2120//2120
f 2115//2115 2114//2114 2120//2120
f 2119//2119 2118//2118 2112//2112
f 2119//2119 2112//2112 2113//2113
f 2113//2113 1176//1176 2119//2119
f 2113//2113 1174//1174 1176//1176
f 2122//2122 2124//2124 2126//2126
f 2122//2122 2126//2126 2121//2121
f 2122//2122 2127//2127 2125//2125
f 2124//2124 2122//2122 2125//2125
f 2122//2122 2128//2128 2127//2127
f 2129//2129 2123//2123 2121//2121
f 2129//2129 2121//2121 2126//2126
f 2123//2123 2129//2129 1259//1259
f 2123//2123 1259//1259 1261//1261
f 2130//2130 2128//2128 2122//2122
f 2122//2122 2131//2131 2130//2130
f 2131//2131 2121//2121 2132//2132
f 2121//2121 2131//2131 2122//2122
f 2133//2133 2121//2121 2123//2123
f 2133//2133 2123//2123 1403//1403
f 1261//1261 1403//1403 2123//2123
f 2132//2132 2121//2121 2133//2133
f 2134//2134 2135//2135 2129//2129
f 1260//1260 1259//1259 2135//2135
f 2129//2129 2135//2135 1259//1259
f 2134//2134 2129//2129 2126//2126
f 2136//2136 2124//2124 2125//2125
f 2137//2137 2134//2134 2126//2126
f 2124//2124 2136//2136 2137//2137
f 2124//2124 2137//2137 2126//2126
f 1449//1449 1447//1447 1308//1308
f 1449//1449 1308//1308 1310//1310
f 2137//2137 2136//2136 2138//2138
f 2131//2131 2132//2132 2134//2134
f 2131//2131 2134//2134 2137//2137
f 2137//2137 2138//2138 2131//2131
f 2131//2131 2138//2138 2130//2130
f 2135//2135 2134//2134 2132//2132
f 2135//2135 2132//2132 2133//2133
f 2133//2133 1260//1260 2135//2135
f 2133//2133 1403//1403 1260//1260
f 2115//2115 2139//2139 2140//2140
f 2115//2115 2140//2140 2109//2109
f 1671//1671 1670//1670 2141//2141
f 1669//1669 2141//2141 1670//1670
f 2142//2142 1707//1707 2141//2141
f 1707//1707 1671//1671 2141//2141
f 1707//1707 2142//2142 1712//1712
f 2141//2141 1669//1669 1668//1668
f 2141//2141 1660//1660 1658//1658
f 1660//1660 2141//2141 1668//1668
f 1714//1714 1712//1712 1554//1554
f 1544//1544 1716//1716 1715//1715
f 1544//1544 1715//1715 1713//1713
f 1542//1542 1718//1718 1716//1716
f 2141//2141 1658//1658 1656//1656
f 2141//2141 1656//1656 2117//2117
f 1713//1713 1714//1714 1553//1553
f 2142//2142 1555//1555 1554//1554
f 2142//2142 1554//1554 1712//1712
f 1591//1591 1555//1555 2142//2142
f 1591//1591 2142//2142 2139//2139
f 2139//2139 1596//1596 1591//1591
f 1598//1598 1596//1596 2139//2139
f 1553//1553 1714//1714 1554//1554
f 1544//1544 1713//1713 1552//1552
f 1553//1553 1552//1552 1713//1713
f 2139//2139 1597//1597 1598//1598
f 2139//2139 1600//1600 1599//1599
f 2139//2139 1599//1599 1597//1597
f 1544//1544 1542//1542 1716//1716
f 2115//2115 1600//1600 2139//2139
f 2117//2117 1656//1656 1655//1655
f 2117//2117 1655//1655 1653//1653
f 1540//1540 1720//1720 1718//1718
f 1728//1728 1727//1727 1537//1537
f 1537//1537 1727//1727 1720//1720
f 2117//2117 1654//1654 1652//1652
f 1652//1652 1647//1647 2117//2117
f 2117//2117 1653//1653 1654//1654
f 1676//1676 1729//1729 2120//2120
f 2117//2117 1647//1647 1676//1676
f 1538//1538 1729//1729 1728//1728
f 2120//2120 2117//2117 1676//1676
f 1539//1539 1720//1720 1540//1540
f 1538//1538 1728//1728 1537//1537
f 1539//1539 1537//1537 1720//1720
f 2115//2115 1604//1604 1602//1602
f 2115//2115 1612//1612 1611//1611
f 2115//2115 1611//1611 1604//1604
f 2120//2120 1536//1536 1531//1531
f 1531//1531 2115//2115 2120//2120
f 1536//1536 1729//1729 1538//1538
f 1560//1560 2115//2115 1531//1531
f 2115//2115 1560//1560 1613//1613
f 1612//1612 2115//2115 1613//1613
f 1536//1536 2120//2120 1729//1729
f 1600//1600 2115//2115 1602//1602
f 1718//1718 1542//1542 1540//1540
f 2107//2107 2143//2143 2141//2141
f 2107//2107 2141//2141 2117//2117
f 2144//2144 2128//2128 2130//2130
f 2144//2144 2130//2130 2145//2145
f 1616//1616 1615//1615 2130//2130
f 1617//1617 2130//2130 1615//1615
f 2138//2138 1616//1616 2130//2130
f 1675//1675 1616//1616 2138//2138
f 1675//1675 2138//2138 1697//1697
f 2130//2130 1617//1617 1619//1619
f 2130//2130 1620//1620 1622//1622
f 1620//1620 2130//2130 1619//1619
f 1698//1698 1697//1697 1501//1501
f 1506//1506 1692//1692 1694//1694
f 1503//1503 1694//1694 1696//1696
f 1622//1622 1630//1630 2130//2130
f 1696//1696 1698//1698 1503//1503
f 2138//2138 1500//1500 1499//1499
f 2138//2138 1499//1499 1697//1697
f 1559//1559 1500//1500 2138//2138
f 1559//1559 2138//2138 2136//2136
f 2136//2136 1581//1581 1559//1559
f 1582//1582 1581//1581 2136//2136
f 1501//1501 1697//1697 1499//1499
f 1504//1504 1694//1694 1503//1503
f 1501//1501 1503//1503 1698//1698
f 2136//2136 1580//1580 1582//1582
f 2136//2136 1576//1576 1578//1578
f 2136//2136 1578//1578 1580//1580
f 1504//1504 1506//1506 1694//1694
f 1568//1568 1576//1576 2136//2136
f 1514//1514 1692//1692 1506//1506
f 2145//2145 1630//1630 1632//1632
f 2145//2145 1632//1632 1634//1634
f 1516//1516 1682//1682 1684//1684
f 1516//1516 1681//1681 1682//1682
f 1636//1636 2145//2145 1634//1634
f 1692//1692 1514//1514 1684//1684
f 2145//2145 1635//1635 1638//1638
f 2145//2145 1636//1636 1635//1635
f 1679//1679 1680//1680 1519//1519
f 2146//2146 1673//1673 1679//1679
f 1638//1638 1673//1673 2145//2145
f 1520//1520 1680//1680 1681//1681
f 2145//2145 2130//2130 1630//1630
f 2146//2146 2145//2145 1673//1673
f 1516//1516 1684//1684 1514//1514
f 1520//1520 1681//1681 1518//1518
f 1516//1516 1518//1518 1681//1681
f 2147//2147 1566//1566 1568//1568
f 2147//2147 1564//1564 1565//1565
f 2147//2147 1565//1565 1566//1566
f 2146//2146 1519//1519 1522//1522
f 1522//1522 2147//2147 2146//2146
f 1519//1519 1680//1680 1520//1520
f 2147//2147 1557//1557 1563//1563
f 2147//2147 1522//1522 1557//1557
f 1564//1564 2147//2147 1563//1563
f 1519//1519 2146//2146 1679//1679
f 2136//2136 2147//2147 1568//1568
f 2147//2147 2136//2136 2125//2125
f 2147//2147 2125//2125 2148//2148
f 2149//2149 2150//2150 2151//2151
f 2149//2149 2151//2151 2152//2152
f 2153//2153 2149//2149 2152//2152
f 2151//2151 2154//2154 2155//2155
f 2151//2151 2156//2156 2154//2154
f 2151//2151 2150//2150 2156//2156
f 2157//2157 2156//2156 2150//2150
f 2150//2150 2158//2158 2157//2157
f 2150//2150 2159//2159 2158//2158
f 2152//2152 2160//2160 2153//2153
f 2161//2161 2160//2160 2148//2148
f 2160//2160 2161//2161 2153//2153
f 2153//2153 2161//2161 2144//2144
f 2162//2162 2150//2150 2149//2149
f 8//8 2159//2159 2162//2162
f 2150//2150 2162//2162 2159//2159
f 2162//2162 2149//2149 2163//2163
f 2145//2145 2153//2153 2144//2144
f 2164//2164 2163//2163 2149//2149
f 2153//2153 2145//2145 2164//2164
f 2153//2153 2164//2164 2149//2149
f 2147//2147 2148//2148 2160//2160
f 2160//2160 2165//2165 2147//2147
f 2160//2160 2166//2166 2165//2165
f 2166//2166 2160//2160 2152//2152
f 2167//2167 2152//2152 2151//2151
f 266//266 2167//2167 2155//2155
f 2151//2151 2155//2155 2167//2167
f 2166//2166 2152//2152 2167//2167
f 1618//1618 2128//2128 1623//1623
f 1625//1625 1623//1623 2128//2128
f 1674//1674 2127//2127 2128//2128
f 1674//1674 2128//2128 1618//1618
f 1674//1674 1702//1702 2127//2127
f 2128//2128 1624//1624 1625//1625
f 2128//2128 1627//1627 1626//1626
f 1626//1626 1624//1624 2128//2128
f 1701//1701 1509//1509 1702//1702
f 1511//1511 1693//1693 1691//1691
f 1508//1508 1700//1700 1693//1693
f 1627//1627 2128//2128 1629//1629
f 1700//1700 1508//1508 1701//1701
f 1502//1502 2125//2125 2127//2127
f 2127//2127 1507//1507 1502//1502
f 2127//2127 1702//1702 1507//1507
f 1558//1558 2125//2125 1502//1502
f 2125//2125 1558//1558 1586//1586
f 1585//1585 2125//2125 1586//1586
f 1509//1509 1507//1507 1702//1702
f 1510//1510 1508//1508 1693//1693
f 1509//1509 1701//1701 1508//1508
f 2125//2125 1585//1585 1584//1584
f 2125//2125 1577//1577 1575//1575
f 2125//2125 1584//1584 1577//1577
f 1510//1510 1693//1693 1511//1511
f 1573//1573 2125//2125 1575//1575
f 1513//1513 1511//1511 1691//1691
f 2144//2144 1631//1631 1629//1629
f 2144//2144 1639//1639 1631//1631
f 1515//1515 1689//1689 1688//1688
f 1515//1515 1688//1688 1686//1686
f 1640//1640 1639//1639 2144//2144
f 1691//1691 1689//1689 1513//1513
f 2144//2144 1642//1642 1641//1641
f 1642//1642 2144//2144 2161//2161
f 2144//2144 1641//1641 1640//1640
f 1672//1672 1642//1642 2161//2161
f 1685//1685 1525//1525 1687//1687
f 2161//2161 1685//1685 1672//1672
f 1524//1524 1686//1686 1687//1687
f 2144//2144 1629//1629 2128//2128
f 1515//1515 1513//1513 1689//1689
f 1524//1524 1523//1523 1686//1686
f 1515//1515 1686//1686 1523//1523
f 2148//2148 1573//1573 1572//1572
f 2148//2148 1570//1570 1571//1571
f 2148//2148 1572//1572 1570//1570
f 2161//2161 1526//1526 1525//1525
f 1525//1525 1524//1524 1687//1687
f 1556//1556 1526//1526 2161//2161
f 2148//2148 1569//1569 1556//1556
f 1556//1556 2161//2161 2148//2148
f 1571//1571 1569//1569 2148//2148
f 1525//1525 1685//1685 2161//2161
f 2125//2125 1573//1573 2148//2148
f 2167//2167 266//266 213//213
f 2162//2162 213//213 77//77
f 2163//2163 2166//2166 2167//2167
f 2163//2163 2167//2167 2162//2162
f 213//213 2162//2162 2167//2167
f 65//65 2162//2162 77//77
f 2162//2162 65//65 24//24
f 2162//2162 24//24 8//8
f 2166//2166 2163//2163 2165//2165
f 2165//2165 2146//2146 2147//2147
f 2164//2164 2165//2165 2163//2163
f 2145//2145 2165//2165 2164//2164
f 2165//2165 2145//2145 2146//2146
f 2168//2168 2170//2170 2169//2169
f 2171//2171 2168//2168 2172//2172
f 2169//2169 2173//2173 2174//2174
f 2169//2169 2175//2175 2173//2173
f 2168//2168 2169//2169 2176//2176
f 2177//2177 2175//2175 2169//2169
f 2170//2170 2178//2178 2177//2177
f 2170//2170 2179//2179 2178//2178
f 2169//2169 2170//2170 2177//2177
f 2176//2176 2172//2172 2168//2168
f 2171//2171 2172//2172 2143//2143
f 2171//2171 2143//2143 2180//2180
f 2171//2171 2180//2180 2140//2140
f 2171//2171 2181//2181 2182//2182
f 2140//2140 2139//2139 2171//2171
f 2181//2181 2171//2171 2139//2139
f 2171//2171 2182//2182 2168//2168
f 2170//2170 633//633 2179//2179
f 2168//2168 2183//2183 2170//2170
f 633//633 2170//2170 2183//2183
f 2182//2182 2183//2183 2168//2168
f 2169//2169 2174//2174 60//60
f 2176//2176 2169//2169 2184//2184
f 60//60 2184//2184 2169//2169
f 2185//2185 2176//2176 2184//2184
f 2176//2176 2186//2186 2172//2172
f 2143//2143 2172//2172 2141//2141
f 2186//2186 2141//2141 2172//2172
f 2185//2185 2186//2186 2176//2176
f 1667//1667 2143//2143 1664//1664
f 1665//1665 1664//1664 2143//2143
f 2180//2180 2143//2143 1705//1705
f 1705//1705 2143//2143 1667//1667
f 1705//1705 1704//1704 2180//2180
f 2143//2143 1663//1663 1665//1665
f 2143//2143 1659//1659 1661//1661
f 1661//1661 1663//1663 2143//2143
f 1706//1706 1548//1548 1704//1704
f 1545//1545 1709//1709 1711//1711
f 1545//1545 1708//1708 1709//1709
f 1543//1543 1711//1711 1719//1719
f 1659//1659 2143//2143 2107//2107
f 1708//1708 1549//1549 1706//1706
f 1551//1551 2140//2140 2180//2180
f 2180//2180 1548//1548 1551//1551
f 2180//2180 1704//1704 1548//1548
f 1589//1589 2140//2140 1551//1551
f 2140//2140 1589//1589 1588//1588
f 1590//1590 2140//2140 1588//1588
f 1549//1549 1548//1548 1706//1706
f 1545//1545 1547//1547 1708//1708
f 1549//1549 1708//1708 1547//1547
f 2140//2140 1590//1590 1592//1592
f 2140//2140 1593//1593 1595//1595
f 2140//2140 1592//1592 1593//1593
f 1545//1545 1711//1711 1543//1543
f 2109//2109 2140//2140 1595//1595
f 2107//2107 1649//1649 1651//1651
f 2107//2107 1648//1648 1649//1649
f 1535//1535 1719//1719 1721//1721
f 1725//1725 1532//1532 1723//1723
f 1532//1532 1721//1721 1723//1723
f 2107//2107 1644//1644 1646//1646
f 2106//2106 1645//1645 2107//2107
f 1644//1644 2107//2107 1645//1645
f 2107//2107 1646//1646 1648//1648
f 1677//1677 2106//2106 1724//1724
f 1645//1645 2106//2106 1677//1677
f 1530//1530 1725//1725 1724//1724
f 2107//2107 1651//1651 1659//1659
f 1533//1533 1535//1535 1721//1721
f 1530//1530 1532//1532 1725//1725
f 1533//1533 1721//1721 1532//1532
f 2109//2109 1603//1603 1605//1605
f 2109//2109 1607//1607 1609//1609
f 2109//2109 1605//1605 1607//1607
f 2106//2106 1529//1529 1528//1528
f 1529//1529 2106//2106 2109//2109
f 1528//1528 1530//1530 1724//1724
f 1561//1561 1529//1529 2109//2109
f 2109//2109 1608//1608 1561//1561
f 1609//1609 1608//1608 2109//2109
f 1528//1528 1724//1724 2106//2106
f 1595//1595 1603//1603 2109//2109
f 1719//1719 1535//1535 1543//1543
f 2182//2182 2184//2184 2183//2183
f 2184//2184 60//60 515//515
f 2184//2184 515//515 543//543
f 2182//2182 2185//2185 2184//2184
f 2184//2184 543//543 541//541
f 2184//2184 541//541 2183//2183
f 2183//2183 541//541 686//686
f 2183//2183 686//686 633//633
f 2185//2185 2182//2182 2186//2186
f 2186//2186 2142//2142 2141//2141
f 2181//2181 2186//2186 2182//2182
f 2142//2142 2186//2186 2181//2181
f 2181//2181 2139//2139 2142//2142
f 633//633 266//266 2155//2155
f 633//633 2155//2155 2179//2179
f 2071//2071 2070//2070 2159//2159
f 2071//2071 2159//2159 2072//2072
f 929//929 2159//2159 2066//2066
f 2159//2159 2070//2070 2066//2066
f 910//910 909//909 2066//2066
f 1864//1864 763//763 2072//2072
f 762//762 761//761 763//763
f 2072//2072 2159//2159 1864//1864
f 2159//2159 928//928 927//927
f 2066//2066 909//909 929//929
f 929//929 928//928 2159//2159
f 2158//2158 926//926 925//925
f 2158//2158 924//924 923//923
f 2158//2158 925//925 924//924
f 2158//2158 2159//2159 927//927
f 2158//2158 923//923 922//922
f 762//762 763//763 911//911
f 926//926 2158//2158 927//927
f 1841//1841 1842//1842 1869//1869
f 1870//1870 1841//1841 1869//1869
f 1844//1844 1867//1867 1843//1843
f 1869//1869 1842//1842 1843//1843
f 1869//1869 1843//1843 1867//1867
f 763//763 1844//1844 1845//1845
f 1864//1864 1867//1867 763//763
f 1862//1862 1840//1840 1870//1870
f 2064//2064 1859//1859 1862//1862
f 763//763 1867//1867 1844//1844
f 763//763 1845//1845 1846//1846
f 912//912 1848//1848 913//913
f 1848//1848 1849//1849 914//914
f 1848//1848 914//914 913//913
f 917//917 916//916 1851//1851
f 1850//1850 916//916 915//915
f 914//914 1849//1849 915//915
f 915//915 1849//1849 1850//1850
f 1847//1847 912//912 911//911
f 911//911 1846//1846 1847//1847
f 1870//1870 1840//1840 1841//1841
f 1862//1862 1838//1838 1839//1839
f 1862//1862 1859//1859 1838//1838
f 1839//1839 1840//1840 1862//1862
f 912//912 1847//1847 1848//1848
f 911//911 763//763 1846//1846
f 1851//1851 918//918 917//917
f 2063//2063 1858//1858 1859//1859
f 1863//1863 1864//1864 2159//2159
f 1871//1871 1863//1863 2159//2159
f 1871//1871 2159//2159 2174//2174
f 1851//1851 916//916 1850//1850
f 1982//1982 1981//1981 2158//2158
f 921//921 920//920 2158//2158
f 921//921 2158//2158 922//922
f 2157//2157 2158//2158 1977//1977
f 2158//2158 1981//1981 1977//1977
f 890//890 889//889 1977//1977
f 1982//1982 2158//2158 1983//1983
f 920//920 1983//1983 2158//2158
f 920//920 919//919 1983//1983
f 918//918 1984//1984 1983//1983
f 1984//1984 1853//1853 760//760
f 919//919 918//918 1983//1983
f 2157//2157 906//906 905//905
f 2157//2157 908//908 907//907
f 907//907 906//906 2157//2157
f 2156//2156 2157//2157 1889//1889
f 2156//2156 1889//1889 1886//1886
f 2157//2157 904//904 903//903
f 904//904 2157//2157 905//905
f 903//903 902//902 2157//2157
f 908//908 2157//2157 1977//1977
f 1889//1889 2157//2157 902//902
f 900//900 1894//1894 901//901
f 901//901 1889//1889 902//902
f 908//908 1977//1977 889//889
f 899//899 1890//1890 900//900
f 759//759 758//758 760//760
f 760//760 892//892 891//891
f 891//891 759//759 760//760
f 886//886 892//892 760//760
f 1852//1852 1853//1853 1984//1984
f 1856//1856 1855//1855 2058//2058
f 1852//1852 918//918 1851//1851
f 892//892 886//886 893//893
f 2058//2058 760//760 1854//1854
f 2058//2058 1854//1854 1856//1856
f 1853//1853 1854//1854 760//760
f 1852//1852 1984//1984 918//918
f 1855//1855 1857//1857 2062//2062
f 1889//1889 901//901 1894//1894
f 900//900 1890//1890 1894//1894
f 897//897 1893//1893 898//898
f 899//899 898//898 1890//1890
f 1893//1893 896//896 895//895
f 1893//1893 894//894 893//893
f 1893//1893 895//895 894//894
f 1893//1893 885//885 1895//1895
f 1890//1890 898//898 1893//1893
f 893//893 886//886 1893//1893
f 897//897 896//896 1893//1893
f 1858//1858 2063//2063 1857//1857
f 1883//1883 2156//2156 1886//1886
f 1855//1855 2062//2062 2058//2058
f 1857//1857 2063//2063 2062//2062
f 868//868 888//888 2058//2058
f 760//760 2058//2058 886//886
f 2064//2064 2063//2063 1859//1859
f 871//871 756//756 757//757
f 757//757 2065//2065 1860//1860
f 2065//2065 2064//2064 1860//1860
f 885//885 884//884 1895//1895
f 884//884 883//883 1895//1895
f 1900//1900 883//883 882//882
f 1900//1900 1895//1895 883//883
f 886//886 885//885 1893//1893
f 888//888 887//887 2058//2058
f 1901//1901 1900//1900 881//881
f 879//879 1902//1902 880//880
f 880//880 1901//1901 881//881
f 1900//1900 882//882 881//881
f 887//887 886//886 2058//2058
f 879//879 878//878 1902//1902
f 1860//1860 870//870 869//869
f 872//872 870//870 1861//1861
f 871//871 757//757 869//869
f 1860//1860 1861//1861 870//870
f 1861//1861 1975//1975 872//872
f 873//873 872//872 1974//1974
f 1974//1974 874//874 873//873
f 757//757 1860//1860 869//869
f 877//877 876//876 1897//1897
f 875//875 1897//1897 876//876
f 1974//1974 872//872 1975//1975
f 1974//1974 875//875 874//874
f 877//877 1898//1898 878//878
f 1976//1976 1765//1765 755//755
f 1861//1861 1764//1764 1976//1976
f 1975//1975 1861//1861 1976//1976
f 1861//1861 1761//1761 1762//1762
f 875//875 1974//1974 1897//1897
f 1882//1882 1761//1761 1861//1861
f 1862//1862 1860//1860 2064//2064
f 1861//1861 1762//1762 1763//1763
f 1974//1974 849//849 867//867
f 1898//1898 1902//1902 878//878
f 1901//1901 880//880 1902//1902
f 1897//1897 1974//1974 1896//1896
f 1898//1898 877//877 1897//1897
f 866//866 1896//1896 1974//1974
f 867//867 866//866 1974//1974
f 866//866 865//865 1896//1896
f 862//862 1896//1896 863//863
f 1899//1899 1957//1957 1903//1903
f 1899//1899 1896//1896 862//862
f 863//863 1896//1896 864//864
f 861//861 860//860 1899//1899
f 1961//1961 1899//1899 859//859
f 1730//1730 1961//1961 858//858
f 1961//1961 859//859 858//858
f 859//859 1899//1899 860//860
f 862//862 861//861 1899//1899
f 864//864 1896//1896 865//865
f 1770//1770 1771//1771 850//850
f 851//851 850//850 1771//1771
f 753//753 1770//1770 850//850
f 1750//1750 851//851 1771//1771
f 753//753 754//754 755//755
f 1764//1764 1765//1765 1976//1976
f 1767//1767 755//755 1766//1766
f 753//753 1769//1769 1770//1770
f 1768//1768 1769//1769 755//755
f 753//753 755//755 1769//1769
f 1767//1767 1768//1768 755//755
f 1765//1765 1766//1766 755//755
f 851//851 1750//1750 852//852
f 854//854 1730//1730 855//855
f 1730//1730 1962//1962 1961//1961
f 857//857 1730//1730 858//858
f 856//856 1730//1730 857//857
f 856//856 855//855 1730//1730
f 854//854 853//853 1750//1750
f 853//853 852//852 1750//1750
f 1732//1732 1963//1963 1731//1731
f 1735//1735 736//736 1734//1734
f 1734//1734 736//736 1733//1733
f 1733//1733 736//736 1732//1732
f 854//854 1750//1750 1730//1730
f 1731//1731 1963//1963 1730//1730
f 1736//1736 952//952 1735//1735
f 1764//1764 1861//1861 1763//1763
f 2088//2088 2156//2156 2091//2091
f 2156//2156 2092//2092 2091//2091
f 1013//1013 2088//2088 993//993
f 2088//2088 1013//1013 2156//2156
f 2092//2092 1887//1887 2093//2093
f 1888//1888 2094//2094 2093//2093
f 1888//1888 742//742 2094//2094
f 742//742 2000//2000 1778//1778
f 1883//1883 2092//2092 2156//2156
f 2156//2156 1011//1011 1010//1010
f 2156//2156 1013//1013 1012//1012
f 1012//1012 1011//1011 2156//2156
f 2154//2154 2156//2156 1009//1009
f 2154//2154 1007//1007 1006//1006
f 2154//2154 1008//1008 1007//1007
f 2156//2156 1010//1010 1009//1009
f 993//993 992//992 1013//1013
f 2154//2154 1005//1005 1004//1004
f 1002//1002 2154//2154 1003//1003
f 1003//1003 2154//2154 1004//1004
f 2154//2154 1006//1006 1005//1005
f 740//740 741//741 742//742
f 1008//1008 2154//2154 1009//1009
f 742//742 1888//1888 2000//2000
f 1887//1887 1888//1888 2093//2093
f 994//994 740//740 742//742
f 2000//2000 989//989 1777//1777
f 1883//1883 1887//1887 2092//2092
f 1904//1904 2005//2005 1905//1905
f 1778//1778 995//995 742//742
f 2000//2000 1888//1888 1905//1905
f 990//990 989//989 2000//2000
f 1779//1779 1780//1780 997//997
f 1779//1779 997//997 996//996
f 1780//1780 998//998 997//997
f 1000//1000 1782//1782 1001//1001
f 1782//1782 1000//1000 999//999
f 999//999 998//998 1781//1781
f 1783//1783 1002//1002 1001//1001
f 1778//1778 996//996 995//995
f 1776//1776 988//988 987//987
f 986//986 1775//1775 987//987
f 1775//1775 1776//1776 987//987
f 1778//1778 1779//1779 996//996
f 1777//1777 988//988 1776//1776
f 1777//1777 1778//1778 2000//2000
f 984//984 1774//1774 985//985
f 1774//1774 986//986 985//985
f 995//995 994//994 742//742
f 989//989 988//988 1777//1777
f 1781//1781 998//998 1780//1780
f 1132//1132 2154//2154 2040//2040
f 2154//2154 2041//2041 2040//2040
f 2036//2036 1132//1132 1131//1131
f 1132//1132 2034//2034 2154//2154
f 2154//2154 2042//2042 2041//2041
f 2042//2042 1784//1784 2043//2043
f 1785//1785 1130//1130 2043//2043
f 2154//2154 1002//1002 2042//2042
f 2155//2155 2033//2033 2032//2032
f 1132//1132 2035//2035 2034//2034
f 2034//2034 2033//2033 2155//2155
f 2030//2030 2155//2155 2031//2031
f 2032//2032 2031//2031 2155//2155
f 2155//2155 2030//2030 2029//2029
f 2028//2028 2155//2155 2029//2029
f 2154//2154 2034//2034 2155//2155
f 2155//2155 2026//2026 2025//2025
f 2155//2155 2027//2027 2026//2026
f 2155//2155 2028//2028 2027//2027
f 2036//2036 2035//2035 1132//1132
f 2025//2025 1118//1118 2155//2155
f 2018//2018 1129//1129 1130//1130
f 1783//1783 1784//1784 2042//2042
f 1783//1783 2042//2042 1002//1002
f 1784//1784 1785//1785 2043//2043
f 1130//1130 1786//1786 1787//1787
f 2017//2017 1787//1787 1788//1788
f 1130//1130 1787//1787 2016//2016
f 1785//1785 1786//1786 1130//1130
f 986//986 1774//1774 1775//1775
f 983//983 1773//1773 1772//1772
f 1772//1772 1774//1774 984//984
f 1953//1953 1126//1126 1790//1790
f 1792//1792 1953//1953 1791//1791
f 1791//1791 1953//1953 1790//1790
f 1793//1793 1773//1773 1954//1954
f 2017//2017 2016//2016 1787//1787
f 1130//1130 2016//2016 2018//2018
f 2023//2023 1120//1120 2024//2024
f 1122//1122 2022//2022 2021//2021
f 1121//1121 2023//2023 2022//2022
f 1124//1124 2019//2019 1788//1788
f 1788//1788 2019//2019 2017//2017
f 1790//1790 1125//1125 1789//1789
f 1125//1125 1790//1790 1126//1126
f 1125//1125 1124//1124 1789//1789
f 2021//2021 1123//1123 1122//1122
f 1123//1123 2020//2020 2019//2019
f 1122//1122 1121//1121 2022//2022
f 1123//1123 2019//2019 1124//1124
f 1123//1123 2021//2021 2020//2020
f 1788//1788 1789//1789 1124//1124
f 1119//1119 2025//2025 2024//2024
f 1792//1792 1793//1793 1953//1953
f 1783//1783 1001//1001 1782//1782
f 1782//1782 999//999 1781//1781
f 1120//1120 2023//2023 1121//1121
f 983//983 1772//1772 984//984
f 1904//1904 969//969 2006//2006
f 1957//1957 970//970 969//969
f 1904//1904 1903//1903 969//969
f 2007//2007 967//967 966//966
f 1931//1931 965//965 964//964
f 739//739 966//966 965//965
f 2007//2007 968//968 967//967
f 1903//1903 1957//1957 969//969
f 1957//1957 951//951 970//970
f 2006//2006 969//969 968//968
f 1931//1931 964//964 963//963
f 2005//2005 1904//1904 2006//2006
f 2004//2004 2000//2000 1905//1905
f 2005//2005 2004//2004 1905//1905
f 2007//2007 966//966 739//739
f 972//972 739//739 1931//1931
f 965//965 1931//1931 739//739
f 2007//2007 2006//2006 968//968
f 1931//1931 1932//1932 972//972
f 1931//1931 963//963 1929//1929
f 1963//1963 1962//1962 1730//1730
f 736//736 1963//1963 1732//1732
f 735//735 734//734 736//736
f 1735//1735 952//952 735//735
f 953//953 952//952 1736//1736
f 1738//1738 1737//1737 954//954
f 735//735 736//736 1735//1735
f 955//955 1737//1737 1739//1739
f 1738//1738 953//953 1736//1736
f 959//959 1927//1927 960//960
f 1927//1927 1928//1928 960//960
f 962//962 961//961 1929//1929
f 1928//1928 1929//1929 961//961
f 960//960 1928//1928 961//961
f 1927//1927 959//959 958//958
f 963//963 962//962 1929//1929
f 955//955 954//954 1737//1737
f 954//954 953//953 1738//1738
f 1927//1927 956//956 955//955
f 958//958 957//957 1927//1927
f 1927//1927 957//957 956//956
f 955//955 1739//1739 1927//1927
f 1899//1899 1960//1960 1957//1957
f 982//982 1773//1773 983//983
f 1773//1773 982//982 1954//1954
f 1793//1793 1954//1954 1953//1953
f 2000//2000 971//971 991//991
f 981//981 1955//1955 1954//1954
f 980//980 1955//1955 981//981
f 1955//1955 979//979 1956//1956
f 980//980 979//979 1955//1955
f 981//981 1954//1954 982//982
f 1128//1128 1127//1127 1953//1953
f 2024//2024 1120//1120 1119//1119
f 1953//1953 1127//1127 1126//1126
f 1956//1956 1947//1947 1949//1949
f 1949//1949 1108//1108 1107//1107
f 1096//1096 1118//1118 1117//1117
f 2025//2025 1119//1119 1118//1118
f 1956//1956 978//978 1947//1947
f 1947//1947 978//978 977//977
f 737//737 739//739 972//972
f 978//978 1956//1956 979//979
f 1932//1932 974//974 973//973
f 1932//1932 973//973 972//972
f 975//975 974//974 1932//1932
f 976//976 975//975 1932//1932
f 1108//1108 1949//1949 1947//1947
f 1932//1932 1947//1947 977//977
f 1932//1932 977//977 976//976
f 738//738 739//739 737//737
f 1943//1943 1116//1116 1115//1115
f 1943//1943 1115//1115 1114//1114
f 1108//1108 1947//1947 1109//1109
f 1112//1112 1944//1944 1948//1948
f 1111//1111 1944//1944 1112//1112
f 1944//1944 1111//1111 1110//1110
f 1112//1112 1948//1948 1113//1113
f 1114//1114 1948//1948 1943//1943
f 1113//1113 1948//1948 1114//1114
f 1947//1947 1110//1110 1109//1109
f 1944//1944 1110//1110 1947//1947
f 1941//1941 1116//1116 1943//1943
f 1096//1096 1117//1117 1116//1116
f 990//990 2000//2000 991//991
f 1899//1899 1961//1961 1960//1960
f 2179//2179 2155//2155 1118//1118
f 1881//1881 823//823 1882//1882
f 1880//1880 823//823 1881//1881
f 822//822 1991//1991 1882//1882
f 822//822 821//821 1991//1991
f 824//824 2051//2051 825//825
f 823//823 822//822 1882//1882
f 820//820 752//752 821//821
f 1880//1880 824//824 823//823
f 824//824 1880//1880 2051//2051
f 819//819 752//752 820//820
f 1988//1988 1758//1758 1882//1882
f 1988//1988 1882//1882 1989//1989
f 1882//1882 1758//1758 1759//1759
f 1760//1760 1882//1882 1759//1759
f 1985//1985 1756//1756 1988//1988
f 1991//1991 1989//1989 1882//1882
f 819//819 818//818 1910//1910
f 752//752 1991//1991 821//821
f 817//817 1910//1910 818//818
f 1910//1910 752//752 819//819
f 1882//1882 1760//1760 1761//1761
f 2056//2056 2055//2055 1880//1880
f 2051//2051 806//806 825//825
f 1880//1880 2055//2055 2051//2051
f 1831//1831 750//750 2057//2057
f 1964//1964 808//808 750//750
f 749//749 748//748 750//750
f 1873//1873 2057//2057 2056//2056
f 815//815 1908//1908 816//816
f 813//813 1906//1906 814//814
f 814//814 1908//1908 815//815
f 813//813 812//812 1907//1907
f 750//750 808//808 807//807
f 809//809 1907//1907 810//810
f 1907//1907 1906//1906 813//813
f 810//810 1907//1907 811//811
f 1907//1907 812//812 811//811
f 1909//1909 809//809 808//808
f 807//807 749//749 750//750
f 1910//1910 817//817 816//816
f 1880//1880 1873//1873 2056//2056
f 1988//1988 1756//1756 1757//1757
f 1755//1755 1756//1756 1985//1985
f 1985//1985 827//827 848//848
f 1753//1753 1754//1754 1985//1985
f 847//847 1751//1751 1752//1752
f 1752//1752 1753//1753 848//848
f 1755//1755 1985//1985 1754//1754
f 827//827 826//826 848//848
f 845//845 1751//1751 846//846
f 847//847 846//846 1751//1751
f 1752//1752 848//848 847//847
f 848//848 1753//1753 1985//1985
f 1757//1757 1758//1758 1988//1988
f 1748//1748 2047//2047 1747//1747
f 1749//1749 2047//2047 1748//1748
f 1744//1744 950//950 1743//1743
f 1746//1746 2044//2044 1745//1745
f 1745//1745 2044//2044 1744//1744
f 2044//2044 1746//1746 1747//1747
f 844//844 843//843 1751//1751
f 842//842 841//841 1749//1749
f 842//842 1749//1749 1751//1751
f 840//840 839//839 1749//1749
f 839//839 838//838 1749//1749
f 2049//2049 2048//2048 1749//1749
f 840//840 1749//1749 841//841
f 842//842 1751//1751 843//843
f 1751//1751 845//845 844//844
f 2047//2047 1749//1749 2048//2048
f 752//752 829//829 828//828
f 828//828 751//751 752//752
f 1911//1911 830//830 829//829
f 1910//1910 816//816 1908//1908
f 752//752 1911//1911 829//829
f 752//752 1910//1910 1911//1911
f 1908//1908 814//814 1906//1906
f 835//835 1926//1926 836//836
f 834//834 1926//1926 835//835
f 1749//1749 838//838 2049//2049
f 837//837 2049//2049 838//838
f 2049//2049 837//837 836//836
f 1926//1926 834//834 833//833
f 832//832 831//831 1911//1911
f 2049//2049 836//836 1926//1926
f 831//831 830//830 1911//1911
f 1925//1925 5//5 1926//1926
f 1911//1911 833//833 832//832
f 1926//1926 833//833 1911//1911
f 1878//1878 1879//1879 2077//2077
f 1877//1877 1878//1878 1822//1822
f 1822//1822 1878//1878 2077//2077
f 1873//1873 1829//1829 2057//2057
f 1876//1876 1824//1824 1874//1874
f 1824//1824 1876//1876 1877//1877
f 1819//1819 1820//1820 2073//2073
f 1823//1823 1877//1877 1822//1822
f 1877//1877 1823//1823 1824//1824
f 1821//1821 1822//1822 2077//2077
f 1826//1826 1873//1873 1874//1874
f 1821//1821 2073//2073 1820//1820
f 1874//1874 1824//1824 1825//1825
f 783//783 1818//1818 1819//1819
f 1873//1873 1827//1827 1828//1828
f 1826//1826 1827//1827 1873//1873
f 1817//1817 1818//1818 782//782
f 1874//1874 1825//1825 1826//1826
f 1817//1817 780//780 1816//1816
f 782//782 781//781 1817//1817
f 780//780 1817//1817 781//781
f 779//779 1837//1837 1816//1816
f 1837//1837 779//779 778//778
f 779//779 1816//1816 780//780
f 777//777 1837//1837 778//778
f 783//783 782//782 1818//1818
f 784//784 783//783 1819//1819
f 2174//2174 1879//1879 1871//1871
f 1829//1829 1873//1873 1828//1828
f 2174//2174 2078//2078 2077//2077
f 2174//2174 2079//2079 2078//2078
f 784//784 2073//2073 764//764
f 1821//1821 2077//2077 2073//2073
f 2079//2079 2174//2174 747//747
f 747//747 745//745 746//746
f 2174//2174 765//765 747//747
f 2174//2174 2077//2077 1879//1879
f 1836//1836 1837//1837 777//777
f 747//747 765//765 745//745
f 2174//2174 767//767 766//766
f 766//766 765//765 2174//2174
f 2173//2173 772//772 771//771
f 2173//2173 769//769 768//768
f 2173//2173 770//770 769//769
f 2173//2173 771//771 770//770
f 2173//2173 768//768 767//767
f 776//776 1836//1836 777//777
f 2173//2173 767//767 2174//2174
f 1819//1819 2073//2073 784//784
f 750//750 1831//1831 1830//1830
f 1835//1835 1968//1968 1834//1834
f 1832//1832 1964//1964 750//750
f 1833//1833 1964//1964 1832//1832
f 1968//1968 1833//1833 1834//1834
f 750//750 1830//1830 1832//1832
f 785//785 805//805 1964//1964
f 1964//1964 804//804 803//803
f 805//805 804//804 1964//1964
f 1964//1964 803//803 808//808
f 1835//1835 1836//1836 776//776
f 803//803 802//802 808//808
f 1909//1909 802//802 801//801
f 1909//1909 800//800 799//799
f 1909//1909 801//801 800//800
f 1909//1909 1907//1907 809//809
f 798//798 1916//1916 1909//1909
f 799//799 798//798 1909//1909
f 1909//1909 808//808 802//802
f 796//796 1912//1912 1916//1916
f 798//798 797//797 1916//1916
f 795//795 1915//1915 1912//1912
f 1916//1916 797//797 796//796
f 2177//2177 1922//1922 1917//1917
f 1917//1917 1915//1915 2175//2175
f 1917//1917 2175//2175 2177//2177
f 1831//1831 2057//2057 1829//1829
f 774//774 1969//1969 775//775
f 1970//1970 1969//1969 2173//2173
f 774//774 2173//2173 1969//1969
f 1968//1968 1964//1964 1833//1833
f 1969//1969 1968//1968 1835//1835
f 1835//1835 775//775 1969//1969
f 773//773 2173//2173 774//774
f 744//744 1970//1970 2173//2173
f 2173//2173 773//773 772//772
f 744//744 788//788 743//743
f 2175//2175 744//744 2173//2173
f 796//796 795//795 1912//1912
f 793//793 1915//1915 794//794
f 795//795 794//794 1915//1915
f 2175//2175 787//787 786//786
f 2175//2175 790//790 789//789
f 789//789 787//787 2175//2175
f 2175//2175 793//793 792//792
f 790//790 2175//2175 791//791
f 791//791 2175//2175 792//792
f 2175//2175 1915//1915 793//793
f 786//786 788//788 744//744
f 786//786 744//744 2175//2175
f 776//776 775//775 1835//1835
f 1740//1740 1930//1930 1739//1739
f 1742//1742 948//948 1741//1741
f 1741//1741 947//947 1740//1740
f 1743//1743 949//949 1742//1742
f 931//931 950//950 1744//1744
f 950//950 949//949 1743//1743
f 948//948 1742//1742 949//949
f 2044//2044 1747//1747 2047//2047
f 930//930 931//931 2044//2044
f 931//931 1744//1744 2044//2044
f 1740//1740 947//947 1930//1930
f 1930//1930 946//946 945//945
f 1930//1930 947//947 946//946
f 1930//1930 943//943 1933//1933
f 1930//1930 945//945 944//944
f 948//948 947//947 1741//1741
f 943//943 942//942 1933//1933
f 940//940 1934//1934 941//941
f 1933//1933 941//941 1934//1934
f 1933//1933 942//942 941//941
f 1934//1934 940//940 939//939
f 944//944 943//943 1930//1930
f 2050//2050 1926//1926 5//5
f 933//933 1924//1924 2085//2085
f 4//4 1//1 5//5
f 5//5 932//932 4//4
f 933//933 2085//2085 934//934
f 933//933 932//932 1925//1925
f 1935//1935 938//938 937//937
f 2084//2084 936//936 935//935
f 2081//2081 937//937 936//936
f 935//935 934//934 2084//2084
f 1925//1925 932//932 5//5
f 1935//1935 937//937 2081//2081
f 936//936 2084//2084 2081//2081
f 938//938 1935//1935 939//939
f 2081//2081 1936//1936 1935//1935
f 1057//1057 1936//1936 2081//2081
f 1934//1934 939//939 1935//1935
f 2085//2085 2084//2084 934//934
f 1923//1923 2080//2080 2087//2087
f 1923//1923 2087//2087 2086//2086
f 2086//2086 2085//2085 1924//1924
f 2049//2049 1926//1926 2050//2050
f 1057//1057 1056//1056 1936//1936
f 1055//1055 1936//1936 1056//1056
f 1052//1052 1937//1937 1936//1936
f 1053//1053 1936//1936 1054//1054
f 1054//1054 1936//1936 1055//1055
f 1053//1053 1052//1052 1936//1936
f 2099//2099 1937//1937 1051//1051
f 1937//1937 1052//1052 1051//1051
f 1050//1050 2099//2099 1051//1051
f 1057//1057 2081//2081 1058//1058
f 1937//1937 2096//2096 1105//1105
f 1103//1103 1102//1102 1942//1942
f 1102//1102 1938//1938 1942//1942
f 1941//1941 1938//1938 1100//1100
f 1101//1101 1938//1938 1102//1102
f 1938//1938 1101//1101 1100//1100
f 1937//1937 1104//1104 1942//1942
f 1104//1104 1937//1937 1105//1105
f 1941//1941 1098//1098 1097//1097
f 1941//1941 1099//1099 1098//1098
f 1941//1941 1100//1100 1099//1099
f 1942//1942 1104//1104 1103//1103
f 1116//1116 1941//1941 1097//1097
f 2100//2100 1050//1050 1049//1049
f 2101//2101 2100//2100 1048//1048
f 1049//1049 1048//1048 2100//2100
f 2100//2100 2099//2099 1050//1050
f 1047//1047 2101//2101 1048//1048
f 1047//1047 1046//1046 2101//2101
f 1805//1805 2102//2102 2101//2101
f 1805//1805 2101//2101 1046//1046
f 1040//1040 1037//1037 2080//2080
f 1058//1058 2081//2081 1059//1059
f 2099//2099 2096//2096 1937//1937
f 2179//2179 1095//1095 1094//1094
f 1118//1118 1096//1096 1095//1095
f 1106//1106 1105//1105 2096//2096
f 2102//2102 1807//1807 2095//2095
f 1084//1084 1085//1085 2095//2095
f 1086//1086 1084//1084 2095//2095
f 1075//1075 1094//1094 1093//1093
f 1116//1116 1097//1097 1096//1096
f 1040//1040 2080//2080 1038//1038
f 1739//1739 1930//1930 1927//1927
f 1924//1924 1923//1923 2086//2086
f 1039//1039 2080//2080 1800//1800
f 2080//2080 1923//1923 1921//1921
f 1918//1918 1996//1996 1921//1921
f 1038//1038 2080//2080 1039//1039
f 1995//1995 1033//1033 1800//1800
f 1034//1034 1995//1995 1035//1035
f 2080//2080 1921//1921 1995//1995
f 1924//1924 933//933 1925//1925
f 1995//1995 1034//1034 1033//1033
f 1043//1043 1803//1803 1044//1044
f 1802//1802 1042//1042 1041//1041
f 1042//1042 1803//1803 1043//1043
f 1803//1803 1042//1042 1802//1802
f 1044//1044 1804//1804 1045//1045
f 1801//1801 1802//1802 1041//1041
f 1041//1041 1039//1039 1801//1801
f 1039//1039 1800//1800 1801//1801
f 1798//1798 1032//1032 1031//1031
f 1797//1797 1030//1030 1029//1029
f 1798//1798 1031//1031 1030//1030
f 1798//1798 1799//1799 1032//1032
f 1029//1029 1028//1028 1796//1796
f 1030//1030 1797//1797 1798//1798
f 1028//1028 1027//1027 1796//1796
f 1797//1797 1029//1029 1796//1796
f 1033//1033 1799//1799 1800//1800
f 1033//1033 1032//1032 1799//1799
f 1996//1996 1995//1995 1921//1921
f 1800//1800 2080//2080 1995//1995
f 1997//1997 2177//2177 1999//1999
f 1997//1997 1996//1996 1918//1918
f 2177//2177 1998//1998 1999//1999
f 1992//1992 1017//1017 1014//1014
f 1992//1992 1998//1998 2177//2177
f 1017//1017 1992//1992 2177//2177
f 1997//1997 1918//1918 2177//2177
f 1026//1026 1795//1795 1027//1027
f 1025//1025 1794//1794 1026//1026
f 2177//2177 1015//1015 1017//1017
f 2177//2177 1018//1018 1016//1016
f 1016//1016 1015//1015 2177//2177
f 2178//2178 1023//1023 1022//1022
f 1019//1019 2178//2178 1020//1020
f 2178//2178 1021//1021 1020//1020
f 2178//2178 1022//1022 1021//1021
f 1019//1019 1018//1018 2177//2177
f 1024//1024 2178//2178 1025//1025
f 2178//2178 1019//1019 2177//2177
f 1995//1995 1036//1036 1035//1035
f 2177//2177 1918//1918 1922//1922
f 1023//1023 2178//2178 1024//1024
f 1806//1806 2102//2102 1805//1805
f 1805//1805 1045//1045 1804//1804
f 1807//1807 2102//2102 1806//1806
f 2095//2095 1808//1808 1086//1086
f 1088//1088 1809//1809 1810//1810
f 1086//1086 1808//1808 1809//1809
f 1807//1807 1808//1808 2095//2095
f 1794//1794 2178//2178 1815//1815
f 1796//1796 1027//1027 1795//1795
f 1815//1815 2013//2013 1814//1814
f 2008//2008 1082//1082 1811//1811
f 1812//1812 1813//1813 2008//2008
f 1811//1811 1812//1812 2008//2008
f 2012//2012 1813//1813 1814//1814
f 1081//1081 1810//1810 1811//1811
f 1809//1809 1088//1088 1087//1087
f 1079//1079 1089//1089 1088//1088
f 1079//1079 1088//1088 1080//1080
f 1091//1091 1077//1077 1092//1092
f 1078//1078 1091//1091 1090//1090
f 1090//1090 1089//1089 1078//1078
f 1078//1078 1089//1089 1079//1079
f 1087//1087 1086//1086 1809//1809
f 1080//1080 1810//1810 1081//1081
f 2008//2008 1061//1061 1082//1082
f 1081//1081 1811//1811 1082//1082
f 1076//1076 1075//1075 1093//1093
f 1092//1092 1077//1077 1076//1076
f 1091//1091 1078//1078 1077//1077
f 1080//1080 1088//1088 1810//1810
f 1094//1094 1075//1075 1074//1074
f 1794//1794 1795//1795 1026//1026
f 1803//1803 1804//1804 1044//1044
f 2013//2013 2012//2012 1814//1814
f 2178//2178 2014//2014 2013//2013
f 1813//1813 2012//2012 2008//2008
f 2178//2178 2015//2015 2014//2014
f 1083//1083 2015//2015 2178//2178
f 1083//1083 1064//1064 1073//1073
f 2178//2178 1063//1063 1083//1083
f 2178//2178 2013//2013 1815//1815
f 2179//2179 1074//1074 1072//1072
f 2179//2179 1071//1071 1070//1070
f 2179//2179 1072//1072 1071//1071
f 1083//1083 1062//1062 1064//1064
f 2179//2179 1065//1065 1063//1063
f 1063//1063 1062//1062 1083//1083
f 2179//2179 1069//1069 1068//1068
f 2179//2179 1067//1067 1066//1066
f 1065//1065 2179//2179 1066//1066
f 1068//1068 1067//1067 2179//2179
f 1070//1070 1069//1069 2179//2179
f 2179//2179 1063//1063 2178//2178
f 1074//1074 2179//2179 1094//1094
f 2008//2008 1060//1060 1061//1061
f 1025//1025 2178//2178 1794//1794
f 1093//1093 1092//1092 1076//1076
f 1046//1046 1045//1045 1805//1805
f 1118//1118 1095//1095 2179//2179
f 2174//2174 2159//2159 8//8
f 2174//2174 8//8 60//60
f 2190//2190 2191//2191 2192//2192
f 2190//2190 2193//2193 2187//2187
f 2190//2190 2187//2187 2188//2188
f 2193//2193 2194//2194 2189//2189
f 2193//2193 2189//2189 2187//2187
f 2191//2191 2190//2190 2188//2188
f 2195//2195 2191//2191 2188//2188
f 2188//2188 2196//2196 2195//2195
f 2194//2194 2197//2197 2189//2189
f 2194//2194 2198//2198 2197//2197
f 2199//2199 2200//2200 2201//2201
f 2199//2199 2201//2201 2198//2198
f 2203//2203 2200//2200 2202//2202
f 2200//2200 2199//2199 2202//2202
f 2204//2204 2188//2188 2187//2187
f 2205//2205 2196//2196 2204//2204
f 2188//2188 2204//2204 2196//2196
f 2204//2204 2187//2187 2206//2206
f 2207//2207 2189//2189 2197//2197
f 2189//2189 2207//2207 2206//2206
f 2197//2197 2202//2202 2207//2207
f 2187//2187 2189//2189 2206//2206
f 2208//2208 2198//2198 2194//2194
f 2198//2198 2208//2208 2199//2199
f 2194//2194 2209//2209 2208//2208
f 2209//2209 2194//2194 2193//2193
f 2210//2210 2193//2193 2190//2190
f 2210//2210 2190//2190 2211//2211
f 2192//2192 2211//2211 2190//2190
f 2209//2209 2193//2193 2210//2210
f 2197//2197 2212//2212 2203//2203
f 2197//2197 2203//2203 2202//2202
f 2200//2200 2203//2203 2212//2212
f 2200//2200 2212//2212 2201//2201
f 2212//2212 2197//2197 2201//2201
f 2201//2201 2197//2197 2198//2198
f 2210//2210 2211//2211 2213//2213
f 2206//2206 2209//2209 2210//2210
f 2206//2206 2210//2210 2204//2204
f 2213//2213 2204//2204 2210//2210
f 2214//2214 2204//2204 2213//2213
f 2204//2204 2214//2214 2205//2205
f 2209//2209 2206//2206 2207//2207
f 2209//2209 2207//2207 2208//2208
f 2202//2202 2208//2208 2207//2207
f 2199//2199 2208//2208 2202//2202
f 2217//2217 2215//2215 2218//2218
f 2216//2216 2219//2219 2220//2220
f 2216//2216 2221//2221 2219//2219
f 2216//2216 2222//2222 2221//2221
f 2222//2222 2223//2223 2221//2221
f 2216//2216 2215//2215 2224//2224
f 2216//2216 2224//2224 2222//2222
f 2217//2217 2218//2218 2225//2225
f 2215//2215 2217//2217 2224//2224
f 2225//2225 2226//2226 2217//2217
f 2227//2227 2225//2225 2228//2228
f 2227//2227 2228//2228 2229//2229
f 2229//2229 2228//2228 2230//2230
f 2229//2229 2230//2230 2231//2231
f 2224//2224 2217//2217 2232//2232
f 2226//2226 2230//2230 2217//2217
f 2232//2232 2217//2217 2230//2230
f 2224//2224 2232//2232 2233//2233
f 2234//2234 2235//2235 2223//2223
f 2224//2224 2234//2234 2222//2222
f 2223//2223 2222//2222 2234//2234
f 2233//2233 2234//2234 2224//2224
f 2236//2236 2220//2220 2237//2237
f 2238//2238 2215//2215 2216//2216
f 2220//2220 2236//2236 2216//2216
f 2236//2236 2238//2238 2216//2216
f 2215//2215 2239//2239 2218//2218
f 2225//2225 2218//2218 2228//2228
f 2239//2239 2228//2228 2218//2218
f 2238//2238 2239//2239 2215//2215
f 2231//2231 2230//2230 2226//2226
f 2231//2231 2226//2226 2240//2240
f 2240//2240 2227//2227 2229//2229
f 2240//2240 2229//2229 2231//2231
f 2240//2240 2226//2226 2225//2225
f 2227//2227 2240//2240 2225//2225
f 2238//2238 2236//2236 2234//2234
f 2232//2232 2239//2239 2238//2238
f 2236//2236 2237//2237 2241//2241
f 2242//2242 2236//2236 2241//2241
f 2234//2234 2242//2242 2235//2235
f 2236//2236 2242//2242 2234//2234
f 2233//2233 2238//2238 2234//2234
f 2239//2239 2230//2230 2228//2228
f 2238//2238 2233//2233 2232//2232
f 2232//2232 2230//2230 2239//2239
f 2243//2243 2244//2244 2245//2245
f 2243//2243 2245//2245 2246//2246
f 2247//2247 2211//2211 2192//2192
f 2248//2248 2249//2249 2250//2250
f 2192//2192 2249//2249 2247//2247
f 2247//2247 2249//2249 2248//2248
f 2250//2250 2251//2251 2252//2252
f 2244//2244 2243//2243 2251//2251
f 2252//2252 2251//2251 2243//2243
f 2248//2248 2250//2250 2252//2252
f 2253//2253 2249//2249 2254//2254
f 2251//2251 2253//2253 2255//2255
f 2254//2254 2256//2256 2223//2223
f 2254//2254 2257//2257 2256//2256
f 2254//2254 2258//2258 2257//2257
f 2259//2259 2258//2258 2254//2254
f 2259//2259 2254//2254 2249//2249
f 2249//2249 2260//2260 2259//2259
f 2249//2249 2253//2253 2250//2250
f 2249//2249 2192//2192 2260//2260
f 2251//2251 2255//2255 2261//2261
f 2251//2251 2261//2261 2244//2244
f 2251//2251 2250//2250 2253//2253
f 2262//2262 2263//2263 2264//2264
f 2262//2262 2264//2264 2265//2265
f 2266//2266 2267//2267 2268//2268
f 2196//2196 2205//2205 2268//2268
f 2266//2266 2268//2268 2205//2205
f 2266//2266 2269//2269 2267//2267
f 2263//2263 2262//2262 2270//2270
f 2270//2270 2269//2269 2271//2271
f 2270//2270 2271//2271 2263//2263
f 2267//2267 2269//2269 2270//2270
f 2268//2268 2275//2275 2196//2196
f 2273//2273 2276//2276 2275//2275
f 2272//2272 2273//2273 2268//2268
f 2272//2272 2268//2268 2267//2267
f 2275//2275 2268//2268 2273//2273
f 2273//2273 2277//2277 2276//2276
f 2278//2278 2277//2277 2273//2273
f 2273//2273 2279//2279 2278//2278
f 2273//2273 2220//2220 2279//2279
f 2267//2267 2270//2270 2274//2274
f 2267//2267 2274//2274 2272//2272
f 2280//2280 2270//2270 2262//2262
f 2270//2270 2280//2280 2274//2274
f 2281//2281 2282//2282 2283//2283
f 2281//2281 2283//2283 2280//2280
f 2284//2284 2273//2273 2272//2272
f 2220//2220 2273//2273 2237//2237
f 2284//2284 2237//2237 2273//2273
f 2284//2284 2272//2272 2285//2285
f 2283//2283 2274//2274 2280//2280
f 2274//2274 2286//2286 2285//2285
f 2274//2274 2283//2283 2286//2286
f 2272//2272 2274//2274 2285//2285
f 2287//2287 2288//2288 2261//2261
f 2287//2287 2261//2261 2289//2289
f 2254//2254 2223//2223 2235//2235
f 2253//2253 2254//2254 2290//2290
f 2235//2235 2290//2290 2254//2254
f 2291//2291 2253//2253 2290//2290
f 2253//2253 2292//2292 2255//2255
f 2261//2261 2255//2255 2289//2289
f 2292//2292 2289//2289 2255//2255
f 2291//2291 2292//2292 2253//2253
f 2293//2293 2205//2205 2294//2294
f 2295//2295 2294//2294 2205//2205
f 2205//2205 2296//2296 2295//2295
f 2296//2296 2205//2205 2297//2297
f 2298//2298 2299//2299 2293//2293
f 2205//2205 2293//2293 2299//2299
f 2301//2301 2302//2302 2299//2299
f 2298//2298 2301//2301 2299//2299
f 2303//2303 2299//2299 2300//2300
f 2302//2302 2304//2304 2299//2299
f 2305//2305 2214//2214 2306//2306
f 2306//2306 2214//2214 2307//2307
f 2305//2305 2297//2297 2205//2205
f 2300//2300 2299//2299 2304//2304
f 2308//2308 2304//2304 2302//2302
f 2308//2308 2309//2309 2310//2310
f 2309//2309 2311//2311 2310//2310
f 2312//2312 2309//2309 2308//2308
f 2302//2302 2312//2312 2308//2308
f 2205//2205 2214//2214 2305//2305
f 2313//2313 2299//2299 2314//2314
f 2314//2314 2299//2299 2315//2315
f 2313//2313 2314//2314 2316//2316
f 2315//2315 2299//2299 2303//2303
f 2313//2313 2318//2318 2319//2319
f 2313//2313 2319//2319 2320//2320
f 2321//2321 2322//2322 2323//2323
f 2317//2317 2318//2318 2313//2313
f 2321//2321 2313//2313 2320//2320
f 2316//2316 2324//2324 2313//2313
f 2322//2322 2321//2321 2320//2320
f 2325//2325 2313//2313 2326//2326
f 2327//2327 2325//2325 2328//2328
f 2328//2328 2329//2329 2327//2327
f 2313//2313 2325//2325 2330//2330
f 2325//2325 2327//2327 2330//2330
f 2331//2331 2317//2317 2313//2313
f 2332//2332 2321//2321 2333//2333
f 2331//2331 2313//2313 2330//2330
f 2333//2333 2321//2321 2334//2334
f 2324//2324 2326//2326 2313//2313
f 2334//2334 2321//2321 2323//2323
f 2214//2214 2335//2335 2336//2336
f 2337//2337 2338//2338 2339//2339
f 2340//2340 2335//2335 2214//2214
f 2341//2341 2338//2338 2311//2311
f 2309//2309 2341//2341 2311//2311
f 2338//2338 2342//2342 2343//2343
f 2343//2343 2311//2311 2338//2338
f 2339//2339 2338//2338 2341//2341
f 2214//2214 2344//2344 2345//2345
f 2340//2340 2214//2214 2345//2345
f 2346//2346 2214//2214 2213//2213
f 2214//2214 2346//2346 2344//2344
f 2344//2344 2338//2338 2345//2345
f 2338//2338 2347//2347 2342//2342
f 2345//2345 2338//2338 2337//2337
f 2214//2214 2336//2336 2307//2307
f 2348//2348 2346//2346 2213//2213
f 2329//2329 2349//2349 2350//2350
f 2351//2351 2352//2352 2353//2353
f 2353//2353 2349//2349 2329//2329
f 2351//2351 2354//2354 2352//2352
f 2355//2355 2356//2356 2357//2357
f 2352//2352 2349//2349 2353//2353
f 2355//2355 2357//2357 2358//2358
f 2359//2359 2354//2354 2351//2351
f 2350//2350 2327//2327 2329//2329
f 2355//2355 2359//2359 2338//2338
f 2354//2354 2355//2355 2360//2360
f 2355//2355 2354//2354 2359//2359
f 2359//2359 2347//2347 2338//2338
f 2361//2361 2362//2362 2355//2355
f 2332//2332 2355//2355 2321//2321
f 2363//2363 2364//2364 2365//2365
f 2366//2366 2361//2361 2364//2364
f 2355//2355 2358//2358 2360//2360
f 2355//2355 2332//2332 2356//2356
f 2363//2363 2365//2365 2367//2367
f 2363//2363 2367//2367 2368//2368
f 2369//2369 2370//2370 2371//2371
f 2321//2321 2369//2369 2371//2371
f 2321//2321 2372//2372 2369//2369
f 2373//2373 2371//2371 2370//2370
f 2374//2374 2371//2371 2375//2375
f 2376//2376 2375//2375 2371//2371
f 2376//2376 2371//2371 2377//2377
f 2378//2378 2379//2379 2371//2371
f 2378//2378 2371//2371 2373//2373
f 2371//2371 2379//2379 2380//2380
f 2321//2321 2381//2381 2382//2382
f 2321//2321 2383//2383 2381//2381
f 2382//2382 2372//2372 2321//2321
f 2371//2371 2384//2384 2377//2377
f 2371//2371 2380//2380 2384//2384
f 2385//2385 2386//2386 2384//2384
f 2385//2385 2384//2384 2380//2380
f 2386//2386 2385//2385 2387//2387
f 2386//2386 2387//2387 2388//2388
f 2383//2383 2321//2321 2362//2362
f 2389//2389 2374//2374 2390//2390
f 2375//2375 2390//2390 2374//2374
f 2389//2389 2392//2392 2374//2374
f 2393//2393 2374//2374 2391//2391
f 2394//2394 2237//2237 2395//2395
f 2393//2393 2395//2395 2237//2237
f 2396//2396 2237//2237 2394//2394
f 2393//2393 2237//2237 2374//2374
f 2397//2397 2237//2237 2396//2396
f 2374//2374 2398//2398 2399//2399
f 2400//2400 2401//2401 2402//2402
f 2398//2398 2402//2402 2401//2401
f 2403//2403 2401//2401 2400//2400
f 2401//2401 2399//2399 2398//2398
f 2399//2399 2391//2391 2374//2374
f 2241//2241 2237//2237 2404//2404
f 2237//2237 2397//2397 2404//2404
f 2405//2405 2403//2403 2400//2400
f 2392//2392 2398//2398 2374//2374
f 2406//2406 2241//2241 2404//2404
f 2362//2362 2407//2407 2408//2408
f 2362//2362 2409//2409 2410//2410
f 2411//2411 2412//2412 2413//2413
f 2410//2410 2407//2407 2362//2362
f 2414//2414 2388//2388 2387//2387
f 2412//2412 2388//2388 2414//2414
f 2413//2413 2412//2412 2414//2414
f 2362//2362 2321//2321 2355//2355
f 2363//2363 2366//2366 2364//2364
f 2362//2362 2361//2361 2366//2366
f 2413//2413 2362//2362 2411//2411
f 2415//2415 2362//2362 2413//2413
f 2362//2362 2415//2415 2409//2409
f 2362//2362 2408//2408 2383//2383
f 2405//2405 2416//2416 2417//2417
f 2418//2418 2405//2405 2400//2400
f 2416//2416 2418//2418 2419//2419
f 2405//2405 2418//2418 2416//2416
f 2416//2416 2419//2419 2420//2420
f 2241//2241 2421//2421 2422//2422
f 2423//2423 2416//2416 2424//2424
f 2416//2416 2423//2423 2417//2417
f 2241//2241 2422//2422 2425//2425
f 2416//2416 2420//2420 2426//2426
f 2424//2424 2427//2427 2428//2428
f 2241//2241 2429//2429 2430//2430
f 2428//2428 2427//2427 2429//2429
f 2241//2241 2431//2431 2428//2428
f 2241//2241 2428//2428 2429//2429
f 2425//2425 2431//2431 2241//2241
f 2411//2411 2416//2416 2426//2426
f 2430//2430 2432//2432 2241//2241
f 2362//2362 2416//2416 2411//2411
f 2416//2416 2427//2427 2424//2424
f 2406//2406 2421//2421 2241//2241
f 2241//2241 2432//2432 2242//2242
f 2348//2348 2433//2433 2434//2434
f 2433//2433 2348//2348 2213//2213
f 2433//2433 2435//2435 2434//2434
f 2435//2435 2436//2436 2434//2434
f 2437//2437 2436//2436 2435//2435
f 2436//2436 2438//2438 2439//2439
f 2213//2213 2440//2440 2441//2441
f 2213//2213 2442//2442 2440//2440
f 2441//2441 2433//2433 2213//2213
f 2443//2443 2436//2436 2444//2444
f 2436//2436 2445//2445 2446//2446
f 2436//2436 2447//2447 2445//2445
f 2444//2444 2436//2436 2448//2448
f 2449//2449 2448//2448 2436//2436
f 2437//2437 2447//2447 2436//2436
f 2442//2442 2213//2213 2211//2211
f 2436//2436 2443//2443 2450//2450
f 2451//2451 2452//2452 2439//2439
f 2438//2438 2451//2451 2439//2439
f 2454//2454 2368//2368 2367//2367
f 2439//2439 2456//2456 2457//2457
f 2457//2457 2456//2456 2454//2454
f 2452//2452 2458//2458 2439//2439
f 2450//2450 2438//2438 2436//2436
f 2459//2459 2460//2460 2461//2461
f 2462//2462 2459//2459 2463//2463
f 2464//2464 2463//2463 2459//2459
f 2464//2464 2465//2465 2463//2463
f 2462//2462 2460//2460 2459//2459
f 2451//2451 2438//2438 2461//2461
f 2451//2451 2461//2461 2460//2460
f 2439//2439 2466//2466 2453//2453
f 2439//2439 2467//2467 2466//2466
f 2439//2439 2458//2458 2467//2467
f 2439//2439 2453//2453 2455//2455
f 2449//2449 2436//2436 2446//2446
f 2468//2468 2449//2449 2446//2446
f 2211//2211 2469//2469 2470//2470
f 2449//2449 2471//2471 2472//2472
f 2470//2470 2473//2473 2211//2211
f 2474//2474 2475//2475 2449//2449
f 2448//2448 2449//2449 2475//2475
f 2468//2468 2471//2471 2449//2449
f 2449//2449 2476//2476 2474//2474
f 2477//2477 2476//2476 2449//2449
f 2211//2211 2478//2478 2479//2479
f 2480//2480 2481//2481 2211//2211
f 2478//2478 2211//2211 2481//2481
f 2449//2449 2480//2480 2211//2211
f 2211//2211 2479//2479 2469//2469
f 2482//2482 2477//2477 2449//2449
f 2483//2483 2449//2449 2484//2484
f 2484//2484 2449//2449 2472//2472
f 2485//2485 2482//2482 2449//2449
f 2480//2480 2449//2449 2483//2483
f 2486//2486 2485//2485 2449//2449
f 2211//2211 2473//2473 2442//2442
f 2465//2465 2487//2487 2463//2463
f 2488//2488 2465//2465 2489//2489
f 2465//2465 2490//2490 2491//2491
f 2492//2492 2465//2465 2491//2491
f 2488//2488 2487//2487 2465//2465
f 2455//2455 2493//2493 2494//2494
f 2489//2489 2465//2465 2495//2495
f 2455//2455 2494//2494 2496//2496
f 2465//2465 2492//2492 2497//2497
f 2465//2465 2464//2464 2490//2490
f 2498//2498 2495//2495 2465//2465
f 2449//2449 2465//2465 2486//2486
f 2499//2499 2486//2486 2465//2465
f 2500//2500 2498//2498 2465//2465
f 2455//2455 2501//2501 2502//2502
f 2455//2455 2503//2503 2501//2501
f 2465//2465 2502//2502 2500//2500
f 2465//2465 2455//2455 2502//2502
f 2496//2496 2503//2503 2455//2455
f 2465//2465 2497//2497 2499//2499
f 2453//2453 2493//2493 2455//2455
f 2455//2455 2456//2456 2439//2439
f 2454//2454 2456//2456 2368//2368
f 2455//2455 2504//2504 2456//2456
f 2505//2505 2506//2506 2504//2504
f 2507//2507 2508//2508 2504//2504
f 2504//2504 2506//2506 2507//2507
f 2504//2504 2509//2509 2511//2511
f 2510//2510 2504//2504 2455//2455
f 2504//2504 2510//2510 2512//2512
f 2512//2512 2505//2505 2504//2504
f 2509//2509 2508//2508 2513//2513
f 2514//2514 2509//2509 2513//2513
f 2515//2515 2514//2514 2513//2513
f 2516//2516 2517//2517 2518//2518
f 2518//2518 2519//2519 2516//2516
f 2515//2515 2517//2517 2516//2516
f 2513//2513 2517//2517 2515//2515
f 2504//2504 2508//2508 2509//2509
f 2522//2522 2523//2523 2511//2511
f 2523//2523 2520//2520 2511//2511
f 2524//2524 2520//2520 2242//2242
f 2520//2520 2521//2521 2242//2242
f 2520//2520 2523//2523 2521//2521
f 2524//2524 2242//2242 2432//2432
f 2511//2511 2525//2525 2526//2526
f 2528//2528 2511//2511 2526//2526
f 2527//2527 2529//2529 2511//2511
f 2242//2242 2521//2521 2530//2530
f 2242//2242 2531//2531 2532//2532
f 2522//2522 2511//2511 2529//2529
f 2242//2242 2530//2530 2531//2531
f 2528//2528 2533//2533 2511//2511
f 2511//2511 2534//2534 2525//2525
f 2534//2534 2511//2511 2509//2509
f 2235//2235 2242//2242 2532//2532
f 2535//2535 2510//2510 2455//2455
f 2536//2536 2537//2537 2519//2519
f 2455//2455 2538//2538 2535//2535
f 2519//2519 2518//2518 2539//2539
f 2536//2536 2519//2519 2539//2539
f 2519//2519 2540//2540 2541//2541
f 2541//2541 2516//2516 2519//2519
f 2519//2519 2537//2537 2542//2542
f 2455//2455 2543//2543 2544//2544
f 2545//2545 2546//2546 2455//2455
f 2546//2546 2543//2543 2455//2455
f 2519//2519 2547//2547 2540//2540
f 2519//2519 2542//2542 2548//2548
f 2549//2549 2550//2550 2519//2519
f 2547//2547 2519//2519 2550//2550
f 2533//2533 2549//2549 2519//2519
f 2519//2519 2548//2548 2545//2545
f 2545//2545 2455//2455 2519//2519
f 2455//2455 2551//2551 2538//2538
f 2552//2552 2527//2527 2533//2533
f 2533//2533 2553//2553 2552//2552
f 2553//2553 2533//2533 2554//2554
f 2533//2533 2527//2527 2511//2511
f 2533//2533 2555//2555 2556//2556
f 2235//2235 2557//2557 2558//2558
f 2235//2235 2558//2558 2559//2559
f 2560//2560 2533//2533 2556//2556
f 2533//2533 2528//2528 2555//2555
f 2561//2561 2554//2554 2533//2533
f 2533//2533 2562//2562 2549//2549
f 2560//2560 2562//2562 2533//2533
f 2563//2563 2561//2561 2533//2533
f 2235//2235 2559//2559 2564//2564
f 2533//2533 2565//2565 2563//2563
f 2564//2564 2565//2565 2235//2235
f 2565//2565 2533//2533 2235//2235
f 2532//2532 2557//2557 2235//2235
f 2551//2551 2455//2455 2544//2544
f 2344//2344 2566//2566 2567//2567
f 2568//2568 2566//2566 2344//2344
f 2569//2569 2338//2338 2567//2567
f 2567//2567 2338//2338 2344//2344
f 2570//2570 2568//2568 2346//2346
f 2344//2344 2346//2346 2568//2568
f 2355//2355 2338//2338 2569//2569
f 2355//2355 2569//2569 2571//2571
f 2434//2434 2572//2572 2573//2573
f 2574//2574 2572//2572 2434//2434
f 2575//2575 2348//2348 2573//2573
f 2573//2573 2348//2348 2434//2434
f 2576//2576 2574//2574 2436//2436
f 2434//2434 2436//2436 2574//2574
f 2346//2346 2348//2348 2575//2575
f 2346//2346 2575//2575 2570//2570
f 2457//2457 2577//2577 2578//2578
f 2454//2454 2577//2577 2457//2457
f 2579//2579 2439//2439 2578//2578
f 2578//2578 2439//2439 2457//2457
f 2580//2580 2577//2577 2454//2454
f 2454//2454 2367//2367 2580//2580
f 2436//2436 2439//2439 2579//2579
f 2436//2436 2579//2579 2576//2576
f 2361//2361 2581//2581 2364//2364
f 2582//2582 2581//2581 2361//2361
f 2581//2581 2583//2583 2364//2364
f 2365//2365 2364//2364 2583//2583
f 2571//2571 2582//2582 2355//2355
f 2361//2361 2355//2355 2582//2582
f 2367//2367 2365//2365 2583//2583
f 2367//2367 2583//2583 2580//2580
f 2366//2366 2584//2584 2585//2585
f 2586//2586 2584//2584 2366//2366
f 2587//2587 2362//2362 2585//2585
f 2585//2585 2362//2362 2366//2366
f 2588//2588 2586//2586 2363//2363
f 2366//2366 2363//2363 2586//2586
f 2416//2416 2587//2587 2589//2589
f 2416//2416 2362//2362 2587//2587
f 2456//2456 2590//2590 2591//2591
f 2592//2592 2590//2590 2456//2456
f 2593//2593 2368//2368 2591//2591
f 2591//2591 2368//2368 2456//2456
f 2594//2594 2592//2592 2504//2504
f 2456//2456 2504//2504 2592//2592
f 2363//2363 2368//2368 2593//2593
f 2363//2363 2593//2593 2588//2588
f 2429//2429 2595//2595 2430//2430
f 2427//2427 2595//2595 2429//2429
f 2595//2595 2596//2596 2430//2430
f 2432//2432 2430//2430 2596//2596
f 2589//2589 2595//2595 2427//2427
f 2427//2427 2416//2416 2589//2589
f 2597//2597 2432//2432 2596//2596
f 2524//2524 2432//2432 2597//2597
f 2520//2520 2598//2598 2599//2599
f 2600//2600 2598//2598 2520//2520
f 2601//2601 2511//2511 2599//2599
f 2599//2599 2511//2511 2520//2520
f 2597//2597 2600//2600 2524//2524
f 2520//2520 2524//2524 2600//2600
f 2504//2504 2511//2511 2601//2601
f 2504//2504 2601//2601 2594//2594
f 2602//2602 2438//2438 2450//2450
f 2602//2602 2450//2450 2603//2603
f 2604//2604 2443//2443 2444//2444
f 2604//2604 2444//2444 2605//2605
f 2605//2605 2444//2444 2448//2448
f 2605//2605 2448//2448 2606//2606
f 2603//2603 2450//2450 2443//2443
f 2603//2603 2443//2443 2604//2604
f 2607//2607 2475//2475 2474//2474
f 2607//2607 2474//2474 2608//2608
f 2608//2608 2474//2474 2476//2476
f 2608//2608 2476//2476 2609//2609
f 2610//2610 2477//2477 2482//2482
f 2610//2610 2482//2482 2611//2611
f 2611//2611 2482//2482 2485//2485
f 2611//2611 2485//2485 2612//2612
f 2609//2609 2476//2476 2477//2477
f 2609//2609 2477//2477 2610//2610
f 2606//2606 2448//2448 2475//2475
f 2606//2606 2475//2475 2607//2607
f 2612//2612 2485//2485 2486//2486
f 2613//2613 2486//2486 2499//2499
f 2613//2613 2499//2499 2614//2614
f 2615//2615 2497//2497 2492//2492
f 2615//2615 2492//2492 2616//2616
f 2616//2616 2492//2492 2491//2491
f 2616//2616 2491//2491 2617//2617
f 2614//2614 2499//2499 2497//2497
f 2614//2614 2497//2497 2615//2615
f 2618//2618 2490//2490 2464//2464
f 2618//2618 2464//2464 2619//2619
f 2619//2619 2464//2464 2459//2459
f 2619//2619 2459//2459 2620//2620
f 2621//2621 2461//2461 2438//2438
f 2621//2621 2438//2438 2602//2602
f 2620//2620 2459//2459 2461//2461
f 2620//2620 2461//2461 2621//2621
f 2617//2617 2491//2491 2490//2490
f 2617//2617 2490//2490 2618//2618
f 2486//2486 2613//2613 2612//2612
f 2622//2622 2507//2507 2506//2506
f 2622//2622 2506//2506 2623//2623
f 2624//2624 2505//2505 2512//2512
f 2624//2624 2512//2512 2625//2625
f 2625//2625 2512//2512 2510//2510
f 2625//2625 2510//2510 2626//2626
f 2623//2623 2506//2506 2505//2505
f 2623//2623 2505//2505 2624//2624
f 2627//2627 2535//2535 2538//2538
f 2627//2627 2538//2538 2628//2628
f 2628//2628 2538//2538 2551//2551
f 2628//2628 2551//2551 2629//2629
f 2630//2630 2544//2544 2543//2543
f 2630//2630 2543//2543 2631//2631
f 2631//2631 2543//2543 2546//2546
f 2631//2631 2546//2546 2632//2632
f 2629//2629 2551//2551 2544//2544
f 2629//2629 2544//2544 2630//2630
f 2626//2626 2510//2510 2535//2535
f 2626//2626 2535//2535 2627//2627
f 2545//2545 2632//2632 2546//2546
f 2633//2633 2545//2545 2548//2548
f 2633//2633 2548//2548 2634//2634
f 2635//2635 2542//2542 2537//2537
f 2635//2635 2537//2537 2636//2636
f 2636//2636 2537//2537 2536//2536
f 2636//2636 2536//2536 2637//2637
f 2634//2634 2548//2548 2542//2542
f 2634//2634 2542//2542 2635//2635
f 2638//2638 2539//2539 2518//2518
f 2638//2638 2518//2518 2639//2639
f 2639//2639 2518//2518 2517//2517
f 2639//2639 2517//2517 2640//2640
f 2641//2641 2513//2513 2508//2508
f 2641//2641 2508//2508 2642//2642
f 2642//2642 2508//2508 2507//2507
f 2642//2642 2507//2507 2622//2622
f 2640//2640 2517//2517 2513//2513
f 2640//2640 2513//2513 2641//2641
f 2637//2637 2536//2536 2539//2539
f 2637//2637 2539//2539 2638//2638
f 2545//2545 2633//2633 2632//2632
f 2643//2643 2523//2523 2522//2522
f 2643//2643 2522//2522 2644//2644
f 2645//2645 2529//2529 2527//2527
f 2645//2645 2527//2527 2646//2646
f 2644//2644 2522//2522 2529//2529
f 2644//2644 2529//2529 2645//2645
f 2647//2647 2552//2552 2553//2553
f 2647//2647 2553//2553 2648//2648
f 2648//2648 2553//2553 2554//2554
f 2648//2648 2554//2554 2649//2649
f 2649//2649 2554//2554 2561//2561
f 2649//2649 2561//2561 2650//2650
f 2650//2650 2561//2561 2563//2563
f 2650//2650 2563//2563 2651//2651
f 2646//2646 2527//2527 2552//2552
f 2646//2646 2552//2552 2647//2647
f 2651//2651 2563//2563 2565//2565
f 2652//2652 2565//2565 2564//2564
f 2652//2652 2564//2564 2653//2653
f 2654//2654 2559//2559 2655//2655
f 2655//2655 2559//2559 2558//2558
f 2655//2655 2558//2558 2656//2656
f 2653//2653 2564//2564 2559//2559
f 2653//2653 2559//2559 2654//2654
f 2657//2657 2557//2557 2532//2532
f 2657//2657 2532//2532 2658//2658
f 2658//2658 2532//2532 2531//2531
f 2659//2659 2530//2530 2521//2521
f 2659//2659 2521//2521 2660//2660
f 2660//2660 2521//2521 2523//2523
f 2660//2660 2523//2523 2643//2643
f 2658//2658 2531//2531 2530//2530
f 2658//2658 2530//2530 2659//2659
f 2656//2656 2558//2558 2557//2557
f 2656//2656 2557//2557 2657//2657
f 2565//2565 2652//2652 2651//2651
f 2661//2661 2294//2294 2295//2295
f 2661//2661 2295//2295 2662//2662
f 2663//2663 2296//2296 2664//2664
f 2664//2664 2296//2296 2297//2297
f 2664//2664 2297//2297 2665//2665
f 2662//2662 2295//2295 2296//2296
f 2662//2662 2296//2296 2663//2663
f 2666//2666 2305//2305 2306//2306
f 2666//2666 2306//2306 2667//2667
f 2667//2667 2306//2306 2307//2307
f 2667//2667 2307//2307 2668//2668
f 2669//2669 2336//2336 2335//2335
f 2669//2669 2335//2335 2670//2670
f 2670//2670 2335//2335 2340//2340
f 2670//2670 2340//2340 2671//2671
f 2668//2668 2307//2307 2336//2336
f 2668//2668 2336//2336 2669//2669
f 2665//2665 2297//2297 2305//2305
f 2665//2665 2305//2305 2666//2666
f 2345//2345 2672//2672 2671//2671
f 2345//2345 2671//2671 2340//2340
f 2673//2673 2337//2337 2674//2674
f 2675//2675 2339//2339 2341//2341
f 2675//2675 2341//2341 2676//2676
f 2676//2676 2341//2341 2309//2309
f 2676//2676 2309//2309 2677//2677
f 2674//2674 2337//2337 2339//2339
f 2674//2674 2339//2339 2675//2675
f 2678//2678 2312//2312 2302//2302
f 2678//2678 2302//2302 2679//2679
f 2679//2679 2302//2302 2301//2301
f 2679//2679 2301//2301 2680//2680
f 2680//2680 2298//2298 2293//2293
f 2680//2680 2293//2293 2661//2661
f 2661//2661 2293//2293 2294//2294
f 2680//2680 2301//2301 2298//2298
f 2677//2677 2309//2309 2312//2312
f 2677//2677 2312//2312 2678//2678
f 2337//2337 2673//2673 2672//2672
f 2337//2337 2672//2672 2345//2345
f 2681//2681 2395//2395 2393//2393
f 2681//2681 2393//2393 2682//2682
f 2683//2683 2391//2391 2399//2399
f 2683//2683 2399//2399 2684//2684
f 2682//2682 2393//2393 2391//2391
f 2682//2682 2391//2391 2683//2683
f 2685//2685 2401//2401 2403//2403
f 2685//2685 2403//2403 2686//2686
f 2686//2686 2403//2403 2405//2405
f 2686//2686 2405//2405 2687//2687
f 2688//2688 2417//2417 2423//2423
f 2688//2688 2423//2423 2689//2689
f 2689//2689 2423//2423 2424//2424
f 2689//2689 2424//2424 2690//2690
f 2687//2687 2405//2405 2417//2417
f 2687//2687 2417//2417 2688//2688
f 2684//2684 2399//2399 2401//2401
f 2684//2684 2401//2401 2685//2685
f 2690//2690 2424//2424 2428//2428
f 2690//2690 2428//2428 2691//2691
f 2692//2692 2431//2431 2425//2425
f 2692//2692 2425//2425 2693//2693
f 2694//2694 2422//2422 2421//2421
f 2694//2694 2421//2421 2695//2695
f 2695//2695 2421//2421 2406//2406
f 2695//2695 2406//2406 2696//2696
f 2693//2693 2425//2425 2422//2422
f 2693//2693 2422//2422 2694//2694
f 2697//2697 2404//2404 2397//2397
f 2698//2698 2697//2697 2397//2397
f 2698//2698 2397//2397 2396//2396
f 2699//2699 2396//2396 2394//2394
f 2699//2699 2394//2394 2700//2700
f 2700//2700 2394//2394 2395//2395
f 2700//2700 2395//2395 2681//2681
f 2698//2698 2396//2396 2699//2699
f 2696//2696 2406//2406 2404//2404
f 2696//2696 2404//2404 2697//2697
f 2431//2431 2692//2692 2691//2691
f 2431//2431 2691//2691 2428//2428
f 2701//2701 2390//2390 2375//2375
f 2701//2701 2375//2375 2702//2702
f 2703//2703 2376//2376 2377//2377
f 2703//2703 2377//2377 2704//2704
f 2704//2704 2377//2377 2384//2384
f 2702//2702 2375//2375 2376//2376
f 2702//2702 2376//2376 2703//2703
f 2705//2705 2384//2384 2386//2386
f 2705//2705 2386//2386 2706//2706
f 2706//2706 2386//2386 2388//2388
f 2707//2707 2388//2388 2412//2412
f 2707//2707 2412//2412 2708//2708
f 2708//2708 2412//2412 2411//2411
f 2708//2708 2411//2411 2709//2709
f 2706//2706 2388//2388 2707//2707
f 2704//2704 2384//2384 2705//2705
f 2710//2710 2426//2426 2420//2420
f 2710//2710 2420//2420 2711//2711
f 2712//2712 2419//2419 2418//2418
f 2712//2712 2418//2418 2713//2713
f 2713//2713 2418//2418 2400//2400
f 2713//2713 2400//2400 2714//2714
f 2711//2711 2420//2420 2419//2419
f 2711//2711 2419//2419 2712//2712
f 2715//2715 2402//2402 2398//2398
f 2715//2715 2398//2398 2716//2716
f 2716//2716 2398//2398 2392//2392
f 2716//2716 2392//2392 2717//2717
f 2717//2717 2392//2392 2389//2389
f 2717//2717 2389//2389 2718//2718
f 2718//2718 2389//2389 2390//2390
f 2718//2718 2390//2390 2701//2701
f 2714//2714 2400//2400 2402//2402
f 2714//2714 2402//2402 2715//2715
f 2426//2426 2710//2710 2709//2709
f 2426//2426 2709//2709 2411//2411
f 2719//2719 2315//2315 2303//2303
f 2719//2719 2303//2303 2720//2720
f 2721//2721 2300//2300 2722//2722
f 2722//2722 2300//2300 2304//2304
f 2722//2722 2304//2304 2723//2723
f 2720//2720 2303//2303 2300//2300
f 2720//2720 2300//2300 2721//2721
f 2724//2724 2308//2308 2310//2310
f 2724//2724 2310//2310 2725//2725
f 2725//2725 2310//2310 2311//2311
f 2725//2725 2311//2311 2726//2726
f 2727//2727 2343//2343 2342//2342
f 2727//2727 2342//2342 2728//2728
f 2728//2728 2342//2342 2347//2347
f 2728//2728 2347//2347 2729//2729
f 2726//2726 2311//2311 2343//2343
f 2726//2726 2343//2343 2727//2727
f 2723//2723 2304//2304 2308//2308
f 2723//2723 2308//2308 2724//2724
f 2729//2729 2347//2347 2359//2359
f 2729//2729 2359//2359 2730//2730
f 2730//2730 2359//2359 2351//2351
f 2730//2730 2351//2351 2731//2731
f 2732//2732 2353//2353 2329//2329
f 2732//2732 2329//2329 2733//2733
f 2733//2733 2329//2329 2328//2328
f 2733//2733 2328//2328 2734//2734
f 2731//2731 2351//2351 2353//2353
f 2731//2731 2353//2353 2732//2732
f 2735//2735 2325//2325 2326//2326
f 2735//2735 2326//2326 2736//2736
f 2736//2736 2326//2326 2324//2324
f 2736//2736 2324//2324 2737//2737
f 2737//2737 2316//2316 2314//2314
f 2737//2737 2314//2314 2719//2719
f 2719//2719 2314//2314 2315//2315
f 2737//2737 2324//2324 2316//2316
f 2734//2734 2328//2328 2325//2325
f 2734//2734 2325//2325 2735//2735
f 2738//2738 2319//2319 2318//2318
f 2738//2738 2318//2318 2739//2739
f 2740//2740 2317//2317 2741//2741
f 2741//2741 2317//2317 2331//2331
f 2741//2741 2331//2331 2742//2742
f 2739//2739 2318//2318 2317//2317
f 2739//2739 2317//2317 2740//2740
f 2743//2743 2330//2330 2327//2327
f 2743//2743 2327//2327 2744//2744
f 2744//2744 2327//2327 2350//2350
f 2744//2744 2350//2350 2745//2745
f 2746//2746 2349//2349 2352//2352
f 2746//2746 2352//2352 2747//2747
f 2747//2747 2352//2352 2354//2354
f 2747//2747 2354//2354 2748//2748
f 2745//2745 2350//2350 2349//2349
f 2745//2745 2349//2349 2746//2746
f 2742//2742 2331//2331 2330//2330
f 2742//2742 2330//2330 2743//2743
f 2360//2360 2749//2749 2748//2748
f 2360//2360 2748//2748 2354//2354
f 2750//2750 2358//2358 2751//2751
f 2752//2752 2357//2357 2356//2356
f 2752//2752 2356//2356 2753//2753
f 2753//2753 2356//2356 2332//2332
f 2753//2753 2332//2332 2754//2754
f 2751//2751 2358//2358 2357//2357
f 2751//2751 2357//2357 2752//2752
f 2755//2755 2333//2333 2334//2334
f 2755//2755 2334//2334 2756//2756
f 2756//2756 2334//2334 2323//2323
f 2756//2756 2323//2323 2757//2757
f 2757//2757 2322//2322 2320//2320
f 2757//2757 2320//2320 2738//2738
f 2738//2738 2320//2320 2319//2319
f 2757//2757 2323//2323 2322//2322
f 2754//2754 2332//2332 2333//2333
f 2754//2754 2333//2333 2755//2755
f 2358//2358 2750//2750 2749//2749
f 2358//2358 2749//2749 2360//2360
f 2758//2758 2370//2370 2369//2369
f 2758//2758 2369//2369 2759//2759
f 2760//2760 2372//2372 2761//2761
f 2761//2761 2372//2372 2382//2382
f 2761//2761 2382//2382 2762//2762
f 2759//2759 2369//2369 2372//2372
f 2759//2759 2372//2372 2760//2760
f 2763//2763 2381//2381 2383//2383
f 2763//2763 2383//2383 2764//2764
f 2764//2764 2383//2383 2408//2408
f 2764//2764 2408//2408 2765//2765
f 2766//2766 2407//2407 2410//2410
f 2766//2766 2410//2410 2767//2767
f 2767//2767 2410//2410 2409//2409
f 2767//2767 2409//2409 2768//2768
f 2765//2765 2408//2408 2407//2407
f 2765//2765 2407//2407 2766//2766
f 2762//2762 2382//2382 2381//2381
f 2762//2762 2381//2381 2763//2763
f 2415//2415 2769//2769 2768//2768
f 2415//2415 2768//2768 2409//2409
f 2770//2770 2413//2413 2771//2771
f 2772//2772 2414//2414 2387//2387
f 2772//2772 2387//2387 2773//2773
f 2773//2773 2387//2387 2385//2385
f 2771//2771 2413//2413 2414//2414
f 2771//2771 2414//2414 2772//2772
f 2774//2774 2775//2775 2380//2380
f 2774//2774 2380//2380 2379//2379
f 2776//2776 2774//2774 2379//2379
f 2776//2776 2379//2379 2378//2378
f 2777//2777 2378//2378 2373//2373
f 2777//2777 2373//2373 2758//2758
f 2758//2758 2373//2373 2370//2370
f 2777//2777 2776//2776 2378//2378
f 2775//2775 2773//2773 2385//2385
f 2775//2775 2385//2385 2380//2380
f 2413//2413 2770//2770 2769//2769
f 2413//2413 2769//2769 2415//2415
f 2779//2779 2514//2514 2515//2515
f 2779//2779 2515//2515 2780//2780
f 2780//2780 2515//2515 2516//2516
f 2778//2778 2509//2509 2514//2514
f 2778//2778 2514//2514 2779//2779
f 2781//2781 2516//2516 2541//2541
f 2781//2781 2541//2541 2782//2782
f 2782//2782 2541//2541 2540//2540
f 2783//2783 2540//2540 2547//2547
f 2783//2783 2547//2547 2784//2784
f 2784//2784 2547//2547 2550//2550
f 2784//2784 2550//2550 2785//2785
f 2782//2782 2540//2540 2783//2783
f 2780//2780 2516//2516 2781//2781
f 2785//2785 2550//2550 2549//2549
f 2786//2786 2549//2549 2562//2562
f 2786//2786 2562//2562 2787//2787
f 2788//2788 2560//2560 2789//2789
f 2789//2789 2560//2560 2556//2556
f 2789//2789 2556//2556 2790//2790
f 2787//2787 2562//2562 2560//2560
f 2787//2787 2560//2560 2788//2788
f 2791//2791 2555//2555 2528//2528
f 2791//2791 2528//2528 2792//2792
f 2792//2792 2528//2528 2526//2526
f 2793//2793 2525//2525 2534//2534
f 2793//2793 2534//2534 2794//2794
f 2794//2794 2534//2534 2509//2509
f 2794//2794 2509//2509 2778//2778
f 2792//2792 2526//2526 2525//2525
f 2792//2792 2525//2525 2793//2793
f 2790//2790 2556//2556 2555//2555
f 2790//2790 2555//2555 2791//2791
f 2549//2549 2786//2786 2785//2785
f 2795//2795 2452//2452 2451//2451
f 2795//2795 2451//2451 2796//2796
f 2797//2797 2460//2460 2462//2462
f 2797//2797 2462//2462 2798//2798
f 2798//2798 2462//2462 2463//2463
f 2798//2798 2463//2463 2799//2799
f 2796//2796 2451//2451 2460//2460
f 2796//2796 2460//2460 2797//2797
f 2800//2800 2487//2487 2488//2488
f 2800//2800 2488//2488 2801//2801
f 2801//2801 2488//2488 2489//2489
f 2801//2801 2489//2489 2802//2802
f 2803//2803 2495//2495 2498//2498
f 2803//2803 2498//2498 2804//2804
f 2804//2804 2498//2498 2500//2500
f 2804//2804 2500//2500 2805//2805
f 2802//2802 2489//2489 2495//2495
f 2802//2802 2495//2495 2803//2803
f 2799//2799 2463//2463 2487//2487
f 2799//2799 2487//2487 2800//2800
f 2805//2805 2500//2500 2502//2502
f 2806//2806 2502//2502 2501//2501
f 2806//2806 2501//2501 2807//2807
f 2808//2808 2503//2503 2496//2496
f 2808//2808 2496//2496 2809//2809
f 2809//2809 2496//2496 2494//2494
f 2809//2809 2494//2494 2810//2810
f 2807//2807 2501//2501 2503//2503
f 2807//2807 2503//2503 2808//2808
f 2811//2811 2493//2493 2453//2453
f 2811//2811 2453//2453 2812//2812
f 2812//2812 2453//2453 2466//2466
f 2812//2812 2466//2466 2813//2813
f 2814//2814 2467//2467 2458//2458
f 2814//2814 2458//2458 2815//2815
f 2815//2815 2458//2458 2452//2452
f 2815//2815 2452//2452 2795//2795
f 2813//2813 2466//2466 2467//2467
f 2813//2813 2467//2467 2814//2814
f 2810//2810 2494//2494 2493//2493
f 2810//2810 2493//2493 2811//2811
f 2502//2502 2806//2806 2805//2805
f 2816//2816 2435//2435 2433//2433
f 2816//2816 2433//2433 2817//2817
f 2818//2818 2441//2441 2440//2440
f 2818//2818 2440//2440 2819//2819
f 2819//2819 2440//2440 2442//2442
f 2819//2819 2442//2442 2820//2820
f 2817//2817 2433//2433 2441//2441
f 2817//2817 2441//2441 2818//2818
f 2821//2821 2473//2473 2470//2470
f 2821//2821 2470//2470 2822//2822
f 2822//2822 2470//2470 2469//2469
f 2822//2822 2469//2469 2823//2823
f 2824//2824 2479//2479 2478//2478
f 2824//2824 2478//2478 2825//2825
f 2825//2825 2478//2478 2481//2481
f 2825//2825 2481//2481 2826//2826
f 2823//2823 2469//2469 2479//2479
f 2823//2823 2479//2479 2824//2824
f 2820//2820 2442//2442 2473//2473
f 2820//2820 2473//2473 2821//2821
f 2480//2480 2826//2826 2481//2481
f 2827//2827 2480//2480 2483//2483
f 2827//2827 2483//2483 2828//2828
f 2829//2829 2484//2484 2472//2472
f 2829//2829 2472//2472 2830//2830
f 2830//2830 2472//2472 2471//2471
f 2830//2830 2471//2471 2831//2831
f 2828//2828 2483//2483 2484//2484
f 2828//2828 2484//2484 2829//2829
f 2832//2832 2468//2468 2446//2446
f 2832//2832 2446//2446 2833//2833
f 2833//2833 2446//2446 2445//2445
f 2833//2833 2445//2445 2834//2834
f 2835//2835 2447//2447 2437//2437
f 2835//2835 2437//2437 2836//2836
f 2836//2836 2437//2437 2435//2435
f 2836//2836 2435//2435 2816//2816
f 2834//2834 2445//2445 2447//2447
f 2834//2834 2447//2447 2835//2835
f 2831//2831 2471//2471 2468//2468
f 2831//2831 2468//2468 2832//2832
f 2480//2480 2827//2827 2826//2826
f 2837//2837 2838//2838 2839//2839
f 2840//2840 2837//2837 2839//2839
f 2842//2842 2841//2841 2837//2837
f 2842//2842 2837//2837 2840//2840
f 2838//2838 2843//2843 2844//2844
f 2837//2837 2845//2845 2838//2838
f 2843//2843 2838//2838 2845//2845
f 2839//2839 2838//2838 2844//2844
f 2839//2839 2846//2846 2847//2847
f 2844//2844 2846//2846 2839//2839
f 2848//2848 2840//2840 2839//2839
f 2847//2847 2848//2848 2839//2839
f 2841//2841 2849//2849 2837//2837
f 2850//2850 2851//2851 2841//2841
f 2849//2849 2841//2841 2851//2851
f 2840//2840 2852//2852 2842//2842
f 2853//2853 2854//2854 2842//2842
f 2841//2841 2842//2842 2854//2854
f 2852//2852 2853//2853 2842//2842
f 2854//2854 2850//2850 2841//2841
f 2846//2846 2844//2844 2855//2855
f 2846//2846 2855//2855 2856//2856
f 2857//2857 2858//2858 2859//2859
f 2857//2857 2860//2860 2858//2858
f 2861//2861 2857//2857 2859//2859
f 2862//2862 2857//2857 2861//2861
f 2858//2858 2863//2863 2864//2864
f 2859//2859 2858//2858 2865//2865
f 2864//2864 2865//2865 2858//2858
f 2860//2860 2866//2866 2867//2867
f 2867//2867 2863//2863 2858//2858
f 2867//2867 2858//2858 2860//2860
f 2860//2860 2857//2857 2868//2868
f 2866//2866 2860//2860 2868//2868
f 2859//2859 2869//2869 2861//2861
f 2870//2870 2861//2861 2869//2869
f 2870//2870 2871//2871 2861//2861
f 2871//2871 2872//2872 2862//2862
f 2871//2871 2862//2862 2861//2861
f 2873//2873 2857//2857 2862//2862
f 2874//2874 2862//2862 2872//2872
f 2873//2873 2862//2862 2874//2874
f 2875//2875 2876//2876 2877//2877
f 2879//2879 2880//2880 2881//2881
f 2878//2878 2882//2882 2875//2875
f 2882//2882 2883//2883 2881//2881
f 2884//2884 2879//2879 2881//2881
f 2877//2877 2876//2876 2885//2885
f 2875//2875 2877//2877 2878//2878
f 2886//2886 2887//2887 2884//2884
f 2884//2884 2883//2883 2886//2886
f 2882//2882 2878//2878 2883//2883
f 2881//2881 2883//2883 2884//2884
f 2888//2888 2889//2889 2880//2880
f 2880//2880 2890//2890 2888//2888
f 2888//2888 2891//2891 2889//2889
f 2892//2892 2890//2890 2880//2880
f 2893//2893 2889//2889 2891//2891
f 2889//2889 2893//2893 2894//2894
f 2894//2894 2895//2895 2889//2889
f 2892//2892 2880//2880 2879//2879
f 2886//2886 2896//2896 2887//2887
f 2898//2898 2899//2899 2897//2897
f 2897//2897 2896//2896 2898//2898
f 2898//2898 2896//2896 2886//2886
f 2900//2900 2901//2901 2902//2902
f 2902//2902 2899//2899 2900//2900
f 2864//2864 2863//2863 2903//2903
f 2864//2864 2903//2903 2865//2865
f 2869//2869 2859//2859 2904//2904
f 2869//2869 2905//2905 2906//2906
f 2906//2906 2907//2907 2869//2869
f 2908//2908 2859//2859 2865//2865
f 2904//2904 2905//2905 2869//2869
f 2903//2903 2863//2863 2909//2909
f 2859//2859 2908//2908 2910//2910
f 2903//2903 2908//2908 2865//2865
f 2911//2911 2912//2912 2904//2904
f 2913//2913 2914//2914 2911//2911
f 2912//2912 2911//2911 2914//2914
f 2910//2910 2911//2911 2904//2904
f 2859//2859 2910//2910 2904//2904
f 2907//2907 2870//2870 2869//2869
f 2915//2915 2870//2870 2916//2916
f 2870//2870 2917//2917 2916//2916
f 2917//2917 2870//2870 2907//2907
f 2870//2870 2915//2915 2871//2871
f 2871//2871 2915//2915 2918//2918
f 2900//2900 2899//2899 2898//2898
f 2913//2913 2919//2919 2920//2920
f 2921//2921 2920//2920 2919//2919
f 2911//2911 2919//2919 2913//2913
f 2922//2922 2919//2919 2923//2923
f 2924//2924 2922//2922 2923//2923
f 2923//2923 2925//2925 2924//2924
f 2921//2921 2919//2919 2922//2922
f 2895//2895 2894//2894 2926//2926
f 2926//2926 2927//2927 2895//2895
f 2928//2928 2927//2927 2929//2929
f 2927//2927 2928//2928 2895//2895
f 2900//2900 2929//2929 2901//2901
f 2918//2918 2931//2931 2871//2871
f 2928//2928 2929//2929 2900//2900
f 2928//2928 2932//2932 2895//2895
f 2930//2930 2933//2933 2931//2931
f 2932//2932 2934//2934 2895//2895
f 2265//2265 2935//2935 2936//2936
f 2934//2934 2935//2935 2895//2895
f 2936//2936 2262//2262 2265//2265
f 2262//2262 2936//2936 2280//2280
f 2895//2895 2935//2935 2265//2265
f 2937//2937 2938//2938 2939//2939
f 2939//2939 2938//2938 2933//2933
f 2937//2937 2942//2942 2940//2940
f 2940//2940 2280//2280 2936//2936
f 2944//2944 2931//2931 2918//2918
f 2945//2945 2923//2923 2943//2943
f 2945//2945 2925//2925 2923//2923
f 2943//2943 2930//2930 2945//2945
f 2944//2944 2930//2930 2931//2931
f 2946//2946 2933//2933 2943//2943
f 2943//2943 2933//2933 2930//2930
f 2937//2937 2939//2939 2942//2942
f 2942//2942 2941//2941 2940//2940
f 2933//2933 2946//2946 2939//2939
f 2948//2948 2947//2947 2949//2949
f 2948//2948 2949//2949 2941//2941
f 2950//2950 2951//2951 2941//2941
f 2949//2949 2952//2952 2941//2941
f 2950//2950 2941//2941 2952//2952
f 2953//2953 2280//2280 2941//2941
f 2953//2953 2941//2941 2954//2954
f 2941//2941 2951//2951 2954//2954
f 2953//2953 2955//2955 2280//2280
f 2280//2280 2955//2955 2281//2281
f 2280//2280 2940//2940 2941//2941
f 2909//2909 2863//2863 2867//2867
f 2909//2909 2867//2867 2956//2956
f 2957//2957 2958//2958 2959//2959
f 2957//2957 2959//2959 2960//2960
f 2961//2961 2962//2962 2958//2958
f 2961//2961 2958//2958 2957//2957
f 2959//2959 2963//2963 2964//2964
f 2958//2958 2965//2965 2959//2959
f 2963//2963 2959//2959 2965//2965
f 2960//2960 2966//2966 2967//2967
f 2964//2964 2966//2966 2959//2959
f 2959//2959 2966//2966 2960//2960
f 2960//2960 2968//2968 2957//2957
f 2967//2967 2968//2968 2960//2960
f 2958//2958 2962//2962 2969//2969
f 2970//2970 2969//2969 2962//2962
f 2961//2961 2971//2971 2962//2962
f 2970//2970 2962//2962 2971//2971
f 2972//2972 2971//2971 2961//2961
f 2973//2973 2961//2961 2957//2957
f 2974//2974 2972//2972 2961//2961
f 2973//2973 2974//2974 2961//2961
f 2975//2975 2976//2976 2966//2966
f 2975//2975 2966//2966 2964//2964
f 2855//2855 2243//2243 2246//2246
f 2977//2977 2855//2855 2246//2246
f 2978//2978 2979//2979 2980//2980
f 2977//2977 2979//2979 2981//2981
f 2981//2981 2979//2979 2978//2978
f 2977//2977 2246//2246 2979//2979
f 2855//2855 2844//2844 2243//2243
f 2957//2957 2845//2845 2837//2837
f 2843//2843 2967//2967 2844//2844
f 2845//2845 2968//2968 2843//2843
f 2982//2982 2983//2983 2979//2979
f 2984//2984 2979//2979 2983//2983
f 2985//2985 2979//2979 2986//2986
f 2982//2982 2979//2979 2985//2985
f 2987//2987 2984//2984 2988//2988
f 2988//2988 2984//2984 2983//2983
f 2988//2988 2989//2989 2987//2987
f 2990//2990 2985//2985 2986//2986
f 2980//2980 2979//2979 2984//2984
f 2973//2973 2837//2837 2849//2849
f 2991//2991 2289//2289 2243//2243
f 2992//2992 2966//2966 2993//2993
f 2966//2966 2992//2992 2994//2994
f 2996//2996 2976//2976 2995//2995
f 2996//2996 2993//2993 2966//2966
f 2243//2243 2966//2966 2991//2991
f 2997//2997 2289//2289 2991//2991
f 2289//2289 2997//2997 2287//2287
f 2998//2998 2966//2966 2994//2994
f 2998//2998 2991//2991 2966//2966
f 3000//3000 2999//2999 2851//2851
f 2974//2974 2999//2999 3001//3001
f 2849//2849 2999//2999 2973//2973
f 2851//2851 3002//3002 3000//3000
f 3002//3002 2851//2851 2850//2850
f 2974//2974 3001//3001 3003//3003
f 2968//2968 2967//2967 2843//2843
f 2996//2996 2966//2966 2976//2976
f 2844//2844 2966//2966 2243//2243
f 2999//2999 2974//2974 2973//2973
f 2957//2957 2837//2837 2973//2973
f 2957//2957 2968//2968 2845//2845
f 3003//3003 2972//2972 2974//2974
f 2967//2967 2966//2966 2844//2844
f 2849//2849 2851//2851 2999//2999
f 2972//2972 3003//3003 3004//3004
f 2989//2989 3005//3005 2987//2987
f 2990//2990 2986//2986 3006//3006
f 3007//3007 3006//3006 2986//2986
f 3008//3008 3006//3006 3007//3007
f 3007//3007 3009//3009 3008//3008
f 3009//3009 3010//3010 3008//3008
f 3011//3011 2987//2987 3012//3012
f 3013//3013 3011//3011 3012//3012
f 3012//3012 2987//2987 3005//3005
f 3014//3014 3011//3011 3015//3015
f 3015//3015 3011//3011 3013//3013
f 3015//3015 3016//3016 3014//3014
f 3017//3017 3010//3010 3009//3009
f 3018//3018 3002//3002 2850//2850
f 3019//3019 3017//3017 3020//3020
f 3021//3021 3019//3019 3020//3020
f 3010//3010 3017//3017 3019//3019
f 3022//3022 3023//3023 3020//3020
f 3022//3022 3025//3025 3026//3026
f 3014//3014 3027//3027 3021//3021
f 3021//3021 3024//3024 3014//3014
f 3021//3021 3020//3020 3024//3024
f 3027//3027 3014//3014 3016//3016
f 3025//3025 3028//3028 3026//3026
f 3026//3026 3023//3023 3022//3022
f 3023//3023 3024//3024 3020//3020
f 3018//3018 2850//2850 3029//3029
f 3030//3030 3029//3029 2850//2850
f 3031//3031 3029//3029 3030//3030
f 3030//3030 3032//3032 3031//3031
f 3032//3032 3030//3030 3033//3033
f 3034//3034 3035//3035 3036//3036
f 3035//3035 3034//3034 2972//2972
f 3034//3034 3036//3036 3037//3037
f 3035//3035 2972//2972 3004//3004
f 3038//3038 3034//3034 3037//3037
f 3033//3033 3030//3030 3039//3039
f 3040//3040 3039//3039 3041//3041
f 3039//3039 3040//3040 3042//3042
f 3043//3043 3040//3040 3041//3041
f 3044//3044 3045//3045 3041//3041
f 3046//3046 3044//3044 3047//3047
f 3043//3043 3038//3038 3040//3040
f 3034//3034 3038//3038 3043//3043
f 3044//3044 3046//3046 3045//3045
f 3045//3045 3048//3048 3041//3041
f 3048//3048 3043//3043 3041//3041
f 3049//3049 3046//3046 3047//3047
f 3039//3039 3042//3042 3033//3033
f 3050//3050 3051//3051 3052//3052
f 2910//2910 3051//3051 3050//3050
f 3054//3054 2910//2910 3050//3050
f 3054//3054 3050//3050 3053//3053
f 3052//3052 2956//2956 3055//3055
f 3050//3050 3052//3052 3056//3056
f 3055//3055 3056//3056 3052//3052
f 3051//3051 2956//2956 3052//3052
f 3051//3051 2903//2903 2909//2909
f 2909//2909 2956//2956 3051//3051
f 3051//3051 2910//2910 2908//2908
f 2903//2903 3051//3051 2908//2908
f 3050//3050 3057//3057 3053//3053
f 3058//3058 3053//3053 3057//3057
f 3058//3058 3059//3059 3053//3053
f 3059//3059 2923//2923 3054//3054
f 3059//3059 3054//3054 3053//3053
f 2911//2911 2910//2910 3054//3054
f 2919//2919 3054//3054 2923//2923
f 2911//2911 3054//3054 2919//2919
f 3024//3024 3062//3062 3061//3061
f 3024//3024 3061//3061 3060//3060
f 3063//3063 3060//3060 3064//3064
f 3063//3063 3024//3024 3060//3060
f 3061//3061 3065//3065 3066//3066
f 3066//3066 3067//3067 3061//3061
f 3026//3026 3028//3028 3062//3062
f 3065//3065 3062//3062 3028//3028
f 3024//3024 3023//3023 3062//3062
f 3026//3026 3062//3062 3023//3023
f 3062//3062 3065//3065 3061//3061
f 3060//3060 3061//3061 3067//3067
f 3060//3060 3068//3068 3064//3064
f 3069//3069 3064//3064 3070//3070
f 3068//3068 3070//3070 3064//3064
f 3063//3063 3064//3064 3069//3069
f 3024//3024 3063//3063 3014//3014
f 3011//3011 3063//3063 2987//2987
f 3014//3014 3063//3063 3011//3011
f 2987//2987 3063//3063 3069//3069
f 3074//3074 2856//2856 3071//3071
f 2981//2981 3075//3075 3074//3074
f 3075//3075 2981//2981 2978//2978
f 3071//3071 2981//2981 3074//3074
f 2977//2977 3071//3071 2855//2855
f 2856//2856 2855//2855 3071//3071
f 3071//3071 2977//2977 2981//2981
f 2978//2978 3076//3076 3075//3075
f 3073//3073 3077//3077 3076//3076
f 3073//3073 3076//3076 3072//3072
f 3069//3069 3073//3073 2987//2987
f 3077//3077 3073//3073 3069//3069
f 2978//2978 2980//2980 3072//3072
f 3072//3072 2980//2980 2984//2984
f 3072//3072 2984//2984 3073//3073
f 2987//2987 3073//3073 2984//2984
f 3076//3076 2978//2978 3072//3072
f 2883//2883 3078//3078 3079//3079
f 2883//2883 3079//3079 3080//3080
f 3081//3081 2883//2883 3080//3080
f 3082//3082 2883//2883 3081//3081
f 3079//3079 3083//3083 3084//3084
f 3080//3080 3079//3079 3085//3085
f 3084//3084 3085//3085 3079//3079
f 3083//3083 3079//3079 3078//3078
f 2877//2877 2885//2885 3078//3078
f 3083//3083 3078//3078 2885//2885
f 3078//3078 2883//2883 2878//2878
f 2877//2877 3078//3078 2878//2878
f 3081//3081 3080//3080 3086//3086
f 3087//3087 3081//3081 3086//3086
f 3087//3087 3088//3088 3081//3081
f 2900//2900 3081//3081 3088//3088
f 3082//3082 2886//2886 2883//2883
f 2898//2898 3082//3082 2900//2900
f 3081//3081 2900//2900 3082//3082
f 2886//2886 3082//3082 2898//2898
f 2928//2928 2900//2900 3090//3090
f 3089//3089 2928//2928 3090//3090
f 3091//3091 2934//2934 2932//2932
f 3091//3091 2932//2932 3089//3089
f 2928//2928 3089//3089 2932//2932
f 3094//3094 3090//3090 3088//3088
f 2900//2900 3088//3088 3090//3090
f 3095//3095 3089//3089 3090//3090
f 3095//3095 3090//3090 3094//3094
f 3089//3089 3095//3095 3091//3091
f 3092//3092 2934//2934 3091//3091
f 2935//2935 2934//2934 3092//3092
f 3093//3093 2936//2936 2935//2935
f 3092//3092 3093//3093 2935//2935
f 3091//3091 3096//3096 3092//3092
f 3097//3097 3093//3093 3096//3096
f 3092//3092 3096//3096 3093//3093
f 3097//3097 2936//2936 3093//3093
f 3098//3098 2997//2997 2991//2991
f 3099//3099 2997//2997 3098//3098
f 3098//3098 2991//2991 2998//2998
f 2994//2994 3100//3100 2998//2998
f 3100//3100 3098//3098 2998//2998
f 2994//2994 3101//3101 3100//3100
f 3102//3102 3099//3099 3098//3098
f 3103//3103 3102//3102 3098//3098
f 3100//3100 3101//3101 3104//3104
f 3104//3104 3101//3101 3105//3105
f 3103//3103 3100//3100 3104//3104
f 3100//3100 3103//3103 3098//3098
f 3101//3101 2994//2994 2992//2992
f 2992//2992 2993//2993 3106//3106
f 2992//2992 3106//3106 3101//3101
f 2993//2993 2996//2996 3106//3106
f 3101//3101 3106//3106 3105//3105
f 2976//2976 3107//3107 2995//2995
f 3106//3106 2996//2996 3108//3108
f 3108//3108 2996//2996 3109//3109
f 2996//2996 3107//3107 3109//3109
f 3107//3107 2975//2975 3109//3109
f 2975//2975 3107//3107 2976//2976
f 3107//3107 2996//2996 2995//2995
f 3110//3110 2955//2955 2953//2953
f 3111//3111 2955//2955 3110//3110
f 3110//3110 2953//2953 2954//2954
f 2951//2951 3112//3112 2954//2954
f 3112//3112 3110//3110 2954//2954
f 2951//2951 3113//3113 3112//3112
f 3114//3114 3111//3111 3110//3110
f 3115//3115 3114//3114 3110//3110
f 3112//3112 3113//3113 3116//3116
f 3116//3116 3113//3113 3117//3117
f 3115//3115 3112//3112 3116//3116
f 3112//3112 3115//3115 3110//3110
f 3113//3113 2951//2951 2950//2950
f 3118//3118 2950//2950 2952//2952
f 2952//2952 2949//2949 3118//3118
f 3113//3113 3118//3118 3117//3117
f 2948//2948 3119//3119 2947//2947
f 3118//3118 2949//2949 3120//3120
f 3120//3120 2949//2949 3121//3121
f 2949//2949 3119//3119 3121//3121
f 3119//3119 3122//3122 3121//3121
f 3122//3122 3119//3119 2948//2948
f 3119//3119 2949//2949 2947//2947
f 2950//2950 3118//3118 3113//3113
f 3122//3122 2948//2948 2941//2941
f 3122//3122 2941//2941 3123//3123
f 3124//3124 2972//2972 3034//3034
f 3043//3043 3124//3124 3034//3034
f 3125//3125 3124//3124 3043//3043
f 2971//2971 2972//2972 3124//3124
f 3125//3125 3043//3043 3048//3048
f 3126//3126 3125//3125 3048//3048
f 3126//3126 3048//3048 3045//3045
f 3045//3045 3046//3046 3126//3126
f 3046//3046 3049//3049 3127//3127
f 3124//3124 3125//3125 3128//3128
f 3124//3124 3128//3128 3129//3129
f 3130//3130 2971//2971 3124//3124
f 3129//3129 3130//3130 3124//3124
f 3131//3131 3128//3128 3125//3125
f 3126//3126 3046//3046 3132//3132
f 3046//3046 3127//3127 3133//3133
f 3046//3046 3133//3133 3132//3132
f 3126//3126 3131//3131 3125//3125
f 3134//3134 3049//3049 3047//3047
f 3044//3044 3134//3134 3047//3047
f 3044//3044 3041//3041 3135//3135
f 3134//3134 3044//3044 3136//3136
f 3127//3127 3134//3134 3133//3133
f 3039//3039 3030//3030 3137//3137
f 3039//3039 3137//3137 3138//3138
f 3039//3039 3138//3138 3041//3041
f 2850//2850 3137//3137 3030//3030
f 3044//3044 3135//3135 3139//3139
f 3044//3044 3139//3139 3136//3136
f 3135//3135 3138//3138 3139//3139
f 3140//3140 3138//3138 3137//3137
f 3137//3137 3141//3141 3140//3140
f 3137//3137 2854//2854 3141//3141
f 2854//2854 3137//3137 2850//2850
f 3138//3138 3135//3135 3041//3041
f 3049//3049 3134//3134 3127//3127
f 2937//2937 2940//2940 3143//3143
f 3147//3147 3143//3143 2940//2940
f 3142//3142 2938//2938 2937//2937
f 2938//2938 3142//3142 3144//3144
f 3143//3143 3142//3142 2937//2937
f 3148//3148 3143//3143 3147//3147
f 3143//3143 3148//3148 3142//3142
f 3144//3144 2933//2933 2938//2938
f 3146//3146 2931//2931 2933//2933
f 3146//3146 2933//2933 3145//3145
f 2871//2871 3146//3146 2872//2872
f 2931//2931 3146//3146 2871//2871
f 3144//3144 3149//3149 3145//3145
f 3145//3145 3149//3149 3150//3150
f 3145//3145 3150//3150 3146//3146
f 2872//2872 3146//3146 3150//3150
f 2933//2933 3144//3144 3145//3145
f 3147//3147 2940//2940 2936//2936
f 3147//3147 2936//2936 3097//3097
f 3151//3151 3028//3028 3025//3025
f 3025//3025 3152//3152 3151//3151
f 3022//3022 3152//3152 3025//3025
f 3020//3020 3153//3153 3022//3022
f 3020//3020 3154//3154 3153//3153
f 3152//3152 3155//3155 3151//3151
f 3156//3156 3155//3155 3153//3153
f 3152//3152 3153//3153 3155//3155
f 3156//3156 3153//3153 3154//3154
f 3153//3153 3152//3152 3022//3022
f 3157//3157 3017//3017 3009//3009
f 3154//3154 3157//3157 3158//3158
f 3017//3017 3157//3157 3154//3154
f 3009//3009 3007//3007 3157//3157
f 3020//3020 3017//3017 3154//3154
f 2979//2979 3159//3159 2986//2986
f 3157//3157 3007//3007 3160//3160
f 3160//3160 3007//3007 3161//3161
f 3007//3007 3159//3159 3161//3161
f 3159//3159 3162//3162 3161//3161
f 3162//3162 3159//3159 2979//2979
f 3159//3159 3007//3007 2986//2986
f 3156//3156 3154//3154 3158//3158
f 3028//3028 3151//3151 3065//3065
f 2943//2943 2923//2923 3164//3164
f 3059//3059 3164//3164 2923//2923
f 3163//3163 2943//2943 3164//3164
f 3165//3165 2939//2939 2946//2946
f 3165//3165 2946//2946 3163//3163
f 2943//2943 3163//3163 2946//2946
f 3168//3168 3164//3164 3059//3059
f 3169//3169 3163//3163 3164//3164
f 3169//3169 3164//3164 3168//3168
f 3163//3163 3169//3169 3165//3165
f 3166//3166 2939//2939 3165//3165
f 2942//2942 2939//2939 3166//3166
f 3167//3167 2941//2941 2942//2942
f 2941//2941 3167//3167 3123//3123
f 3166//3166 3167//3167 2942//2942
f 3165//3165 3170//3170 3166//3166
f 3123//3123 3167//3167 3170//3170
f 3166//3166 3170//3170 3167//3167
f 3171//3171 3172//3172 3173//3173
f 2895//2895 3172//3172 3171//3171
f 3171//3171 3173//3173 3174//3174
f 3175//3175 3176//3176 3174//3174
f 3176//3176 3171//3171 3174//3174
f 2895//2895 3171//3171 2889//2889
f 3176//3176 3177//3177 2880//2880
f 3175//3175 3177//3177 3176//3176
f 2880//2880 3177//3177 2881//2881
f 2889//2889 3176//3176 2880//2880
f 3176//3176 2889//2889 3171//3171
f 3177//3177 3175//3175 3178//3178
f 3178//3178 3179//3179 2882//2882
f 3178//3178 2882//2882 3177//3177
f 3180//3180 2882//2882 3179//3179
f 3177//3177 2882//2882 2881//2881
f 3181//3181 2876//2876 3182//3182
f 2882//2882 3180//3180 2875//2875
f 3180//3180 2876//2876 2875//2875
f 2876//2876 3181//3181 2885//2885
f 2876//2876 3180//3180 3182//3182
f 3083//3083 2885//2885 3181//3181
f 2281//2281 2955//2955 3111//3111
f 2281//2281 3111//3111 2282//2282
f 3182//3182 3084//3084 3181//3181
f 3182//3182 3180//3180 3085//3085
f 3183//3183 3178//3178 3175//3175
f 3085//3085 3180//3180 3179//3179
f 3179//3179 3178//3178 3080//3080
f 3084//3084 3083//3083 3181//3181
f 3182//3182 3085//3085 3084//3084
f 3086//3086 3183//3183 3184//3184
f 3183//3183 3086//3086 3080//3080
f 3086//3086 3184//3184 3185//3185
f 3179//3179 3080//3080 3085//3085
f 3178//3178 3183//3183 3080//3080
f 3186//3186 3183//3183 3175//3175
f 3187//3187 3175//3175 3174//3174
f 3175//3175 3187//3187 3188//3188
f 3187//3187 3174//3174 3189//3189
f 3190//3190 3175//3175 3188//3188
f 3191//3191 3189//3189 3173//3173
f 3174//3174 3173//3173 3189//3189
f 3173//3173 3192//3192 3191//3191
f 3190//3190 3186//3186 3175//3175
f 3193//3193 3087//3087 3194//3194
f 3194//3194 3087//3087 3185//3185
f 3087//3087 3086//3086 3185//3185
f 3088//3088 3195//3195 3196//3196
f 3195//3195 3088//3088 3193//3193
f 2866//2866 3055//3055 2867//2867
f 2866//2866 2868//2868 3055//3055
f 2873//2873 3197//3197 2857//2857
f 2873//2873 3198//3198 3199//3199
f 3198//3198 2873//2873 3200//3200
f 3056//3056 2868//2868 2857//2857
f 3197//3197 2873//2873 3199//3199
f 3055//3055 2956//2956 2867//2867
f 2857//2857 3050//3050 3056//3056
f 3055//3055 2868//2868 3056//3056
f 3057//3057 3197//3197 3201//3201
f 3202//3202 3057//3057 3201//3201
f 3050//3050 3197//3197 3057//3057
f 2857//2857 3197//3197 3050//3050
f 3200//3200 2873//2873 2874//2874
f 3203//3203 3204//3204 2874//2874
f 2874//2874 3204//3204 3205//3205
f 3205//3205 3200//3200 2874//2874
f 2874//2874 2872//2872 3203//3203
f 2872//2872 3206//3206 3203//3203
f 3206//3206 2872//2872 3207//3207
f 3088//3088 3087//3087 3193//3193
f 3202//3202 3208//3208 3058//3058
f 3209//3209 3058//3058 3208//3208
f 3057//3057 3202//3202 3058//3058
f 3210//3210 3059//3059 3058//3058
f 3211//3211 3059//3059 3210//3210
f 3059//3059 3211//3211 3212//3212
f 3209//3209 3210//3210 3058//3058
f 3173//3173 3213//3213 3214//3214
f 3172//3172 3213//3213 3173//3173
f 3094//3094 3215//3215 3213//3213
f 3213//3213 3172//3172 3094//3094
f 3094//3094 3216//3216 3215//3215
f 3094//3094 3196//3196 3216//3216
f 3217//3217 2872//2872 3150//3150
f 3094//3094 3172//3172 3095//3095
f 3095//3095 3172//3172 3091//3091
f 3173//3173 3214//3214 3192//3192
f 3096//3096 3091//3091 3172//3172
f 2264//2264 3097//3097 3096//3096
f 3097//3097 2264//2264 2263//2263
f 2263//2263 2283//2283 3097//3097
f 3172//3172 2264//2264 3096//3096
f 3148//3148 3170//3170 3142//3142
f 3169//3169 3149//3149 3144//3144
f 3144//3144 3142//3142 3165//3165
f 3147//3147 3123//3123 3148//3148
f 3147//3147 3097//3097 2283//2283
f 3169//3169 3150//3150 3149//3149
f 3217//3217 3207//3207 2872//2872
f 3218//3218 3217//3217 3150//3150
f 3219//3219 3168//3168 3212//3212
f 3168//3168 3219//3219 3218//3218
f 3059//3059 3212//3212 3168//3168
f 3218//3218 3169//3169 3168//3168
f 3169//3169 3218//3218 3150//3150
f 3170//3170 3148//3148 3123//3123
f 3144//3144 3165//3165 3169//3169
f 3165//3165 3142//3142 3170//3170
f 3122//3122 3120//3120 3121//3121
f 3122//3122 3123//3123 3120//3120
f 3117//3117 3123//3123 3116//3116
f 3120//3120 3123//3123 3118//3118
f 3117//3117 3118//3118 3123//3123
f 3114//3114 3123//3123 2283//2283
f 3114//3114 3115//3115 3123//3123
f 3123//3123 3115//3115 3116//3116
f 3114//3114 2283//2283 3111//3111
f 2283//2283 2282//2282 3111//3111
f 2283//2283 3123//3123 3147//3147
f 3196//3196 3094//3094 3088//3088
f 2884//2884 3183//3183 2879//2879
f 2879//2879 3186//3186 3190//3190
f 2879//2879 3190//3190 2892//2892
f 2892//2892 3190//3190 3188//3188
f 2892//2892 3188//3188 2890//2890
f 2879//2879 3183//3183 3186//3186
f 2888//2888 3187//3187 3189//3189
f 2888//2888 3189//3189 2891//2891
f 2891//2891 3189//3189 3191//3191
f 2891//2891 3191//3191 2893//2893
f 2894//2894 3192//3192 3214//3214
f 2926//2926 2894//2894 3214//3214
f 2926//2926 3214//3214 3213//3213
f 2893//2893 3191//3191 3192//3192
f 2893//2893 3192//3192 2894//2894
f 2890//2890 3188//3188 3187//3187
f 2890//2890 3187//3187 2888//2888
f 2927//2927 2926//2926 3213//3213
f 2901//2901 2929//2929 3215//3215
f 2901//2901 3215//3215 3216//3216
f 2902//2902 2901//2901 3196//3196
f 2902//2902 3196//3196 3195//3195
f 2899//2899 2902//2902 3195//3195
f 2899//2899 3195//3195 3193//3193
f 2901//2901 3216//3216 3196//3196
f 2897//2897 3193//3193 3194//3194
f 2896//2896 2897//2897 3194//3194
f 2896//2896 3194//3194 3185//3185
f 2887//2887 3185//3185 3184//3184
f 2884//2884 2887//2887 3184//3184
f 2884//2884 3184//3184 3183//3183
f 2896//2896 3185//3185 2887//2887
f 2899//2899 3193//3193 2897//2897
f 2929//2929 2927//2927 3213//3213
f 2929//2929 3213//3213 3215//3215
f 3021//3021 3220//3220 3019//3019
f 3019//3019 3221//3221 3222//3222
f 3019//3019 3222//3222 3010//3010
f 3010//3010 3222//3222 3223//3223
f 3010//3010 3223//3223 3008//3008
f 3019//3019 3220//3220 3221//3221
f 3006//3006 3008//3008 3224//3224
f 3006//3006 3224//3224 3225//3225
f 2990//2990 3006//3006 3225//3225
f 2985//2985 3226//3226 3227//3227
f 2982//2982 2985//2985 3227//3227
f 2982//2982 3227//3227 3228//3228
f 2990//2990 3225//3225 3226//3226
f 2990//2990 3226//3226 2985//2985
f 3008//3008 3223//3223 3224//3224
f 2983//2983 2982//2982 3228//3228
f 2989//2989 2988//2988 3229//3229
f 2989//2989 3229//3229 3230//3230
f 3005//3005 2989//2989 3231//3231
f 3005//3005 3231//3231 3232//3232
f 3012//3012 3005//3005 3232//3232
f 3012//3012 3232//3232 3233//3233
f 2989//2989 3230//3230 3231//3231
f 3013//3013 3233//3233 3234//3234
f 3015//3015 3013//3013 3234//3234
f 3015//3015 3234//3234 3235//3235
f 3027//3027 3016//3016 3236//3236
f 3021//3021 3027//3027 3236//3236
f 3021//3021 3236//3236 3220//3220
f 3016//3016 3015//3015 3235//3235
f 3016//3016 3235//3235 3236//3236
f 3012//3012 3233//3233 3013//3013
f 2988//2988 2983//2983 3228//3228
f 2988//2988 3228//3228 3229//3229
f 2904//2904 3197//3197 3199//3199
f 2904//2904 3199//3199 2905//2905
f 2906//2906 3198//3198 3200//3200
f 2906//2906 3200//3200 2907//2907
f 2907//2907 3200//3200 3205//3205
f 2907//2907 3205//3205 2917//2917
f 2905//2905 3199//3199 3198//3198
f 2905//2905 3198//3198 2906//2906
f 2916//2916 3204//3204 3203//3203
f 2916//2916 3203//3203 2915//2915
f 2915//2915 3203//3203 3206//3206
f 2915//2915 3206//3206 2918//2918
f 2944//2944 2918//2918 3207//3207
f 2944//2944 3207//3207 3217//3217
f 2944//2944 3217//3217 2930//2930
f 2918//2918 3206//3206 3207//3207
f 2917//2917 3205//3205 3204//3204
f 2917//2917 3204//3204 2916//2916
f 2930//2930 3217//3217 3218//3218
f 2925//2925 2945//2945 3219//3219
f 2925//2925 3219//3219 3212//3212
f 2924//2924 2925//2925 3212//3212
f 2924//2924 3212//3212 3211//3211
f 2922//2922 2924//2924 3211//3211
f 2922//2922 3211//3211 3210//3210
f 2920//2920 2921//2921 3209//3209
f 2920//2920 3209//3209 3208//3208
f 2913//2913 2920//2920 3208//3208
f 2913//2913 3208//3208 3202//3202
f 2914//2914 3201//3201 2912//2912
f 2912//2912 3201//3201 3197//3197
f 2912//2912 3197//3197 2904//2904
f 2914//2914 2913//2913 3202//3202
f 2914//2914 3202//3202 3201//3201
f 2921//2921 2922//2922 3210//3210
f 2921//2921 3210//3210 3209//3209
f 2945//2945 2930//2930 3218//3218
f 2945//2945 3218//3218 3219//3219
f 3042//3042 3040//3040 3237//3237
f 3042//3042 3237//3237 3238//3238
f 3033//3033 3238//3238 3239//3239
f 3033//3033 3239//3239 3032//3032
f 3032//3032 3239//3239 3240//3240
f 3032//3032 3240//3240 3031//3031
f 3042//3042 3238//3238 3033//3033
f 3029//3029 3031//3031 3241//3241
f 3029//3029 3241//3241 3242//3242
f 3018//3018 3029//3029 3242//3242
f 3018//3018 3242//3242 3243//3243
f 3002//3002 3244//3244 3000//3000
f 3000//3000 3244//3244 3245//3245
f 3000//3000 3245//3245 2999//2999
f 3002//3002 3018//3018 3243//3243
f 3002//3002 3243//3243 3244//3244
f 3031//3031 3240//3240 3241//3241
f 2999//2999 3245//3245 3246//3246
f 3003//3003 3001//3001 3247//3247
f 3003//3003 3247//3247 3248//3248
f 3004//3004 3003//3003 3249//3249
f 3004//3004 3249//3249 3250//3250
f 3004//3004 3250//3250 3035//3035
f 3003//3003 3248//3248 3249//3249
f 3036//3036 3251//3251 3252//3252
f 3036//3036 3252//3252 3037//3037
f 3037//3037 3252//3252 3253//3253
f 3038//3038 3254//3254 3040//3040
f 3040//3040 3254//3254 3237//3237
f 3038//3038 3037//3037 3253//3253
f 3038//3038 3253//3253 3254//3254
f 3035//3035 3250//3250 3251//3251
f 3035//3035 3251//3251 3036//3036
f 3001//3001 2999//2999 3246//3246
f 3001//3001 3246//3246 3247//3247
f 3099//3099 2288//2288 2287//2287
f 3099//3099 2287//2287 2997//2997
f 2979//2979 2246//2246 2245//2245
f 2979//2979 2245//2245 3162//3162
f 2856//2856 2245//2245 2244//2244
f 3074//3074 2245//2245 2856//2856
f 3075//3075 3076//3076 3162//3162
f 3074//3074 3075//3075 3162//3162
f 3074//3074 3162//3162 2245//2245
f 2856//2856 2244//2244 2846//2846
f 2846//2846 2244//2244 2261//2261
f 2958//2958 2840//2840 2848//2848
f 2847//2847 2846//2846 2963//2963
f 2848//2848 2847//2847 2965//2965
f 3162//3162 3228//3228 3161//3161
f 3077//3077 3228//3228 3162//3162
f 3161//3161 3227//3227 3226//3226
f 3228//3228 3227//3227 3161//3161
f 3162//3162 3076//3076 3077//3077
f 3229//3229 3228//3228 3077//3077
f 3077//3077 3231//3231 3230//3230
f 3077//3077 3069//3069 3231//3231
f 3229//3229 3077//3077 3230//3230
f 3225//3225 3161//3161 3226//3226
f 2969//2969 2852//2852 2840//2840
f 3105//3105 3106//3106 2964//2964
f 2964//2964 3104//3104 3105//3105
f 3108//3108 3109//3109 2975//2975
f 3108//3108 2964//2964 3106//3106
f 2261//2261 3102//3102 2964//2964
f 3099//3099 3102//3102 2261//2261
f 2261//2261 2288//2288 3099//3099
f 3103//3103 3104//3104 2964//2964
f 3103//3103 2964//2964 3102//3102
f 3246//3246 3245//3245 2853//2853
f 3244//3244 2853//2853 3245//3245
f 2970//2970 3247//3247 3246//3246
f 2852//2852 2969//2969 3246//3246
f 2970//2970 3249//3249 3248//3248
f 3244//3244 2854//2854 2853//2853
f 2970//2970 3248//3248 3247//3247
f 2965//2965 2847//2847 2963//2963
f 3108//3108 2975//2975 2964//2964
f 2846//2846 2261//2261 2964//2964
f 3246//3246 2969//2969 2970//2970
f 2958//2958 2969//2969 2840//2840
f 2958//2958 2848//2848 2965//2965
f 3249//3249 2970//2970 2971//2971
f 2963//2963 2846//2846 2964//2964
f 2852//2852 3246//3246 2853//2853
f 3231//3231 3069//3069 3232//3232
f 3160//3160 3161//3161 3225//3225
f 3224//3224 3160//3160 3225//3225
f 3223//3223 3157//3157 3224//3224
f 3160//3160 3224//3224 3157//3157
f 3157//3157 3223//3223 3222//3222
f 3221//3221 3158//3158 3222//3222
f 3070//3070 3233//3233 3069//3069
f 3233//3233 3232//3232 3069//3069
f 3068//3068 3235//3235 3070//3070
f 3235//3235 3234//3234 3070//3070
f 3233//3233 3070//3070 3234//3234
f 3158//3158 3157//3157 3222//3222
f 3243//3243 2854//2854 3244//3244
f 3220//3220 3156//3156 3158//3158
f 3060//3060 3156//3156 3220//3220
f 3155//3155 3156//3156 3067//3067
f 3155//3155 3066//3066 3151//3151
f 3220//3220 3236//3236 3068//3068
f 3220//3220 3068//3068 3060//3060
f 3235//3235 3068//3068 3236//3236
f 3151//3151 3066//3066 3065//3065
f 3066//3066 3155//3155 3067//3067
f 3067//3067 3156//3156 3060//3060
f 3158//3158 3221//3221 3220//3220
f 3243//3243 3242//3242 2854//2854
f 3141//3141 2854//2854 3242//3242
f 3241//3241 3141//3141 3242//3242
f 3241//3241 3240//3240 3141//3141
f 3140//3140 3141//3141 3240//3240
f 3140//3140 3240//3240 3239//3239
f 3239//3239 3238//3238 3140//3140
f 3130//3130 3251//3251 3250//3250
f 3250//3250 2971//2971 3130//3130
f 3130//3130 3252//3252 3251//3251
f 3250//3250 3249//3249 2971//2971
f 3254//3254 3253//3253 3129//3129
f 3130//3130 3129//3129 3252//3252
f 3253//3253 3252//3252 3129//3129
f 3238//3238 3138//3138 3140//3140
f 3237//3237 3139//3139 3138//3138
f 3138//3138 3238//3238 3237//3237
f 3128//3128 3139//3139 3237//3237
f 3136//3136 3139//3139 3131//3131
f 3132//3132 3134//3134 3136//3136
f 3237//3237 3254//3254 3129//3129
f 3237//3237 3129//3129 3128//3128
f 3136//3136 3126//3126 3132//3132
f 3126//3126 3136//3136 3131//3131
f 3131//3131 3139//3139 3128//3128
f 3133//3133 3134//3134 3132//3132
f 2248//2248 2291//2291 2247//2247
f 2252//2252 2291//2291 2248//2248
f 2290//2290 2235//2235 2533//2533
f 2247//2247 2533//2533 2519//2519
f 2291//2291 2290//2290 2247//2247
f 2533//2533 2247//2247 2290//2290
f 2247//2247 2519//2519 2455//2455
f 2465//2465 2247//2247 2455//2455
f 2247//2247 2465//2465 2449//2449
f 2247//2247 2449//2449 2211//2211
f 2291//2291 2252//2252 2292//2292
f 2289//2289 2252//2252 2243//2243
f 2292//2292 2252//2252 2289//2289
f 2264//2264 3172//3172 2895//2895
f 2264//2264 2895//2895 2265//2265
f 2285//2285 2269//2269 2266//2266
f 2271//2271 2269//2269 2285//2285
f 2266//2266 2205//2205 2299//2299
f 2266//2266 2299//2299 2313//2313
f 2266//2266 2313//2313 2321//2321
f 2371//2371 2266//2266 2321//2321
f 2266//2266 2371//2371 2374//2374
f 2266//2266 2284//2284 2285//2285
f 2284//2284 2374//2374 2237//2237
f 2266//2266 2374//2374 2284//2284
f 2283//2283 2263//2263 2271//2271
f 2286//2286 2271//2271 2285//2285
f 2283//2283 2271//2271 2286//2286
f 2662//2662 2196//2196 2661//2661
f 2196//2196 2662//2662 2663//2663
f 2196//2196 2663//2663 2664//2664
f 2664//2664 2665//2665 2196//2196
f 2680//2680 2661//2661 2275//2275
f 2196//2196 2275//2275 2661//2661
f 2721//2721 2722//2722 2275//2275
f 2680//2680 2275//2275 2679//2679
f 2720//2720 2721//2721 2275//2275
f 2679//2679 2275//2275 2723//2723
f 2666//2666 2667//2667 2195//2195
f 2667//2667 2668//2668 2195//2195
f 2666//2666 2196//2196 2665//2665
f 2275//2275 2722//2722 2723//2723
f 2678//2678 2679//2679 2723//2723
f 2724//2724 2678//2678 2723//2723
f 2725//2725 2677//2677 2724//2724
f 2678//2678 2724//2724 2677//2677
f 2677//2677 2725//2725 2726//2726
f 2196//2196 2666//2666 2195//2195
f 2276//2276 2719//2719 2275//2275
f 2276//2276 2737//2737 2719//2719
f 2719//2719 2720//2720 2275//2275
f 2741//2741 2276//2276 2740//2740
f 2276//2276 2738//2738 2739//2739
f 2740//2740 2276//2276 2739//2739
f 2277//2277 2738//2738 2276//2276
f 2757//2757 2738//2738 2277//2277
f 2736//2736 2276//2276 2735//2735
f 2735//2735 2743//2743 2744//2744
f 2735//2735 2276//2276 2743//2743
f 2734//2734 2735//2735 2744//2744
f 2742//2742 2743//2743 2276//2276
f 2742//2742 2276//2276 2741//2741
f 2754//2754 2755//2755 2277//2277
f 2755//2755 2756//2756 2277//2277
f 2744//2744 2745//2745 2733//2733
f 2744//2744 2733//2733 2734//2734
f 2736//2736 2737//2737 2276//2276
f 2756//2756 2757//2757 2277//2277
f 2195//2195 2669//2669 2670//2670
f 2674//2674 2675//2675 2569//2569
f 2671//2671 2195//2195 2670//2670
f 2569//2569 2726//2726 2727//2727
f 2677//2677 2726//2726 2676//2676
f 2569//2569 2727//2727 2728//2728
f 2569//2569 2676//2676 2726//2726
f 2569//2569 2675//2675 2676//2676
f 2569//2569 2673//2673 2674//2674
f 2195//2195 2672//2672 2566//2566
f 2671//2671 2672//2672 2195//2195
f 2570//2570 2191//2191 2195//2195
f 2570//2570 2195//2195 2568//2568
f 2567//2567 2673//2673 2569//2569
f 2195//2195 2566//2566 2568//2568
f 2566//2566 2672//2672 2567//2567
f 2569//2569 2728//2728 2729//2729
f 2672//2672 2673//2673 2567//2567
f 2195//2195 2668//2668 2669//2669
f 2575//2575 2191//2191 2570//2570
f 2733//2733 2745//2745 2746//2746
f 2731//2731 2732//2732 2747//2747
f 2732//2732 2733//2733 2746//2746
f 2730//2730 2731//2731 2748//2748
f 2571//2571 2752//2752 2753//2753
f 2731//2731 2747//2747 2748//2748
f 2747//2747 2732//2732 2746//2746
f 2571//2571 2751//2751 2752//2752
f 2748//2748 2571//2571 2730//2730
f 2730//2730 2571//2571 2569//2569
f 2748//2748 2749//2749 2571//2571
f 2750//2750 2571//2571 2749//2749
f 2730//2730 2569//2569 2729//2729
f 2753//2753 2582//2582 2571//2571
f 2754//2754 2277//2277 2582//2582
f 2586//2586 2583//2583 2581//2581
f 2571//2571 2750//2750 2751//2751
f 2582//2582 2753//2753 2754//2754
f 2588//2588 2593//2593 2580//2580
f 2588//2588 2580//2580 2583//2583
f 2582//2582 2585//2585 2581//2581
f 2759//2759 2278//2278 2758//2758
f 2277//2277 2278//2278 2759//2759
f 2277//2277 2759//2759 2760//2760
f 2760//2760 2761//2761 2277//2277
f 2279//2279 2702//2702 2278//2278
f 2703//2703 2278//2278 2702//2702
f 2703//2703 2704//2704 2278//2278
f 2776//2776 2278//2278 2774//2774
f 2777//2777 2278//2278 2776//2776
f 2777//2777 2758//2758 2278//2278
f 2278//2278 2775//2775 2774//2774
f 2277//2277 2762//2762 2763//2763
f 2277//2277 2763//2763 2764//2764
f 2762//2762 2277//2277 2761//2761
f 2278//2278 2705//2705 2775//2775
f 2278//2278 2704//2704 2705//2705
f 2706//2706 2773//2773 2705//2705
f 2775//2775 2705//2705 2773//2773
f 2764//2764 2585//2585 2277//2277
f 2718//2718 2701//2701 2279//2279
f 2702//2702 2279//2279 2701//2701
f 2718//2718 2279//2279 2717//2717
f 2682//2682 2683//2683 2279//2279
f 2700//2700 2681//2681 2220//2220
f 2682//2682 2220//2220 2681//2681
f 2699//2699 2700//2700 2220//2220
f 2220//2220 2698//2698 2699//2699
f 2682//2682 2279//2279 2220//2220
f 2697//2697 2698//2698 2220//2220
f 2279//2279 2684//2684 2716//2716
f 2686//2686 2714//2714 2715//2715
f 2686//2686 2715//2715 2685//2685
f 2716//2716 2685//2685 2715//2715
f 2685//2685 2716//2716 2684//2684
f 2684//2684 2279//2279 2683//2683
f 2219//2219 2697//2697 2220//2220
f 2687//2687 2714//2714 2686//2686
f 2717//2717 2279//2279 2716//2716
f 2696//2696 2697//2697 2219//2219
f 2587//2587 2765//2765 2766//2766
f 2709//2709 2771//2771 2708//2708
f 2767//2767 2587//2587 2766//2766
f 2707//2707 2773//2773 2706//2706
f 2707//2707 2771//2771 2772//2772
f 2773//2773 2707//2707 2772//2772
f 2708//2708 2771//2771 2707//2707
f 2709//2709 2770//2770 2771//2771
f 2585//2585 2582//2582 2277//2277
f 2586//2586 2581//2581 2584//2584
f 2585//2585 2584//2584 2581//2581
f 2769//2769 2770//2770 2587//2587
f 2587//2587 2768//2768 2769//2769
f 2709//2709 2587//2587 2770//2770
f 2587//2587 2767//2767 2768//2768
f 2765//2765 2587//2587 2585//2585
f 2585//2585 2764//2764 2765//2765
f 2687//2687 2688//2688 2589//2589
f 2713//2713 2714//2714 2687//2687
f 2589//2589 2712//2712 2713//2713
f 2687//2687 2589//2589 2713//2713
f 2712//2712 2589//2589 2711//2711
f 2219//2219 2694//2694 2695//2695
f 2689//2689 2690//2690 2589//2589
f 2589//2589 2688//2688 2689//2689
f 2219//2219 2693//2693 2694//2694
f 2710//2710 2711//2711 2589//2589
f 2690//2690 2691//2691 2589//2589
f 2691//2691 2595//2595 2589//2589
f 2219//2219 2691//2691 2692//2692
f 2219//2219 2595//2595 2691//2691
f 2693//2693 2219//2219 2692//2692
f 2709//2709 2710//2710 2589//2589
f 2219//2219 2596//2596 2595//2595
f 2587//2587 2709//2709 2589//2589
f 2696//2696 2219//2219 2695//2695
f 2219//2219 2221//2221 2596//2596
f 2586//2586 2588//2588 2583//2583
f 2575//2575 2573//2573 2191//2191
f 2573//2573 2572//2572 2817//2817
f 2817//2817 2191//2191 2573//2573
f 2817//2817 2572//2572 2816//2816
f 2574//2574 2576//2576 2836//2836
f 2574//2574 2816//2816 2572//2572
f 2836//2836 2816//2816 2574//2574
f 2576//2576 2579//2579 2602//2602
f 2191//2191 2818//2818 2819//2819
f 2191//2191 2819//2819 2820//2820
f 2818//2818 2191//2191 2817//2817
f 2604//2604 2605//2605 2576//2576
f 2576//2576 2833//2833 2834//2834
f 2576//2576 2834//2834 2835//2835
f 2605//2605 2606//2606 2576//2576
f 2260//2260 2576//2576 2606//2606
f 2576//2576 2260//2260 2833//2833
f 2836//2836 2576//2576 2835//2835
f 2820//2820 2192//2192 2191//2191
f 2576//2576 2603//2603 2604//2604
f 2796//2796 2579//2579 2795//2795
f 2602//2602 2579//2579 2796//2796
f 2812//2812 2579//2579 2578//2578
f 2577//2577 2580//2580 2591//2591
f 2577//2577 2592//2592 2578//2578
f 2795//2795 2579//2579 2815//2815
f 2603//2603 2576//2576 2602//2602
f 2797//2797 2798//2798 2621//2621
f 2620//2620 2621//2621 2798//2798
f 2799//2799 2619//2619 2620//2620
f 2798//2798 2799//2799 2620//2620
f 2621//2621 2796//2796 2797//2797
f 2579//2579 2812//2812 2813//2813
f 2579//2579 2813//2813 2814//2814
f 2579//2579 2814//2814 2815//2815
f 2259//2259 2619//2619 2799//2799
f 2602//2602 2796//2796 2621//2621
f 2578//2578 2258//2258 2812//2812
f 2192//2192 2821//2821 2822//2822
f 2192//2192 2823//2823 2824//2824
f 2831//2831 2260//2260 2830//2830
f 2823//2823 2192//2192 2822//2822
f 2832//2832 2833//2833 2260//2260
f 2260//2260 2607//2607 2608//2608
f 2260//2260 2831//2831 2832//2832
f 2260//2260 2608//2608 2609//2609
f 2607//2607 2260//2260 2606//2606
f 2825//2825 2826//2826 2192//2192
f 2260//2260 2826//2826 2827//2827
f 2192//2192 2824//2824 2825//2825
f 2192//2192 2826//2826 2260//2260
f 2610//2610 2260//2260 2609//2609
f 2828//2828 2829//2829 2260//2260
f 2829//2829 2830//2830 2260//2260
f 2612//2612 2260//2260 2611//2611
f 2610//2610 2611//2611 2260//2260
f 2260//2260 2827//2827 2828//2828
f 2192//2192 2820//2820 2821//2821
f 2259//2259 2799//2799 2800//2800
f 2618//2618 2259//2259 2617//2617
f 2802//2802 2259//2259 2801//2801
f 2617//2617 2259//2259 2616//2616
f 2259//2259 2800//2800 2801//2801
f 2258//2258 2810//2810 2811//2811
f 2802//2802 2803//2803 2259//2259
f 2258//2258 2809//2809 2810//2810
f 2615//2615 2616//2616 2259//2259
f 2618//2618 2619//2619 2259//2259
f 2804//2804 2259//2259 2803//2803
f 2259//2259 2612//2612 2613//2613
f 2260//2260 2612//2612 2259//2259
f 2614//2614 2259//2259 2613//2613
f 2805//2805 2259//2259 2804//2804
f 2258//2258 2806//2806 2807//2807
f 2258//2258 2807//2807 2808//2808
f 2806//2806 2258//2258 2805//2805
f 2259//2259 2805//2805 2258//2258
f 2809//2809 2258//2258 2808//2808
f 2259//2259 2614//2614 2615//2615
f 2812//2812 2258//2258 2811//2811
f 2258//2258 2578//2578 2592//2592
f 2580//2580 2593//2593 2591//2591
f 2577//2577 2591//2591 2590//2590
f 2623//2623 2594//2594 2622//2622
f 2642//2642 2594//2594 2778//2778
f 2622//2622 2594//2594 2642//2642
f 2592//2592 2594//2594 2626//2626
f 2594//2594 2601//2601 2778//2778
f 2626//2626 2258//2258 2592//2592
f 2642//2642 2778//2778 2641//2641
f 2594//2594 2624//2624 2625//2625
f 2594//2594 2625//2625 2626//2626
f 2624//2624 2594//2594 2623//2623
f 2778//2778 2779//2779 2641//2641
f 2780//2780 2640//2640 2641//2641
f 2779//2779 2780//2780 2641//2641
f 2640//2640 2780//2780 2639//2639
f 2639//2639 2780//2780 2257//2257
f 2592//2592 2577//2577 2590//2590
f 2598//2598 2600//2600 2660//2660
f 2644//2644 2599//2599 2643//2643
f 2643//2643 2599//2599 2598//2598
f 2600//2600 2221//2221 2660//2660
f 2597//2597 2221//2221 2600//2600
f 2598//2598 2660//2660 2643//2643
f 2644//2644 2601//2601 2599//2599
f 2597//2597 2596//2596 2221//2221
f 2792//2792 2793//2793 2601//2601
f 2645//2645 2646//2646 2601//2601
f 2221//2221 2659//2659 2660//2660
f 2644//2644 2645//2645 2601//2601
f 2221//2221 2658//2658 2659//2659
f 2601//2601 2256//2256 2792//2792
f 2794//2794 2601//2601 2793//2793
f 2794//2794 2778//2778 2601//2601
f 2223//2223 2658//2658 2221//2221
f 2627//2627 2258//2258 2626//2626
f 2628//2628 2629//2629 2258//2258
f 2636//2636 2637//2637 2257//2257
f 2258//2258 2627//2627 2628//2628
f 2257//2257 2638//2638 2639//2639
f 2257//2257 2781//2781 2782//2782
f 2257//2257 2637//2637 2638//2638
f 2781//2781 2257//2257 2780//2780
f 2257//2257 2632//2632 2633//2633
f 2632//2632 2258//2258 2631//2631
f 2257//2257 2633//2633 2634//2634
f 2784//2784 2257//2257 2783//2783
f 2257//2257 2782//2782 2783//2783
f 2635//2635 2636//2636 2257//2257
f 2784//2784 2785//2785 2257//2257
f 2256//2256 2257//2257 2785//2785
f 2257//2257 2634//2634 2635//2635
f 2632//2632 2257//2257 2258//2258
f 2631//2631 2258//2258 2630//2630
f 2647//2647 2256//2256 2646//2646
f 2601//2601 2646//2646 2256//2256
f 2648//2648 2649//2649 2256//2256
f 2648//2648 2256//2256 2647//2647
f 2790//2790 2791//2791 2256//2256
f 2223//2223 2656//2656 2657//2657
f 2223//2223 2655//2655 2656//2656
f 2789//2789 2790//2790 2256//2256
f 2256//2256 2791//2791 2792//2792
f 2650//2650 2256//2256 2649//2649
f 2256//2256 2786//2786 2787//2787
f 2785//2785 2786//2786 2256//2256
f 2788//2788 2256//2256 2787//2787
f 2651//2651 2256//2256 2650//2650
f 2223//2223 2652//2652 2653//2653
f 2223//2223 2653//2653 2654//2654
f 2223//2223 2256//2256 2651//2651
f 2652//2652 2223//2223 2651//2651
f 2655//2655 2223//2223 2654//2654
f 2256//2256 2788//2788 2789//2789
f 2658//2658 2223//2223 2657//2657
f 2629//2629 2630//2630 2258//2258
f 3255//3255 3256//3256 3257//3257
f 3258//3258 3256//3256 3255//3255
f 3255//3255 3257//3257 3259//3259
f 3260//3260 3261//3261 3259//3259
f 3261//3261 3255//3255 3259//3259
f 3262//3262 3258//3258 3255//3255
f 3263//3263 3262//3262 3255//3255
f 3261//3261 3264//3264 3265//3265
f 3260//3260 3264//3264 3261//3261
f 3265//3265 3264//3264 3266//3266
f 3263//3263 3261//3261 3265//3265
f 3261//3261 3263//3263 3255//3255
f 3264//3264 3260//3260 3267//3267
f 3267//3267 3268//3268 3266//3266
f 3266//3266 3268//3268 3271//3271
f 3268//3268 3269//3269 3271//3271
f 3271//3271 3269//3269 3270//3270
f 3267//3267 3266//3266 3264//3264
f 3272//3272 3273//3273 3274//3274
f 3272//3272 3275//3275 3273//3273
f 3274//3274 3276//3276 3272//3272
f 3279//3279 3277//3277 3278//3278
f 3280//3280 3276//3276 3274//3274
f 3277//3277 3280//3280 3278//3278
f 3277//3277 3276//3276 3280//3280
f 3281//3281 3274//3274 3273//3273
f 3283//3283 3281//3281 3282//3282
f 3284//3284 3285//3285 3283//3283
f 3286//3286 3287//3287 3288//3288
f 3281//3281 3283//3283 3285//3285
f 3289//3289 3290//3290 3285//3285
f 3284//3284 3289//3289 3285//3285
f 3291//3291 3286//3286 3292//3292
f 3285//3285 3274//3274 3281//3281
f 3293//3293 3294//3294 3279//3279
f 3277//3277 3279//3279 3294//3294
f 3289//3289 3295//3295 3296//3296
f 3298//3298 3297//3297 3293//3293
f 3298//3298 3295//3295 3297//3297
f 3299//3299 3297//3297 3295//3295
f 3296//3296 3295//3295 3298//3298
f 3294//3294 3293//3293 3297//3297
f 3297//3297 3299//3299 3300//3300
f 3302//3302 3286//3286 3291//3291
f 3305//3305 3304//3304 3306//3306
f 3307//3307 3308//3308 3309//3309
f 3310//3310 3307//3307 3311//3311
f 3305//3305 3300//3300 3304//3304
f 3312//3312 3286//3286 3313//3313
f 3297//3297 3300//3300 3305//3305
f 3296//3296 3290//3290 3289//3289
f 3307//3307 3312//3312 3308//3308
f 3314//3314 3315//3315 3287//3287
f 3288//3288 3287//3287 3316//3316
f 3317//3317 3287//3287 3315//3315
f 3318//3318 3316//3316 3287//3287
f 3317//3317 3319//3319 3287//3287
f 3318//3318 3258//3258 3265//3265
f 3319//3319 3318//3318 3287//3287
f 3262//3262 3263//3263 3258//3258
f 3263//3263 3265//3265 3258//3258
f 3265//3265 3266//3266 3318//3318
f 3266//3266 3320//3320 3318//3318
f 3316//3316 3318//3318 3321//3321
f 3322//3322 3320//3320 3266//3266
f 3321//3321 3318//3318 3320//3320
f 3301//3301 3286//3286 3302//3302
f 3271//3271 3301//3301 3322//3322
f 3266//3266 3271//3271 3322//3322
f 3301//3301 3271//3271 3323//3323
f 3301//3301 3323//3323 3303//3303
f 3313//3313 3286//3286 3303//3303
f 3308//3308 3312//3312 3313//3313
f 3326//3326 3324//3324 3327//3327
f 3309//3309 3308//3308 3324//3324
f 3301//3301 3303//3303 3286//3286
f 3288//3288 3292//3292 3286//3286
f 3328//3328 3306//3306 3310//3310
f 3297//3297 3329//3329 3330//3330
f 3331//3331 3306//3306 3332//3332
f 3331//3331 3305//3305 3306//3306
f 3333//3333 3335//3335 3336//3336
f 3333//3333 3297//3297 3330//3330
f 3332//3332 3306//3306 3337//3337
f 3310//3310 3338//3338 3339//3339
f 3337//3337 3306//3306 3328//3328
f 3331//3331 3334//3334 3340//3340
f 3324//3324 3341//3341 3309//3309
f 3342//3342 3340//3340 3309//3309
f 3334//3334 3331//3331 3332//3332
f 3342//3342 3331//3331 3340//3340
f 3328//3328 3310//3310 3339//3339
f 3335//3335 3343//3343 3336//3336
f 3343//3343 3335//3335 3344//3344
f 3347//3347 3346//3346 3348//3348
f 3345//3345 3346//3346 3344//3344
f 3348//3348 3346//3346 3349//3349
f 3309//3309 3350//3350 3342//3342
f 3344//3344 3335//3335 3345//3345
f 3348//3348 3349//3349 3350//3350
f 3349//3349 3346//3346 3345//3345
f 3350//3350 3309//3309 3351//3351
f 3297//3297 3333//3333 3336//3336
f 3348//3348 3350//3350 3352//3352
f 3327//3327 3353//3353 3326//3326
f 3354//3354 3355//3355 3356//3356
f 3324//3324 3326//3326 3358//3358
f 3356//3356 3326//3326 3359//3359
f 3311//3311 3307//3307 3309//3309
f 3358//3358 3325//3325 3324//3324
f 3360//3360 3361//3361 3327//3327
f 3353//3353 3327//3327 3361//3361
f 3359//3359 3326//3326 3353//3353
f 3359//3359 3357//3357 3356//3356
f 3357//3357 3354//3354 3356//3356
f 3354//3354 3362//3362 3355//3355
f 3363//3363 3364//3364 3355//3355
f 3363//3363 3355//3355 3362//3362
f 3311//3311 3338//3338 3310//3310
f 3325//3325 3341//3341 3324//3324
f 3367//3367 3366//3366 3364//3364
f 3368//3368 3369//3369 3370//3370
f 3369//3369 3371//3371 3351//3351
f 3309//3309 3341//3341 3351//3351
f 3365//3365 3370//3370 3366//3366
f 3365//3365 3368//3368 3370//3370
f 3365//3365 3366//3366 3367//3367
f 3364//3364 3363//3363 3367//3367
f 3372//3372 3352//3352 3371//3371
f 3369//3369 3368//3368 3371//3371
f 3371//3371 3352//3352 3351//3351
f 3351//3351 3352//3352 3350//3350
f 3305//3305 3329//3329 3297//3297
f 3374//3374 3323//3323 3271//3271
f 3270//3270 3374//3374 3271//3271
f 3374//3374 3303//3303 3323//3323
f 3373//3373 3303//3303 3374//3374
f 3303//3303 3373//3373 3313//3313
f 3376//3376 3374//3374 3270//3270
f 3376//3376 3377//3377 3374//3374
f 3374//3374 3377//3377 3373//3373
f 3373//3373 3377//3377 3378//3378
f 3378//3378 3313//3313 3373//3373
f 3375//3375 3324//3324 3308//3308
f 3324//3324 3375//3375 3379//3379
f 3313//3313 3378//3378 3380//3380
f 3313//3313 3380//3380 3308//3308
f 3308//3308 3380//3380 3375//3375
f 3381//3381 3362//3362 3354//3354
f 3382//3382 3362//3362 3381//3381
f 3381//3381 3354//3354 3357//3357
f 3359//3359 3383//3383 3357//3357
f 3383//3383 3381//3381 3357//3357
f 3359//3359 3384//3384 3383//3383
f 3385//3385 3382//3382 3381//3381
f 3386//3386 3385//3385 3381//3381
f 3383//3383 3384//3384 3387//3387
f 3387//3387 3384//3384 3388//3388
f 3386//3386 3383//3383 3387//3387
f 3383//3383 3386//3386 3381//3381
f 3384//3384 3359//3359 3353//3353
f 3353//3353 3361//3361 3388//3388
f 3327//3327 3389//3389 3360//3360
f 3388//3388 3361//3361 3390//3390
f 3390//3390 3361//3361 3389//3389
f 3391//3391 3389//3389 3327//3327
f 3389//3389 3361//3361 3360//3360
f 3353//3353 3388//3388 3384//3384
f 3392//3392 3363//3363 3362//3362
f 3392//3392 3362//3362 3382//3382
f 3379//3379 3391//3391 3327//3327
f 3379//3379 3327//3327 3324//3324
f 3393//3393 3394//3394 3395//3395
f 3393//3393 3396//3396 3394//3394
f 3393//3393 3395//3395 3397//3397
f 3400//3400 3399//3399 3398//3398
f 3398//3398 3399//3399 3394//3394
f 3398//3398 3394//3394 3396//3396
f 3401//3401 3395//3395 3394//3394
f 3403//3403 3402//3402 3401//3401
f 3404//3404 3403//3403 3405//3405
f 3406//3406 3407//3407 3408//3408
f 3401//3401 3405//3405 3403//3403
f 3404//3404 3410//3410 3409//3409
f 3410//3410 3412//3412 3409//3409
f 3405//3405 3410//3410 3404//3404
f 3405//3405 3401//3401 3394//3394
f 3406//3406 3411//3411 3407//3407
f 3413//3413 3400//3400 3414//3414
f 3398//3398 3414//3414 3400//3400
f 3414//3414 3415//3415 3413//3413
f 3409//3409 3416//3416 3417//3417
f 3416//3416 3415//3415 3418//3418
f 3416//3416 3418//3418 3417//3417
f 3419//3419 3417//3417 3418//3418
f 3414//3414 3418//3418 3415//3415
f 3418//3418 3420//3420 3419//3419
f 3421//3421 3422//3422 3406//3406
f 3423//3423 3411//3411 3406//3406
f 3420//3420 3424//3424 3425//3425
f 3426//3426 3427//3427 3380//3380
f 3429//3429 3378//3378 3421//3421
f 3418//3418 3424//3424 3420//3420
f 3416//3416 3409//3409 3412//3412
f 3426//3426 3380//3380 3429//3429
f 3407//3407 3431//3431 3408//3408
f 3408//3408 3432//3432 3433//3433
f 3433//3433 3430//3430 3408//3408
f 3434//3434 3408//3408 3431//3431
f 3432//3432 3408//3408 3435//3435
f 3434//3434 3260//3260 3256//3256
f 3435//3435 3408//3408 3434//3434
f 3257//3257 3256//3256 3259//3259
f 3259//3259 3256//3256 3260//3260
f 3260//3260 3434//3434 3267//3267
f 3267//3267 3434//3434 3436//3436
f 3267//3267 3436//3436 3268//3268
f 3436//3436 3434//3434 3437//3437
f 3431//3431 3437//3437 3434//3434
f 3406//3406 3422//3422 3423//3423
f 3269//3269 3436//3436 3438//3438
f 3268//3268 3436//3436 3269//3269
f 3270//3270 3438//3438 3422//3422
f 3438//3438 3270//3270 3269//3269
f 3422//3422 3376//3376 3270//3270
f 3422//3422 3377//3377 3376//3376
f 3422//3422 3378//3378 3377//3377
f 3380//3380 3378//3378 3429//3429
f 3375//3375 3439//3439 3379//3379
f 3440//3440 3391//3391 3379//3379
f 3427//3427 3375//3375 3380//3380
f 3422//3422 3421//3421 3378//3378
f 3441//3441 3426//3426 3425//3425
f 3418//3418 3443//3443 3442//3442
f 3444//3444 3445//3445 3425//3425
f 3444//3444 3425//3425 3424//3424
f 3446//3446 3443//3443 3418//3418
f 3447//3447 3444//3444 3448//3448
f 3446//3446 3449//3449 3450//3450
f 3445//3445 3441//3441 3425//3425
f 3426//3426 3451//3451 3428//3428
f 3452//3452 3451//3451 3426//3426
f 3448//3448 3453//3453 3447//3447
f 3375//3375 3427//3427 3454//3454
f 3455//3455 3427//3427 3453//3453
f 3447//3447 3445//3445 3444//3444
f 3455//3455 3453//3453 3448//3448
f 3441//3441 3452//3452 3426//3426
f 3450//3450 3449//3449 3456//3456
f 3457//3457 3458//3458 3459//3459
f 3457//3457 3450//3450 3456//3456
f 3462//3462 3463//3463 3461//3461
f 3460//3460 3458//3458 3461//3461
f 3463//3463 3464//3464 3461//3461
f 3457//3457 3459//3459 3450//3450
f 3427//3427 3455//3455 3465//3465
f 3458//3458 3460//3460 3459//3459
f 3463//3463 3465//3465 3464//3464
f 3464//3464 3460//3460 3461//3461
f 3465//3465 3466//3466 3427//3427
f 3418//3418 3449//3449 3446//3446
f 3463//3463 3466//3466 3465//3465
f 3391//3391 3440//3440 3388//3388
f 3385//3385 3467//3467 3468//3468
f 3379//3379 3469//3469 3440//3440
f 3467//3467 3387//3387 3440//3440
f 3439//3439 3469//3469 3379//3379
f 3428//3428 3427//3427 3426//3426
f 3385//3385 3468//3468 3470//3470
f 3389//3389 3391//3391 3390//3390
f 3388//3388 3390//3390 3391//3391
f 3387//3387 3388//3388 3440//3440
f 3387//3387 3467//3467 3386//3386
f 3386//3386 3467//3467 3385//3385
f 3385//3385 3470//3470 3382//3382
f 3392//3392 3382//3382 3470//3470
f 3392//3392 3470//3470 3471//3471
f 3439//3439 3375//3375 3454//3454
f 3472//3472 3471//3471 3473//3473
f 3476//3476 3473//3473 3477//3477
f 3477//3477 3466//3466 3478//3478
f 3427//3427 3466//3466 3454//3454
f 3472//3472 3473//3473 3476//3476
f 3472//3472 3474//3474 3471//3471
f 3471//3471 3474//3474 3392//3392
f 3479//3479 3478//3478 3475//3475
f 3477//3477 3478//3478 3476//3476
f 3478//3478 3466//3466 3475//3475
f 3466//3466 3463//3463 3475//3475
f 3424//3424 3418//3418 3442//3442
f 3317//3317 3315//3315 3433//3433
f 3432//3432 3317//3317 3433//3433
f 3314//3314 3430//3430 3315//3315
f 3315//3315 3430//3430 3433//3433
f 3317//3317 3432//3432 3319//3319
f 3435//3435 3319//3319 3432//3432
f 3408//3408 3314//3314 3287//3287
f 3314//3314 3408//3408 3430//3430
f 3372//3372 3480//3480 3352//3352
f 3475//3475 3352//3352 3480//3480
f 3371//3371 3481//3481 3372//3372
f 3481//3481 3480//3480 3372//3372
f 3371//3371 3482//3482 3481//3481
f 3475//3475 3480//3480 3479//3479
f 3481//3481 3482//3482 3478//3478
f 3478//3478 3482//3482 3476//3476
f 3479//3479 3481//3481 3478//3478
f 3481//3481 3479//3479 3480//3480
f 3482//3482 3371//3371 3368//3368
f 3368//3368 3476//3476 3482//3482
f 3368//3368 3365//3365 3476//3476
f 3363//3363 3474//3474 3367//3367
f 3476//3476 3365//3365 3472//3472
f 3472//3472 3365//3365 3474//3474
f 3392//3392 3474//3474 3363//3363
f 3474//3474 3365//3365 3367//3367
f 3475//3475 3463//3463 3348//3348
f 3475//3475 3348//3348 3352//3352
f 3343//3343 3483//3483 3336//3336
f 3449//3449 3336//3336 3483//3483
f 3344//3344 3484//3484 3343//3343
f 3484//3484 3483//3483 3343//3343
f 3344//3344 3485//3485 3484//3484
f 3456//3456 3449//3449 3483//3483
f 3457//3457 3456//3456 3483//3483
f 3484//3484 3485//3485 3458//3458
f 3458//3458 3485//3485 3461//3461
f 3457//3457 3484//3484 3458//3458
f 3484//3484 3457//3457 3483//3483
f 3485//3485 3344//3344 3346//3346
f 3346//3346 3347//3347 3461//3461
f 3348//3348 3486//3486 3347//3347
f 3461//3461 3347//3347 3462//3462
f 3463//3463 3462//3462 3486//3486
f 3347//3347 3486//3486 3462//3462
f 3463//3463 3486//3486 3348//3348
f 3346//3346 3461//3461 3485//3485
f 3418//3418 3297//3297 3336//3336
f 3418//3418 3336//3336 3449//3449
f 3414//3414 3487//3487 3418//3418
f 3297//3297 3418//3418 3487//3487
f 3398//3398 3488//3488 3414//3414
f 3488//3488 3487//3487 3414//3414
f 3398//3398 3276//3276 3488//3488
f 3297//3297 3487//3487 3294//3294
f 3488//3488 3276//3276 3277//3277
f 3294//3294 3488//3488 3277//3277
f 3488//3488 3294//3294 3487//3487
f 3276//3276 3398//3398 3396//3396
f 3396//3396 3272//3272 3276//3276
f 3396//3396 3393//3393 3272//3272
f 3272//3272 3393//3393 3275//3275
f 3393//3393 3397//3397 3275//3275
f 3397//3397 3273//3273 3275//3275
f 3273//3273 3397//3397 3395//3395
f 3395//3395 3401//3401 3281//3281
f 3395//3395 3281//3281 3273//3273
f 3403//3403 3489//3489 3283//3283
f 3490//3490 3403//3403 3283//3283
f 3489//3489 3289//3289 3284//3284
f 3283//3283 3489//3489 3284//3284
f 3489//3489 3404//3404 3409//3409
f 3289//3289 3489//3489 3409//3409
f 3489//3489 3403//3403 3404//3404
f 3490//3490 3283//3283 3282//3282
f 3281//3281 3490//3490 3282//3282
f 3402//3402 3403//3403 3490//3490
f 3402//3402 3490//3490 3401//3401
f 3401//3401 3490//3490 3281//3281
f 3420//3420 3300//3300 3491//3491
f 3492//3492 3300//3300 3420//3420
f 3491//3491 3299//3299 3295//3295
f 3300//3300 3299//3299 3491//3491
f 3491//3491 3417//3417 3419//3419
f 3295//3295 3417//3417 3491//3491
f 3491//3491 3419//3419 3420//3420
f 3492//3492 3304//3304 3300//3300
f 3306//3306 3304//3304 3492//3492
f 3420//3420 3425//3425 3492//3492
f 3425//3425 3306//3306 3492//3492
f 3409//3409 3417//3417 3295//3295
f 3409//3409 3295//3295 3289//3289
f 3429//3429 3312//3312 3307//3307
f 3421//3421 3312//3312 3429//3429
f 3426//3426 3307//3307 3310//3310
f 3307//3307 3426//3426 3429//3429
f 3421//3421 3406//3406 3286//3286
f 3286//3286 3312//3312 3421//3421
f 3425//3425 3426//3426 3310//3310
f 3425//3425 3310//3310 3306//3306
f 3406//3406 3408//3408 3287//3287
f 3406//3406 3287//3287 3286//3286
f 3274//3274 3394//3394 3280//3280
f 3280//3280 3394//3394 3399//3399
f 3280//3280 3399//3399 3278//3278
f 3278//3278 3400//3400 3279//3279
f 3293//3293 3413//3413 3415//3415
f 3279//3279 3400//3400 3413//3413
f 3279//3279 3413//3413 3293//3293
f 3278//3278 3399//3399 3400//3400
f 3415//3415 3416//3416 3298//3298
f 3415//3415 3298//3298 3293//3293
f 3298//3298 3416//3416 3296//3296
f 3296//3296 3416//3416 3412//3412
f 3296//3296 3412//3412 3290//3290
f 3290//3290 3410//3410 3285//3285
f 3274//3274 3285//3285 3405//3405
f 3274//3274 3405//3405 3394//3394
f 3285//3285 3410//3410 3405//3405
f 3290//3290 3412//3412 3410//3410
f 3316//3316 3431//3431 3407//3407
f 3316//3316 3407//3407 3288//3288
f 3288//3288 3407//3407 3292//3292
f 3292//3292 3411//3411 3291//3291
f 3302//3302 3423//3423 3422//3422
f 3291//3291 3411//3411 3423//3423
f 3291//3291 3423//3423 3302//3302
f 3292//3292 3407//3407 3411//3411
f 3422//3422 3301//3301 3302//3302
f 3301//3301 3422//3422 3438//3438
f 3322//3322 3301//3301 3438//3438
f 3322//3322 3438//3438 3436//3436
f 3320//3320 3436//3436 3437//3437
f 3316//3316 3321//3321 3431//3431
f 3321//3321 3320//3320 3437//3437
f 3321//3321 3437//3437 3431//3431
f 3322//3322 3436//3436 3320//3320
f 3328//3328 3441//3441 3337//3337
f 3337//3337 3441//3441 3445//3445
f 3332//3332 3445//3445 3447//3447
f 3332//3332 3447//3447 3334//3334
f 3340//3340 3334//3334 3453//3453
f 3334//3334 3447//3447 3453//3453
f 3337//3337 3445//3445 3332//3332
f 3453//3453 3427//3427 3309//3309
f 3453//3453 3309//3309 3340//3340
f 3311//3311 3309//3309 3427//3427
f 3311//3311 3427//3427 3428//3428
f 3338//3338 3428//3428 3451//3451
f 3338//3338 3451//3451 3339//3339
f 3328//3328 3339//3339 3452//3452
f 3328//3328 3452//3452 3441//3441
f 3339//3339 3451//3451 3452//3452
f 3311//3311 3428//3428 3338//3338
f 3355//3355 3470//3470 3493//3493
f 3356//3356 3355//3355 3494//3494
f 3494//3494 3355//3355 3493//3493
f 3493//3493 3470//3470 3468//3468
f 3494//3494 3467//3467 3495//3495
f 3356//3356 3494//3494 3495//3495
f 3494//3494 3468//3468 3467//3467
f 3467//3467 3440//3440 3495//3495
f 3493//3493 3468//3468 3494//3494
f 3495//3495 3326//3326 3356//3356
f 3358//3358 3326//3326 3440//3440
f 3440//3440 3469//3469 3358//3358
f 3325//3325 3469//3469 3439//3439
f 3358//3358 3469//3469 3325//3325
f 3326//3326 3495//3495 3440//3440
f 3471//3471 3470//3470 3355//3355
f 3471//3471 3355//3355 3364//3364
f 3341//3341 3454//3454 3496//3496
f 3496//3496 3351//3351 3341//3341
f 3497//3497 3351//3351 3496//3496
f 3496//3496 3454//3454 3466//3466
f 3497//3497 3466//3466 3498//3498
f 3351//3351 3497//3497 3498//3498
f 3466//3466 3477//3477 3498//3498
f 3496//3496 3466//3466 3497//3497
f 3498//3498 3369//3369 3351//3351
f 3369//3369 3498//3498 3477//3477
f 3370//3370 3369//3369 3477//3477
f 3366//3366 3471//3471 3364//3364
f 3477//3477 3473//3473 3370//3370
f 3370//3370 3473//3473 3471//3471
f 3471//3471 3366//3366 3370//3370
f 3439//3439 3454//3454 3341//3341
f 3439//3439 3341//3341 3325//3325
f 3331//3331 3448//3448 3499//3499
f 3305//3305 3331//3331 3500//3500
f 3500//3500 3331//3331 3499//3499
f 3499//3499 3448//3448 3444//3444
f 3500//3500 3424//3424 3501//3501
f 3305//3305 3500//3500 3501//3501
f 3500//3500 3444//3444 3424//3424
f 3424//3424 3442//3442 3501//3501
f 3499//3499 3444//3444 3500//3500
f 3501//3501 3329//3329 3305//3305
f 3329//3329 3501//3501 3442//3442
f 3330//3330 3329//3329 3442//3442
f 3442//3442 3443//3443 3330//3330
f 3333//3333 3443//3443 3446//3446
f 3330//3330 3443//3443 3333//3333
f 3455//3455 3448//3448 3331//3331
f 3455//3455 3331//3331 3342//3342
f 3335//3335 3450//3450 3502//3502
f 3345//3345 3335//3335 3503//3503
f 3503//3503 3335//3335 3502//3502
f 3502//3502 3450//3450 3459//3459
f 3503//3503 3460//3460 3504//3504
f 3345//3345 3503//3503 3504//3504
f 3503//3503 3459//3459 3460//3460
f 3460//3460 3464//3464 3504//3504
f 3502//3502 3459//3459 3503//3503
f 3504//3504 3349//3349 3345//3345
f 3349//3349 3504//3504 3464//3464
f 3350//3350 3349//3349 3464//3464
f 3464//3464 3465//3465 3350//3350
f 3342//3342 3465//3465 3455//3455
f 3350//3350 3465//3465 3342//3342
f 3446//3446 3450//3450 3335//3335
f 3446//3446 3335//3335 3333//3333
f 3434//3434 3256//3256 3258//3258
f 3434//3434 3258//3258 3318//3318
f 3318//3318 3319//3319 3435//3435
f 3318//3318 3435//3435 3434//3434
f 3505//3505 3506//3506 3507//3507
f 3508//3508 3506//3506 3505//3505
f 3505//3505 3507//3507 3509//3509
f 3510//3510 3511//3511 3509//3509
f 3511//3511 3505//3505 3509//3509
f 3512//3512 3508//3508 3505//3505
f 3513//3513 3512//3512 3505//3505
f 3511//3511 3514//3514 3515//3515
f 3510//3510 3514//3514 3511//3511
f 3515//3515 3514//3514 3516//3516
f 3513//3513 3511//3511 3515//3515
f 3511//3511 3513//3513 3505//3505
f 3514//3514 3510//3510 3517//3517
f 3517//3517 3518//3518 3516//3516
f 3516//3516 3518//3518 3521//3521
f 3518//3518 3519//3519 3521//3521
f 3521//3521 3519//3519 3520//3520
f 3517//3517 3516//3516 3514//3514
f 3522//3522 3523//3523 3524//3524
f 3522//3522 3525//3525 3523//3523
f 3524//3524 3526//3526 3522//3522
f 3529//3529 3527//3527 3528//3528
f 3527//3527 3524//3524 3528//3528
f 3527//3527 3526//3526 3524//3524
f 3530//3530 3524//3524 3523//3523
f 3532//3532 3530//3530 3531//3531
f 3533//3533 3534//3534 3532//3532
f 3535//3535 3536//3536 3537//3537
f 3530//3530 3532//3532 3534//3534
f 3538//3538 3539//3539 3534//3534
f 3533//3533 3538//3538 3534//3534
f 3540//3540 3535//3535 3541//3541
f 3534//3534 3524//3524 3530//3530
f 3542//3542 3543//3543 3529//3529
f 3527//3527 3529//3529 3543//3543
f 3538//3538 3544//3544 3545//3545
f 3547//3547 3546//3546 3542//3542
f 3547//3547 3544//3544 3546//3546
f 3548//3548 3546//3546 3544//3544
f 3545//3545 3544//3544 3547//3547
f 3543//3543 3542//3542 3546//3546
f 3546//3546 3548//3548 3549//3549
f 3553//3553 3552//3552 3554//3554
f 3555//3555 3556//3556 3557//3557
f 3558//3558 3555//3555 3559//3559
f 3553//3553 3549//3549 3552//3552
f 3560//3560 3535//3535 3561//3561
f 3546//3546 3549//3549 3553//3553
f 3545//3545 3539//3539 3538//3538
f 3555//3555 3560//3560 3556//3556
f 3536//3536 3564//3564 3565//3565
f 3536//3536 3562//3562 3563//3563
f 3564//3564 3536//3536 3563//3563
f 3566//3566 3537//3537 3536//3536
f 3565//3565 3567//3567 3536//3536
f 3566//3566 3508//3508 3515//3515
f 3567//3567 3566//3566 3536//3536
f 3512//3512 3513//3513 3508//3508
f 3513//3513 3515//3515 3508//3508
f 3515//3515 3516//3516 3566//3566
f 3516//3516 3568//3568 3566//3566
f 3537//3537 3566//3566 3569//3569
f 3570//3570 3568//3568 3516//3516
f 3568//3568 3569//3569 3566//3566
f 3535//3535 3540//3540 3571//3571
f 3550//3550 3535//3535 3571//3571
f 3521//3521 3550//3550 3570//3570
f 3516//3516 3521//3521 3570//3570
f 3550//3550 3521//3521 3572//3572
f 3550//3550 3572//3572 3551//3551
f 3561//3561 3535//3535 3551//3551
f 3556//3556 3560//3560 3561//3561
f 3573//3573 3574//3574 3575//3575
f 3576//3576 3574//3574 3577//3577
f 3557//3557 3556//3556 3573//3573
f 3550//3550 3551//3551 3535//3535
f 3537//3537 3541//3541 3535//3535
f 3578//3578 3554//3554 3558//3558
f 3546//3546 3579//3579 3580//3580
f 3581//3581 3554//3554 3582//3582
f 3581//3581 3553//3553 3554//3554
f 3583//3583 3546//3546 3580//3580
f 3584//3584 3585//3585 3581//3581
f 3583//3583 3586//3586 3587//3587
f 3582//3582 3554//3554 3578//3578
f 3558//3558 3559//3559 3588//3588
f 3585//3585 3584//3584 3589//3589
f 3573//3573 3590//3590 3557//3557
f 3591//3591 3589//3589 3557//3557
f 3584//3584 3581//3581 3582//3582
f 3591//3591 3585//3585 3589//3589
f 3578//3578 3558//3558 3588//3588
f 3586//3586 3592//3592 3587//3587
f 3592//3592 3593//3593 3594//3594
f 3597//3597 3596//3596 3598//3598
f 3595//3595 3596//3596 3594//3594
f 3598//3598 3596//3596 3599//3599
f 3592//3592 3586//3586 3593//3593
f 3557//3557 3600//3600 3591//3591
f 3594//3594 3593//3593 3595//3595
f 3598//3598 3599//3599 3600//3600
f 3599//3599 3596//3596 3595//3595
f 3600//3600 3557//3557 3601//3601
f 3546//3546 3583//3583 3587//3587
f 3598//3598 3600//3600 3602//3602
f 3577//3577 3603//3603 3576//3576
f 3604//3604 3605//3605 3606//3606
f 3574//3574 3576//3576 3608//3608
f 3606//3606 3576//3576 3609//3609
f 3559//3559 3555//3555 3557//3557
f 3604//3604 3610//3610 3605//3605
f 3608//3608 3575//3575 3574//3574
f 3611//3611 3612//3612 3577//3577
f 3603//3603 3577//3577 3612//3612
f 3609//3609 3576//3576 3603//3603
f 3609//3609 3607//3607 3606//3606
f 3607//3607 3604//3604 3606//3606
f 3604//3604 3613//3613 3610//3610
f 3614//3614 3615//3615 3610//3610
f 3614//3614 3610//3610 3613//3613
f 3575//3575 3590//3590 3573//3573
f 3618//3618 3619//3619 3620//3620
f 3619//3619 3621//3621 3601//3601
f 3557//3557 3590//3590 3601//3601
f 3616//3616 3620//3620 3615//3615
f 3616//3616 3618//3618 3620//3620
f 3616//3616 3615//3615 3617//3617
f 3615//3615 3614//3614 3617//3617
f 3622//3622 3602//3602 3621//3621
f 3619//3619 3618//3618 3621//3621
f 3621//3621 3602//3602 3601//3601
f 3601//3601 3602//3602 3600//3600
f 3553//3553 3579//3579 3546//3546
f 3624//3624 3572//3572 3521//3521
f 3520//3520 3624//3624 3521//3521
f 3624//3624 3551//3551 3572//3572
f 3623//3623 3551//3551 3624//3624
f 3551//3551 3623//3623 3561//3561
f 3625//3625 3624//3624 3520//3520
f 3625//3625 3626//3626 3624//3624
f 3624//3624 3626//3626 3623//3623
f 3623//3623 3626//3626 3627//3627
f 3627//3627 3561//3561 3623//3623
f 3574//3574 3573//3573 3628//3628
f 3561//3561 3627//3627 3629//3629
f 3561//3561 3629//3629 3556//3556
f 3628//3628 3573//3573 3629//3629
f 3556//3556 3629//3629 3573//3573
f 3630//3630 3613//3613 3604//3604
f 3631//3631 3613//3613 3630//3630
f 3630//3630 3604//3604 3607//3607
f 3609//3609 3632//3632 3607//3607
f 3632//3632 3630//3630 3607//3607
f 3609//3609 3633//3633 3632//3632
f 3634//3634 3631//3631 3630//3630
f 3635//3635 3634//3634 3630//3630
f 3632//3632 3633//3633 3636//3636
f 3636//3636 3633//3633 3637//3637
f 3635//3635 3632//3632 3636//3636
f 3632//3632 3635//3635 3630//3630
f 3633//3633 3609//3609 3603//3603
f 3603//3603 3612//3612 3637//3637
f 3637//3637 3612//3612 3638//3638
f 3638//3638 3612//3612 3639//3639
f 3612//3612 3611//3611 3639//3639
f 3611//3611 3640//3640 3639//3639
f 3640//3640 3611//3611 3577//3577
f 3603//3603 3637//3637 3633//3633
f 3641//3641 3614//3614 3613//3613
f 3641//3641 3613//3613 3631//3631
f 3628//3628 3640//3640 3577//3577
f 3628//3628 3577//3577 3574//3574
f 3642//3642 3643//3643 3644//3644
f 3642//3642 3645//3645 3643//3643
f 3642//3642 3644//3644 3646//3646
f 3649//3649 3648//3648 3647//3647
f 3648//3648 3643//3643 3645//3645
f 3647//3647 3648//3648 3645//3645
f 3650//3650 3644//3644 3643//3643
f 3652//3652 3651//3651 3650//3650
f 3653//3653 3652//3652 3643//3643
f 3654//3654 3655//3655 3656//3656
f 3650//3650 3643//3643 3652//3652
f 3653//3653 3658//3658 3657//3657
f 3658//3658 3660//3660 3657//3657
f 3643//3643 3658//3658 3653//3653
f 3654//3654 3659//3659 3655//3655
f 3661//3661 3649//3649 3662//3662
f 3647//3647 3662//3662 3649//3649
f 3662//3662 3663//3663 3661//3661
f 3657//3657 3664//3664 3665//3665
f 3664//3664 3663//3663 3666//3666
f 3664//3664 3666//3666 3665//3665
f 3667//3667 3665//3665 3666//3666
f 3662//3662 3666//3666 3663//3663
f 3666//3666 3668//3668 3667//3667
f 3669//3669 3670//3670 3654//3654
f 3671//3671 3659//3659 3654//3654
f 3668//3668 3672//3672 3673//3673
f 3674//3674 3675//3675 3629//3629
f 3677//3677 3627//3627 3669//3669
f 3666//3666 3672//3672 3668//3668
f 3664//3664 3657//3657 3660//3660
f 3674//3674 3629//3629 3677//3677
f 3678//3678 3656//3656 3679//3679
f 3655//3655 3680//3680 3656//3656
f 3656//3656 3681//3681 3679//3679
f 3682//3682 3656//3656 3680//3680
f 3681//3681 3656//3656 3683//3683
f 3682//3682 3510//3510 3506//3506
f 3683//3683 3656//3656 3682//3682
f 3507//3507 3506//3506 3509//3509
f 3509//3509 3506//3506 3510//3510
f 3510//3510 3682//3682 3517//3517
f 3517//3517 3682//3682 3684//3684
f 3517//3517 3684//3684 3518//3518
f 3684//3684 3682//3682 3685//3685
f 3680//3680 3685//3685 3682//3682
f 3654//3654 3670//3670 3671//3671
f 3519//3519 3684//3684 3686//3686
f 3518//3518 3684//3684 3519//3519
f 3520//3520 3686//3686 3670//3670
f 3686//3686 3520//3520 3519//3519
f 3670//3670 3625//3625 3520//3520
f 3670//3670 3626//3626 3625//3625
f 3670//3670 3627//3627 3626//3626
f 3629//3629 3627//3627 3677//3677
f 3688//3688 3640//3640 3628//3628
f 3675//3675 3628//3628 3629//3629
f 3670//3670 3669//3669 3627//3627
f 3689//3689 3674//3674 3673//3673
f 3666//3666 3691//3691 3690//3690
f 3692//3692 3693//3693 3673//3673
f 3692//3692 3673//3673 3672//3672
f 3694//3694 3691//3691 3666//3666
f 3694//3694 3696//3696 3697//3697
f 3693//3693 3698//3698 3673//3673
f 3674//3674 3699//3699 3676//3676
f 3698//3698 3689//3689 3673//3673
f 3692//3692 3700//3700 3695//3695
f 3628//3628 3675//3675 3701//3701
f 3702//3702 3675//3675 3700//3700
f 3695//3695 3693//3693 3692//3692
f 3702//3702 3700//3700 3692//3692
f 3689//3689 3699//3699 3674//3674
f 3697//3697 3696//3696 3703//3703
f 3704//3704 3705//3705 3697//3697
f 3704//3704 3697//3697 3703//3703
f 3708//3708 3709//3709 3707//3707
f 3706//3706 3705//3705 3707//3707
f 3709//3709 3710//3710 3707//3707
f 3705//3705 3706//3706 3697//3697
f 3709//3709 3711//3711 3710//3710
f 3710//3710 3706//3706 3707//3707
f 3711//3711 3712//3712 3702//3702
f 3702//3702 3712//3712 3675//3675
f 3666//3666 3696//3696 3694//3694
f 3709//3709 3713//3713 3711//3711
f 3640//3640 3688//3688 3637//3637
f 3634//3634 3714//3714 3715//3715
f 3628//3628 3716//3716 3688//3688
f 3714//3714 3636//3636 3688//3688
f 3687//3687 3716//3716 3628//3628
f 3676//3676 3675//3675 3674//3674
f 3639//3639 3640//3640 3638//3638
f 3637//3637 3638//3638 3640//3640
f 3636//3636 3637//3637 3688//3688
f 3636//3636 3714//3714 3635//3635
f 3635//3635 3714//3714 3634//3634
f 3634//3634 3715//3715 3631//3631
f 3641//3641 3631//3631 3715//3715
f 3641//3641 3715//3715 3717//3717
f 3687//3687 3628//3628 3701//3701
f 3720//3720 3717//3717 3719//3719
f 3722//3722 3712//3712 3723//3723
f 3675//3675 3712//3712 3701//3701
f 3718//3718 3719//3719 3722//3722
f 3718//3718 3722//3722 3721//3721
f 3718//3718 3720//3720 3719//3719
f 3717//3717 3720//3720 3641//3641
f 3724//3724 3723//3723 3713//3713
f 3722//3722 3723//3723 3721//3721
f 3723//3723 3712//3712 3713//3713
f 3712//3712 3711//3711 3713//3713
f 3672//3672 3666//3666 3690//3690
f 3564//3564 3563//3563 3679//3679
f 3565//3565 3564//3564 3679//3679
f 3563//3563 3678//3678 3679//3679
f 3562//3562 3678//3678 3563//3563
f 3565//3565 3683//3683 3567//3567
f 3681//3681 3683//3683 3565//3565
f 3681//3681 3565//3565 3679//3679
f 3678//3678 3562//3562 3656//3656
f 3562//3562 3536//3536 3656//3656
f 3622//3622 3725//3725 3602//3602
f 3713//3713 3602//3602 3725//3725
f 3621//3621 3726//3726 3622//3622
f 3726//3726 3725//3725 3622//3622
f 3621//3621 3727//3727 3726//3726
f 3713//3713 3725//3725 3724//3724
f 3726//3726 3727//3727 3723//3723
f 3723//3723 3727//3727 3721//3721
f 3724//3724 3726//3726 3723//3723
f 3726//3726 3724//3724 3725//3725
f 3727//3727 3621//3621 3618//3618
f 3618//3618 3721//3721 3727//3727
f 3618//3618 3616//3616 3721//3721
f 3721//3721 3616//3616 3718//3718
f 3718//3718 3616//3616 3720//3720
f 3616//3616 3617//3617 3720//3720
f 3617//3617 3641//3641 3720//3720
f 3641//3641 3617//3617 3614//3614
f 3713//3713 3709//3709 3598//3598
f 3713//3713 3598//3598 3602//3602
f 3592//3592 3728//3728 3587//3587
f 3696//3696 3587//3587 3728//3728
f 3594//3594 3729//3729 3592//3592
f 3729//3729 3728//3728 3592//3592
f 3594//3594 3730//3730 3729//3729
f 3703//3703 3696//3696 3728//3728
f 3704//3704 3703//3703 3728//3728
f 3729//3729 3730//3730 3705//3705
f 3705//3705 3730//3730 3707//3707
f 3704//3704 3729//3729 3705//3705
f 3729//3729 3704//3704 3728//3728
f 3730//3730 3594//3594 3596//3596
f 3596//3596 3597//3597 3707//3707
f 3598//3598 3731//3731 3597//3597
f 3707//3707 3597//3597 3708//3708
f 3709//3709 3708//3708 3731//3731
f 3597//3597 3731//3731 3708//3708
f 3709//3709 3731//3731 3598//3598
f 3596//3596 3707//3707 3730//3730
f 3666//3666 3546//3546 3587//3587
f 3666//3666 3587//3587 3696//3696
f 3662//3662 3732//3732 3666//3666
f 3546//3546 3666//3666 3732//3732
f 3647//3647 3733//3733 3662//3662
f 3733//3733 3732//3732 3662//3662
f 3647//3647 3526//3526 3733//3733
f 3546//3546 3732//3732 3543//3543
f 3733//3733 3526//3526 3527//3527
f 3543//3543 3733//3733 3527//3527
f 3733//3733 3543//3543 3732//3732
f 3526//3526 3647//3647 3645//3645
f 3645//3645 3522//3522 3526//3526
f 3645//3645 3642//3642 3522//3522
f 3644//3644 3525//3525 3646//3646
f 3522//3522 3642//3642 3525//3525
f 3523//3523 3525//3525 3644//3644
f 3525//3525 3642//3642 3646//3646
f 3644//3644 3650//3650 3530//3530
f 3644//3644 3530//3530 3523//3523
f 3652//3652 3734//3734 3532//3532
f 3735//3735 3652//3652 3532//3532
f 3734//3734 3538//3538 3533//3533
f 3532//3532 3734//3734 3533//3533
f 3734//3734 3653//3653 3657//3657
f 3538//3538 3734//3734 3657//3657
f 3734//3734 3652//3652 3653//3653
f 3735//3735 3532//3532 3531//3531
f 3530//3530 3735//3735 3531//3531
f 3651//3651 3652//3652 3735//3735
f 3651//3651 3735//3735 3650//3650
f 3650//3650 3735//3735 3530//3530
f 3668//3668 3549//3549 3736//3736
f 3737//3737 3549//3549 3668//3668
f 3736//3736 3548//3548 3544//3544
f 3549//3549 3548//3548 3736//3736
f 3736//3736 3665//3665 3667//3667
f 3544//3544 3665//3665 3736//3736
f 3736//3736 3667//3667 3668//3668
f 3737//3737 3552//3552 3549//3549
f 3554//3554 3552//3552 3737//3737
f 3668//3668 3673//3673 3737//3737
f 3673//3673 3554//3554 3737//3737
f 3657//3657 3665//3665 3544//3544
f 3657//3657 3544//3544 3538//3538
f 3677//3677 3560//3560 3555//3555
f 3669//3669 3560//3560 3677//3677
f 3674//3674 3555//3555 3558//3558
f 3555//3555 3674//3674 3677//3677
f 3669//3669 3654//3654 3535//3535
f 3535//3535 3560//3560 3669//3669
f 3673//3673 3674//3674 3558//3558
f 3673//3673 3558//3558 3554//3554
f 3654//3654 3536//3536 3535//3535
f 3654//3654 3656//3656 3536//3536
f 3524//3524 3643//3643 3648//3648
f 3524//3524 3648//3648 3528//3528
f 3528//3528 3649//3649 3529//3529
f 3542//3542 3661//3661 3663//3663
f 3529//3529 3649//3649 3661//3661
f 3529//3529 3661//3661 3542//3542
f 3528//3528 3648//3648 3649//3649
f 3663//3663 3664//3664 3547//3547
f 3663//3663 3547//3547 3542//3542
f 3547//3547 3664//3664 3545//3545
f 3545//3545 3664//3664 3660//3660
f 3545//3545 3660//3660 3539//3539
f 3539//3539 3658//3658 3534//3534
f 3534//3534 3643//3643 3524//3524
f 3534//3534 3658//3658 3643//3643
f 3539//3539 3660//3660 3658//3658
f 3537//3537 3680//3680 3655//3655
f 3537//3537 3655//3655 3541//3541
f 3541//3541 3659//3659 3540//3540
f 3571//3571 3540//3540 3671//3671
f 3571//3571 3671//3671 3670//3670
f 3540//3540 3659//3659 3671//3671
f 3541//3541 3655//3655 3659//3659
f 3571//3571 3670//3670 3550//3550
f 3550//3550 3670//3670 3686//3686
f 3570//3570 3550//3550 3686//3686
f 3570//3570 3686//3686 3684//3684
f 3568//3568 3684//3684 3685//3685
f 3568//3568 3685//3685 3569//3569
f 3569//3569 3680//3680 3537//3537
f 3569//3569 3685//3685 3680//3680
f 3570//3570 3684//3684 3568//3568
f 3578//3578 3689//3689 3698//3698
f 3578//3578 3698//3698 3582//3582
f 3582//3582 3693//3693 3695//3695
f 3582//3582 3695//3695 3584//3584
f 3584//3584 3695//3695 3700//3700
f 3584//3584 3700//3700 3589//3589
f 3582//3582 3698//3698 3693//3693
f 3589//3589 3700//3700 3675//3675
f 3589//3589 3675//3675 3557//3557
f 3557//3557 3675//3675 3676//3676
f 3557//3557 3676//3676 3559//3559
f 3559//3559 3676//3676 3699//3699
f 3559//3559 3699//3699 3588//3588
f 3588//3588 3699//3699 3689//3689
f 3588//3588 3689//3689 3578//3578
f 3738//3738 3605//3605 3610//3610
f 3606//3606 3605//3605 3739//3739
f 3739//3739 3605//3605 3738//3738
f 3738//3738 3610//3610 3715//3715
f 3739//3739 3714//3714 3740//3740
f 3606//3606 3739//3739 3740//3740
f 3739//3739 3715//3715 3714//3714
f 3714//3714 3688//3688 3740//3740
f 3738//3738 3715//3715 3739//3739
f 3740//3740 3576//3576 3606//3606
f 3608//3608 3576//3576 3688//3688
f 3688//3688 3716//3716 3608//3608
f 3575//3575 3716//3716 3687//3687
f 3608//3608 3716//3716 3575//3575
f 3576//3576 3740//3740 3688//3688
f 3717//3717 3715//3715 3610//3610
f 3717//3717 3610//3610 3615//3615
f 3741//3741 3601//3601 3590//3590
f 3742//3742 3601//3601 3741//3741
f 3741//3741 3590//3590 3701//3701
f 3741//3741 3701//3701 3712//3712
f 3742//3742 3712//3712 3743//3743
f 3601//3601 3742//3742 3743//3743
f 3712//3712 3722//3722 3743//3743
f 3741//3741 3712//3712 3742//3742
f 3743//3743 3619//3619 3601//3601
f 3620//3620 3619//3619 3722//3722
f 3722//3722 3719//3719 3620//3620
f 3615//3615 3719//3719 3717//3717
f 3620//3620 3719//3719 3615//3615
f 3619//3619 3743//3743 3722//3722
f 3687//3687 3590//3590 3575//3575
f 3687//3687 3701//3701 3590//3590
f 3744//3744 3581//3581 3585//3585
f 3553//3553 3581//3581 3745//3745
f 3745//3745 3581//3581 3744//3744
f 3744//3744 3585//3585 3692//3692
f 3745//3745 3672//3672 3746//3746
f 3553//3553 3745//3745 3746//3746
f 3745//3745 3692//3692 3672//3672
f 3672//3672 3690//3690 3746//3746
f 3744//3744 3692//3692 3745//3745
f 3746//3746 3579//3579 3553//3553
f 3579//3579 3746//3746 3690//3690
f 3580//3580 3579//3579 3690//3690
f 3583//3583 3580//3580 3694//3694
f 3690//3690 3691//3691 3580//3580
f 3580//3580 3691//3691 3694//3694
f 3702//3702 3692//3692 3585//3585
f 3702//3702 3585//3585 3591//3591
f 3747//3747 3593//3593 3586//3586
f 3595//3595 3593//3593 3748//3748
f 3748//3748 3593//3593 3747//3747
f 3747//3747 3586//3586 3697//3697
f 3748//3748 3706//3706 3710//3710
f 3595//3595 3748//3748 3710//3710
f 3748//3748 3697//3697 3706//3706
f 3747//3747 3697//3697 3748//3748
f 3710//3710 3599//3599 3595//3595
f 3599//3599 3710//3710 3711//3711
f 3600//3600 3599//3599 3711//3711
f 3591//3591 3600//3600 3702//3702
f 3711//3711 3702//3702 3600//3600
f 3694//3694 3697//3697 3586//3586
f 3694//3694 3586//3586 3583//3583
f 3682//3682 3506//3506 3508//3508
f 3682//3682 3508//3508 3566//3566
f 3683//3683 3682//3682 3567//3567
f 3566//3566 3567//3567 3682//3682
f 3751//3751 3750//3750 3749//3749
f 3752//3752 3750//3750 3751//3751
f 3754//3754 3750//3750 3753//3753
f 3755//3755 3750//3750 3754//3754
f 3756//3756 3750//3750 3755//3755
f 3757//3757 3750//3750 3756//3756
f 3758//3758 3750//3750 3757//3757
f 3759//3759 3750//3750 3758//3758
f 3760//3760 3750//3750 3759//3759
f 3761//3761 3750//3750 3760//3760
f 3762//3762 3750//3750 3761//3761
f 3763//3763 3750//3750 3762//3762
f 3749//3749 3750//3750 3764//3764
f 3750//3750 3765//3765 3753//3753
f 3752//3752 3765//3765 3750//3750
f 3763//3763 3764//3764 3750//3750
f 3756//3756 3766//3766 3767//3767
f 3756//3756 3767//3767 3757//3757
f 3757//3757 3767//3767 3768//3768
f 3757//3757 3768//3768 3758//3758
f 3769//3769 3760//3760 3759//3759
f 3761//3761 3770//3770 3771//3771
f 3761//3761 3771//3771 3762//3762
f 3760//3760 3769//3769 3770//3770
f 3760//3760 3770//3770 3761//3761
f 3768//3768 3759//3759 3758//3758
f 3769//3769 3759//3759 3768//3768
f 3772//3772 3763//3763 3762//3762
f 3772//3772 3762//3762 3771//3771
f 3772//3772 3764//3764 3763//3763
f 3773//3773 3749//3749 3764//3764
f 3751//3751 3774//3774 3775//3775
f 3751//3751 3775//3775 3752//3752
f 3749//3749 3773//3773 3774//3774
f 3749//3749 3774//3774 3751//3751
f 3776//3776 3753//3753 3765//3765
f 3754//3754 3777//3777 3778//3778
f 3754//3754 3778//3778 3755//3755
f 3777//3777 3754//3754 3753//3753
f 3752//3752 3775//3775 3776//3776
f 3752//3752 3776//3776 3765//3765
f 3753//3753 3776//3776 3777//3777
f 3766//3766 3756//3756 3755//3755
f 3766//3766 3755//3755 3778//3778
f 3772//3772 3773//3773 3764//3764
f 3779//3779 3780//3780 3781//3781
f 3782//3782 3780//3780 3779//3779
f 3783//3783 3780//3780 3782//3782
f 3786//3786 3780//3780 3785//3785
f 3787//3787 3780//3780 3786//3786
f 3788//3788 3780//3780 3787//3787
f 3789//3789 3780//3780 3788//3788
f 3791//3791 3780//3780 3790//3790
f 3792//3792 3780//3780 3791//3791
f 3781//3781 3780//3780 3792//3792
f 3780//3780 3793//3793 3784//3784
f 3780//3780 3794//3794 3785//3785
f 3784//3784 3794//3794 3780//3780
f 3783//3783 3793//3793 3780//3780
f 3789//3789 3795//3795 3780//3780
f 3790//3790 3780//3780 3795//3795
f 3786//3786 3796//3796 3797//3797
f 3786//3786 3797//3797 3787//3787
f 3787//3787 3797//3797 3798//3798
f 3787//3787 3798//3798 3788//3788
f 3799//3799 3795//3795 3789//3789
f 3790//3790 3800//3800 3801//3801
f 3790//3790 3801//3801 3791//3791
f 3795//3795 3799//3799 3800//3800
f 3795//3795 3800//3800 3790//3790
f 3798//3798 3789//3789 3788//3788
f 3799//3799 3789//3789 3798//3798
f 3802//3802 3792//3792 3791//3791
f 3802//3802 3791//3791 3801//3801
f 3802//3802 3781//3781 3792//3792
f 3803//3803 3779//3779 3781//3781
f 3782//3782 3804//3804 3805//3805
f 3782//3782 3805//3805 3783//3783
f 3779//3779 3803//3803 3804//3804
f 3779//3779 3804//3804 3782//3782
f 3806//3806 3784//3784 3793//3793
f 3794//3794 3807//3807 3808//3808
f 3794//3794 3808//3808 3785//3785
f 3807//3807 3794//3794 3784//3784
f 3783//3783 3805//3805 3806//3806
f 3783//3783 3806//3806 3793//3793
f 3784//3784 3806//3806 3807//3807
f 3796//3796 3786//3786 3785//3785
f 3796//3796 3785//3785 3808//3808
f 3802//3802 3803//3803 3781//3781
f 3809//3809 3810//3810 3811//3811
f 3812//3812 3810//3810 3809//3809
f 3813//3813 3810//3810 3812//3812
f 3814//3814 3810//3810 3813//3813
f 3815//3815 3810//3810 3814//3814
f 3817//3817 3810//3810 3816//3816
f 3818//3818 3810//3810 3817//3817
f 3819//3819 3810//3810 3818//3818
f 3820//3820 3810//3810 3819//3819
f 3821//3821 3810//3810 3820//3820
f 3822//3822 3810//3810 3821//3821
f 3823//3823 3810//3810 3822//3822
f 3824//3824 3810//3810 3823//3823
f 3811//3811 3810//3810 3824//3824
f 3810//3810 3825//3825 3816//3816
f 3815//3815 3825//3825 3810//3810
f 3817//3817 3826//3826 3827//3827
f 3817//3817 3827//3827 3818//3818
f 3818//3818 3827//3827 3828//3828
f 3818//3818 3828//3828 3819//3819
f 3829//3829 3821//3821 3820//3820
f 3822//3822 3830//3830 3831//3831
f 3822//3822 3831//3831 3823//3823
f 3821//3821 3829//3829 3830//3830
f 3821//3821 3830//3830 3822//3822
f 3828//3828 3820//3820 3819//3819
f 3829//3829 3820//3820 3828//3828
f 3832//3832 3824//3824 3823//3823
f 3832//3832 3823//3823 3831//3831
f 3832//3832 3811//3811 3824//3824
f 3833//3833 3809//3809 3811//3811
f 3812//3812 3834//3834 3835//3835
f 3812//3812 3835//3835 3813//3813
f 3809//3809 3833//3833 3834//3834
f 3809//3809 3834//3834 3812//3812
f 3836//3836 3815//3815 3814//3814
f 3825//3825 3837//3837 3838//3838
f 3825//3825 3838//3838 3816//3816
f 3837//3837 3825//3825 3815//3815
f 3813//3813 3835//3835 3836//3836
f 3813//3813 3836//3836 3814//3814
f 3815//3815 3836//3836 3837//3837
f 3826//3826 3817//3817 3816//3816
f 3826//3826 3816//3816 3838//3838
f 3832//3832 3833//3833 3811//3811
f 3839//3839 3840//3840 3841//3841
f 3842//3842 3840//3840 3839//3839
f 3843//3843 3840//3840 3842//3842
f 3844//3844 3840//3840 3843//3843
f 3846//3846 3840//3840 3845//3845
f 3847//3847 3840//3840 3846//3846
f 3848//3848 3840//3840 3847//3847
f 3849//3849 3840//3840 3848//3848
f 3850//3850 3840//3840 3849//3849
f 3851//3851 3840//3840 3850//3850
f 3852//3852 3840//3840 3851//3851
f 3853//3853 3840//3840 3852//3852
f 3854//3854 3840//3840 3853//3853
f 3841//3841 3840//3840 3854//3854
f 3844//3844 3855//3855 3840//3840
f 3840//3840 3855//3855 3845//3845
f 3847//3847 3856//3856 3857//3857
f 3847//3847 3857//3857 3848//3848
f 3848//3848 3857//3857 3858//3858
f 3848//3848 3858//3858 3849//3849
f 3859//3859 3851//3851 3850//3850
f 3852//3852 3860//3860 3861//3861
f 3852//3852 3861//3861 3853//3853
f 3851//3851 3859//3859 3860//3860
f 3851//3851 3860//3860 3852//3852
f 3858//3858 3850//3850 3849//3849
f 3859//3859 3850//3850 3858//3858
f 3862//3862 3854//3854 3853//3853
f 3862//3862 3853//3853 3861//3861
f 3862//3862 3841//3841 3854//3854
f 3863//3863 3839//3839 3841//3841
f 3842//3842 3864//3864 3865//3865
f 3842//3842 3865//3865 3843//3843
f 3839//3839 3863//3863 3864//3864
f 3839//3839 3864//3864 3842//3842
f 3866//3866 3855//3855 3844//3844
f 3845//3845 3867//3867 3868//3868
f 3845//3845 3868//3868 3846//3846
f 3867//3867 3845//3845 3855//3855
f 3843//3843 3865//3865 3866//3866
f 3843//3843 3866//3866 3844//3844
f 3855//3855 3866//3866 3867//3867
f 3856//3856 3847//3847 3846//3846
f 3856//3856 3846//3846 3868//3868
f 3862//3862 3863//3863 3841//3841
f 3869//3869 3870//3870 3871//3871
f 3869//3869 3871//3871 3872//3872
f 3873//3873 3869//3869 3872//3872
f 3873//3873 3872//3872 3874//3874
f 3875//3875 3873//3873 3874//3874
f 3875//3875 3874//3874 3876//3876
f 3870//3870 3875//3875 3876//3876
f 3870//3870 3876//3876 3871//3871
f 3869//3869 3873//3873 3875//3875
f 3869//3869 3875//3875 3870//3870
f 3877//3877 3878//3878 3879//3879
f 3877//3877 3879//3879 3880//3880
f 3881//3881 3882//3882 3878//3878
f 3881//3881 3878//3878 3877//3877
f 3883//3883 3884//3884 3882//3882
f 3883//3883 3882//3882 3881//3881
f 3880//3880 3879//3879 3884//3884
f 3880//3880 3884//3884 3883//3883
f 3874//3874 3877//3877 3876//3876
f 3880//3880 3876//3876 3877//3877
f 3874//3874 3872//3872 3883//3883
f 3874//3874 3883//3883 3881//3881
f 3877//3877 3874//3874 3881//3881
f 3880//3880 3883//3883 3872//3872
f 3880//3880 3872//3872 3871//3871
f 3876//3876 3880//3880 3871//3871
f 3801//3801 3800//3800 3878//3878
f 3799//3799 3878//3878 3800//3800
f 3802//3802 3801//3801 3878//3878
f 3878//3878 3803//3803 3802//3802
f 3831//3831 3804//3804 3878//3878
f 3878//3878 3804//3804 3803//3803
f 3805//3805 3804//3804 3830//3830
f 3799//3799 3798//3798 3770//3770
f 3771//3771 3798//3798 3797//3797
f 3806//3806 3829//3829 3860//3860
f 3807//3807 3774//3774 3808//3808
f 3806//3806 3775//3775 3807//3807
f 3796//3796 3772//3772 3797//3797
f 3879//3879 3878//3878 3799//3799
f 3830//3830 3806//3806 3805//3805
f 3882//3882 3832//3832 3831//3831
f 3878//3878 3882//3882 3831//3831
f 3834//3834 3833//3833 3882//3882
f 3832//3832 3882//3882 3833//3833
f 3882//3882 3835//3835 3834//3834
f 3836//3836 3835//3835 3882//3882
f 3830//3830 3804//3804 3831//3831
f 3829//3829 3828//3828 3860//3860
f 3828//3828 3827//3827 3861//3861
f 3884//3884 3836//3836 3882//3882
f 3863//3863 3826//3826 3838//3838
f 3864//3864 3838//3838 3837//3837
f 3862//3862 3827//3827 3826//3826
f 3829//3829 3806//3806 3830//3830
f 3837//3837 3836//3836 3865//3865
f 3773//3773 3796//3796 3808//3808
f 3797//3797 3772//3772 3771//3771
f 3798//3798 3771//3771 3770//3770
f 3775//3775 3774//3774 3807//3807
f 3860//3860 3776//3776 3775//3775
f 3775//3775 3806//3806 3860//3860
f 3796//3796 3773//3773 3772//3772
f 3768//3768 3879//3879 3769//3769
f 3799//3799 3770//3770 3769//3769
f 3767//3767 3879//3879 3768//3768
f 3879//3879 3766//3766 3778//3778
f 3766//3766 3879//3879 3767//3767
f 3778//3778 3777//3777 3857//3857
f 3857//3857 3879//3879 3778//3778
f 3769//3769 3879//3879 3799//3799
f 3858//3858 3777//3777 3776//3776
f 3860//3860 3828//3828 3861//3861
f 3776//3776 3860//3860 3859//3859
f 3862//3862 3826//3826 3863//3863
f 3837//3837 3865//3865 3864//3864
f 3838//3838 3864//3864 3863//3863
f 3861//3861 3827//3827 3862//3862
f 3857//3857 3777//3777 3858//3858
f 3884//3884 3857//3857 3856//3856
f 3884//3884 3867//3867 3866//3866
f 3867//3867 3884//3884 3868//3868
f 3856//3856 3868//3868 3884//3884
f 3866//3866 3836//3836 3884//3884
f 3857//3857 3884//3884 3879//3879
f 3858//3858 3776//3776 3859//3859
f 3865//3865 3836//3836 3866//3866
f 3774//3774 3773//3773 3808//3808
