# Created by Open3D 
# object name: InfoWheels Framing+Structure
# number of vertices: 13086
# number of triangles: 4284
v -5.82455 -71.1302 49.2074
vn 0.980745 -0.195292 0
v -5.825 -71.1325 23.6579
vn 0.980745 -0.195292 0
v -5.825 -71.1325 -12.8415
vn 0.980745 -0.195292 0
v -5.82575 -71.1363 -38.391
vn 0.980745 -0.195292 0
v -5.77572 -71.0863 49.2074
vn 0.195336 -0.980736 0
v -5.77949 -71.0871 23.6579
vn 0.195336 -0.980736 0
v -5.77572 -71.0863 -38.391
vn 0.195336 -0.980736 0
v -5.77949 -71.0871 -12.8415
vn 0.195336 -0.980736 0
v -5.62287 -71.0863 49.2074
vn -0.195336 -0.980736 0
v -5.6191 -71.0871 23.6579
vn -0.195336 -0.980736 0
v -5.6191 -71.0871 -12.8415
vn -0.195336 -0.980736 0
v -5.62287 -71.0863 -38.391
vn -0.195336 -0.980736 0
v -5.57134 -71.1438 34.6077
vn -0.980745 -0.195292 0
v -5.57584 -71.1212 27.3078
vn -0.980745 -0.195292 0
v -5.57584 -71.1212 -16.4914
vn -0.980745 -0.195292 0
v -5.57134 -71.1438 -23.7913
vn -0.980745 -0.195292 0
v -5.57134 -71.1438 49.2074
vn -1 0 0
v -5.57134 -73.132 49.2074
vn -1 0 0
v -5.57134 -73.132 -38.391
vn -1 0 0
v -5.57134 -71.1438 -38.391
vn -1 0 0
v -5.47292 -73.132 49.2074
vn 1 0 0
v -5.47292 -71.0848 -38.391
vn 1 0 0
v -5.47292 -71.0848 49.2074
vn 1 0 0
v -5.47292 -73.132 -38.391
vn 1 0 0
v -5.57596 -70.9697 49.2074
vn 0.195336 0.980736 0
v -5.56843 -70.9712 23.6579
vn 0.195336 0.980736 0
v -5.56843 -70.9712 -12.8415
vn 0.195336 0.980736 0
v -5.56391 -70.9721 -38.391
vn 0.195336 0.980736 0
v -5.47741 -71.0622 23.6579
vn 0.980793 0.195052 0
v -5.47831 -71.0577 49.2074
vn 0.980793 0.195052 0
v -5.47741 -71.0622 -12.8415
vn 0.980793 0.195052 0
v -5.47831 -71.0577 -38.391
vn 0.980793 0.195052 0
v -5.94236 -71.0697 49.2074
vn -0.980791 0.195062 0
v -5.94087 -71.0622 23.6579
vn -0.980791 0.195062 0
v -5.94087 -71.0622 -12.8415
vn -0.980791 0.195062 0
v -5.94236 -71.0697 -38.391
vn -0.980791 0.195062 0
v -5.84985 -70.9712 23.6579
vn -0.195338 0.980736 0
v -5.85437 -70.9721 49.2074
vn -0.195338 0.980736 0
v -5.84985 -70.9712 -12.8415
vn -0.195338 0.980736 0
v -5.85437 -70.9721 -38.391
vn -0.195338 0.980736 0
v -5.95435 -71.9174 49.2074
vn -0.980782 0.195107 0
v -5.95035 -71.8973 22.4412
vn -0.980782 0.195107 0
v -5.95035 -71.8973 -11.6248
vn -0.980782 0.195107 0
v -5.95435 -71.9174 -38.391
vn -0.980782 0.195107 0
v -6.1171 -72.064 22.4412
vn -0.195283 0.980747 0
v -6.09701 -72.06 49.2074
vn -0.195283 0.980747 0
v -6.1171 -72.064 -38.391
vn -0.195283 0.980747 0
v -6.09701 -72.06 -13.5715
vn -0.195283 0.980747 0
v -6.14221 -72.069 -38.391
vn 0 1 0
v -6.66583 -72.069 49.2074
vn 0 1 0
v -6.14221 -72.069 49.2074
vn 0 1 0
v -6.66583 -72.069 -38.391
vn 0 1 0
v -6.66583 -72.069 49.2074
vn -1 0 0
v -6.66583 -74.5821 49.2074
vn -1 0 0
v -6.66583 -72.069 -38.391
vn -1 0 0
v -6.66583 -74.5821 -38.391
vn -1 0 0
v -6.62823 -74.6929 27.308
vn -0.870835 -0.491575 4.72777e-05
v -6.65538 -74.6398 49.2074
vn -0.923956 -0.382498 0.000148694
v -6.61865 -74.7073 -16.4914
vn -0.728778 -0.68475 -2.59607e-05
v -6.59971 -74.7224 -38.391
vn -0.736336 -0.676616 -0.000135035
v -6.66034 -74.6283 -16.4914
vn -0.993014 -0.117998 0
v -6.66583 -74.5821 -9.19156
vn -0.993014 -0.117998 0
v -6.56782 -74.7403 -38.391
vn 0.978794 -0.204846 -4.7152e-07
v -6.56756 -74.739 49.2074
vn 0.978537 -0.206071 6.48918e-07
v -6.57651 -74.7461 20.0079
vn -0.266894 -0.963726 -1.78237e-06
v -6.57917 -74.745 49.2074
vn -0.362966 -0.931802 4.31361e-07
v -6.57863 -74.7452 -38.391
vn -0.356597 -0.934258 -9.78616e-07
v -6.57651 -74.7461 -9.19156
vn -0.266894 -0.963726 1.78238e-06
v -6.56741 -74.7383 27.3078
vn 1 0 0
v -6.56741 -72.3053 20.0079
vn 1 0 0
v -6.56741 -72.3053 34.6077
vn 1 0 0
v -6.56741 -74.7383 -16.4914
vn 1 0 0
v -6.56741 -72.3053 -23.7913
vn 1 0 0
v -6.56741 -72.3053 -9.19156
vn 1 0 0
v -6.55841 -72.26 27.3078
vn 0.980827 -0.194881 0
v -6.56741 -72.3053 20.0079
vn 0.980827 -0.194881 0
v -6.55841 -72.26 -16.4914
vn 0.980827 -0.194881 0
v -6.56741 -72.3053 -9.19156
vn 0.980827 -0.194881 0
v -6.49449 -72.1961 27.3078
vn 0.195218 -0.98076 0
v -6.4493 -72.1871 20.0079
vn 0.195218 -0.98076 0
v -6.4493 -72.1871 -9.19156
vn 0.195218 -0.98076 0
v -6.49449 -72.1961 -16.4914
vn 0.195218 -0.98076 0
v -5.84163 -71.9445 49.2074
vn 0.980783 -0.195102 0
v -5.83524 -71.9124 22.4412
vn 0.980783 -0.195102 0
v -5.83524 -71.9124 -11.6248
vn 0.980783 -0.195102 0
v -5.84163 -71.9445 -38.391
vn 0.980783 -0.195102 0
v -6.10203 -72.1791 22.4412
vn 0.194526 -0.980897 0
v -6.06989 -72.1728 49.2074
vn 0.194526 -0.980897 0
v -6.10203 -72.1791 -11.6248
vn 0.194526 -0.980897 0
v -6.06989 -72.1728 -38.391
vn 0.194526 -0.980897 0
v -5.52354 -71.0243 49.2074
vn 0 0 1
v -5.52141 -73.132 49.2074
vn 0 0 1
v -5.82447 -71.0011 49.2074
vn 0 0 1
v -5.91796 -72.088 49.2074
vn 0 0 1
v -6.60979 -72.1508 49.2074
vn 0 0 1
v -6.61662 -74.6602 49.2074
vn 0 0 1
v -5.52354 -71.0243 -38.391
vn 0 0 -1
v -5.52141 -73.132 -38.391
vn 0 0 -1
v -5.82447 -71.0011 -38.391
vn 0 0 -1
v -5.91796 -72.088 -38.391
vn 0 0 -1
v -6.60979 -72.1508 -38.391
vn 0 0 -1
v -6.61662 -74.6602 -38.391
vn 0 0 -1
v -5.82575 7.3132 -38.391
vn 0.980732 0.19536 0
v -5.825 7.30944 -12.8415
vn 0.980732 0.19536 0
v -5.825 7.30944 23.6579
vn 0.980732 0.19536 0
v -5.82575 7.3132 49.2074
vn 0.980732 0.19536 0
v -5.77572 7.26318 -38.391
vn 0.194858 0.980831 0
v -5.77949 7.26393 -12.8415
vn 0.194858 0.980831 0
v -5.77572 7.26318 49.2074
vn 0.194858 0.980831 0
v -5.77949 7.26393 23.6579
vn 0.194858 0.980831 0
v -5.61684 7.26437 -38.391
vn -0.194858 0.980831 0
v -5.6191 7.26393 -12.8415
vn -0.194858 0.980831 0
v -5.6191 7.26393 23.6579
vn -0.194858 0.980831 0
v -5.62287 7.26318 49.2074
vn -0.194858 0.980831 0
v -5.57584 7.29814 -16.4914
vn -0.980732 0.19536 0
v -5.57134 7.32073 -9.19156
vn -0.980732 0.19536 0
v -5.57584 7.29814 27.3078
vn -0.980732 0.19536 0
v -5.57134 7.32073 20.0079
vn -0.980732 0.19536 0
v -5.57134 7.32073 -38.391
vn -1 0 0
v -5.57134 9.30892 -38.391
vn -1 0 0
v -5.57134 9.30892 49.2074
vn -1 0 0
v -5.57134 7.32073 49.2074
vn -1 0 0
v -5.47292 9.30892 -38.391
vn 1 0 0
v -5.47292 7.26168 49.2074
vn 1 0 0
v -5.47292 7.26168 -38.391
vn 1 0 0
v -5.47292 9.30892 49.2074
vn 1 0 0
v -5.57596 7.14657 -38.391
vn 0.195077 -0.980788 0
v -5.56843 7.14807 -12.8415
vn 0.195077 -0.980788 0
v -5.56843 7.14807 23.6579
vn 0.195077 -0.980788 0
v -5.57596 7.14657 49.2074
vn 0.195077 -0.980788 0
v -5.47741 7.23908 -12.8415
vn 0.98079 -0.195067 0
v -5.47831 7.23456 -38.391
vn 0.98079 -0.195067 0
v -5.47741 7.23908 23.6579
vn 0.98079 -0.195067 0
v -5.47831 7.23456 49.2074
vn 0.98079 -0.195067 0
v -5.94236 7.24661 -38.391
vn -0.980788 -0.195077 0
v -5.94087 7.23908 -12.8415
vn -0.980788 -0.195077 0
v -5.94087 7.23908 23.6579
vn -0.980788 -0.195077 0
v -5.93997 7.23456 49.2074
vn -0.980788 -0.195077 0
v -5.84232 7.14657 -38.391
vn -0.195079 -0.980787 0
v -5.84985 7.14807 -12.8415
vn -0.195079 -0.980787 0
v -5.84985 7.14807 23.6579
vn -0.195079 -0.980787 0
v -5.85437 7.14896 49.2074
vn -0.195079 -0.980787 0
v -5.95435 8.09428 -38.391
vn -0.980796 -0.195038 0
v -5.95035 8.07419 -11.6248
vn -0.980796 -0.195038 0
v -5.95035 8.07419 22.4412
vn -0.980796 -0.195038 0
v -5.95435 8.09428 49.2074
vn -0.980796 -0.195038 0
v -6.1171 8.24094 -11.6248
vn -0.195032 -0.980797 0
v -6.09701 8.23694 -38.391
vn -0.195032 -0.980797 0
v -6.1171 8.24094 22.4412
vn -0.195032 -0.980797 0
v -6.09701 8.23694 49.2074
vn -0.195032 -0.980797 0
v -6.14221 8.24593 49.2074
vn 0 -1 0
v -6.66583 8.24593 -38.391
vn 0 -1 0
v -6.14221 8.24593 -38.391
vn 0 -1 0
v -6.66583 8.24593 49.2074
vn 0 -1 0
v -6.66583 8.24593 -38.391
vn -1 0 0
v -6.66583 10.759 49.2074
vn -1 0 0
v -6.66583 10.759 -38.391
vn -1 0 0
v -6.66583 8.24593 49.2074
vn -1 0 0
v -6.62824 10.8699 -16.4916
vn -0.870809 0.491622 -4.77716e-05
v -6.65538 10.8167 -38.391
vn -0.923959 0.382491 -0.000148884
v -6.60708 10.8964 27.3077
vn -0.728534 0.685009 2.67511e-05
v -6.61645 10.8806 49.2074
vn -0.750182 0.661232 0.000184011
v -6.66308 10.7821 23.6579
vn -0.993013 0.118008 0
v -6.66583 10.759 49.2074
vn -0.993013 0.118008 0
v -6.56782 10.9172 -38.391
vn 0.978726 0.205169 -4.65763e-07
v -6.56756 10.9159 49.2074
vn 0.978472 0.206382 6.40965e-07
v -6.5765 10.923 -9.19156
vn -0.266752 0.963765 1.83746e-06
v -6.57917 10.9219 -38.391
vn -0.359225 0.933251 -6.1513e-07
v -6.57863 10.9221 49.2074
vn -0.355688 0.934605 9.18343e-07
v -6.5765 10.923 20.0079
vn -0.266752 0.963765 -1.83746e-06
v -6.56741 10.9152 -16.4914
vn 1 0 0
v -6.56741 8.48215 -9.19156
vn 1 0 0
v -6.56741 8.48215 -23.7913
vn 1 0 0
v -6.56741 10.9152 27.3078
vn 1 0 0
v -6.56741 8.48215 34.6077
vn 1 0 0
v -6.56741 8.48215 20.0079
vn 1 0 0
v -6.55841 8.43695 -16.4914
vn 0.980748 0.195276 0
v -6.56741 8.48215 -23.7913
vn 0.980748 0.195276 0
v -6.55841 8.43695 27.3078
vn 0.980748 0.195276 0
v -6.56741 8.48215 34.6077
vn 0.980748 0.195276 0
v -6.49449 8.37303 -16.4914
vn 0.195099 0.980784 0
v -6.4493 8.36404 -23.7913
vn 0.195099 0.980784 0
v -6.4493 8.36404 20.0079
vn 0.195099 0.980784 0
v -6.49449 8.37303 27.3078
vn 0.195099 0.980784 0
v -5.83524 8.08926 -38.391
vn 0.980793 0.195053 0
v -5.84163 8.1214 -13.5715
vn 0.980793 0.195053 0
v -5.84163 8.1214 24.3878
vn 0.980793 0.195053 0
v -5.83524 8.08926 49.2074
vn 0.980793 0.195053 0
v -6.10203 8.35605 -38.391
vn 0.195056 0.980792 0
v -6.06989 8.34966 -13.5715
vn 0.195056 0.980792 0
v -6.10203 8.35605 49.2074
vn 0.195056 0.980792 0
v -6.06989 8.34966 24.3878
vn 0.195056 0.980792 0
v -5.52354 7.20117 -38.391
vn 0 0 -1
v -5.52141 9.30892 -38.391
vn 0 0 -1
v -5.82447 7.17791 -38.391
vn 0 0 -1
v -5.91796 8.26495 -38.391
vn 0 0 -1
v -6.60979 8.32772 -38.391
vn 0 0 -1
v -6.61662 10.8371 -38.391
vn 0 0 -1
v -5.52354 7.20117 49.2074
vn 0 0 1
v -5.52141 9.30892 49.2074
vn 0 0 1
v -5.82447 7.17791 49.2074
vn 0 0 1
v -5.91796 8.26495 49.2074
vn 0 0 1
v -6.60979 8.32772 49.2074
vn 0 0 1
v -6.61662 10.8371 49.2074
vn 0 0 1
v -5.55847 -83.2895 54.075
vn -0.980755 0 0.195242
v -5.55448 -33.1687 54.0951
vn -0.980755 0 0.195242
v -5.55448 43.4866 54.0951
vn -0.980755 0 0.195242
v -5.55847 93.6075 54.075
vn -0.980755 0 0.195242
v -5.4214 -40.4055 54.2359
vn -0.195283 0 0.980747
v -5.36662 -24.3238 54.2468
vn -0.195283 0 0.980747
v -5.39173 59.2108 54.2418
vn -0.195283 0 0.980747
v -5.41182 5.15898 54.2378
vn -0.195283 0 0.980747
v -5.56647 -48.8929 53.5821
vn -0.980788 0 0.195077
v -5.56886 5.15898 53.5701
vn -0.980788 0 0.195077
v -5.56797 42.0125 53.5746
vn -0.980788 0 0.195077
v -5.56647 93.6075 53.5821
vn -0.980788 0 0.195077
v -5.63638 -39.0653 53.488
vn -0.195258 0 0.980752
v -5.68158 -24.3238 53.479
vn -0.195258 0 0.980752
v -5.63638 49.3832 53.488
vn -0.195258 0 0.980752
v -5.68158 34.6418 53.479
vn -0.195258 0 0.980752
v -6.45176 -83.2895 53.4825
vn 0.206028 7.18616e-06 0.978546
v -6.46238 5.15898 53.4842
vn 0.195795 1.70956e-06 0.980645
v -6.45846 42.0125 53.4835
vn 0.196964 -5.43912e-06 0.980411
v -6.45176 93.6075 53.4825
vn 0.206028 -7.18614e-06 0.978546
v -6.55179 -83.2895 53.5946
vn 0.994441 -2.36395e-05 0.105291
v -6.548 -33.603 53.5752
vn 0.991499 -1.62809e-05 0.130115
v -6.55179 93.6075 53.5946
vn 0.994441 2.36395e-05 0.105291
v -6.548 43.9209 53.5752
vn 0.991499 1.62809e-05 0.130115
v -4.71524 -83.2895 55.2226
vn 0.943267 -4.10102e-08 0.332035
v -4.71151 93.6075 55.2162
vn 0.840343 3.74712e-07 0.542055
v -4.69925 93.6075 55.2503
vn 0.217953 -9.13426e-07 -0.975959
v -4.70366 -83.2895 55.2493
vn 0.219439 4.56726e-07 -0.975626
v -4.69733 -83.2895 55.2507
vn 0 0 -1
v -4.69733 -24.3238 55.2507
vn 0 0 -1
v -2.65008 -83.2895 55.2507
vn 0 0 -1
v -2.65008 93.6075 55.2507
vn 0 0 -1
v -4.69733 34.6418 55.2507
vn 0 0 -1
v -4.69733 93.6075 55.2507
vn 0 0 -1
v -2.65008 -83.2895 55.2535
vn 1 0 0
v -2.65008 93.6075 55.2634
vn 1 0 0
v -2.71878 -83.2895 55.3471
vn 0.195198 0 0.980764
v -2.71376 -31.6945 55.3461
vn 0.195198 0 0.980764
v -2.71376 42.0125 55.3461
vn 0.195198 0 0.980764
v -2.71878 93.6075 55.3471
vn 0.195198 0 0.980764
v -2.65608 -39.0653 55.3005
vn 0.980703 0 0.195504
v -2.65008 -53.8067 55.2704
vn 0.980703 0 0.195504
v -2.65208 5.15898 55.2804
vn 0.980703 0 0.195504
v -2.65308 56.7539 55.2854
vn 0.980703 0 0.195504
v -6.51599 -39.0653 54.1339
vn -0.980785 0 0.195089
v -6.66583 -24.3238 53.3806
vn -0.980785 0 0.195089
v -6.66583 -53.8067 53.3806
vn -0.980785 0 0.195089
v -6.51599 49.3832 54.1339
vn -0.980785 0 0.195089
v -6.66583 64.1246 53.3806
vn -0.980785 0 0.195089
v -6.66583 34.6418 53.3806
vn -0.980785 0 0.195089
v -4.69733 -83.2895 55.3491
vn -0.195036 0 0.980796
v -5.45064 -39.0653 55.1993
vn -0.195036 0 0.980796
v -5.45064 -83.2895 55.1993
vn -0.195036 0 0.980796
v -4.69733 -24.3238 55.3491
vn -0.195036 0 0.980796
v -4.69733 5.15898 55.3491
vn -0.195036 0 0.980796
v -5.45064 5.15898 55.1993
vn -0.195036 0 0.980796
v -5.45064 93.6075 55.1993
vn -0.195036 0 0.980796
v -4.69733 93.6075 55.3491
vn -0.195036 0 0.980796
v -6.61722 -39.0653 51.3394
vn -0.195319 0 -0.98074
v -6.58709 -24.3238 51.3334
vn -0.195319 0 -0.98074
v -6.61722 49.3832 51.3394
vn -0.195319 0 -0.98074
v -6.58709 64.1246 51.3334
vn -0.195319 0 -0.98074
v -6.66284 -31.6945 51.3971
vn -0.98077 0 -0.195166
v -6.66224 -83.2895 51.394
vn -0.98077 0 -0.195166
v -6.66445 5.15898 51.4052
vn -0.98077 0 -0.195166
v -6.66093 93.6075 51.3875
vn -0.98077 0 -0.195166
v -6.58709 5.15898 51.3334
vn 0 0 -1
v -6.57725 -83.2895 51.3334
vn 0 0 -1
v -6.57397 93.6075 51.3334
vn 0 0 -1
v -6.58709 93.6075 51.3334
vn 0 0 -1
v -6.56741 -83.2895 51.3334
vn 1 0 0
v -6.56741 -83.2895 53.3806
vn 1 0 0
v -6.56741 93.6075 51.3334
vn 1 0 0
v -6.56741 93.6075 53.3806
vn 1 0 0
v -6.27687 -83.2895 54.3817
vn 0.860231 0.000441308 -0.509904
v -6.55307 -83.2895 53.6118
vn 0.941262 0 -0.337677
v -6.5616 -24.3492 53.6148
vn 0.954428 0.000191605 -0.29844
v -6.37743 -39.0653 54.2019
vn 0.914348 0.000185086 -0.40493
v -6.01967 -39.0653 54.703
vn 0.707112 0.000101763 -0.707101
v -5.69844 -83.2895 54.9602
vn 0.548235 0.000519283 -0.836324
v -6.37743 49.3832 54.2019
vn 0.921362 -0.000139987 -0.388706
v -6.55307 34.6418 53.6118
vn 0.958445 0 -0.285276
v -6.55307 93.6075 53.6118
vn 0.953045 -0.000255635 -0.302827
v -6.27687 93.6075 54.3817
vn 0.836326 -0.000520304 -0.548232
v -6.01967 49.3832 54.703
vn 0.707112 -0.000101763 -0.707101
v -4.92846 -83.2895 55.2364
vn 0.320282 0.000510105 -0.947322
v -5.51858 -39.0653 55.0607
vn 0.388698 0.000138971 -0.921365
v -4.92846 -24.3238 55.2364
vn 0.285358 0 -0.958421
v -5.69844 93.6075 54.9602
vn 0.509917 -0.000440435 -0.860224
v -5.51858 49.3832 55.0607
vn 0.40493 -0.000183745 -0.914348
v -4.93141 34.6671 55.2449
vn 0.298493 -0.0001912 -0.954412
v -4.92846 93.6075 55.2364
vn 0.337644 0 -0.941274
v -4.91225 -83.2895 55.2349
vn -0.0837248 6.53899e-06 -0.996489
v -4.90548 -31.6945 55.2347
vn -0.0753307 4.94914e-06 -0.997159
v -4.90548 42.0125 55.2347
vn -0.0753307 -4.94914e-06 -0.997159
v -4.91225 93.6075 55.2349
vn -0.0837248 -6.53898e-06 -0.996489
v -4.79915 -83.2895 55.1361
vn -0.973749 -2.35868e-05 -0.227623
v -4.80531 -33.6046 55.1549
vn -0.967764 -1.62396e-05 -0.251861
v -4.79915 93.6075 55.1361
vn -0.973749 2.35867e-05 -0.227623
v -4.80531 43.9226 55.1549
vn -0.967764 1.62396e-05 -0.251861
v -4.80474 -39.0653 54.3197
vn -0.98079 0 0.195067
v -4.79575 -24.3238 54.3649
vn -0.98079 0 0.195067
v -4.80474 49.3832 54.3197
vn -0.98079 0 0.195067
v -4.79575 34.6418 54.3649
vn -0.98079 0 0.195067
v -4.89879 -83.2895 54.2498
vn -0.195258 0 0.980752
v -4.89126 -31.6945 54.2513
vn -0.195258 0 0.980752
v -4.89245 93.6075 54.2511
vn -0.195258 0 0.980752
v -4.88674 5.15898 54.2522
vn -0.195258 0 0.980752
v -6.55615 -83.2895 53.3985
vn 0.332443 5.75709e-09 -0.943123
v -6.56258 93.6075 53.3948
vn 0.542751 3.19002e-07 -0.839893
v -6.52844 93.6075 53.3825
vn -0.977423 -7.81171e-07 -0.211291
v -6.52937 -83.2895 53.387
vn -0.977148 3.90594e-07 -0.212562
v -5.59569 -83.2895 53.3961
vn 0.654453 -3.08929e-07 -0.756103
v -5.60089 93.6075 53.3899
vn 0.858635 8.04977e-07 -0.512588
v -5.57953 5.15898 53.4
vn -0.07432 -1.79401e-06 -0.997234
v -5.56388 93.6075 53.3825
vn -0.977178 -7.76927e-07 -0.212424
v -5.56481 -83.2895 53.387
vn -0.976902 3.88472e-07 -0.213687
v -5.56347 -83.2895 53.3806
vn -1 0 0
v -5.56347 -24.3238 53.3806
vn -1 0 0
v -5.56347 -83.2895 52.3176
vn -1 0 0
v -5.56347 93.6075 52.3176
vn -1 0 0
v -5.56347 34.6418 53.3806
vn -1 0 0
v -5.56347 93.6075 53.3806
vn -1 0 0
v -5.55166 -83.2895 52.3176
vn 0 0 -1
v -5.55691 93.6075 52.3176
vn 0 0 -1
v -5.46704 -83.2895 52.3863
vn 0.980834 0 -0.194847
v -5.46804 -31.6945 52.3813
vn 0.980834 0 -0.194847
v -5.46804 42.0125 52.3813
vn 0.980834 0 -0.194847
v -5.46864 93.6075 52.3783
vn 0.980834 0 -0.194847
v -5.51365 -39.0653 52.3236
vn 0.195319 0 -0.98074
v -5.54378 -24.3238 52.3176
vn 0.195319 0 -0.98074
v -5.51365 49.3832 52.3236
vn 0.195319 0 -0.98074
v -5.54378 34.6418 52.3176
vn 0.195319 0 -0.98074
v -5.46504 -83.2895 52.3964
vn 1 0 0
v -5.46504 -83.2895 54.1483
vn 1 0 0
v -5.46504 5.15898 52.3964
vn 1 0 0
v -5.46504 93.6075 54.1483
vn 1 0 0
v -5.46504 34.6418 52.3964
vn 1 0 0
v -5.46504 93.6075 52.3964
vn 1 0 0
v -5.46504 -83.2895 54.1483
vn 0 0 -1
v -3.71307 -83.2895 54.1483
vn 0 0 -1
v -5.46504 93.6075 54.1483
vn 0 0 -1
v -3.71307 93.6075 54.1483
vn 0 0 -1
v -3.63924 -83.2895 54.2024
vn 0.980831 0 -0.194862
v -3.63571 5.15898 54.2201
vn 0.980831 0 -0.194862
v -3.63733 42.0125 54.212
vn 0.980831 0 -0.194862
v -3.63793 93.6075 54.209
vn 0.980831 0 -0.194862
v -3.70303 -83.2895 54.1503
vn 0.195319 0 -0.98074
v -3.698 -31.6945 54.1513
vn 0.195319 0 -0.98074
v -3.698 42.0125 54.1513
vn 0.195319 0 -0.98074
v -3.69499 93.6075 54.1519
vn 0.195319 0 -0.98074
v -3.63433 5.15898 54.2271
vn 1 0 0
v -3.63433 -83.2895 54.2369
vn 1 0 0
v -3.63433 93.6075 54.2402
vn 1 0 0
v -3.63433 93.6075 54.2271
vn 1 0 0
v -3.63433 -83.2895 54.2468
vn 0 0 1
v -4.69733 93.6075 54.2468
vn 0 0 1
v -4.69733 -83.2895 54.2468
vn 0 0 1
v -3.63433 93.6075 54.2468
vn 0 0 1
v -4.71079 -83.2895 54.2522
vn 0.697671 -2.36741e-07 0.716418
v -4.70816 93.6075 54.2521
vn 0.762383 7.68564e-07 0.647126
v -4.69925 -83.2895 54.2857
vn 0.210165 6.12004e-07 -0.977666
v -4.70366 93.6075 54.2848
vn 0.211168 -3.06006e-07 -0.97745
v -2.671 -83.2895 55.3175
vn 0 -1 0
v -2.65008 -83.2895 55.2507
vn 0 -1 0
v -4.83789 -83.2895 55.2718
vn 0 -1 0
v -4.20173 -83.2895 54.2055
vn 0 -1 0
v -4.82487 -83.2895 54.3054
vn 0 -1 0
v -6.19441 -83.2895 54.5639
vn 0 -1 0
v -5.57792 -83.2895 55.0711
vn 0 -1 0
v -5.52001 -83.2895 54.1506
vn 0 -1 0
v -6.61483 -83.2895 53.6269
vn 0 -1 0
v -5.62212 -83.2895 53.5081
vn 0 -1 0
v -5.50207 -83.2895 52.3215
vn 0 -1 0
v -6.61598 -83.2895 51.3276
vn 0 -1 0
v -2.671 93.6075 55.3175
vn 0 1 0
v -2.65008 93.6075 55.2507
vn 0 1 0
v -4.83789 93.6075 55.2718
vn 0 1 0
v -3.6382 93.6075 54.1854
vn 0 1 0
v -5.46739 93.6075 54.2033
vn 0 1 0
v -4.82487 93.6075 54.3054
vn 0 1 0
v -6.19441 93.6075 54.5639
vn 0 1 0
v -5.57792 93.6075 55.0711
vn 0 1 0
v -6.61483 93.6075 53.6269
vn 0 1 0
v -5.52149 93.6075 52.9266
vn 0 1 0
v -5.62212 93.6075 53.5081
vn 0 1 0
v -6.61583 93.6075 51.3342
vn 0 1 0
v 79.1668 -83.2895 54.2378
vn 0.195352 0 0.980733
v 79.1467 -29.2376 54.2418
vn 0.195352 0 0.980733
v 79.1668 43.4866 54.2378
vn 0.195352 0 0.980733
v 79.1467 93.6075 54.2418
vn 0.195352 0 0.980733
v 79.3075 -40.4055 54.1047
vn 0.980731 0 0.195361
v 79.3184 -24.3238 54.0499
vn 0.980731 0 0.195361
v 79.3134 5.15898 54.075
vn 0.980731 0 0.195361
v 79.3094 55.2798 54.0951
vn 0.980731 0 0.195361
v 78.6462 -46.436 54.2513
vn 0.195241 0 0.980755
v 78.6537 5.15898 54.2498
vn 0.195241 0 0.980755
v 78.6537 39.5556 54.2498
vn 0.195241 0 0.980755
v 78.6417 93.6075 54.2522
vn 0.195241 0 0.980755
v 78.5507 -53.8067 54.3649
vn 0.980736 0 0.195336
v 78.5597 -39.0653 54.3197
vn 0.980736 0 0.195336
v 78.5597 49.3832 54.3197
vn 0.980736 0 0.195336
v 78.5507 34.6418 54.3649
vn 0.980736 0 0.195336
v 78.5531 -83.2895 55.1303
vn 0.978941 5.54513e-06 -0.204141
v 78.5577 5.15898 55.1553
vn 0.980638 1.52015e-06 -0.195829
v 78.5552 42.0125 55.1418
vn 0.98043 -4.83709e-06 -0.196869
v 78.5542 93.6075 55.1351
vn 0.978775 -6.39427e-06 -0.204939
v 78.6662 -83.2895 55.2351
vn 0.105885 -2.33138e-05 -0.994378
v 78.6468 -33.6029 55.2313
vn 0.130363 -1.60565e-05 -0.991466
v 78.6662 93.6075 55.2351
vn 0.105885 2.33137e-05 -0.994378
v 78.6468 43.9209 55.2313
vn 0.130363 1.60565e-05 -0.991466
v 80.2942 -83.2895 53.3985
vn 0.332737 -2.2393e-08 -0.94302
v 80.2878 93.6075 53.3948
vn 0.543485 3.71103e-07 -0.839419
v 80.322 93.6075 53.3825
vn -0.976244 -9.39058e-07 -0.216675
v 80.321 -83.2895 53.387
vn -0.975905 4.69543e-07 -0.218197
v 80.3224 -83.2895 53.3806
vn -1 0 0
v 80.3224 -24.3238 53.3806
vn -1 0 0
v 80.3224 -83.2895 51.3334
vn -1 0 0
v 80.3224 93.6075 51.3334
vn -1 0 0
v 80.3224 34.6418 53.3806
vn -1 0 0
v 80.3224 93.6075 53.3806
vn -1 0 0
v 80.3342 -83.2895 51.3334
vn 0 0 -1
v 80.3289 93.6075 51.3334
vn 0 0 -1
v 80.4188 -83.2895 51.4021
vn 0.980729 0 -0.195375
v 80.4178 -31.6945 51.3971
vn 0.980729 0 -0.195375
v 80.4178 42.0125 51.3971
vn 0.980729 0 -0.195375
v 80.4188 93.6075 51.4021
vn 0.980729 0 -0.195375
v 80.3722 -39.0653 51.3394
vn 0.194901 0 -0.980823
v 80.342 -53.8067 51.3334
vn 0.194901 0 -0.980823
v 80.3521 5.15898 51.3354
vn 0.194901 0 -0.980823
v 80.3571 56.7539 51.3364
vn 0.194901 0 -0.980823
v 79.2056 -39.0653 55.1993
vn 0.19504 0 0.980795
v 78.4523 -24.3238 55.3491
vn 0.19504 0 0.980795
v 78.4523 -53.8067 55.3491
vn 0.19504 0 0.980795
v 79.2056 49.3832 55.1993
vn 0.19504 0 0.980795
v 78.4523 64.1246 55.3491
vn 0.19504 0 0.980795
v 78.4523 34.6418 55.3491
vn 0.19504 0 0.980795
v 80.4208 -24.3238 53.3806
vn 0.98077 0 0.195168
v 80.2709 -39.0653 54.1339
vn 0.98077 0 0.195168
v 80.2709 -83.2895 54.1339
vn 0.98077 0 0.195168
v 80.4208 -83.2895 53.3806
vn 0.98077 0 0.195168
v 80.4208 5.15898 53.3806
vn 0.98077 0 0.195168
v 80.2709 5.15898 54.1339
vn 0.98077 0 0.195168
v 80.4208 93.6075 53.3806
vn 0.98077 0 0.195168
v 80.2709 93.6075 54.1339
vn 0.98077 0 0.195168
v 76.411 -39.0653 55.3005
vn -0.980676 0 0.195638
v 76.405 -24.3238 55.2704
vn -0.980676 0 0.195638
v 76.411 49.3832 55.3005
vn -0.980676 0 0.195638
v 76.405 64.1246 55.2704
vn -0.980676 0 0.195638
v 76.4687 -31.6945 55.3461
vn -0.194734 0 0.980856
v 76.4657 -83.2895 55.3455
vn -0.194734 0 0.980856
v 76.4768 93.6075 55.3477
vn -0.194734 0 0.980856
v 76.4591 5.15898 55.3442
vn -0.194734 0 0.980856
v 76.405 -83.2895 55.2704
vn -1 0 0
v 76.405 -83.2895 55.2573
vn -1 0 0
v 76.405 93.6075 55.2573
vn -1 0 0
v 76.405 93.6075 55.2704
vn -1 0 0
v 76.405 -83.2895 55.2507
vn 0 0 -1
v 78.4523 93.6075 55.2507
vn 0 0 -1
v 78.4523 -83.2895 55.2507
vn 0 0 -1
v 76.405 93.6075 55.2507
vn 0 0 -1
v 79.4534 -83.2895 54.9602
vn -0.50992 0.00044014 -0.860222
v 78.6834 -83.2895 55.2364
vn -0.337638 0 -0.941276
v 78.6863 -24.349 55.2449
vn -0.2985 0.000191136 -0.95441
v 79.2735 -39.0653 55.0607
vn -0.404934 0.000183433 -0.914346
v 79.7746 -39.0653 54.703
vn -0.707107 0.000101628 -0.707107
v 80.0318 -83.2895 54.3817
vn -0.836324 0.000520645 -0.548236
v 79.2735 49.3832 55.0607
vn -0.388699 -0.000138733 -0.921365
v 78.6834 34.6418 55.2364
vn -0.285369 0 -0.958418
v 78.6834 93.6075 55.2364
vn -0.320282 -0.000509925 -0.947322
v 79.4534 93.6075 54.9602
vn -0.548236 -0.00051893 -0.836323
v 79.7746 49.3832 54.703
vn -0.707107 -0.000101627 -0.707107
v 80.308 -83.2895 53.6118
vn -0.947331 0.000511774 -0.320255
v 80.1324 -39.0653 54.2019
vn -0.921364 0.000140438 -0.388701
v 80.308 -24.3238 53.6118
vn -0.958464 0 -0.285214
v 80.0318 93.6075 54.3817
vn -0.860234 -0.000441598 -0.5099
v 80.1324 49.3832 54.2019
vn -0.914351 -0.000185682 -0.404923
v 80.3165 34.6672 53.6148
vn -0.954443 -0.000191826 -0.298393
v 80.308 93.6075 53.6118
vn -0.941262 0 -0.337676
v 80.3065 -83.2895 53.5956
vn -0.996672 6.59379e-06 0.0815162
v 80.3064 -31.6945 53.5888
vn -0.997328 4.98966e-06 0.0730552
v 80.3064 42.0125 53.5888
vn -0.997328 -4.98966e-06 0.0730552
v 80.3065 93.6075 53.5956
vn -0.996672 -6.59378e-06 0.0815162
v 80.2078 -83.2895 53.4824
vn -0.228377 -2.37052e-05 0.973573
v 80.2265 -33.604 53.4886
vn -0.252683 -1.6323e-05 0.967549
v 80.2078 93.6075 53.4824
vn -0.228377 2.37051e-05 0.973573
v 80.2265 43.922 53.4886
vn -0.252683 1.6323e-05 0.967549
v 79.3913 -39.0653 53.488
vn 0.195241 0 0.980755
v 79.4365 -53.8067 53.479
vn 0.195241 0 0.980755
v 79.3913 49.3832 53.488
vn 0.195241 0 0.980755
v 79.4365 64.1246 53.479
vn 0.195241 0 0.980755
v 79.3238 -83.2895 53.5701
vn 0.980736 0 0.195336
v 79.3214 -29.2376 53.5821
vn 0.980736 0 0.195336
v 79.3227 5.15898 53.5758
vn 0.980736 0 0.195336
v 79.3238 93.6075 53.5701
vn 0.980736 0 0.195336
v 78.466 93.6075 55.2437
vn -0.755622 1.37993e-07 -0.655008
v 78.4703 -83.2895 55.241
vn -0.841428 -3.03052e-07 -0.54037
v 78.4559 93.6075 55.2121
vn -0.215541 -4.59815e-07 0.976495
v 78.4572 -83.2895 55.2125
vn -0.222892 9.19611e-07 0.974843
v 78.4678 -83.2895 54.2789
vn -0.755144 -3.45821e-07 -0.655559
v 78.4617 93.6075 54.2841
vn -0.511246 8.58878e-07 -0.859434
v 78.4717 5.15898 54.2628
vn -0.99719 -1.69226e-06 0.0749075
v 78.4542 93.6075 54.2472
vn -0.211082 -6.16455e-07 0.977468
v 78.4586 -83.2895 54.2481
vn -0.212097 3.08232e-07 0.977249
v 78.4523 -83.2895 54.2468
vn 0 0 1
v 78.4523 -24.3238 54.2468
vn 0 0 1
v 77.3893 -83.2895 54.2468
vn 0 0 1
v 77.3893 93.6075 54.2468
vn 0 0 1
v 78.4523 34.6418 54.2468
vn 0 0 1
v 78.4523 93.6075 54.2468
vn 0 0 1
v 77.3893 -83.2895 54.244
vn -1 0 0
v 77.3893 93.6075 54.2341
vn -1 0 0
v 77.458 -83.2895 54.1503
vn -0.195471 0 -0.98071
v 77.4529 -31.6945 54.1513
vn -0.195471 0 -0.98071
v 77.4529 42.0125 54.1513
vn -0.195471 0 -0.98071
v 77.4499 93.6075 54.1519
vn -0.195471 0 -0.98071
v 77.3893 -53.8067 54.2271
vn -0.980804 0 -0.194996
v 77.3953 -39.0653 54.1969
vn -0.980804 0 -0.194996
v 77.3953 49.3832 54.1969
vn -0.980804 0 -0.194996
v 77.3893 34.6418 54.2271
vn -0.980804 0 -0.194996
v 77.468 5.15898 54.1483
vn 0 0 -1
v 79.22 -83.2895 54.1483
vn 0 0 -1
v 77.468 -83.2895 54.1483
vn 0 0 -1
v 79.22 93.6075 54.1483
vn 0 0 -1
v 77.468 34.6418 54.1483
vn 0 0 -1
v 77.468 93.6075 54.1483
vn 0 0 -1
v 79.22 -83.2895 54.1483
vn -1 0 0
v 79.22 93.6075 52.3964
vn -1 0 0
v 79.22 -83.2895 52.3964
vn -1 0 0
v 79.22 93.6075 54.1483
vn -1 0 0
v 79.2741 -83.2895 52.3225
vn -0.195519 0 -0.9807
v 79.2918 5.15898 52.319
vn -0.195519 0 -0.9807
v 79.2836 42.0125 52.3206
vn -0.195519 0 -0.9807
v 79.2806 93.6075 52.3212
vn -0.195519 0 -0.9807
v 79.223 -31.6945 52.3813
vn -0.980851 0 -0.194758
v 79.2236 -83.2895 52.3783
vn -0.980851 0 -0.194758
v 79.223 42.0125 52.3813
vn -0.980851 0 -0.194758
v 79.2236 93.6075 52.3783
vn -0.980851 0 -0.194758
v 79.2987 5.15898 52.3176
vn 0 0 -1
v 79.3085 -83.2895 52.3176
vn 0 0 -1
v 79.3118 93.6075 52.3176
vn 0 0 -1
v 79.2987 93.6075 52.3176
vn 0 0 -1
v 79.3184 -83.2895 52.3176
vn 1 0 0
v 79.3184 -83.2895 53.3806
vn 1 0 0
v 79.3184 93.6075 52.3176
vn 1 0 0
v 79.3184 93.6075 53.3806
vn 1 0 0
v 79.3271 93.6075 53.3969
vn 0.648878 2.57414e-07 -0.760892
v 79.3203 -83.2895 53.3899
vn 0.857621 -7.94276e-07 -0.514282
v 79.3574 93.6075 53.3825
vn -0.976244 -9.39058e-07 -0.216675
v 79.3564 -83.2895 53.387
vn -0.975905 4.69543e-07 -0.218197
v 80.3892 -83.2895 51.3543
vn 0 -1 0
v 80.3224 -83.2895 51.3334
vn 0 -1 0
v 80.3434 -83.2895 53.5212
vn 0 -1 0
v 79.2772 -83.2895 52.8856
vn 0 -1 0
v 79.377 -83.2895 53.5081
vn 0 -1 0
v 79.6355 -83.2895 54.8778
vn 0 -1 0
v 80.1428 -83.2895 54.2611
vn 0 -1 0
v 79.2224 -83.2895 54.2033
vn 0 -1 0
v 78.6985 -83.2895 55.2981
vn 0 -1 0
v 78.5798 -83.2895 54.3054
vn 0 -1 0
v 77.3932 -83.2895 54.1854
vn 0 -1 0
v 76.3993 -83.2895 55.2993
vn 0 -1 0
v 80.3892 93.6075 51.3543
vn 0 1 0
v 80.3224 93.6075 51.3334
vn 0 1 0
v 80.3434 93.6075 53.5212
vn 0 1 0
v 79.257 93.6075 52.3215
vn 0 1 0
v 79.2749 93.6075 54.1507
vn 0 1 0
v 79.377 93.6075 53.5081
vn 0 1 0
v 79.6355 93.6075 54.8778
vn 0 1 0
v 80.1428 93.6075 54.2611
vn 0 1 0
v 78.6985 93.6075 55.2981
vn 0 1 0
v 77.9973 93.6075 54.2048
vn 0 1 0
v 78.5798 93.6075 54.3054
vn 0 1 0
v 76.4058 93.6075 55.2991
vn 0 1 0
v 76.405 96.3692 54.2378
vn 0 0.195352 0.980733
v 52.2493 96.3491 54.2418
vn 0 0.195352 0.980733
v 19.7489 96.3692 54.2378
vn 0 0.195352 0.980733
v -2.65008 96.3491 54.2418
vn 0 0.195352 0.980733
v 57.2403 96.51 54.1047
vn 0 0.980731 0.195361
v 50.0533 96.5209 54.0499
vn 0 0.980731 0.195361
v 17.7127 96.51 54.1047
vn 0 0.980731 0.195361
v 10.5258 96.5209 54.0499
vn 0 0.980731 0.195361
v 56.6413 95.826 54.2558
vn 0 0.195241 0.980755
v 63.2292 95.8712 54.2468
vn 0 0.195241 0.980755
v 20.4076 95.8486 54.2513
vn 0 0.195241 0.980755
v -2.65008 95.8441 54.2522
vn 0 0.195241 0.980755
v 63.2292 95.7531 54.3649
vn 0 0.980736 0.195336
v 56.6413 95.7621 54.3197
vn 0 0.980736 0.195336
v 17.1137 95.7621 54.3197
vn 0 0.980736 0.195336
v 23.7016 95.7531 54.3649
vn 0 0.980736 0.195336
v 76.405 95.7566 55.1351
vn -1.63745e-05 0.978484 -0.206321
v 53.3473 95.7576 55.1418
vn -1.23888e-05 0.980386 -0.197089
v 20.4076 95.7576 55.1418
vn 1.23888e-05 0.980386 -0.197089
v -2.65008 95.7566 55.1351
vn 1.63744e-05 0.978484 -0.206321
v 76.405 95.8686 55.2351
vn 5.19161e-05 0.106011 -0.994365
v 53.3473 95.8559 55.2323
vn 3.57313e-05 0.130384 -0.991464
v -2.65009 95.8686 55.2351
vn -5.19159e-05 0.106011 -0.994365
v 20.4076 95.8559 55.2323
vn -3.57314e-05 0.130384 -0.991464
v -2.65008 97.4967 53.3985
vn 2.68521e-08 0.331932 -0.943303
v 76.405 97.4902 53.3948
vn 6.71471e-07 0.542129 -0.840295
v -2.65008 97.5244 53.3825
vn 2.10128e-06 -0.976244 -0.216675
v 76.405 97.5234 53.387
vn -1.05067e-06 -0.975905 -0.218197
v 76.405 97.5248 53.3806
vn 0 -1 0
v 50.0533 97.5248 53.3806
vn 0 -1 0
v 76.405 97.5248 51.3334
vn 0 -1 0
v -2.65008 97.5248 51.3334
vn 0 -1 0
v 23.7016 97.5248 53.3806
vn 0 -1 0
v -2.65008 97.5248 53.3806
vn 0 -1 0
v 76.405 97.5276 51.3334
vn 0 0 -1
v -2.65008 97.5375 51.3334
vn 0 0 -1
v 76.405 97.6196 51.394
vn 0 0.980729 -0.195375
v 53.3473 97.6202 51.3971
vn 0 0.980729 -0.195375
v 20.4076 97.6202 51.3971
vn 0 0.980729 -0.195375
v -2.65008 97.6212 51.4021
vn 0 0.980729 -0.195375
v 56.6413 97.5746 51.3394
vn 0 0.195519 -0.9807
v 63.2292 97.5445 51.3334
vn 0 0.195519 -0.9807
v 23.7016 97.5445 51.3334
vn 0 0.195519 -0.9807
v 17.1137 97.5746 51.3394
vn 0 0.195519 -0.9807
v 56.6413 97.6232 53.3806
vn 0 1 0
v 63.2292 97.6232 51.4121
vn 0 1 0
v 50.0533 97.6232 51.4121
vn 0 1 0
v 17.1137 97.6232 53.3806
vn 0 1 0
v 23.7016 97.6232 51.4121
vn 0 1 0
v 10.5258 97.6232 51.4121
vn 0 1 0
v 50.0528 96.4193 55.2132
vn 0.000363897 0.412574 0.910924
v 76.405 96.408 55.1993
vn 0.000956876 0.527914 0.849297
v 76.405 97.0467 54.7726
vn 0.000969872 0.707106 0.707106
v 50.0533 97.1839 54.6352
vn 0.000360765 0.773034 0.634365
v 56.6413 95.6547 55.3491
vn 0 0.19504 0.980795
v 23.7021 96.4193 55.2132
vn -0.000363897 0.412574 0.910924
v 17.1137 95.6547 55.3491
vn 0 0.19504 0.980795
v -2.65008 97.0467 54.7726
vn -0.000969872 0.707106 0.707106
v -2.65008 96.408 55.1993
vn -0.000956877 0.527914 0.849297
v 50.0533 97.4734 54.1339
vn 0 0.971002 0.239073
v 76.405 97.4734 54.1339
vn 0.00044899 0.935087 0.354418
v 76.405 97.6232 53.3806
vn 0 0.980795 0.195043
v 23.7016 97.4734 54.1339
vn 0 0.971002 0.239073
v 23.7016 97.1839 54.6352
vn -0.000360766 0.773034 0.634365
v -2.65008 97.4734 54.1339
vn -0.000448989 0.935087 0.354417
v -2.65008 97.6232 53.3806
vn 0 0.980795 0.195043
v 56.6413 95.6547 55.3491
vn 0 0 1
v 36.8775 93.6862 55.3491
vn 0 0 1
v 63.2292 93.6862 55.3491
vn 0 0 1
v 17.1137 95.6547 55.3491
vn 0 0 1
v 10.5258 93.6862 55.3491
vn 0 0 1
v 23.7016 93.6862 55.3491
vn 0 0 1
v 36.8775 95.6547 55.3491
vn 0 0 1
v 56.6413 93.6135 55.3005
vn 0 -0.980676 0.195638
v 50.0533 93.6075 55.2704
vn 0 -0.980676 0.195638
v 17.1137 93.6135 55.3005
vn 0 -0.980676 0.195638
v 10.5258 93.6075 55.2704
vn 0 -0.980676 0.195638
v 76.405 93.6762 55.3471
vn 0 -0.195351 0.980733
v 53.3473 93.6712 55.3461
vn 0 -0.195351 0.980733
v 20.4076 93.6712 55.3461
vn 0 -0.195351 0.980733
v -2.65008 93.6681 55.3455
vn 0 -0.195351 0.980733
v 76.405 93.6075 55.2634
vn 0 -1 0
v -2.65008 93.6075 55.2535
vn 0 -1 0
v 76.405 93.6075 55.2507
vn 0 0 -1
v -2.65008 95.6547 55.2507
vn 0 0 -1
v 76.405 95.6547 55.2507
vn 0 0 -1
v -2.65008 93.6075 55.2507
vn 0 0 -1
v 76.405 96.476 55.0607
vn 0 -0.285325 -0.958431
v 76.405 95.8858 55.2364
vn 0 -0.285325 -0.958431
v 56.6413 96.476 55.0607
vn 0 -0.285325 -0.958431
v 50.0533 95.8858 55.2364
vn 0 -0.285325 -0.958431
v 17.1137 96.476 55.0607
vn 0 -0.285325 -0.958431
v 23.7016 95.8858 55.2364
vn 0 -0.285325 -0.958431
v 10.5258 95.8858 55.2364
vn 0 -0.285325 -0.958431
v 56.6413 97.3348 54.2019
vn 0 -0.95842 -0.285362
v 50.0533 97.5105 53.6118
vn 0 -0.95842 -0.285362
v 63.2292 97.5105 53.6118
vn 0 -0.95842 -0.285362
v 23.7016 97.5105 53.6118
vn 0 -0.95842 -0.285362
v 17.1137 97.3348 54.2019
vn 0 -0.95842 -0.285362
v 10.5258 97.5105 53.6118
vn 0 -0.95842 -0.285362
v 76.405 97.509 53.5956
vn -1.46035e-05 -0.996504 0.0835491
v 53.3473 97.5088 53.5888
vn -1.10509e-05 -0.99717 0.0751775
v 20.4076 97.5088 53.5888
vn 1.10509e-05 -0.99717 0.0751775
v -2.65008 97.509 53.5956
vn 1.46035e-05 -0.996504 0.0835491
v 76.405 97.4102 53.4824
vn 5.30439e-05 -0.228377 0.973573
v 53.3473 97.4224 53.4867
vn 3.6525e-05 -0.252683 0.967549
v -2.65009 97.4102 53.4824
vn -5.30437e-05 -0.228377 0.973573
v 20.4076 97.4224 53.4867
vn -3.65251e-05 -0.252683 0.967549
v 56.6413 96.5938 53.488
vn 0 0.195272 0.980749
v 63.2292 96.639 53.479
vn 0 0.195272 0.980749
v 17.1137 96.5938 53.488
vn 0 0.195272 0.980749
v 10.5258 96.639 53.479
vn 0 0.195272 0.980749
v 76.405 96.5239 53.5821
vn 0 0.981147 0.193265
v 53.3473 96.5253 53.5746
vn 0 0.981147 0.193265
v 20.4076 96.5253 53.5746
vn 0 0.981147 0.193265
v -2.65008 96.5239 53.5821
vn 0 0.981147 0.193265
v -2.65008 95.6684 55.2437
vn -4.71414e-07 -0.755546 -0.655095
v 76.405 95.6727 55.241
vn 8.80718e-07 -0.841311 -0.540551
v -2.65008 95.6566 55.2117
vn 1.90837e-06 -0.216816 0.976213
v 76.405 95.661 55.2126
vn -9.54211e-07 -0.218182 0.975908
v -2.65008 95.6684 54.2791
vn -6.57207e-07 -0.754134 -0.656721
v 76.405 95.6727 54.2765
vn 9.93363e-07 -0.840028 -0.542542
v 76.405 95.6584 54.2475
vn -6.17256e-07 -0.207733 0.978186
v -2.65008 95.6597 54.2479
vn 1.2345e-06 -0.212129 0.977242
v 76.405 95.6547 54.2468
vn 0 0 1
v 50.0533 95.6547 54.2468
vn 0 0 1
v 76.405 94.5917 54.2468
vn 0 0 1
v -2.65008 94.5917 54.2468
vn 0 0 1
v 23.7016 95.6547 54.2468
vn 0 0 1
v -2.65008 95.6547 54.2468
vn 0 0 1
v 76.405 94.5917 54.2341
vn 0 -1 0
v -2.65008 94.5917 54.244
vn 0 -1 0
v 76.405 94.6604 54.1503
vn 0 -0.194853 -0.980832
v 53.3473 94.6554 54.1513
vn 0 -0.194853 -0.980832
v 20.4076 94.6554 54.1513
vn 0 -0.194853 -0.980832
v -2.65008 94.6524 54.1519
vn 0 -0.194853 -0.980832
v 63.2292 94.5917 54.2271
vn 0 -0.980804 -0.194996
v 56.6413 94.5977 54.1969
vn 0 -0.980804 -0.194996
v 17.1137 94.5977 54.1969
vn 0 -0.980804 -0.194996
v 23.7016 94.5917 54.2271
vn 0 -0.980804 -0.194996
v -2.65008 94.6705 54.1483
vn 0 0 -1
v 76.405 96.4224 54.1483
vn 0 0 -1
v 76.405 94.6705 54.1483
vn 0 0 -1
v -2.65008 96.4224 54.1483
vn 0 0 -1
v 76.405 96.4224 54.1483
vn 0 -1 0
v -2.65008 96.4224 52.3964
vn 0 -1 0
v 76.405 96.4224 52.3964
vn 0 -1 0
v -2.65008 96.4224 54.1483
vn 0 -1 0
v 76.405 96.4831 52.3212
vn 0 -0.194901 -0.980823
v 53.3473 96.4861 52.3206
vn 0 -0.194901 -0.980823
v 20.4076 96.4861 52.3206
vn 0 -0.194901 -0.980823
v -2.65008 96.4831 52.3212
vn 0 -0.194901 -0.980823
v 76.405 96.4244 52.3863
vn 0 -0.980851 -0.194758
v 53.3473 96.4254 52.3813
vn 0 -0.980851 -0.194758
v 20.4076 96.4254 52.3813
vn 0 -0.980851 -0.194758
v -2.65008 96.426 52.3783
vn 0 -0.980851 -0.194758
v 76.405 96.5091 52.3176
vn 0 0 -1
v -2.65008 96.5143 52.3176
vn 0 0 -1
v 76.405 96.5209 52.3176
vn 0 1 0
v -2.65008 96.5209 53.3806
vn 0 1 0
v 76.405 96.5209 53.3806
vn 0 1 0
v -2.65008 96.5209 52.3176
vn 0 1 0
v 76.405 96.5229 53.3898
vn 4.3386e-07 0.71724 -0.696827
v -2.65008 96.5313 53.3976
vn -1.594e-06 0.646125 -0.763232
v 76.405 96.5595 53.3843
vn -6.84837e-07 -0.978366 -0.20688
v -2.65008 96.5591 53.3856
vn 1.36966e-06 -0.977327 -0.211734
v 76.405 97.5497 51.3364
vn 1 0 0
v 76.405 97.6232 51.4121
vn 1 0 0
v 76.405 97.5443 53.5202
vn 1 0 0
v 76.405 96.4796 52.8854
vn 1 0 0
v 76.405 96.5795 53.5081
vn 1 0 0
v 76.405 97.0119 54.7378
vn 1 0 0
v 76.405 97.4041 54.1679
vn 1 0 0
v 76.405 96.4247 54.2033
vn 1 0 0
v 76.405 96.442 55.13
vn 1 0 0
v 76.405 95.7822 54.3054
vn 1 0 0
v 76.405 94.5956 54.1854
vn 1 0 0
v 76.405 95.7935 55.291
vn 1 0 0
v 76.405 93.6017 55.2993
vn 1 0 0
v -2.65008 97.5497 51.3364
vn -1 0 0
v -2.65008 97.6232 51.4121
vn -1 0 0
v -2.65008 97.5443 53.5202
vn -1 0 0
v -2.65008 96.4595 52.3215
vn -1 0 0
v -2.65008 96.4774 54.1506
vn -1 0 0
v -2.65008 96.5795 53.5081
vn -1 0 0
v -2.65008 97.0119 54.7378
vn -1 0 0
v -2.65008 97.4041 54.1679
vn -1 0 0
v -2.65008 96.442 55.13
vn -1 0 0
v -2.65008 95.2003 54.2048
vn -1 0 0
v -2.65008 95.7822 54.3054
vn -1 0 0
v -2.65008 95.7935 55.291
vn -1 0 0
v -2.65008 93.6083 55.2991
vn -1 0 0
v -2.65008 -86.0311 54.2418
vn 0 -0.195105 0.980782
v 19.7489 -86.0512 54.2378
vn 0 -0.195105 0.980782
v 54.0061 -86.0512 54.2378
vn 0 -0.195105 0.980782
v 76.405 -86.0311 54.2418
vn 0 -0.195105 0.980782
v 17.7127 -86.192 54.1047
vn 0 -0.980712 0.195457
v 10.5258 -86.2029 54.0499
vn 0 -0.980712 0.195457
v 50.0533 -86.2029 54.0499
vn 0 -0.980712 0.195457
v 57.2403 -86.192 54.1047
vn 0 -0.980712 0.195457
v 17.1137 -85.5081 54.2558
vn 0 -0.195272 0.980749
v 10.5258 -85.5533 54.2468
vn 0 -0.195272 0.980749
v 53.3473 -85.5307 54.2513
vn 0 -0.195272 0.980749
v 76.405 -85.5382 54.2498
vn 0 -0.195272 0.980749
v 17.1137 -85.4442 54.3197
vn 0 -0.980768 0.195177
v 23.7016 -85.4352 54.3649
vn 0 -0.980768 0.195177
v 56.6413 -85.4442 54.3197
vn 0 -0.980768 0.195177
v 63.2292 -85.4352 54.3649
vn 0 -0.980768 0.195177
v -2.65008 -85.4387 55.1351
vn 1.4467e-05 -0.978786 -0.204887
v 20.4076 -85.4397 55.1418
vn 1.0944e-05 -0.980458 -0.196727
v 53.3473 -85.4397 55.1418
vn -1.0944e-05 -0.980458 -0.196727
v 76.405 -85.4387 55.1351
vn -1.44671e-05 -0.978786 -0.204887
v -2.65009 -85.5507 55.2351
vn -5.21837e-05 -0.10589 -0.994378
v 20.4076 -85.538 55.2323
vn -3.59413e-05 -0.130378 -0.991464
v 76.405 -85.5507 55.2351
vn 5.21839e-05 -0.10589 -0.994378
v 53.3473 -85.538 55.2323
vn 3.59413e-05 -0.130378 -0.991464
v -2.65008 -87.1788 53.3985
vn -3.3181e-08 -0.333652 -0.942696
v 76.405 -87.1723 53.3948
vn 7.99678e-07 -0.543783 -0.839226
v -2.65008 -87.2064 53.3825
vn 1.36966e-06 0.977957 -0.208808
v 76.405 -87.2055 53.387
vn -6.8484e-07 0.977743 -0.209807
v -2.65008 -87.2068 53.3806
vn 0 1 0
v 23.7016 -87.2068 53.3806
vn 0 1 0
v -2.65008 -87.2068 51.3334
vn 0 1 0
v 76.405 -87.2068 51.3334
vn 0 1 0
v 50.0533 -87.2068 53.3806
vn 0 1 0
v 76.405 -87.2068 53.3806
vn 0 1 0
v -2.65008 -87.2096 51.3334
vn 0 0 -1
v 76.405 -87.2195 51.3334
vn 0 0 -1
v -2.65008 -87.3017 51.394
vn 0 -0.980729 -0.195375
v 20.4076 -87.3023 51.3971
vn 0 -0.980729 -0.195375
v 53.3473 -87.3023 51.3971
vn 0 -0.980729 -0.195375
v 76.405 -87.3033 51.4021
vn 0 -0.980729 -0.195375
v 17.1137 -87.2566 51.3394
vn 0 -0.195519 -0.9807
v 23.7016 -87.2265 51.3334
vn 0 -0.195519 -0.9807
v 56.6413 -87.2566 51.3394
vn 0 -0.195519 -0.9807
v 63.2292 -87.2265 51.3334
vn 0 -0.195519 -0.9807
v 17.1137 -87.3053 53.3806
vn 0 -1 0
v 10.5258 -87.3053 51.4121
vn 0 -1 0
v 23.7016 -87.3053 51.4121
vn 0 -1 0
v 56.6413 -87.3053 53.3806
vn 0 -1 0
v 50.0533 -87.3053 51.4121
vn 0 -1 0
v 63.2292 -87.3053 51.4121
vn 0 -1 0
v 23.7016 -86.0901 55.1993
vn 0 -0.258595 0.965986
v -2.65008 -86.0901 55.1993
vn -0.000956166 -0.527998 0.849245
v 23.7016 -86.5913 54.9097
vn -0.000360486 -0.634392 0.773011
v -2.65008 -86.7287 54.7726
vn -0.000969507 -0.707127 0.707086
v 56.6413 -85.3367 55.3491
vn 0 -0.195013 0.980801
v 17.1137 -85.3367 55.3491
vn 0 -0.195013 0.980801
v 50.0533 -86.0901 55.1993
vn 0 -0.258595 0.965986
v 50.0533 -86.5913 54.9097
vn 0.000360486 -0.634392 0.773011
v 76.405 -86.7287 54.7726
vn 0.000969506 -0.707127 0.707086
v 76.405 -86.0901 55.1993
vn 0.000956166 -0.527998 0.849245
v 23.7016 -87.1628 54.1529
vn -0.000364545 -0.915017 0.403415
v -2.65008 -87.1554 54.1339
vn -0.000449019 -0.935065 0.354477
v -2.65008 -87.3053 53.3806
vn 0 -0.980772 0.195158
v 50.0533 -87.1628 54.1529
vn 0.000364545 -0.915017 0.403415
v 76.405 -87.1554 54.1339
vn 0.000449019 -0.935065 0.354477
v 76.405 -87.3053 53.3806
vn 0 -0.980772 0.195158
v 17.1137 -85.3367 55.3491
vn 0 0 1
v 36.8775 -83.3682 55.3491
vn 0 0 1
v 10.5258 -83.3682 55.3491
vn 0 0 1
v 56.6413 -85.3367 55.3491
vn 0 0 1
v 63.2292 -83.3682 55.3491
vn 0 0 1
v 50.0533 -83.3682 55.3491
vn 0 0 1
v 36.8775 -85.3367 55.3491
vn 0 0 1
v 17.1137 -83.2955 55.3005
vn 0 0.980676 0.195638
v 10.5258 -83.2895 55.2704
vn 0 0.980676 0.195638
v 56.6413 -83.2955 55.3005
vn 0 0.980676 0.195638
v 63.2292 -83.2895 55.2704
vn 0 0.980676 0.195638
v -2.65008 -83.3582 55.3471
vn 0 0.195351 0.980733
v 20.4076 -83.3531 55.3461
vn 0 0.195351 0.980733
v 53.3473 -83.3531 55.3461
vn 0 0.195351 0.980733
v 76.405 -83.3501 55.3455
vn 0 0.195351 0.980733
v 76.405 -83.2895 55.2634
vn 0 1 0
v -2.65008 -83.2895 55.2535
vn 0 1 0
v -2.65008 -83.2895 55.2507
vn 0 0 -1
v 76.405 -85.3367 55.2507
vn 0 0 -1
v -2.65008 -85.3367 55.2507
vn 0 0 -1
v 76.405 -83.2895 55.2507
vn 0 0 -1
v -2.65008 -86.158 55.0607
vn 0 0.285369 -0.958418
v -2.65008 -85.5679 55.2364
vn 0 0.285369 -0.958418
v 23.7016 -85.5679 55.2364
vn 0 0.285369 -0.958418
v 17.1137 -86.158 55.0607
vn 0 0.285369 -0.958418
v 56.6413 -86.158 55.0607
vn 0 0.285369 -0.958418
v 50.0533 -85.5679 55.2364
vn 0 0.285369 -0.958418
v 63.2292 -85.5679 55.2364
vn 0 0.285369 -0.958418
v 17.1137 -87.0168 54.2019
vn 0 0.95842 -0.285362
v 23.7016 -87.1925 53.6118
vn 0 0.95842 -0.285362
v 10.5258 -87.1925 53.6118
vn 0 0.95842 -0.285362
v 50.0533 -87.1925 53.6118
vn 0 0.95842 -0.285362
v 56.6413 -87.0168 54.2019
vn 0 0.95842 -0.285362
v 63.2292 -87.1925 53.6118
vn 0 0.95842 -0.285362
v -2.65008 -87.191 53.5956
vn 1.46035e-05 0.996504 0.0835491
v 20.4076 -87.1908 53.5888
vn 1.10509e-05 0.99717 0.0751775
v 53.3473 -87.1908 53.5888
vn -1.10509e-05 0.99717 0.0751775
v 76.405 -87.191 53.5956
vn -1.46035e-05 0.996504 0.0835491
v -2.65009 -87.0922 53.4824
vn -5.29498e-05 0.228791 0.973476
v 20.4076 -87.1045 53.4867
vn -3.64559e-05 0.253092 0.967442
v 76.405 -87.0922 53.4824
vn 5.295e-05 0.228791 0.973476
v 53.3473 -87.1045 53.4867
vn 3.64559e-05 0.253092 0.967442
v 17.1137 -86.2758 53.488
vn 0 -0.195272 0.980749
v 10.5258 -86.321 53.479
vn 0 -0.195272 0.980749
v 56.6413 -86.2758 53.488
vn 0 -0.195272 0.980749
v 63.2292 -86.321 53.479
vn 0 -0.195272 0.980749
v -2.65008 -86.2059 53.5821
vn 0 -0.980768 0.195177
v 20.4076 -86.2074 53.5746
vn 0 -0.980768 0.195177
v 53.3473 -86.2074 53.5746
vn 0 -0.980768 0.195177
v 76.405 -86.2083 53.5701
vn 0 -0.980768 0.195177
v 76.405 -85.3546 55.2394
vn 1.68062e-08 0.943376 -0.331725
v -2.65008 -85.3509 55.2459
vn -7.25724e-07 0.840327 -0.542079
v 76.405 -85.3404 55.2121
vn -1.03944e-06 0.213044 0.977043
v -2.65008 -85.3417 55.2125
vn 2.07883e-06 0.220388 0.975412
v -2.65008 -85.3504 54.2792
vn -5.16412e-07 0.754262 -0.656573
v 76.405 -85.3547 54.2765
vn 8.35601e-07 0.840103 -0.542428
v -2.65008 -85.3386 54.2472
vn 1.39942e-06 0.208657 0.977989
v 76.405 -85.3431 54.2481
vn -6.99719e-07 0.209678 0.977771
v -2.65008 -85.3367 54.2468
vn 0 0 1
v 23.7016 -85.3367 54.2468
vn 0 0 1
v -2.65008 -84.2738 54.2468
vn 0 0 1
v 76.405 -84.2738 54.2468
vn 0 0 1
v 50.0533 -85.3367 54.2468
vn 0 0 1
v 76.405 -85.3367 54.2468
vn 0 0 1
v -2.65008 -84.2738 54.244
vn 0 1 0
v 76.405 -84.2738 54.2341
vn 0 1 0
v -2.65008 -84.3425 54.1503
vn 0 0.195519 -0.9807
v 20.4076 -84.3375 54.1513
vn 0 0.195519 -0.9807
v 53.3473 -84.3375 54.1513
vn 0 0.195519 -0.9807
v 76.405 -84.3344 54.1519
vn 0 0.195519 -0.9807
v 17.1137 -84.2797 54.1969
vn 0 0.981462 -0.191656
v 23.7016 -84.2738 54.2271
vn 0 0.981462 -0.191656
v 56.6413 -84.2797 54.1969
vn 0 0.981462 -0.191656
v 50.0533 -84.2738 54.2271
vn 0 0.981462 -0.191656
v 76.405 -84.3525 54.1483
vn 0 0 -1
v -2.65008 -86.1045 54.1483
vn 0 0 -1
v -2.65008 -84.3525 54.1483
vn 0 0 -1
v 76.405 -86.1045 54.1483
vn 0 0 -1
v -2.65008 -86.1045 54.1483
vn 0 1 0
v -2.65008 -86.1045 52.3964
vn 0 1 0
v 76.405 -86.1045 54.1483
vn 0 1 0
v 76.405 -86.1045 52.3964
vn 0 1 0
v -2.65008 -86.1651 52.3212
vn 0 0.195519 -0.9807
v 20.4076 -86.1681 52.3206
vn 0 0.195519 -0.9807
v 53.3473 -86.1681 52.3206
vn 0 0.195519 -0.9807
v 76.405 -86.1732 52.3196
vn 0 0.195519 -0.9807
v -2.65008 -86.1065 52.3863
vn 0 0.980851 -0.194758
v 20.4076 -86.1075 52.3813
vn 0 0.980851 -0.194758
v 53.3473 -86.1075 52.3813
vn 0 0.980851 -0.194758
v 76.405 -86.1081 52.3783
vn 0 0.980851 -0.194758
v -2.65008 -86.1911 52.3176
vn 0 0 -1
v 76.405 -86.1963 52.3176
vn 0 0 -1
v -2.65008 -86.2029 52.3176
vn 0 -1 0
v -2.65008 -86.2029 53.3806
vn 0 -1 0
v 76.405 -86.2029 52.3176
vn 0 -1 0
v 76.405 -86.2029 53.3806
vn 0 -1 0
v 76.405 -86.205 53.3898
vn 4.70242e-07 -0.716655 -0.697428
v -2.65008 -86.2134 53.3977
vn -1.61935e-06 -0.645258 -0.763965
v -2.65008 -86.2419 53.3825
vn 2.0491e-06 0.976368 -0.216115
v 76.405 -86.2409 53.387
vn -1.02458e-06 0.976038 -0.217599
v -2.65008 -87.2737 51.3543
vn -1 0 0
v -2.65008 -87.2068 51.3334
vn -1 0 0
v -2.65008 -87.2264 53.5203
vn -1 0 0
v -2.65008 -86.1617 52.8861
vn -1 0 0
v -2.65008 -86.2616 53.5081
vn -1 0 0
v -2.65008 -86.6939 54.7378
vn -1 0 0
v -2.65008 -87.0861 54.1679
vn -1 0 0
v -2.65008 -86.1068 54.2033
vn -1 0 0
v -2.65008 -86.1241 55.13
vn -1 0 0
v -2.65008 -85.4643 54.3054
vn -1 0 0
v -2.65008 -84.2776 54.1854
vn -1 0 0
v -2.65008 -85.4755 55.291
vn -1 0 0
v -2.65008 -83.2838 55.2993
vn -1 0 0
v 76.405 -87.2737 51.3543
vn 1 0 0
v 76.405 -87.2068 51.3334
vn 1 0 0
v 76.405 -87.2264 53.5203
vn 1 0 0
v 76.405 -86.1415 52.3215
vn 1 0 0
v 76.405 -86.1594 54.1506
vn 1 0 0
v 76.405 -86.2616 53.5081
vn 1 0 0
v 76.405 -86.6939 54.7378
vn 1 0 0
v 76.405 -87.0861 54.1679
vn 1 0 0
v 76.405 -86.1241 55.13
vn 1 0 0
v 76.405 -84.8821 54.2048
vn 1 0 0
v 76.405 -85.4643 54.3054
vn 1 0 0
v 76.405 -85.4755 55.291
vn 1 0 0
v 76.405 -83.2903 55.2991
vn 1 0 0
v -3.08315 -54.5201 -40.8781
vn 1 0 0
v -3.08315 -85.3367 -39.5721
vn 1 0 0
v -3.08315 -82.3831 -40.9275
vn 1 0 0
v -3.08315 -54.8394 -41.0296
vn 1 0 0
v -3.08315 -27.1771 -40.8784
vn 1 0 0
v -3.08315 -81.9447 -41.1503
vn 1 0 0
v -3.08315 -27.2743 -41.2116
vn 1 0 0
v -3.08315 -54.4228 -41.2117
vn 1 0 0
v -3.08315 0.241476 -41.1074
vn 1 0 0
v -3.08315 -26.8576 -41.0296
vn 1 0 0
v -3.08315 0.738963 -41.1078
vn 1 0 0
v -3.08315 22.1281 -39.5721
vn 1 0 0
v -3.08315 22.1281 -42.7217
vn 1 0 0
v -3.08315 -85.3367 -42.7217
vn 1 0 0
v -3.08315 -54.7818 -41.2795
vn 1 0 0
v -3.08315 -26.9152 -41.2794
vn 1 0 0
v -3.20126 -54.7818 -41.2795
vn -1 0 0
v -3.20126 -85.3367 -42.7217
vn -1 0 0
v -3.20126 -81.9383 -41.1226
vn -1 0 0
v -3.20126 -82.3857 -41.2296
vn -1 0 0
v -3.20126 -26.9152 -41.2794
vn -1 0 0
v -3.20126 -54.4228 -41.2117
vn -1 0 0
v -3.20126 -54.8394 -41.0296
vn -1 0 0
v -3.20126 -85.3367 -39.6902
vn -1 0 0
v -3.20126 -27.2743 -41.2116
vn -1 0 0
v -3.20126 0.241476 -41.1074
vn -1 0 0
v -3.20126 0.739111 -41.1084
vn -1 0 0
v -3.20126 22.1281 -42.7217
vn -1 0 0
v -3.20126 -26.8576 -41.0296
vn -1 0 0
v -3.20126 22.1281 -39.6902
vn -1 0 0
v -3.20126 -82.3099 -40.8997
vn -1 0 0
v -3.20126 -27.1771 -40.8784
vn -1 0 0
v -3.20126 -54.5201 -40.8781
vn -1 0 0
v -3.14108 -85.3367 -42.7217
vn 0 -1 0
v -3.14108 -85.3367 -39.63
vn 0 -1 0
v -3.14108 22.1281 -42.7217
vn 0 1 0
v -3.14108 22.1281 -39.63
vn 0 1 0
v -3.08315 89.5575 -41.9958
vn 1 0 0
v -3.08315 90.0642 -42.7217
vn 1 0 0
v -3.08315 90.0642 -39.5721
vn 1 0 0
v -3.08315 55.199 -42.7217
vn 1 0 0
v -3.08315 61.6526 -41.1994
vn 1 0 0
v -3.08315 62.1201 -41.1743
vn 1 0 0
v -3.08315 61.9667 -40.8844
vn 1 0 0
v -3.08315 55.199 -39.5721
vn 1 0 0
v -3.20126 62.1201 -41.1743
vn -1 0 0
v -3.20126 61.9666 -40.8853
vn -1 0 0
v -3.20126 89.5573 -41.9963
vn -1 0 0
v -3.20126 90.0642 -39.6902
vn -1 0 0
v -3.20126 55.199 -39.6902
vn -1 0 0
v -3.20126 61.652 -41.2003
vn -1 0 0
v -3.20126 55.199 -42.7217
vn -1 0 0
v -3.20126 90.0642 -42.7217
vn -1 0 0
v -6.23276 90.0642 -39.63
vn 0 1 0
v -3.14108 90.0642 -39.63
vn 0 1 0
v -6.23276 55.199 -39.63
vn 0 -1 0
v -3.14108 55.199 -39.63
vn 0 -1 0
v 76.8381 -81.9447 -41.1502
vn -1 0 0
v 76.8381 -54.7818 -41.2795
vn -1 0 0
v 76.8381 -85.3367 -42.7217
vn -1 0 0
v 76.8381 -82.3829 -40.9272
vn -1 0 0
v 76.8381 -26.9152 -41.2794
vn -1 0 0
v 76.8381 -54.4228 -41.2117
vn -1 0 0
v 76.8381 -54.8394 -41.0296
vn -1 0 0
v 76.8381 -85.3367 -39.5721
vn -1 0 0
v 76.8381 -27.2743 -41.2116
vn -1 0 0
v 76.8381 0.738972 -41.1079
vn -1 0 0
v 76.8381 0.241477 -41.1075
vn -1 0 0
v 76.8381 22.1281 -42.7217
vn -1 0 0
v 76.8381 -26.8577 -41.0297
vn -1 0 0
v 76.8381 -27.1771 -40.8783
vn -1 0 0
v 76.8381 -54.52 -40.8784
vn -1 0 0
v 76.8381 22.1281 -39.5721
vn -1 0 0
v 76.9562 -82.3098 -40.8996
vn 1 0 0
v 76.9562 -54.52 -40.8784
vn 1 0 0
v 76.9562 -85.3367 -39.6902
vn 1 0 0
v 76.9562 -81.9382 -41.1226
vn 1 0 0
v 76.9562 -27.177 -40.8781
vn 1 0 0
v 76.9562 -54.8394 -41.0296
vn 1 0 0
v 76.9562 -82.3857 -41.2296
vn 1 0 0
v 76.9562 -54.7818 -41.2795
vn 1 0 0
v 76.9562 -85.3367 -42.7217
vn 1 0 0
v 76.9562 0.73911 -41.1086
vn 1 0 0
v 76.9562 0.241513 -41.1076
vn 1 0 0
v 76.9562 -26.8577 -41.0296
vn 1 0 0
v 76.9562 22.1281 -39.6902
vn 1 0 0
v 76.9562 -54.4228 -41.2117
vn 1 0 0
v 76.9562 -27.2743 -41.2116
vn 1 0 0
v 76.9562 -26.9152 -41.2794
vn 1 0 0
v 76.9562 22.1281 -42.7217
vn 1 0 0
v 79.9877 -85.3367 -39.63
vn 0 -1 0
v 76.896 -85.3367 -39.63
vn 0 -1 0
v 79.9877 22.1281 -39.63
vn 0 1 0
v 76.896 22.1281 -39.63
vn 0 1 0
v 76.8381 89.5575 -41.9958
vn -1 0 0
v 76.8381 61.6526 -41.1994
vn -1 0 0
v 76.8381 90.0642 -42.7217
vn -1 0 0
v 76.8381 55.199 -42.7217
vn -1 0 0
v 76.8381 62.1201 -41.1743
vn -1 0 0
v 76.8381 90.0642 -39.5721
vn -1 0 0
v 76.8381 55.199 -39.5721
vn -1 0 0
v 76.8381 61.9667 -40.8844
vn -1 0 0
v 76.9562 61.9666 -40.8853
vn 1 0 0
v 76.9562 55.199 -39.6902
vn 1 0 0
v 76.9562 61.652 -41.2003
vn 1 0 0
v 76.9562 90.0642 -39.6902
vn 1 0 0
v 76.9562 55.199 -42.7217
vn 1 0 0
v 76.9562 62.1201 -41.1743
vn 1 0 0
v 76.9562 89.5573 -41.9963
vn 1 0 0
v 76.9562 90.0642 -42.7217
vn 1 0 0
v 79.9877 55.199 -39.63
vn 0 -1 0
v 76.896 55.199 -39.63
vn 0 -1 0
v 79.9877 90.0642 -39.63
vn 0 1 0
v 76.896 90.0642 -39.63
vn 0 1 0
v -6.68945 -74.8643 -36.355
vn -1 0 0
v -6.68945 -83.2895 -35.9501
vn -1 0 0
v -6.68945 -83.2895 -36.4225
vn -1 0 0
v -6.62879 -74.8643 -35.8749
vn -0.195257 0 0.980752
v -6.62578 -77.3216 -35.8743
vn -0.195257 0 0.980752
v -6.64085 -81.1832 -35.8773
vn -0.195257 0 0.980752
v -6.61071 -80.4811 -35.8713
vn -0.195257 0 0.980752
v -6.68646 -77.3216 -35.935
vn -0.98077 0 0.195166
v -6.68586 -74.8643 -35.932
vn -0.98077 0 0.195166
v -6.68646 -80.8321 -35.935
vn -0.98077 0 0.195166
v -6.68586 -83.2895 -35.932
vn -0.98077 0 0.195166
v -6.61071 -79.0769 -35.8713
vn 0 0 1
v -6.59103 -74.8644 -35.8713
vn 0 0 1
v -6.59103 -83.2894 -35.8713
vn 0 0 1
v -6.61071 -80.4811 -35.8713
vn 0 0 1
v -6.57134 -74.8643 -35.8713
vn 1 0 0
v -6.57134 -74.8643 -38.0189
vn 1 0 0
v -6.57134 -83.2895 -38.0189
vn 1 0 0
v -6.57134 -83.2895 -35.8713
vn 1 0 0
v -6.55698 -76.9706 -38.0927
vn 0.98159 0 0.190999
v -6.57134 -76.2685 -38.0189
vn 0.98159 0 0.190999
v -6.55698 -81.1832 -38.0927
vn 0.98159 0 0.190999
v -6.57134 -80.4811 -38.0189
vn 0.98159 0 0.190999
v -6.40548 -74.8643 -38.21
vn 0.223431 0 0.97472
v -6.4177 -77.3216 -38.2072
vn 0.223431 0 0.97472
v -6.45434 -81.1832 -38.1988
vn 0.223431 0 0.97472
v -6.38105 -81.8853 -38.2156
vn 0.223431 0 0.97472
v -5.63237 -74.8643 -38.2406
vn 0.0333755 0 0.999443
v -6.38105 -74.8643 -38.2156
vn 0.0333755 0 0.999443
v -6.38105 -76.2685 -38.2156
vn 0.0333755 0 0.999443
v -5.63237 -77.6727 -38.2406
vn 0.0333755 0 0.999443
v -6.38105 -77.6727 -38.2156
vn 0.0333755 0 0.999443
v -6.38105 -79.0769 -38.2156
vn 0.0333755 0 0.999443
v -5.63237 -80.4811 -38.2406
vn 0.0333755 0 0.999443
v -6.38105 -80.4811 -38.2156
vn 0.0333755 0 0.999443
v -6.38105 -81.8853 -38.2156
vn 0.0333755 0 0.999443
v -5.60433 -74.8643 -38.2351
vn -0.676374 1.39618e-05 0.736558
v -5.58018 -83.2895 -38.2107
vn -0.744863 -4.61802e-05 0.667217
v -5.62449 -83.2895 -38.1238
vn -0.221312 2.56624e-05 -0.975203
v -5.61018 -74.8643 -38.127
vn -0.22201 -1.28313e-05 -0.975044
v -5.64024 -74.8643 -38.1225
vn 0 0 -1
v -5.6304 -77.6727 -38.1225
vn 0 0 -1
v -5.64024 -83.2895 -38.1225
vn 0 0 -1
v -5.6304 -80.4811 -38.1225
vn 0 0 -1
v -5.55953 -74.8643 -37.0525
vn 0 0 1
v -5.56478 -83.2895 -37.0525
vn 0 0 1
v -5.4743 -74.8643 -37.1243
vn 0.980766 0 0.19519
v -5.47782 -79.0769 -37.1066
vn 0.980766 0 0.19519
v -5.47591 -80.8321 -37.1161
vn 0.980766 0 0.19519
v -5.47651 -83.2895 -37.1131
vn 0.980766 0 0.19519
v -5.54161 -74.8643 -37.0545
vn 0.19203 0 0.981389
v -5.53659 -77.3216 -37.0555
vn 0.19203 0 0.981389
v -5.53659 -80.8321 -37.0555
vn 0.19203 0 0.981389
v -5.53358 -83.2895 -37.056
vn 0.19203 0 0.981389
v -5.46353 -74.8643 -38.2065
vn 0.812668 -0.0004645 0.582727
v -5.43756 -76.9699 -38.2303
vn 0.672684 -0.000101892 0.739929
v -5.44808 -81.1839 -38.2218
vn 0.676632 0.000117668 0.736321
v -5.44722 -83.2895 -38.221
vn 0.809424 0.000344239 0.587225
v -4.0937 -74.8643 -38.3208
vn 0.608505 0.000403572 0.79355
v -4.09633 -76.9698 -38.3152
vn 0.672658 0.000102129 0.739953
v -4.1067 -81.1839 -38.3082
vn 0.672658 -0.000102129 0.739953
v -4.08073 -83.2895 -38.332
vn 0.81266 -0.000464828 0.582738
v -4.07134 -79.0769 -38.3688
vn 1 0 0
v -4.07134 -74.8643 -38.3799
vn 1 0 0
v -4.07134 -83.2894 -38.3744
vn 1 0 0
v -4.07134 -80.4811 -38.3688
vn 1 0 0
v -4.07134 -74.8643 -38.391
vn 0 0 -1
v -6.43355 -83.2895 -38.391
vn 0 0 -1
v -6.43355 -74.8643 -38.391
vn 0 0 -1
v -4.07134 -83.2895 -38.391
vn 0 0 -1
v -6.4694 -83.2895 -38.4137
vn 0.942989 -7.42511e-07 -0.332825
v -6.46194 -74.8643 -38.4008
vn 0.839986 1.46329e-05 -0.542608
v -6.44087 -74.8643 -38.4683
vn 0.211423 -1.6038e-05 0.977395
v -6.44344 -83.2895 -38.4675
vn 0.217513 3.20756e-05 0.976057
v -6.43355 -74.8643 -38.4698
vn 1 0 0
v -6.43355 -74.8643 -43.0367
vn 1 0 0
v -6.43355 -83.2895 -38.4698
vn 1 0 0
v -6.43355 -83.2895 -43.0367
vn 1 0 0
v -6.50224 -74.8643 -43.1134
vn 0.19203 0 -0.981389
v -6.49722 -77.3216 -43.1124
vn 0.19203 0 -0.981389
v -6.49722 -80.8321 -43.1124
vn 0.19203 0 -0.981389
v -6.50224 -83.2895 -43.1134
vn 0.19203 0 -0.981389
v -6.43639 -79.0769 -43.051
vn 0.980766 0 -0.19519
v -6.43714 -74.8643 -43.0548
vn 0.980766 0 -0.19519
v -6.43654 -80.8321 -43.0518
vn 0.980766 0 -0.19519
v -6.43714 -83.2895 -43.0548
vn 0.980766 0 -0.19519
v -6.76619 -74.8643 -43.0467
vn -0.980766 0 -0.19519
v -6.76519 -77.3216 -43.0518
vn -0.980766 0 -0.19519
v -6.76519 -80.8321 -43.0518
vn -0.980766 0 -0.19519
v -6.76619 -83.2895 -43.0467
vn -0.980766 0 -0.19519
v -6.71959 -76.9706 -43.1095
vn -0.19203 0 -0.981389
v -6.68945 -76.2685 -43.1154
vn -0.19203 0 -0.981389
v -6.70452 -80.8321 -43.1124
vn -0.19203 0 -0.981389
v -6.70753 -83.2895 -43.1119
vn -0.19203 0 -0.981389
v -6.76736 -76.9706 -42.8155
vn -0.97651 0.00012321 0.215471
v -6.75546 -74.8643 -42.7902
vn -0.894274 0.000401424 0.447519
v -6.75031 -79.0769 -42.7838
vn -0.777268 0 0.62917
v -6.75256 -81.1831 -42.7869
vn -0.820455 -7.53055e-05 0.571712
v -6.75505 -83.2895 -42.7923
vn -0.835217 -0.000504219 0.54992
v -6.76676 -81.1832 -42.8181
vn -0.995486 0 0.0949092
v -6.76819 -80.4811 -42.8331
vn -0.995486 0 0.0949092
v -6.74513 -79.0769 -42.7774
vn -0.707053 0 0.707161
v -6.67802 -74.8664 -42.7103
vn -0.707053 0 0.707161
v -6.67815 -83.2863 -42.7104
vn -0.707053 0 0.707161
v -6.74513 -80.4811 -42.7774
vn -0.707053 0 0.707161
v -6.55166 -74.8643 -39.9265
vn -1 0 0
v -6.55166 -83.2895 -39.0069
vn -1 0 0
v -6.55166 -74.8643 -39.0069
vn -1 0 0
v -6.55166 -83.2895 -39.9265
vn -1 0 0
v -6.57972 -76.9705 -38.9002
vn -0.927031 -0.000437043 -0.374985
v -6.55166 -74.8643 -39.0069
vn -0.985225 -0.0013142 -0.171259
v -6.55265 -79.0769 -38.9975
vn -0.994519 0 -0.104558
v -6.59172 -74.8643 -38.881
vn -0.875189 -0.00129846 -0.48378
v -6.55526 -81.1828 -38.977
vn -0.984466 0.000174799 -0.175573
v -6.56038 -83.2895 -38.963
vn -0.979616 0.00123855 -0.200873
v -6.59736 -80.8321 -38.8821
vn -0.770621 0 -0.637293
v -6.60931 -83.2895 -38.8677
vn -0.770621 0 -0.637293
v -6.81488 -74.8643 -38.4476
vn -0.831628 0 0.555333
v -6.8035 -77.4387 -38.4306
vn -0.831628 0 0.555333
v -6.8035 -80.7151 -38.4306
vn -0.831628 0 0.555333
v -6.81488 -83.2895 -38.4476
vn -0.831628 0 0.555333
v -6.80949 -79.0769 -38.6574
vn -0.831628 0 -0.555333
v -6.81488 -74.8643 -38.6494
vn -0.831628 0 -0.555333
v -6.8035 -80.7151 -38.6664
vn -0.831628 0 -0.555333
v -6.81488 -83.2895 -38.6494
vn -0.831628 0 -0.555333
v -6.69666 -76.9702 -38.2872
vn -0.920615 -0.000437991 0.390472
v -6.70978 -74.8643 -38.3045
vn -0.89829 -0.00082229 0.439402
v -6.73848 -79.0769 -38.3565
vn -0.777399 0 0.629007
v -6.7207 -81.1833 -38.3323
vn -0.820553 0.00017649 0.57157
v -6.73361 -83.2895 -38.347
vn -0.825628 0.000913847 0.564214
v -6.69125 -80.8321 -38.2467
vn -0.995425 0 0.0955422
v -6.68945 -83.2895 -38.228
vn -0.995425 0 0.0955422
v -6.68945 -79.0769 -38.228
vn -1 0 0
v -6.68945 -74.8643 -36.5013
vn -1 0 0
v -6.68945 -74.8643 -38.228
vn -1 0 0
v -6.68945 -83.2895 -36.5013
vn -1 0 0
v -6.68945 -80.4811 -38.228
vn -1 0 0
v -6.68945 -83.2895 -38.228
vn -1 0 0
v -6.68945 -74.8643 -43.1154
vn 0 1 0
v -6.61071 -74.8643 -42.643
vn 0 1 0
v -6.53198 -74.8643 -42.3477
vn 0 1 0
v -6.46146 -74.8643 -43.1002
vn 0 1 0
v -6.49928 -74.8643 -39.2877
vn 0 1 0
v -6.58583 -74.8643 -38.3135
vn 0 1 0
v -6.622 -74.8643 -36.2251
vn 0 1 0
v -5.49178 -74.8643 -38.298
vn 0 1 0
v -5.57134 -74.8643 -37.0525
vn 0 1 0
v -6.68945 -83.2895 -43.1154
vn 0 -1 0
v -6.61071 -83.2895 -42.643
vn 0 -1 0
v -6.53198 -83.2895 -42.3477
vn 0 -1 0
v -6.46146 -83.2895 -43.1002
vn 0 -1 0
v -6.49928 -83.2895 -39.2877
vn 0 -1 0
v -6.58583 -83.2895 -38.3135
vn 0 -1 0
v -6.622 -83.2895 -36.2251
vn 0 -1 0
v -5.49178 -83.2895 -38.298
vn 0 -1 0
v -5.57134 -83.2895 -37.0525
vn 0 -1 0
v -6.68945 22.1281 -36.4225
vn -1 0 0
v -6.68945 11.0412 -35.9501
vn -1 0 0
v -6.68945 22.1281 -35.9501
vn -1 0 0
v -6.68945 11.0412 -36.4225
vn -1 0 0
v -6.62076 22.1281 -35.8733
vn -0.195257 0 0.980752
v -6.62578 18.8945 -35.8743
vn -0.195257 0 0.980752
v -6.64085 13.8129 -35.8773
vn -0.195257 0 0.980752
v -6.61071 14.7368 -35.8713
vn -0.195257 0 0.980752
v -6.68745 22.1281 -35.9401
vn -0.98077 0 0.195166
v -6.68646 18.8945 -35.935
vn -0.98077 0 0.195166
v -6.68745 11.0412 -35.9401
vn -0.98077 0 0.195166
v -6.68646 14.2748 -35.935
vn -0.98077 0 0.195166
v -6.59681 11.0412 -35.8713
vn 0 0 1
v -6.57696 22.1281 -35.8713
vn 0 0 1
v -6.57134 22.1281 -35.8713
vn 1 0 0
v -6.57134 22.1281 -38.0189
vn 1 0 0
v -6.57134 11.0412 -35.8713
vn 1 0 0
v -6.57134 11.0412 -38.0189
vn 1 0 0
v -6.50708 22.1281 -38.1471
vn 0.613813 -0.000644378 0.789451
v -6.50921 19.3599 -38.1492
vn 0.676808 -0.000210622 0.73616
v -6.48285 13.8095 -38.1704
vn 0.672827 0.000181925 0.7398
v -6.54785 11.0412 -38.111
vn 0.812671 0.000869813 0.582722
v -5.63237 22.1281 -38.2406
vn 0.0333755 0 0.999443
v -6.38105 22.1281 -38.2156
vn 0.0333755 0 0.999443
v -6.38105 20.2803 -38.2156
vn 0.0333755 0 0.999443
v -5.63237 18.4325 -38.2406
vn 0.0333755 0 0.999443
v -6.38105 18.4325 -38.2156
vn 0.0333755 0 0.999443
v -6.38105 16.5847 -38.2156
vn 0.0333755 0 0.999443
v -5.63237 14.7368 -38.2406
vn 0.0333755 0 0.999443
v -6.38105 14.7368 -38.2156
vn 0.0333755 0 0.999443
v -6.38105 12.889 -38.2156
vn 0.0333755 0 0.999443
v -5.60433 22.1281 -38.2351
vn -0.676374 1.061e-05 0.736558
v -5.58018 11.0412 -38.2107
vn -0.744863 -3.50932e-05 0.667217
v -5.6187 22.1281 -38.1251
vn -0.2201 -9.75088e-06 -0.975477
v -5.61513 11.0412 -38.126
vn -0.223221 1.95014e-05 -0.974768
v -5.64024 22.1281 -38.1225
vn 0 0 -1
v -5.6304 18.4325 -38.1225
vn 0 0 -1
v -5.64024 11.0412 -38.1225
vn 0 0 -1
v -5.6304 14.7368 -38.1225
vn 0 0 -1
v -5.56853 22.1281 -37.0525
vn 0 0 1
v -5.55861 11.0412 -37.0525
vn 0 0 1
v -5.47782 22.1281 -37.1066
vn 0.980766 0 0.19519
v -5.4743 16.5847 -37.1243
vn 0.980766 0 0.19519
v -5.47591 14.2748 -37.1161
vn 0.980766 0 0.19519
v -5.47651 11.0412 -37.1131
vn 0.980766 0 0.19519
v -5.54161 22.1281 -37.0545
vn 0.19203 0 0.981389
v -5.53659 18.8945 -37.0555
vn 0.19203 0 0.981389
v -5.53659 14.2748 -37.0555
vn 0.19203 0 0.981389
v -5.54161 11.0412 -37.0545
vn 0.19203 0 0.981389
v -5.45055 22.1281 -38.2177
vn 0.608547 -0.000306466 0.793518
v -5.44792 19.357 -38.2233
vn 0.672684 -7.74309e-05 0.739929
v -5.44951 13.8123 -38.2216
vn 0.761648 7.73845e-05 0.647991
v -5.44404 11.0412 -38.2244
vn 0.813221 0.000306037 0.581955
v -4.08073 22.1281 -38.332
vn 0.81266 0.000353237 0.582738
v -4.1067 19.3569 -38.3082
vn 0.672658 7.76107e-05 0.739953
v -4.1067 13.8123 -38.3082
vn 0.672658 -7.76107e-05 0.739953
v -4.08073 11.0412 -38.332
vn 0.81266 -0.000353237 0.582738
v -4.07134 11.0412 -38.3766
vn 1 0 0
v -4.07134 22.1281 -38.3878
vn 1 0 0
v -4.07134 22.1281 -38.391
vn 0 0 -1
v -6.43355 22.1281 -38.391
vn 0 0 -1
v -4.07134 11.0412 -38.391
vn 0 0 -1
v -6.43355 11.0412 -38.391
vn 0 0 -1
v -6.4694 11.0412 -38.4137
vn 0.942989 -5.64249e-07 -0.332825
v -6.46194 22.1281 -38.4008
vn 0.839986 1.112e-05 -0.542608
v -6.44087 22.1281 -38.4683
vn 0.211423 -1.21878e-05 0.977395
v -6.44344 11.0412 -38.4675
vn 0.217513 2.43749e-05 0.976057
v -6.43355 22.1281 -38.4698
vn 1 0 0
v -6.43355 22.1281 -43.0367
vn 1 0 0
v -6.43355 11.0412 -38.4698
vn 1 0 0
v -6.43355 11.0412 -43.0367
vn 1 0 0
v -6.49421 22.1281 -43.1119
vn 0.19203 0 -0.981389
v -6.49722 18.8945 -43.1124
vn 0.19203 0 -0.981389
v -6.49722 14.2748 -43.1124
vn 0.19203 0 -0.981389
v -6.50224 11.0412 -43.1134
vn 0.19203 0 -0.981389
v -6.43555 22.1281 -43.0467
vn 0.980766 0 -0.19519
v -6.43654 18.8945 -43.0518
vn 0.980766 0 -0.19519
v -6.43555 11.0412 -43.0467
vn 0.980766 0 -0.19519
v -6.43654 14.2748 -43.0518
vn 0.980766 0 -0.19519
v -6.7646 22.1281 -43.0548
vn -0.980766 0 -0.19519
v -6.76519 18.8945 -43.0518
vn -0.980766 0 -0.19519
v -6.76519 14.2748 -43.0518
vn -0.980766 0 -0.19519
v -6.7646 11.0412 -43.0548
vn -0.980766 0 -0.19519
v -6.71959 19.3564 -43.1095
vn -0.19203 0 -0.981389
v -6.68945 20.2803 -43.1154
vn -0.19203 0 -0.981389
v -6.70452 14.2748 -43.1124
vn -0.19203 0 -0.981389
v -6.70753 11.0412 -43.1119
vn -0.19203 0 -0.981389
v -6.76532 19.3564 -42.8094
vn -0.92069 0.000136488 0.390294
v -6.74752 16.5847 -42.7804
vn -0.777268 0 0.62917
v -6.76577 22.1281 -42.8151
vn -0.950292 0.000305168 0.311359
v -6.75256 13.813 -42.7869
vn -0.820455 -5.7227e-05 0.571712
v -6.75505 11.0412 -42.7923
vn -0.835217 -0.000383172 0.54992
v -6.76676 13.8129 -42.8181
vn -0.995486 0 0.0949092
v -6.76819 14.7368 -42.8331
vn -0.995486 0 0.0949092
v -6.68309 22.1281 -42.7154
vn -0.707053 0 0.707161
v -6.67181 11.0412 -42.7041
vn -0.707053 0 0.707161
v -6.55166 22.1281 -39.9265
vn -1 0 0
v -6.55166 22.1281 -39.0069
vn -1 0 0
v -6.55166 11.0412 -39.9265
vn -1 0 0
v -6.55166 11.0412 -39.0069
vn -1 0 0
v -6.57972 19.3565 -38.9002
vn -0.927031 -0.000332122 -0.374985
v -6.55249 22.1281 -38.9779
vn -0.951495 -0.000628749 -0.307663
v -6.55424 16.5847 -38.9824
vn -0.994519 0 -0.104558
v -6.55526 13.8132 -38.977
vn -0.984466 0.000132835 -0.175573
v -6.56038 11.0412 -38.963
vn -0.979617 0.000941215 -0.200873
v -6.58541 13.8129 -38.8966
vn -0.770621 0 -0.637293
v -6.60931 14.7368 -38.8677
vn -0.770621 0 -0.637293
v -6.81488 22.1281 -38.4476
vn -0.831628 0 0.555333
v -6.8035 18.7405 -38.4306
vn -0.831628 0 0.555333
v -6.81062 14.2748 -38.4413
vn -0.831628 0 0.555333
v -6.8035 11.0412 -38.4306
vn -0.831628 0 0.555333
v -6.8035 18.7405 -38.6664
vn -0.831628 0 -0.555333
v -6.81488 22.1281 -38.6494
vn -0.831628 0 -0.555333
v -6.8035 14.4288 -38.6664
vn -0.831628 0 -0.555333
v -6.81488 11.0412 -38.6494
vn -0.831628 0 -0.555333
v -6.69155 19.3565 -38.2719
vn -0.920615 -0.000332842 0.390472
v -6.74711 22.1281 -38.3672
vn -0.818024 -0.00100083 0.575183
v -6.74114 16.5847 -38.3598
vn -0.777399 0 0.629007
v -6.68643 22.1281 -38.2497
vn -0.960857 -0.000983953 0.277043
v -6.72853 13.8132 -38.3435
vn -0.820553 0.00013412 0.57157
v -6.72231 11.0412 -38.3301
vn -0.835016 0.000944132 0.550224
v -6.69304 13.8129 -38.2654
vn -0.995425 0 0.0955422
v -6.68945 14.7368 -38.228
vn -0.995425 0 0.0955422
v -6.68945 11.0412 -38.228
vn -1 0 0
v -6.68945 22.1281 -36.5013
vn -1 0 0
v -6.68945 22.1281 -38.228
vn -1 0 0
v -6.68945 11.0412 -36.5013
vn -1 0 0
v -6.52127 22.1281 -42.9266
vn 0 1 0
v -6.61408 22.1281 -38.4572
vn 0 1 0
v -6.622 22.1281 -36.2251
vn 0 1 0
v -5.49178 22.1281 -38.298
vn 0 1 0
v -5.57134 22.1281 -37.0525
vn 0 1 0
v -6.52127 11.0412 -42.9266
vn 0 -1 0
v -6.61408 11.0412 -38.4572
vn 0 -1 0
v -6.622 11.0412 -36.2251
vn 0 -1 0
v -5.49178 11.0412 -38.298
vn 0 -1 0
v -5.57134 11.0412 -37.0525
vn 0 -1 0
v -6.49001 90.2359 -39.5778
vn 0.000594697 0.219525 -0.975607
v -6.55932 76.6517 -42.6342
vn 0.00036997 0.219511 -0.97561
v -6.47404 74.4995 -43.1184
vn -4.40538e-05 0.219518 -0.975608
v -6.74513 76.0153 -42.7774
vn -0.707053 0 0.707161
v -6.66103 76.3536 -42.6933
vn -0.707053 0 0.707161
v -6.65555 55.2013 -42.6878
vn -0.707053 0 0.707161
v -6.74513 55.199 -42.7774
vn -0.707053 0 0.707161
v -6.75766 70.8113 -42.796
vn -0.935788 0.000223864 0.352564
v -6.76236 75.8348 -42.8179
vn -0.946396 0.000709778 0.323008
v -6.75256 60.4031 -42.7869
vn -0.820455 -3.04791e-05 0.571712
v -6.75505 55.199 -42.7923
vn -0.835217 -0.000204077 0.54992
v -6.76676 60.4031 -42.8181
vn -0.995486 0 0.0949092
v -6.76819 62.0553 -42.8331
vn -0.995486 0 0.0949092
v -6.74383 69.9473 -43.0864
vn -0.667629 3.56781e-05 -0.744494
v -6.73868 74.5594 -43.0999
vn -0.784556 0.000632804 -0.620057
v -6.76519 60.9343 -43.0518
vn -0.980766 0 -0.19519
v -6.7646 55.199 -43.0548
vn -0.980766 0 -0.19519
v -6.70452 60.876 -43.1124
vn -0.19203 0 -0.981389
v -6.70766 55.199 -43.1118
vn -0.19203 0 -0.981389
v -6.46306 74.5594 -43.0999
vn 0.784554 0.000632827 -0.620061
v -6.45791 69.9473 -43.0864
vn 0.667627 3.56807e-05 -0.744496
v -6.49722 60.876 -43.1124
vn 0.19203 0 -0.981389
v -6.50212 55.199 -43.1134
vn 0.19203 0 -0.981389
v -6.43714 55.199 -43.0548
vn 0.980766 0 -0.19519
v -6.43654 60.9343 -43.0518
vn 0.980766 0 -0.19519
v -6.68945 90.261 -36.4225
vn -1 0 0
v -6.68945 55.199 -35.9501
vn -1 0 0
v -6.68945 90.261 -35.9501
vn -1 0 0
v -6.68945 55.199 -36.4225
vn -1 0 0
v -6.62879 90.261 -35.8749
vn -0.195257 0 0.980752
v -6.62578 80.0346 -35.8743
vn -0.195257 0 0.980752
v -6.64085 63.9645 -35.8773
vn -0.195257 0 0.980752
v -6.61071 61.0427 -35.8713
vn -0.195257 0 0.980752
v -6.68745 90.261 -35.9401
vn -0.98077 0 0.195166
v -6.68646 80.0346 -35.935
vn -0.98077 0 0.195166
v -6.68646 65.4254 -35.935
vn -0.98077 0 0.195166
v -6.68586 55.199 -35.932
vn -0.98077 0 0.195166
v -6.59496 90.261 -35.8713
vn 0 0 1
v -6.58446 55.199 -35.8713
vn 0 0 1
v -6.57134 90.261 -35.8713
vn 1 0 0
v -6.57134 55.199 -38.0189
vn 1 0 0
v -6.57134 90.261 -38.0189
vn 1 0 0
v -6.57134 55.199 -35.8713
vn 1 0 0
v -6.50204 81.4966 -38.1488
vn 0.764095 -9.60683e-05 0.645104
v -6.50848 90.261 -38.161
vn 0.808855 -0.0003001 0.588007
v -6.5318 63.9634 -38.1237
vn 0.670118 9.60239e-05 0.742255
v -6.48226 55.199 -38.1771
vn 0.605904 0.000199473 0.795538
v -6.38105 72.73 -38.2156
vn 0.0333755 0 0.999443
v -5.63237 78.5737 -38.2406
vn 0.0333755 0 0.999443
v -5.63237 90.261 -38.2406
vn 0.0333755 0 0.999443
v -6.38105 90.261 -38.2156
vn 0.0333755 0 0.999443
v -5.63237 66.8863 -38.2406
vn 0.0333755 0 0.999443
v -6.38105 66.8863 -38.2156
vn 0.0333755 0 0.999443
v -6.38105 61.0427 -38.2156
vn 0.0333755 0 0.999443
v -5.60433 90.261 -38.2351
vn -0.676374 3.35494e-06 0.736558
v -5.58018 55.199 -38.2107
vn -0.744863 -1.10969e-05 0.667217
v -5.62449 90.261 -38.1238
vn -0.221312 -6.16653e-06 -0.975203
v -5.61018 55.199 -38.127
vn -0.22201 3.08328e-06 -0.975044
v -5.64024 90.261 -38.1225
vn 0 0 -1
v -5.6304 78.5737 -38.1225
vn 0 0 -1
v -5.64024 55.199 -38.1225
vn 0 0 -1
v -5.6304 66.8863 -38.1225
vn 0 0 -1
v -5.55861 90.261 -37.0525
vn 0 0 1
v -5.56853 55.199 -37.0525
vn 0 0 1
v -5.47651 90.261 -37.1131
vn 0.980766 0 0.19519
v -5.47576 72.73 -37.1169
vn 0.980766 0 0.19519
v -5.47591 65.4254 -37.1161
vn 0.980766 0 0.19519
v -5.47651 55.199 -37.1131
vn 0.980766 0 0.19519
v -5.54161 90.261 -37.0545
vn 0.19203 0 0.981389
v -5.53659 80.0346 -37.0555
vn 0.19203 0 0.981389
v -5.54161 55.199 -37.0545
vn 0.19203 0 0.981389
v -5.53659 65.4254 -37.0555
vn 0.19203 0 0.981389
v -5.46353 90.261 -38.2065
vn 0.812668 -0.000111616 0.582727
v -5.43755 81.4957 -38.2303
vn 0.672684 -2.44841e-05 0.739929
v -5.43755 63.9643 -38.2303
vn 0.672684 2.44841e-05 0.739929
v -5.46353 55.199 -38.2065
vn 0.812668 0.000111616 0.582727
v -4.08073 90.261 -38.332
vn 0.81266 0.000111695 0.582738
v -4.1067 81.4957 -38.3082
vn 0.672658 2.4541e-05 0.739953
v -4.07326 72.73 -38.3589
vn 0.981654 0 0.19067
v -4.11005 63.9645 -38.3
vn 0.745377 -3.34477e-05 0.666643
v -4.08073 55.199 -38.332
vn 0.81266 -0.000111695 0.582738
v -4.07134 90.261 -38.3777
vn 1 0 0
v -4.07134 55.199 -38.3836
vn 1 0 0
v -4.07134 90.261 -38.391
vn 0 0 -1
v -6.43355 90.261 -38.391
vn 0 0 -1
v -4.07134 55.199 -38.391
vn 0 0 -1
v -6.43355 55.199 -38.391
vn 0 0 -1
v -6.4694 55.199 -38.4137
vn 0.942989 -1.78421e-07 -0.332825
v -6.46194 90.261 -38.4008
vn 0.839986 3.5162e-06 -0.542608
v -6.44087 90.261 -38.4683
vn 0.211423 -3.85385e-06 0.977395
v -6.44344 55.199 -38.4675
vn 0.217513 7.70758e-06 0.976057
v -6.43355 55.199 -38.4698
vn 1 0 0
v -6.43355 55.199 -43.0367
vn 1 0 0
v -6.43355 74.8629 -43.0367
vn 1 0 0
v -6.43355 90.261 -39.5721
vn 1 0 0
v -6.43355 90.261 -38.4698
vn 1 0 0
v -6.55166 90.261 -39.5721
vn -1 0 0
v -6.55166 55.199 -39.0069
vn -1 0 0
v -6.55166 90.261 -39.0069
vn -1 0 0
v -6.55166 55.199 -39.9265
vn -1 0 0
v -6.55166 88.6862 -39.9265
vn -1 0 0
v -6.57973 81.4955 -38.9002
vn -0.927031 -0.000105019 -0.374985
v -6.55166 90.261 -39.0069
vn -0.985226 -0.000315794 -0.171259
v -6.55265 72.73 -38.9975
vn -0.994519 0 -0.104558
v -6.59172 90.261 -38.881
vn -0.875189 -0.000312012 -0.48378
v -6.55763 63.9645 -38.9635
vn -0.984466 4.20033e-05 -0.175573
v -6.55641 55.199 -38.983
vn -0.982858 0.000218837 -0.184363
v -6.59736 65.4254 -38.8821
vn -0.770621 0 -0.637293
v -6.60931 55.199 -38.8677
vn -0.770621 0 -0.637293
v -6.81488 90.261 -38.4476
vn -0.831628 0 0.555333
v -6.8035 79.5476 -38.4306
vn -0.831628 0 0.555333
v -6.8035 65.9124 -38.4306
vn -0.831628 0 0.555333
v -6.81488 55.199 -38.4476
vn -0.831628 0 0.555333
v -6.81488 90.261 -38.6494
vn -0.831628 0 -0.555333
v -6.8035 72.73 -38.6664
vn -0.831628 0 -0.555333
v -6.8035 65.9124 -38.6664
vn -0.831628 0 -0.555333
v -6.81488 55.199 -38.6494
vn -0.831628 0 -0.555333
v -6.69155 81.4955 -38.2719
vn -0.920615 -0.000105246 0.390472
v -6.72721 90.261 -38.3461
vn -0.890387 -0.000198442 0.455205
v -6.73158 72.73 -38.348
vn -0.777399 0 0.629007
v -6.72852 63.9646 -38.3435
vn -0.820553 4.24095e-05 0.57157
v -6.72231 55.199 -38.3301
vn -0.835017 0.00029854 0.550225
v -6.69304 63.9645 -38.2654
vn -0.995425 0 0.0955422
v -6.68945 66.8863 -38.228
vn -0.995425 0 0.0955422
v -6.68945 90.261 -38.228
vn -1 0 0
v -6.68945 90.261 -36.5013
vn -1 0 0
v -6.68945 55.199 -36.5013
vn -1 0 0
v -6.68945 55.199 -38.228
vn -1 0 0
v -6.39436 90.261 -39.3512
vn 0 1 0
v -6.58432 90.261 -38.313
vn 0 1 0
v -6.64601 90.261 -36.3941
vn 0 1 0
v -5.48486 90.261 -38.299
vn 0 1 0
v -5.57134 90.261 -37.0525
vn 0 1 0
v -6.45407 55.199 -43.1189
vn 0 -1 0
v -6.52863 55.199 -42.5795
vn 0 -1 0
v -6.59622 55.199 -38.4018
vn 0 -1 0
v -6.58883 55.199 -38.8939
vn 0 -1 0
v -6.622 55.199 -36.2251
vn 0 -1 0
v -5.49178 55.199 -38.298
vn 0 -1 0
v -5.57134 55.199 -37.0525
vn 0 -1 0
v 80.4589 74.5098 -43.1161
vn -0.00026348 0.219531 -0.975605
v 80.3918 76.4991 -42.6685
vn -0.000133078 0.219505 -0.975611
v 80.2599 78.0639 -42.3164
vn 0.000164259 0.219514 -0.975609
v 80.2044 74.5643 -43.1039
vn 0.000620839 0.219501 -0.975612
v 80.2672 88.5112 -39.9658
vn -0.00122391 0.219535 -0.975604
v 80.2158 90.2604 -39.5722
vn -0.000229622 0.219514 -0.975609
v 80.3066 55.199 -39.9265
vn 1 0 0
v 80.3066 90.261 -39.0069
vn 1 0 0
v 80.3066 55.199 -39.0069
vn 1 0 0
v 80.3066 90.261 -39.5721
vn 1 0 0
v 80.3066 88.6862 -39.9265
vn 1 0 0
v 80.1493 90.261 -39.3513
vn 0 1 0
v 80.3393 90.261 -38.313
vn 0 1 0
v 80.401 90.261 -36.3942
vn 0 1 0
v 79.2398 90.261 -38.299
vn 0 1 0
v 79.3263 90.261 -37.0525
vn 0 1 0
v 80.4444 55.199 -36.4225
vn 1 0 0
v 80.4444 90.261 -35.9501
vn 1 0 0
v 80.4444 55.199 -35.9501
vn 1 0 0
v 80.4444 90.261 -36.4225
vn 1 0 0
v 80.3838 55.199 -35.8749
vn 0.195519 0 0.9807
v 80.3807 65.4254 -35.8743
vn 0.195519 0 0.9807
v 80.3807 80.0346 -35.8743
vn 0.195519 0 0.9807
v 80.3838 90.261 -35.8749
vn 0.195519 0 0.9807
v 80.4408 55.199 -35.932
vn 0.980729 0 0.195375
v 80.4424 72.73 -35.9401
vn 0.980729 0 0.195375
v 80.4424 90.261 -35.9401
vn 0.980729 0 0.195375
v 80.4414 80.0346 -35.935
vn 0.980729 0 0.195375
v 80.3394 55.199 -35.8713
vn 0 0 1
v 80.3499 90.261 -35.8713
vn 0 0 1
v 80.3263 55.199 -35.8713
vn -1 0 0
v 80.3263 55.199 -38.0189
vn -1 0 0
v 80.3263 90.261 -35.8713
vn -1 0 0
v 80.3263 90.261 -38.0189
vn -1 0 0
v 80.2394 63.9634 -38.1726
vn -0.763967 9.53342e-05 0.645255
v 80.2912 55.199 -38.1213
vn -0.81511 0.000197895 0.579306
v 80.2867 81.4966 -38.1237
vn -0.670028 -9.52537e-05 0.742336
v 80.2372 90.261 -38.1771
vn -0.605883 -0.000199236 0.795554
v 80.136 55.199 -38.2156
vn -0.0333745 0 0.999443
v 79.3873 66.8863 -38.2406
vn -0.0333745 0 0.999443
v 79.3873 55.199 -38.2406
vn -0.0333745 0 0.999443
v 80.136 72.73 -38.2156
vn -0.0333745 0 0.999443
v 79.3873 78.5737 -38.2406
vn -0.0333745 0 0.999443
v 80.136 78.5737 -38.2156
vn -0.0333745 0 0.999443
v 80.136 84.4173 -38.2156
vn -0.0333745 0 0.999443
v 79.3462 90.261 -38.2253
vn 0.677157 3.72497e-06 0.735838
v 79.3541 55.199 -38.2255
vn 0.743045 -1.14581e-05 0.669242
v 79.3737 90.261 -38.1251
vn 0.219686 -3.21368e-06 -0.975571
v 79.3701 55.199 -38.126
vn 0.222934 6.42734e-06 -0.974834
v 79.3952 55.199 -38.1225
vn 0 0 -1
v 79.3854 66.8863 -38.1225
vn 0 0 -1
v 79.3952 90.261 -38.1225
vn 0 0 -1
v 79.3854 78.5737 -38.1225
vn 0 0 -1
v 79.3157 55.199 -37.0525
vn 0 0 1
v 79.3173 90.261 -37.0525
vn 0 0 1
v 79.2307 55.199 -37.1169
vn -0.980676 0 0.195638
v 79.2315 72.73 -37.1131
vn -0.980676 0 0.195638
v 79.2309 80.0346 -37.1161
vn -0.980676 0 0.195638
v 79.2315 90.261 -37.1131
vn -0.980676 0 0.195638
v 79.2915 65.4254 -37.0555
vn -0.192241 0 0.981348
v 79.2885 55.199 -37.056
vn -0.192241 0 0.981348
v 79.2966 90.261 -37.0545
vn -0.192241 0 0.981348
v 79.2915 80.0346 -37.0555
vn -0.192241 0 0.981348
v 79.2185 55.199 -38.2065
vn -0.812678 0.000109975 0.582713
v 79.1925 63.9643 -38.2303
vn -0.672478 2.33831e-05 0.740118
v 79.1925 81.4957 -38.2303
vn -0.672478 -2.33831e-05 0.740118
v 79.2185 90.261 -38.2065
vn -0.812678 -0.000109975 0.582713
v 77.8357 55.199 -38.332
vn -0.81291 -0.000113228 0.582389
v 77.8616 63.9643 -38.3082
vn -0.672993 -2.57656e-05 0.739649
v 77.8513 81.4957 -38.3153
vn -0.672993 2.57655e-05 0.739649
v 77.8486 90.261 -38.3208
vn -0.608711 9.82305e-05 0.793392
v 77.8263 90.261 -38.3766
vn -1 0 0
v 77.8263 55.199 -38.3878
vn -1 0 0
v 77.8263 55.199 -38.391
vn 0 0 -1
v 80.1885 55.199 -38.391
vn 0 0 -1
v 77.8263 90.261 -38.391
vn 0 0 -1
v 80.1885 90.261 -38.391
vn 0 0 -1
v 80.2244 55.199 -38.4136
vn -0.94297 1.0915e-07 -0.332879
v 80.2169 90.261 -38.4008
vn -0.83993 3.09878e-06 -0.542695
v 80.1924 55.199 -38.469
vn -0.21354 7.79767e-06 0.976934
v 80.2012 90.261 -38.4671
vn -0.214803 -3.89891e-06 0.976657
v 80.1885 55.199 -38.4698
vn -1 0 0
v 80.1885 55.199 -43.0367
vn -1 0 0
v 80.1885 66.8863 -38.4698
vn -1 0 0
v 80.1885 71.5856 -43.0367
vn -1 0 0
v 80.1885 90.261 -38.4698
vn -1 0 0
v 80.1885 90.261 -39.5721
vn -1 0 0
v 80.1885 78.5737 -38.4698
vn -1 0 0
v 80.1885 74.8629 -43.0367
vn -1 0 0
v 80.249 55.199 -43.1118
vn -0.192288 0 -0.981339
v 80.2521 60.876 -43.1124
vn -0.192288 0 -0.981339
v 80.2239 74.5545 -43.0984
vn -0.616497 0.000231037 -0.787357
v 80.0917 69.9058 -43.0355
vn -0.446848 2.5649e-05 -0.89461
v 80.1921 55.199 -43.0548
vn -0.980676 0 -0.195638
v 80.1915 60.9343 -43.0518
vn -0.980676 0 -0.195638
v 80.5196 55.199 -43.0548
vn 0.981292 0 -0.192527
v 80.5201 60.9343 -43.0518
vn 0.981292 0 -0.192527
v 80.62 69.9059 -43.0356
vn 0.446952 2.51914e-05 -0.894558
v 80.4878 74.5543 -43.0985
vn 0.61678 0.00023058 -0.787135
v 80.4745 60.115 -43.1095
vn 0.192241 0 -0.981348
v 80.4444 61.637 -43.1154
vn 0.192241 0 -0.981348
v 80.5154 60.403 -42.8027
vn 0.915955 -5.07214e-05 0.40128
v 80.516 55.199 -42.8021
vn 0.902088 -0.000210551 0.431553
v 80.5063 65.6072 -42.7851
vn 0.779053 0 0.626958
v 80.5088 75.9291 -42.7965
vn 0.914516 0.000363497 0.40455
v 80.5199 70.8112 -42.8098
vn 0.918972 0.000247581 0.394324
v 80.5001 55.199 -42.7774
vn 0.707107 0 0.707107
v 80.4105 55.2013 -42.6878
vn 0.707107 0 0.707107
v 80.4386 76.2758 -42.7159
vn 0.707107 0 0.707107
v 80.5001 69.0765 -42.7774
vn 0.707107 0 0.707107
v 80.3275 63.9644 -38.9146
vn 0.92695 0.00010528 -0.375186
v 80.3245 55.199 -38.9362
vn 0.945842 0.000197923 -0.324626
v 80.308 72.73 -38.9933
vn 0.994531 0 -0.104443
v 80.3126 81.4955 -38.9635
vn 0.984439 -4.22114e-05 -0.175726
v 80.3114 90.261 -38.983
vn 0.982821 -0.000219725 -0.184559
v 80.3404 81.4955 -38.8966
vn 0.770584 0 -0.637339
v 80.3643 78.5737 -38.8677
vn 0.770584 0 -0.637339
v 80.5584 55.199 -38.4306
vn 0.831439 0 0.555616
v 80.5698 65.1332 -38.4476
vn 0.831439 0 0.555616
v 80.5698 80.3268 -38.4476
vn 0.831439 0 0.555616
v 80.5584 90.261 -38.4306
vn 0.831439 0 0.555616
v 80.5584 55.199 -38.6664
vn 0.831439 0 -0.555616
v 80.5698 72.73 -38.6494
vn 0.831439 0 -0.555616
v 80.5584 90.261 -38.6664
vn 0.831439 0 -0.555616
v 80.5698 80.3268 -38.6494
vn 0.831439 0 -0.555616
v 80.4465 63.9645 -38.2719
vn 0.920501 0.000105438 0.390741
v 80.5021 55.199 -38.3672
vn 0.817844 0.000316112 0.57544
v 80.4961 72.73 -38.3598
vn 0.777258 0 0.629182
v 80.4414 55.199 -38.2498
vn 0.960801 0.000310862 0.27724
v 80.4835 81.4954 -38.3435
vn 0.820321 -4.27109e-05 0.571903
v 80.4773 90.261 -38.3301
vn 0.834797 -0.000298383 0.550557
v 80.448 81.4955 -38.2654
vn 0.995396 0 0.095844
v 80.4444 78.5737 -38.228
vn 0.995396 0 0.095844
v 80.4444 90.261 -38.228
vn 1 0 0
v 80.4444 55.199 -36.5013
vn 1 0 0
v 80.4444 55.199 -38.228
vn 1 0 0
v 80.4444 90.261 -36.5013
vn 1 0 0
v 80.2763 55.199 -42.9265
vn 0 -1 0
v 80.3691 55.199 -38.4573
vn 0 -1 0
v 80.377 55.199 -36.2252
vn 0 -1 0
v 79.2467 55.199 -38.298
vn 0 -1 0
v 79.3263 55.199 -37.0525
vn 0 -1 0
v 80.4444 -83.2895 -36.4225
vn 1 0 0
v 80.4444 -83.2895 -35.9501
vn 1 0 0
v 80.4444 22.1281 -36.4225
vn 1 0 0
v 80.4444 22.1281 -35.9501
vn 1 0 0
v 80.3838 -83.2895 -35.8749
vn 0.195519 0 0.9807
v 80.3807 -52.5427 -35.8743
vn 0.195519 0 0.9807
v 80.3757 -30.5807 -35.8733
vn 0.195519 0 0.9807
v 80.3807 0.16613 -35.8743
vn 0.195519 0 0.9807
v 80.4414 -52.5427 -35.935
vn 0.980729 0 0.195375
v 80.4408 -83.2895 -35.932
vn 0.980729 0 0.195375
v 80.443 -30.5807 -35.9432
vn 0.980729 0 0.195375
v 80.4395 22.1281 -35.9255
vn 0.980729 0 0.195375
v 80.3559 -83.2895 -35.8713
vn 0 0 1
v 80.3657 -30.5807 -35.8713
vn 0 0 1
v 80.346 22.1281 -35.8713
vn 0 0 1
v 80.3657 -13.0111 -35.8713
vn 0 0 1
v 80.3263 -83.2895 -35.8713
vn -1 0 0
v 80.3263 -83.2895 -38.0189
vn -1 0 0
v 80.3263 22.1281 -38.0189
vn -1 0 0
v 80.3263 22.1281 -35.8713
vn -1 0 0
v 80.2678 -83.2895 -38.1527
vn -0.617587 2.91909e-05 0.786502
v 80.3236 -56.9346 -38.0486
vn -0.962505 4.42478e-05 0.271264
v 80.179 -56.935 -38.218
vn -0.401017 4.10931e-05 0.916071
v 80.3215 -30.5807 -38.0435
vn -0.981479 0 0.191568
v 80.2526 -4.22613 -38.1751
vn -0.745297 -2.56797e-05 0.666733
v 80.33 22.1281 -38.0737
vn -0.883758 -8.40373e-05 0.467945
v 80.136 22.1281 -38.2156
vn -0.244258 -6.1165e-05 0.96971
v 80.136 -83.2895 -38.2156
vn -0.0333745 0 0.999443
v 79.3873 -48.1503 -38.2406
vn -0.0333745 0 0.999443
v 79.3873 -83.2895 -38.2406
vn -0.0333745 0 0.999443
v 79.3873 -13.0111 -38.2406
vn -0.0333745 0 0.999443
v 80.136 22.1281 -38.2156
vn -0.0333745 0 0.999443
v 79.3873 22.1281 -38.2406
vn -0.0333745 0 0.999443
v 80.136 -30.5807 -38.2156
vn -0.0333745 0 0.999443
v 80.136 -13.0111 -38.2156
vn -0.0333745 0 0.999443
v 79.3462 -83.2895 -38.2253
vn 0.677157 -1.23893e-06 0.735838
v 79.3541 22.1281 -38.2255
vn 0.743045 3.81098e-06 0.669242
v 79.3795 -83.2895 -38.1238
vn 0.220946 2.13774e-06 -0.975286
v 79.3651 22.1281 -38.127
vn 0.221675 -1.06887e-06 -0.975121
v 79.3952 -83.2895 -38.1225
vn 0 0 -1
v 79.3854 -48.1503 -38.1225
vn 0 0 -1
v 79.3952 22.1281 -38.1225
vn 0 0 -1
v 79.3854 -13.0111 -38.1225
vn 0 0 -1
v 79.3235 -83.2895 -37.0525
vn 0 0 1
v 79.3136 22.1281 -37.0525
vn 0 0 1
v 79.2315 -83.2895 -37.1131
vn -0.980676 0 0.195638
v 79.2309 -52.5427 -37.1161
vn -0.980676 0 0.195638
v 79.2309 -8.61869 -37.1161
vn -0.980676 0 0.195638
v 79.2299 22.1281 -37.1212
vn -0.980676 0 0.195638
v 79.2966 -83.2895 -37.0545
vn -0.192241 0 0.981348
v 79.2915 -52.5427 -37.0555
vn -0.192241 0 0.981348
v 79.2915 -8.61869 -37.0555
vn -0.192241 0 0.981348
v 79.2885 22.1281 -37.056
vn -0.192241 0 0.981348
v 79.2185 -83.2895 -38.2065
vn -0.812678 3.65777e-05 0.582713
v 79.1925 -56.9352 -38.2303
vn -0.672478 7.77723e-06 0.740118
v 79.226 -30.5807 -38.1796
vn -0.981347 0 0.192247
v 79.1912 -4.22626 -38.2383
vn -0.748099 -8.91976e-06 0.663587
v 79.2166 22.1281 -38.2096
vn -0.816222 -4.11334e-05 0.577739
v 77.8357 -83.2895 -38.332
vn -0.81291 -3.76597e-05 0.582389
v 77.8616 -56.9352 -38.3082
vn -0.672993 -8.56964e-06 0.739649
v 77.8282 -30.5807 -38.3589
vn -0.981967 0 0.189054
v 77.8557 -4.22625 -38.3063
vn -0.745719 1.17715e-05 0.666261
v 77.8486 22.1281 -38.3208
vn -0.608711 3.26716e-05 0.793392
v 77.8263 -30.5807 -38.3688
vn -1 0 0
v 77.8263 -83.2895 -38.3799
vn -1 0 0
v 77.8263 22.1281 -38.3799
vn -1 0 0
v 77.8263 -13.0111 -38.3688
vn -1 0 0
v 77.8263 -83.2895 -38.391
vn 0 0 -1
v 80.1885 22.1281 -38.391
vn 0 0 -1
v 80.1885 -83.2895 -38.391
vn 0 0 -1
v 77.8263 22.1281 -38.391
vn 0 0 -1
v 80.2244 22.1281 -38.4136
vn -0.94297 -3.63034e-08 -0.332879
v 80.2169 -83.2895 -38.4008
vn -0.83993 -1.03066e-06 -0.542695
v 80.1924 22.1281 -38.469
vn -0.21354 -2.59351e-06 0.976934
v 80.2012 -83.2895 -38.4671
vn -0.214803 1.29678e-06 0.976657
v 80.1885 -83.2895 -38.4698
vn -1 0 0
v 80.1885 -83.2895 -43.0367
vn -1 0 0
v 80.1885 22.1281 -38.4698
vn -1 0 0
v 80.1885 22.1281 -43.0367
vn -1 0 0
v 80.2491 -83.2895 -43.1119
vn -0.192288 0 -0.981339
v 80.2521 -52.5427 -43.1124
vn -0.192288 0 -0.981339
v 80.2521 -8.61869 -43.1124
vn -0.192288 0 -0.981339
v 80.2491 22.1281 -43.1119
vn -0.192288 0 -0.981339
v 80.1915 -52.5427 -43.0518
vn -0.980676 0 -0.195638
v 80.1921 -83.2895 -43.0548
vn -0.980676 0 -0.195638
v 80.1915 -8.61869 -43.0518
vn -0.980676 0 -0.195638
v 80.1921 22.1281 -43.0548
vn -0.980676 0 -0.195638
v 80.5211 -83.2895 -43.0467
vn 0.981292 0 -0.192527
v 80.5201 -52.5427 -43.0518
vn 0.981292 0 -0.192527
v 80.5196 -30.5807 -43.0548
vn 0.981292 0 -0.192527
v 80.5203 22.1281 -43.051
vn 0.981292 0 -0.192527
v 80.4745 -56.9351 -43.1095
vn 0.192241 0 -0.981348
v 80.4444 -48.1503 -43.1154
vn 0.192241 0 -0.981348
v 80.4587 -30.5807 -43.1126
vn 0.192241 0 -0.981348
v 80.4625 22.1281 -43.1119
vn 0.192241 0 -0.981348
v 80.5187 -56.9351 -42.8096
vn 0.915972 -1.00029e-05 0.401242
v 80.5105 -83.2895 -42.7902
vn 0.894922 -3.1266e-05 0.446223
v 80.5075 -4.22628 -42.7869
vn 0.820528 5.65743e-06 0.571606
v 80.5101 22.1281 -42.7923
vn 0.834721 3.8584e-05 0.550674
v 80.5217 -4.22627 -42.8181
vn 0.995649 0 0.0931838
v 80.5231 -13.0111 -42.8331
vn 0.995649 0 0.0931838
v 80.5001 -83.2895 -42.7774
vn 0.707107 0 0.707107
v 80.4105 -83.289 -42.6878
vn 0.707107 0 0.707107
v 80.4105 22.1274 -42.6878
vn 0.707107 0 0.707107
v 80.5001 22.1281 -42.7774
vn 0.707107 0 0.707107
v 80.3066 -83.2895 -39.9265
vn 1 0 0
v 80.3066 22.1281 -39.0069
vn 1 0 0
v 80.3066 -83.2895 -39.0069
vn 1 0 0
v 80.3066 22.1281 -39.9265
vn 1 0 0
v 80.3347 -56.9351 -38.9002
vn 0.92695 3.50164e-05 -0.375186
v 80.3109 -83.2895 -38.9661
vn 0.948801 7.94719e-05 -0.315875
v 80.308 -30.5807 -38.9933
vn 0.994531 0 -0.104443
v 80.3102 -4.22631 -38.977
vn 0.984439 -1.40396e-05 -0.175726
v 80.3153 22.1281 -38.963
vn 0.979564 -9.93876e-05 -0.201135
v 80.3524 -8.61869 -38.8821
vn 0.770584 0 -0.637339
v 80.3643 22.1281 -38.8677
vn 0.770584 0 -0.637339
v 80.5698 -83.2895 -38.4476
vn 0.831439 0 0.555616
v 80.5584 -51.0786 -38.4306
vn 0.831439 0 0.555616
v 80.5584 -10.0828 -38.4306
vn 0.831439 0 0.555616
v 80.5698 22.1281 -38.4476
vn 0.831439 0 0.555616
v 80.5584 -83.2895 -38.6664
vn 0.831439 0 -0.555616
v 80.5698 -53.4212 -38.6494
vn 0.831439 0 -0.555616
v 80.5584 -10.0828 -38.6664
vn 0.831439 0 -0.555616
v 80.5698 22.1281 -38.6494
vn 0.831439 0 -0.555616
v 80.4516 -56.9351 -38.2872
vn 0.920501 3.50687e-05 0.390741
v 80.4721 -83.2895 -38.3209
vn 0.898179 6.56676e-05 0.439631
v 80.4866 -30.5807 -38.348
vn 0.777258 0 0.629182
v 80.4835 -4.22631 -38.3435
vn 0.820321 -1.42057e-05 0.571903
v 80.4773 22.1281 -38.3301
vn 0.834797 -9.92426e-05 0.550557
v 80.448 -4.22627 -38.2654
vn 0.995396 0 0.095844
v 80.4444 -13.0111 -38.228
vn 0.995396 0 0.095844
v 80.4444 -83.2895 -38.228
vn 1 0 0
v 80.4444 -83.2895 -36.5013
vn 1 0 0
v 80.4444 -30.5807 -38.228
vn 1 0 0
v 80.4444 22.1281 -36.5013
vn 1 0 0
v 80.4444 -13.0111 -38.228
vn 1 0 0
v 80.4444 22.1281 -38.228
vn 1 0 0
v 80.209 -83.2895 -43.1189
vn 0 -1 0
v 80.2836 -83.2895 -42.5794
vn 0 -1 0
v 80.3512 -83.2895 -38.402
vn 0 -1 0
v 80.3438 -83.2895 -38.894
vn 0 -1 0
v 80.377 -83.2895 -36.2252
vn 0 -1 0
v 79.2467 -83.2895 -38.298
vn 0 -1 0
v 79.3263 -83.2895 -37.0525
vn 0 -1 0
v 80.2763 22.1281 -42.9265
vn 0 1 0
v 80.3691 22.1281 -38.4573
vn 0 1 0
v 80.377 22.1281 -36.2252
vn 0 1 0
v 79.2467 22.1281 -38.298
vn 0 1 0
v 79.3263 22.1281 -37.0525
vn 0 1 0
v -5.55257 -86.0608 -15.2801
vn -0.980806 -0.194985 0
v -5.56347 -86.006 -23.437
vn -0.980806 -0.194985 0
v -5.55847 -86.0311 6.47117
vn -0.980806 -0.194985 0
v -5.55448 -86.0512 31.8931
vn -0.980806 -0.194985 0
v -5.4214 -86.192 -15.2801
vn -0.195378 -0.980728 0
v -5.36662 -86.2029 -23.437
vn -0.195378 -0.980728 0
v -5.39173 -86.1979 6.47117
vn -0.195378 -0.980728 0
v -5.41182 -86.1939 31.8931
vn -0.195378 -0.980728 0
v -5.56797 -85.5307 -19.6985
vn -0.980785 -0.195093 0
v -5.56886 -85.5262 6.47117
vn -0.980785 -0.195093 0
v -5.57246 -85.5081 28.9023
vn -0.980785 -0.195093 0
v -5.56347 -85.5533 21.4252
vn -0.980785 -0.195093 0
v -5.68158 -85.4352 -23.437
vn -0.195179 -0.980768 0
v -5.63638 -85.4442 -15.9599
vn -0.195179 -0.980768 0
v -5.63638 -85.4442 28.9023
vn -0.195179 -0.980768 0
v -5.68158 -85.4352 36.3793
vn -0.195179 -0.980768 0
v -6.45177 -85.4387 -38.391
vn 0.20472 -0.978821 1.25484e-05
v -6.46238 -85.4404 6.47117
vn 0.195654 -0.980673 2.9847e-06
v -6.45846 -85.4397 25.1637
vn 0.19669 -0.980466 -9.49639e-06
v -6.45177 -85.4387 51.3334
vn 0.20472 -0.978821 -1.25484e-05
v -6.55179 -85.5507 -38.391
vn 0.994441 -0.105294 -4.66138e-05
v -6.548 -85.5313 -13.1893
vn 0.991498 -0.130122 -3.21043e-05
v -6.55179 -85.5507 51.3334
vn 0.994441 -0.105294 4.66136e-05
v -6.548 -85.5313 26.1317
vn 0.991498 -0.130122 3.21042e-05
v -4.71526 -87.1788 51.3334
vn 0.94264 -0.33381 1.38212e-07
v -4.71151 -87.1724 -38.391
vn 0.839286 -0.54369 -8.61485e-07
v -4.70099 -87.2061 -38.391
vn 0.208416 0.97804 5.90191e-07
v -4.70228 -87.2057 51.3334
vn 0.213198 0.977009 -1.18037e-06
v -4.69733 -87.2068 -38.391
vn 0 1 0
v -4.69733 -87.2068 -8.4829
vn 0 1 0
v -2.65008 -87.2068 -38.391
vn 0 1 0
v -2.65008 -87.2068 51.3334
vn 0 1 0
v -4.69733 -87.2068 21.4252
vn 0 1 0
v -4.69733 -87.2068 51.3334
vn 0 1 0
v -2.65008 -87.2096 -38.391
vn 1 0 0
v -2.65008 -87.2195 51.3334
vn 1 0 0
v -2.69869 -87.2993 -15.9599
vn 0.195198 -0.980764 0
v -2.72882 -87.3053 -8.4829
vn 0.195198 -0.980764 0
v -2.71074 -87.3017 6.47117
vn 0.195198 -0.980764 0
v -2.71376 -87.3023 32.6408
vn 0.195198 -0.980764 0
v -2.65608 -87.2566 -15.9599
vn 0.980703 -0.195504 0
v -2.65008 -87.2265 -23.437
vn 0.980703 -0.195504 0
v -2.65308 -87.2416 32.6408
vn 0.980703 -0.195504 0
v -2.65368 -87.2446 6.47117
vn 0.980703 -0.195504 0
v -6.51599 -86.0901 -15.9599
vn -0.980791 -0.195064 0
v -6.66583 -85.3367 -8.4829
vn -0.980791 -0.195064 0
v -6.66583 -85.3367 -23.437
vn -0.980791 -0.195064 0
v -6.51599 -86.0901 6.47117
vn -0.980791 -0.195064 0
v -6.66583 -85.3367 36.3793
vn -0.980791 -0.195064 0
v -6.66583 -85.3367 6.47117
vn -0.980791 -0.195064 0
v -6.51599 -86.0901 28.9023
vn -0.980791 -0.195064 0
v -4.69733 -87.3053 -38.391
vn -0.195155 -0.980772 0
v -5.45064 -87.1554 -15.9599
vn -0.195155 -0.980772 0
v -5.45064 -87.1554 -38.391
vn -0.195155 -0.980772 0
v -4.69733 -87.3053 -8.4829
vn -0.195155 -0.980772 0
v -4.69733 -87.3053 6.47117
vn -0.195155 -0.980772 0
v -5.45064 -87.1554 6.47117
vn -0.195155 -0.980772 0
v -4.69733 -87.3053 51.3334
vn -0.195155 -0.980772 0
v -5.45064 -87.1554 51.3334
vn -0.195155 -0.980772 0
v -6.61722 -83.2955 -15.9599
vn -0.195439 0.980716 0
v -6.58709 -83.2895 -8.4829
vn -0.195439 0.980716 0
v -6.61722 -83.2955 28.9023
vn -0.195439 0.980716 0
v -6.58709 -83.2895 36.3793
vn -0.195439 0.980716 0
v -6.66284 -83.3531 -12.2214
vn -0.980775 0.195142 0
v -6.66224 -83.3501 -38.391
vn -0.980775 0.195142 0
v -6.66284 -83.3531 25.1637
vn -0.980775 0.195142 0
v -6.66224 -83.3501 51.3334
vn -0.980775 0.195142 0
v -6.58014 -83.2895 -38.391
vn 0 1 0
v -6.57022 -83.2895 51.3334
vn 0 1 0
v -6.56741 -83.2895 -38.391
vn 1 0 0
v -6.56741 -85.3367 -38.391
vn 1 0 0
v -6.56741 -83.2895 51.3334
vn 1 0 0
v -6.56741 -85.3367 51.3334
vn 1 0 0
v -6.37743 -86.158 -38.391
vn 0.958445 0.285278 0
v -6.55307 -85.5679 -38.391
vn 0.958445 0.285278 0
v -6.37743 -86.158 -15.9599
vn 0.958445 0.285278 0
v -6.55307 -85.5679 -8.4829
vn 0.958445 0.285278 0
v -6.37743 -86.158 6.47117
vn 0.958445 0.285278 0
v -6.55307 -85.5679 6.47117
vn 0.958445 0.285278 0
v -6.55307 -85.5679 36.3793
vn 0.958445 0.285278 0
v -6.37743 -86.158 28.9023
vn 0.958445 0.285278 0
v -5.51858 -87.0168 -15.9599
vn 0.285353 0.958423 0
v -4.92846 -87.1925 -8.4829
vn 0.285353 0.958423 0
v -4.92846 -87.1925 -23.437
vn 0.285353 0.958423 0
v -4.92846 -87.1925 6.47117
vn 0.285353 0.958423 0
v -5.51858 -87.0168 6.47117
vn 0.285353 0.958423 0
v -5.51858 -87.0168 28.9023
vn 0.285353 0.958423 0
v -4.92846 -87.1925 36.3793
vn 0.285353 0.958423 0
v -4.91225 -87.191 -38.391
vn -0.0835955 0.9965 1.2831e-05
v -4.90548 -87.1908 -12.2214
vn -0.0752409 0.997165 9.71133e-06
v -4.90548 -87.1908 25.1637
vn -0.0752409 0.997165 -9.71133e-06
v -4.91225 -87.191 51.3334
vn -0.0835955 0.9965 -1.2831e-05
v -4.79915 -87.0922 -38.391
vn -0.973748 0.227629 -4.65175e-05
v -4.80531 -87.111 -13.1902
vn -0.96776 0.251875 -3.20282e-05
v -4.79915 -87.0922 51.3334
vn -0.973748 0.227629 4.65174e-05
v -4.80531 -87.111 26.1325
vn -0.96776 0.251875 3.20282e-05
v -4.80474 -86.2758 -15.9599
vn -0.980787 -0.195083 0
v -4.79575 -86.321 -23.437
vn -0.980787 -0.195083 0
v -4.80001 -86.2996 6.47117
vn -0.980787 -0.195083 0
v -4.80114 -86.2939 51.3334
vn -0.980787 -0.195083 0
v -4.89879 -86.2059 -38.391
vn -0.195179 -0.980768 0
v -4.89126 -86.2074 -12.2214
vn -0.195179 -0.980768 0
v -4.90343 -86.205 6.47117
vn -0.195179 -0.980768 0
v -4.87688 -86.2103 51.3334
vn -0.195179 -0.980768 0
v -6.55615 -85.3546 51.3334
vn 0.332317 0.943168 2.94271e-08
v -6.56258 -85.3509 -38.391
vn 0.542752 0.839893 -6.79797e-07
v -6.52879 -85.3404 -38.391
vn -0.977952 0.208831 7.70074e-07
v -6.52916 -85.3417 51.3334
vn -0.97661 0.215019 -1.54012e-06
v -5.59569 -85.3522 -38.391
vn 0.654441 0.756113 -6.58791e-07
v -5.6009 -85.346 51.3334
vn 0.858678 0.512515 1.6042e-06
v -5.57953 -85.3561 6.47117
vn -0.0745025 0.997221 -3.63136e-06
v -5.56422 -85.3404 -38.391
vn -0.977706 0.209979 7.65891e-07
v -5.5646 -85.3417 51.3334
vn -0.976365 0.21613 -1.53175e-06
v -5.56347 -85.3367 -38.391
vn -1 0 0
v -5.56347 -85.3367 -8.4829
vn -1 0 0
v -5.56347 -84.2738 -38.391
vn -1 0 0
v -5.56347 -84.2738 51.3334
vn -1 0 0
v -5.56347 -85.3367 21.4252
vn -1 0 0
v -5.56347 -85.3367 51.3334
vn -1 0 0
v -5.55452 -84.2738 -38.391
vn 0 1 0
v -5.55287 -84.2738 51.3334
vn 0 1 0
v -5.46864 -84.3344 -38.391
vn 0.980706 0.195489 0
v -5.46804 -84.3375 -12.2214
vn 0.980706 0.195489 0
v -5.46804 -84.3375 25.1637
vn 0.980706 0.195489 0
v -5.46864 -84.3344 51.3334
vn 0.980706 0.195489 0
v -5.51365 -84.2797 -15.9599
vn 0.192091 0.981377 0
v -5.54378 -84.2738 -8.4829
vn 0.192091 0.981377 0
v -5.51365 -84.2797 28.9023
vn 0.192091 0.981377 0
v -5.54378 -84.2738 21.4252
vn 0.192091 0.981377 0
v -5.46504 -84.3525 -38.391
vn 1 0 0
v -5.46504 -86.1045 -38.391
vn 1 0 0
v -5.46504 -86.1045 51.3334
vn 1 0 0
v -5.46504 -84.3525 51.3334
vn 1 0 0
v -5.46504 -86.1045 -38.391
vn 0 1 0
v -3.71307 -86.1045 51.3334
vn 0 1 0
v -3.71307 -86.1045 -38.391
vn 0 1 0
v -5.46504 -86.1045 51.3334
vn 0 1 0
v -3.63924 -86.1586 -38.391
vn 0.980703 0.195504 0
v -3.63571 -86.1763 6.47117
vn 0.980703 0.195504 0
v -3.63733 -86.1681 25.1637
vn 0.980703 0.195504 0
v -3.63633 -86.1732 51.3334
vn 0.980703 0.195504 0
v -3.698 -86.1075 -12.2214
vn 0.1952 0.980764 0
v -3.69499 -86.1081 -38.391
vn 0.1952 0.980764 0
v -3.70303 -86.1065 51.3334
vn 0.1952 0.980764 0
v -3.698 -86.1075 25.1637
vn 0.1952 0.980764 0
v -3.63433 -86.1902 51.3334
vn 1 0 0
v -3.63433 -86.2001 -38.391
vn 1 0 0
v -3.63433 -86.2029 -38.391
vn 0 -1 0
v -4.69733 -86.2029 -38.391
vn 0 -1 0
v -3.63433 -86.2029 51.3334
vn 0 -1 0
v -4.69733 -86.2029 51.3334
vn 0 -1 0
v -4.71083 -86.2084 -38.391
vn 0.698333 -0.715773 -4.98097e-07
v -4.70822 -86.2083 51.3334
vn 0.76312 -0.646257 1.54244e-06
v -4.69925 -86.2419 51.3334
vn 0.217671 0.976022 -1.77793e-06
v -4.70366 -86.2409 -38.391
vn 0.219139 0.975694 8.8899e-07
v -2.671 -87.2737 -38.391
vn 0 0 -1
v -2.65008 -87.2068 -38.391
vn 0 0 -1
v -4.83705 -87.2264 -38.391
vn 0 0 -1
v -4.20237 -86.1617 -38.391
vn 0 0 -1
v -4.82487 -86.2616 -38.391
vn 0 0 -1
v -6.05447 -86.6939 -38.391
vn 0 0 -1
v -5.48461 -87.0861 -38.391
vn 0 0 -1
v -5.52 -86.1068 -38.391
vn 0 0 -1
v -6.44671 -86.1241 -38.391
vn 0 0 -1
v -5.62212 -85.4643 -38.391
vn 0 0 -1
v -5.50207 -84.2776 -38.391
vn 0 0 -1
v -6.60773 -85.4755 -38.391
vn 0 0 -1
v -6.61597 -83.2838 -38.391
vn 0 0 -1
v -2.671 -87.2737 51.3334
vn 0 0 1
v -2.65008 -87.2068 51.3334
vn 0 0 1
v -4.83705 -87.2264 51.3334
vn 0 0 1
v -3.6382 -86.1415 51.3334
vn 0 0 1
v -5.46735 -86.1594 51.3334
vn 0 0 1
v -4.82487 -86.2616 51.3334
vn 0 0 1
v -6.05447 -86.6939 51.3334
vn 0 0 1
v -5.48461 -87.0861 51.3334
vn 0 0 1
v -6.44671 -86.1241 51.3334
vn 0 0 1
v -5.52148 -84.8825 51.3334
vn 0 0 1
v -5.62212 -85.4643 51.3334
vn 0 0 1
v -6.60773 -85.4755 51.3334
vn 0 0 1
v -6.61583 -83.2903 51.3334
vn 0 0 1
v 79.1764 -86.192 -15.2801
vn 0.195447 -0.980714 0
v 79.1216 -86.2029 -23.437
vn 0.195447 -0.980714 0
v 79.1467 -86.1979 6.47117
vn 0.195447 -0.980714 0
v 79.1668 -86.1939 31.8931
vn 0.195447 -0.980714 0
v 79.3075 -86.0608 -15.2801
vn 0.980782 -0.195105 0
v 79.3184 -86.006 -23.437
vn 0.980782 -0.195105 0
v 79.3134 -86.0311 33.887
vn 0.980782 -0.195105 0
v 79.3094 -86.0512 6.47117
vn 0.980782 -0.195105 0
v 78.6462 -86.2074 -19.6985
vn 0.195161 -0.980771 0
v 78.6537 -86.2059 6.47117
vn 0.195161 -0.980771 0
v 78.6236 -86.2119 28.9023
vn 0.195161 -0.980771 0
v 78.6688 -86.2029 21.4252
vn 0.195161 -0.980771 0
v 78.5507 -86.321 -23.437
vn 0.980733 -0.195352 0
v 78.5597 -86.2758 -15.9599
vn 0.980733 -0.195352 0
v 78.5597 -86.2758 28.9023
vn 0.980733 -0.195352 0
v 78.5507 -86.321 36.3793
vn 0.980733 -0.195352 0
v 78.5531 -87.0864 -38.391
vn 0.978941 0.204141 1.09326e-05
v 78.5577 -87.1114 6.47117
vn 0.980638 0.195829 2.99707e-06
v 78.5552 -87.0979 25.1637
vn 0.98043 0.196869 -9.53661e-06
v 78.5542 -87.0912 51.3334
vn 0.978775 0.204939 -1.26067e-05
v 78.6662 -87.1912 -38.391
vn 0.105743 0.994393 -4.59915e-05
v 78.6468 -87.1874 -13.1893
vn 0.130236 0.991483 -3.1675e-05
v 78.6662 -87.1912 51.3334
vn 0.105743 0.994393 4.59913e-05
v 78.6468 -87.1874 26.1317
vn 0.130236 0.991483 3.1675e-05
v 80.2899 -85.3504 51.3334
vn 0.656524 0.754305 4.81981e-07
v 80.2926 -85.3547 -38.391
vn 0.542404 0.840118 -7.81491e-07
v 80.322 -85.3386 51.3334
vn -0.976244 0.216675 -1.85141e-06
v 80.321 -85.3431 -38.391
vn -0.975905 0.218197 9.25734e-07
v 80.3224 -85.3367 -38.391
vn -1 0 0
v 80.3224 -85.3367 -8.4829
vn -1 0 0
v 80.3224 -83.2895 -38.391
vn -1 0 0
v 80.3224 -83.2895 51.3334
vn -1 0 0
v 80.3224 -85.3367 21.4252
vn -1 0 0
v 80.3224 -85.3367 51.3334
vn -1 0 0
v 80.3252 -83.2895 -38.391
vn 0 1 0
v 80.3351 -83.2895 51.3334
vn 0 1 0
v 80.4148 -83.3381 -15.9599
vn 0.980733 0.195351 0
v 80.4208 -83.3682 -23.437
vn 0.980733 0.195351 0
v 80.4172 -83.3501 6.47117
vn 0.980733 0.195351 0
v 80.4178 -83.3531 32.6408
vn 0.980733 0.195351 0
v 80.3722 -83.2955 -15.9599
vn 0.19502 0.980799 0
v 80.342 -83.2895 -23.437
vn 0.19502 0.980799 0
v 80.3571 -83.2925 32.6408
vn 0.19502 0.980799 0
v 80.3601 -83.2931 6.47117
vn 0.19502 0.980799 0
v 79.2056 -87.1554 -15.9599
vn 0.195159 -0.980772 0
v 78.4523 -87.3053 -8.4829
vn 0.195159 -0.980772 0
v 78.4523 -87.3053 -23.437
vn 0.195159 -0.980772 0
v 79.2056 -87.1554 6.47117
vn 0.195159 -0.980772 0
v 78.4523 -87.3053 36.3793
vn 0.195159 -0.980772 0
v 78.4523 -87.3053 6.47117
vn 0.195159 -0.980772 0
v 79.2056 -87.1554 28.9023
vn 0.195159 -0.980772 0
v 80.4208 -85.3367 -38.391
vn 0.980775 -0.195142 0
v 80.2709 -86.0901 -15.9599
vn 0.980775 -0.195142 0
v 80.2709 -86.0901 -38.391
vn 0.980775 -0.195142 0
v 80.4208 -85.3367 -8.4829
vn 0.980775 -0.195142 0
v 80.4208 -85.3367 6.47117
vn 0.980775 -0.195142 0
v 80.2709 -86.0901 6.47117
vn 0.980775 -0.195142 0
v 80.4208 -85.3367 51.3334
vn 0.980775 -0.195142 0
v 80.2709 -86.0901 51.3334
vn 0.980775 -0.195142 0
v 76.411 -87.2566 -15.9599
vn -0.980676 -0.195638 0
v 76.405 -87.2265 -23.437
vn -0.980676 -0.195638 0
v 76.411 -87.2566 28.9023
vn -0.980676 -0.195638 0
v 76.405 -87.2265 36.3793
vn -0.980676 -0.195638 0
v 76.4687 -87.3023 -12.2214
vn -0.194734 -0.980856 0
v 76.4657 -87.3017 -38.391
vn -0.194734 -0.980856 0
v 76.4737 -87.3033 51.3334
vn -0.194734 -0.980856 0
v 76.4687 -87.3023 25.1637
vn -0.194734 -0.980856 0
v 76.405 -87.2158 -38.391
vn -1 0 0
v 76.405 -87.2174 51.3334
vn -1 0 0
v 76.405 -87.2068 -38.391
vn 0 1 0
v 78.4523 -87.2068 -38.391
vn 0 1 0
v 76.405 -87.2068 51.3334
vn 0 1 0
v 78.4523 -87.2068 51.3334
vn 0 1 0
v 79.2735 -87.0168 -38.391
vn -0.285363 0.958419 0
v 78.6834 -87.1925 -38.391
vn -0.285363 0.958419 0
v 78.6834 -87.1925 -8.4829
vn -0.285363 0.958419 0
v 79.2735 -87.0168 -15.9599
vn -0.285363 0.958419 0
v 79.2735 -87.0168 6.47117
vn -0.285363 0.958419 0
v 78.6834 -87.1925 6.47117
vn -0.285363 0.958419 0
v 78.6834 -87.1925 36.3793
vn -0.285363 0.958419 0
v 79.2735 -87.0168 28.9023
vn -0.285363 0.958419 0
v 80.1324 -86.158 -15.9599
vn -0.958463 0.285216 0
v 80.308 -85.5679 -8.4829
vn -0.958463 0.285216 0
v 80.308 -85.5679 -23.437
vn -0.958463 0.285216 0
v 80.308 -85.5679 6.47117
vn -0.958463 0.285216 0
v 80.1324 -86.158 6.47117
vn -0.958463 0.285216 0
v 80.1324 -86.158 28.9023
vn -0.958463 0.285216 0
v 80.308 -85.5679 36.3793
vn -0.958463 0.285216 0
v 80.3065 -85.5517 -38.391
vn -0.996672 -0.081514 1.30058e-05
v 80.3064 -85.5449 -12.2214
vn -0.997328 -0.0730499 9.84144e-06
v 80.3064 -85.5449 25.1637
vn -0.997328 -0.0730499 -9.84144e-06
v 80.3065 -85.5517 51.3334
vn -0.996672 -0.081514 -1.30058e-05
v 80.2078 -85.4386 -38.391
vn -0.226588 -0.973991 -4.70186e-05
v 80.2265 -85.4447 -13.1899
vn -0.251063 -0.967971 -3.23763e-05
v 80.2078 -85.4386 51.3334
vn -0.226588 -0.973991 4.70185e-05
v 80.2265 -85.4447 26.1323
vn -0.251063 -0.967971 3.23763e-05
v 79.3913 -85.4442 -15.9599
vn 0.195161 -0.980771 0
v 79.4365 -85.4352 -23.437
vn 0.195161 -0.980771 0
v 79.4094 -85.4406 6.47117
vn 0.195161 -0.980771 0
v 79.4151 -85.4395 51.3334
vn 0.195161 -0.980771 0
v 79.3238 -85.5262 -38.391
vn 0.980733 -0.195352 0
v 79.3229 -85.5307 -12.2214
vn 0.980733 -0.195352 0
v 79.3227 -85.5319 6.47117
vn 0.980733 -0.195352 0
v 79.3238 -85.5262 51.3334
vn 0.980733 -0.195352 0
v 78.466 -87.1998 -38.391
vn -0.754255 0.656582 -4.42745e-07
v 78.4703 -87.1971 51.3334
vn -0.840156 0.542345 7.01382e-07
v 78.4542 -87.1679 51.3334
vn -0.21093 -0.977501 -1.2416e-06
v 78.4586 -87.1688 -38.391
vn -0.211967 -0.977277 6.20808e-07
v 78.4629 -86.2389 -38.391
vn -0.755969 0.654607 -4.62209e-07
v 78.4665 -86.2359 51.3334
vn -0.70331 0.710884 1.27558e-06
v 78.4717 -86.2189 6.47117
vn -0.997291 -0.0735606 -3.44786e-06
v 78.4559 -86.2037 -38.391
vn -0.208922 -0.977932 6.20806e-07
v 78.4572 -86.204 51.3334
vn -0.213973 -0.97684 -1.2416e-06
v 78.4523 -86.2029 -38.391
vn 0 -1 0
v 78.4523 -86.2029 -8.4829
vn 0 -1 0
v 77.3893 -86.2029 -38.391
vn 0 -1 0
v 77.3893 -86.2029 51.3334
vn 0 -1 0
v 78.4523 -86.2029 21.4252
vn 0 -1 0
v 78.4523 -86.2029 51.3334
vn 0 -1 0
v 77.3893 -86.2001 -38.391
vn -1 0 0
v 77.3893 -86.1902 51.3334
vn -1 0 0
v 77.4499 -86.1081 -38.391
vn -0.195351 0.980733 0
v 77.4529 -86.1075 -12.2214
vn -0.195351 0.980733 0
v 77.4529 -86.1075 25.1637
vn -0.195351 0.980733 0
v 77.458 -86.1065 51.3334
vn -0.195351 0.980733 0
v 77.3893 -86.1832 -23.437
vn -0.980676 0.195638 0
v 77.3953 -86.1531 -15.9599
vn -0.980676 0.195638 0
v 77.3953 -86.1531 28.9023
vn -0.980676 0.195638 0
v 77.3893 -86.1832 36.3793
vn -0.980676 0.195638 0
v 77.468 -86.1045 51.3334
vn 0 1 0
v 79.22 -86.1045 -38.391
vn 0 1 0
v 77.468 -86.1045 -38.391
vn 0 1 0
v 79.22 -86.1045 51.3334
vn 0 1 0
v 79.22 -86.1045 -38.391
vn -1 0 0
v 79.22 -84.3525 -38.391
vn -1 0 0
v 79.22 -86.1045 51.3334
vn -1 0 0
v 79.22 -84.3525 51.3334
vn -1 0 0
v 79.2918 -84.2752 -38.391
vn -0.192288 0.981339 0
v 79.2741 -84.2786 6.47117
vn -0.192288 0.981339 0
v 79.2836 -84.2768 25.1637
vn -0.192288 0.981339 0
v 79.2887 -84.2758 51.3334
vn -0.192288 0.981339 0
v 79.222 -84.3425 -38.391
vn -0.980724 0.195399 0
v 79.223 -84.3375 -12.2214
vn -0.980724 0.195399 0
v 79.222 -84.3425 51.3334
vn -0.980724 0.195399 0
v 79.223 -84.3375 25.1637
vn -0.980724 0.195399 0
v 79.3057 -84.2738 -38.391
vn 0 1 0
v 79.3156 -84.2738 51.3334
vn 0 1 0
v 79.3184 -84.2738 -38.391
vn 1 0 0
v 79.3184 -85.3367 -38.391
vn 1 0 0
v 79.3184 -84.2738 51.3334
vn 1 0 0
v 79.3184 -85.3367 51.3334
vn 1 0 0
v 79.3204 -85.3459 -38.391
vn 0.715696 0.698412 -5.21982e-07
v 79.3289 -85.3537 51.3334
vn 0.644459 0.764639 1.45829e-06
v 79.3574 -85.3386 -38.391
vn -0.976244 0.216675 1.85141e-06
v 79.3564 -85.3431 51.3334
vn -0.975905 0.218197 -9.25732e-07
v 80.3892 -83.3104 -38.391
vn 0 0 -1
v 80.3224 -83.2895 -38.391
vn 0 0 -1
v 80.3419 -85.4763 -38.391
vn 0 0 -1
v 79.2772 -84.8411 -38.391
vn 0 0 -1
v 79.377 -85.4643 -38.391
vn 0 0 -1
v 79.8094 -86.6939 -38.391
vn 0 0 -1
v 80.2016 -86.1241 -38.391
vn 0 0 -1
v 79.2223 -86.1594 -38.391
vn 0 0 -1
v 79.2395 -87.0861 -38.391
vn 0 0 -1
v 78.5798 -86.2616 -38.391
vn 0 0 -1
v 77.3932 -86.1415 -38.391
vn 0 0 -1
v 78.5911 -87.2472 -38.391
vn 0 0 -1
v 76.3993 -87.2554 -38.391
vn 0 0 -1
v 80.3892 -83.3104 51.3334
vn 0 0 1
v 80.3224 -83.2895 51.3334
vn 0 0 1
v 80.3419 -85.4763 51.3334
vn 0 0 1
v 79.257 -84.2776 51.3334
vn 0 0 1
v 79.2749 -86.1068 51.3334
vn 0 0 1
v 79.377 -85.4643 51.3334
vn 0 0 1
v 79.8094 -86.6939 51.3334
vn 0 0 1
v 80.2016 -86.1241 51.3334
vn 0 0 1
v 79.2395 -87.0861 51.3334
vn 0 0 1
v 77.9984 -86.161 51.3334
vn 0 0 1
v 78.5798 -86.2616 51.3334
vn 0 0 1
v 78.5911 -87.2472 51.3334
vn 0 0 1
v 76.4058 -87.2553 51.3334
vn 0 0 1
v -5.30077 93.5248 -39.6352
vn -1 0 0
v -5.30077 93.4578 -39.702
vn -1 0 0
v -6.23955 93.5248 -39.6352
vn 1 0 0
v -6.23955 93.4578 -39.702
vn 1 0 0
v -6.50441 92.3211 -39.6352
vn 0 1 0
v -6.43748 92.3211 -39.702
vn 0 1 0
v -6.50441 93.2599 -39.6352
vn 0 -1 0
v -6.43748 93.2599 -39.702
vn 0 -1 0
v -3.00934 88.7903 -40.3019
vn -0.0315336 -0.985813 0.164859
v -3.08315 88.7846 -40.3595
vn 0.00530696 -0.994771 0.101995
v -3.00934 88.8813 -40.0358
vn -0.0940057 -0.90455 0.415874
v -3.08315 88.8784 -40.0403
vn 0.0166247 -0.8773 0.479655
v -3.08315 88.9587 -39.943
vn -0.0301341 -0.706786 0.706786
v -3.03394 88.9576 -39.942
vn 0 -0.707107 0.707107
v -2.98473 88.9587 -39.943
vn 0.030134 -0.706786 0.706786
v -3.03394 89.3752 -39.769
vn -0.000322727 -0.119961 0.992779
v -3.03394 89.187 -39.8024
vn 0.0100648 -0.265015 0.964192
v -3.03394 89.3752 -39.769
vn 0 0 1
v -3.03394 90.1626 -39.769
vn 0 0 1
v -3.08315 88.8304 -42.6338
vn -1 0 0
v -3.08315 89.3888 -42.003
vn -1 0 0
v -3.08315 89.3871 -40.8507
vn -1 0 0
v -3.08315 88.8294 -39.8764
vn -1 0 0
v -3.08315 90.1626 -39.769
vn -1 0 0
v -3.08315 90.1626 -42.7217
vn -1 0 0
v -3.00934 89.3176 -42.716
vn -0.0315748 -0.164237 -0.985916
v -3.08315 89.3752 -42.7217
vn 0.00495909 -0.101454 -0.994828
v -3.02164 89.0587 -42.6284
vn -0.0468274 -0.463544 -0.884836
v -3.03394 88.9576 -42.5488
vn -0.00506652 -0.692783 -0.721128
v -2.98473 88.9587 -42.5477
vn 0.0316118 -0.706753 -0.706753
v -3.03394 88.7846 -42.1312
vn -0.000335581 -0.992734 -0.120327
v -3.03394 88.818 -42.3194
vn 0.0103206 -0.964192 -0.265005
v -3.03394 89.3752 -42.7217
vn 0 0 -1
v -3.03394 90.1626 -42.7217
vn 0 0 -1
v -4.75048 90.3471 -42.6324
vn -0.582294 6.36334e-05 -0.812978
v -4.82734 90.3594 -42.5743
vn -0.630734 -0.101746 -0.7693
v -4.55394 90.3163 -42.7101
vn -0.15633 -0.0230717 -0.987435
v -4.66479 90.3471 -42.6768
vn -0.311716 -0.0304722 -0.949687
v -4.85638 90.2856 -42.5488
vn -0.62926 0.0224136 -0.776871
v -4.76689 90.2979 -42.6222
vn -0.59337 -0.0217554 -0.804636
v -4.43879 90.3102 -42.7217
vn -0.100668 -0.0016003 -0.994919
v -3.18158 90.3594 -42.7217
vn 0 1 0
v -3.18158 90.3594 -39.769
vn 0 1 0
v -6.45506 90.3594 -40.9501
vn 0 1 0
v -6.45506 90.3594 -39.769
vn 0 1 0
v -4.68408 90.3594 -42.7207
vn 0 1 0
v -4.43879 90.3102 -42.7217
vn 0 0 -1
v -3.18158 90.3102 -42.7217
vn 0 0 -1
v 1.10976 93.5632 -41.5406
vn 0.145657 -0.089507 -0.985278
v 1.33575 93.5386 -41.4957
vn 0.30085 -0.0532008 -0.952186
v 1.10976 93.4894 -41.5406
vn 0.0712195 0 -0.997461
v 1.31561 93.4894 -41.502
vn 0.348922 -0.0228689 -0.936873
v 1.52628 93.4894 -41.3666
vn 0.70689 -0.031011 -0.706644
v 1.52734 93.5386 -41.3677
vn 0.721188 0.0047077 -0.692724
v 1.60368 93.5632 -41.2738
vn 0.783269 -0.0113091 -0.62158
v 1.69163 93.514 -41.0497
vn 0.973575 -0.00260278 -0.228353
v 1.68534 93.5878 -41.0753
vn 0.976784 0.028619 -0.212305
v 1.65115 93.514 -41.1858
vn 0.948559 0.00800224 -0.316499
v 1.60756 93.5878 -41.5227
vn 0 1 0
v -0.444172 93.5878 -40.939
vn 0 1 0
v 1.1938 93.5878 -41.5346
vn 0 1 0
v 1.05296 93.5878 -40.9238
vn 0 1 0
v -5.2738 93.5878 -41.5404
vn 0 1 0
v -5.10643 93.5878 -41.5356
vn 0 1 0
v -2.06343 93.5878 -40.9217
vn 0 1 0
v 1.70031 93.5878 -39.769
vn 0 1 0
v -1.01815 93.5878 -39.769
vn 0 1 0
v -6.45506 93.5878 -40.3595
vn 0 1 0
v -6.45506 93.5878 -39.769
vn 0 1 0
v -2.37737 93.5878 -39.769
vn 0 1 0
v -5.34103 93.5755 -41.4513
vn -0.582295 0.000176651 -0.812978
v -5.41789 93.5878 -41.3931
vn -0.630743 -0.101645 -0.769306
v -5.44693 93.514 -41.3677
vn -0.629275 0.0223814 -0.77686
v -5.35744 93.5263 -41.4411
vn -0.593378 -0.0218222 -0.804628
v -5.02934 93.5386 -41.5406
vn -0.110921 0.00485492 -0.993817
v -5.14456 93.5386 -41.5293
vn -0.150437 -0.00199181 -0.988618
v -6.51819 93.4754 -40.3595
vn -0.0291997 0.985832 -0.165174
v -6.49358 93.3788 -40.6832
vn -0.0943117 0.904534 -0.41584
v -6.56741 93.3817 -40.6788
vn 0.0175998 0.877313 -0.479596
v -6.56741 93.3014 -40.7761
vn -0.0308387 0.706182 -0.707359
v -6.51819 93.3025 -40.7771
vn 0 0.706518 -0.707695
v -6.46898 93.3014 -40.7761
vn 0.030845 0.706182 -0.707359
v -6.51819 92.8849 -40.9501
vn 0.000685137 0.145307 -0.989386
v -6.5305 93.1254 -40.8988
vn -0.00562977 0.341583 -0.939835
v -6.55514 93.4754 -39.769
vn 0 1 0
v -6.56741 93.4754 -40.3595
vn 0 1 0
v -6.46898 92.7857 -39.8497
vn 1 0 0
v -6.46898 93.3604 -40.9115
vn 1 0 0
v -6.46898 93.4754 -39.769
vn 1 0 0
v -6.46898 90.6437 -40.1482
vn 1 0 0
v -6.46898 90.3734 -40.9501
vn 1 0 0
v -5.44693 93.5386 -41.3677
vn -0.707131 0 -0.707083
v -6.45506 93.5386 -40.3595
vn -0.707131 0 -0.707083
v 1.61751 93.4894 -41.5191
vn 0 -1 0
v 1.06459 93.4894 -40.9173
vn 0 -1 0
v -0.455785 93.4894 -40.9364
vn 0 -1 0
v -2.05539 93.4894 -40.9558
vn 0 -1 0
v 1.70031 93.4894 -39.769
vn 0 -1 0
v -5.27402 93.4894 -41.5402
vn 0 -1 0
v -2.71718 93.4894 -39.769
vn 0 -1 0
v -5.38885 93.4894 -41.4186
vn 0 -1 0
v -6.45506 93.4894 -40.3595
vn 0 -1 0
v -6.45506 93.4894 -39.769
vn 0 -1 0
v -4.85638 90.3102 -42.5488
vn -0.707112 0 -0.707102
v -6.45506 90.3102 -40.9501
vn -0.707112 0 -0.707102
v -3.18158 90.261 -39.769
vn 0 -1 0
v -3.18158 90.261 -39.769
vn 0 -1 0
v -6.45506 90.261 -39.769
vn 0 -1 0
v -6.45506 90.261 -40.9501
vn 0 -1 0
v -4.68408 90.261 -42.7207
vn 0 -1 0
v -3.18158 90.261 -42.7217
vn 0 -1 0
v -3.15647 90.3544 -39.769
vn 0.19404 0.980994 0
v -3.14392 90.3519 -40.6302
vn 0.19404 0.980994 0
v -3.13638 90.3505 -41.2454
vn 0.19404 0.980994 0
v -3.14392 90.3519 -42.1066
vn 0.19404 0.980994 0
v -2.99222 90.2002 -40.6302
vn 0.980781 0.19511 0
v -2.99372 90.2078 -39.769
vn 0.980781 0.19511 0
v -2.98972 90.1877 -41.2454
vn 0.980781 0.19511 0
v -2.99222 90.2002 -42.1066
vn 0.980781 0.19511 0
v -3.15027 90.2833 -39.769
vn 0 0 1
v -3.00289 90.2162 -39.769
vn 0 0 1
v -3.15924 90.2923 -42.7217
vn 0 0 -1
v -3.00289 90.2162 -42.7217
vn 0 0 -1
v -2.98473 89.1239 -42.7062
vn 1 0 0
v -2.98473 89.3763 -41.9983
vn 1 0 0
v -2.98473 89.3706 -40.8507
vn 1 0 0
v -2.98473 89.8869 -39.6265
vn 1 0 0
v -2.98473 90.1626 -42.7217
vn 1 0 0
v -3.16274 90.2573 -39.769
vn -0.195257 -0.980752 0
v -3.16274 90.2573 -40.6302
vn -0.195257 -0.980752 0
v -3.14391 90.2535 -41.2454
vn -0.195257 -0.980752 0
v -3.17289 90.2593 -42.7217
vn -0.195257 -0.980752 0
v -3.0869 90.1814 -39.769
vn -0.980685 -0.195592 0
v -3.0869 90.1814 -40.6302
vn -0.980685 -0.195592 0
v -3.09065 90.2002 -41.9836
vn -0.980685 -0.195592 0
v -3.08315 90.1626 -42.2296
vn -0.980685 -0.195592 0
v -3.18158 90.3038 -39.7154
vn 1 0 0
v -3.18158 90.4579 -39.6214
vn 1 0 0
v -6.35547 90.4598 -39.5721
vn -0.999994 -0.00332682 0.000666107
v -6.3553 90.4655 -39.6706
vn -0.996551 -0.0829832 -0.000702735
v -6.36871 90.4729 -39.5721
vn 0.535316 -0.844652 -0.000320347
v -6.36871 90.4729 -39.6706
vn 0.530373 -0.847764 0.000639581
v 1.70031 93.3909 -39.5721
vn 0 0 1
v 1.70031 92.9579 -39.5721
vn 0 0 1
v -5.1821 92.9798 -39.5721
vn 0 0 1
v -6.26782 93.2149 -39.5721
vn 0 0 1
v -5.65452 92.1486 -39.5721
vn 0 0 1
v -2.64275 90.4579 -39.5721
vn 0 0 1
v -6.37049 90.4704 -39.5721
vn 0 0 1
v -6.37056 90.4718 -39.5721
vn 0 0 1
v -6.45506 90.3102 -39.769
vn -1 0 0
v -6.45506 90.3102 -40.9501
vn -1 0 0
v -6.41996 90.3873 -39.6872
vn -0.836624 0.425442 0.345049
v -6.35664 90.4579 -39.6542
vn -0.75233 0.65406 0.0787639
v -6.35664 90.4579 -39.5885
vn -0.882004 0.466626 0.0657901
v -6.40424 90.3704 -39.6167
vn -0.903418 0.383626 0.191486
v -6.44429 90.293 -39.6929
vn -0.975869 0.120131 0.182343
v -6.45045 90.3526 -39.7403
vn -0.984575 0.0363422 0.171147
v -6.45506 90.2733 -39.769
vn -0.997842 0.0036966 0.0655564
v -6.52938 90.3741 -39.76
vn 0.0702609 -0.985461 0.154696
v -6.48857 90.4094 -39.6324
vn 0.27025 -0.942237 0.197873
v -6.40007 90.4497 -39.6539
vn 0.561369 -0.79778 0.220027
v -6.37056 90.4718 -39.5885
vn 0.437129 -0.892372 0.112204
v -5.55746 90.3407 -39.7271
vn -0.000718596 0.522418 -0.852689
v -6.41529 90.411 -39.6755
vn -0.00106373 0.543748 -0.839248
v -4.11994 90.439 -39.6744
vn 0 0.195086 -0.980786
v -3.18158 90.439 -39.6744
vn 0 0.195086 -0.980786
v -3.18158 90.3631 -39.7502
vn 0 0.980782 -0.195105
v -4.13634 90.3631 -39.7502
vn 0 0.980782 -0.195105
v -5.49826 90.2717 -39.6653
vn 0.00113786 -0.512837 0.858485
v -6.41279 90.3653 -39.5873
vn 0.00148947 -0.596558 0.802569
v -4.11994 90.4202 -39.5796
vn 0 -0.195105 0.980782
v -3.18158 90.4121 -39.5812
vn 0 -0.195105 0.980782
v -3.99995 90.276 -39.6937
vn 0 -0.980733 0.195352
v -4.27274 90.261 -39.769
vn 0 -0.980733 0.195352
v -6.53456 90.3734 -39.769
vn 0 -1 0
v -6.53456 90.3734 -40.9501
vn 0 -1 0
v -6.40738 91.7609 -39.5825
vn -0.22616 0.00111985 0.97409
v -6.54873 93.4316 -39.6823
vn -0.842295 -0.00313594 0.539007
v -6.51759 90.3966 -39.621
vn -0.625706 0.00199675 0.780056
v -6.53627 91.1644 -39.6652
vn -0.746029 0.00342767 0.665904
v -6.5487 91.9244 -39.697
vn -0.975485 0.0015226 0.220061
v -6.35547 93.389 -39.5721
vn -0.999994 0.00347947 0.000671312
v -6.3553 93.3833 -39.6706
vn -0.996539 0.0831226 -0.000708297
v -6.36871 93.3759 -39.5721
vn 0.535316 0.844652 -0.000320347
v -6.36871 93.3759 -39.6706
vn 0.530373 0.847764 0.000639581
v -6.36481 93.3861 -39.6706
vn 0 0 -1
v -5.19887 93.0776 -39.6706
vn 0 0 -1
v -6.14963 93.24 -39.6706
vn 0 0 -1
v 1.70031 93.3909 -39.6706
vn 0 0 -1
v -2.64275 90.4579 -39.6706
vn 0 0 -1
v 1.70031 92.9579 -39.6706
vn 0 0 -1
v -5.61948 92.1545 -39.6706
vn 0 0 -1
v -6.37039 90.4712 -39.6706
vn 0 0 -1
v -6.37056 90.4718 -39.6706
vn 0 0 -1
v 1.70031 93.4036 -39.6731
vn 0 -0.195124 -0.980779
v -0.661935 93.4097 -39.6744
vn 0 -0.195124 -0.980779
v -3.67099 93.3909 -39.6706
vn -0.000228638 -0.26091 -0.965363
v -6.42851 93.4802 -39.725
vn -0.000433604 -0.696853 -0.717214
v -0.678341 93.4857 -39.7502
vn 0 -0.980782 -0.195105
v 1.70031 93.4849 -39.7464
vn 0 -0.980782 -0.195105
v -2.37751 93.4846 -39.7425
vn -1.4418e-05 -0.975292 -0.220918
v -6.45506 93.555 -39.769
vn -1 0 0
v -6.45506 93.555 -40.3595
vn -1 0 0
v -6.45437 93.5499 -39.7604
vn -0.98093 -0.0889927 0.17279
v -6.41306 93.4549 -39.6764
vn -0.819738 -0.498807 0.281463
v -6.40077 93.4792 -39.5961
vn -0.939548 -0.274193 0.205105
v -6.35664 93.3909 -39.5885
vn -0.893283 -0.434815 0.113936
v -6.35664 93.3909 -39.6542
vn -0.758661 -0.648708 0.0600931
v -6.45564 93.4176 -39.7232
vn 0.850864 0.000781222 -0.525385
v -6.39448 92.7932 -39.6768
vn 0.243993 0.003012 -0.969772
v -6.38453 91.2048 -39.6743
vn 0.52996 -0.00253136 -0.848019
v -6.4153 90.4145 -39.675
vn 0.558859 -0.000781402 -0.829263
v -6.45956 91.9244 -39.7327
vn 0.975572 -0.000764862 -0.21968
v -6.37056 93.377 -39.6214
vn 0.471982 0.86101 0.189458
v -6.46065 93.4246 -39.6111
vn 0.39986 0.900136 0.172823
v -6.53551 93.4647 -39.6936
vn 0.125247 0.975301 0.181939
v -6.48958 93.4747 -39.7611
vn 0.0350612 0.988945 0.14408
v -6.55514 93.4754 -39.769
vn 0.0107472 0.999016 0.0430339
v 1.70031 93.4364 -39.5811
vn 0 0.195105 0.980782
v -0.767987 93.4162 -39.5771
vn 0 0.195105 0.980782
v -2.36157 93.4413 -39.5811
vn 4.16075e-05 0.222522 0.974928
v -6.34232 93.4105 -39.5722
vn 0.00221811 0.510308 0.859989
v -6.42857 93.5619 -39.6427
vn 0.000803521 0.958364 0.285548
v 1.70031 93.5828 -39.7439
vn 0 0.980733 0.195352
v -0.678341 93.5803 -39.7313
vn 0 0.980733 0.195352
v -6.56741 92.7962 -40.3589
vn -1 0 0
v -6.56741 93.4754 -39.769
vn -1 0 0
v -6.56741 93.3744 -40.926
vn -1 0 0
v -6.56741 90.3734 -39.769
vn -1 0 0
v -6.56741 92.9689 -40.9441
vn -1 0 0
v -6.56741 90.9447 -40.3758
vn -1 0 0
v -6.56741 90.3734 -40.9501
vn -1 0 0
v 1.70031 93.545 -39.7154
vn 1 0 0
v 1.70031 93.4043 -39.6259
vn 1 0 0
v 1.70031 93.5386 -39.769
vn 1 0 0
v 1.70031 93.5386 -40.9501
vn 1 0 0
v -6.46898 90.3734 -40.9501
vn 0 0 -1
v -6.49358 92.8847 -40.9501
vn 0 0 -1
v 2.7376 96.5405 -38.391
vn 0.260501 0.965378 -0.0136181
v 2.6351 96.5784 -38.3049
vn 0.421205 0.906945 0.00615685
v 2.57099 96.6101 -38.391
vn 0.708131 0.70597 0.0125231
v 2.51205 96.7277 -38.2926
vn 0.96926 0.246017 -0.00323533
v 2.51205 96.7277 -38.391
vn 0.969991 0.243136 0.00138424
v 3.55193 96.5405 -38.3418
vn 0 1 0
v 2.7376 96.5405 -38.3418
vn 0 1 0
v 1.76513 93.9482 -38.391
vn 0.93768 -0.347286 0.0121716
v 1.76513 93.9482 -38.2926
vn 0.917625 -0.397266 -0.0120069
v 1.7024 93.8495 -38.391
vn 0.622109 -0.782851 -0.0111889
v 1.71083 93.8559 -38.3172
vn 0.609359 -0.792894 0.000877311
v 1.66325 93.8236 -38.3172
vn 0.533064 -0.846069 -0.00308143
v 1.55944 93.8002 -38.2926
vn 0.0318953 -0.999487 0.00293467
v 1.55579 93.7998 -38.3787
vn 0.0170946 -0.999854 6.56849e-06
v 0.441838 97.3279 -38.2926
vn 0 0 1
v -0.692886 97.3179 -38.2926
vn 0 0 1
v -0.701505 96.1053 -38.2926
vn 0 0 1
v 0.12123 96.5133 -38.2926
vn 0 0 1
v 1.59013 95.2848 -38.2926
vn 0 0 1
v -0.701505 94.0909 -38.2926
vn 0 0 1
v 1.71572 93.7944 -38.2926
vn 0 0 1
v 2.46115 96.795 -38.2926
vn 0 0 1
v 1.96988 97.3279 -38.2926
vn 0 0 1
v 3.55191 93.9619 -38.2926
vn 0 0 1
v 3.55193 96.5405 -38.2926
vn 0 0 1
v 3.55007 93.9769 -38.2926
vn 0 0 1
v 3.53801 93.9618 -38.2926
vn 0 0 1
v -0.79993 94.3528 -37.2099
vn -0.0138581 -0.260388 0.965405
v -0.886053 94.2503 -37.2478
vn 0.00611196 -0.420973 0.907053
v -0.79993 94.1862 -37.2796
vn 0.0129616 -0.707104 0.706991
v -0.898356 94.1273 -37.3971
vn -0.0015155 -0.969917 0.243433
v -0.79993 94.1273 -37.3971
vn 0.00350712 -0.969147 0.24646
v -0.898356 94.1166 -38.1942
vn 0 -1 0
v -0.881952 94.1166 -37.4462
vn 0 -1 0
v -0.79993 96.6957 -37.7795
vn 1 0 0
v -0.79993 97.4124 -37.2099
vn 1 0 0
v -0.79993 94.8328 -38.1036
vn 1 0 0
v -0.79993 94.1266 -37.2112
vn 1 0 0
v -0.79993 97.4124 -38.1942
vn 1 0 0
v -0.79993 94.1166 -38.1942
vn 1 0 0
v 2.50138 97.4264 -37.4462
vn 0.965418 0.0135434 0.260355
v 2.46351 97.5125 -37.3437
vn 0.907223 -0.00600418 0.420607
v 2.43176 97.4264 -37.2796
vn 0.708071 -0.0126026 0.706029
v 2.31423 97.5248 -37.2206
vn 0.246547 0.00372948 0.969124
v 2.31423 97.4264 -37.2206
vn 0.243499 -0.00164331 0.9699
v -0.786011 97.4264 -37.2099
vn 0 -1 0
v -0.786011 97.4264 -38.1942
vn 0 -1 0
v 2.4946 97.4264 -37.2123
vn 0 -1 0
v 2.50138 97.4264 -38.1942
vn 0 -1 0
v 2.50138 97.4756 -38.1942
vn 1 0 0
v 2.50138 97.4756 -37.4462
vn 1 0 0
v 3.60025 96.3681 -37.2355
vn -0.0433593 0.243236 0.968997
v 3.69854 96.3681 -37.2303
vn -0.0637774 0.257975 0.964044
v 3.60291 96.4709 -37.2862
vn -0.0501962 0.707476 0.704953
v 3.67631 96.4652 -37.2762
vn -0.0332315 0.721704 0.691404
v 3.67857 96.5019 -37.3195
vn -0.0366071 0.783688 0.620076
v 3.68278 96.5299 -37.3997
vn -0.0147841 0.970318 0.241378
v 3.61163 96.5405 -37.4526
vn -0.00653959 0.988555 0.150721
v 3.69353 96.5405 -37.4483
vn 0 1 0
v 3.74851 96.5405 -38.1839
vn 0 1 0
v 3.65022 96.5405 -38.189
vn 0 1 0
v 3.62801 96.5405 -37.4517
vn 0 1 0
v 3.59942 96.5323 -37.2196
vn -0.998616 -7.93776e-05 -0.0525934
v 3.65022 96.5405 -38.189
vn -0.99863 0 -0.0523317
v 3.65022 93.8773 -38.189
vn -0.99863 -2.62265e-08 -0.0523304
v 3.59927 93.8773 -37.2167
vn -0.99863 -3.07312e-07 -0.0523296
v 1.84899 93.8634 -37.3823
vn -0.970055 -0.00739679 0.242773
v 1.84899 93.7649 -37.3823
vn -0.966007 0.013585 0.25816
v 1.89984 93.8634 -37.2796
vn -0.708072 0.0126017 0.706027
v 1.89367 93.7896 -37.2853
vn -0.693711 -0.00193144 0.720251
v 1.93699 93.7896 -37.2485
vn -0.621646 0.0044624 0.783286
v 2.01739 93.7649 -37.2206
vn -0.246592 -0.00375094 0.969112
v 2.01739 93.8634 -37.2206
vn -0.24353 0.00165779 0.969892
v 1.83024 93.8141 -38.1942
vn -1 0 0
v 1.83024 93.8141 -37.4462
vn -1 0 0
v 2.73319 93.7649 -37.6131
vn 0 -1 0
v 1.83794 93.7649 -37.2145
vn 0 -1 0
v 3.63655 93.7649 -38.1942
vn 0 -1 0
v 1.83024 93.7649 -38.1942
vn 0 -1 0
v 3.58497 93.7649 -37.2099
vn 0 -1 0
v 3.53771 93.9713 -38.391
vn 0.97498 -0.222292 -0.000383984
v 3.53795 93.9679 -38.2926
vn 0.998624 0.0524364 0.000211907
v 3.55007 93.9769 -38.391
vn -0.553347 -0.832951 0.000352299
v 3.55007 93.9769 -38.2926
vn -0.548054 -0.836443 -0.000704506
v 0.0879302 96.5694 -38.391
vn 0 0 -1
v 0.906896 97.3279 -38.391
vn 0 0 -1
v -0.701505 94.0909 -38.391
vn 0 0 -1
v 1.59189 95.2859 -38.391
vn 0 0 -1
v 1.73758 93.7809 -38.391
vn 0 0 -1
v 1.55948 93.7977 -38.391
vn 0 0 -1
v 2.53376 96.5702 -38.391
vn 0 0 -1
v 3.55188 93.962 -38.391
vn 0 0 -1
v 2.50138 97.3279 -38.391
vn 0 0 -1
v 3.55193 96.5405 -38.391
vn 0 0 -1
v 3.55007 93.9769 -38.391
vn 0 0 -1
v 3.53801 93.9618 -38.391
vn 0 0 -1
v 3.40221 93.877 -38.3806
vn -0.00102843 -0.642714 -0.766105
v 1.83046 93.9182 -38.3841
vn -0.00221744 -0.147465 -0.989065
v 2.04375 93.7858 -38.2877
vn -0.00112702 -0.847516 -0.530768
v 3.1894 93.8941 -38.2578
vn 0.00196463 0.739725 0.672906
v 3.60633 93.8935 -38.2617
vn 0.00124247 0.820239 0.572019
v 1.83024 93.943 -38.2888
vn 0 0.195124 0.980779
v 2.34065 93.943 -38.2888
vn 0 0.195124 0.980779
v 2.35708 93.8672 -38.213
vn 0 0.980684 0.1956
v 1.83024 93.8672 -38.213
vn 0 0.980684 0.1956
v 3.53801 93.9618 -38.309
vn 0.762135 0.639922 -0.0982364
v 3.61263 93.876 -38.2683
vn 0.8674 0.364482 -0.338777
v 3.53801 93.9618 -38.391
vn 0.88864 0.449427 -0.0912924
v 3.61037 93.8172 -38.3273
vn 0.948181 0.222728 -0.226596
v 3.63319 93.835 -38.2166
vn 0.985695 0.0442072 -0.16264
v 3.63487 93.7841 -38.2082
vn 0.995871 0.0316023 -0.0851015
v 3.57136 96.5405 -38.2886
vn -0.199523 -0.000157349 0.979893
v 3.57077 95.7802 -38.2888
vn -0.195969 -0.000117043 0.98061
v 3.61416 93.9058 -38.2736
vn -0.574673 -0.00125403 0.818382
v 3.64848 94.7645 -38.2416
vn -0.837868 -0.000379778 0.545873
v 3.64724 96.5405 -38.2086
vn -0.987604 0.000495039 0.156967
v 3.64654 95.7638 -38.2104
vn -0.985878 0.000353248 0.167467
v 3.69936 93.8773 -38.1864
vn 0 -1 0
v 3.64841 93.8773 -37.2142
vn 0 -1 0
v 3.71085 93.878 -38.2028
vn -0.0873897 -0.981628 -0.169618
v 3.61592 93.9193 -38.2868
vn -0.49855 -0.819881 -0.281502
v 3.64021 93.9316 -38.3671
vn -0.272435 -0.940308 -0.203963
v 3.55193 93.9757 -38.309
vn -0.649418 -0.75802 -0.060517
v 3.55193 93.9757 -38.3746
vn -0.435097 -0.893167 -0.113765
v 3.65029 93.8773 -38.1916
vn 0 -1 0
v 3.74864 93.8773 -38.189
vn 0 -1 0
v 3.58497 93.8142 -37.2099
vn 0.99863 0 0.0523309
v 3.63655 93.8142 -38.1942
vn 0.99863 0 0.0523309
v 3.69888 93.9003 -38.3459
vn 0.557899 0.000352203 -0.829909
v 3.59711 96.5403 -38.3837
vn 0.151355 0.00161907 -0.988478
v 3.66555 95.2096 -38.3587
vn 0.464248 0.000880564 -0.885705
v 3.74757 96.5405 -38.2234
vn 0.971093 0.000735766 -0.2387
v 3.57445 96.5405 -38.3229
vn 0 1 0
v 3.72068 96.5405 -38.2559
vn 0 1 0
v 3.64842 93.8773 -37.2142
vn -0.0518178 -8.03188e-07 0.998657
v 3.64842 96.3043 -37.2141
vn -0.0518243 -8.8853e-08 0.998656
v 3.69772 96.5361 -37.2146
vn 0.998611 6.54158e-05 0.0526893
v 3.74851 93.8773 -38.1839
vn 0.99863 -2.30814e-07 0.052328
v 3.74851 96.5405 -38.1839
vn 0.99863 0 0.0523246
v 3.69756 93.8773 -37.2116
vn 0.99863 -9.42997e-07 0.0523311
v 1.84609 93.8634 -37.214
vn 0 1 0
v 2.73308 93.8634 -37.6058
vn 0 1 0
v 1.83024 93.8634 -38.1942
vn 0 1 0
v 3.63655 93.8634 -38.1942
vn 0 1 0
v 3.58497 93.8634 -37.2099
vn 0 1 0
v 1.83024 93.7767 -38.2383
vn -1 0 0
v 1.83024 93.9174 -38.318
vn -1 0 0
v 2.06664 93.7813 -37.2099
vn 0 0 1
v 3.58497 93.7649 -37.2099
vn 0 0 1
v 3.58497 93.8634 -37.2099
vn 0 0 1
v 2.06664 93.847 -37.2099
vn 0 0 1
v -0.8177 97.3784 -38.3665
vn -0.713771 -0.000169597 -0.700379
v -0.868482 94.1059 -38.3212
vn -0.806048 0.000161398 -0.59185
v -0.898356 97.4124 -37.2099
vn 0 1 0
v -0.881952 97.4124 -38.1942
vn 0 1 0
v -0.701505 97.314 -38.3142
vn 0.660617 0.750558 -0.0157556
v -0.741278 97.3484 -38.3019
vn 0.634688 0.757924 -0.150735
v -0.793703 97.3832 -38.2864
vn 0.364277 0.857369 -0.36362
v -0.769625 97.3821 -38.2623
vn 0.423227 0.8205 -0.384264
v -0.820867 97.3737 -38.3371
vn 0.301285 0.931773 -0.202548
v -0.701505 97.314 -38.3772
vn 0.428544 0.896839 -0.109678
v -0.796475 97.409 -38.2123
vn 0.0583708 0.984185 -0.167251
v -0.863477 97.4112 -38.2125
vn 0.0171331 0.9961 -0.0865501
v -0.878841 97.4027 -38.2795
vn 0.0719058 0.983805 -0.164186
v -0.701505 94.0909 -38.3746
vn -0.0866138 -0.996112 0.0161097
v -0.844691 94.1057 -38.3072
vn -0.0560155 -0.996339 0.064588
v -0.739406 94.0964 -38.3025
vn -0.132782 -0.99053 0.034926
v -0.701505 94.0909 -38.306
vn -0.154083 -0.98797 0.0132021
v -0.895872 94.1147 -38.2161
vn -0.0138444 -0.995828 0.0901992
v -0.831084 94.1147 -38.2088
vn -0.0179958 -0.993224 0.114815
v -0.849143 97.4124 -37.2099
vn 0 0 1
v -0.849143 94.3528 -37.2099
vn 0 0 1
v -0.898356 94.1266 -37.2112
vn -1 0 0
v -0.898356 97.4124 -37.2099
vn -1 0 0
v -0.898356 96.6908 -37.785
vn -1 0 0
v -0.898356 94.8253 -38.1019
vn -1 0 0
v -0.898356 97.4124 -38.1942
vn -1 0 0
v -0.898356 94.1166 -38.1942
vn -1 0 0
v -0.785155 94.1068 -38.2498
vn 0.805866 -0.000582186 0.592098
v -0.756194 94.9184 -38.2705
vn 0.745197 -0.000666644 0.666844
v -0.757678 96.5849 -38.2693
vn 0.661582 0.000934798 0.749872
v -0.791363 97.4048 -38.2426
vn 0.755523 0.000467458 0.655122
v -0.723069 97.3913 -38.3976
vn 0.000400476 0.374287 -0.927313
v 0.857802 97.3951 -38.3794
vn 0.00103802 0.364407 -0.931239
v 2.50125 97.3713 -38.3842
vn 0.00120988 0.147106 -0.98912
v 2.50147 97.4654 -38.3316
vn 0.000776289 0.706888 -0.707325
v 0.857545 97.5019 -38.2872
vn 2.89918e-05 0.880547 -0.473959
v -0.788747 97.528 -38.1967
vn 2.10871e-05 0.98578 -0.168041
v 2.50145 97.519 -38.2307
vn 0.000789327 0.98478 -0.173804
v 2.50138 97.4951 -38.2629
vn 1 0 0
v 2.50138 97.3592 -38.3149
vn 1 0 0
v -0.763575 97.4039 -38.2559
vn -0.846594 -0.339838 -0.409621
v -0.764526 97.4305 -38.276
vn -0.846594 -0.339838 -0.409621
v -0.780423 97.4981 -38.2537
vn -0.958425 -0.179893 -0.221493
v -0.740576 97.4339 -38.351
vn -0.930802 -0.296587 -0.213644
v -0.687586 97.3279 -38.3359
vn -0.786286 -0.617249 -0.0275229
v -0.703007 97.347 -38.307
vn -0.761564 -0.645642 -0.0562721
v -0.709474 97.368 -38.3701
vn -0.882673 -0.463776 -0.0761576
v -0.687586 97.3279 -38.3772
vn -0.885013 -0.465133 -0.0200956
v -0.786011 97.4756 -37.2099
vn -1 0 0
v -0.786011 97.4756 -38.1942
vn -1 0 0
v 2.26507 97.5084 -37.2099
vn 0 0 1
v -0.786011 97.5248 -37.2099
vn 0 0 1
v -0.786011 97.4264 -37.2099
vn 0 0 1
v 2.26507 97.4428 -37.2099
vn 0 0 1
v -0.786011 97.5248 -37.2099
vn 0 1 0
v 2.49779 97.5248 -37.2123
vn 0 1 0
v -0.786011 97.5248 -38.1942
vn 0 1 0
v 2.50138 97.5248 -38.1942
vn 0 1 0
v 0.0331626 97.3942 -38.2593
vn -0.00119588 -0.664469 0.747315
v -0.765294 97.4036 -38.265
vn -0.000546177 -0.767999 0.640451
v 2.50138 97.3468 -38.2888
vn 0 -0.195124 0.980779
v 1.55896 97.3468 -38.2888
vn 0 -0.195124 0.980779
v 1.54256 97.4226 -38.213
vn 0 -0.980684 0.1956
v 2.50138 97.4226 -38.213
vn 0 -0.980684 0.1956
v 1.81055 94.011 -38.391
vn 0 -1 0
v 1.81055 94.011 -38.2926
vn 0 -1 0
v -0.699365 97.3132 -38.2926
vn 0.392994 0.91954 -0.00116367
v -0.699365 97.3132 -38.391
vn 0.384746 0.92302 0.00217277
v -0.689063 97.316 -38.3418
vn -0.729593 0.683881 0.000690238
v -0.690685 97.3139 -38.391
vn -0.563195 0.826321 0.0022135
v -0.68752 97.3172 -38.2926
vn -0.846746 0.531995 -0.00172632
v -0.686743 97.3258 -38.391
vn -0.924232 -0.381829 0.00136228
v -0.686743 97.3258 -38.2926
vn -0.922492 -0.386015 -0.000738763
v 2.50138 96.7768 -38.3746
vn 1 0 0
v 2.50138 97.3279 -38.391
vn 1 0 0
v 2.50138 97.3279 -38.2926
vn 1 0 0
v 2.50138 96.7768 -38.309
vn 1 0 0
v -2.29723 97.4362 50.6151
vn 0.296985 0.00313513 -0.954877
v -2.38763 97.4362 50.5972
vn 0.220462 0.00767689 -0.975365
v -2.15141 97.4362 50.8334
vn 0.975247 0.00772556 -0.220985
v -2.16939 97.4362 50.743
vn 0.9547 -0.00320528 -0.297553
v -2.15141 97.4362 51.5814
vn 1 0 0
v -2.15141 97.4362 50.8334
vn 1 0 0
v -4.74785 97.387 50.6006
vn 0 -1 0
v -2.15141 97.387 51.5814
vn 0 -1 0
v -4.75637 97.387 51.5814
vn 0 -1 0
v -2.15993 97.387 50.6006
vn 0 -1 0
v -4.73745 97.4669 50.7434
vn -0.947148 -0.0457763 -0.317515
v -4.75637 97.4608 50.8334
vn -0.981874 -0.0308036 -0.187016
v -4.68718 97.4731 50.6663
vn -0.80454 -0.0487775 -0.591892
v -4.75235 97.387 50.8028
vn -0.96774 0.161579 -0.193315
v -4.73155 97.3993 50.7292
vn -0.946846 0.000734587 -0.321686
v -4.52015 97.4362 50.5972
vn -0.200373 0.00270325 -0.979716
v -4.61035 97.43 50.6156
vn -0.308166 0.0371112 -0.950608
v -4.68718 97.3993 50.6663
vn -0.592145 0.0486835 -0.804359
v -4.75637 97.387 51.5814
vn -1 0 0
v -4.75637 97.4116 50.8334
vn -1 0 0
v -6.51571 95.538 50.6082
vn 0.139461 0.292496 -0.946043
v -6.51571 95.6446 50.6663
vn 0.0597994 0.570542 -0.819088
v -6.4542 95.4775 50.5972
vn -0.035765 0.206228 -0.97785
v -6.4665 95.5679 50.6151
vn 0.0353144 0.294592 -0.95497
v -6.47881 95.7137 50.8334
vn -0.00770367 0.975373 -0.220427
v -6.4788 95.6958 50.743
vn -0.00316164 0.954799 -0.297235
v -6.4788 95.7137 51.5814
vn 0 1 0
v -6.4788 95.7137 50.8334
vn 0 1 0
v -6.42959 95.6974 50.6003
vn 1 0 0
v -6.42959 95.5387 50.6052
vn 1 0 0
v -6.42959 95.0781 51.0482
vn 1 0 0
v -6.42959 93.2344 51.0557
vn 1 0 0
v -6.42959 92.7786 50.6052
vn 1 0 0
v -6.42959 92.6199 50.6002
vn 1 0 0
v -6.42959 95.7137 51.5814
vn 1 0 0
v -6.42959 92.6035 51.5814
vn 1 0 0
v -6.49111 92.6215 50.743
vn -0.0354355 -0.954822 -0.295059
v -6.50341 92.6035 50.8334
vn 0.0353692 -0.977659 -0.2072
v -6.48496 92.7495 50.6156
vn 0.0371454 -0.308151 -0.950612
v -6.51571 92.6727 50.6663
vn 0.048577 -0.592296 -0.804255
v -6.42959 92.6076 50.8028
vn -0.159065 -0.968025 -0.193976
v -6.4419 92.6283 50.7292
vn 0.00120264 -0.946791 -0.321846
v -6.47881 92.8397 50.5972
vn 0.00279321 -0.200381 -0.979714
v -6.42959 92.6035 51.5814
vn 0 -1 0
v -6.4542 92.6035 50.8334
vn 0 -1 0
v -6.1992 91.4347 50.622
vn -0.32126 -0.0010455 -0.946991
v -6.12552 91.4224 50.6012
vn -0.192856 0.160181 -0.968064
v -6.09495 91.4962 50.5972
vn -0.206233 -0.0356121 -0.977855
v -6.18535 91.4839 50.6151
vn -0.29438 0.0355259 -0.955028
v -6.33117 91.4716 50.8334
vn -0.975234 0.00770697 -0.221041
v -6.31319 91.4716 50.743
vn -0.954697 -0.00318668 -0.297563
v -6.33117 91.4716 51.5814
vn -1 0 0
v -6.33117 91.4716 50.8334
vn -1 0 0
v -5.98863 91.5208 51.4699
vn 0 1 0
v -5.96514 91.5208 50.5744
vn 0 1 0
v -5.52902 91.4409 50.7434
vn 0.947178 0.0456699 -0.317441
v -5.51011 91.447 50.8334
vn 0.981893 0.0307501 -0.186925
v -5.57929 91.4347 50.6663
vn 0.80454 0.0487775 -0.591892
v -5.51413 91.5208 50.8028
vn 0.967802 -0.161246 -0.193285
v -5.53492 91.5085 50.7292
vn 0.946883 -0.000494501 -0.321576
v -5.74633 91.4716 50.5972
vn 0.200355 -0.00271091 -0.97972
v -5.65612 91.4777 50.6156
vn 0.308173 -0.0371126 -0.950606
v -5.57929 91.5085 50.6663
vn 0.592092 -0.0486138 -0.804403
v -5.51011 91.5208 51.5814
vn 1 0 0
v -5.51011 91.4962 50.8334
vn 1 0 0
v -4.08719 94.862 51.7352
vn -0.667421 0.744676 0.00261732
v -4.13959 94.8206 51.729
vn -0.615959 0.787749 -0.00681536
v -4.02829 94.9769 51.7198
vn -0.98237 0.186443 -0.0136945
v -4.02148 95.0252 51.7783
vn -0.988527 0.148535 0.0274329
v -4.13959 94.8206 51.7619
vn -0.499932 0.866065 0
v -4.75407 94.4659 51.7586
vn -0.499932 0.866065 0
v -4.13959 94.8206 51.6962
vn -0.499932 0.866065 0
v -4.75407 94.4659 51.6995
vn -0.499932 0.866065 0
v -4.87218 94.4342 51.6798
vn -0.0987093 0.995115 0.00187163
v -4.85697 94.4352 51.7339
vn -0.0688179 0.997629 -0.000971565
v -4.83646 94.437 51.766
vn -0.111238 0.993794 0.00019553
v -4.87218 94.4342 51.7684
vn -0.0586119 0.99825 0.00782304
v -4.75407 94.4659 51.7093
vn -0.4425 0.896766 -0.00225257
v -4.7864 94.4505 51.7044
vn -0.41032 0.911934 0.00369009
v -4.75407 94.4659 51.7684
vn -0.44835 0.893829 0.00716335
v -4.7864 94.4505 51.766
vn -0.401345 0.915926 -0.00103054
v -4.87218 94.4342 51.7684
vn 0 1 0
v -5.42566 94.4342 51.7783
vn 0 1 0
v -5.42566 94.4342 51.6798
vn 0 1 0
v -4.87218 94.4342 51.6896
vn 0 1 0
v -5.42566 94.4342 51.729
vn 0 1 0
v -4.87218 94.4342 51.729
vn 0 1 0
v -5.6439 94.58 51.729
vn 0.954791 0.297262 -0.00315336
v -5.66188 94.6704 51.729
vn 0.975229 0.221066 -0.00768631
v -5.42566 94.4342 51.729
vn 0.221428 0.975147 -0.00763189
v -5.51606 94.4522 51.729
vn 0.297467 0.954727 0.00309181
v -5.66188 95.7137 51.7783
vn 1 0 0
v -5.66188 94.671 51.7537
vn 1 0 0
v -4.03947 96.4734 51.7167
vn -0.954972 -0.294738 0.0340192
v -4.02148 96.383 51.7044
vn -0.977682 -0.206952 -0.0361894
v -4.16769 96.6004 51.729
vn -0.328584 -0.944453 0.00642042
v -4.09067 96.5501 51.6921
vn -0.592122 -0.804379 -0.0486395
v -4.02551 96.4136 51.7783
vn -0.96774 -0.193216 0.161702
v -4.0463 96.4873 51.766
vn -0.946976 -0.321302 0.00129322
v -4.2577 96.6193 51.729
vn -0.183322 -0.982936 0.015147
v -4.09067 96.5501 51.766
vn -0.592122 -0.804379 0.0486395
v -4.02148 96.383 51.729
vn -1 0 0
v -4.02148 95.0252 51.729
vn -1 0 0
v -4.75637 96.6193 51.729
vn 0 -1 0
v -4.2577 96.6193 51.729
vn 0 -1 0
v -4.75637 96.6193 51.7783
vn 0.178673 -0.983865 -0.00928349
v -5.2493 96.4733 51.7414
vn 0.431146 -0.901683 0.0328823
v -5.39503 96.3524 51.7783
vn 0.706507 -0.706197 -0.0461966
v -5.39666 96.354 51.729
vn 0.721187 -0.692711 0.00641921
v -5.5137 96.21 51.7044
vn 0.783266 -0.621429 -0.0178889
v -5.58327 96.0825 51.7414
vn 0.961932 -0.273281 -0.001997
v -5.66188 95.7137 51.729
vn 0.995861 -0.0908931 -6.9057e-06
v -6.33117 91.5816 51.7708
vn 0 -0.195105 0.980782
v -6.09169 91.5816 51.7708
vn 0 -0.195105 0.980782
v -5.74958 91.5816 51.7708
vn 0 -0.195105 0.980782
v -5.51011 91.5816 51.7708
vn 0 -0.195105 0.980782
v -6.09169 91.4299 51.6191
vn 0 -0.980731 0.195361
v -6.33117 91.4299 51.6191
vn 0 -0.980731 0.195361
v -5.74958 91.4299 51.6191
vn 0 -0.980731 0.195361
v -5.51011 91.4299 51.6191
vn 0 -0.980731 0.195361
v -6.33117 91.4652 51.635
vn -1 0 0
v -6.33117 91.6059 51.7245
vn -1 0 0
v -5.51011 91.4406 51.635
vn 1 0 0
v -5.51011 91.5947 51.7045
vn 1 0 0
v -5.98863 91.4224 51.4699
vn 0 -1 0
v -5.96514 91.4224 50.5744
vn 0 -1 0
v -6.33117 91.6193 51.6798
vn 0 0.195086 -0.980786
v -5.92064 91.5816 51.6723
vn 0 0.195086 -0.980786
v -5.74958 91.6004 51.676
vn 0 0.195086 -0.980786
v -5.51011 91.6004 51.676
vn 0 0.195086 -0.980786
v -6.09169 91.5245 51.6003
vn 0 0.980779 -0.195124
v -6.33117 91.5245 51.6003
vn 0 0.980779 -0.195124
v -5.74958 91.5245 51.6003
vn 0 0.980779 -0.195124
v -5.51011 91.5245 51.6003
vn 0 0.980779 -0.195124
v -2.15141 97.3262 51.7708
vn 0 0.195352 0.980733
v -2.91119 97.3262 51.7708
vn 0 0.195352 0.980733
v -3.99659 97.3262 51.7708
vn 0 0.195352 0.980733
v -4.75637 97.3137 51.7733
vn 0 0.195352 0.980733
v -2.15141 97.4804 51.6065
vn 0 0.980731 0.195361
v -2.91119 97.4779 51.6191
vn 0 0.980731 0.195361
v -3.99659 97.4779 51.6191
vn 0 0.980731 0.195361
v -4.75637 97.4779 51.6191
vn 0 0.980731 0.195361
v -2.15141 97.4426 51.635
vn 1 0 0
v -2.15141 97.302 51.7245
vn 1 0 0
v -4.75637 97.302 51.7245
vn -1 0 0
v -4.75637 97.4426 51.635
vn -1 0 0
v -4.74785 97.4854 50.6006
vn 0 1 0
v -4.75637 97.4854 51.5814
vn 0 1 0
v -2.15141 97.4854 51.5814
vn 0 1 0
v -2.15993 97.4854 50.6006
vn 0 1 0
v -2.15141 97.3074 51.676
vn 0 -0.19558 -0.980688
v -2.91119 97.3074 51.676
vn 0 -0.19558 -0.980688
v -3.99659 97.3074 51.676
vn 0 -0.19558 -0.980688
v -4.75637 97.3074 51.676
vn 0 -0.19558 -0.980688
v -2.15141 97.3833 51.6003
vn 0 -0.980779 -0.195124
v -2.91119 97.3833 51.6003
vn 0 -0.980779 -0.195124
v -3.99659 97.3833 51.6003
vn 0 -0.980779 -0.195124
v -4.75637 97.3833 51.6003
vn 0 -0.980779 -0.195124
v -6.35628 95.7137 51.7733
vn -0.195283 0 0.980747
v -6.36883 94.8066 51.7708
vn -0.195283 0 0.980747
v -6.36883 93.5107 51.7708
vn -0.195283 0 0.980747
v -6.35628 92.6035 51.7733
vn -0.195283 0 0.980747
v -6.52303 95.7137 51.6065
vn -0.98078 0 0.195116
v -6.52053 94.8066 51.6191
vn -0.98078 0 0.195116
v -6.52303 92.6035 51.6065
vn -0.98078 0 0.195116
v -6.52053 93.5107 51.6191
vn -0.98078 0 0.195116
v -6.36248 95.7137 51.7022
vn 0 1 0
v -6.50986 95.7137 51.635
vn 0 1 0
v -6.34458 92.6035 51.7245
vn 0 -1 0
v -6.48525 92.6035 51.635
vn 0 -1 0
v -6.52802 95.6974 50.6003
vn -1 0 0
v -6.52802 95.5387 50.6052
vn -1 0 0
v -6.52802 95.0781 51.0482
vn -1 0 0
v -6.52802 93.0172 51.2316
vn -1 0 0
v -6.52802 92.7786 50.6052
vn -1 0 0
v -6.52802 92.6199 50.6002
vn -1 0 0
v -6.52802 95.7137 51.5814
vn -1 0 0
v -6.35001 95.7137 51.676
vn 0.195257 0 -0.980752
v -6.35001 94.8066 51.676
vn 0.195257 0 -0.980752
v -6.35001 93.5107 51.676
vn 0.195257 0 -0.980752
v -6.35001 92.6035 51.676
vn 0.195257 0 -0.980752
v -6.42585 95.0658 51.6003
vn 0.980826 0 -0.194885
v -6.42585 94.1586 51.6003
vn 0.980826 0 -0.194885
v -6.42585 92.6035 51.6003
vn 0.980826 0 -0.194885
v -6.42585 93.5107 51.6003
vn 0.980826 0 -0.194885
v -5.71338 97.2071 51.6798
vn 0 0 -1
v -5.53412 96.4212 51.6798
vn 0 0 -1
v -6.39307 95.7411 51.6798
vn 0 0 -1
v -6.31488 91.6193 51.6798
vn 0 0 -1
v -5.63885 94.4627 51.6798
vn 0 0 -1
v -5.40611 92.9207 51.6798
vn 0 0 -1
v -4.08178 94.7037 51.6798
vn 0 0 -1
v -4.46667 93.6386 51.6798
vn 0 0 -1
v -2.12743 97.2732 51.6798
vn 0 0 -1
v -4.03 96.5823 51.6798
vn 0 0 -1
v -2.65479 95.592 51.6798
vn 0 0 -1
v -3.2653 94.5974 51.6798
vn 0 0 -1
v -2.07205 93.6568 51.6798
vn 0 0 -1
v -2.0966 97.2732 51.7783
vn 0 0 1
v -2.65479 95.592 51.7783
vn 0 0 1
v -4.03 96.5823 51.7783
vn 0 0 1
v -5.71338 97.2071 51.7783
vn 0 0 1
v -5.53412 96.4212 51.7783
vn 0 0 1
v -2.08079 93.6568 51.7783
vn 0 0 1
v -3.2653 94.5974 51.7783
vn 0 0 1
v -4.08178 94.7037 51.7783
vn 0 0 1
v -6.39307 95.7411 51.7783
vn 0 0 1
v -6.31438 91.6193 51.7783
vn 0 0 1
v -5.63885 94.4627 51.7783
vn 0 0 1
v -4.46667 93.6386 51.7783
vn 0 0 1
v -5.40611 92.9207 51.7783
vn 0 0 1
v -6.33117 91.6193 51.7783
vn 0 0 1
v -2.69021 93.8043 51.6467
vn -0.306609 0.00341078 0.951829
v -2.59697 93.8043 51.6659
vn -0.228227 -0.00821725 0.973573
v -2.83286 93.8043 51.4173
vn -0.987188 -0.0217773 0.158071
v -2.81808 93.7982 51.5113
vn -0.959625 0.0498569 0.27683
v -2.76831 93.7674 51.5923
vn -0.821983 0.0520953 0.567124
v -1.78964 93.7551 46.5566
vn 0 -1 0
v -2.20152 93.7551 47.2784
vn 0 -1 0
v -2.0574 93.7551 51.6659
vn 0 -1 0
v -2.28772 93.7551 48.4902
vn 0 -1 0
v -2.57121 93.7551 46.5517
vn 0 -1 0
v -2.83106 93.7551 51.6181
vn 0 -1 0
v -2.57709 93.7551 46.6906
vn 0 -1 0
v -2.82759 93.7551 51.4808
vn 0 -1 0
v -1.63703 96.1386 46.5831
vn 0.00343018 0.316752 -0.948502
v -1.6422 96.0484 46.5643
vn 0.0718661 0.203026 -0.976533
v -1.60896 96.2154 46.6354
vn -0.00606912 0.592833 -0.805303
v -1.65457 96.2846 46.8002
vn 0.0190871 0.975283 -0.220135
v -1.64983 96.2666 46.7099
vn 0.0185134 0.954754 -0.296819
v -1.76174 96.2846 48.5319
vn 0 1 0
v -1.67094 96.2846 46.7993
vn 0 1 0
v -1.59315 96.2802 46.5687
vn 0.998631 1.5249e-05 0.0523121
v -1.69622 96.3251 48.5354
vn 0.998629 -7.43345e-07 0.0523374
v -1.78776 95.7193 50.282
vn 0.99863 2.29863e-06 0.0523306
v -1.75719 93.952 49.6987
vn 0.99863 5.41476e-06 0.0523361
v -1.78752 94.5673 50.2774
vn 0.998629 -9.10417e-06 0.0523394
v -1.8564 96.3338 51.5917
vn 0.998629 -1.14312e-06 0.0523386
v -1.8564 95.1499 51.5917
vn 0.998629 1.38238e-06 0.0523371
v -1.59306 93.952 46.5669
vn 0.998629 0 0.0523409
v -1.85578 93.9607 51.5799
vn 0.998634 0.000106239 0.0522445
v -2.43128 93.8043 46.541
vn -0.246636 -0.00318753 -0.969103
v -2.34007 93.8043 46.5277
vn -0.170048 0.00765894 -0.985406
v -2.58833 93.8043 46.7513
vn -0.96235 0.00769105 -0.271705
v -2.56564 93.8043 46.6619
vn -0.937846 0.0031714 -0.347038
v 1.01765 96.4815 51.6798
vn 0.148886 0 0.988854
v 1.16684 96.4815 51.622
vn 0.546506 0.0110401 0.837382
v 1.2401 96.4569 51.5221
vn 0.887833 0.00411332 0.460147
v 1.23464 96.5307 51.5335
vn 0.923411 0.0273486 0.382837
v 1.18469 96.4815 51.2766
vn 0.830622 -0.000904198 -0.556836
v 1.25147 96.4815 51.41
vn 0.958518 0.00179938 -0.285027
v -1.47118 96.5307 50.1959
vn 0 1 0
v 0.397913 96.5307 51.1819
vn 0 1 0
v 1.57524 96.5307 51.6732
vn 0 1 0
v -1.59354 96.5307 48.501
vn 0 1 0
v -1.42699 96.5307 51.1815
vn 0 1 0
v -1.76246 96.5307 51.6798
vn 0 1 0
v 1.01765 96.4815 51.6798
vn 0 0 1
v -1.76246 96.4815 51.6798
vn 0 0 1
v -1.95403 93.966 51.5739
vn -0.00392765 -0.997136 0.0755261
v -1.85592 93.9656 51.5826
vn -0.0111675 -0.977123 0.212383
v -1.85567 93.952 51.5778
vn -0.0448444 0.542839 0.838639
v -1.9539 93.9539 51.5715
vn -0.04302 0.551171 0.833283
v -1.69144 96.2802 46.5635
vn -0.998629 6.6601e-05 -0.0523476
v -1.79451 96.3251 48.5302
vn -0.998629 6.27854e-07 -0.0523368
v -1.88605 95.7193 50.2768
vn -0.99863 -4.92604e-06 -0.0523295
v -1.69135 93.952 46.5617
vn -0.99863 1.80605e-06 -0.0523353
v -1.88581 94.5673 50.2722
vn -0.99863 1.21759e-05 -0.0523321
v -1.95469 96.3338 51.5866
vn -0.998629 3.87388e-06 -0.0523378
v -1.95469 95.0512 51.5866
vn -0.99863 -1.11192e-07 -0.0523338
v -1.86642 93.952 49.9023
vn -0.99863 -9.80433e-06 -0.0523339
v -1.95407 93.9607 51.5748
vn -0.998636 -0.000369072 -0.0522038
v -1.96885 96.3338 51.6321
vn -0.78527 -0.00188976 -0.61915
v -2.00244 95.7211 51.6604
vn -0.726791 -0.000409974 -0.686859
v -1.9651 93.9097 51.632
vn -0.567001 -0.000510567 -0.823717
v -2.00957 94.5389 51.6883
vn -0.877083 -0.000538014 -0.480338
v -2.05298 93.8674 51.6921
vn 0 -1 0
v -2.15141 93.8674 51.6798
vn 0 -1 0
v -2.15141 93.8674 51.7783
vn 0 -1 0
v -2.05298 93.8674 51.7537
vn 0 -1 0
v -2.01562 93.8806 51.6838
vn 0.277253 -0.947577 -0.158835
v -1.94637 93.9507 51.606
vn 0.188479 -0.819163 -0.541708
v -2.01798 93.8736 51.7518
vn 0.163657 -0.983674 -0.0748382
v -1.87493 93.9455 51.6297
vn 0.131333 -0.904937 -0.404773
v -2.20152 93.8535 47.2784
vn 0 1 0
v -1.78964 93.8535 46.5566
vn 0 1 0
v -2.57324 93.8535 46.5416
vn 0 1 0
v -2.29386 93.8535 48.4703
vn 0 1 0
v -2.0574 93.8535 51.6659
vn 0 1 0
v -2.84307 93.8535 51.6474
vn 0 1 0
v -2.57709 93.8535 46.6906
vn 0 1 0
v -2.82759 93.8535 51.4808
vn 0 1 0
v -1.96844 93.8955 51.6344
vn -0.830937 0.554681 -0.0432799
v -1.93236 93.8772 50.3934
vn -0.676444 0.73565 -0.0352536
v -1.69388 93.9393 46.5616
vn -0.979495 0.19482 -0.0513311
v -1.77233 93.9332 48.0353
vn -0.979515 0.194716 -0.0513364
v -1.84894 93.8573 48.0478
vn -0.195006 0.980749 -0.0102195
v -1.77083 93.8573 46.5575
vn -0.195037 0.980743 -0.010222
v -1.87731 93.7391 50.171
vn 0.894273 -0.445126 0.0462565
v -1.88893 93.8375 51.6398
vn 0.777846 -0.627206 0.0396081
v -1.67778 93.9143 48.0403
vn 0.979471 -0.194938 0.0513332
v -1.59811 93.9265 46.5666
vn 0.97948 -0.194894 0.0513378
v -1.83013 93.7626 48.0487
vn 0.195095 -0.980731 0.0102244
v -1.76456 93.7601 46.5579
vn 0.195101 -0.98073 0.0102254
v -2.59697 93.8043 51.6659
vn 0 0 1
v -2.05741 93.8166 51.6659
vn 0 0 1
v -2.59697 93.7551 51.6659
vn 0 0 1
v -2.05741 93.7674 51.6659
vn 0 0 1
v -1.93677 93.922 51.5936
vn 0.116191 0.513625 0.850111
v -1.92407 93.8446 51.6305
vn 0.0990454 0.269597 0.957866
v -2.05139 93.8373 51.666
vn 0.142029 0.0166656 0.989722
v -2.04797 93.7718 51.6661
vn 0.0600787 0.0148531 0.998083
v -2.05499 93.829 51.666
vn -0.0102826 0.000948618 0.999947
v -2.05483 93.8536 51.6659
vn -0.00811722 0.000952801 0.999967
v -2.05065 93.7798 51.6661
vn -0.0188667 0.000455337 0.999822
v -2.05226 93.7552 51.666
vn -0.0263473 0.000798278 0.999653
v -1.8625 96.3338 51.6164
vn 0.970818 0 0.239817
v -1.86531 95.6309 51.6278
vn 0.970818 0 0.239817
v -1.94519 94.4728 51.7376
vn 0.648518 0.00209942 0.761196
v -1.89039 93.9033 51.7045
vn 0.777141 0.0018004 0.629324
v -2.01651 95.6145 51.7712
vn 0.189834 0 0.981816
v -2.02867 96.3338 51.7736
vn 0.189834 0 0.981816
v -2.00087 96.3338 51.7366
vn 0 1 0
v -1.91372 96.3338 51.6051
vn 0 1 0
v -2.1022 96.3338 51.7783
vn 0 1 0
v -2.1022 96.3338 51.6798
vn 0 1 0
v -1.90101 96.3472 51.5894
vn -0.0524276 0.000367322 0.998625
v -1.81167 96.5125 51.5941
vn -0.0527622 -5.9937e-05 0.998607
v -1.64307 96.5217 48.5382
vn -0.195012 0.980748 -0.0102214
v -1.68227 96.5232 49.43
vn -0.195012 0.980748 -0.0102215
v -1.74901 96.5232 50.7034
vn -0.195008 0.980748 -0.0102185
v -1.78318 96.5257 51.5956
vn -0.195 0.98075 -0.0102206
v -1.78952 96.3589 48.5305
vn -0.979475 0.194921 -0.0513335
v -1.83375 96.3715 49.4221
vn -0.979461 0.194992 -0.051334
v -1.9497 96.3589 51.5868
vn -0.979491 0.194839 -0.051341
v -1.90049 96.3715 50.6955
vn -0.979476 0.194915 -0.0513272
v -1.61674 96.4285 48.5396
vn 0.195005 -0.980749 0.0102207
v -1.66346 96.4285 49.431
vn 0.195019 -0.980746 0.0102214
v -1.7302 96.4285 50.7044
vn 0.194997 -0.980751 0.0102176
v -1.77692 96.4285 51.5959
vn 0.195013 -0.980747 0.0102208
v -1.69248 96.3526 48.5356
vn 0.979479 -0.194896 0.0513391
v -1.73921 96.3526 49.427
vn 0.979479 -0.194896 0.0513391
v -1.85467 96.3425 51.5918
vn 0.979476 -0.194914 0.0513366
v -1.76883 96.3715 50.0639
vn 0.97947 -0.194945 0.0513343
v -1.86121 94.448 50.2731
vn -0.0547864 0.973372 0.22259
v -1.85754 94.4748 50.203
vn -0.126261 0.905563 0.404985
v -1.88076 94.5122 50.1759
vn -0.0180146 0.4035 0.914802
v -1.8315 94.5136 50.1763
vn -0.0479378 0.402489 0.914169
v -1.88492 94.6535 50.2553
vn 0.0141692 -0.991724 0.1276
v -1.83558 94.6565 50.2541
vn -0.0220508 -0.986204 0.164061
v -1.7866 94.4509 50.2598
vn -0.00875096 0.986206 0.16529
v -1.78247 94.5122 50.1811
vn -0.0778565 0.401115 0.912713
v -1.7875 94.6592 50.277
vn -0.0283196 -0.999598 -0.00148061
v -1.8902 94.4993 50.3559
vn 0.0682437 0.512061 -0.856234
v -1.80413 94.4956 50.3592
vn 0.0333286 0.531983 -0.846099
v 1.18469 96.4815 51.2766
vn 0.70711 0 -0.707104
v -1.54879 96.4815 48.5431
vn 0.70711 0 -0.707104
v -1.74083 96.3472 48.533
vn 0.0523834 -8.84778e-05 -0.998627
v -1.65149 96.5125 48.5377
vn 0.0520808 -0.000317432 -0.998643
v -1.47118 96.4323 50.1959
vn 0 -1 0
v 0.397913 96.4323 51.1819
vn 0 -1 0
v 1.57878 96.4323 51.6764
vn 0 -1 0
v -1.59427 96.4323 48.5003
vn 0 -1 0
v -1.3846 96.4323 51.5394
vn 0 -1 0
v 1.09183 96.4323 51.6665
vn 0 -1 0
v -2.34007 93.8043 46.5277
vn 0.0524324 0 -0.998624
v -1.78964 93.8043 46.5566
vn 0.0524324 0 -0.998624
v -1.64674 93.9386 46.5641
vn 0.0527623 -0.000108466 -0.998607
v -1.73608 93.7979 46.5594
vn 0.0522201 -0.00018088 -0.998636
v -1.64221 93.952 46.5643
vn 0.0528251 5.21594e-07 -0.998604
v -1.64221 96.0484 46.5643
vn 0.0528334 9.77988e-08 -0.998603
v 72.5913 95.3325 -15.944
vn 0.0527532 0.0838476 0.995081
v 72.4929 95.3322 -15.9394
vn 0.0518998 0.126141 0.990654
v 72.4936 95.3246 -15.9261
vn -0.0281916 0.844759 -0.534404
v 72.5919 95.3246 -15.9313
vn -0.0283701 0.847015 -0.530812
v 72.592 94.5355 -15.9294
vn 0.99863 -9.10386e-07 -0.052334
v 72.4047 94.5403 -19.5047
vn 0.998658 -0.000714892 -0.0517839
v 72.591 95.3397 -15.9479
vn 0.998636 0.00109482 -0.0521955
v 72.5912 95.3368 -15.9446
vn 0.998627 -0.000176325 -0.0523756
v 72.4017 95.471 -15.7997
vn 0.743133 0 0.669144
v 71.2468 95.471 -14.5171
vn 0.743133 0 0.669144
v 72.5053 95.3398 -15.9387
vn 0.0655607 -0.668439 0.740872
v 72.4884 95.3961 -15.8896
vn 0.316847 -0.516408 0.795569
v 72.5774 95.352 -15.9358
vn 0.113053 -0.441296 0.890212
v 72.5372 95.4789 -15.8736
vn 0.266257 -0.305012 0.914371
v 72.4764 95.4181 -15.8705
vn 0.458856 -0.36435 0.81037
v 72.4408 95.4425 -15.8369
vn 0.578203 -0.275963 0.767806
v 72.5285 95.4702 -15.8731
vn 0.335753 -0.224007 0.914927
v 72.4692 95.5107 -15.839
vn 0.423314 -0.17488 0.888945
v 72.4017 95.4382 -15.7997
vn 0.71946 -0.140208 0.680234
v 72.4244 95.4479 -15.8217
vn 0.714536 -0.135281 0.686395
v 72.445 95.5186 -15.8246
vn 0.477503 -0.0699965 0.875838
v 72.4017 95.5366 -15.7997
vn 0.496574 -0.028681 0.86752
v 72.4811 95.375 -15.8887
vn -0.926379 1.63477e-05 -0.376594
v 72.4862 95.0045 -15.886
vn -0.986624 6.63636e-05 -0.163013
v 72.4862 94.165 -15.886
vn -0.967527 0.00041997 -0.252766
v 72.486 93.7453 -15.897
vn -0.95952 0.00344697 -0.28162
v 72.5707 94.9672 -15.8165
vn 0.983112 -0.000551087 0.183004
v 72.5972 95.347 -15.9019
vn 0.962613 -0.000646558 0.270879
v 72.5774 94.165 -15.8546
vn 0.950932 -0.00028544 0.309398
v 72.5801 93.7453 -15.8592
vn 0.915874 -0.00119668 0.401464
v 72.5546 95.3388 -15.9156
vn 0.0849459 0.761864 -0.642143
v 72.4777 95.4243 -15.845
vn 0.409882 0.70465 -0.579193
v 72.5428 95.413 -15.8095
vn 0.302306 0.825144 -0.47723
v 72.3051 95.4193 -18.6573
vn -0.742415 -0.668892 0.0374596
v 72.2772 95.4135 -19.5515
vn -0.608347 -0.79305 0.0314001
v 72.413 95.4043 -17.0098
vn -0.609774 -0.791918 0.0322732
v 72.4579 95.4188 -15.8587
vn -0.58963 -0.807046 0.0318283
v 72.332 95.5074 -19.5643
vn 0.522328 0.852308 -0.0272863
v 72.5718 95.457 -15.8913
vn 0.846538 0.530456 -0.044611
v 71.2702 95.4243 -14.4242
vn 0 1 0
v 72.5174 95.4243 -15.8094
vn 0 1 0
v 72.4686 93.7453 -15.8532
vn -0.743158 0 -0.669116
v 71.2215 93.7453 -14.4681
vn -0.743158 0 -0.669116
v 71.2215 95.4243 -14.4681
vn -0.743158 0 -0.669116
v 72.4686 95.4243 -15.8532
vn -0.743158 0 -0.669116
v 72.3072 95.3322 -19.484
vn -0.0517578 0.128044 -0.990417
v 72.4054 95.3325 -19.4898
vn -0.0526235 0.0799723 -0.995407
v 72.3065 95.3246 -19.4974
vn 0.0287593 0.844223 0.53522
v 72.4048 95.3246 -19.5025
vn 0.0272139 0.848216 0.528951
v 72.4928 95.3397 -15.9403
vn -0.99865 -0.00033287 0.0519358
v 72.4937 94.5355 -15.9242
vn -0.99863 1.24495e-05 0.0523266
v 72.3064 94.5389 -19.4992
vn -0.998631 0.000378976 0.0523037
v 71.2468 95.4382 -14.5171
vn 0 -1 0
v 72.4017 95.4382 -15.7997
vn 0 -1 0
v 72.2018 95.4382 -19.6134
vn 0 -1 0
v 70.9192 95.4382 -20.7683
vn 0 -1 0
v 72.2949 94.165 -19.5365
vn -0.911307 0.00085689 0.411726
v 72.2901 93.7453 -19.5332
vn -0.927407 0.0021333 0.374048
v 72.2901 95.375 -19.5332
vn -0.880967 3.49481e-05 0.473177
v 72.2949 95.0045 -19.5365
vn -0.9636 9.62421e-05 0.267348
v 70.8889 93.7453 -20.8143
vn -0.669142 0 0.743134
v 72.2739 93.7453 -19.5672
vn -0.669142 0 0.743134
v 70.8889 95.4243 -20.8143
vn -0.669142 0 0.743134
v 72.2739 95.4243 -19.5672
vn -0.669142 0 0.743134
v 70.9192 95.4874 -20.7683
vn 0.669144 0 -0.743133
v 72.2018 95.4874 -19.6134
vn 0.669144 0 -0.743133
v 72.2835 95.4181 -19.5508
vn 0.301948 -0.451123 -0.839831
v 72.3194 95.3398 -19.486
vn 0.0513349 -0.640359 -0.766358
v 72.3443 95.4789 -19.5541
vn 0.168348 -0.305371 -0.937234
v 72.3907 95.3521 -19.4965
vn 0.0201743 -0.440412 -0.897569
v 72.2352 95.5242 -19.5994
vn 0.370682 -0.10576 -0.922719
v 72.3356 95.4702 -19.5536
vn 0.237059 -0.225065 -0.945065
v 72.4 93.7453 -19.5296
vn 0.979277 -0.000742135 -0.202526
v 72.3924 94.165 -19.5606
vn 0.97611 0.00030104 -0.217278
v 72.385 94.8681 -19.5846
vn 0.874788 -0.000303877 -0.484507
v 72.3752 95.3929 -19.5991
vn 0.930429 -0.000728475 -0.366473
v 72.3528 94.235 -19.626
vn 0.744023 -0.00143878 -0.668153
v 72.3565 93.7453 -19.6208
vn 0.756117 -0.000959791 -0.654436
v 72.3169 95.3388 -19.5116
vn 0.229473 0.678768 0.697579
v 72.389 95.3552 -19.5449
vn 0.154068 0.819824 0.5515
v 72.3316 95.4243 -19.6312
vn 0.335465 0.853344 0.399083
v 72.2822 95.4243 -19.5764
vn 0.475896 0.709279 0.520044
v 72.3068 95.4243 -19.6037
vn 0 1 0
v 70.9217 95.4243 -20.8508
vn 0 1 0
v 70.9547 93.7453 -20.8875
vn 0.669145 0 -0.743132
v 72.3398 93.7453 -19.6403
vn 0.669145 0 -0.743132
v 72.3398 95.4243 -19.6403
vn 0.669145 0 -0.743132
v 70.9547 95.4243 -20.8875
vn 0.669145 0 -0.743132
v 71.2468 95.5366 -14.5171
vn 0 1 0
v 72.4017 95.5366 -15.7997
vn 0 1 0
v 70.9192 95.5366 -20.7683
vn 0 1 0
v 72.2018 95.5366 -19.6134
vn 0 1 0
v 72.5669 93.7453 -15.8584
vn 0 -1 0
v 72.4811 93.7453 -15.8887
vn 0 -1 0
v 72.5051 93.7453 -15.8203
vn 0 -1 0
v 71.258 93.7453 -14.4352
vn 0 -1 0
v 72.5417 93.7453 -15.7874
vn 0.743158 0 0.669116
v 71.2946 93.7453 -14.4023
vn 0.743158 0 0.669116
v 71.2946 95.4243 -14.4023
vn 0.743158 0 0.669116
v 72.5417 95.4243 -15.7874
vn 0.743158 0 0.669116
v 72.3722 93.7453 -19.5724
vn 0 -1 0
v 72.2901 93.7453 -19.5332
vn 0 -1 0
v 72.3555 93.7453 -19.5018
vn 0 -1 0
v 72.5429 93.7453 -15.9268
vn 0 -1 0
v 70.9218 93.7453 -20.8509
vn 0 -1 0
v 72.3069 93.7453 -19.6038
vn 0 -1 0
v 80.2608 92.4871 52.1718
vn -0.0334844 0.954992 0.294737
v 80.2485 92.5051 52.0814
vn 0.0367706 0.977671 0.206899
v 80.2731 92.3589 52.2987
vn 0.00668653 0.328477 0.944488
v 80.2362 92.4359 52.2484
vn 0.0496191 0.592999 0.803673
v 80.3224 92.5011 52.112
vn -0.16382 0.967482 0.192721
v 80.3101 92.4803 52.1856
vn -0.0025526 0.947017 0.321174
v 80.2732 92.2689 52.3176
vn 0.01559 0.183042 0.982982
v 80.3101 92.4359 52.2484
vn -0.0496038 0.592999 0.803674
v 80.3224 92.0828 50.9239
vn 1 0 0
v 80.3224 91.5209 52.3176
vn 1 0 0
v 80.3224 92.4242 52.2608
vn 1 0 0
v 80.3224 92.0833 31.1553
vn 1 0 0
v 80.3224 92.1011 28.5856
vn 1 0 0
v 80.3224 91.5209 -38.391
vn 1 0 0
v 80.3224 92.101 -14.659
vn 1 0 0
v 80.3224 92.0834 -17.2287
vn 1 0 0
v 80.3224 92.0831 -36.9972
vn 1 0 0
v 80.3224 92.4235 -38.3342
vn 1 0 0
v 79.252 90.4367 52.3066
vn 0.1429 -0.292465 0.945539
v 79.252 90.3302 52.2484
vn 0.0617326 -0.57159 0.818214
v 79.3135 90.4972 52.3176
vn -0.0367523 -0.206937 0.977664
v 79.3012 90.4068 52.2996
vn 0.0335244 -0.294781 0.954977
v 79.2889 90.261 52.0814
vn 0.00761147 -0.975152 0.221406
v 79.2889 90.279 52.1718
vn -0.00308808 -0.954743 0.297416
v 79.2643 90.261 52.0814
vn 0 -1 0
v 79.2725 90.261 50.9604
vn 0 -1 0
v 79.3299 90.261 50.9603
vn 0 -1 0
v 79.3381 90.261 52.0814
vn 0 -1 0
v 79.2397 90.3791 52.3114
vn -1 0 0
v 79.2397 90.1431 50.2674
vn -1 0 0
v 79.2397 90.5638 50.0511
vn -1 0 0
v 79.2397 90.3929 21.5376
vn -1 0 0
v 79.2397 90.5953 50.5247
vn -1 0 0
v 79.2397 90.3399 -7.52154
vn -1 0 0
v 79.2397 90.5659 21.1669
vn -1 0 0
v 79.2397 90.1431 -36.3408
vn -1 0 0
v 79.2397 90.4297 -36.1906
vn -1 0 0
v 79.2397 90.3792 -38.3848
vn -1 0 0
v 79.2397 90.6476 -7.25566
vn -1 0 0
v 79.2397 90.5978 -7.70226
vn -1 0 0
v 79.2397 90.5953 -36.5981
vn -1 0 0
v 79.2397 90.7391 21.5379
vn -1 0 0
v 79.2397 90.5661 21.615
vn -1 0 0
v 79.2397 91.2256 52.3176
vn -1 0 0
v 79.2397 90.6972 -36.1873
vn -1 0 0
v 79.2397 91.2256 -38.391
vn -1 0 0
v 79.254 90.2589 50.9347
vn 0.000952889 -0.994366 0.106
v 79.2397 90.261 50.9603
vn 0.00199574 -0.998481 0.055065
v 79.3237 90.2589 50.9347
vn -0.000952996 -0.994366 0.106
v 79.3381 90.261 50.9603
vn -0.00199585 -0.998481 0.0550653
v 79.3258 90.1452 50.28
vn 0.00140675 -0.993493 0.113885
v 79.3381 90.1429 50.2492
vn 0.00142146 -0.999274 0.0380732
v 79.2663 90.1439 50.2672
vn -0.000612772 -0.996677 0.0814499
v 79.2397 90.1447 50.2697
vn -0.00186822 -0.994563 0.104125
v 79.254 90.1459 -36.3585
vn -0.00110005 -0.990933 -0.134356
v 79.2397 90.1429 -36.3226
vn -0.00142358 -0.999274 -0.0380749
v 79.3012 90.1434 -36.3329
vn 0.00039214 -0.998665 -0.0516501
v 79.3381 90.1447 -36.3431
vn 0.00221856 -0.994477 -0.104935
v 79.2684 90.2606 -37.0234
vn -3.8447e-05 -0.999358 -0.0358342
v 79.2397 90.2608 -37.0268
vn 0.00230357 -0.999345 -0.0361097
v 79.3258 90.2587 -37.0029
vn -0.00122103 -0.992024 -0.126047
v 79.3381 90.261 -37.0337
vn -0.00134861 -0.999273 -0.0380952
v 79.2684 90.2582 -36.9978
vn 0.00103782 -0.988269 -0.152723
v 79.2397 90.2584 -36.9995
vn 0.00346102 -0.989128 -0.147015
v 79.2479 90.261 -37.0337
vn 0 -1 0
v 79.2397 90.261 -38.1548
vn 0 -1 0
v 79.2889 90.261 -38.1548
vn 0 -1 0
v 79.2889 90.261 -37.0337
vn 0 -1 0
v 79.3381 90.261 -38.1548
vn 0 -1 0
v 79.3299 90.261 -37.0337
vn 0 -1 0
v 80.2793 92.3591 -38.3726
vn -0.0467945 0.316377 -0.947479
v 80.2732 92.2689 -38.391
vn 0.0202378 0.202301 -0.979114
v 80.3101 92.4359 -38.3218
vn -0.0489637 0.593264 -0.803518
v 80.2732 92.5051 -38.1548
vn 0.00785167 0.975284 -0.220815
v 80.2731 92.4871 -38.2452
vn 0.00331571 0.954694 -0.297571
v 80.2732 91.5209 -38.391
vn 0 0 -1
v 80.2732 92.2689 -38.391
vn 0 0 -1
v 79.295 90.407 -38.3726
vn -0.0372555 -0.308239 -0.950579
v 79.2889 90.4972 -38.391
vn 0.0202119 -0.202296 -0.979116
v 79.3258 90.3302 -38.3218
vn -0.0489788 -0.593263 -0.803517
v 79.2889 90.261 -38.1548
vn 0.00764473 -0.975159 -0.221376
v 79.2889 90.279 -38.2452
vn 0.0031254 -0.954652 -0.297709
v 79.2889 91.2256 52.3176
vn 0 0 1
v 79.2889 90.4972 52.3176
vn 0 0 1
v 80.3224 91.5209 52.3176
vn 0 0 1
v 80.2978 92.2689 52.3176
vn 0 0 1
v 80.1481 91.4269 -38.391
vn -0.195124 0.980779 0
v 80.1444 91.4262 -11.9344
vn -0.195124 0.980779 0
v 80.1444 91.4262 25.8609
vn -0.195124 0.980779 0
v 80.1481 91.4269 52.3176
vn -0.195124 0.980779 0
v 80.2201 91.502 -11.9344
vn -0.980779 0.195124 0
v 80.2194 91.4983 -38.391
vn -0.980779 0.195124 0
v 80.2214 91.5083 52.3176
vn -0.980779 0.195124 0
v 80.2201 91.502 25.8609
vn -0.980779 0.195124 0
v 80.2732 91.5209 -38.391
vn 0 0 -1
v 80.1791 91.3668 -38.391
vn 0 0 -1
v 79.8147 91.324 51.0725
vn 0 -1 0
v 79.4365 91.324 52.3176
vn 0 -1 0
v 79.4365 91.324 -38.391
vn 0 -1 0
v 79.7428 91.324 7.29011
vn 0 -1 0
v 79.8721 91.324 7.29793
vn 0 -1 0
v 79.8147 91.324 6.60272
vn 0 -1 0
v 80.1255 91.324 52.3176
vn 0 -1 0
v 79.8147 91.324 -37.1459
vn 0 -1 0
v 80.1255 91.324 -38.391
vn 0 -1 0
v 80.2239 92.0829 50.924
vn -1 0 0
v 80.2239 91.5209 52.3176
vn -1 0 0
v 80.2239 92.4237 52.2612
vn -1 0 0
v 80.2239 92.083 31.1555
vn -1 0 0
v 80.2239 91.5209 -38.391
vn -1 0 0
v 80.2239 92.1012 28.5857
vn -1 0 0
v 80.2239 92.101 -14.659
vn -1 0 0
v 80.2239 92.0834 -17.2287
vn -1 0 0
v 80.2239 92.0826 -36.9972
vn -1 0 0
v 80.2239 92.4245 -38.334
vn -1 0 0
v 80.2686 91.5075 52.3176
vn 0 0 1
v 80.1791 91.3668 52.3176
vn 0 0 1
v 79.2447 91.2507 52.3176
vn -0.980733 0.195352 0
v 79.2487 91.2708 26.6169
vn -0.980733 0.195352 0
v 79.2487 91.2708 -12.6903
vn -0.980733 0.195352 0
v 79.2447 91.2507 -38.391
vn -0.980733 0.195352 0
v 79.4114 91.4174 24.6011
vn -0.195352 0.980733 0
v 79.3913 91.4134 52.3176
vn -0.195352 0.980733 0
v 79.4114 91.4174 -10.6745
vn -0.195352 0.980733 0
v 79.3913 91.4134 -38.391
vn -0.195352 0.980733 0
v 80.1506 91.329 -38.391
vn 0.195371 -0.980729 0
v 80.1707 91.333 -12.6903
vn 0.195371 -0.980729 0
v 80.1707 91.333 26.6169
vn 0.195371 -0.980729 0
v 80.1506 91.329 52.3176
vn 0.195371 -0.980729 0
v 80.3115 91.4661 -16.4011
vn 0.980779 -0.195124 0
v 80.3224 91.5209 -8.15481
vn 0.980779 -0.195124 0
v 80.3115 91.4661 30.3277
vn 0.980779 -0.195124 0
v 80.3224 91.5209 22.0814
vn 0.980779 -0.195124 0
v 79.4231 91.3687 -38.391
vn 0 0 -1
v 79.2824 91.2792 -38.391
vn 0 0 -1
v 79.3381 90.3791 52.3114
vn 1 0 0
v 79.3381 90.1431 50.2674
vn 1 0 0
v 79.3381 90.5638 50.0511
vn 1 0 0
v 79.3381 90.1445 50.2766
vn 1 0 0
v 79.3381 90.3929 21.5376
vn 1 0 0
v 79.3381 90.5953 50.5247
vn 1 0 0
v 79.3381 90.3399 -7.52154
vn 1 0 0
v 79.3381 90.5659 21.1669
vn 1 0 0
v 79.3381 90.1431 -36.3408
vn 1 0 0
v 79.3381 90.4297 -36.1906
vn 1 0 0
v 79.3381 90.3792 -38.3848
vn 1 0 0
v 79.3381 90.6476 -7.25566
vn 1 0 0
v 79.3381 90.5978 -7.70226
vn 1 0 0
v 79.3381 90.5953 -36.5981
vn 1 0 0
v 79.3381 90.5661 21.615
vn 1 0 0
v 79.3381 90.7391 21.5379
vn 1 0 0
v 79.3381 91.2256 52.3176
vn 1 0 0
v 79.3381 90.6972 -36.1873
vn 1 0 0
v 79.3381 91.2256 -38.391
vn 1 0 0
v 79.8147 91.4224 51.0725
vn 0 1 0
v 79.4365 91.4224 52.3176
vn 0 1 0
v 79.8164 91.4224 7.32093
vn 0 1 0
v 79.4365 91.4224 -38.391
vn 0 1 0
v 79.8162 91.4224 6.60099
vn 0 1 0
v 80.1255 91.4224 52.3176
vn 0 1 0
v 79.8147 91.4224 -37.1459
vn 0 1 0
v 80.1255 91.4224 -38.391
vn 0 1 0
v 79.2889 90.4972 -38.391
vn 0 0 -1
v 79.2889 91.2256 -38.391
vn 0 0 -1
v 79.2824 91.2792 52.3176
vn 0 0 1
v 79.4231 91.3687 52.3176
vn 0 0 1
v 79.3406 91.2381 52.3176
vn 0.98068 -0.195619 0
v 79.3418 91.2444 25.8609
vn 0.98068 -0.195619 0
v 79.3418 91.2444 -11.9344
vn 0.98068 -0.195619 0
v 79.3406 91.2381 -38.391
vn 0.98068 -0.195619 0
v 79.4177 91.3202 25.8609
vn 0.195619 -0.98068 0
v 79.4139 91.3195 52.3176
vn 0.195619 -0.98068 0
v 79.4177 91.3202 -11.9344
vn 0.195619 -0.98068 0
v 79.4139 91.3195 -38.391
vn 0.195619 -0.98068 0
v -0.437177 93.7576 6.43241
vn -0.321424 0.000317246 -0.946935
v -0.363492 93.7453 6.41162
vn -0.193261 0.161212 -0.967812
v -0.332923 93.8191 6.4076
vn -0.2069 -0.0359726 -0.977701
v -0.423321 93.8068 6.42558
vn -0.294765 0.0346768 -0.95494
v -0.569143 93.7945 6.64382
vn -0.979579 -0.00254143 -0.201045
v -0.550695 93.8006 6.55361
vn -0.947379 -0.0466509 -0.316697
v -0.499956 93.8314 6.47678
vn -0.804178 -0.048951 -0.59237
v -0.569143 93.7945 7.195
vn -1 0 0
v -0.569143 93.7945 6.64382
vn -1 0 0
v -0.328068 93.8437 6.62325
vn 0 1 0
v 1.25781 93.8437 7.195
vn 0 1 0
v 1.29907 93.8437 6.4076
vn 0 1 0
v -0.626495 93.7927 7.34263
vn 0.954798 -0.297239 0.00320334
v -0.608514 93.8831 7.34263
vn 0.975261 -0.220923 -0.00770785
v -0.844734 93.6468 7.34263
vn 0.221426 -0.975147 -0.00761618
v -0.754336 93.6648 7.34263
vn 0.297471 -0.954726 -0.00310157
v -3.73843 93.6468 7.34264
vn 0 -1 0
v -0.844734 93.6468 7.34264
vn 0 -1 0
v -6.34535 96.5795 7.29342
vn 0 0 -1
v -4.80313 96.4673 7.29342
vn 0 0 -1
v -5.0329 94.9977 7.29342
vn 0 0 -1
v -4.80866 97.2908 7.29342
vn 0 0 -1
v -4.50875 93.5759 7.29342
vn 0 0 -1
v -5.61178 91.75 7.29342
vn 0 0 -1
v -6.35654 91.6193 7.29342
vn 0 0 -1
v -1.00295 96.4909 7.29342
vn 0 0 -1
v 0.139518 97.2886 7.29342
vn 0 0 -1
v -0.403483 95.2818 7.29342
vn 0 0 -1
v -0.492241 93.9437 7.29342
vn 0 0 -1
v 0.170653 96.5948 7.29342
vn 0 0 -1
v 1.17319 96.5602 7.29342
vn 0 0 -1
v -1.31945 94.6987 7.29342
vn 0 0 -1
v 1.15927 93.9421 7.29342
vn 0 0 -1
v -5.52807 91.4716 6.55342
vn 0.954759 -0.00323291 -0.297363
v -5.51009 91.4716 6.64382
vn 0.975233 0.00778789 -0.221044
v -5.74631 91.4716 6.4076
vn 0.220989 0.00780719 -0.975245
v -5.65591 91.4716 6.42558
vn 0.297349 0.00310665 -0.954764
v -6.23529 91.5209 6.67896
vn 0 1 0
v -5.36386 91.5209 7.02705
vn 0 1 0
v -6.21072 91.4716 6.42558
vn -0.297354 -0.0032512 -0.954762
v -6.12032 91.4716 6.4076
vn -0.220987 -0.00758736 -0.975247
v -6.3381 91.4655 6.55361
vn -0.950484 0.0369185 -0.308572
v -6.28736 91.4347 6.47678
vn -0.804186 0.0489911 -0.592356
v -6.35654 91.4716 6.64382
vn -0.978971 -0.0204904 -0.202967
v -6.35654 91.4717 7.195
vn -1 0 0
v -6.35654 91.4717 6.64382
vn -1 0 0
v 0.285341 96.5782 7.34263
vn 0.297496 0.954718 0.00310207
v 0.375738 96.5602 7.34263
vn 0.221383 0.975157 -0.00762462
v 0.139518 96.7964 7.34263
vn 0.975231 0.221057 0.00767374
v 0.157499 96.706 7.34263
vn 0.954791 0.297261 -0.0031511
v 1.17319 96.5602 7.34264
vn 0 1 0
v 0.375738 96.5602 7.34264
vn 0 1 0
v -6.50418 95.5679 6.42558
vn 0.00321337 0.297223 -0.954803
v -6.50418 95.4775 6.4076
vn 0.00772117 0.220881 -0.97527
v -6.50418 95.7138 6.64382
vn 0.00762122 0.975158 -0.221381
v -6.50418 95.6958 6.55342
vn 0.0031017 0.954716 -0.297501
v -6.5534 95.6934 6.4119
vn -1 0 0
v -6.5534 92.7025 6.41188
vn -1 0 0
v -6.5534 95.7138 7.195
vn -1 0 0
v -6.5534 92.6823 7.195
vn -1 0 0
v -4.76376 97.4362 6.55342
vn -0.954762 0.00316298 -0.297354
v -4.78174 97.4362 6.64382
vn -0.975233 0.00768688 -0.221047
v -4.54552 97.4362 6.4076
vn -0.220992 -0.00770833 -0.975245
v -4.63592 97.4362 6.42558
vn -0.297345 -0.00318308 -0.954765
v -4.74672 97.387 6.42287
vn 0 -1 0
v 0.104404 97.387 6.42294
vn 0 -1 0
v 0.139518 97.387 7.195
vn 0 -1 0
v -4.78174 97.387 7.195
vn 0 -1 0
v 0.00755135 97.4731 6.43241
vn 0.321425 -0.000329442 -0.946935
v -0.0661333 97.4854 6.41162
vn 0.19326 -0.161221 -0.967811
v 0.12107 97.4423 6.55361
vn 0.947377 -0.0466503 -0.316703
v 0.0703308 97.4731 6.47678
vn 0.804182 -0.0489422 -0.592365
v -0.0967025 97.4116 6.4076
vn 0.206901 0.0359742 -0.9777
v -0.006305 97.4239 6.42558
vn 0.294765 -0.0346702 -0.95494
v 0.139518 97.4362 6.64382
vn 0.979578 -0.00254375 -0.201046
v 0.139518 97.4362 7.195
vn 1 0 0
v 0.139518 97.4362 6.64382
vn 1 0 0
v 1.35473 96.5422 6.55199
vn 0.0122822 0.95475 -0.297154
v 1.35 96.5602 6.64227
vn 0.00378266 0.975268 -0.220994
v 1.36235 96.324 6.40636
vn 0.0587578 0.221084 -0.973483
v 1.36142 96.4144 6.42432
vn 0.0531355 0.297276 -0.953312
v 1.31283 96.53 6.41103
vn -0.99863 1.90643e-05 -0.0523354
v 1.29667 95.0381 6.71943
vn -0.99863 2.80299e-06 -0.0523299
v 1.27148 96.5602 7.20015
vn -0.99863 -2.43388e-07 -0.0523336
v 1.27148 93.8576 7.20015
vn -0.99863 3.45395e-07 -0.0523291
v 1.31321 93.8576 6.40379
vn -0.99863 -1.03173e-06 -0.0523317
v 1.36977 96.5602 7.2053
vn 0 1 0
v 1.37457 96.5602 6.64356
vn 0 1 0
v -6.50418 92.7002 6.55342
vn -0.00314137 -0.954871 -0.297003
v -6.50418 92.6823 6.64382
vn 0.00767835 -0.975362 -0.220477
v -6.50418 92.9185 6.4076
vn -0.00769317 -0.221009 -0.975242
v -6.50418 92.8281 6.42558
vn 0.00316463 -0.297259 -0.954792
v 1.1659 93.9567 7.29342
vn 0.0622081 -0.998063 -0.000272445
v 1.16407 93.9558 7.39185
vn 0.182304 -0.983242 8.39328e-05
v 1.15927 93.9421 7.39185
vn 0.841408 0.540401 -0.000688544
v 1.15811 93.944 7.29342
vn 0.842103 0.539317 0.000344329
v -6.3463 96.5786 7.39185
vn 0 0 1
v -4.80313 96.4673 7.39185
vn 0 0 1
v -5.0329 94.9977 7.39185
vn 0 0 1
v -4.80866 97.2908 7.39185
vn 0 0 1
v -4.50875 93.5759 7.39185
vn 0 0 1
v -5.7205 91.6112 7.39185
vn 0 0 1
v -1.00295 96.4909 7.39185
vn 0 0 1
v 0.139518 97.2886 7.39185
vn 0 0 1
v 0.170653 96.5948 7.39185
vn 0 0 1
v -0.403483 95.2818 7.39185
vn 0 0 1
v 1.17319 96.5602 7.39185
vn 0 0 1
v -0.492241 93.9437 7.39185
vn 0 0 1
v -1.31945 94.6987 7.39185
vn 0 0 1
v 1.15927 93.9421 7.39185
vn 0 0 1
v 1.36235 96.324 6.40637
vn 0.0522974 2.52192e-07 -0.998632
v 1.36235 93.8576 6.40636
vn 0.0523226 1.34503e-06 -0.99863
v 1.337 93.8576 7.20358
vn 0 -1 0
v 1.37873 93.8576 6.40722
vn 0 -1 0
v 1.17319 93.956 7.30982
vn -0.655457 -0.751248 0.0774817
v 1.2369 93.8994 7.28381
vn -0.443992 -0.827106 0.344626
v 1.20562 93.9361 7.35828
vn -0.458782 -0.87995 0.123314
v 1.31238 93.8864 7.33117
vn -0.256284 -0.946262 0.19725
v 1.29706 93.8613 7.2241
vn -0.0501055 -0.979063 0.197293
v 1.36977 93.8576 7.2053
vn -0.0426773 -0.993777 0.102886
v -0.569143 93.9233 7.28967
vn 0 0.194873 -0.980829
v -0.0527062 93.9233 7.28967
vn 0 0.194873 -0.980829
v 0.657294 93.8665 7.26396
vn 0.000559235 0.793931 -0.608007
v 1.24327 93.8611 7.25275
vn 0.00146047 0.65993 -0.751325
v -0.0362829 93.8474 7.21383
vn 0 0.980742 -0.195309
v -0.569143 93.8474 7.21383
vn 0 0.980742 -0.195309
v -0.569143 93.9044 7.38436
vn 0 -0.195232 0.980757
v -0.0527062 93.9044 7.38436
vn 0 -0.195232 0.980757
v 0.637625 93.8076 7.34037
vn -0.00126365 -0.794408 0.607383
v 1.24298 93.7803 7.31125
vn -0.00465764 -0.811854 0.583842
v -0.0362829 93.7528 7.23267
vn 0 -0.980994 0.19404
v -0.569143 93.7528 7.23267
vn 0 -0.980994 0.19404
v 1.25555 93.8294 7.20908
vn 0.982691 0.0364632 0.181628
v 1.23125 93.8521 7.27453
vn 0.854636 0.401113 0.329705
v 1.24435 93.7832 7.28426
vn 0.970091 0.144791 0.194829
v 1.25754 93.7455 7.2053
vn 0.995756 0.0205417 0.0897115
v 1.15927 93.9421 7.30982
vn 0.755658 0.650182 0.0790184
v 1.19537 93.8755 7.35911
vn 0.896536 0.409414 0.169128
v 1.15927 93.9421 7.37544
vn 0.880643 0.470932 0.0518712
v 1.25774 93.8191 7.19661
vn 0.999055 1.8157e-06 0.0434553
v 1.25781 93.8437 7.195
vn 0.999055 2.42094e-06 0.0434645
v 1.25774 93.7699 7.19726
vn 0.999518 3.14346e-06 0.0310549
v 1.25781 93.7453 7.195
vn 0.999518 4.19777e-06 0.0310434
v 1.25754 93.8438 7.20015
vn 0.999054 0.00227417 0.0434325
v 1.25757 93.8151 7.20085
vn 0.999052 0.002269 0.0434684
v 1.25757 93.7741 7.20267
vn 0.999518 0.00162639 0.0310067
v 1.25754 93.7455 7.2053
vn 0.999518 0.00162541 0.0310038
v 1.2654 94.5966 7.25826
vn -0.429025 -0.00063253 -0.903292
v 1.24291 93.8826 7.26902
vn -0.599705 -0.00132585 -0.80022
v 1.23516 95.8881 7.26235
vn -0.73528 -0.000609682 -0.677763
v 1.2377 96.5602 7.2684
vn -0.781847 -0.00189135 -0.623467
v 1.28561 94.5216 7.3482
vn 0.726894 0.00212765 0.686746
v 1.34605 93.8691 7.30762
vn 0.784457 0.00174915 0.620181
v 1.20966 96.5602 7.38484
vn 0.188757 0 0.982024
v 1.20966 95.7884 7.38484
vn 0.188757 0 0.982024
v 1.36086 95.772 7.24135
vn 0.970796 0 0.239907
v 1.36086 96.5602 7.24135
vn 0.970796 0 0.239907
v 1.25781 93.7945 7.195
vn 0.99863 0 0.0523285
v 1.29907 93.7945 6.4076
vn 0.99863 0 0.0523285
v 1.2253 96.5602 7.35022
vn 0 1 0
v 1.31245 96.5602 7.21872
vn 0 1 0
v 1.41112 96.53 6.41617
vn 0.99863 -1.91633e-05 0.0523347
v 1.36977 96.5602 7.2053
vn 0.99863 1.55987e-07 0.0523325
v 1.39496 95.0381 6.72458
vn 0.99863 -2.80892e-06 0.0523295
v 1.36977 93.8576 7.2053
vn 0.99863 3.44316e-07 0.0523304
v 1.4115 93.8576 6.40894
vn 0.99863 1.01907e-06 0.0523315
v -0.569143 93.799 7.20841
vn -1 0 0
v -0.569143 93.8885 7.34908
vn -1 0 0
v 1.29907 93.8437 6.4076
vn 0 0 -1
v -0.332553 93.8191 6.4076
vn 0 0 -1
v -0.328068 93.7453 6.62325
vn 0 -1 0
v 1.25781 93.7453 7.195
vn 0 -1 0
v 1.29907 93.7453 6.4076
vn 0 -1 0
v -6.35654 91.5816 7.38436
vn 0 -0.194985 0.980806
v -6.10966 91.5816 7.38436
vn 0 -0.194985 0.980806
v -5.75697 91.5816 7.38436
vn 0 -0.194985 0.980806
v -5.51009 91.5816 7.38436
vn 0 -0.194985 0.980806
v -6.35654 91.4299 7.23267
vn 0 -0.980747 0.195283
v -6.10966 91.4299 7.23267
vn 0 -0.980747 0.195283
v -5.68643 91.4299 7.23267
vn 0 -0.980747 0.195283
v -5.93332 91.4299 7.23267
vn 0 -0.980747 0.195283
v -5.51009 91.5209 7.195
vn 1 0 0
v -5.51009 91.4963 6.64382
vn 1 0 0
v -6.35654 91.4895 7.21734
vn -1 0 0
v -6.35654 91.5657 7.37369
vn -1 0 0
v -5.51009 91.5657 7.37369
vn 1 0 0
v -5.51009 91.4895 7.21734
vn 1 0 0
v -6.23529 91.4224 6.67896
vn 0 -1 0
v -5.36386 91.4224 7.02705
vn 0 -1 0
v -6.35654 91.6004 7.28967
vn 0 0.194835 -0.980836
v -6.10966 91.6004 7.28967
vn 0 0.194835 -0.980836
v -5.75697 91.6004 7.28967
vn 0 0.194835 -0.980836
v -5.51009 91.6004 7.28967
vn 0 0.194835 -0.980836
v -6.35654 91.5246 7.21383
vn 0 0.981234 -0.192823
v -6.10966 91.5246 7.21383
vn 0 0.981234 -0.192823
v -5.7217 91.5283 7.23266
vn 0 0.981234 -0.192823
v -5.79224 91.5209 7.195
vn 0 0.981234 -0.192823
v -1.0908 97.3639 7.37686
vn 0 0.195232 0.980757
v -1.5009 97.2886 7.39185
vn 0 0.195232 0.980757
v -3.34637 97.3262 7.38436
vn 0 0.195232 0.980757
v -4.78174 97.3338 7.38286
vn 0 0.195232 0.980757
v -1.0908 97.4704 7.27033
vn 0 0.980747 0.195283
v -1.5009 97.4854 7.195
vn 0 0.980747 0.195283
v -3.34637 97.4779 7.23267
vn 0 0.980747 0.195283
v -4.78174 97.4804 7.22011
vn 0 0.980747 0.195283
v -4.78174 97.4854 7.195
vn -1 0 0
v -4.78174 97.4608 6.64382
vn -1 0 0
v 0.139518 97.4672 7.24863
vn 1 0 0
v 0.139518 97.3109 7.32473
vn 1 0 0
v -4.78174 97.4672 7.24863
vn -1 0 0
v -4.78174 97.3109 7.32473
vn -1 0 0
v -4.74672 97.4854 6.42287
vn 0 1 0
v 0.104404 97.4854 6.42294
vn 0 1 0
v 0.139518 97.4854 7.195
vn 0 1 0
v -4.78174 97.4854 7.195
vn 0 1 0
v 0.139518 97.3011 7.29092
vn 0 -0.195329 -0.980738
v -1.29585 97.3074 7.28967
vn 0 -0.195329 -0.980738
v -3.55143 97.3262 7.28593
vn 0 -0.195329 -0.980738
v -3.14132 97.2886 7.29342
vn 0 -0.195329 -0.980738
v -1.0908 97.3795 7.23266
vn 0 -0.980742 -0.195309
v -1.5009 97.387 7.195
vn 0 -0.980742 -0.195309
v -3.34637 97.3833 7.21383
vn 0 -0.980742 -0.195309
v -4.78174 97.3833 7.21383
vn 0 -0.980742 -0.195309
v -6.40174 95.7138 7.38286
vn -0.195138 0 0.980776
v -6.39421 94.8296 7.38436
vn -0.195138 0 0.980776
v -6.39421 93.5665 7.38436
vn -0.195138 0 0.980776
v -6.40174 92.6823 7.38286
vn -0.195138 0 0.980776
v -6.53841 94.9559 7.27033
vn -0.980771 0 0.195163
v -6.5534 94.7033 7.195
vn -0.980771 0 0.195163
v -6.54591 93.5665 7.23267
vn -0.980771 0 0.195163
v -6.54441 92.6823 7.2402
vn -0.980771 0 0.195163
v -6.5534 92.6823 7.195
vn 0 -1 0
v -6.52879 92.6823 6.64382
vn 0 -1 0
v -6.45497 95.6934 6.4119
vn 1 0 0
v -6.45497 92.6769 6.70608
vn 1 0 0
v -6.45497 95.7138 7.195
vn 1 0 0
v -6.53524 95.7138 7.24863
vn 0 1 0
v -6.40122 95.7138 7.30683
vn 0 1 0
v -6.37888 92.6823 7.32473
vn 0 -1 0
v -6.53524 92.6823 7.24863
vn 0 -1 0
v -6.50419 95.7138 7.195
vn 0 1 0
v -6.50419 95.7138 6.64382
vn 0 1 0
v -6.39421 94.9559 7.28593
vn 0.195008 0 -0.980802
v -6.35654 95.2085 7.29342
vn 0.195008 0 -0.980802
v -6.37538 93.5665 7.28967
vn 0.195008 0 -0.980802
v -6.37538 92.6823 7.28967
vn 0.195008 0 -0.980802
v -6.45123 95.7138 7.21383
vn 0.980792 0 -0.195058
v -6.45123 94.8296 7.21383
vn 0.980792 0 -0.195058
v -6.45123 93.5665 7.21383
vn 0.980792 0 -0.195058
v -6.45123 92.6823 7.21383
vn 0.980792 0 -0.195058
v 0.139518 96.7964 7.34263
vn 1 0 0
v 0.139518 97.2886 7.34263
vn 1 0 0
v -0.608514 93.8831 7.34263
vn 1 0 0
v -0.608514 93.9913 7.34263
vn 1 0 0
v 79.0557 93.5248 -39.6352
vn 1 0 0
v 79.0557 93.4578 -39.702
vn 1 0 0
v 79.9945 93.5248 -39.6352
vn -1 0 0
v 79.9945 93.4578 -39.702
vn -1 0 0
v 80.2593 92.3211 -39.6352
vn 0 1 0
v 80.1925 92.3211 -39.702
vn 0 1 0
v 80.2593 93.2599 -39.6352
vn 0 -1 0
v 80.1925 93.2599 -39.702
vn 0 -1 0
v 76.8135 88.7846 -40.3595
vn -0.0894938 -0.985236 0.145946
v 76.7889 88.8296 -40.1335
vn -0.0529509 -0.952191 0.300879
v 76.7397 88.7846 -40.3595
vn 0 -0.997455 0.0712986
v 76.7397 88.8233 -40.1537
vn -0.0232099 -0.936965 0.348653
v 76.7397 88.9587 -39.943
vn -0.0301389 -0.706786 0.706786
v 76.7889 88.9576 -39.942
vn 0 -0.707107 0.707107
v 76.8381 88.9587 -39.943
vn 0.0301436 -0.706785 0.706785
v 76.7643 89.2756 -39.7777
vn -0.00293916 -0.228464 0.973548
v 76.8381 89.25 -39.784
vn 0.0290789 -0.212426 0.976744
v 76.7643 89.1395 -39.8181
vn 0.00706979 -0.316787 0.94847
v 76.7889 89.3752 -39.769
vn 0 0 1
v 76.7889 90.1626 -39.769
vn 0 0 1
v 76.8381 88.8304 -42.6338
vn 1 0 0
v 76.8381 89.389 -42.0027
vn 1 0 0
v 76.8381 89.3868 -40.8503
vn 1 0 0
v 76.8381 88.8294 -39.8764
vn 1 0 0
v 76.8381 90.1626 -42.7217
vn 1 0 0
v 76.8381 90.1626 -39.769
vn 1 0 0
v 76.7889 89.3752 -42.7217
vn -0.0290954 -0.165194 -0.985832
v 76.8012 89.0587 -42.6284
vn -0.0468412 -0.463546 -0.884834
v 76.7889 88.9576 -42.5488
vn -0.00506682 -0.692782 -0.721129
v 76.8381 88.9587 -42.5477
vn 0.0316219 -0.706753 -0.706753
v 76.7889 88.7846 -42.1312
vn 0.000998497 -0.991537 -0.129821
v 76.8012 88.8359 -42.3717
vn -0.00199253 -0.94578 -0.324802
v 76.7889 89.3752 -42.7217
vn 0 0 -1
v 76.7889 90.1626 -42.7217
vn 0 0 -1
v 78.4707 90.2856 -42.6495
vn 0.560192 0.0263552 -0.827944
v 78.6113 90.2856 -42.5488
vn 0.637223 0.0196473 -0.770429
v 78.5823 90.3594 -42.5743
vn 0.630822 -0.104639 -0.76884
v 78.5054 90.3471 -42.6324
vn 0.582102 -0.00174518 -0.813114
v 78.1937 90.3102 -42.7217
vn 0.100617 -0.00166338 -0.994924
v 78.3089 90.3163 -42.7101
vn 0.156276 -0.0231308 -0.987443
v 78.4197 90.3471 -42.6768
vn 0.311926 -0.0304516 -0.949618
v 76.9365 90.3594 -39.769
vn 0 1 0
v 76.9365 90.3594 -39.769
vn 0 1 0
v 80.21 90.3594 -40.9501
vn 0 1 0
v 80.21 90.3594 -39.769
vn 0 1 0
v 78.439 90.3594 -42.7207
vn 0 1 0
v 76.9365 90.3594 -42.7217
vn 0 1 0
v 78.1937 90.3102 -42.7217
vn 0 0 -1
v 76.9365 90.3102 -42.7217
vn 0 0 -1
v 72.6452 93.5386 -41.5406
vn -0.165191 0.0290936 -0.985832
v 72.3215 93.514 -41.444
vn -0.415568 0.094357 -0.904654
v 72.3259 93.5878 -41.4469
vn -0.479097 -0.0177646 -0.877582
v 72.2287 93.5878 -41.3666
vn -0.706754 0.0315623 -0.706754
v 72.2276 93.5386 -41.3677
vn -0.707107 0 -0.707107
v 72.2287 93.4894 -41.3666
vn -0.706754 -0.0315672 -0.706754
v 72.0546 93.5386 -40.9501
vn -0.992684 0.000232401 -0.12074
v 72.0881 93.5386 -41.1383
vn -0.964282 -0.0106372 -0.264666
v 72.1474 93.5878 -41.5227
vn 0 1 0
v 74.2197 93.5878 -40.959
vn 0 1 0
v 72.5611 93.5878 -41.5346
vn 0 1 0
v 72.702 93.5878 -40.9238
vn 0 1 0
v 79.0288 93.5878 -41.5404
vn 0 1 0
v 78.8614 93.5878 -41.5356
vn 0 1 0
v 75.8515 93.5878 -40.9412
vn 0 1 0
v 72.0546 93.5878 -39.769
vn 0 1 0
v 80.21 93.5878 -39.769
vn 0 1 0
v 80.21 93.5878 -40.3595
vn 0 1 0
v 79.1124 93.5386 -41.4411
vn 0.592574 0.00196456 -0.805514
v 79.2019 93.5386 -41.3677
vn 0.623832 -0.00479109 -0.781544
v 78.7843 93.5386 -41.5406
vn 0.110949 -0.00485676 -0.993814
v 78.8995 93.5386 -41.5293
vn 0.150516 0.00199587 -0.988606
v 80.2732 93.4754 -40.3595
vn -0.024351 0.986744 -0.160449
v 80.267 93.3474 -40.7079
vn 0.0119592 0.843382 -0.537181
v 80.2239 93.3014 -40.7761
vn -0.03085 0.706181 -0.707359
v 80.2732 92.8849 -40.9501
vn -0.000213497 0.120176 -0.992753
v 80.2731 93.0731 -40.9167
vn 0.0106832 0.265021 -0.964183
v 80.3101 93.4754 -39.769
vn 0 1 0
v 80.3224 93.4754 -40.3595
vn 0 1 0
v 80.2239 92.7876 -39.8704
vn -1 0 0
v 80.2239 93.3604 -40.9115
vn -1 0 0
v 80.2239 93.4754 -39.769
vn -1 0 0
v 80.2239 90.9145 -40.3886
vn -1 0 0
v 80.2239 90.3734 -40.9501
vn -1 0 0
v 80.2239 90.3734 -39.769
vn -1 0 0
v 79.2019 93.5386 -41.3677
vn 0.70714 0 -0.707073
v 80.21 93.5386 -40.3595
vn 0.70714 0 -0.707073
v 72.1374 93.4894 -41.5191
vn 0 -1 0
v 72.6904 93.4894 -40.9173
vn 0 -1 0
v 74.2107 93.4894 -40.9364
vn 0 -1 0
v 75.8103 93.4894 -40.9558
vn 0 -1 0
v 72.0546 93.4894 -39.769
vn 0 -1 0
v 79.029 93.4894 -41.5402
vn 0 -1 0
v 80.21 93.4894 -39.769
vn 0 -1 0
v 79.1438 93.4894 -41.4186
vn 0 -1 0
v 80.21 93.4894 -40.3595
vn 0 -1 0
v 74.7731 93.4894 -39.769
vn 0 -1 0
v 78.6113 90.3102 -42.5488
vn 0.707107 0 -0.707107
v 80.21 90.3102 -40.9501
vn 0.707107 0 -0.707107
v 76.9365 90.261 -39.769
vn 0 -1 0
v 80.21 90.261 -39.769
vn 0 -1 0
v 80.21 90.261 -40.9501
vn 0 -1 0
v 78.439 90.261 -42.7207
vn 0 -1 0
v 76.9365 90.261 -42.7217
vn 0 -1 0
v 76.9114 90.3544 -42.7217
vn -0.194109 0.98098 0
v 76.8988 90.3519 -41.8605
vn -0.194109 0.98098 0
v 76.8988 90.3519 -40.6302
vn -0.194109 0.98098 0
v 76.9114 90.3544 -39.769
vn -0.194109 0.98098 0
v 76.7472 90.2002 -42.1066
vn -0.980733 0.195352 0
v 76.7447 90.1877 -41.2454
vn -0.980733 0.195352 0
v 76.7547 90.2379 -40.5072
vn -0.980733 0.195352 0
v 76.7397 90.1626 -40.7532
vn -0.980733 0.195352 0
v 76.9052 90.2833 -39.769
vn 0 0 1
v 76.7579 90.2162 -39.769
vn 0 0 1
v 76.9231 90.3057 -42.7217
vn 0 0 -1
v 76.7579 90.2162 -42.7217
vn 0 0 -1
v 76.7397 88.8304 -42.6338
vn -1 0 0
v 76.7397 89.3895 -42.0027
vn -1 0 0
v 76.7397 89.3862 -40.8503
vn -1 0 0
v 76.7397 88.8294 -39.8764
vn -1 0 0
v 76.7397 90.1626 -42.7217
vn -1 0 0
v 76.7397 90.1626 -39.769
vn -1 0 0
v 76.9177 90.2573 -42.7217
vn 0.195619 -0.98068 0
v 76.9177 90.2573 -41.8605
vn 0.195619 -0.98068 0
v 76.8989 90.2535 -40.5072
vn 0.195619 -0.98068 0
v 76.9365 90.261 -40.7532
vn 0.195619 -0.98068 0
v 76.8418 90.1814 -42.7217
vn 0.980688 -0.19558 0
v 76.8418 90.1814 -41.8605
vn 0.980688 -0.19558 0
v 76.8456 90.2002 -40.5072
vn 0.980688 -0.19558 0
v 76.8381 90.1626 -40.2611
vn 0.980688 -0.19558 0
v 76.9365 90.3038 -39.7154
vn -1 0 0
v 76.9365 90.4579 -39.6214
vn -1 0 0
v 80.1105 90.4598 -39.5721
vn 0.999999 -0.000819251 0.000914828
v 80.1103 90.4655 -39.6706
vn 0.996805 -0.0798622 -0.000970896
v 80.1237 90.4729 -39.5721
vn -0.535719 -0.844396 -0.000297913
v 80.1237 90.4729 -39.6706
vn -0.53112 -0.847296 0.000594793
v 72.0546 93.3909 -39.5721
vn 0 0 1
v 72.0546 92.9579 -39.5721
vn 0 0 1
v 78.937 92.9798 -39.5721
vn 0 0 1
v 80.0228 93.2148 -39.5721
vn 0 0 1
v 79.4095 92.1486 -39.5721
vn 0 0 1
v 76.3977 90.4579 -39.5721
vn 0 0 1
v 80.1254 90.4704 -39.5721
vn 0 0 1
v 80.1255 90.4718 -39.5721
vn 0 0 1
v 80.21 90.3102 -39.769
vn 1 0 0
v 80.21 90.3102 -40.9501
vn 1 0 0
v 80.1749 90.3873 -39.6872
vn 0.836599 0.42572 0.344767
v 80.1116 90.4579 -39.6542
vn 0.752579 0.653822 0.0783696
v 80.1116 90.4579 -39.5885
vn 0.882136 0.466353 0.0659649
v 80.1592 90.3704 -39.6167
vn 0.903414 0.383463 0.191833
v 80.1993 90.293 -39.6929
vn 0.97585 0.120313 0.182324
v 80.2054 90.3526 -39.7403
vn 0.984588 0.03767 0.170784
v 80.21 90.2733 -39.769
vn 0.997918 0.00363083 0.0643905
v 80.2844 90.3741 -39.76
vn -0.0702581 -0.985458 0.154715
v 80.2435 90.4094 -39.6324
vn -0.270103 -0.942236 0.198078
v 80.155 90.4497 -39.6539
vn -0.561034 -0.797966 0.220205
v 80.1255 90.4718 -39.5885
vn -0.437151 -0.892362 0.1122
v 76.9365 90.439 -39.6744
vn 0 0.195086 -0.980786
v 79.3124 90.3407 -39.7271
vn 0.000718589 0.522418 -0.852689
v 80.1702 90.411 -39.6755
vn 0.00099949 0.697164 -0.716911
v 77.8749 90.439 -39.6744
vn 0 0.195086 -0.980786
v 77.8913 90.3631 -39.7502
vn 0 0.980782 -0.195105
v 76.9365 90.3631 -39.7502
vn 0 0.980782 -0.195105
v 76.9365 90.4121 -39.5812
vn 0 -0.195105 0.980782
v 77.8749 90.4202 -39.5796
vn 0 -0.195105 0.980782
v 79.0957 90.3113 -39.6288
vn -0.000599291 -0.826327 0.56319
v 80.1975 90.2926 -39.6609
vn -0.00162566 -0.81766 0.575699
v 77.8913 90.2685 -39.7313
vn 0 -0.980733 0.195352
v 76.9365 90.266 -39.7439
vn 0 -0.980733 0.195352
v 80.2895 90.3734 -39.769
vn 0 -1 0
v 80.2895 90.3734 -40.9501
vn 0 -1 0
v 80.2912 91.1644 -39.6652
vn 0.745939 0.00340663 0.666005
v 80.2725 90.3966 -39.621
vn 0.62547 0.00199475 0.780246
v 80.1623 91.7609 -39.5825
vn 0.226184 0.00111402 0.974084
v 80.2648 93.4174 -39.6153
vn 0.738807 -0.00294335 0.67391
v 80.31 92.3812 -39.7212
vn 0.968849 0.00794422 0.247527
v 80.3149 91.9244 -39.7313
vn 0.977021 0.00269669 0.213127
v 80.31 92.8744 -39.7212
vn 0.970644 -0.0077955 0.240395
v 80.1105 93.389 -39.5721
vn 0.927351 0.374191 0.000482096
v 80.1118 93.3818 -39.6706
vn 0.811242 0.584703 -0.00313109
v 80.1237 93.3759 -39.5721
vn -0.535719 0.844396 -0.000297913
v 80.1237 93.3759 -39.6706
vn -0.53112 0.847296 0.000594793
v 80.1198 93.3861 -39.6706
vn 0 0 -1
v 79.9046 93.24 -39.6706
vn 0 0 -1
v 78.9539 93.0776 -39.6706
vn 0 0 -1
v 72.0546 93.3909 -39.6706
vn 0 0 -1
v 76.3977 90.4579 -39.6706
vn 0 0 -1
v 72.0546 92.9579 -39.6706
vn 0 0 -1
v 79.3745 92.1545 -39.6706
vn 0 0 -1
v 80.1253 90.4712 -39.6706
vn 0 0 -1
v 80.1255 90.4718 -39.6706
vn 0 0 -1
v 80.0982 93.4068 -39.6726
vn 0.000472894 -0.372977 -0.92784
v 80.2128 93.4914 -39.7636
vn 8.55789e-05 -0.867961 -0.496633
v 74.4169 93.4097 -39.6744
vn 0 -0.195124 -0.980779
v 72.0546 93.4036 -39.6731
vn 0 -0.195124 -0.980779
v 76.1128 93.4136 -39.6751
vn 0 -0.195124 -0.980779
v 78.5378 93.4762 -39.7196
vn 0.000440352 -0.880877 -0.473346
v 76.1323 93.4869 -39.7564
vn 0 -0.980782 -0.195105
v 74.4333 93.4857 -39.7502
vn 0 -0.980782 -0.195105
v 72.0546 93.4849 -39.7464
vn 0 -0.980782 -0.195105
v 80.21 93.555 -39.769
vn 1 0 0
v 80.21 93.555 -40.3595
vn 1 0 0
v 80.2093 93.5499 -39.7604
vn 0.981019 -0.0888532 0.172358
v 80.168 93.4549 -39.6764
vn 0.819903 -0.498579 0.281388
v 80.1557 93.4792 -39.5961
vn 0.939485 -0.274311 0.205236
v 80.1116 93.3909 -39.5885
vn 0.893308 -0.434727 0.114074
v 80.1116 93.3909 -39.6542
vn 0.75874 -0.648644 0.0597903
v 80.2061 90.3912 -39.6997
vn -0.897586 -0.0011097 -0.440837
v 80.1747 91.1221 -39.6892
vn -0.44709 -0.00104739 -0.894488
v 80.1807 93.4042 -39.6953
vn -0.710047 0.000152162 -0.704154
v 80.2145 91.9244 -39.7327
vn -0.975557 -0.000753692 -0.219746
v 80.1255 93.377 -39.6214
vn -0.471983 0.861013 0.189443
v 80.2156 93.4246 -39.6111
vn -0.399818 0.900158 0.172805
v 80.2904 93.4647 -39.6936
vn -0.125272 0.975291 0.181971
v 80.2445 93.4747 -39.7611
vn -0.0350537 0.988943 0.144094
v 80.3101 93.4754 -39.769
vn -0.0107461 0.999016 0.0430256
v 76.1084 93.4292 -39.579
vn -4.47222e-05 0.225792 0.974175
v 80.1745 93.533 -39.624
vn -0.00213817 0.786341 0.617789
v 74.4169 93.4286 -39.5796
vn 0 0.195105 0.980782
v 72.0546 93.4162 -39.5771
vn 0 0.195105 0.980782
v 78.536 93.5636 -39.6771
vn -0.000753242 0.894939 0.446189
v 74.5466 93.5828 -39.7439
vn 0 0.980733 0.195352
v 72.0546 93.5788 -39.7238
vn 0 0.980733 0.195352
v 80.3224 92.7962 -40.3589
vn 1 0 0
v 80.3224 93.3744 -40.926
vn 1 0 0
v 80.3224 93.4754 -39.769
vn 1 0 0
v 80.3224 90.3734 -39.769
vn 1 0 0
v 80.3224 92.9689 -40.9441
vn 1 0 0
v 80.3224 90.9447 -40.3758
vn 1 0 0
v 80.3224 90.3734 -40.9501
vn 1 0 0
v 72.0546 93.545 -39.7154
vn -1 0 0
v 72.0546 93.3909 -39.6214
vn -1 0 0
v 72.0546 93.5386 -39.769
vn -1 0 0
v 72.0546 93.5386 -40.9501
vn -1 0 0
v 80.2239 90.3734 -40.9501
vn 0 0 -1
v 80.2485 92.8847 -40.9501
vn 0 0 -1
v 71.0493 96.5499 -38.3418
vn -0.232962 0.972485 0.000891748
v 71.1812 96.6086 -38.3664
vn -0.615471 0.788159 -0.000418968
v 71.184 96.6101 -38.2926
vn -0.708522 0.705582 -0.0122233
v 71.2429 96.7277 -38.391
vn -0.969916 0.243435 0.00150939
v 71.2429 96.7277 -38.2926
vn -0.969147 0.24646 -0.00349541
v 70.203 96.5405 -38.3418
vn 0 1 0
v 71.0174 96.5405 -38.3418
vn 0 1 0
v 71.9899 93.9482 -38.391
vn -0.937695 -0.347246 0.0121488
v 71.9899 93.9482 -38.2926
vn -0.917588 -0.39736 -0.0117455
v 72.0526 93.8495 -38.2926
vn -0.622511 -0.782522 0.011779
v 72.0441 93.8559 -38.3664
vn -0.609626 -0.792688 -0.00120723
v 72.0917 93.8236 -38.3664
vn -0.532709 -0.846294 0.00279534
v 72.1991 93.7998 -38.3787
vn -0.0170601 -0.999854 -4.25234e-06
v 72.1955 93.8002 -38.2926
vn -0.0318308 -0.999489 0.002954
v 73.3463 97.3279 -38.2926
vn 0 0 1
v 74.4472 97.3173 -38.2926
vn 0 0 1
v 74.4565 96.5082 -38.2926
vn 0 0 1
v 73.6337 96.5133 -38.2926
vn 0 0 1
v 72.1648 95.2848 -38.2926
vn 0 0 1
v 74.4565 94.0909 -38.2926
vn 0 0 1
v 72.0392 93.7944 -38.2926
vn 0 0 1
v 71.2938 96.795 -38.2926
vn 0 0 1
v 70.203 93.9619 -38.2926
vn 0 0 1
v 70.203 96.5405 -38.2926
vn 0 0 1
v 70.2049 93.9769 -38.2926
vn 0 0 1
v 70.2169 93.9618 -38.2926
vn 0 0 1
v 74.6533 94.3528 -37.2099
vn -0.0138634 -0.260388 0.965405
v 74.5672 94.2503 -37.2478
vn 0.00611341 -0.420973 0.907052
v 74.6533 94.1862 -37.2796
vn 0.0129666 -0.707104 0.706991
v 74.5549 94.1273 -37.3971
vn -0.00350789 -0.969147 0.24646
v 74.6533 94.1273 -37.3971
vn 0.00151605 -0.969917 0.243433
v 74.5549 96.6957 -37.7795
vn -1 0 0
v 74.5549 97.4124 -37.2099
vn -1 0 0
v 74.5549 94.8316 -38.0827
vn -1 0 0
v 74.5549 94.1266 -37.2112
vn -1 0 0
v 74.5549 97.4124 -38.1942
vn -1 0 0
v 74.5549 94.1166 -38.1942
vn -1 0 0
v 71.263 97.4756 -37.4143
vn -0.972599 -0.000874017 0.232488
v 71.3216 97.451 -37.2823
vn -0.788928 0.000137288 0.614486
v 71.3232 97.5248 -37.2796
vn -0.708579 0.0122504 0.705525
v 71.4898 97.4264 -37.2099
vn -0.151935 0.00156893 0.988389
v 71.4408 97.5002 -37.2206
vn -0.242395 -0.00237005 0.970175
v 74.541 97.4264 -37.2099
vn 0 -1 0
v 74.541 97.4264 -38.1942
vn 0 -1 0
v 71.2604 97.4264 -37.2123
vn 0 -1 0
v 71.2536 97.4264 -38.1942
vn 0 -1 0
v 71.2536 97.4756 -38.1942
vn -1 0 0
v 71.2536 97.4756 -37.4462
vn -1 0 0
v 70.1547 96.3681 -37.2355
vn 0.043347 0.243238 0.968998
v 70.0564 96.3681 -37.2303
vn 0.0637425 0.257993 0.964042
v 70.0537 96.4709 -37.2811
vn 0.0230418 0.70749 0.706348
v 70.1278 96.4652 -37.2787
vn 0.0384913 0.721741 0.691092
v 70.1255 96.5019 -37.3221
vn 0.0283251 0.784273 0.619769
v 70.1433 96.5405 -37.4526
vn 0.00653939 0.988554 0.150725
v 70.0722 96.5299 -37.3997
vn 0.0147767 0.970322 0.241364
v 70.0614 96.5405 -37.4483
vn 0 1 0
v 70.0064 96.5405 -38.1839
vn 0 1 0
v 70.1047 96.5405 -38.189
vn 0 1 0
v 70.127 96.5405 -37.4517
vn 0 1 0
v 70.1555 96.5323 -37.2196
vn 0.998547 -0.000173709 -0.053882
v 70.1047 96.5405 -38.189
vn 0.998628 1.89095e-06 -0.0523562
v 70.1557 93.8773 -37.2167
vn 0.998627 5.53934e-06 -0.0523898
v 70.1047 93.8773 -38.189
vn 0.998627 0 -0.0523836
v 71.9059 93.8634 -37.3823
vn 0.970029 -0.00710271 0.242887
v 71.9059 93.7649 -37.3823
vn 0.965949 0.013106 0.258399
v 71.8551 93.7649 -37.2796
vn 0.708579 -0.0122257 0.705525
v 71.8612 93.8388 -37.2853
vn 0.694137 0.00165708 0.719841
v 71.818 93.8388 -37.2485
vn 0.621615 -0.00489247 0.783307
v 71.7375 93.8634 -37.2206
vn 0.243777 0.00168169 0.96983
v 71.7375 93.7649 -37.2206
vn 0.246945 -0.00380386 0.969022
v 71.9247 93.8141 -38.1942
vn 1 0 0
v 71.9247 93.8141 -37.4462
vn 1 0 0
v 71.0218 93.7649 -37.6131
vn 0 -1 0
v 71.917 93.7649 -37.2145
vn 0 -1 0
v 70.1184 93.7649 -38.1942
vn 0 -1 0
v 71.9247 93.7649 -38.1942
vn 0 -1 0
v 70.17 93.7649 -37.2099
vn 0 -1 0
v 70.2171 93.9745 -38.391
vn -0.998043 -0.0625298 -0.000306555
v 70.2182 93.9648 -38.2926
vn -0.983707 -0.179777 0.000191842
v 70.2049 93.9769 -38.391
vn 0.553621 -0.832769 0.000325272
v 70.2049 93.9769 -38.2926
vn 0.548733 -0.835997 -0.000650461
v 73.6673 96.5693 -38.391
vn 0 0 -1
v 72.8481 97.3279 -38.391
vn 0 0 -1
v 74.4565 94.0909 -38.391
vn 0 0 -1
v 72.1631 95.2859 -38.391
vn 0 0 -1
v 72.0174 93.7809 -38.391
vn 0 0 -1
v 72.1955 93.7977 -38.391
vn 0 0 -1
v 71.2212 96.5702 -38.391
vn 0 0 -1
v 70.2031 93.962 -38.391
vn 0 0 -1
v 71.2536 97.3279 -38.391
vn 0 0 -1
v 70.203 96.5405 -38.391
vn 0 0 -1
v 70.2049 93.9769 -38.391
vn 0 0 -1
v 70.2169 93.9618 -38.391
vn 0 0 -1
v 70.3561 93.8865 -38.3936
vn 0.00104552 -0.642726 -0.766096
v 71.9243 93.934 -38.3866
vn 0.00175499 -0.136734 -0.990606
v 71.7112 93.7809 -38.2729
vn 0.000886453 -0.922055 -0.387059
v 71.9247 93.943 -38.2888
vn 0 0.195124 0.980779
v 71.4143 93.943 -38.2888
vn 0 0.195124 0.980779
v 70.1391 93.8904 -38.2585
vn -0.00150446 0.594371 0.804189
v 70.7132 93.8759 -38.255
vn -0.000558125 0.826395 0.563091
v 71.3979 93.8672 -38.213
vn 0 0.980684 0.1956
v 71.9247 93.8672 -38.213
vn 0 0.980684 0.1956
v 70.2169 93.9618 -38.309
vn -0.762595 0.639318 -0.0985943
v 70.1424 93.876 -38.2683
vn -0.867624 0.364586 -0.338091
v 70.2169 93.9618 -38.391
vn -0.888938 0.44894 -0.0907871
v 70.1446 93.8172 -38.3273
vn -0.948157 0.222881 -0.226544
v 70.1218 93.835 -38.2166
vn -0.985512 0.0443334 -0.163711
v 70.1201 93.7841 -38.2082
vn -0.995837 0.0318824 -0.085389
v 70.1417 93.9079 -38.2791
vn 0.577314 -0.00128878 0.816521
v 70.1257 94.5398 -38.2488
vn 0.753721 -0.00116615 0.657193
v 70.1836 96.5405 -38.2886
vn 0.19982 -0.000156132 0.979833
v 70.1842 95.7802 -38.2888
vn 0.196289 -0.000116148 0.980546
v 70.1077 96.5405 -38.2086
vn 0.987402 0.00048983 0.158231
v 70.1084 95.7638 -38.2104
vn 0.985682 0.000349532 0.168617
v 70.0555 93.8773 -38.1864
vn 0 -1 0
v 70.1066 93.8773 -37.2142
vn 0 -1 0
v 70.0441 93.878 -38.2028
vn 0.0873626 -0.981624 -0.169654
v 70.139 93.9193 -38.2868
vn 0.498497 -0.819828 -0.281749
v 70.1148 93.9316 -38.3671
vn 0.272345 -0.940342 -0.203927
v 70.203 93.9757 -38.309
vn 0.64951 -0.757922 -0.0607561
v 70.203 93.9757 -38.3746
vn 0.435298 -0.893097 -0.113551
v 70.0063 93.8773 -38.189
vn 0 -1 0
v 70.1047 93.8773 -38.189
vn 0 -1 0
v 70.17 93.8142 -37.2099
vn -0.998629 0 0.0523488
v 70.1184 93.8142 -38.1942
vn -0.998629 0 0.0523488
v 70.0561 93.9003 -38.3459
vn -0.557739 0.000338145 -0.830016
v 70.0894 95.2096 -38.3587
vn -0.464114 0.000879278 -0.885775
v 70.1578 96.5403 -38.3837
vn -0.151326 0.00161778 -0.988483
v 70.0074 96.5405 -38.2234
vn -0.971119 0.000730468 -0.238595
v 70.1805 96.5405 -38.3229
vn 0 1 0
v 70.0343 96.5405 -38.2559
vn 0 1 0
v 70.1066 93.8773 -37.2142
vn 0.0518131 -9.70779e-07 0.998657
v 70.1066 96.3043 -37.2141
vn 0.0517857 5.40519e-08 0.998658
v 70.0572 96.5361 -37.2146
vn -0.998563 9.03958e-05 0.0535981
v 70.0064 96.5405 -38.1839
vn -0.99863 0 0.0523343
v 70.0064 93.8773 -38.1839
vn -0.998628 -2.27134e-06 0.0523672
v 70.0574 93.8773 -37.2116
vn -0.998626 -9.27962e-06 0.0523983
v 71.9088 93.8634 -37.214
vn 0 1 0
v 71.0219 93.8634 -37.6058
vn 0 1 0
v 71.9247 93.8634 -38.1942
vn 0 1 0
v 70.1184 93.8634 -38.1942
vn 0 1 0
v 70.17 93.8634 -37.2099
vn 0 1 0
v 71.9247 93.7767 -38.2383
vn 1 0 0
v 71.9247 93.9174 -38.318
vn 1 0 0
v 71.6881 93.7813 -37.2099
vn 0 0 1
v 70.17 93.8634 -37.2099
vn 0 0 1
v 71.6883 93.847 -37.2099
vn 0 0 1
v 74.5727 97.3784 -38.3665
vn 0.713939 -0.000172902 -0.700208
v 74.6234 94.1059 -38.3211
vn 0.806045 0.000164897 -0.591855
v 74.6533 97.4124 -37.2099
vn 0 1 0
v 74.6369 97.4124 -38.1942
vn 0 1 0
v 74.4565 97.314 -38.3142
vn -0.660708 0.750478 -0.01575
v 74.4963 97.3484 -38.3019
vn -0.63492 0.757703 -0.150875
v 74.5486 97.3832 -38.2864
vn -0.364794 0.857133 -0.36366
v 74.5246 97.3821 -38.2623
vn -0.423108 0.820606 -0.384168
v 74.5758 97.3737 -38.3371
vn -0.301391 0.931777 -0.202374
v 74.4565 97.314 -38.3772
vn -0.428858 0.896708 -0.109524
v 74.5514 97.409 -38.2123
vn -0.0583838 0.984184 -0.167252
v 74.6185 97.4112 -38.2125
vn -0.0171476 0.996103 -0.0865118
v 74.6338 97.4027 -38.2795
vn -0.0719191 0.983804 -0.164188
v 74.4565 94.0909 -38.3746
vn 0.0867031 -0.996104 0.0160755
v 74.5996 94.1057 -38.3072
vn 0.0560131 -0.996338 0.0645958
v 74.4944 94.0964 -38.3025
vn 0.132868 -0.990509 0.0351804
v 74.4565 94.0909 -38.306
vn 0.15437 -0.987924 0.0133061
v 74.6185 94.1147 -38.2125
vn 0.0114553 -0.995577 0.0932444
v 74.6508 94.1147 -38.2161
vn 0.00751325 -0.996416 0.084251
v 74.6041 97.4124 -37.2099
vn 0 0 1
v 74.6041 94.3528 -37.2099
vn 0 0 1
v 74.6533 96.6908 -37.785
vn 1 0 0
v 74.6533 97.4124 -37.2099
vn 1 0 0
v 74.6533 94.1266 -37.2112
vn 1 0 0
v 74.6533 94.8253 -38.1019
vn 1 0 0
v 74.6533 97.4124 -38.1942
vn 1 0 0
v 74.6533 94.1166 -38.1942
vn 1 0 0
v 74.5127 96.5849 -38.2693
vn -0.661598 0.000929573 0.749858
v 74.5463 97.4048 -38.2425
vn -0.755521 0.000466653 0.655124
v 74.5227 94.1032 -38.2659
vn -0.806682 -0.000634518 0.590986
v 74.5238 94.9182 -38.2604
vn -0.745981 -0.000585464 0.665967
v 72.8972 97.3951 -38.3794
vn -0.00103804 0.364407 -0.931239
v 74.478 97.3913 -38.3976
vn -0.000400486 0.374287 -0.927313
v 71.2537 97.3713 -38.3842
vn -0.00120987 0.147106 -0.98912
v 71.2535 97.4654 -38.3316
vn -0.000776288 0.706888 -0.707325
v 72.8974 97.5019 -38.2872
vn -2.89923e-05 0.880547 -0.473959
v 71.2535 97.519 -38.2307
vn -0.000789326 0.98478 -0.173804
v 74.5437 97.528 -38.1967
vn -2.10872e-05 0.98578 -0.168041
v 71.2536 97.4951 -38.2629
vn -1 0 0
v 71.2536 97.3592 -38.3149
vn -1 0 0
v 74.5185 97.4039 -38.2559
vn 0.846247 -0.34111 -0.409281
v 74.5195 97.4305 -38.276
vn 0.846247 -0.34111 -0.409281
v 74.5354 97.4981 -38.2537
vn 0.958293 -0.179647 -0.222262
v 74.4955 97.4339 -38.351
vn 0.930737 -0.296711 -0.213755
v 74.4425 97.3279 -38.3359
vn 0.786116 -0.617469 -0.0274412
v 74.4579 97.347 -38.307
vn 0.761465 -0.645774 -0.0561039
v 74.4425 97.3279 -38.3772
vn 0.880756 -0.472398 -0.0333015
v 74.4644 97.368 -38.3701
vn 0.887254 -0.453268 -0.0856034
v 74.541 97.4756 -37.2099
vn 1 0 0
v 74.541 97.4756 -38.1942
vn 1 0 0
v 71.4899 97.5084 -37.2099
vn 0 0 1
v 74.541 97.5248 -37.2099
vn 0 0 1
v 74.541 97.4264 -37.2099
vn 0 0 1
v 71.4899 97.4428 -37.2099
vn 0 0 1
v 74.541 97.5248 -37.2099
vn 0 1 0
v 74.541 97.5248 -38.1942
vn 0 1 0
v 71.2572 97.5248 -37.2123
vn 0 1 0
v 71.2536 97.5248 -38.1942
vn 0 1 0
v 71.2536 97.3468 -38.2888
vn 0 -0.195124 0.980779
v 72.196 97.3468 -38.2888
vn 0 -0.195124 0.980779
v 73.6376 97.4302 -38.252
vn 0.000562215 -0.519408 0.854526
v 74.5194 97.4002 -38.263
vn 0.000810709 -0.764942 0.644098
v 72.2124 97.4226 -38.213
vn 0 -0.980684 0.1956
v 71.2536 97.4226 -38.213
vn 0 -0.980684 0.1956
v 71.9444 94.011 -38.391
vn 0 -1 0
v 71.9444 94.011 -38.2926
vn 0 -1 0
v 74.4543 97.3132 -38.2926
vn -0.384221 0.92324 -0.00129567
v 74.4543 97.3132 -38.391
vn -0.385414 0.922743 0.00161016
v 74.4457 97.3139 -38.391
vn 0.562023 0.827117 0.00277974
v 74.444 97.316 -38.3418
vn 0.729114 0.684392 0.000246187
v 74.4425 97.3172 -38.2926
vn 0.848641 0.528962 -0.00284409
v 74.4417 97.3258 -38.2926
vn 0.93008 -0.367356 -0.00103278
v 74.4417 97.3258 -38.391
vn 0.92986 -0.36791 0.0012814
v 71.2536 96.7768 -38.3746
vn -1 0 0
v 71.2536 97.3279 -38.391
vn -1 0 0
v 71.2536 97.3279 -38.2926
vn -1 0 0
v 71.2536 96.7768 -38.309
vn -1 0 0
v 76.0821 97.3993 50.6082
vn -0.292476 0.139636 -0.946023
v 75.9755 97.3993 50.6663
vn -0.57057 0.0599109 -0.819061
v 76.1426 97.4608 50.5972
vn -0.206222 -0.0358131 -0.97785
v 76.0522 97.4485 50.6151
vn -0.294592 0.0352648 -0.954972
v 75.9064 97.4362 50.8334
vn -0.975373 -0.00770919 -0.220428
v 75.9243 97.4362 50.743
vn -0.954799 0.00316332 -0.297234
v 75.9064 97.4362 51.5814
vn -1 0 0
v 75.9064 97.4362 50.8334
vn -1 0 0
v 78.5028 97.387 50.6006
vn 0 -1 0
v 78.5113 97.387 51.5814
vn 0 -1 0
v 75.9149 97.387 50.6006
vn 0 -1 0
v 75.9064 97.387 51.5814
vn 0 -1 0
v 78.4865 97.3993 50.7292
vn 0.946886 0.00329737 -0.321551
v 78.5073 97.387 50.8028
vn 0.967355 0.164678 -0.192627
v 78.5113 97.4608 50.8334
vn 0.977662 -0.0370679 -0.206887
v 78.4933 97.4485 50.743
vn 0.954894 0.03313 -0.295093
v 78.2751 97.4362 50.5972
vn 0.22048 -0.00766438 -0.975361
v 78.3655 97.4362 50.6151
vn 0.296874 0.00311626 -0.954911
v 78.5113 97.387 51.5814
vn 1 0 0
v 78.5113 97.4116 50.8334
vn 1 0 0
v 80.2338 95.5679 50.6151
vn -0.00308059 0.2972 -0.95481
v 80.2337 95.4775 50.5972
vn 0.0075754 0.220455 -0.975368
v 80.2337 95.7137 50.8334
vn 0.00758601 0.975375 -0.220422
v 80.2338 95.6958 50.743
vn 0.00323264 0.954796 -0.297243
v 80.2337 95.7137 51.5814
vn 0 1 0
v 80.2337 95.7137 50.8334
vn 0 1 0
v 80.1845 95.6974 50.6003
vn -1 0 0
v 80.1845 95.5387 50.6052
vn -1 0 0
v 80.1845 95.0781 51.0482
vn -1 0 0
v 80.1845 93.2344 51.0557
vn -1 0 0
v 80.1845 92.7786 50.6052
vn -1 0 0
v 80.1845 92.6199 50.6002
vn -1 0 0
v 80.1845 92.6035 51.5814
vn -1 0 0
v 80.1845 95.7137 51.5814
vn -1 0 0
v 80.1968 92.6283 50.7292
vn -0.00119847 -0.946791 -0.321847
v 80.1845 92.6076 50.8028
vn 0.158527 -0.968111 -0.193988
v 80.2584 92.6035 50.8334
vn -0.0353853 -0.977658 -0.2072
v 80.2461 92.6215 50.743
vn 0.0354551 -0.954821 -0.295058
v 80.2337 92.8397 50.5972
vn -0.0077641 -0.220485 -0.975359
v 80.2338 92.7493 50.6151
vn 0.0031857 -0.296908 -0.954901
v 80.1845 92.6035 51.5814
vn 0 -1 0
v 80.2092 92.6035 50.8334
vn 0 -1 0
v 79.9403 91.4839 50.6151
vn 0.29429 0.0357288 -0.955048
v 79.8499 91.4962 50.5972
vn 0.206243 -0.0354873 -0.977857
v 79.8805 91.4224 50.6012
vn 0.192908 0.159849 -0.968109
v 79.9542 91.4347 50.622
vn 0.321179 -0.00141798 -0.947017
v 80.0861 91.4716 50.8334
vn 0.975278 0.00783177 -0.220842
v 80.0681 91.4716 50.743
vn 0.954674 0.00331228 -0.297635
v 80.0861 91.4716 51.5814
vn 1 0 0
v 80.0861 91.4716 50.8334
vn 1 0 0
v 79.7436 91.5208 51.4699
vn 0 1 0
v 79.7202 91.5208 50.5744
vn 0 1 0
v 79.2898 91.5085 50.7292
vn -0.946917 0.000715371 -0.321478
v 79.2691 91.5208 50.8028
vn -0.968016 -0.160542 -0.192797
v 79.2651 91.447 50.8334
vn -0.977857 0.0357496 -0.206199
v 79.283 91.4593 50.743
vn -0.954974 -0.0353823 -0.294573
v 79.5013 91.4716 50.5972
vn -0.220461 0.00769565 -0.975366
v 79.4109 91.4716 50.6151
vn -0.297195 0.00315552 -0.954812
v 79.2651 91.5208 51.5814
vn -1 0 0
v 79.2651 91.4962 50.8334
vn -1 0 0
v 77.8945 94.8206 51.7783
vn 0.609007 0.793093 0.0107218
v 77.8683 94.8413 51.7075
vn 0.64457 0.764371 -0.0163212
v 77.7764 95.0252 51.729
vn 0.988794 0.149285 -9.28465e-06
v 77.7861 94.9592 51.7352
vn 0.979432 0.20177 0.0017116
v 77.8945 94.8206 51.7619
vn 0.499919 0.866072 0
v 78.509 94.4659 51.7586
vn 0.499919 0.866072 0
v 77.8945 94.8206 51.6962
vn 0.499919 0.866072 0
v 78.509 94.4659 51.6995
vn 0.499919 0.866072 0
v 78.6271 94.4342 51.7488
vn 0.0656688 0.997838 0.00258553
v 78.5914 94.437 51.7537
vn 0.101621 0.994819 -0.00285692
v 78.5914 94.437 51.6921
vn 0.111381 0.993778 -0.000336357
v 78.6271 94.4342 51.6896
vn 0.0586322 0.998249 -0.00787037
v 78.509 94.4659 51.7488
vn 0.441979 0.897022 0.00239932
v 78.5414 94.4505 51.7537
vn 0.410327 0.911933 -0.00315777
v 78.509 94.4659 51.6896
vn 0.447965 0.89402 -0.00743018
v 78.5414 94.4505 51.6921
vn 0.401594 0.915818 0.000243857
v 78.6271 94.4342 51.7684
vn 0 1 0
v 79.1806 94.4342 51.7783
vn 0 1 0
v 79.1806 94.4342 51.6798
vn 0 1 0
v 78.6271 94.4342 51.6896
vn 0 1 0
v 79.1806 94.4342 51.729
vn 0 1 0
v 78.6271 94.4342 51.729
vn 0 1 0
v 79.3988 94.58 51.729
vn -0.954786 0.297275 0.00325088
v 79.4168 94.6704 51.729
vn -0.97527 0.220882 0.00776178
v 79.1806 94.4342 51.729
vn -0.221457 0.975141 0.00758223
v 79.271 94.4522 51.729
vn -0.29738 0.954754 0.00307198
v 79.4168 95.7137 51.7783
vn -1 0 0
v 79.4168 94.671 51.7537
vn -1 0 0
v 77.7944 96.4734 51.729
vn 0.954755 -0.297378 -0.00314446
v 77.7764 96.383 51.729
vn 0.975169 -0.22133 -0.00765255
v 77.9227 96.6004 51.729
vn 0.328472 -0.944491 -0.00651243
v 77.8456 96.5501 51.766
vn 0.592094 -0.804374 0.0490538
v 78.0127 96.6193 51.729
vn 0.18326 -0.982946 -0.0152605
v 77.8456 96.5501 51.6921
vn 0.592094 -0.804374 -0.0490538
v 77.7764 96.383 51.729
vn 1 0 0
v 77.7764 95.0252 51.729
vn 1 0 0
v 78.5113 96.6193 51.729
vn 0 -1 0
v 78.0127 96.6193 51.729
vn 0 -1 0
v 78.5113 96.6193 51.7783
vn -0.178659 -0.983867 -0.00925897
v 79.0043 96.4733 51.7414
vn -0.431125 -0.901692 0.0329018
v 79.1516 96.354 51.729
vn -0.714138 -0.699998 -0.00298742
v 79.1957 96.3067 51.6798
vn -0.706362 -0.706362 0.0458932
v 79.2687 96.21 51.7537
vn -0.783302 -0.621363 0.018611
v 79.3382 96.0825 51.7414
vn -0.96198 -0.273113 -0.00203194
v 79.4168 95.7137 51.729
vn -0.995863 -0.0908638 -6.94698e-06
v 79.2651 91.5816 51.7708
vn 0 -0.195105 0.980782
v 79.5045 91.5816 51.7708
vn 0 -0.195105 0.980782
v 79.8466 91.5816 51.7708
vn 0 -0.195105 0.980782
v 80.0861 91.5816 51.7708
vn 0 -0.195105 0.980782
v 79.2651 91.4299 51.6191
vn 0 -0.980731 0.195361
v 79.5045 91.4299 51.6191
vn 0 -0.980731 0.195361
v 79.8466 91.4299 51.6191
vn 0 -0.980731 0.195361
v 80.0861 91.4299 51.6191
vn 0 -0.980731 0.195361
v 80.0861 91.4652 51.635
vn 1 0 0
v 80.0861 91.6059 51.7245
vn 1 0 0
v 79.2651 91.4406 51.635
vn -1 0 0
v 79.2651 91.5947 51.7045
vn -1 0 0
v 79.7436 91.4224 51.4699
vn 0 -1 0
v 79.7202 91.4224 50.5744
vn 0 -1 0
v 79.2651 91.6004 51.676
vn 0 0.195086 -0.980786
v 79.5045 91.6004 51.676
vn 0 0.195086 -0.980786
v 79.8466 91.6004 51.676
vn 0 0.195086 -0.980786
v 80.0861 91.6004 51.676
vn 0 0.195086 -0.980786
v 79.5045 91.5245 51.6003
vn 0 0.980779 -0.195124
v 79.2651 91.5245 51.6003
vn 0 0.980779 -0.195124
v 79.8466 91.5245 51.6003
vn 0 0.980779 -0.195124
v 80.0861 91.5245 51.6003
vn 0 0.980779 -0.195124
v 78.5113 97.3262 51.7708
vn 0 0.195352 0.980733
v 77.7515 97.3262 51.7708
vn 0 0.195352 0.980733
v 76.6661 97.3262 51.7708
vn 0 0.195352 0.980733
v 75.9064 97.3137 51.7733
vn 0 0.195352 0.980733
v 78.5113 97.4819 51.5988
vn 0 0.980731 0.195361
v 77.2088 97.4731 51.643
vn 0 0.980731 0.195361
v 75.9064 97.4804 51.6065
vn 0 0.980731 0.195361
v 76.6661 97.4779 51.6191
vn 0 0.980731 0.195361
v 75.9064 97.4426 51.635
vn -1 0 0
v 75.9064 97.302 51.7245
vn -1 0 0
v 78.5113 97.302 51.7245
vn 1 0 0
v 78.5113 97.4426 51.635
vn 1 0 0
v 78.5028 97.4854 50.6006
vn 0 1 0
v 78.5113 97.4854 51.5814
vn 0 1 0
v 75.9149 97.4854 50.6006
vn 0 1 0
v 75.9064 97.4854 51.5814
vn 0 1 0
v 78.5113 97.3074 51.676
vn 0 -0.19558 -0.980688
v 77.7515 97.3074 51.676
vn 0 -0.19558 -0.980688
v 76.6661 97.3074 51.676
vn 0 -0.19558 -0.980688
v 75.9064 97.3074 51.676
vn 0 -0.19558 -0.980688
v 78.5113 97.387 51.5814
vn 0 -0.980779 -0.195124
v 77.2088 97.3795 51.6191
vn 0 -0.980779 -0.195124
v 75.9064 97.3833 51.6003
vn 0 -0.980779 -0.195124
v 76.6661 97.3833 51.6003
vn 0 -0.980779 -0.195124
v 80.1615 93.3811 51.7633
vn 0.195105 0 0.980782
v 80.0861 93.6403 51.7783
vn 0.195105 0 0.980782
v 80.1238 94.8066 51.7708
vn 0.195105 0 0.980782
v 80.1112 95.7137 51.7733
vn 0.195105 0 0.980782
v 80.274 92.6035 51.6266
vn 0.980731 0 0.195361
v 80.2755 93.5107 51.6191
vn 0.980731 0 0.195361
v 80.2755 94.8066 51.6191
vn 0.980731 0 0.195361
v 80.278 95.7137 51.6065
vn 0.980731 0 0.195361
v 80.1174 95.7137 51.7022
vn 0 1 0
v 80.2648 95.7137 51.635
vn 0 1 0
v 80.0995 92.6035 51.7245
vn 0 -1 0
v 80.2402 92.6035 51.635
vn 0 -1 0
v 80.283 95.6974 50.6003
vn 1 0 0
v 80.283 95.5387 50.6052
vn 1 0 0
v 80.283 95.0781 51.0482
vn 1 0 0
v 80.283 93.2344 51.0557
vn 1 0 0
v 80.283 92.7786 50.6052
vn 1 0 0
v 80.283 92.6199 50.6002
vn 1 0 0
v 80.283 95.7137 51.5814
vn 1 0 0
v 80.283 92.6035 51.5814
vn 1 0 0
v 80.1049 92.6035 51.676
vn -0.195086 0 -0.980786
v 80.1049 93.5107 51.676
vn -0.195086 0 -0.980786
v 80.1049 94.8066 51.676
vn -0.195086 0 -0.980786
v 80.1049 95.7137 51.676
vn -0.195086 0 -0.980786
v 80.1771 93.3811 51.6191
vn -0.98127 0 -0.192639
v 80.1845 93.6403 51.5814
vn -0.98127 0 -0.192639
v 80.1808 95.0658 51.6003
vn -0.98127 0 -0.192639
v 80.1808 94.1586 51.6003
vn -0.98127 0 -0.192639
v 79.4683 97.2071 51.6798
vn 0 0 -1
v 79.2891 96.4213 51.6798
vn 0 0 -1
v 80.1481 95.7411 51.6798
vn 0 0 -1
v 80.0698 91.6193 51.6798
vn 0 0 -1
v 79.3938 94.4627 51.6798
vn 0 0 -1
v 79.161 92.9207 51.6798
vn 0 0 -1
v 77.8367 94.7036 51.6798
vn 0 0 -1
v 78.2216 93.6386 51.6798
vn 0 0 -1
v 75.9018 97.2731 51.6798
vn 0 0 -1
v 77.7849 96.5823 51.6798
vn 0 0 -1
v 76.4097 95.592 51.6798
vn 0 0 -1
v 75.8254 93.6568 51.6798
vn 0 0 -1
v 77.0203 94.5974 51.6798
vn 0 0 -1
v 75.9018 97.2731 51.7783
vn 0 0 1
v 76.4097 95.592 51.7783
vn 0 0 1
v 77.7849 96.5823 51.7783
vn 0 0 1
v 79.4683 97.2071 51.7783
vn 0 0 1
v 79.2891 96.4213 51.7783
vn 0 0 1
v 75.8254 93.6568 51.7783
vn 0 0 1
v 77.0203 94.5974 51.7783
vn 0 0 1
v 77.8367 94.7036 51.7783
vn 0 0 1
v 80.1481 95.7411 51.7783
vn 0 0 1
v 80.0693 91.6193 51.7783
vn 0 0 1
v 79.3938 94.4627 51.7783
vn 0 0 1
v 78.2216 93.6386 51.7783
vn 0 0 1
v 79.161 92.9207 51.7783
vn 0 0 1
v 80.0861 91.6193 51.7783
vn 0 0 1
v 76.4452 93.8043 51.6467
vn 0.306367 -0.00336936 0.951907
v 76.3519 93.8043 51.6659
vn 0.22814 -0.00819677 0.973594
v 76.5878 93.8043 51.4173
vn 0.984186 -0.00818278 0.176949
v 76.5735 93.8043 51.5115
vn 0.966614 -0.00335659 0.256216
v 75.5446 93.7551 46.5566
vn 0 -1 0
v 75.9564 93.7551 47.2785
vn 0 -1 0
v 76.0426 93.7551 48.4902
vn 0 -1 0
v 76.3262 93.7551 46.5517
vn 0 -1 0
v 75.8123 93.7551 51.6659
vn 0 -1 0
v 76.586 93.7551 51.6181
vn 0 -1 0
v 76.332 93.7551 46.6906
vn 0 -1 0
v 76.5825 93.7551 51.4808
vn 0 -1 0
v 75.3608 96.1089 46.5772
vn 0.0896156 0.292871 -0.951943
v 75.3634 96.2032 46.626
vn 0.0222685 0.663513 -0.747833
v 75.4048 96.2657 46.7103
vn -0.0102034 0.944501 -0.32835
v 75.4217 96.0484 46.563
vn -0.0873981 0.207304 -0.974365
v 75.4104 96.1388 46.5816
vn -0.0160451 0.294658 -0.955468
v 75.4095 96.2846 46.8002
vn -0.0250769 0.982999 -0.181891
v 75.4376 96.2154 46.6314
vn -0.0805358 0.803975 -0.589185
v 75.5168 96.2846 48.5319
vn 0 1 0
v 75.426 96.2846 46.7993
vn 0 1 0
v 75.3481 96.2802 46.5687
vn -0.998629 0.000328684 0.0523436
v 75.5427 95.7194 50.282
vn -0.998635 3.40023e-05 0.0522231
v 75.4512 96.3227 48.5354
vn -0.99863 4.06e-05 0.0523364
v 75.4793 93.952 49.0724
vn -0.998628 -4.81704e-05 0.0523566
v 75.5427 94.5759 50.2823
vn -0.99863 -0.000109324 0.0523241
v 75.6114 96.3338 51.5917
vn -0.998629 4.00877e-05 0.0523465
v 75.6114 95.6432 51.5917
vn -0.998627 4.18884e-06 0.0523805
v 75.348 93.952 46.5669
vn -0.998628 2.85733e-06 0.0523564
v 75.6114 93.964 51.5915
vn -0.998572 -6.81165e-05 0.0534241
v 76.1862 93.8043 46.541
vn 0.246727 0.00321223 -0.96908
v 76.095 93.8043 46.5277
vn 0.170048 -0.00768236 -0.985406
v 76.3433 93.8043 46.7513
vn 0.962303 -0.00760434 -0.271874
v 76.3206 93.8043 46.6619
vn 0.937949 -0.00307667 -0.346761
v 72.7373 96.4815 51.6798
vn -0.14891 0 0.988851
v 72.5881 96.4815 51.622
vn -0.546622 -0.0110394 0.837307
v 72.5149 96.5061 51.5221
vn -0.887998 -0.00400866 0.45983
v 72.5203 96.4323 51.5335
vn -0.923534 -0.027371 0.382538
v 72.5338 96.4569 51.3241
vn -0.904999 -0.00233225 -0.425406
v 72.5273 96.5307 51.3385
vn -0.894153 0.0254202 -0.447039
v 72.5046 96.4569 51.4037
vn -0.954446 0.0065116 -0.298312
v 75.2755 96.5307 50.1975
vn 0 1 0
v 73.357 96.5307 51.1819
vn 0 1 0
v 72.1762 96.5307 51.6764
vn 0 1 0
v 75.3485 96.5307 48.5009
vn 0 1 0
v 75.1396 96.5307 51.5395
vn 0 1 0
v 72.6632 96.5307 51.6665
vn 0 1 0
v 72.7373 96.4815 51.6798
vn 0 0 1
v 75.5174 96.4815 51.6798
vn 0 0 1
v 75.6108 93.966 51.5816
vn 0.0169809 -0.945846 0.32417
v 75.7091 93.9656 51.5775
vn 0.0131788 -0.968112 0.25017
v 75.6106 93.952 51.5778
vn 0.0448134 0.542665 0.838753
v 75.7089 93.9539 51.5715
vn 0.0430118 0.550849 0.833496
v 75.4464 96.2802 46.5635
vn 0.998624 -0.000148567 -0.0524398
v 75.641 95.7194 50.2769
vn 0.998637 -4.62717e-06 -0.0522012
v 75.5495 96.3265 48.5302
vn 0.998631 -2.09566e-05 -0.0523167
v 75.5776 93.952 49.0672
vn 0.99863 2.91169e-05 -0.0523359
v 75.641 94.5758 50.2772
vn 0.998631 8.09031e-05 -0.0523026
v 75.7096 96.3338 51.5866
vn 0.99863 3.52055e-05 -0.0523335
v 75.7096 94.9525 51.5866
vn 0.998631 -1.07777e-05 -0.0523098
v 75.4463 93.952 46.5617
vn 0.998629 -3.38335e-06 -0.0523533
v 75.709 93.9607 51.5748
vn 0.998632 -0.00110187 -0.0522782
v 75.7284 93.9014 51.6444
vn 0.567158 -0.000574845 -0.823609
v 75.7543 94.4809 51.6592
vn 0.719676 -0.000871458 -0.69431
v 75.7574 95.7211 51.6603
vn 0.640508 -0.00036986 -0.767951
v 75.7238 96.3338 51.6321
vn 0.784741 -0.00187549 -0.619821
v 75.8079 93.8674 51.6921
vn 0 -1 0
v 75.9064 93.8674 51.6798
vn 0 -1 0
v 75.9064 93.8674 51.7783
vn 0 -1 0
v 75.8079 93.8674 51.7537
vn 0 -1 0
v 75.7706 93.8806 51.6838
vn -0.277443 -0.947517 -0.158862
v 75.7013 93.9507 51.606
vn -0.188448 -0.819141 -0.541752
v 75.7729 93.8736 51.7518
vn -0.163725 -0.983669 -0.0747644
v 75.6299 93.9455 51.6297
vn -0.131396 -0.90494 -0.404745
v 75.9564 93.8535 47.2785
vn 0 1 0
v 75.5446 93.8535 46.5566
vn 0 1 0
v 76.3282 93.8535 46.5416
vn 0 1 0
v 76.0488 93.8535 48.4703
vn 0 1 0
v 75.8123 93.8535 51.6659
vn 0 1 0
v 76.598 93.8535 51.6474
vn 0 1 0
v 76.332 93.8535 46.6906
vn 0 1 0
v 76.5825 93.8535 51.4808
vn 0 1 0
v 75.45 93.9332 46.5615
vn 0.979475 0.194916 -0.051346
v 75.5272 93.9332 48.0353
vn 0.979609 0.194257 -0.0512886
v 75.7098 93.8076 50.2621
vn 0.859156 0.509741 -0.0448873
v 75.7165 93.9074 51.6272
vn 0.830035 0.556029 -0.0432915
v 75.532 93.856 46.5572
vn 0.195069 0.980736 -0.0102182
v 75.6039 93.8573 48.0478
vn 0.194878 0.980774 -0.010222
v 75.3531 93.9265 46.5666
vn -0.979452 -0.195033 0.0513341
v 75.4327 93.9143 48.0403
vn -0.979496 -0.194833 0.0512672
v 75.608 93.7749 50.1688
vn -0.894236 -0.445199 0.0462563
v 75.6629 93.812 51.6481
vn -0.77896 -0.625826 0.0395301
v 75.5363 93.7701 47.8378
vn -0.195051 -0.98074 0.0102382
v 75.5892 93.7551 47.4081
vn -0.195051 -0.98074 0.0102382
v 76.3519 93.8043 51.6659
vn 0 0 1
v 75.8124 93.8166 51.6659
vn 0 0 1
v 76.3519 93.7551 51.6659
vn 0 0 1
v 75.8124 93.7674 51.6659
vn 0 0 1
v 75.6917 93.922 51.5936
vn -0.116232 0.513617 0.85011
v 75.679 93.8446 51.6305
vn -0.099106 0.269539 0.957876
v 75.8063 93.8373 51.666
vn -0.142037 0.0166229 0.989722
v 75.803 93.7718 51.6661
vn -0.0600318 0.0149126 0.998085
v 75.81 93.829 51.666
vn 0.0102509 0.000939543 0.999947
v 75.8098 93.8536 51.6659
vn 0.00803629 0.000952298 0.999967
v 75.809 93.7798 51.666
vn 0.0199619 3.04259e-05 0.999801
v 75.8073 93.7552 51.666
vn 0.0171939 0.00136968 0.999851
v 75.6453 93.9034 51.7044
vn -0.777326 0.0018258 0.629095
v 75.7001 94.4728 51.7375
vn -0.6486 0.00209612 0.761127
v 75.6203 96.3338 51.6278
vn -0.970851 0 0.239682
v 75.6203 95.6309 51.6278
vn -0.970851 0 0.239682
v 75.7836 96.3338 51.7736
vn -0.189937 0 0.981796
v 75.7715 95.6145 51.7712
vn -0.189937 0 0.981796
v 75.7558 96.3338 51.7613
vn 0 1 0
v 75.6114 96.3338 51.5917
vn 0 1 0
v 75.8572 96.3338 51.7783
vn 0 1 0
v 75.8572 96.3338 51.6798
vn 0 1 0
v 75.656 96.3472 51.5894
vn 0.0524503 0.00035548 0.998623
v 75.5667 96.5125 51.5941
vn 0.0527716 -5.76448e-05 0.998607
v 75.5382 96.5257 51.5956
vn 0.195105 0.980729 -0.010232
v 75.504 96.5232 50.7034
vn 0.195175 0.980715 -0.0102326
v 75.4373 96.5232 49.43
vn 0.194977 0.980755 -0.0102242
v 75.378 96.5257 48.5392
vn 0.19504 0.980742 -0.0102288
v 75.6546 96.4092 50.8233
vn 0.979517 0.194703 -0.0513462
v 75.6562 96.3338 50.5678
vn 0.979517 0.194703 -0.0513462
v 75.5445 96.3589 48.5305
vn 0.979342 0.195596 -0.0513084
v 75.5887 96.3715 49.4221
vn 0.979273 0.195939 -0.0513029
v 75.5319 96.4285 51.5959
vn -0.195164 -0.980717 0.0102351
v 75.4851 96.4285 50.7044
vn -0.195303 -0.980689 0.0102393
v 75.4184 96.4285 49.431
vn -0.195324 -0.980685 0.0102347
v 75.3717 96.4285 48.5396
vn -0.195169 -0.980716 0.010225
v 75.6076 96.3526 51.5919
vn -0.979324 -0.195673 0.0513435
v 75.5609 96.3526 50.7004
vn -0.979163 -0.196474 0.0513509
v 75.4495 96.3425 48.5355
vn -0.979309 -0.195758 0.0513082
v 75.5238 96.3715 50.0639
vn -0.979318 -0.195703 0.0513517
v 72.5703 96.4815 51.2766
vn -0.707119 0 -0.707094
v 75.3037 96.4815 48.5431
vn -0.707119 0 -0.707094
v 75.5068 96.3875 48.5324
vn -0.0527929 -0.000167144 -0.998605
v 75.3529 96.4815 48.5405
vn -0.0516181 -0.000200945 -0.998667
v 75.2949 96.4323 50.198
vn 0 -1 0
v 73.357 96.4323 51.1819
vn 0 -1 0
v 72.1797 96.4323 51.6733
vn 0 -1 0
v 75.3485 96.4323 48.5009
vn 0 -1 0
v 74.9941 96.4323 51.5422
vn 0 -1 0
v 76.095 93.8043 46.5277
vn -0.0524353 0 -0.998624
v 75.5446 93.8043 46.5566
vn -0.0524353 0 -0.998624
v 75.5223 93.8222 46.5578
vn -0.0521866 -0.000150025 -0.998637
v 75.3661 93.8984 46.5659
vn -0.0528162 -0.000119848 -0.998604
v 75.3971 93.952 46.5643
vn -0.0528212 1.50278e-06 -0.998604
v 75.3971 96.0484 46.5643
vn -0.0527973 2.81772e-07 -0.998605
v 1.34953 95.3325 -19.4898
vn 0.052501 0.0788089 -0.995506
v 1.44778 95.3322 -19.484
vn 0.0515978 0.129743 -0.990204
v 1.3502 95.3246 -19.5025
vn -0.0272653 0.848093 0.529146
v 1.44849 95.3246 -19.4974
vn -0.0287495 0.844109 0.535401
v 1.3503 94.5403 -19.5047
vn -0.998643 -0.000170233 -0.0520737
v 1.16294 94.5355 -15.9294
vn -0.99863 -4.37011e-06 -0.0523331
v 1.16391 95.3397 -15.9479
vn -0.998647 7.06219e-05 -0.0520052
v 1.16373 95.3368 -15.9446
vn -0.998629 -0.00125532 -0.0523356
v 1.55313 95.471 -19.6134
vn -0.669124 0 -0.743151
v 2.8358 95.471 -20.7683
vn -0.669124 0 -0.743151
v 1.43556 95.3398 -19.486
vn 0.0124496 -0.668238 -0.743844
v 1.45751 95.3961 -19.5331
vn -0.232626 -0.516056 -0.824361
v 1.36418 95.352 -19.4964
vn -0.0201286 -0.440528 -0.897513
v 1.41063 95.4789 -19.5541
vn -0.16758 -0.305388 -0.937366
v 1.47144 95.4181 -19.5508
vn -0.373492 -0.363888 -0.853281
v 1.51029 95.4425 -19.5806
vn -0.495811 -0.275466 -0.823584
v 1.41932 95.4702 -19.5536
vn -0.23806 -0.224449 -0.94496
v 1.48186 95.5107 -19.5814
vn -0.327974 -0.174198 -0.928487
v 1.55313 95.4382 -19.6134
vn -0.641603 -0.135118 -0.755042
v 1.52823 95.4479 -19.594
vn -0.638636 -0.132488 -0.758018
v 1.50753 95.5186 -19.5932
vn -0.383771 -0.073684 -0.920484
v 1.55313 95.5366 -19.6134
vn -0.402291 -0.030416 -0.915007
v 1.46479 95.375 -19.5332
vn 0.881209 7.14531e-05 0.472727
v 1.46006 95.0045 -19.5365
vn 0.963493 0.000123084 0.267735
v 1.4518 94.165 -19.5195
vn 0.911399 0.000824295 0.411523
v 1.46716 93.7453 -19.5425
vn 0.867152 0.00253466 0.498037
v 1.38332 94.9674 -19.6144
vn -0.958718 -0.000546819 -0.284359
v 1.34802 95.347 -19.5323
vn -0.929156 -0.000621533 -0.369688
v 1.38127 94.1582 -19.5968
vn -0.888818 -0.000267018 -0.458261
v 1.35507 93.7453 -19.545
vn -0.930747 -0.00136791 -0.365661
v 1.38893 95.3388 -19.5142
vn -0.151755 0.76209 0.629436
v 1.47278 95.4243 -19.5764
vn -0.46906 0.705175 0.531705
v 1.4118 95.413 -19.6184
vn -0.350077 0.825468 0.442775
v 1.33994 95.4113 -16.7602
vn 0.744419 -0.666494 0.0403192
v 1.30157 95.4271 -15.8511
vn 0.615288 -0.787616 0.0328881
v 1.47907 95.4058 -19.548
vn 0.798754 -0.600257 0.0410455
v 1.42279 95.4141 -18.411
vn 0.609567 -0.792105 0.0316062
v 1.22886 95.5074 -15.8622
vn -0.522326 0.852303 -0.027467
v 1.37443 95.457 -19.5401
vn -0.84659 0.530414 -0.0441212
v 2.8222 95.4243 -20.8631
vn 0 1 0
v 1.43715 95.4243 -19.6159
vn 0 1 0
v 1.48101 93.7453 -19.5672
vn 0.669121 0 0.743153
v 2.86609 93.7453 -20.8143
vn 0.669121 0 0.743153
v 2.86609 95.4243 -20.8143
vn 0.669121 0 0.743153
v 1.48101 95.4243 -19.5672
vn 0.669121 0 0.743153
v 1.26203 95.3322 -15.9394
vn -0.0518756 0.126138 0.990655
v 1.1637 95.3325 -15.944
vn -0.0527811 0.0838026 0.995084
v 1.26133 95.3246 -15.9261
vn 0.0280081 0.844661 -0.534568
v 1.16304 95.3246 -15.9313
vn 0.0289263 0.845057 -0.533893
v 1.26208 95.3398 -15.9405
vn 0.998651 -7.02316e-05 0.0519191
v 1.44858 94.5389 -19.4992
vn 0.998633 4.16275e-05 0.0522734
v 1.26123 94.5355 -15.9242
vn 0.99863 9.73317e-06 0.0523298
v 1.26202 95.3368 -15.9394
vn 0.99863 -0.000900675 0.0523213
v 2.8358 95.4382 -20.7683
vn 0 -1 0
v 1.55313 95.4382 -19.6134
vn 0 -1 0
v 2.50819 95.4382 -14.5171
vn 0 -1 0
v 1.35326 95.4382 -15.7997
vn 0 -1 0
v 1.26875 94.165 -15.886
vn 0.949567 0.000788227 -0.313563
v 1.26889 93.7453 -15.897
vn 0.964051 0.00249844 -0.265706
v 1.2738 95.375 -15.8887
vn 0.92604 9.20378e-05 -0.377425
v 1.26875 95.0045 -15.886
vn 0.986255 0.000128335 -0.165233
v 2.5335 93.7453 -14.4681
vn 0.74315 0 -0.669125
v 1.28637 93.7453 -15.8532
vn 0.74315 0 -0.669125
v 2.5335 95.4243 -14.4681
vn 0.74315 0 -0.669125
v 1.28637 95.4243 -15.8532
vn 0.74315 0 -0.669125
v 2.50819 95.4874 -14.5171
vn -0.743124 0 0.669154
v 1.35326 95.4874 -15.7997
vn -0.743124 0 0.669154
v 1.27857 95.4181 -15.8705
vn -0.388646 -0.45154 0.80316
v 1.24967 95.3398 -15.9387
vn -0.132024 -0.639928 0.757009
v 1.21775 95.4789 -15.8736
vn -0.267292 -0.304185 0.914345
v 1.17761 95.3521 -15.9358
vn -0.114318 -0.441209 0.890093
v 1.3215 95.5242 -15.8171
vn -0.464787 -0.107114 0.87892
v 1.22644 95.4702 -15.8731
vn -0.334987 -0.22491 0.914986
v 1.16496 93.7453 -15.9038
vn -0.995142 -0.000730092 0.0984491
v 1.16933 94.165 -15.8721
vn -0.993494 0.000323226 0.113888
v 1.17859 94.8691 -15.8382
vn -0.92051 -0.000302833 0.390719
v 1.17307 95.3785 -15.8535
vn -0.963584 -0.00078072 0.267403
v 1.19867 93.7453 -15.8086
vn -0.818237 -0.0014 0.574879
v 1.20179 94.235 -15.8029
vn -0.806926 -0.00114516 0.590652
v 1.20034 95.3388 -15.9156
vn -0.084978 0.761883 -0.642117
v 1.22237 95.4243 -15.7956
vn -0.292192 0.853173 -0.432111
v 1.27723 95.4243 -15.845
vn -0.41005 0.704914 -0.578754
v 1.2498 95.4243 -15.8203
vn 0 1 0
v 2.49694 95.4243 -14.4352
vn 0 1 0
v 2.46036 93.7453 -14.4023
vn -0.74315 0 0.669125
v 1.21323 95.4243 -15.7874
vn -0.74315 0 0.669125
v 1.21323 93.7453 -15.7874
vn -0.74315 0 0.669125
v 2.46036 95.4243 -14.4023
vn -0.74315 0 0.669125
v 2.8358 95.5366 -20.7683
vn 0 1 0
v 1.55313 95.5366 -19.6134
vn 0 1 0
v 2.50819 95.5366 -14.5171
vn 0 1 0
v 1.35326 95.5366 -15.7997
vn 0 1 0
v 1.38272 93.7453 -19.5724
vn 0 -1 0
v 1.46479 93.7453 -19.5332
vn 0 -1 0
v 1.44809 93.7453 -19.6037
vn 0 -1 0
v 2.83317 93.7453 -20.8509
vn 0 -1 0
v 1.41515 93.7453 -19.6403
vn -0.669151 0 -0.743127
v 2.80023 93.7453 -20.8875
vn -0.669151 0 -0.743127
v 2.80023 95.4243 -20.8875
vn -0.669151 0 -0.743127
v 1.41515 95.4243 -19.6403
vn -0.669151 0 -0.743127
v 1.18809 93.7453 -15.8584
vn 0 -1 0
v 1.2738 93.7453 -15.8887
vn 0 -1 0
v 1.21209 93.7453 -15.9268
vn 0 -1 0
v 1.39944 93.7453 -19.5018
vn 0 -1 0
v 2.49693 93.7453 -14.4352
vn 0 -1 0
v 1.2498 93.7453 -15.8203
vn 0 -1 0
v -6.50589 92.4871 -38.2452
vn 0.0330342 0.954915 -0.295036
v -6.49358 92.5051 -38.1548
vn -0.0370696 0.977665 -0.206872
v -6.51819 92.3589 -38.3722
vn -0.00649353 0.328307 -0.944549
v -6.48128 92.4359 -38.3218
vn -0.0489533 0.593264 -0.803518
v -6.56741 92.5011 -38.1854
vn 0.164632 0.967369 -0.192598
v -6.5551 92.4803 -38.2591
vn 0.00340449 0.946914 -0.321469
v -6.51819 92.2689 -38.391
vn -0.0153065 0.182157 -0.98315
v -6.5551 92.4359 -38.3218
vn 0.0489533 0.593264 -0.803518
v -6.56741 92.0828 -36.9973
vn -1 0 0
v -6.56741 91.5209 -38.391
vn -1 0 0
v -6.56741 92.4242 -38.3342
vn -1 0 0
v -6.56741 92.0833 -17.2287
vn -1 0 0
v -6.56741 92.1011 -14.659
vn -1 0 0
v -6.56741 91.9893 28.6419
vn -1 0 0
v -6.56741 92.1568 28.6066
vn -1 0 0
v -6.56741 91.9664 31.0856
vn -1 0 0
v -6.56741 91.5209 52.3176
vn -1 0 0
v -6.56741 92.0831 50.9238
vn -1 0 0
v -6.56741 92.4235 52.2608
vn -1 0 0
v -6.56741 92.1507 31.1473
vn -1 0 0
v -5.49703 90.4367 -38.38
vn -0.139327 -0.292791 -0.945971
v -5.49703 90.3302 -38.3218
vn -0.0605857 -0.571954 -0.818045
v -5.55854 90.4972 -38.391
vn 0.035495 -0.206205 -0.977865
v -5.54624 90.4068 -38.3731
vn -0.035723 -0.294271 -0.955054
v -5.53394 90.261 -38.1548
vn 0.00764445 -0.975159 -0.221376
v -5.53394 90.279 -38.2452
vn -0.00312534 -0.954652 -0.297708
v -5.50933 90.261 -38.1548
vn 0 -1 0
v -5.51755 90.261 -37.0338
vn 0 -1 0
v -5.57495 90.261 -37.0337
vn 0 -1 0
v -5.58315 90.261 -38.1548
vn 0 -1 0
v -5.48473 90.3792 -38.3848
vn 1 0 0
v -5.48473 90.1431 -36.3408
vn 1 0 0
v -5.48473 90.5638 -36.1245
vn 1 0 0
v -5.48473 90.1445 -36.35
vn 1 0 0
v -5.48473 90.4845 -7.25567
vn 1 0 0
v -5.48473 90.5953 -36.5981
vn 1 0 0
v -5.48473 90.393 21.5377
vn 1 0 0
v -5.48473 90.6476 -7.70226
vn 1 0 0
v -5.48473 90.5662 21.1669
vn 1 0 0
v -5.48473 90.1431 50.2674
vn 1 0 0
v -5.48473 90.1445 50.2766
vn 1 0 0
v -5.48473 90.5641 50.0511
vn 1 0 0
v -5.48473 90.3791 52.3114
vn 1 0 0
v -5.48473 90.5953 50.5247
vn 1 0 0
v -5.48473 91.2256 -38.391
vn 1 0 0
v -5.48473 90.7392 21.5378
vn 1 0 0
v -5.48473 90.5661 21.615
vn 1 0 0
v -5.48473 91.2256 52.3176
vn 1 0 0
v -5.49908 90.2578 -36.9952
vn -0.00097565 -0.988791 -0.149303
v -5.49703 90.2609 -37.0286
vn -0.00124394 -0.998854 -0.047842
v -5.5688 90.2578 -36.9952
vn 0.00097569 -0.988791 -0.149302
v -5.57085 90.2609 -37.0286
vn 0.00124396 -0.998854 -0.0478422
v -5.57085 90.1452 -36.3534
vn -0.0014078 -0.993496 -0.113859
v -5.58315 90.1429 -36.3226
vn -0.00142349 -0.999274 -0.0380751
v -5.49908 90.1459 -36.3585
vn 0.00109998 -0.990933 -0.134356
v -5.48473 90.1429 -36.3226
vn 0.00142348 -0.999274 -0.0380751
v -5.51138 90.1439 50.2672
vn 0.000612661 -0.996677 0.0814497
v -5.48473 90.1447 50.2697
vn 0.00186811 -0.994563 0.104125
v -5.54624 90.1434 50.2595
vn -0.000390695 -0.998665 0.0516571
v -5.58315 90.1447 50.2697
vn -0.002217 -0.994474 0.104959
v -5.51343 90.2606 50.9501
vn 3.8467e-05 -0.999358 0.0358338
v -5.48473 90.2608 50.9535
vn -0.00160597 -0.999406 0.0344294
v -5.57085 90.2587 50.9296
vn 0.00121433 -0.992022 0.126056
v -5.58315 90.261 50.9603
vn 0.0013465 -0.999273 0.0380943
v -5.51343 90.2582 50.9244
vn -0.00103321 -0.988267 0.152733
v -5.48473 90.2584 50.9261
vn -0.00344652 -0.989123 0.147048
v -5.49293 90.261 50.9603
vn 0 -1 0
v -5.48473 90.261 52.0814
vn 0 -1 0
v -5.53394 90.261 52.0814
vn 0 -1 0
v -5.53395 90.261 50.9603
vn 0 -1 0
v -5.58315 90.261 52.0814
vn 0 -1 0
v -5.57495 90.261 50.9603
vn 0 -1 0
v -6.52435 92.3591 52.2991
vn 0.0467952 0.316703 0.94737
v -6.51819 92.2689 52.3176
vn 0.00216042 0.200977 0.979594
v -6.5551 92.4359 52.2484
vn 0.0495933 0.592999 0.803674
v -6.51819 92.5051 52.0814
vn 0.00779511 0.975278 0.220843
v -6.51819 92.4871 52.1718
vn 0.00327521 0.954784 0.297283
v -6.5182 91.5209 52.3176
vn 0 0 1
v -6.5182 92.2689 52.3176
vn 0 0 1
v -5.54009 90.407 52.2991
vn 0.0468134 -0.316699 0.94737
v -5.53394 90.4972 52.3176
vn -0.0212066 -0.202969 0.978956
v -5.57085 90.3302 52.2484
vn 0.0496134 -0.592999 0.803673
v -5.53394 90.261 52.0814
vn -0.00761119 -0.975152 0.221407
v -5.53394 90.279 52.1718
vn 0.0030867 -0.954743 0.297415
v -5.53394 91.2256 -38.391
vn 0 0 -1
v -5.53394 90.4972 -38.391
vn 0 0 -1
v -6.54291 92.2673 -38.391
vn 0 0 -1
v -6.38311 91.4249 52.3176
vn 0.195309 0.980742 0
v -6.38939 91.4262 25.8609
vn 0.195309 0.980742 0
v -6.38939 91.4262 -11.9344
vn 0.195309 0.980742 0
v -6.39316 91.4269 -38.391
vn 0.195309 0.980742 0
v -6.46523 91.502 25.8609
vn 0.980829 0.194873 0
v -6.46449 91.4983 52.3176
vn 0.980829 0.194873 0
v -6.46523 91.502 -11.9344
vn 0.980829 0.194873 0
v -6.46449 91.4983 -38.391
vn 0.980829 0.194873 0
v -6.51365 91.5075 52.3176
vn 0 0 1
v -6.42419 91.3668 52.3176
vn 0 0 1
v -6.05984 91.324 -37.1459
vn 0 -1 0
v -5.68158 91.324 -38.391
vn 0 -1 0
v -5.68158 91.324 52.3176
vn 0 -1 0
v -5.98783 91.324 6.63649
vn 0 -1 0
v -6.11714 91.324 6.62865
vn 0 -1 0
v -6.05981 91.324 7.32388
vn 0 -1 0
v -6.37056 91.324 -38.391
vn 0 -1 0
v -6.05983 91.324 51.0725
vn 0 -1 0
v -6.37056 91.324 52.3176
vn 0 -1 0
v -6.46898 92.0829 -36.9974
vn 1 0 0
v -6.46898 91.5209 -38.391
vn 1 0 0
v -6.46898 92.4237 -38.3346
vn 1 0 0
v -6.46898 92.083 -17.2289
vn 1 0 0
v -6.46898 92.1012 -14.6591
vn 1 0 0
v -6.46898 91.9893 28.6419
vn 1 0 0
v -6.46898 92.1568 28.6066
vn 1 0 0
v -6.46898 91.9664 31.0857
vn 1 0 0
v -6.46898 91.5209 52.3176
vn 1 0 0
v -6.46898 92.0826 50.9238
vn 1 0 0
v -6.46898 92.4245 52.2606
vn 1 0 0
v -6.46898 92.1507 31.1473
vn 1 0 0
v -6.51365 91.5075 -38.391
vn 0 0 -1
v -6.42419 91.3668 -38.391
vn 0 0 -1
v -5.49372 91.2708 -38.391
vn 0.980781 0.195113 0
v -5.48972 91.2507 -10.6745
vn 0.980781 0.195113 0
v -5.48972 91.2507 24.6011
vn 0.980781 0.195113 0
v -5.49372 91.2708 52.3176
vn 0.980781 0.195113 0
v -5.65647 91.4174 -38.391
vn 0.195282 0.980747 0
v -5.63638 91.4134 -12.6903
vn 0.195282 0.980747 0
v -5.65647 91.4174 52.3176
vn 0.195282 0.980747 0
v -5.63638 91.4134 26.6169
vn 0.195282 0.980747 0
v -6.39567 91.329 52.3176
vn -0.195283 -0.980747 0
v -6.41576 91.333 26.6169
vn -0.195283 -0.980747 0
v -6.41576 91.333 -12.6903
vn -0.195283 -0.980747 0
v -6.39567 91.329 -38.391
vn -0.195283 -0.980747 0
v -6.55651 91.4661 30.3277
vn -0.980802 -0.195004 0
v -6.56741 91.5209 22.0814
vn -0.980802 -0.195004 0
v -6.55651 91.4661 -16.4011
vn -0.980802 -0.195004 0
v -6.56741 91.5209 -8.15481
vn -0.980802 -0.195004 0
v -5.55184 91.2479 52.3176
vn 0 0 1
v -5.62795 91.4043 52.3176
vn 0 0 1
v -5.58315 90.3792 -38.3848
vn -1 0 0
v -5.58315 90.1431 -36.3408
vn -1 0 0
v -5.58315 90.5638 -36.1245
vn -1 0 0
v -5.58315 90.4845 -7.25567
vn -1 0 0
v -5.58315 90.5953 -36.5981
vn -1 0 0
v -5.58315 90.393 21.5377
vn -1 0 0
v -5.58315 90.6476 -7.70226
vn -1 0 0
v -5.58315 90.5662 21.1669
vn -1 0 0
v -5.58315 90.1431 50.2674
vn -1 0 0
v -5.58315 90.5641 50.0511
vn -1 0 0
v -5.58315 90.3791 52.3114
vn -1 0 0
v -5.58315 90.5953 50.5247
vn -1 0 0
v -5.58315 91.2256 -38.391
vn -1 0 0
v -5.58315 90.7392 21.5378
vn -1 0 0
v -5.58315 90.5661 21.615
vn -1 0 0
v -5.58315 91.2256 52.3176
vn -1 0 0
v -6.05982 91.4224 -37.1459
vn 0 1 0
v -5.68158 91.4224 52.3176
vn 0 1 0
v -5.68158 91.4224 -38.391
vn 0 1 0
v -6.06149 91.4224 6.60566
vn 0 1 0
v -6.06125 91.4224 7.32561
vn 0 1 0
v -6.37056 91.4224 -38.391
vn 0 1 0
v -6.05983 91.4224 51.0724
vn 0 1 0
v -6.37056 91.4224 52.3176
vn 0 1 0
v -5.53394 90.4972 52.3176
vn 0 0 1
v -5.53394 91.2256 52.3176
vn 0 0 1
v -5.62795 91.4043 -38.391
vn 0 0 -1
v -5.55184 91.2479 -38.391
vn 0 0 -1
v -5.58765 91.2482 -38.391
vn -0.980678 -0.195631 0
v -5.5869 91.2444 -11.9344
vn -0.980678 -0.195631 0
v -5.5869 91.2444 25.8609
vn -0.980678 -0.195631 0
v -5.58765 91.2482 52.3176
vn -0.980678 -0.195631 0
v -5.66902 91.3215 -38.391
vn -0.195257 -0.980752 0
v -5.66274 91.3202 -11.9344
vn -0.195257 -0.980752 0
v -5.66902 91.3215 52.3176
vn -0.195257 -0.980752 0
v -5.66274 91.3202 25.8609
vn -0.195257 -0.980752 0
v 74.1783 93.7945 6.42558
vn 0.297258 0.00316598 -0.954792
v 74.0879 93.7945 6.4076
vn 0.22101 0.00769308 -0.975241
v 74.3241 93.7945 6.64382
vn 0.975157 -0.00762726 -0.221382
v 74.3061 93.7945 6.55342
vn 0.954717 0.00310303 -0.2975
v 74.3241 93.7945 7.195
vn 1 0 0
v 74.3241 93.7945 6.64382
vn 1 0 0
v 74.083 93.8437 6.62325
vn 0 1 0
v 72.4971 93.8437 7.195
vn 0 1 0
v 72.4559 93.8437 6.4076
vn 0 1 0
v 74.3814 93.7927 7.34263
vn -0.954896 -0.296925 -0.00317559
v 74.3635 93.8831 7.34263
vn -0.975397 -0.22032 -0.00770445
v 74.5997 93.6468 7.34263
vn -0.221441 -0.975144 0.00760725
v 74.5093 93.6648 7.34263
vn -0.297389 -0.954751 0.00308746
v 77.4934 93.6468 7.34264
vn 0 -1 0
v 74.5997 93.6468 7.34264
vn 0 -1 0
v 80.109 96.5053 7.29342
vn 0 0 -1
v 78.5581 96.4673 7.29342
vn 0 0 -1
v 78.7879 94.9977 7.29342
vn 0 0 -1
v 78.743 97.3007 7.29342
vn 0 0 -1
v 78.2638 93.5759 7.29342
vn 0 0 -1
v 79.3782 91.7044 7.29342
vn 0 0 -1
v 80.1115 91.6193 7.29342
vn 0 0 -1
v 74.7579 96.4909 7.29342
vn 0 0 -1
v 73.6154 97.2886 7.29342
vn 0 0 -1
v 73.5843 96.5948 7.29342
vn 0 0 -1
v 74.1478 95.5227 7.29342
vn 0 0 -1
v 72.5818 96.5602 7.29342
vn 0 0 -1
v 75.0073 94.66 7.29342
vn 0 0 -1
v 74.5938 93.928 7.29342
vn 0 0 -1
v 72.5957 93.9421 7.29342
vn 0 0 -1
v 79.2898 91.5085 6.53957
vn -0.946864 0.00166913 -0.321629
v 79.2691 91.5209 6.61325
vn -0.96818 -0.158023 -0.194051
v 79.265 91.447 6.64382
vn -0.977663 0.0351985 -0.207209
v 79.283 91.4593 6.55342
vn -0.954878 -0.0356813 -0.294847
v 79.5013 91.4716 6.4076
vn -0.220883 -0.00760543 -0.975271
v 79.4109 91.4716 6.42558
vn -0.297251 0.00313993 -0.954794
v 79.5997 91.5209 6.46734
vn 0 1 0
v 79.9079 91.5209 7.19433
vn 0 1 0
v 79.9657 91.4716 6.42558
vn 0.297268 -0.00323587 -0.954789
v 79.8753 91.4716 6.4076
vn 0.221004 -0.00757525 -0.975244
v 80.1115 91.4716 6.64382
vn 0.979499 0.00284157 -0.201429
v 80.093 91.4655 6.55361
vn 0.950427 0.0369509 -0.308745
v 80.0423 91.4347 6.47678
vn 0.80438 0.0486514 -0.592119
v 80.1115 91.4717 7.195
vn 1 0 0
v 80.1115 91.4717 6.64382
vn 1 0 0
v 73.4696 96.5782 7.34263
vn -0.297718 0.954649 -0.00312709
v 73.3792 96.5602 7.34263
vn -0.221385 0.975156 -0.00764527
v 73.6154 96.7964 7.34263
vn -0.975366 0.220462 0.00765611
v 73.5975 96.706 7.34263
vn -0.954909 0.296883 0.00311229
v 72.5818 96.5602 7.34264
vn 0 1 0
v 73.3792 96.5602 7.34264
vn 0 1 0
v 80.2222 95.5818 6.43241
vn 0.00128317 0.321234 -0.946999
v 80.2099 95.5081 6.41162
vn 0.161819 0.19309 -0.967745
v 80.2837 95.4775 6.4076
vn -0.0362136 0.206836 -0.977705
v 80.2714 95.5679 6.42558
vn 0.0340513 0.294658 -0.954996
v 80.2591 95.7138 6.64382
vn 0.00762461 0.975157 -0.221382
v 80.2591 95.6958 6.55342
vn -0.00310436 0.954717 -0.2975
v 80.3083 95.6934 6.4119
vn 1 0 0
v 80.3083 92.6769 6.70608
vn 1 0 0
v 80.3083 95.7138 7.195
vn 1 0 0
v 78.5119 97.3993 6.53957
vn 0.947209 -3.92887e-05 -0.320616
v 78.5326 97.387 6.61325
vn 0.968038 0.159477 -0.193569
v 78.5367 97.4608 6.64382
vn 0.977694 -0.0355465 -0.207006
v 78.5187 97.4485 6.55342
vn 0.955132 0.0345807 -0.294154
v 78.3005 97.4362 6.4076
vn 0.22101 0.00769308 -0.975241
v 78.3909 97.4362 6.42558
vn 0.297258 -0.00316734 -0.954792
v 78.5017 97.387 6.42277
vn 0 -1 0
v 73.6506 97.387 6.42294
vn 0 -1 0
v 78.5367 97.387 7.195
vn 0 -1 0
v 73.6154 97.387 7.195
vn 0 -1 0
v 73.7613 97.4239 6.42558
vn -0.29468 -0.0340165 -0.95499
v 73.8517 97.4116 6.4076
vn -0.206835 0.0362369 -0.977705
v 73.6339 97.43 6.55361
vn -0.947334 0.0465304 -0.31685
v 73.6846 97.3993 6.47678
vn -0.804425 0.0485762 -0.592065
v 73.8211 97.4854 6.41162
vn -0.19308 -0.161886 -0.967736
v 73.7474 97.4731 6.43241
vn -0.321257 -0.00135268 -0.946991
v 73.6154 97.4362 6.64382
vn -0.978907 -0.0201005 -0.203314
v 73.6154 97.4362 7.195
vn -1 0 0
v 73.6154 97.4362 6.64382
vn -1 0 0
v 72.4363 96.5354 6.53622
vn -0.0197332 0.946979 -0.320689
v 72.4525 96.5562 6.60916
vn -0.173978 0.967431 -0.183873
v 72.3997 96.4142 6.42447
vn -0.086659 0.308557 -0.94725
v 72.4331 96.491 6.47353
vn -0.0907364 0.592649 -0.800334
v 72.3804 96.5602 6.64356
vn 0.0259126 0.977658 -0.208598
v 72.388 96.5422 6.55263
vn -0.0485182 0.954974 -0.292694
v 72.3926 96.324 6.40636
vn -0.0539173 0.201113 -0.978083
v 72.4421 96.53 6.41102
vn 0.998685 -0.000465597 -0.0512739
v 72.4835 96.5602 7.20015
vn 0.998625 -6.37724e-06 -0.0524298
v 72.4583 95.0381 6.71943
vn 0.998625 2.33625e-05 -0.0524155
v 72.4835 93.8576 7.20015
vn 0.998627 2.2761e-05 -0.0523926
v 72.4417 93.8576 6.40379
vn 0.998625 4.17425e-07 -0.0524224
v 72.3852 96.5602 7.2053
vn 0 1 0
v 72.3804 96.5602 6.64356
vn 0 1 0
v 80.2222 92.7071 6.53957
vn -0.000895279 -0.94699 -0.321262
v 80.2099 92.6863 6.61325
vn 0.160331 -0.96804 -0.192851
v 80.2837 92.6823 6.64382
vn -0.0356603 -0.977847 -0.20626
v 80.2714 92.7002 6.55342
vn 0.0354407 -0.955025 -0.294399
v 80.2591 92.9185 6.4076
vn -0.00769576 -0.221009 -0.975241
v 80.2591 92.8281 6.42558
vn -0.00316734 -0.297258 -0.954792
v 72.5891 93.9567 7.29342
vn -0.0621809 -0.998065 -0.00031769
v 72.5909 93.9558 7.39185
vn -0.18165 -0.983363 0.000266213
v 72.5957 93.9421 7.39185
vn -0.845367 0.534186 -0.000621504
v 72.5969 93.944 7.29342
vn -0.845988 0.533202 0.000310802
v 80.1092 96.5051 7.39185
vn 0 0 1
v 78.5581 96.4673 7.39185
vn 0 0 1
v 78.7879 94.9977 7.39185
vn 0 0 1
v 78.743 97.3007 7.39185
vn 0 0 1
v 79.1918 92.5625 7.39185
vn 0 0 1
v 77.8014 93.6868 7.39185
vn 0 0 1
v 80.1115 91.6193 7.39185
vn 0 0 1
v 74.7579 96.4909 7.39185
vn 0 0 1
v 73.6154 97.2886 7.39185
vn 0 0 1
v 75.0073 94.66 7.39185
vn 0 0 1
v 74.5938 93.928 7.39185
vn 0 0 1
v 73.5843 96.5948 7.39185
vn 0 0 1
v 74.1478 95.5227 7.39185
vn 0 0 1
v 72.5818 96.5602 7.39185
vn 0 0 1
v 72.5957 93.9421 7.39185
vn 0 0 1
v 72.3926 96.324 6.40637
vn -0.052394 2.65468e-07 -0.998626
v 72.3926 93.8576 6.40636
vn -0.0523675 1.41583e-06 -0.998628
v 72.418 93.8576 7.20357
vn 0 -1 0
v 72.3763 93.8576 6.40722
vn 0 -1 0
v 72.5818 93.956 7.30982
vn 0.655333 -0.751372 0.077322
v 72.5181 93.8994 7.28381
vn 0.443777 -0.827145 0.344809
v 72.5494 93.9361 7.35828
vn 0.458635 -0.880035 0.123259
v 72.4426 93.8864 7.33117
vn 0.256306 -0.94627 0.197178
v 72.4579 93.8613 7.2241
vn 0.0500471 -0.979064 0.197306
v 72.3852 93.8576 7.2053
vn 0.0427376 -0.993776 0.102877
v 72.9495 93.8755 7.26119
vn -0.00195125 0.668305 -0.743884
v 72.5321 93.8785 7.26595
vn -0.00149826 0.801356 -0.598186
v 74.3241 93.9233 7.28967
vn 0 0.194873 -0.980829
v 73.8077 93.9233 7.28967
vn 0 0.194873 -0.980829
v 73.7913 93.8474 7.21383
vn 0 0.980742 -0.195309
v 74.3241 93.8474 7.21383
vn 0 0.980742 -0.195309
v 73.0208 93.8002 7.33093
vn 0.00226873 -0.524101 0.851653
v 72.5341 93.8302 7.37293
vn 0.00432876 -0.584661 0.811266
v 73.8077 93.9044 7.38436
vn 0 -0.195232 0.980757
v 74.3241 93.9044 7.38436
vn 0 -0.195232 0.980757
v 73.7913 93.7528 7.23267
vn 0 -0.980994 0.19404
v 74.3241 93.7503 7.22011
vn 0 -0.980994 0.19404
v 72.4994 93.8294 7.20908
vn -0.982854 0.0365317 0.180732
v 72.5237 93.8521 7.27453
vn -0.854502 0.400969 0.330226
v 72.5106 93.7832 7.28426
vn -0.970093 0.144245 0.195224
v 72.4974 93.7455 7.2053
vn -0.995821 0.020328 0.0890314
v 72.5957 93.9421 7.30982
vn -0.755732 0.650053 0.0793723
v 72.5596 93.8755 7.35911
vn -0.896533 0.409737 0.168355
v 72.5957 93.9421 7.37544
vn -0.880737 0.470762 0.0518316
v 72.4972 93.8191 7.19661
vn -0.998107 0 0.0614948
v 72.4971 93.8437 7.195
vn -0.998107 0 0.0614948
v 72.4972 93.7699 7.19726
vn -0.999035 1.16911e-05 0.0439161
v 72.4971 93.7453 7.195
vn -0.999034 9.37027e-06 0.0439414
v 72.4974 93.8438 7.20015
vn -0.998102 0.00322028 0.0615016
v 72.4973 93.8151 7.20085
vn -0.998099 0.00321295 0.0615522
v 72.4973 93.77 7.20176
vn -0.999032 0.0023027 0.0439227
v 72.4974 93.7783 7.20358
vn -0.999032 0.00230409 0.0439269
v 72.5173 96.5602 7.26845
vn 0.78192 -0.00188332 -0.623376
v 72.5198 95.8881 7.26238
vn 0.650579 -0.000629392 -0.759439
v 72.5381 94.4717 7.28065
vn 0.302704 -0.00094391 -0.953084
v 72.4943 93.8685 7.23811
vn 0.824666 -0.00109152 -0.565619
v 72.5453 96.5602 7.38484
vn -0.188593 0 0.982055
v 72.5453 95.7884 7.38484
vn -0.188593 0 0.982055
v 72.4669 93.8917 7.35581
vn -0.566958 0.00185492 0.823745
v 72.4122 94.642 7.31971
vn -0.425422 0.00105743 0.904994
v 72.3941 95.772 7.24135
vn -0.970861 0 0.239643
v 72.3911 96.5602 7.22934
vn -0.970861 0 0.239643
v 72.4971 93.7945 7.195
vn -0.998634 0 0.052251
v 72.4559 93.7945 6.4076
vn -0.998634 0 0.052251
v 72.5297 96.5602 7.35022
vn 0 1 0
v 72.4425 96.5602 7.21872
vn 0 1 0
v 72.3438 96.53 6.41618
vn -0.998637 -0.000119914 0.0521888
v 72.36 95.0381 6.72458
vn -0.998633 -5.93702e-06 0.0522751
v 72.3852 96.5602 7.2053
vn -0.998625 -1.8593e-05 0.0524169
v 72.3852 93.8576 7.2053
vn -0.99863 -3.2349e-06 0.0523321
v 72.3435 93.8576 6.40894
vn -0.998636 -3.1325e-05 0.0522155
v 74.3241 93.799 7.20841
vn 1 0 0
v 74.3241 93.8885 7.34908
vn 1 0 0
v 72.4559 93.8437 6.4076
vn 0 0 -1
v 74.0875 93.8191 6.4076
vn 0 0 -1
v 74.083 93.7453 6.62325
vn 0 -1 0
v 72.4971 93.7453 7.195
vn 0 -1 0
v 72.4559 93.7453 6.4076
vn 0 -1 0
v 79.265 91.5816 7.38436
vn 0 -0.194985 0.980806
v 79.512 91.5816 7.38436
vn 0 -0.194985 0.980806
v 79.8646 91.5816 7.38436
vn 0 -0.194985 0.980806
v 80.1115 91.5816 7.38436
vn 0 -0.194985 0.980806
v 79.512 91.4299 7.23267
vn 0 -0.980747 0.195283
v 79.265 91.4299 7.23267
vn 0 -0.980747 0.195283
v 80.1115 91.4299 7.23267
vn 0 -0.980747 0.195283
v 79.8646 91.4299 7.23267
vn 0 -0.980747 0.195283
v 79.265 91.5209 7.195
vn -1 0 0
v 79.265 91.4963 6.64382
vn -1 0 0
v 80.1115 91.4895 7.21734
vn 1 0 0
v 80.1115 91.5657 7.37369
vn 1 0 0
v 79.265 91.5657 7.37369
vn -1 0 0
v 79.265 91.4895 7.21734
vn -1 0 0
v 79.9079 91.4224 7.19433
vn 0 -1 0
v 79.5997 91.4224 6.46734
vn 0 -1 0
v 79.265 91.6004 7.28967
vn 0 0.194835 -0.980836
v 79.512 91.6004 7.28967
vn 0 0.194835 -0.980836
v 79.8646 91.6004 7.28967
vn 0 0.194835 -0.980836
v 80.1115 91.6004 7.28967
vn 0 0.194835 -0.980836
v 79.265 91.5246 7.21383
vn 0 0.981234 -0.192823
v 79.512 91.5246 7.21383
vn 0 0.981234 -0.192823
v 79.8646 91.5246 7.21383
vn 0 0.981234 -0.192823
v 80.1115 91.5246 7.21383
vn 0 0.981234 -0.192823
v 78.5367 97.3338 7.38286
vn 0 0.195232 0.980757
v 77.1013 97.3262 7.38436
vn 0 0.195232 0.980757
v 74.8457 97.3639 7.37686
vn 0 0.195232 0.980757
v 75.2559 97.2886 7.39185
vn 0 0.195232 0.980757
v 78.5367 97.4804 7.22011
vn 0 0.980747 0.195283
v 77.1013 97.4779 7.23267
vn 0 0.980747 0.195283
v 75.0508 97.4779 7.23267
vn 0 0.980747 0.195283
v 73.6154 97.4764 7.2402
vn 0 0.980747 0.195283
v 78.5367 97.4854 7.195
vn 1 0 0
v 78.5367 97.4608 6.64382
vn 1 0 0
v 73.6154 97.4672 7.24863
vn -1 0 0
v 73.6154 97.3109 7.32473
vn -1 0 0
v 78.5367 97.4672 7.24863
vn 1 0 0
v 78.5367 97.3109 7.32473
vn 1 0 0
v 78.5017 97.4854 6.42277
vn 0 1 0
v 73.6506 97.4854 6.42294
vn 0 1 0
v 78.5367 97.4854 7.195
vn 0 1 0
v 73.6154 97.4854 7.195
vn 0 1 0
v 78.5367 97.3011 7.29092
vn 0 -0.195329 -0.980738
v 77.1013 97.3074 7.28967
vn 0 -0.195329 -0.980738
v 74.8457 97.3262 7.28593
vn 0 -0.195329 -0.980738
v 75.2559 97.2886 7.29342
vn 0 -0.195329 -0.980738
v 77.3064 97.3795 7.23266
vn 0 -0.980742 -0.195309
v 77.7165 97.387 7.195
vn 0 -0.980742 -0.195309
v 73.6154 97.3845 7.20755
vn 0 -0.980742 -0.195309
v 75.0508 97.3833 7.21383
vn 0 -0.980742 -0.195309
v 80.1366 92.6823 7.38685
vn 0.195251 0 0.980753
v 80.1492 93.5665 7.38436
vn 0.195251 0 0.980753
v 80.1868 94.9559 7.37686
vn 0.195251 0 0.980753
v 80.1115 95.2085 7.39185
vn 0.195251 0 0.980753
v 80.3008 93.5665 7.23267
vn 0.981012 0 0.193945
v 80.2994 92.6823 7.2402
vn 0.981012 0 0.193945
v 80.2934 94.9559 7.27033
vn 0.981012 0 0.193945
v 80.3083 95.2085 7.195
vn 0.981012 0 0.193945
v 80.3083 92.6823 7.195
vn 0 -1 0
v 80.2837 92.6823 6.64382
vn 0 -1 0
v 80.2099 95.6934 6.4119
vn -1 0 0
v 80.2099 92.7025 6.41188
vn -1 0 0
v 80.2099 95.7138 7.195
vn -1 0 0
v 80.2099 92.6823 7.195
vn -1 0 0
v 80.2546 95.7138 7.20841
vn 0 1 0
v 80.1651 95.7138 7.37369
vn 0 1 0
v 80.1651 92.6823 7.37369
vn 0 -1 0
v 80.2322 92.6823 7.22631
vn 0 -1 0
v 80.2591 95.7138 7.195
vn 0 1 0
v 80.2591 95.7138 6.64382
vn 0 1 0
v 80.1304 92.6823 7.28967
vn -0.194873 0 -0.980829
v 80.1304 93.5665 7.28967
vn -0.194873 0 -0.980829
v 80.1304 94.8296 7.28967
vn -0.194873 0 -0.980829
v 80.1304 95.7138 7.28967
vn -0.194873 0 -0.980829
v 80.2062 93.5665 7.21383
vn -0.980742 0 -0.195309
v 80.2062 92.6823 7.21383
vn -0.980742 0 -0.195309
v 80.2062 95.7138 7.21383
vn -0.980742 0 -0.195309
v 80.2062 94.8296 7.21383
vn -0.980742 0 -0.195309
v 73.6154 96.7964 7.34263
vn -1 0 0
v 73.6154 97.2886 7.34263
vn -1 0 0
v 74.3635 93.8831 7.34263
vn -1 0 0
v 74.3635 93.9913 7.34263
vn -1 0 0
v 75.591 97.4764 49.3221
vn 0.998633 -0.000206337 -0.0522613
v 75.591 96.5692 49.3221
vn 0.998634 0.00017906 -0.0522468
v 75.7935 96.5692 53.1872
vn 0.998632 -4.57614e-05 -0.0522814
v 75.7935 97.4764 53.1872
vn 0.998632 6.35768e-05 -0.0522837
v -2.03859 97.4764 53.1872
vn -0.998629 -6.67071e-05 -0.052352
v -2.03859 96.5692 53.1872
vn -0.998629 6.82056e-05 -0.0523507
v -1.83617 96.5692 49.3247
vn -0.998629 0.00011214 -0.0523369
v -1.83617 97.4764 49.3247
vn -0.99863 -0.000111566 -0.0523363
v -1.25681 96.5307 51.245
vn 0 -1 0
v 0.563212 96.5307 51.2149
vn 0 -1 0
v -2.04048 96.5307 53.2231
vn 0 -1 0
v 75.7954 96.5307 53.2231
vn 0 -1 0
v 73.1918 96.5307 51.2149
vn 0 -1 0
v -1.83415 96.5307 49.2861
vn 0 -1 0
v 75.0117 96.5307 51.245
vn 0 -1 0
v 75.5891 96.5307 49.2861
vn 0 -1 0
v -1.09232 96.5307 50.1706
vn 0 -1 0
v 74.8472 96.5307 50.1706
vn 0 -1 0
v -1.09228 96.6094 50.1709
vn 0 1 0
v -1.83827 96.6094 49.3649
vn 0 1 0
v -1.25577 96.6094 51.2438
vn 0 1 0
v 74.8472 96.6094 50.1709
vn 0 1 0
v 0.563201 96.6094 51.215
vn 0 1 0
v 75.5932 96.6094 49.3649
vn 0 1 0
v 75.0107 96.6094 51.2438
vn 0 1 0
v 73.1918 96.6094 51.2149
vn 0 1 0
v -2.03635 96.6094 53.1444
vn 0 1 0
v 75.7913 96.6094 53.1444
vn 0 1 0
v -1.94146 97.4619 53.6562
vn 0 0 -1
v -4.97368 97.4085 53.6562
vn 0 0 -1
v -1.9409 96.0221 55.1103
vn -0.000481882 -0.218607 -0.975813
v -5.14901 96.1071 55.093
vn 6.691e-05 -0.236474 -0.971638
v -5.22956 96.5403 54.9131
vn 0.000492233 -0.500316 -0.865843
v -1.94142 96.556 54.9059
vn 0.000492233 -0.500316 -0.865843
v -5.08033 97.3824 53.7644
vn 6.70847e-05 -0.971639 -0.236469
v -1.94114 97.3716 53.8055
vn -0.000692596 -0.974691 -0.223557
v -5.22956 97.1872 54.2662
vn 0.000492846 -0.865832 -0.500334
v -1.94142 97.18 54.2819
vn 0.000492846 -0.865832 -0.500334
v -5.22956 96.9063 54.6321
vn 0.000537848 -0.707107 -0.707107
v -1.94142 96.9075 54.6334
vn 0.000537848 -0.707107 -0.707107
v -1.94142 96.0223 55.1905
vn 0 0.211706 0.977333
v -2.65008 96.0836 55.1772
vn 0 0.211706 0.977333
v -1.94142 97.4646 53.7482
vn 0 0.977336 0.211694
v -2.65008 97.4513 53.8095
vn 0 0.977336 0.211694
v -1.94142 95.9303 55.1705
vn 0 -1 0
v -2.65008 95.9303 55.2104
vn 0 -1 0
v -3.22423 95.9303 55.1705
vn 0 -1 0
v -4.97357 95.9303 55.143
vn 0 -1 0
v -1.94142 95.9303 55.1705
vn 1 0 0
v -1.94142 96.4314 55.0488
vn 1 0 0
v -1.94142 97.199 54.4246
vn 1 0 0
v -1.94142 97.4446 53.6562
vn 1 0 0
v -4.97292 97.4648 50.628
vn 1 0 0
v -4.97292 97.4446 51.9075
vn 1 0 0
v -4.97292 97.4157 53.6569
vn 1 0 0
v -4.97292 97.4845 51.3334
vn 1 0 0
v -5.06467 97.3844 50.6242
vn 0.21864 -0.975806 0.000481395
v -5.14966 97.3671 53.8323
vn 0.236514 -0.971628 -6.75715e-05
v -5.58298 97.1872 53.9129
vn 0.500301 -0.865851 -0.000489192
v -5.59863 97.18 50.6247
vn 0.500301 -0.865851 -0.000489192
v -6.40964 96.1071 53.8323
vn 0.971613 -0.236577 -7.16497e-05
v -6.42698 96.0221 50.6242
vn 0.975784 -0.218737 0.000476147
v -6.22978 96.5403 53.9129
vn 0.865808 -0.500376 -0.000488698
v -6.22258 96.556 50.6247
vn 0.865808 -0.500376 -0.000488698
v -5.94889 96.9063 53.9129
vn 0.707076 -0.707138 -0.000525747
v -5.95008 96.9075 50.6247
vn 0.707076 -0.707138 -0.000525747
v -4.69734 95.9074 55.2134
vn -1.0256e-05 -0.130009 -0.991513
v -4.10022 95.896 55.2149
vn -7.55328e-06 -0.129906 -0.991526
v -3.16552 95.8786 55.217
vn -0.000339057 -0.116704 -0.993167
v -2.65007 95.8479 55.2196
vn -0.0018124 -0.110795 -0.993842
v -4.69733 95.6777 55.2306
vn 0 -0.0188219 -0.999823
v -4.10022 95.6893 55.2303
vn 0 -0.0188219 -0.999823
v -3.16189 95.7238 55.2297
vn 0 -0.0188219 -0.999823
v -3.3325 95.6547 55.231
vn 0 -0.0188219 -0.999823
v -4.69733 97.5044 53.4152
vn -2.18141e-06 -0.999824 -0.0187506
v -4.10022 97.5044 53.4151
vn -2.96338e-06 -0.999824 -0.0187825
v -3.14725 97.4997 53.5188
vn -0.000436793 -0.997565 -0.0697413
v -2.65008 97.4984 53.5188
vn -0.00113836 -0.996233 -0.0867103
v -4.10022 97.489 53.6219
vn -1.027e-05 -0.991493 -0.130158
v -4.69733 97.489 53.622
vn -7.57106e-06 -0.991479 -0.130267
v -5.35053 96.6655 54.8382
vn 0.48427 -0.550089 -0.680357
v -5.30585 97.2269 54.1525
vn 0.352831 -0.812157 -0.464663
v -5.79908 97.0524 53.9342
vn 0.546216 -0.767967 -0.334477
v -6.19748 96.5993 53.9944
vn 0.724028 -0.559808 -0.402988
v -5.35351 96.2195 55.0663
vn 0.448086 -0.342399 -0.825822
v -6.37115 96.246 54.0198
vn 0.813245 -0.344574 -0.468937
v -4.70441 95.8828 55.2162
vn 0.0262231 -0.0776454 -0.996636
v -4.876 95.6855 55.2197
vn 0.0754192 -0.0276565 -0.996768
v -4.92708 95.9207 55.1967
vn 0.123851 -0.113871 -0.985746
v -6.42698 92.8983 53.748
vn 0.975783 0.000475839 -0.218738
v -6.40963 96.1064 53.833
vn 0.971614 -7.18246e-05 -0.236572
v -6.22978 96.187 54.2662
vn 0.865808 -0.0004887 -0.500376
v -6.22258 92.8988 54.2819
vn 0.865808 -0.0004887 -0.500376
v -5.14966 96.1064 55.093
vn 0.236514 -6.75716e-05 -0.971628
v -5.06467 92.8983 55.1103
vn 0.21864 0.000481395 -0.975806
v -5.58298 96.187 54.9131
vn 0.500282 -0.00048858 -0.865862
v -5.59863 92.8988 54.9059
vn 0.500282 -0.00048858 -0.865862
v -5.94889 96.187 54.6321
vn 0.707076 -0.000525748 -0.707138
v -5.95008 92.8988 54.6334
vn 0.707076 -0.000525748 -0.707138
v -4.79085 96.4982 55.1641
vn -0.0626737 0.41596 0.907221
v -4.82061 97.246 54.533
vn -0.0648198 0.822714 0.564748
v -6.48074 96.4982 53.4741
vn -0.907251 0.415874 0.0628061
v -4.76522 97.0188 54.8063
vn -0.0529588 0.702863 0.709351
v -4.73579 97.5464 53.935
vn -0.046035 0.951301 0.304806
v -4.92707 97.6218 53.4051
vn -0.10682 0.99301 0.0501974
v -4.73769 95.7346 55.3642
vn -0.0592603 0.115275 0.991564
v -5.27597 95.743 55.2727
vn -0.251586 0.0502299 0.966531
v -6.10143 95.7346 54.7909
vn -0.681669 0.0374573 0.730701
v -5.75892 97.3094 53.5034
vn -0.524588 0.849302 0.0591034
v -6.12299 97.0188 53.4485
vn -0.709298 0.702926 0.0528407
v -6.6809 95.7346 53.421
vn -0.991571 0.115217 0.0592675
v -6.59481 95.723 53.9622
vn -0.967213 0.0495536 0.249086
v -4.97292 92.8988 55.1877
vn 1 0 0
v -4.97292 95.9311 55.1345
vn 1 0 0
v -6.50719 92.8988 53.7482
vn -0.977395 0 0.211421
v -6.49393 93.6075 53.8095
vn -0.977395 0 0.211421
v -4.97292 93.2531 55.2104
vn -0.211745 0 0.977325
v -5.0593 92.9281 55.1917
vn -0.211745 0 0.977325
v -6.50744 92.9021 53.6562
vn 0 0 -1
v -6.48725 94.1816 53.6562
vn 0 0 -1
v -6.45973 95.9309 53.6562
vn 0 0 -1
v -6.52708 93.6075 53.6562
vn 0 0 -1
v -6.48725 92.8988 53.6562
vn 0 -1 0
v -6.15373 92.8988 54.5518
vn 0 -1 0
v -5.01484 92.8988 55.2158
vn 0 -1 0
v -6.53009 95.6547 53.6334
vn 0.991446 4.79906e-06 -0.130519
v -6.5316 95.0576 53.6219
vn 0.991452 3.53254e-06 -0.130471
v -6.53668 94.1175 53.5791
vn 0.993147 0.000292707 -0.116872
v -6.53223 93.6075 53.6105
vn 0.993412 0.00131998 -0.114587
v -6.54708 95.0576 53.4151
vn 0.999826 1.47198e-06 -0.0186577
v -6.54708 95.6547 53.4152
vn 0.999826 1.08409e-06 -0.0186419
v -6.54643 94.1193 53.4497
vn 0.999826 0 -0.0186632
v -6.54772 94.2899 53.3806
vn 0.999826 0 -0.0186632
v -4.72037 95.6547 55.2306
vn 0.018823 1.94247e-06 -0.999823
v -4.73184 95.0576 55.2303
vn 0.0188427 1.43225e-06 -0.999822
v -4.79852 94.1046 55.2279
vn 0.079362 0.000476596 -0.996846
v -4.90416 93.6075 55.2196
vn 0.0884396 0.00138923 -0.996081
v -4.93861 95.0576 55.2149
vn 0.13005 6.21606e-06 -0.991507
v -4.93864 95.6547 55.2149
vn 0.130117 4.5816e-06 -0.991499
v -6.51342 95.9207 53.6103
vn 0.985714 -0.113876 -0.1241
v -6.53295 95.8828 53.3876
vn 0.99662 -0.077871 -0.0261829
v -6.53642 95.6855 53.5592
vn 0.996754 -0.0279002 -0.0755198
v -4.69733 97.4948 53.5184
vn 0.0276431 -0.996315 -0.0811877
v -4.9724 97.48 53.5356
vn 0.0983597 -0.992595 -0.0712726
v -5.06486 97.4646 51.3334
vn -0.211729 0.977328 0
v -5.12617 97.4513 50.6247
vn -0.211729 0.977328 0
v -6.50719 96.0223 50.6247
vn -0.977396 0.211417 0
v -6.49393 96.0836 51.3334
vn -0.977396 0.211417 0
v -6.48531 95.9303 50.6247
vn 0 -1 0
v -6.45973 95.9303 53.6568
vn 0 -1 0
v -5.01478 97.4899 50.6247
vn 0 0 -1
v -6.15377 96.8259 50.6247
vn 0 0 -1
v -6.48725 95.9303 50.6247
vn 0 0 -1
v -4.83553 97.4997 51.8306
vn 0.0793248 -0.996849 0.000436336
v -4.83558 97.4984 51.3334
vn 0.0866995 -0.996234 0.00113741
v -4.73184 97.5044 52.7835
vn 0.0187836 -0.999824 1.93786e-06
v -4.7319 97.5044 53.3806
vn 0.0187627 -0.999824 1.42698e-06
v -4.93861 97.489 52.7835
vn 0.130104 -0.9915 6.21871e-06
v -4.93864 97.489 53.3806
vn 0.130171 -0.991492 4.58353e-06
v -6.53747 95.8452 51.9588
vn 0.995377 -0.0960412 0.000263288
v -6.54659 95.7243 51.3334
vn 0.998156 -0.0606874 0.0013716
v -6.5316 95.896 52.7835
vn 0.991455 -0.130449 -5.50365e-06
v -6.53159 95.896 53.3806
vn 0.991463 -0.13039 -4.05732e-06
v -6.54729 95.6777 53.3806
vn 0.999826 -0.0186632 0
v -6.54708 95.6893 52.7835
vn 0.999826 -0.0186632 0
v -2.65008 97.5051 53.3806
vn 0 -1 0
v -2.65008 97.5051 51.3334
vn 0 -1 0
v -4.69733 97.5051 51.3334
vn 0 -1 0
v -4.69733 97.5051 53.3806
vn 0 -1 0
v -6.54772 95.6547 51.3334
vn 1 0 0
v -6.54772 93.6075 51.3334
vn 1 0 0
v -6.54772 95.6547 53.3806
vn 1 0 0
v -6.54772 93.6075 53.3806
vn 1 0 0
v -6.54772 95.6547 53.3806
vn 1 0 0
v -2.65008 93.6075 55.231
vn 0 0 -1
v -4.69733 93.6075 55.231
vn 0 0 -1
v -2.65008 95.6547 55.231
vn 0 0 -1
v -4.69733 95.6547 55.231
vn 0 0 -1
v -4.69733 95.6547 55.231
vn 0 0 -1
v -5.78464 97.2604 51.3334
vn 0 0 -1
v -4.72006 97.5945 51.3334
vn 0 0 -1
v -6.63715 95.6774 51.3334
vn 0 0 -1
v -6.3934 96.5436 51.3334
vn 0 0 -1
v -4.80871 95.6524 55.3437
vn -0.0885521 8.88886e-05 0.996072
v -4.83134 93.6052 55.3407
vn -0.0678917 -0.00028723 0.997693
v -5.28184 93.6062 55.2566
vn -0.301942 -0.000852048 0.953326
v -5.30487 95.6534 55.2507
vn -0.316999 0.000278189 0.948426
v -5.71379 93.6062 55.0622
vn -0.519244 -0.000843717 0.854626
v -5.72462 95.6534 55.0572
vn -0.530198 0.000295694 0.847874
v -6.08673 93.6062 54.77
vn -0.707116 -0.000858329 0.707097
v -6.08773 95.6534 54.771
vn -0.700095 0.000278783 0.71405
v -6.37889 93.6062 54.3971
vn -0.854601 -0.000857896 0.519285
v -6.37393 95.6534 54.408
vn -0.847829 0.000293506 0.530269
v -6.57329 93.6062 53.9652
vn -0.953299 -0.000838196 0.302029
v -6.56742 95.6534 53.9882
vn -0.948381 0.000289239 0.317133
v -6.66038 95.6524 53.492
vn -0.996072 9.16544e-05 0.0885512
v -6.65744 93.6052 53.5146
vn -0.997682 -0.000282998 0.0680448
v -4.69504 97.6177 53.492
vn -0.000111794 0.996089 0.088354
v -2.64775 97.6148 53.5146
vn 0.000271737 0.997697 0.0678344
v -2.64874 97.5307 53.9652
vn 0.000847247 0.953329 0.301934
v -4.69599 97.5248 53.9882
vn -0.000284084 0.948409 0.317049
v -2.64874 97.3363 54.3971
vn 0.000848579 0.854697 0.519126
v -4.69598 97.3313 54.4079
vn -0.000295467 0.847895 0.530164
v -2.64874 97.0441 54.7701
vn 0.000861448 0.707102 0.707111
v -4.69598 97.0451 54.771
vn -0.000275756 0.700104 0.714041
v -2.64874 96.6711 55.0622
vn 0.000861869 0.519252 0.854621
v -4.69598 96.682 55.0572
vn -0.000278617 0.530192 0.847878
v -2.64874 96.2393 55.2566
vn 0.000847808 0.301935 0.953328
v -4.69599 96.2623 55.2507
vn -0.00028314 0.317043 0.948411
v -4.69504 95.7661 55.3437
vn -8.76469e-05 0.0885447 0.996072
v -2.64775 95.7887 55.3407
vn 0.000287796 0.0678836 0.997693
v -4.8087 97.6177 53.3783
vn -0.0883603 0.996089 0.000112976
v -4.83133 97.6148 51.3311
vn -0.0678432 0.997696 -0.000271174
v -5.81556 97.2748 51.3334
vn -0.555268 0.831671 0.000644096
v -5.79023 97.2901 53.3777
vn -0.555268 0.831671 0.000644096
v -5.37821 97.5001 53.3777
vn -0.346162 0.938174 0.000692319
v -5.39537 97.4953 51.3334
vn -0.346162 0.938174 0.000692319
v -6.08773 97.0451 53.3793
vn -0.700106 0.714039 0.000277166
v -6.08673 97.0441 51.3321
vn -0.707121 0.707092 -0.000859654
v -6.66038 95.7661 53.3783
vn -0.996072 0.08855 9.15977e-05
v -6.65744 95.7887 51.3311
vn -0.997682 0.0680455 -0.000283
v -6.33275 96.7477 53.3777
vn -0.83143 0.555629 0.000608215
v -6.31737 96.7729 51.3334
vn -0.83143 0.555629 0.000608215
v -6.54272 96.3356 53.3777
vn -0.938175 0.34616 0.000711681
v -6.53791 96.3528 51.3334
vn -0.938175 0.34616 0.000711681
v -2.65008 97.6232 53.3806
vn 0 1 0
v -2.65008 97.6232 51.3334
vn 0 1 0
v -4.69733 97.6232 53.3806
vn 0 1 0
v -4.69733 97.6232 51.3334
vn 0 1 0
v -2.65008 96.2502 55.2627
vn 1 0 0
v -2.65008 93.6075 55.29
vn 1 0 0
v -2.65008 97.245 54.5057
vn 1 0 0
v -2.65008 97.5945 53.4033
vn 1 0 0
v -6.63715 93.6075 53.4033
vn 0 -1 0
v -6.28774 93.6075 54.5054
vn 0 -1 0
v -5.5381 93.6075 55.118
vn 0 -1 0
v -4.70008 93.6075 55.2984
vn 0 -1 0
v -6.66583 95.6547 51.3334
vn -1 0 0
v -6.66583 93.6075 51.3334
vn -1 0 0
v -6.66583 95.6547 53.3806
vn -1 0 0
v -6.66583 93.6075 53.3806
vn -1 0 0
v -2.65008 93.6075 55.3491
vn 0 0 1
v -4.69733 95.6547 55.3491
vn 0 0 1
v -4.69733 93.6075 55.3491
vn 0 0 1
v -2.65008 95.6547 55.3491
vn 0 0 1
v 80.2593 92.8988 53.6562
vn 0 0 -1
v 80.2062 95.9311 53.6562
vn 0 0 -1
v 78.8196 92.8983 55.1103
vn -0.218689 0.000484425 -0.975794
v 78.9046 96.1063 55.093
vn -0.236593 -6.49714e-05 -0.971609
v 79.3379 96.187 54.9131
vn -0.500316 -0.000492226 -0.865843
v 79.3536 92.8988 54.9059
vn -0.500316 -0.000492226 -0.865843
v 80.1799 96.0377 53.7643
vn -0.971572 -6.85187e-05 -0.236743
v 80.1691 92.8985 53.8055
vn -0.974605 0.000683818 -0.223931
v 79.9847 96.187 54.2662
vn -0.865554 -0.000482701 -0.500816
v 79.9775 92.8988 54.2819
vn -0.865554 -0.000482701 -0.500816
v 79.7039 96.187 54.6321
vn -0.707107 -0.000516524 -0.707107
v 79.705 92.8988 54.6334
vn -0.707107 -0.000516524 -0.707107
v 78.8198 92.8988 55.1905
vn 0.211793 0 0.977315
v 78.8811 93.6075 55.1772
vn 0.211793 0 0.977315
v 80.2621 92.8988 53.7482
vn 0.977423 0 0.211291
v 80.2489 93.6075 53.8095
vn 0.977423 0 0.211291
v 78.7279 92.8988 55.1705
vn -1 0 0
v 78.7279 93.6075 55.2104
vn -1 0 0
v 78.7279 94.1816 55.1705
vn -1 0 0
v 78.7279 95.931 55.1418
vn -1 0 0
v 79.6578 92.8988 54.7488
vn 0 -1 0
v 78.7698 92.8988 55.2158
vn 0 -1 0
v 80.0084 92.8988 54.3626
vn 0 -1 0
v 80.282 92.8988 53.6562
vn 0 -1 0
v 80.2422 95.9303 50.6247
vn 0 -1 0
v 80.282 95.9303 51.3334
vn 0 -1 0
v 80.2422 95.9303 51.9075
vn 0 -1 0
v 80.2133 95.9303 53.6569
vn 0 -1 0
v 80.1819 96.0221 50.6242
vn -0.975716 -0.21904 0.000475556
v 80.1646 96.1071 53.8323
vn -0.971571 -0.236748 -6.83438e-05
v 79.9847 96.5403 53.9129
vn -0.865554 -0.500816 -0.000482699
v 79.9775 96.556 50.6247
vn -0.865554 -0.500816 -0.000482699
v 78.836 97.3824 53.7635
vn -0.236593 -0.971609 -6.49713e-05
v 78.8771 97.3716 50.6244
vn -0.223658 -0.974667 0.000696308
v 79.3379 97.1872 53.9129
vn -0.500334 -0.865832 -0.000492839
v 79.3536 97.18 50.6247
vn -0.500334 -0.865832 -0.000492839
v 79.7039 96.9063 53.9129
vn -0.707107 -0.707107 -0.000516523
v 79.705 96.9075 50.6247
vn -0.707107 -0.707107 -0.000516523
v 78.705 95.6547 55.2134
vn -0.129946 2.04995e-05 -0.991521
v 78.6935 95.0576 55.2149
vn -0.12974 1.50897e-05 -0.991548
v 78.6762 94.123 55.217
vn -0.116642 0.000336512 -0.993174
v 78.6456 93.6075 55.2196
vn -0.110799 0.00179718 -0.993841
v 78.4753 95.6547 55.2306
vn -0.0188311 1.486e-06 -0.999823
v 78.4868 95.0576 55.2303
vn -0.0188462 1.0955e-06 -0.999822
v 78.5213 94.1193 55.2297
vn -0.0188489 0 -0.999822
v 78.4523 94.2899 55.231
vn -0.0188489 0 -0.999822
v 80.302 95.6547 53.4152
vn -0.999824 2.18145e-06 -0.0187506
v 80.302 95.0576 53.4151
vn -0.999824 2.96343e-06 -0.0187825
v 80.2964 94.1047 53.5188
vn -0.997533 0.000442366 -0.0701911
v 80.2969 93.6075 53.5189
vn -0.996341 0.00189785 -0.0854463
v 80.285 95.6547 53.6334
vn -0.991296 1.03858e-05 -0.131651
v 80.2865 95.0576 53.6219
vn -0.99131 7.64882e-06 -0.131547
v 79.4383 96.2998 54.8478
vn -0.5499 -0.465892 -0.693221
v 80.158 96.1947 53.9206
vn -0.849727 -0.376778 -0.368785
v 79.9059 96.4733 54.1992
vn -0.771443 -0.452272 -0.447578
v 79.4223 97.1223 53.9956
vn -0.559811 -0.73924 -0.374346
v 79.0436 96.2939 55.0545
vn -0.344363 -0.469057 -0.813265
v 79.0171 97.3404 54.0368
vn -0.341988 -0.82593 -0.4482
v 78.6804 95.6618 55.2162
vn -0.0776363 -0.026227 -0.996637
v 78.4831 95.8334 55.2197
vn -0.0276194 -0.0754225 -0.996769
v 78.7183 95.8844 55.1967
vn -0.113901 -0.123874 -0.985739
v 75.6959 97.3844 53.748
vn 0.000481573 -0.975813 -0.218607
v 78.904 97.3671 53.833
vn -6.70863e-05 -0.971639 -0.236469
v 78.9845 97.1872 54.2662
vn -0.000492855 -0.865832 -0.500334
v 75.6964 97.18 54.2819
vn -0.000492855 -0.865832 -0.500334
v 78.8353 96.0384 55.1083
vn -6.69116e-05 -0.236474 -0.971638
v 75.6961 96.0796 55.0975
vn 0.000693006 -0.223558 -0.97469
v 78.9845 96.5403 54.9131
vn -0.000492241 -0.500316 -0.865843
v 75.6964 96.556 54.9059
vn -0.000492241 -0.500316 -0.865843
v 78.9845 96.9063 54.6321
vn -0.000537857 -0.707107 -0.707107
v 75.6964 96.9075 54.6334
vn -0.000537857 -0.707107 -0.707107
v 79.2958 95.7482 55.164
vn 0.416003 0.0627407 0.907196
v 80.0436 95.778 54.533
vn 0.822713 0.0646819 0.564765
v 79.2958 97.4381 53.4741
vn 0.415889 0.907225 0.0630768
v 79.8164 95.7226 54.8063
vn 0.702967 0.0528218 0.709258
v 80.344 95.6932 53.935
vn 0.95129 0.0456527 0.304897
v 80.4194 95.8844 53.4051
vn 0.993013 0.106858 0.0500668
v 78.5322 95.6951 55.3642
vn 0.115294 0.0591886 0.991566
v 78.5406 96.2332 55.2728
vn 0.0502395 0.251601 0.966526
v 78.5321 97.0586 54.7911
vn 0.0376081 0.681671 0.730692
v 80.1069 96.7163 53.5034
vn 0.849333 0.524552 0.0589748
v 79.8164 97.0804 53.4485
vn 0.702966 0.709259 0.0528264
v 78.5322 97.6382 53.421
vn 0.11529 0.991564 0.0592353
v 78.5206 97.5522 53.962
vn 0.04976 0.967214 0.249041
v 75.6964 95.9303 55.1878
vn 0 -1 0
v 78.7287 95.9303 55.1344
vn 0 -1 0
v 76.405 97.4646 53.7482
vn 0 0.977336 0.211694
v 75.6964 97.4513 53.8095
vn 0 0.977336 0.211694
v 76.0507 95.9303 55.2104
vn 0 0.211706 0.977333
v 75.7257 96.0167 55.1917
vn 0 0.211706 0.977333
v 75.6997 97.4649 53.6562
vn 0 0 -1
v 76.9791 97.4446 53.6562
vn 0 0 -1
v 78.7285 97.4171 53.6562
vn 0 0 -1
v 76.405 97.4845 53.6562
vn 0 0 -1
v 75.6964 97.4446 53.6562
vn -1 0 0
v 75.6964 97.199 54.4246
vn -1 0 0
v 75.6964 96.4314 55.0488
vn -1 0 0
v 75.6964 95.9303 55.1705
vn -1 0 0
v 78.4523 97.4875 53.6334
vn 2.05361e-05 -0.991491 -0.130178
v 77.8552 97.489 53.6219
vn 1.51166e-05 -0.991518 -0.129972
v 76.9205 97.4911 53.6046
vn 0.000285856 -0.993209 -0.116341
v 76.405 97.4937 53.5738
vn 0.0017861 -0.993863 -0.110607
v 77.8552 97.5044 53.4151
vn 1.48014e-06 -0.999824 -0.0187611
v 78.4523 97.5044 53.4152
vn 1.0901e-06 -0.999824 -0.0187452
v 77.0021 97.5044 53.4151
vn 0 -0.999824 -0.0187667
v 76.405 97.5051 53.3806
vn 0 -0.999824 -0.0187667
v 78.4523 95.6893 55.2303
vn 1.09487e-06 -0.0188273 -0.999823
v 77.8552 95.6892 55.2303
vn 1.48663e-06 -0.0188433 -0.999822
v 76.9022 95.7929 55.2247
vn 0.000477668 -0.0793755 -0.996845
v 76.405 95.793 55.2252
vn 0.00186733 -0.084937 -0.996385
v 78.4523 95.9074 55.2134
vn 0 -0.130072 -0.991505
v 77.8552 95.896 55.2149
vn 0 -0.130072 -0.991505
v 78.7183 97.4708 53.6103
vn -0.113841 -0.985733 -0.123982
v 78.6804 97.4903 53.3876
vn -0.0778034 -0.996622 -0.0262725
v 78.483 97.4938 53.5592
vn -0.0278457 -0.996755 -0.0755317
v 80.2923 95.6547 53.5184
vn -0.996407 -0.0261967 -0.0805389
v 80.2776 95.9298 53.5356
vn -0.992595 -0.0984493 -0.071161
v 80.2621 96.0223 50.6247
vn 0.977424 0.211288 0
v 80.2489 96.0836 51.3334
vn 0.977424 0.211288 0
v 78.8198 97.4646 50.6247
vn 0.211778 0.977318 0
v 78.8811 97.4513 51.3334
vn 0.211778 0.977318 0
v 78.7279 97.4423 50.6247
vn -1 0 0
v 78.7279 97.4205 53.6568
vn -1 0 0
v 80.282 95.9303 50.6247
vn 0 0 -1
v 80.0084 96.6367 50.6247
vn 0 0 -1
v 79.6578 97.0228 50.6247
vn 0 0 -1
v 78.7697 97.4899 50.6247
vn 0 0 -1
v 80.2995 95.7559 51.8305
vn -0.997533 -0.0701933 0.000442394
v 80.2913 95.8615 51.3334
vn -0.996022 -0.0891013 0.00140221
v 80.302 95.6892 52.7835
vn -0.999823 -0.018791 1.0923e-06
v 80.3023 95.6777 53.3806
vn -0.999824 -0.0187759 1.48165e-06
v 80.285 95.9074 53.3806
vn -0.991311 -0.131535 0
v 80.2865 95.896 52.7835
vn -0.991311 -0.131535 0
v 78.5913 97.4991 51.9633
vn -0.0956479 -0.995415 0.000258651
v 78.6593 97.4937 51.3334
vn -0.0883618 -0.996088 0.00136306
v 78.6935 97.489 52.7835
vn -0.129834 -0.991536 2.04911e-05
v 78.6936 97.489 53.3806
vn -0.130053 -0.991507 1.51132e-05
v 78.4753 97.5047 53.3806
vn -0.0187759 -0.999824 1.48165e-06
v 78.4868 97.5044 52.7835
vn -0.018791 -0.999823 1.0923e-06
v 80.3027 93.6075 53.3806
vn -1 0 0
v 80.3027 93.6075 51.3334
vn -1 0 0
v 80.3027 95.6547 53.3806
vn -1 0 0
v 80.3027 95.6547 51.3334
vn -1 0 0
v 78.4523 97.5051 51.3334
vn 0 -1 0
v 78.4523 97.5051 53.3806
vn 0 -1 0
v 76.405 97.5051 51.3334
vn 0 -1 0
v 76.405 97.5051 53.3806
vn 0 -1 0
v 78.4523 97.5051 53.3806
vn 0 -1 0
v 76.405 93.6075 55.231
vn 0 0 -1
v 76.405 95.6547 55.231
vn 0 0 -1
v 78.4523 93.6075 55.231
vn 0 0 -1
v 78.4523 95.6547 55.231
vn 0 0 -1
v 80.4133 95.9009 51.3334
vn 0 0 -1
v 79.446 97.3519 51.3334
vn 0 0 -1
v 78.5231 97.6649 51.3334
vn 0 0 -1
v 78.45 95.7661 55.3437
vn 8.76422e-05 0.0885447 0.996072
v 76.4027 95.7887 55.3407
vn -0.000287786 0.0678834 0.997693
v 76.4037 96.2393 55.2566
vn -0.000847786 0.301935 0.953328
v 78.451 96.2623 55.2507
vn 0.000283132 0.317043 0.948411
v 76.4037 96.6711 55.0622
vn -0.000861847 0.519252 0.854621
v 78.451 96.682 55.0572
vn 0.00027861 0.530192 0.847878
v 76.4037 97.0441 54.7701
vn -0.000861427 0.707102 0.707111
v 78.451 97.0451 54.771
vn 0.000275749 0.700104 0.714041
v 76.4037 97.3363 54.3971
vn -0.000848557 0.854697 0.519126
v 78.451 97.3313 54.4079
vn 0.00029546 0.847895 0.530164
v 76.4037 97.5307 53.9652
vn -0.000847225 0.953329 0.301934
v 78.451 97.5248 53.9882
vn 0.000284076 0.948409 0.317049
v 78.45 97.6177 53.492
vn 0.000111789 0.996089 0.088354
v 76.4027 97.6148 53.5146
vn -0.000271728 0.997697 0.0678343
v 80.4153 95.6524 53.492
vn 0.99605 9.1925e-05 0.0887892
v 80.4124 93.6052 53.5146
vn 0.997668 -0.000283356 0.0682523
v 80.3283 93.6062 53.9652
vn 0.953292 -0.00080952 0.302049
v 80.3223 95.6534 53.9882
vn 0.948347 0.000316228 0.317236
v 80.1338 93.6062 54.3971
vn 0.854586 -0.00085792 0.519309
v 80.1289 95.6534 54.408
vn 0.847807 0.000297378 0.530305
v 79.8416 93.6062 54.7701
vn 0.707107 -0.000861063 0.707106
v 79.8426 95.6534 54.771
vn 0.700112 0.000276436 0.714033
v 79.4688 93.6062 55.0622
vn 0.519307 -0.000839469 0.854588
v 79.4796 95.6534 55.0572
vn 0.530272 0.00029851 0.847828
v 79.0368 93.6062 55.2566
vn 0.30197 -0.000853445 0.953317
v 79.0598 95.6534 55.2507
vn 0.316998 0.000276905 0.948426
v 78.5637 95.6524 55.3437
vn 0.0885536 9.15762e-05 0.996071
v 78.5863 93.6052 55.3407
vn 0.0678875 -0.000286155 0.997693
v 80.4153 95.7661 53.3783
vn 0.996051 0.0887881 9.18682e-05
v 80.4124 95.7887 51.3311
vn 0.997668 0.068253 -0.000283358
v 80.0723 96.7729 51.3334
vn 0.831343 0.555759 0.000610191
v 80.0877 96.7477 53.3777
vn 0.831343 0.555759 0.000610191
v 80.2976 96.3356 53.3777
vn 0.938164 0.34619 0.000748998
v 80.2929 96.3528 51.3334
vn 0.938164 0.34619 0.000748998
v 79.8426 97.0451 53.3793
vn 0.714045 0.7001 0.000275346
v 79.8416 97.0442 51.3321
vn 0.707111 0.707102 -0.000862388
v 78.5637 97.6177 53.3783
vn 0.0883619 0.996088 0.000115653
v 78.5863 97.6148 51.3311
vn 0.067839 0.997696 -0.000270101
v 79.5452 97.2901 53.3777
vn 0.555292 0.831655 0.000650145
v 79.5705 97.2748 51.3334
vn 0.555292 0.831655 0.000650145
v 79.1332 97.5001 53.3777
vn 0.34619 0.938164 0.000686774
v 79.1503 97.4953 51.3334
vn 0.34619 0.938164 0.000686774
v 80.4208 93.6075 53.3806
vn 1 0 0
v 80.4208 93.6075 51.3334
vn 1 0 0
v 80.4208 95.6547 51.3334
vn 1 0 0
v 80.4208 95.6547 53.3806
vn 1 0 0
v 78.8962 93.6075 55.2832
vn 0 -1 0
v 76.405 93.6075 55.29
vn 0 -1 0
v 79.7218 93.6075 54.8584
vn 0 -1 0
v 80.4133 93.6075 53.6268
vn 0 -1 0
v 76.405 97.5945 53.4033
vn -1 0 0
v 76.405 97.245 54.5057
vn -1 0 0
v 76.405 96.5776 55.0606
vn -1 0 0
v 76.405 95.6774 55.3204
vn -1 0 0
v 78.4523 97.6232 51.3334
vn 0 1 0
v 76.405 97.6232 51.3334
vn 0 1 0
v 78.4523 97.6232 53.3806
vn 0 1 0
v 76.405 97.6232 53.3806
vn 0 1 0
v 78.4523 97.6232 53.3806
vn 0 1 0
v 76.405 93.6075 55.3491
vn 0 0 1
v 78.4523 95.6547 55.3491
vn 0 0 1
v 76.405 95.6547 55.3491
vn 0 0 1
v 78.4523 93.6075 55.3491
vn 0 0 1
v -6.48554 -82.5809 53.6562
vn 0 0 -1
v -6.45833 -85.613 53.6562
vn 0 0 -1
v -5.06467 -82.5803 55.1103
vn 0.21864 -0.000481395 -0.975806
v -5.14966 -85.7884 55.093
vn 0.236514 6.75714e-05 -0.971628
v -5.58298 -85.869 54.9131
vn 0.500282 0.000488579 -0.865862
v -5.59863 -82.5808 54.9059
vn 0.500282 0.000488579 -0.865862
v -6.40963 -85.7884 53.833
vn 0.971614 7.18244e-05 -0.236572
v -6.42698 -82.5803 53.748
vn 0.975783 -0.000475838 -0.218738
v -6.22978 -85.869 54.2662
vn 0.865808 0.000488698 -0.500376
v -6.22258 -82.5808 54.2819
vn 0.865808 0.000488698 -0.500376
v -5.94889 -85.869 54.6321
vn 0.707076 0.000525747 -0.707138
v -5.95008 -82.5808 54.6334
vn 0.707076 0.000525747 -0.707138
v -5.06487 -83.2895 55.1905
vn -0.211745 0 0.977325
v -5.12615 -82.5808 55.1772
vn -0.211745 0 0.977325
v -6.50719 -82.5808 53.7482
vn -0.977395 0 0.211421
v -6.49393 -83.2895 53.8095
vn -0.977395 0 0.211421
v -4.97292 -82.5841 55.1908
vn 1 0 0
v -4.97292 -83.8637 55.1705
vn 1 0 0
v -4.97292 -85.613 55.1418
vn 1 0 0
v -4.97292 -83.2895 55.2104
vn 1 0 0
v -6.15373 -82.5808 54.5518
vn 0 1 0
v -5.01484 -82.5808 55.2158
vn 0 1 0
v -6.48725 -82.5808 53.6562
vn 0 1 0
v -6.48725 -85.6123 50.6247
vn 0 1 0
v -6.52708 -85.6123 51.3334
vn 0 1 0
v -6.48725 -85.6123 51.9075
vn 0 1 0
v -6.45833 -85.6123 53.6569
vn 0 1 0
v -6.42698 -85.7041 50.6242
vn 0.975785 0.218731 0.000475951
v -6.40963 -85.7891 53.8323
vn 0.971615 0.236567 -7.17987e-05
v -6.22978 -86.2224 53.9129
vn 0.865808 0.500376 -0.000473614
v -6.22258 -86.238 50.6247
vn 0.865808 0.500376 -0.000473614
v -5.08105 -87.0644 53.7636
vn 0.236514 0.971628 -6.75715e-05
v -5.1222 -87.0536 50.6244
vn 0.223589 0.974683 0.000692405
v -5.58298 -86.8692 53.9129
vn 0.500301 0.865851 -0.000489192
v -5.59863 -86.862 50.6247
vn 0.500301 0.865851 -0.000489192
v -5.94889 -86.5883 53.9129
vn 0.707076 0.707138 -0.000504429
v -5.95008 -86.5895 50.6247
vn 0.707076 0.707138 -0.000504429
v -4.93864 -85.3367 55.2149
vn 0.130076 -1.29367e-05 -0.991504
v -4.93856 -84.7396 55.2149
vn 0.129888 -1.75425e-05 -0.991529
v -4.89581 -83.7995 55.22
vn 0.116697 -0.000341078 -0.993167
v -4.9272 -83.2895 55.2155
vn 0.114259 -0.00133811 -0.99345
v -4.72037 -85.3367 55.2306
vn 0.0188183 -1.19938e-06 -0.999823
v -4.73186 -84.7396 55.2303
vn 0.0188305 -8.84116e-07 -0.999823
v -4.73186 -83.8866 55.2303
vn 0.0188327 0 -0.999823
v -4.69733 -83.2895 55.231
vn 0.0188327 0 -0.999823
v -6.54708 -85.3367 53.4152
vn 0.999826 -2.16943e-06 -0.0186472
v -6.54708 -84.7396 53.4151
vn 0.999826 -2.94709e-06 -0.018679
v -6.5414 -83.7867 53.5188
vn 0.997558 -0.000438981 -0.0698405
v -6.54193 -83.2895 53.5189
vn 0.996365 -0.00184703 -0.0851652
v -6.53009 -85.3367 53.6334
vn 0.991444 -2.40107e-06 -0.130534
v -6.53159 -84.7396 53.6219
vn 0.991447 -1.7683e-06 -0.13051
v -5.66195 -85.983 54.8691
vn 0.551232 0.45438 -0.699773
v -6.27088 -86.0819 54.0121
vn 0.809057 0.4759 -0.344887
v -6.09506 -85.8903 54.4824
vn 0.756073 0.328723 -0.565946
v -5.70716 -86.7852 54.0091
vn 0.568904 0.714336 -0.40752
v -5.27676 -86.0032 55.0648
vn 0.343305 0.457327 -0.820362
v -5.27256 -87.0103 54.0029
vn 0.34272 0.824334 -0.450574
v -4.92543 -85.3438 55.2162
vn 0.0776619 0.0262055 -0.996635
v -4.72812 -85.5154 55.2197
vn 0.0276473 0.0754648 -0.996765
v -4.96331 -85.5665 55.1967
vn 0.113916 0.12393 -0.98573
v -1.9409 -87.0664 53.748
vn -0.000481573 0.975813 -0.218607
v -5.14902 -87.0491 53.833
vn 6.70847e-05 0.971639 -0.236469
v -5.22956 -86.8692 54.2662
vn 0.000492846 0.865832 -0.500334
v -1.94142 -86.862 54.2819
vn 0.000492846 0.865832 -0.500334
v -5.08032 -85.7205 55.1083
vn 6.70589e-05 0.236465 -0.97164
v -1.94114 -85.7616 55.0975
vn -0.00069275 0.22355 -0.974692
v -5.22956 -86.2224 54.9131
vn 0.00047715 0.500316 -0.865843
v -1.94142 -86.238 54.9059
vn 0.00047715 0.500316 -0.865843
v -5.22956 -86.5883 54.6321
vn 0.000516531 0.707107 -0.707107
v -1.94142 -86.5895 54.6334
vn 0.000516531 0.707107 -0.707107
v -5.54075 -85.4302 55.1641
vn -0.415973 -0.0626785 0.907214
v -6.28866 -85.46 54.533
vn -0.822699 -0.0647393 0.564778
v -5.54084 -87.1201 53.4741
vn -0.415945 -0.907218 0.0628117
v -6.06146 -85.4046 54.8063
vn -0.702956 -0.0527779 0.709272
v -6.58902 -85.3752 53.9349
vn -0.951296 -0.0459149 0.30484
v -6.66445 -85.5664 53.4051
vn -0.992997 -0.106926 0.0502281
v -4.7772 -85.3771 55.3642
vn -0.115289 -0.0592135 0.991566
v -4.78562 -85.9153 55.2727
vn -0.0501987 -0.251578 0.966534
v -4.77718 -86.7409 54.7909
vn -0.0374266 -0.681665 0.730706
v -6.35195 -86.3983 53.5034
vn -0.849312 -0.524575 0.0590862
v -6.06146 -86.7624 53.4485
vn -0.702963 -0.709263 0.0528115
v -4.7772 -87.3203 53.421
vn -0.115212 -0.991565 0.0593775
v -4.76564 -87.2343 53.9621
vn -0.0494671 -0.967218 0.249084
v -1.94142 -85.6123 55.1686
vn 0 1 0
v -4.97357 -85.6123 55.143
vn 0 1 0
v -1.94142 -87.1466 53.7482
vn 0 -0.977423 0.211291
v -2.65008 -87.1334 53.8095
vn 0 -0.977423 0.211291
v -2.29575 -85.6123 55.2104
vn 0 -0.211706 0.977333
v -1.97076 -85.6987 55.1917
vn 0 -0.211706 0.977333
v -1.94142 -87.1266 53.6562
vn 0 0 -1
v -2.65008 -87.1665 53.6562
vn 0 0 -1
v -3.22423 -87.1266 53.6562
vn 0 0 -1
v -4.97359 -87.0978 53.6562
vn 0 0 -1
v -1.94142 -87.1379 53.6612
vn 1 0 0
v -1.94142 -86.8439 54.4288
vn 1 0 0
v -1.94142 -86.1621 55.0158
vn 1 0 0
v -1.94142 -85.6123 55.1705
vn 1 0 0
v -4.69733 -87.171 53.622
vn -1.51335e-05 0.991484 -0.13023
v -4.10022 -87.171 53.6219
vn -2.05185e-05 0.991513 -0.130011
v -3.1601 -87.1761 53.5791
vn -0.000274636 0.993149 -0.116859
v -2.65008 -87.1717 53.6105
vn -0.0012624 0.993401 -0.114687
v -4.69732 -87.1867 53.4037
vn 7.74477e-05 0.999831 -0.0183678
v -4.10022 -87.1865 53.4151
vn 5.70963e-05 0.999845 -0.0175833
v -3.2472 -87.1865 53.4151
vn 0 0.999848 -0.0174424
v -2.65008 -87.1871 53.3806
vn 0 0.999848 -0.0174424
v -4.69733 -85.3713 55.2303
vn -1.09329e-06 0.0188003 -0.999823
v -4.10022 -85.3713 55.2303
vn -1.48447e-06 0.0188163 -0.999823
v -3.14724 -85.4748 55.2247
vn -0.000478055 0.0793749 -0.996845
v -2.65008 -85.4749 55.2252
vn -0.0018692 0.0849385 -0.996384
v -4.69734 -85.5895 55.2134
vn -1.02706e-05 0.130194 -0.991489
v -4.10022 -85.578 55.2149
vn -7.56402e-06 0.130091 -0.991502
v -4.96329 -87.1529 53.6103
vn 0.113916 0.985705 -0.124131
v -4.92541 -87.1724 53.3876
vn 0.0778272 0.996625 -0.026088
v -4.7281 -87.1758 53.5592
vn 0.0276703 0.996785 -0.075197
v -6.5374 -85.3367 53.5184
vn 0.996294 0.0275798 -0.0814736
v -6.52265 -85.6118 53.5356
vn 0.992601 0.0983567 -0.0712049
v -6.50719 -85.7043 50.6247
vn -0.977396 -0.211417 0
v -6.49393 -85.7656 51.3334
vn -0.977396 -0.211417 0
v -5.06486 -87.1466 51.3334
vn -0.211327 -0.977416 0
v -5.12617 -87.1334 50.6247
vn -0.211327 -0.977416 0
v -4.97292 -87.1436 50.6247
vn 1 0 0
v -4.97292 -87.0911 53.657
vn 1 0 0
v -6.48725 -85.6123 50.6247
vn 0 0 -1
v -6.43811 -85.9531 50.6247
vn 0 0 -1
v -6.22702 -86.3712 50.6247
vn 0 0 -1
v -5.72347 -86.8541 50.6247
vn 0 0 -1
v -4.97292 -87.1266 50.6247
vn 0 0 -1
v -6.53903 -85.5119 51.8306
vn 0.996833 0.0795262 0.000439947
v -6.5466 -85.4063 51.3334
vn 0.998156 0.0606904 0.00137348
v -6.54708 -85.3713 52.7835
vn 0.999826 0.0186577 1.472e-06
v -6.54708 -85.3713 53.3806
vn 0.999826 0.0186419 1.0841e-06
v -6.53159 -85.578 52.7835
vn 0.991445 0.130522 2.40064e-06
v -6.53159 -85.578 53.3806
vn 0.991442 0.130547 1.76975e-06
v -4.83629 -87.1812 51.9632
vn 0.0956123 0.995419 0.000261524
v -4.9042 -87.1758 51.3334
vn 0.0883873 0.996085 0.00136729
v -4.93856 -87.171 52.7835
vn 0.129942 0.991522 1.75499e-05
v -4.93864 -87.171 53.3806
vn 0.13013 0.991497 1.29421e-05
v -4.73186 -87.1865 52.7835
vn 0.0177455 0.999843 -7.77526e-05
v -4.7319 -87.1865 53.3806
vn 0.0185835 0.999827 -5.72681e-05
v -6.54772 -83.2895 53.3806
vn 1 0 0
v -6.54772 -83.2895 51.3334
vn 1 0 0
v -6.54772 -85.3367 51.3334
vn 1 0 0
v -6.54772 -85.3367 53.3806
vn 1 0 0
v -4.69733 -87.1871 51.3334
vn 0 1 0
v -2.65008 -87.1871 51.3334
vn 0 1 0
v -4.69733 -87.1871 53.3806
vn 0 1 0
v -2.65008 -87.1871 53.3806
vn 0 1 0
v -2.65008 -83.2895 55.231
vn 0 0 -1
v -2.65008 -85.3367 55.231
vn 0 0 -1
v -4.69733 -83.2895 55.231
vn 0 0 -1
v -4.69733 -85.3367 55.231
vn 0 0 -1
v -6.23355 -86.5678 51.3334
vn 0 0 -1
v -6.63715 -85.3594 51.3334
vn 0 0 -1
v -5.37639 -87.1704 51.3334
vn 0 0 -1
v -4.70692 -87.2346 51.3334
vn 0 0 -1
v -4.69504 -85.4481 55.3437
vn -8.74783e-05 -0.0885472 0.996072
v -2.64775 -85.4707 55.3407
vn 0.000287894 -0.0678839 0.997693
v -2.64874 -85.9213 55.2566
vn 0.000849812 -0.301894 0.953341
v -4.69598 -85.9444 55.2507
vn -0.000276846 -0.316916 0.948454
v -2.64874 -86.3532 55.0622
vn 0.000836713 -0.519252 0.854621
v -4.69598 -86.364 55.0572
vn -0.000304303 -0.530192 0.847878
v -2.64874 -86.7262 54.7701
vn 0.000860123 -0.707092 0.707121
v -4.69598 -86.7271 54.771
vn -0.000276926 -0.714018 0.700128
v -2.64874 -87.0183 54.3971
vn 0.000856399 -0.854577 0.519323
v -4.69598 -87.0134 54.408
vn -0.000298568 -0.847805 0.530307
v -2.64874 -87.2127 53.9652
vn 0.000856114 -0.953295 0.30204
v -4.69599 -87.2068 53.9882
vn -0.000269046 -0.948355 0.317211
v -4.69504 -87.2998 53.492
vn -9.19233e-05 -0.99605 0.0887892
v -2.64775 -87.2969 53.5146
vn 0.00028335 -0.997668 0.0682524
v -6.66038 -85.3344 53.492
vn -0.996072 -9.16544e-05 0.0885512
v -6.65744 -83.2872 53.5146
vn -0.997682 0.000282998 0.0680448
v -6.57329 -83.2882 53.9652
vn -0.953299 0.000838196 0.302029
v -6.56742 -85.3354 53.9882
vn -0.948381 -0.000289239 0.317133
v -6.37889 -83.2882 54.3971
vn -0.854601 0.000857896 0.519285
v -6.37393 -85.3354 54.408
vn -0.847829 -0.000293506 0.530269
v -6.08673 -83.2882 54.77
vn -0.707116 0.000858329 0.707097
v -6.08773 -85.3354 54.771
vn -0.700095 -0.000278783 0.71405
v -5.71379 -83.2882 55.0622
vn -0.519244 0.000843717 0.854626
v -5.72462 -85.3354 55.0572
vn -0.530198 -0.000295694 0.847874
v -5.28184 -83.2882 55.2566
vn -0.301942 0.000852048 0.953326
v -5.30487 -85.3354 55.2507
vn -0.316999 -0.000278189 0.948426
v -4.80871 -85.3344 55.3437
vn -0.0885521 -8.88886e-05 0.996072
v -4.83134 -83.2872 55.3407
vn -0.0678917 0.00028723 0.997693
v -6.66038 -85.4481 53.3783
vn -0.996072 -0.0885526 9.14291e-05
v -6.65744 -85.4707 51.3311
vn -0.997682 -0.0680458 -0.000283098
v -6.31737 -86.455 51.3334
vn -0.83143 -0.555629 0.000635133
v -6.33275 -86.4297 53.3777
vn -0.83143 -0.555629 0.000635133
v -6.54272 -86.0176 53.3777
vn -0.938258 -0.345936 0.000700566
v -6.53791 -86.0348 51.3334
vn -0.938258 -0.345936 0.000700566
v -6.08773 -86.7271 53.3793
vn -0.700108 -0.714037 0.000278869
v -6.08673 -86.7261 51.3321
vn -0.707131 -0.707082 -0.000858329
v -4.80871 -87.2998 53.3783
vn -0.0887956 -0.99605 9.31104e-05
v -4.83133 -87.2969 51.3311
vn -0.0682612 -0.997667 -0.000282784
v -5.79023 -86.9722 53.3777
vn -0.555712 -0.831375 0.000631699
v -5.81556 -86.9568 51.3334
vn -0.555712 -0.831375 0.000631699
v -5.37821 -87.1821 53.3777
vn -0.346119 -0.93819 0.000690168
v -5.39537 -87.1773 51.3334
vn -0.346119 -0.93819 0.000690168
v -6.66583 -83.2895 53.3806
vn -1 0 0
v -6.66583 -83.2895 51.3334
vn -1 0 0
v -6.66583 -85.3367 53.3806
vn -1 0 0
v -6.66583 -85.3367 51.3334
vn -1 0 0
v -5.29283 -83.2895 55.2627
vn 0 1 0
v -2.65008 -83.2895 55.29
vn 0 1 0
v -6.28774 -83.2895 54.5054
vn 0 1 0
v -6.63715 -83.2895 53.4033
vn 0 1 0
v -2.65008 -87.2346 53.3902
vn 1 0 0
v -2.65008 -87.1704 54.0597
vn 1 0 0
v -2.65008 -86.6135 54.8724
vn 1 0 0
v -2.65008 -85.4031 55.3397
vn 1 0 0
v -4.69733 -87.3053 51.3334
vn 0 -1 0
v -2.65008 -87.3053 51.3334
vn 0 -1 0
v -4.69733 -87.3053 53.3806
vn 0 -1 0
v -2.65008 -87.3053 53.3806
vn 0 -1 0
v -4.69733 -87.3053 53.3806
vn 0 -1 0
v -2.65008 -83.2895 55.3491
vn 0 0 1
v -2.65008 -85.3367 55.3491
vn 0 0 1
v -4.69733 -85.3367 55.3491
vn 0 0 1
v -4.69733 -83.2895 55.3491
vn 0 0 1
v 75.6964 -87.1243 53.6562
vn 0 0 -1
v 78.7285 -87.1025 53.6562
vn 0 0 -1
v 75.6961 -85.7616 55.0975
vn 0.000692751 0.22355 -0.974692
v 78.8353 -85.7205 55.1083
vn -6.70605e-05 0.236465 -0.97164
v 78.9845 -86.2224 54.9131
vn -0.000477158 0.500316 -0.865843
v 75.6964 -86.238 54.9059
vn -0.000477158 0.500316 -0.865843
v 78.8353 -87.0644 53.7644
vn -6.70863e-05 0.971639 -0.236469
v 75.6961 -87.0536 53.8055
vn 0.000692597 0.974691 -0.223557
v 78.9845 -86.8692 54.2662
vn -0.000492855 0.865832 -0.500334
v 75.6964 -86.862 54.2819
vn -0.000492855 0.865832 -0.500334
v 78.9845 -86.5883 54.6321
vn -0.00051654 0.707107 -0.707107
v 75.6964 -86.5895 54.6334
vn -0.00051654 0.707107 -0.707107
v 75.6964 -85.7043 55.1905
vn 0 -0.211706 0.977333
v 76.405 -85.7656 55.1772
vn 0 -0.211706 0.977333
v 76.405 -87.1466 53.7482
vn 0 -0.977423 0.211291
v 75.6964 -87.1334 53.8095
vn 0 -0.977423 0.211291
v 75.6964 -85.6123 55.1705
vn 0 1 0
v 76.405 -85.6123 55.2104
vn 0 1 0
v 76.9791 -85.6123 55.1705
vn 0 1 0
v 78.7286 -85.6123 55.1416
vn 0 1 0
v 75.6964 -86.1621 55.0158
vn -1 0 0
v 75.6964 -86.8439 54.4288
vn -1 0 0
v 75.6964 -85.6123 55.1705
vn -1 0 0
v 75.6964 -87.1379 53.6612
vn -1 0 0
v 78.7279 -87.1266 50.6247
vn -1 0 0
v 78.7279 -87.1665 51.3334
vn -1 0 0
v 78.7279 -87.1266 51.9075
vn -1 0 0
v 78.7279 -87.0992 53.6569
vn -1 0 0
v 78.8196 -87.0664 50.6242
vn -0.218689 0.975794 0.000484425
v 78.9046 -87.0491 53.8322
vn -0.236593 0.971609 -6.49713e-05
v 79.3379 -86.8692 53.9129
vn -0.500334 0.865832 -0.000492839
v 79.3536 -86.862 50.6247
vn -0.500334 0.865832 -0.000492839
v 80.1799 -85.7204 53.7636
vn -0.971573 0.236739 -6.84928e-05
v 80.1691 -85.7616 50.6244
vn -0.974606 0.223925 0.000683971
v 79.9847 -86.2224 53.9129
vn -0.865554 0.500816 -0.000467602
v 79.9775 -86.238 50.6247
vn -0.865554 0.500816 -0.000467602
v 79.7039 -86.5883 53.9129
vn -0.707107 0.707107 -0.000495206
v 79.705 -86.5895 50.6247
vn -0.707107 0.707107 -0.000495206
v 78.4523 -85.5895 55.2134
vn 2.05286e-05 0.13013 -0.991497
v 77.8552 -85.5779 55.2149
vn 1.51111e-05 0.129925 -0.991524
v 76.915 -85.5352 55.22
vn 0.00034474 0.116747 -0.993162
v 76.405 -85.5666 55.2155
vn 0.00134308 0.11429 -0.993446
v 78.4523 -85.3598 55.2306
vn 1.48387e-06 0.0188042 -0.999823
v 77.8552 -85.3713 55.2303
vn 1.09393e-06 0.0188192 -0.999823
v 77.0021 -85.3713 55.2303
vn 0 0.0188219 -0.999823
v 76.405 -85.3367 55.231
vn 0 0.0188219 -0.999823
v 78.4523 -87.1865 53.4152
vn -5.59996e-05 0.999827 -0.018574
v 77.8552 -87.1865 53.4151
vn -7.60743e-05 0.999842 -0.0177544
v 76.9022 -87.1785 53.5558
vn 0.000441577 0.997589 -0.069404
v 76.405 -87.186 53.4503
vn 0.0013742 0.998181 -0.0602714
v 77.8552 -87.171 53.6219
vn 1.02702e-05 0.991493 -0.130158
v 78.4523 -87.171 53.622
vn 7.5712e-06 0.991479 -0.130267
v 79.0576 -86.1209 54.9717
vn -0.436162 0.397526 -0.807301
v 78.9921 -87.0425 53.9205
vn -0.376747 0.849706 -0.368864
v 79.2707 -86.7904 54.1993
vn -0.447431 0.771404 -0.452484
v 79.9194 -86.3228 54.0257
vn -0.704392 0.553625 -0.444221
v 80.1364 -85.9162 54.047
vn -0.820496 0.343017 -0.457303
v 78.4594 -85.5648 55.2162
vn -0.0262333 0.0776725 -0.996634
v 78.631 -85.3675 55.2197
vn -0.0753983 0.0276597 -0.99677
v 78.682 -85.6027 55.1967
vn -0.123803 0.113942 -0.985743
v 80.1691 -82.5805 53.8055
vn -0.974605 -0.000683817 -0.223931
v 80.1799 -85.7197 53.7643
vn -0.971572 6.85185e-05 -0.236743
v 79.9847 -85.869 54.2662
vn -0.865554 0.000482699 -0.500816
v 79.9775 -82.5808 54.2819
vn -0.865554 0.000482699 -0.500816
v 78.836 -85.7196 55.1083
vn -0.236593 6.49712e-05 -0.971609
v 78.8771 -82.5805 55.0975
vn -0.223658 -0.000696308 -0.974667
v 79.3379 -85.869 54.9131
vn -0.500316 0.000492225 -0.865843
v 79.3536 -82.5808 54.9059
vn -0.500316 0.000492225 -0.865843
v 79.7039 -85.869 54.6321
vn -0.707107 0.000516523 -0.707107
v 79.705 -82.5808 54.6334
vn -0.707107 0.000516523 -0.707107
v 78.5458 -86.1801 55.1641
vn 0.0626858 -0.415936 0.907231
v 78.5756 -86.9281 54.533
vn 0.0648923 -0.822688 0.564778
v 80.2357 -86.1802 53.4741
vn 0.907312 -0.415746 0.0627751
v 78.5202 -86.7008 54.8063
vn 0.0528465 -0.702964 0.70926
v 78.4907 -87.2284 53.935
vn 0.0459222 -0.951292 0.304853
v 78.682 -87.3039 53.4051
vn 0.107064 -0.992979 0.0503013
v 78.5645 -85.4414 55.3536
vn 0.107348 -0.0852777 0.990557
v 79.2069 -85.3979 55.2146
vn 0.378274 -0.0415583 0.92476
v 80.2167 -85.3934 54.3506
vn 0.791571 -0.040034 0.609764
v 79.5139 -86.9914 53.5034
vn 0.524597 -0.849302 0.0590364
v 79.8779 -86.7009 53.4485
vn 0.709118 -0.70313 0.0525422
v 80.42 -85.4357 53.5642
vn 0.984904 -0.084559 0.151044
v 78.7279 -82.5808 55.1686
vn -1 0 0
v 78.7279 -85.6129 55.143
vn -1 0 0
v 80.2621 -82.5808 53.7482
vn 0.977423 0 0.211291
v 80.2489 -83.2895 53.8095
vn 0.977423 0 0.211291
v 78.7279 -82.9352 55.2104
vn 0.211793 0 0.977315
v 78.8143 -82.6101 55.1917
vn 0.211793 0 0.977315
v 80.2422 -82.5808 53.6562
vn 0 0 -1
v 80.282 -83.2895 53.6562
vn 0 0 -1
v 80.2422 -83.8637 53.6562
vn 0 0 -1
v 80.2133 -85.613 53.6562
vn 0 0 -1
v 80.282 -82.5808 53.6562
vn 0 1 0
v 80.0084 -82.5808 54.3626
vn 0 1 0
v 79.6578 -82.5808 54.7488
vn 0 1 0
v 78.7698 -82.5808 55.2158
vn 0 1 0
v 80.285 -85.3367 53.6334
vn -0.991305 -2.07584e-05 -0.131587
v 80.2865 -84.7396 53.6219
vn -0.991332 -1.52803e-05 -0.131379
v 80.2887 -83.805 53.6046
vn -0.993104 -0.000296939 -0.117236
v 80.2913 -83.2895 53.5739
vn -0.993787 -0.00185415 -0.111285
v 80.302 -84.7396 53.4151
vn -0.999824 -1.48014e-06 -0.0187611
v 80.302 -85.3367 53.4152
vn -0.999824 -1.0901e-06 -0.0187452
v 80.3014 -83.8013 53.4497
vn -0.999824 0 -0.0187667
v 80.3027 -83.9719 53.3806
vn -0.999824 0 -0.0187667
v 78.4869 -85.3367 55.2303
vn -0.0188273 -1.09487e-06 -0.999823
v 78.4868 -84.7396 55.2303
vn -0.0188433 -1.48663e-06 -0.999822
v 78.5905 -83.7866 55.2256
vn -0.0793248 -0.000471918 -0.996849
v 78.5906 -83.2895 55.2243
vn -0.08665 -0.00114583 -0.996238
v 78.705 -85.3367 55.2134
vn -0.130009 -1.02562e-05 -0.991513
v 78.6936 -84.7396 55.2149
vn -0.129906 -7.55341e-06 -0.991526
v 80.2684 -85.6027 53.6103
vn -0.985767 0.113709 -0.123833
v 80.2879 -85.5648 53.3876
vn -0.996595 0.0781922 -0.0261778
v 80.2913 -85.3675 53.5592
vn -0.996728 0.0283657 -0.0756831
v 78.4523 -87.1768 53.5184
vn -0.0274965 0.996317 -0.0812206
v 78.7274 -87.1621 53.5356
vn -0.0981708 0.992626 -0.0711031
v 78.8198 -87.1466 50.6247
vn 0.211375 -0.977405 0
v 78.8811 -87.1334 51.3334
vn 0.211375 -0.977405 0
v 80.2621 -85.7043 51.3334
vn 0.977424 -0.211288 0
v 80.2489 -85.7656 50.6247
vn 0.977424 -0.211288 0
v 80.2403 -85.6123 50.6247
vn 0 1 0
v 80.2147 -85.6123 53.6568
vn 0 1 0
v 78.7279 -87.1266 50.6247
vn 0 0 -1
v 79.4784 -86.8541 50.6247
vn 0 0 -1
v 79.9819 -86.3712 50.6247
vn 0 0 -1
v 80.1931 -85.9531 50.6247
vn 0 0 -1
v 80.2422 -85.6123 50.6247
vn 0 0 -1
v 78.6275 -87.1785 51.8306
vn -0.0791216 0.996865 0.000425661
v 78.522 -87.186 51.3334
vn -0.0602666 0.998181 0.00136716
v 78.4868 -87.1865 52.7835
vn -0.0176086 0.999845 -5.70964e-05
v 78.4753 -87.1867 53.3806
vn -0.0183942 0.999831 -7.74474e-05
v 78.705 -87.1695 53.3806
vn -0.130063 0.991506 1.02606e-05
v 78.6936 -87.171 52.7835
vn -0.12996 0.991519 7.55663e-06
v 80.2995 -85.444 51.9658
vn -0.995327 0.0965615 0.000267146
v 80.2891 -85.5665 51.3334
vn -0.995863 0.0908581 0.00115229
v 80.2865 -85.5779 52.7835
vn -0.991331 0.131386 1.52812e-05
v 80.285 -85.5895 53.3806
vn -0.991304 0.131594 2.07597e-05
v 80.3023 -85.3598 53.3806
vn -0.999824 0.018749 1.47952e-06
v 80.302 -85.3713 52.7835
vn -0.999824 0.018764 1.09074e-06
v 76.405 -87.1871 53.3806
vn 0 1 0
v 76.405 -87.1871 51.3334
vn 0 1 0
v 78.4523 -87.1871 51.3334
vn 0 1 0
v 78.4523 -87.1871 53.3806
vn 0 1 0
v 80.3027 -85.3367 51.3334
vn -1 0 0
v 80.3027 -83.2895 51.3334
vn -1 0 0
v 80.3027 -83.2895 53.3806
vn -1 0 0
v 80.3027 -85.3367 53.3806
vn -1 0 0
v 76.405 -83.2895 55.231
vn 0 0 -1
v 78.4523 -83.2895 55.231
vn 0 0 -1
v 76.405 -85.3367 55.231
vn 0 0 -1
v 78.4523 -85.3367 55.231
vn 0 0 -1
v 78.4523 -85.3367 55.231
vn 0 0 -1
v 79.4462 -87.0177 51.3334
vn 0 0 -1
v 78.4596 -87.2549 51.3334
vn 0 0 -1
v 80.2792 -86.0028 51.3334
vn 0 0 -1
v 80.3617 -85.3367 51.3334
vn 0 0 -1
v 78.5637 -85.3344 55.3437
vn 0.0885536 -9.15762e-05 0.996071
v 78.5863 -83.2872 55.3407
vn 0.0678875 0.000286155 0.997693
v 79.0368 -83.2882 55.2566
vn 0.30197 0.000853445 0.953317
v 79.0598 -85.3354 55.2507
vn 0.316998 -0.000276905 0.948426
v 79.4688 -83.2882 55.0622
vn 0.519307 0.000839469 0.854588
v 79.4796 -85.3354 55.0572
vn 0.530272 -0.00029851 0.847828
v 79.8416 -83.2882 54.7701
vn 0.707107 0.000861063 0.707106
v 79.8426 -85.3354 54.771
vn 0.700112 -0.000276436 0.714033
v 80.1338 -83.2882 54.3971
vn 0.854586 0.00085792 0.519309
v 80.1289 -85.3354 54.408
vn 0.847807 -0.000297378 0.530305
v 80.3283 -83.2882 53.9652
vn 0.953292 0.00080952 0.302049
v 80.3223 -85.3354 53.9882
vn 0.948347 -0.000316228 0.317236
v 80.4153 -85.3344 53.492
vn 0.99605 -9.1925e-05 0.0887892
v 80.4124 -83.2872 53.5146
vn 0.997668 0.000283356 0.0682523
v 78.45 -87.2998 53.492
vn 9.19185e-05 -0.99605 0.0887892
v 76.4027 -87.2969 53.5146
vn -0.00028334 -0.997668 0.0682522
v 76.4037 -87.2127 53.9652
vn -0.000856092 -0.953295 0.30204
v 78.451 -87.2068 53.9882
vn 0.000269039 -0.948355 0.317211
v 76.4037 -87.0183 54.3971
vn -0.000856377 -0.854577 0.519323
v 78.451 -87.0134 54.408
vn 0.000298561 -0.847805 0.530307
v 76.4037 -86.7262 54.7701
vn -0.000860101 -0.707092 0.707121
v 78.451 -86.7271 54.771
vn 0.000276919 -0.714018 0.700128
v 76.4037 -86.3532 55.0622
vn -0.000836691 -0.519252 0.854621
v 78.451 -86.364 55.0572
vn 0.000304295 -0.530192 0.847878
v 76.4037 -85.9213 55.2566
vn -0.00084979 -0.301894 0.953341
v 78.451 -85.9444 55.2507
vn 0.000276838 -0.316916 0.948454
v 78.45 -85.4481 55.3437
vn 8.74735e-05 -0.0885472 0.996072
v 76.4027 -85.4707 55.3407
vn -0.000287884 -0.0678837 0.997693
v 78.5637 -87.2998 53.3783
vn 0.0887971 -0.99605 9.58017e-05
v 78.5863 -87.2969 51.3311
vn 0.068257 -0.997668 -0.000281705
v 79.5705 -86.9568 51.3334
vn 0.555736 -0.831358 0.000637753
v 79.5452 -86.9722 53.3777
vn 0.555736 -0.831358 0.000637753
v 79.1332 -87.1821 53.3777
vn 0.346147 -0.93818 0.000684623
v 79.1503 -87.1773 51.3334
vn 0.346147 -0.93818 0.000684623
v 79.8426 -86.7271 53.3793
vn 0.700125 -0.71402 0.000276522
v 79.8416 -86.7262 51.3321
vn 0.707121 -0.707092 -0.000861062
v 80.4153 -85.4481 53.3783
vn 0.99605 -0.0887906 9.16992e-05
v 80.4124 -85.4707 51.3311
vn 0.997668 -0.0682533 -0.000283457
v 80.0877 -86.4297 53.3777
vn 0.831343 -0.555759 0.000637116
v 80.0723 -86.455 51.3334
vn 0.831343 -0.555759 0.000637116
v 80.2976 -86.0176 53.3777
vn 0.938247 -0.345966 0.000737886
v 80.2929 -86.0348 51.3334
vn 0.938247 -0.345966 0.000737886
v 76.405 -87.3053 53.3806
vn 0 -1 0
v 76.405 -87.3053 51.3334
vn 0 -1 0
v 78.4523 -87.3053 51.3334
vn 0 -1 0
v 78.4523 -87.3053 53.3806
vn 0 -1 0
v 76.405 -85.6603 55.2842
vn -1 0 0
v 76.405 -83.2895 55.29
vn -1 0 0
v 76.405 -86.6908 54.7749
vn -1 0 0
v 76.405 -87.2976 53.518
vn -1 0 0
v 80.4133 -83.2895 53.6268
vn 0 1 0
v 79.4459 -83.2895 55.0778
vn 0 1 0
v 78.5231 -83.2895 55.3908
vn 0 1 0
v 80.4208 -85.3367 51.3334
vn 1 0 0
v 80.4208 -83.2895 51.3334
vn 1 0 0
v 80.4208 -83.2895 53.3806
vn 1 0 0
v 80.4208 -85.3367 53.3806
vn 1 0 0
v 76.405 -83.2895 55.3491
vn 0 0 1
v 78.4523 -85.3367 55.3491
vn 0 0 1
v 78.4523 -83.2895 55.3491
vn 0 0 1
v 78.4523 -85.3367 55.3491
vn 0 0 1
v 76.405 -85.3367 55.3491
vn 0 0 1
v 2.6464 -84.396 -38.3419
vn 0.297055 0.954854 0.00334356
v 2.58614 -84.384 -38.3418
vn 0.221174 0.975196 0.00866826
v 2.74362 -84.5415 -38.3418
vn 0.97525 0.220934 0.00872841
v 2.73163 -84.4812 -38.3419
vn 0.954825 0.297148 0.00338292
v 2.74362 -84.5415 -38.3418
vn 1 0 0
v 2.74362 -85.2501 -38.3418
vn 1 0 0
v 2.74015 -84.3857 -38.3123
vn 0 0 1
v 0.617634 -84.8148 -38.3123
vn 0 0 1
v 2.74362 -85.2501 -38.3123
vn 0 0 1
v 2.76016 -85.3609 -36.4909
vn 0.946902 -0.00054308 -0.321522
v 2.7463 -85.3682 -36.5399
vn 0.964725 -0.178989 -0.19305
v 2.84096 -85.3424 -36.4151
vn 0.308483 -0.0412233 -0.950336
v 2.78974 -85.3609 -36.449
vn 0.593221 -0.0550259 -0.803157
v 2.74362 -85.3239 -36.5603
vn 0.977508 0.0398763 -0.207094
v 2.75561 -85.3313 -36.5001
vn 0.954787 -0.0381861 -0.29483
v 2.9011 -85.3387 -36.4028
vn 0.201262 -0.00307768 -0.979533
v 2.74362 -85.2876 -38.2978
vn 1 0 0
v 2.74362 -85.3404 -38.3333
vn 1 0 0
v 2.74362 -85.3387 -36.5603
vn 1 0 0
v 0.617634 -85.3092 -38.2532
vn 0 1 0
v 0.617634 -85.3092 -31.0879
vn 0 1 0
v 2.83713 -85.3092 -36.4024
vn 0 1 0
v 2.74362 -85.3092 -38.2532
vn 0 1 0
v 3.13732 -85.3092 -31.0879
vn 0 1 0
v 0.617634 -85.3069 -38.2645
vn 0 0.980797 0.195033
v 1.23772 -85.3069 -38.2645
vn 0 0.980797 0.195033
v 2.12354 -85.3069 -38.2645
vn 0.000239505 0.981154 0.193227
v 2.74362 -85.3074 -38.2633
vn 0.000338536 0.983225 0.182398
v 1.06055 -85.2614 -38.3101
vn 0 0.195352 0.980733
v 1.68063 -85.2614 -38.3101
vn 0 0.195352 0.980733
v 2.03496 -85.2501 -38.3123
vn 0.000542101 0.215292 0.97655
v 2.74362 -85.2649 -38.3084
vn -0.000277961 0.284094 0.958796
v 3.13732 -85.3682 -31.0879
vn 0 -1 0
v 2.83713 -85.3682 -36.4024
vn 0 -1 0
v 0.617634 -85.3682 -31.0879
vn 0 -1 0
v 0.617634 -85.3682 -38.2532
vn 0 -1 0
v 2.74362 -85.3682 -38.2532
vn 0 -1 0
v 0.617634 -85.3638 -38.2758
vn 0 -0.981147 -0.193265
v 1.23772 -85.3638 -38.2758
vn 0 -0.981147 -0.193265
v 2.12354 -85.3638 -38.2758
vn -0.000483853 -0.981504 -0.191439
v 2.74362 -85.3647 -38.2734
vn -0.000683939 -0.983576 -0.180493
v 1.06055 -85.2727 -38.3668
vn 0 -0.19317 -0.981165
v 1.68063 -85.2727 -38.3668
vn 0 -0.19317 -0.981165
v 2.12354 -85.2727 -38.3668
vn -0.000541478 -0.219113 -0.975699
v 2.74362 -85.2796 -38.3634
vn 0.000466584 -0.289713 -0.957113
v 2.74362 -85.2649 -38.3084
vn 1 0 0
v 2.74362 -85.2796 -38.3634
vn 1 0 0
v 3.13732 -85.3387 -36.4028
vn 0 0 -1
v 2.9011 -85.3387 -36.4028
vn 0 0 -1
v 3.25243 -85.2652 -31.0879
vn 0.980792 -0.195057 0
v 3.25004 -85.2772 -33.7454
vn 0.980792 -0.195057 0
v 3.24644 -85.2953 -35.0741
vn 0.980792 -0.195057 0
v 3.25543 -85.2501 -34.6312
vn 0.980792 -0.195057 0
v 3.15992 -85.3638 -32.6381
vn 0.193267 -0.981146 0
v 3.16444 -85.3629 -31.0879
vn 0.193267 -0.981146 0
v 3.18252 -85.3593 -35.0741
vn 0.193267 -0.981146 0
v 3.13732 -85.3682 -35.517
vn 0.193267 -0.981146 0
v 0.617634 -85.328 -38.2666
vn -1 0 0
v 0.617634 -85.2823 -38.3604
vn -1 0 0
v 2.58614 -84.384 -38.3418
vn 0 1 0
v 0.617634 -84.384 -38.3418
vn 0 1 0
v 2.74786 -84.7682 -38.3713
vn 0 0 -1
v 0.617634 -85.2501 -38.3713
vn 0 0 -1
v 0.617634 -84.384 -38.3713
vn 0 0 -1
v 3.19413 -85.2614 -32.1951
vn -0.980826 0.194884 0
v 3.19413 -85.2614 -33.7454
vn -0.980826 0.194884 0
v 3.19413 -85.2614 -34.8526
vn -0.980826 0.194884 0
v 3.19413 -85.2614 -36.4028
vn -0.980826 0.194884 0
v 3.15992 -85.3047 -32.4166
vn -0.19502 0.980799 0
v 3.13732 -85.3092 -32.8595
vn -0.19502 0.980799 0
v 3.15992 -85.3047 -35.0741
vn -0.19502 0.980799 0
v 3.13732 -85.3092 -35.517
vn -0.19502 0.980799 0
v 5.01724 -83.627 -38.2984
vn 0 -0.980736 -0.195336
v 5.58483 -83.636 -38.2532
vn 0 -0.980736 -0.195336
v 8.13896 -83.6315 -38.2758
vn 0 -0.980736 -0.195336
v 10.1255 -83.6306 -38.2803
vn 0 -0.980736 -0.195336
v 3.31448 -83.5329 -38.3683
vn 0 -0.19317 -0.981165
v 5.30103 -83.5404 -38.3668
vn 0 -0.19317 -0.981165
v 8.13896 -83.5404 -38.3668
vn 0 -0.19317 -0.981165
v 10.1255 -83.5449 -38.366
vn 0 -0.19317 -0.981165
v 10.1255 -83.5178 -38.3123
vn 0 0 1
v 3.31448 -82.6517 -38.3123
vn 0 0 1
v 3.31448 -83.5178 -38.3123
vn 0 0 1
v 10.1255 -82.6517 -38.3123
vn 0 0 1
v 10.1255 -83.6103 -38.2854
vn 1 0 0
v 10.1255 -83.5178 -38.3418
vn 1 0 0
v 3.31448 -83.5178 -38.3418
vn -1 0 0
v 3.31448 -83.6103 -38.2854
vn -1 0 0
v 10.1255 -83.5178 -38.3713
vn 0 0 -1
v 10.1255 -82.6517 -38.3713
vn 0 0 -1
v 3.31448 -83.5178 -38.3713
vn 0 0 -1
v 3.31448 -82.6517 -38.3713
vn 0 0 -1
v 3.31448 -83.5746 -38.2645
vn 0 0.980797 0.195033
v 5.30103 -83.5746 -38.2645
vn 0 0.980797 0.195033
v 6.72 -83.5732 -38.2717
vn 0 0.980797 0.195033
v 10.1255 -83.5759 -38.2584
vn 0 0.980797 0.195033
v 5.01724 -83.5405 -38.3078
vn 0 0.194531 0.980896
v 4.44966 -83.5178 -38.3123
vn 0 0.194531 0.980896
v 10.1255 -83.5286 -38.3102
vn 0 0.194531 0.980896
v 6.72 -83.5291 -38.3101
vn 0 0.194531 0.980896
v 3.31448 -83.5769 -38.2532
vn 0 1 0
v 3.31463 -83.5769 -36.4388
vn 0 1 0
v 10.4723 -83.5769 -38.254
vn 0 1 0
v 10.9916 -83.5769 -30.9585
vn 0 1 0
v 3.31448 -83.5769 -29.5131
vn 0 1 0
v 11.1098 -83.5769 -29.5131
vn 0 1 0
v 10.4723 -83.636 -38.2539
vn 0 -1 0
v 10.9916 -83.636 -33.3976
vn 0 -1 0
v 10.9903 -83.636 -30.9585
vn 0 -1 0
v 11.1098 -83.636 -29.5131
vn 0 -1 0
v 10.9916 -83.636 -32.2034
vn 0 -1 0
v 3.31448 -83.636 -31.8097
vn 0 -1 0
v 3.31448 -83.636 -29.5131
vn 0 -1 0
v 3.31448 -83.636 -32.958
vn 0 -1 0
v 3.33672 -83.636 -36.4388
vn 0 -1 0
v 3.31448 -83.636 -38.2532
vn 0 -1 0
v 3.15072 -85.328 -36.4028
vn 0 0 -1
v 3.24453 -85.2823 -36.4028
vn 0 0 -1
v 3.14537 -85.336 -31.0879
vn 0 0 1
v 3.22977 -85.2823 -31.0879
vn 0 0 1
v 3.25543 -85.2289 -31.0506
vn 1 0 0
v 3.25543 -83.7027 -31.8105
vn 1 0 0
v 3.25543 -83.7337 -29.5131
vn 1 0 0
v 3.25543 -83.695 -34.1063
vn 1 0 0
v 3.25543 -85.2501 -33.7454
vn 1 0 0
v 3.25543 -85.2501 -34.6312
vn 1 0 0
v 3.29942 -83.5799 -36.4028
vn -0.195379 0.980728 0
v 3.29189 -83.5814 -34.3934
vn -0.195379 0.980728 0
v 3.29189 -83.5814 -31.5226
vn -0.195379 0.980728 0
v 3.29942 -83.5799 -29.5131
vn -0.195379 0.980728 0
v 3.20087 -83.6724 -34.3934
vn -0.980787 0.195083 0
v 3.20176 -83.6679 -36.4028
vn -0.980787 0.195083 0
v 3.19937 -83.6799 -29.5131
vn -0.980787 0.195083 0
v 3.20087 -83.6724 -31.5226
vn -0.980787 0.195083 0
v 3.23664 -83.6816 -29.5131
vn 0 0 1
v 3.28231 -83.5878 -29.5131
vn 0 0 1
v 3.28231 -83.6026 -36.4028
vn 0 0 -1
v 3.2259 -83.695 -36.4028
vn 0 0 -1
v 3.19637 -83.695 -34.1063
vn -1 0 0
v 3.19637 -85.2501 -33.7454
vn -1 0 0
v 3.19637 -83.695 -35.2546
vn -1 0 0
v 3.19637 -85.2501 -35.517
vn -1 0 0
v 3.19637 -85.2289 -31.0506
vn -1 0 0
v 3.19637 -83.7027 -31.8105
vn -1 0 0
v 3.19637 -83.7337 -29.5131
vn -1 0 0
v 3.30695 -83.6375 -36.4028
vn 0.195338 -0.980736 0
v 3.30318 -83.6383 -34.3934
vn 0.195338 -0.980736 0
v 3.30318 -83.6383 -31.5226
vn 0.195338 -0.980736 0
v 3.30695 -83.6375 -29.5131
vn 0.195338 -0.980736 0
v 3.25693 -83.6875 -36.4028
vn 0.980826 -0.194884 0
v 3.25768 -83.6837 -34.3934
vn 0.980826 -0.194884 0
v 3.25693 -83.6875 -29.5131
vn 0.980826 -0.194884 0
v 3.25768 -83.6837 -31.5226
vn 0.980826 -0.194884 0
v 11.0368 -83.627 -36.3832
vn 0.195336 -0.980736 0
v 10.9916 -83.636 -36.9803
vn 0.195336 -0.980736 0
v 11.0142 -83.6315 -33.099
vn 0.195336 -0.980736 0
v 11.0187 -83.6306 -31.0091
vn 0.195336 -0.980736 0
v 11.1008 -83.563 -36.3832
vn 0.980747 -0.19528 0
v 11.1098 -83.5178 -35.786
vn 0.980747 -0.19528 0
v 11.1068 -83.5329 -31.0091
vn 0.980747 -0.19528 0
v 11.1053 -83.5404 -33.099
vn 0.980747 -0.19528 0
v 11.0507 -81.8643 -38.1745
vn -1 0 0
v 11.0507 -83.5178 -38.1745
vn -1 0 0
v 11.0507 -81.8643 -31.0091
vn -1 0 0
v 11.0507 -83.5178 -31.0091
vn -1 0 0
v 11.0695 -83.5312 -31.0091
vn 0 0 1
v 11.0238 -83.6251 -31.0091
vn 0 0 1
v 11.0803 -83.5178 -38.1745
vn 0 0 -1
v 11.0238 -83.6103 -38.1745
vn 0 0 -1
v 11.1098 -83.5178 -31.0091
vn 1 0 0
v 11.1098 -83.5178 -38.1745
vn 1 0 0
v 11.1098 -81.8643 -38.1745
vn 1 0 0
v 11.1098 -81.8643 -31.0091
vn 1 0 0
v 11.0029 -83.5746 -38.1745
vn -0.195018 0.9808 0
v 11.0029 -83.5746 -36.0846
vn -0.195018 0.9808 0
v 11.0029 -83.5746 -33.099
vn -0.195018 0.9808 0
v 11.0029 -83.5746 -31.0091
vn -0.195018 0.9808 0
v 11.0462 -83.5405 -36.3832
vn -0.980904 0.194491 0
v 11.0507 -83.5178 -36.9803
vn -0.980904 0.194491 0
v 11.048 -83.5314 -34.5918
vn -0.980904 0.194491 0
v 11.0492 -83.5254 -31.0091
vn -0.980904 0.194491 0
v 4.17864 -87.08 -17.9919
vn 0.979466 -0.00300071 -0.201589
v 4.12136 -86.2688 -18.3472
vn 0.980767 0.00288852 -0.195162
v 3.44169 -87.163 -19.3916
vn 0.5014 0.00794861 -0.865179
v 2.822 -86.6383 -19.7015
vn 0.425848 0.0195807 -0.904583
v 3.40863 -86.2569 -19.4122
vn 0.496523 0.00032628 -0.868023
v 4.20031 -86.8709 -17.8243
vn 1 0 0
v 4.20031 -86.9037 4.07485
vn 1 0 0
v 4.20031 -86.5428 -17.8243
vn 1 0 0
v 4.20031 -86.51 4.07485
vn 1 0 0
v 72.3099 -86.2147 -21.3346
vn 0 1 0
v 78.3342 -86.2147 -38.3123
vn 0 1 0
v 72.3105 -86.2147 -38.3123
vn 0 1 0
v 70.2515 -86.2147 6.08173
vn 0 1 0
v 71.8671 -86.2147 -20.2942
vn 0 1 0
v 69.5567 -86.2147 -18.8556
vn 0 1 0
v 69.5547 -86.2147 4.57442
vn 0 1 0
v 78.3342 -86.2147 53.2625
vn 0 1 0
v 68.466 -86.2147 24.0058
vn 0 1 0
v 68.6289 -86.2147 30.4124
vn 0 1 0
v 69.0716 -86.2147 22.944
vn 0 1 0
v 69.4032 -86.2147 32.0115
vn 0 1 0
v 66.4192 -86.2147 29.4161
vn 0 1 0
v 67.3991 -86.2147 24.4827
vn 0 1 0
v 67.6317 -86.2147 29.7104
vn 0 1 0
v 18.7071 -86.2147 30.4107
vn 0 1 0
v 55.0479 -86.2147 30.4107
vn 0 1 0
v 69.2382 -86.2147 33.2283
vn 0 1 0
v 64.766 -86.2147 29.8899
vn 0 1 0
v 68.8891 -86.2147 33.9927
vn 0 1 0
v 68.3387 -86.2147 34.6279
vn 0 1 0
v 66.8253 -86.2147 35.3191
vn 0 1 0
v 67.6317 -86.2147 35.0823
vn 0 1 0
v 64.2145 -86.2147 34.4038
vn 0 1 0
v 56.5597 -86.2147 43.7493
vn 0 1 0
v 65.5329 -86.2147 35.2464
vn 0 1 0
v 56.1738 -86.2147 31.1758
vn 0 1 0
v 56.5604 -86.2147 32.0892
vn 0 1 0
v 63.6862 -86.2147 31.1755
vn 0 1 0
v 63.4529 -86.2147 32.8045
vn 0 1 0
v 56.2988 -86.2147 44.4042
vn 0 1 0
v 55.8201 -86.2147 44.9797
vn 0 1 0
v 54.8977 -86.2147 45.3875
vn 0 1 0
v 18.8573 -86.2147 45.3875
vn 0 1 0
v 4.20025 -86.2147 4.57452
vn 0 1 0
v 3.50346 -86.2147 6.08201
vn 0 1 0
v 4.19822 -86.2147 -18.8556
vn 0 1 0
v 1.88787 -86.2147 -20.2943
vn 0 1 0
v 6.1233 -86.2147 29.7104
vn 0 1 0
v 7.33574 -86.2147 29.4161
vn 0 1 0
v 6.35594 -86.2147 24.4827
vn 0 1 0
v 5.28908 -86.2147 24.0059
vn 0 1 0
v 5.12616 -86.2147 30.4123
vn 0 1 0
v 4.6834 -86.2147 22.9442
vn 0 1 0
v 4.35177 -86.2147 32.0115
vn 0 1 0
v 1.445 -86.2147 -21.3349
vn 0 1 0
v 1.44441 -86.2147 -38.3123
vn 0 1 0
v -4.57922 -86.2147 -38.3123
vn 0 1 0
v -4.57922 -86.2147 53.2625
vn 0 1 0
v 17.5813 -86.2147 31.1757
vn 0 1 0
v 10.0689 -86.2147 31.1756
vn 0 1 0
v 8.98894 -86.2147 29.8899
vn 0 1 0
v 17.1945 -86.2147 32.0891
vn 0 1 0
v 10.3021 -86.2147 32.8046
vn 0 1 0
v 17.9349 -86.2147 44.9797
vn 0 1 0
v 9.54031 -86.2147 34.4039
vn 0 1 0
v 17.1952 -86.2147 43.7494
vn 0 1 0
v 8.222 -86.2147 35.2464
vn 0 1 0
v 17.4562 -86.2147 44.4042
vn 0 1 0
v 6.9297 -86.2147 35.3191
vn 0 1 0
v 4.8659 -86.2147 33.9927
vn 0 1 0
v 4.51677 -86.2147 33.2283
vn 0 1 0
v 6.1233 -86.2147 35.0823
vn 0 1 0
v 5.41627 -86.2147 34.6279
vn 0 1 0
v 69.6651 -86.2507 -18.5084
vn -0.975735 -0.00798112 -0.218808
v 69.5546 -86.7068 -17.8243
vn -0.98904 -0.0166265 -0.146707
v 69.648 -87.1311 -18.4386
vn -0.96516 0.0255083 -0.260413
v 69.9361 -87.0512 -18.9889
vn -0.871571 0.0265563 -0.48955
v 70.4961 -86.4613 -19.4893
vn -0.505071 -0.00836701 -0.863037
v 70.9291 -87.1954 -19.7056
vn -0.437042 0.00551501 -0.899424
v 69.5546 -87.199 -17.8243
vn -1 0 0
v 69.5546 -87.199 4.07529
vn -1 0 0
v 69.5546 -86.8053 4.07529
vn -1 0 0
v 69.5546 -86.5428 -17.8243
vn -1 0 0
v 69.5546 -86.6084 4.07529
vn -1 0 0
v 69.5546 -86.2147 4.07529
vn -1 0 0
v 69.5546 -86.8709 -17.8243
vn -1 0 0
v 69.5546 -86.2147 -17.8243
vn -1 0 0
v 69.5603 -86.952 4.19144
vn -0.996849 0.0034231 0.0792451
v 69.8238 -87.0931 5.15582
vn -0.905517 0.00820898 0.424231
v 69.5495 -86.2807 4.05818
vn -0.997785 -0.00783988 0.0660626
v 69.5804 -86.3626 4.38962
vn -0.992065 0.00103866 0.125721
v 69.8265 -86.7639 5.06363
vn -0.868271 -0.000879871 0.496089
v 69.8474 -86.2432 5.10399
vn -0.88486 0.00254604 0.46585
v 3.90757 -87.1705 5.104
vn 0.884923 -0.00246427 0.46573
v 3.92847 -86.6497 5.06358
vn 0.868337 0.000894749 0.495974
v 4.0161 -86.3626 4.90543
vn 0.891651 0.00112796 0.452722
v 3.85571 -86.2807 5.19712
vn 0.862892 -0.00780348 0.505327
v 4.20545 -87.133 4.05818
vn 0.997786 0.00779838 0.0660444
v 4.1745 -87.0511 4.3896
vn 0.992067 -0.00112888 0.125705
v 4.20545 -86.2807 4.05817
vn 0.997786 -0.00779826 0.0660444
v 4.1745 -86.3626 4.3896
vn 0.992067 0.00112882 0.125705
v 4.19831 -86.7068 4.10246
vn 0.997307 0 0.073335
v 4.17914 -86.7068 4.36319
vn 0.997307 0 0.073335
v 70.9361 -87.1952 -19.6988
vn -0.43768 -0.00586244 -0.899112
v 71.3741 -86.4597 -19.9186
vn -0.505464 0.00846041 -0.862806
v 72.2138 -87.1485 -20.9558
vn -0.977309 -0.00104168 -0.211814
v 72.3105 -86.7068 -21.58
vn -0.99014 0.00973606 -0.139742
v 72.2054 -86.2547 -20.9142
vn -0.976128 0.00430982 -0.217151
v 69.9451 -86.246 5.26475
vn -0.89122 -0.00244917 0.453564
v 69.9719 -86.7667 5.31927
vn -0.874394 0.00139009 0.485215
v 69.8907 -87.1307 5.16456
vn -0.867477 -0.0114871 0.497344
v 70.069 -87.0494 5.49903
vn -0.89849 0.000222564 0.438993
v 70.2216 -86.2494 6.0971
vn -0.995243 -0.01244 0.0966218
v 70.2244 -86.4608 6.09925
vn -0.995243 -0.01244 0.0966218
v 70.2216 -87.1643 6.0971
vn -0.995243 0.0124403 0.0966218
v 70.2244 -86.9529 6.09925
vn -0.995243 0.0124403 0.0966218
v 67.8811 -87.1439 24.3406
vn -0.25214 -0.00481094 -0.967679
v 67.1286 -86.7068 24.483
vn -0.175007 -0.0116818 -0.984498
v 67.9202 -86.2602 24.332
vn -0.25678 0.00961993 -0.966422
v 68.8977 -87.1439 23.3927
vn -0.947742 -0.00480252 -0.319002
v 69.0923 -86.7068 22.6519
vn -0.969885 -0.0116701 -0.243283
v 68.8864 -86.2602 23.4311
vn -0.946166 0.0096064 -0.32354
v 4.85725 -87.1439 23.3927
vn 0.947733 -0.00487282 -0.319026
v 4.66269 -86.7068 22.6519
vn 0.969891 -0.0116874 -0.24326
v 4.86853 -86.2602 23.4311
vn 0.946156 0.00968962 -0.323565
v 5.87383 -87.1439 24.3406
vn 0.252118 -0.00481687 -0.967684
v 6.62639 -86.7068 24.483
vn 0.175 -0.0116812 -0.984499
v 5.8347 -86.2602 24.332
vn 0.256757 0.00962606 -0.966428
v 4.66269 -87.199 22.6519
vn 0.997559 0 -0.0698297
v 3.52661 -87.199 6.42231
vn 0.997559 0 -0.0698297
v 3.52661 -86.2147 6.42231
vn 0.997559 0 -0.0698297
v 4.66269 -86.2147 22.6519
vn 0.997559 0 -0.0698297
v 1.54854 -87.1583 -20.9178
vn 0.976194 -0.00366629 -0.216869
v 1.44441 -86.7068 -21.58
vn 0.989924 -0.0141967 -0.140886
v 1.52121 -86.3213 -20.9397
vn 0.901959 0.0265848 -0.431002
v 2.20417 -87.1627 -20.012
vn 0.501261 -0.00796532 -0.865259
v 2.82236 -86.7068 -19.7022
vn 0.436326 -0.0165265 -0.899637
v 2.26566 -86.2844 -19.9745
vn 0.538905 0.0274168 -0.84192
v 1.44441 -86.2147 -38.3123
vn 1 0 0
v 1.44441 -86.2147 -21.58
vn 1 0 0
v 1.44441 -87.199 -21.58
vn 1 0 0
v 1.44441 -87.199 -38.3123
vn 1 0 0
v 3.86422 -87.1307 5.16456
vn 0.867477 -0.0115604 0.497343
v 3.68596 -87.0494 5.49903
vn 0.898508 6.39193e-05 0.438958
v 3.83005 -86.2497 5.23048
vn 0.880102 0.00071949 0.474784
v 3.74434 -86.7335 5.38867
vn 0.874434 0.00140773 0.485143
v 3.58429 -87.1177 5.77582
vn 0.982532 -0.00812405 0.185918
v 3.52632 -87.0521 6.1411
vn 0.992754 0.00129351 0.120161
v 3.5334 -86.2494 6.0971
vn 0.995265 -0.0122921 0.0964164
v 3.53058 -86.4608 6.09925
vn 0.995265 -0.0122921 0.0964164
v 18.3771 -86.2723 45.2334
vn 0.263474 0.00510078 -0.964653
v 19.1609 -86.7068 45.3885
vn 0.182971 -0.0127648 -0.983035
v 18.4041 -87.1301 45.2473
vn 0.338629 -0.0485785 -0.939665
v 17.769 -87.051 44.8119
vn 0.5927 -0.0408328 -0.804388
v 17.3564 -86.263 44.2426
vn 0.963234 0.0105701 -0.268456
v 17.1924 -86.7068 43.42
vn 0.983017 0.0128019 -0.183067
v 17.3476 -87.1414 44.2038
vn 0.964613 -0.00529759 -0.263617
v 17.1934 -86.2301 32.185
vn 0.971708 0.134806 0.193934
v 17.3712 -86.3626 31.567
vn 0.946912 9.86953e-05 0.321491
v 17.3438 -87.0225 31.6094
vn 0.964619 -0.00532556 0.263592
v 17.1924 -86.9065 32.3767
vn 0.982016 -0.0255826 0.187055
v 18.3771 -86.2723 30.5633
vn 0.263477 0.00510349 0.964652
v 19.1609 -86.7068 30.4082
vn 0.182973 0.0127703 0.983035
v 18.3383 -87.1507 30.5722
vn 0.268315 -0.0103429 0.963276
v 55.4166 -86.263 30.5722
vn -0.268308 0.0104364 0.963277
v 54.594 -86.7068 30.4082
vn -0.182967 -0.012772 0.983036
v 55.3778 -87.1414 30.5633
vn -0.263468 -0.00518398 0.964654
v 56.3985 -86.263 31.5541
vn -0.963277 0.0104334 0.268306
v 56.5625 -86.7068 32.3767
vn -0.983037 -0.0127716 0.182965
v 56.4074 -87.1414 31.5929
vn -0.964655 -0.00518142 0.263465
v 56.5615 -86.2301 43.6116
vn -0.971763 0.134453 -0.193906
v 56.3837 -86.3626 44.2297
vn -0.946942 -0.000195259 -0.321405
v 56.4112 -87.0225 44.1873
vn -0.964648 -0.00515347 -0.26349
v 56.5625 -86.9065 43.42
vn -0.982039 -0.0255323 -0.186944
v 55.4166 -86.263 45.2245
vn -0.268306 0.0104332 -0.963277
v 54.594 -86.7068 45.3885
vn -0.182964 0.0127766 -0.983037
v 55.3778 -87.1414 45.2334
vn -0.263466 -0.00518126 -0.964655
v 72.3105 -87.199 -38.3123
vn -1 0 0
v 72.3105 -87.199 -21.58
vn -1 0 0
v 72.3105 -86.2147 -21.58
vn -1 0 0
v 72.3105 -86.2147 -38.3123
vn -1 0 0
v 70.2283 -86.7068 6.42231
vn -0.997559 0 -0.0698249
v 69.0923 -87.199 22.6519
vn -0.997559 0 -0.0698249
v 69.0923 -86.7068 22.6519
vn -0.997559 0 -0.0698249
v 70.2283 -87.199 6.42231
vn -0.997559 0 -0.0698249
v 69.0923 -86.2147 22.6519
vn -0.997559 0 -0.0698249
v 70.2282 -86.3377 6.42324
vn -0.997559 0 -0.0698249
v 1.445 -87.199 -21.3349
vn 0 -1 0
v -4.57922 -87.199 -38.3123
vn 0 -1 0
v 1.44441 -87.199 -38.3123
vn 0 -1 0
v 3.50346 -87.199 6.08201
vn 0 -1 0
v 1.81943 -87.199 -20.3986
vn 0 -1 0
v 4.19743 -87.199 -18.9617
vn 0 -1 0
v 4.20025 -87.199 4.57452
vn 0 -1 0
v -4.57922 -87.199 53.2625
vn 0 -1 0
v 5.28908 -87.199 24.0059
vn 0 -1 0
v 5.12616 -87.199 30.4123
vn 0 -1 0
v 4.6834 -87.199 22.9442
vn 0 -1 0
v 4.35177 -87.199 32.0115
vn 0 -1 0
v 7.33574 -87.199 29.4161
vn 0 -1 0
v 6.35594 -87.199 24.4827
vn 0 -1 0
v 6.1233 -87.199 29.7104
vn 0 -1 0
v 4.51677 -87.199 33.2283
vn 0 -1 0
v 8.98894 -87.199 29.8899
vn 0 -1 0
v 4.8659 -87.199 33.9927
vn 0 -1 0
v 5.41627 -87.199 34.6279
vn 0 -1 0
v 6.9297 -87.199 35.3191
vn 0 -1 0
v 6.1233 -87.199 35.0823
vn 0 -1 0
v 9.54031 -87.199 34.4039
vn 0 -1 0
v 17.1952 -87.199 43.7494
vn 0 -1 0
v 8.222 -87.199 35.2464
vn 0 -1 0
v 17.5813 -87.199 31.1757
vn 0 -1 0
v 17.1945 -87.199 32.0891
vn 0 -1 0
v 10.0689 -87.199 31.1756
vn 0 -1 0
v 10.3021 -87.199 32.8046
vn 0 -1 0
v 18.7071 -87.199 30.4107
vn 0 -1 0
v 17.4562 -87.199 44.4042
vn 0 -1 0
v 17.9349 -87.199 44.9797
vn 0 -1 0
v 18.8573 -87.199 45.3875
vn 0 -1 0
v 54.8977 -87.199 45.3875
vn 0 -1 0
v 67.3991 -87.199 24.4827
vn 0 -1 0
v 69.5547 -87.199 4.57442
vn 0 -1 0
v 70.2515 -87.199 6.08173
vn 0 -1 0
v 69.5575 -87.199 -18.9617
vn 0 -1 0
v 71.9355 -87.199 -20.3985
vn 0 -1 0
v 67.6317 -87.199 29.7104
vn 0 -1 0
v 66.4192 -87.199 29.4161
vn 0 -1 0
v 55.0479 -87.199 30.4107
vn 0 -1 0
v 68.466 -87.199 24.0058
vn 0 -1 0
v 68.6289 -87.199 30.4124
vn 0 -1 0
v 69.0716 -87.199 22.944
vn 0 -1 0
v 69.4032 -87.199 32.0115
vn 0 -1 0
v 72.3099 -87.199 -21.3346
vn 0 -1 0
v 72.3105 -87.199 -38.3123
vn 0 -1 0
v 78.3342 -87.199 -38.3123
vn 0 -1 0
v 78.3342 -87.199 53.2625
vn 0 -1 0
v 56.1738 -87.199 31.1758
vn 0 -1 0
v 63.6862 -87.199 31.1755
vn 0 -1 0
v 64.766 -87.199 29.8899
vn 0 -1 0
v 56.5604 -87.199 32.0892
vn 0 -1 0
v 63.4529 -87.199 32.8045
vn 0 -1 0
v 55.8201 -87.199 44.9797
vn 0 -1 0
v 64.2145 -87.199 34.4038
vn 0 -1 0
v 56.5597 -87.199 43.7493
vn 0 -1 0
v 65.5329 -87.199 35.2464
vn 0 -1 0
v 56.2988 -87.199 44.4042
vn 0 -1 0
v 66.8253 -87.199 35.3191
vn 0 -1 0
v 68.8891 -87.199 33.9927
vn 0 -1 0
v 69.2382 -87.199 33.2283
vn 0 -1 0
v 67.6317 -87.199 35.0823
vn 0 -1 0
v 68.3387 -87.199 34.6279
vn 0 -1 0
v 70.8189 95.8171 -17.791
vn -0.669023 0.314644 0.673356
v 70.8179 95.8622 -17.8097
vn -0.663373 0.290733 0.689501
v 70.8979 95.8187 -17.6953
vn -0.693327 0.604476 0.39231
v 70.8498 95.7568 -17.6727
vn -0.696306 0.679454 0.231301
v 70.8793 95.7833 -17.5792
vn -0.730425 0.600326 -0.325712
v 70.9267 95.8243 -17.6148
vn -0.729996 0.633538 -0.256389
v 70.8592 95.8256 -17.4925
vn -0.740764 0.334966 -0.582294
v 70.9066 95.8651 -17.5297
vn -0.736301 0.337182 -0.586659
v 70.9068 95.9202 -17.5236
vn -0.751288 -0.0805509 -0.65504
v 70.8359 96.0041 -17.4676
vn -0.736619 -0.283118 -0.614196
v 70.9286 95.9799 -17.5793
vn -0.724935 -0.547593 -0.417865
v 70.8799 96.0292 -17.5686
vn -0.73084 -0.629953 -0.26274
v 70.8311 96.082 -17.5584
vn -0.715038 -0.658297 -0.235298
v 70.8995 96.0131 -17.6648
vn -0.714998 -0.670509 0.197978
v 70.9228 95.9799 -17.6896
vn -0.677636 -0.551658 0.486296
v 70.8237 96.082 -17.7002
vn -0.686952 -0.657655 0.309171
v 70.8184 95.9815 -17.8004
vn -0.66585 -0.272673 0.694473
v 70.8762 95.9449 -17.7564
vn -0.674293 -0.207207 0.708798
v 70.9211 95.9106 -17.7229
vn -0.667219 -0.0695354 0.741609
v 70.9215 95.9106 -17.7141
vn 0.0829597 -0.0565631 0.994946
v 70.9802 95.9106 -17.7234
vn 0.0475318 6.60432e-05 0.99887
v 70.7786 95.8414 -20.4417
vn -0.671859 0.549748 0.496369
v 70.677 95.7696 -20.4997
vn -0.671859 0.549748 0.496369
v 70.7843 95.8414 -20.3314
vn -0.720312 0.549068 -0.42388
v 70.6894 95.7696 -20.2632
vn -0.720312 0.549068 -0.42388
v 70.6894 96.0517 -20.2632
vn -0.720231 -0.548577 -0.424653
v 70.7843 95.9799 -20.3314
vn -0.720231 -0.548577 -0.424653
v 70.677 96.0517 -20.4997
vn -0.671698 -0.549257 0.49713
v 70.7786 95.9799 -20.4417
vn -0.671698 -0.549257 0.49713
v 70.7773 95.9106 -20.4663
vn 0.0838563 -0.0559766 0.994904
v 70.8359 95.9106 -20.4756
vn 0.0487854 6.5361e-05 0.998809
v 71.067 95.8414 -14.9375
vn -0.671607 0.549983 0.49645
v 70.9654 95.7696 -14.9953
vn -0.671607 0.549983 0.49645
v 71.0728 95.8414 -14.8272
vn -0.720034 0.549731 -0.423494
v 70.9778 95.7696 -14.759
vn -0.720034 0.549731 -0.423494
v 70.9778 96.0517 -14.759
vn -0.719954 -0.54924 -0.424267
v 71.0728 95.9799 -14.8272
vn -0.719954 -0.54924 -0.424267
v 70.9654 96.0517 -14.9953
vn -0.671446 -0.549492 0.497211
v 71.067 95.9799 -14.9375
vn -0.671446 -0.549492 0.497211
v 71.0658 95.9106 -14.962
vn 0.0830413 -0.0566196 0.994936
v 71.1244 95.9106 -14.9713
vn 0.0475589 6.61067e-05 0.998868
v 71.1326 95.7291 -14.8147
vn 0.998634 1.94266e-05 -0.0522558
v 71.1495 96.5996 -14.4922
vn 0.998629 1.82689e-05 -0.0523393
v 70.9847 95.9083 -17.6374
vn 0.99863 4.14249e-05 -0.0523342
v 70.8367 95.7342 -20.4612
vn 0.99863 -5.02015e-05 -0.0523195
v 70.8198 96.5996 -20.7828
vn 0.998629 1.65684e-05 -0.0523424
v 70.9603 95.9331 -15.0929
vn -0.99863 -1.8563e-05 0.0523215
v 70.9889 95.7128 -14.548
vn -0.99863 9.8478e-06 0.0523223
v 70.8274 95.9105 -17.6293
vn -0.99863 7.48667e-06 0.0523177
v 70.6916 95.9403 -20.2204
vn -0.99863 -3.67519e-06 0.052322
v 70.6626 95.6547 -20.7746
vn -0.99863 1.30476e-06 0.0523215
v 70.9922 96.4675 -14.484
vn -0.99863 5.67434e-07 0.0523244
v 70.6626 96.4675 -20.7746
vn -0.99863 -3.18008e-07 0.0523244
v 2.91907 95.8171 -17.4676
vn 0.732979 0.2959 -0.612524
v 2.84841 95.8651 -17.5297
vn 0.734572 0.322427 -0.59703
v 2.85058 95.8187 -17.571
vn 0.73083 0.603655 -0.318572
v 2.90077 95.7568 -17.5884
vn 0.716713 0.679388 -0.157333
v 2.88116 95.7833 -17.6845
vn 0.692499 0.601649 0.398075
v 2.83029 95.8243 -17.6541
vn 0.699022 0.63395 0.330871
v 2.91021 95.8256 -17.7687
vn 0.675549 0.332199 0.658238
v 2.85926 95.8651 -17.7366
vn 0.671475 0.334037 0.661468
v 2.85957 95.9202 -17.7427
vn 0.678743 -0.0806368 0.729935
v 2.93603 96.0041 -17.791
vn 0.668307 -0.282098 0.688321
v 2.83215 95.9799 -17.6896
vn 0.677542 -0.550224 0.488048
v 2.88172 96.0292 -17.6952
vn 0.699378 -0.630587 0.336496
v 2.93126 96.082 -17.7002
vn 0.686859 -0.657879 0.308902
v 2.85217 96.0131 -17.6015
vn 0.732039 -0.670067 -0.123003
v 2.82637 95.9799 -17.5793
vn 0.724896 -0.549098 -0.415953
v 2.92384 96.082 -17.5584
vn 0.715204 -0.658026 -0.235552
v 2.91858 95.9815 -17.4583
vn 0.734953 -0.273164 -0.620666
v 2.86575 95.9449 -17.508
vn 0.744768 -0.207828 -0.634136
v 2.82462 95.9106 -17.546
vn 0.74126 -0.0683848 -0.667725
v 2.82508 95.9106 -17.5547
vn 0.0209182 -0.0559667 -0.998213
v 2.76578 95.9106 -17.5516
vn 0.0561895 6.53503e-05 -0.99842
v 2.68214 95.8414 -14.8272
vn 0.720098 0.54967 -0.423464
v 2.77712 95.7696 -14.759
vn 0.720098 0.54967 -0.423464
v 2.68792 95.8414 -14.9375
vn 0.671644 0.549913 0.496477
v 2.78951 95.7696 -14.9953
vn 0.671644 0.549913 0.496477
v 2.78951 96.0517 -14.9953
vn 0.671483 -0.549422 0.497238
v 2.68792 95.9799 -14.9375
vn 0.671483 -0.549422 0.497238
v 2.77712 96.0517 -14.759
vn 0.720017 -0.549179 -0.424237
v 2.68214 95.9799 -14.8272
vn 0.720017 -0.549179 -0.424237
v 2.68085 95.9106 -14.8026
vn 0.0209263 -0.0559607 -0.998214
v 2.62155 95.9106 -14.7995
vn 0.0561939 6.53434e-05 -0.99842
v 2.9706 95.8414 -20.3314
vn 0.71999 0.549357 -0.424054
v 3.06559 95.7696 -20.2632
vn 0.71999 0.549357 -0.424054
v 2.97638 95.8414 -20.4417
vn 0.671876 0.549747 0.496348
v 3.07798 95.7696 -20.4997
vn 0.671876 0.549747 0.496348
v 3.07798 96.0517 -20.4997
vn 0.671715 -0.549257 0.497108
v 2.97638 95.9799 -20.4417
vn 0.671715 -0.549257 0.497108
v 3.06559 96.0517 -20.2632
vn 0.719909 -0.548866 -0.424827
v 2.9706 95.9799 -20.3314
vn 0.719909 -0.548866 -0.424827
v 2.96932 95.9106 -20.3069
vn 0.0217879 -0.0565961 -0.998159
v 2.91002 95.9106 -20.3038
vn 0.0574567 6.60802e-05 -0.998348
v 2.91822 95.7292 -20.4603
vn -0.99863 -2.76767e-06 -0.0523294
v 2.93512 96.5996 -20.7828
vn -0.99863 3.29593e-06 -0.0523357
v 2.77029 95.9083 -17.6377
vn -0.99863 -2.81267e-06 -0.0523355
v 2.6223 95.7341 -14.8138
vn -0.99863 -1.48816e-05 -0.0523318
v 2.60545 96.5996 -14.4922
vn -0.99863 9.64529e-06 -0.052334
v 3.06334 95.9403 -20.2204
vn 0.998629 -7.68285e-06 0.0523429
v 3.09239 95.6547 -20.7746
vn 0.998629 1.63927e-05 0.0523378
v 2.92755 95.9105 -17.6293
vn 0.998629 -4.42495e-07 0.0523371
v 2.79462 95.9331 -15.0929
vn 0.998629 2.07706e-06 0.05234
v 2.76606 95.7128 -14.548
vn 0.998629 -3.20533e-06 0.0523415
v 3.09239 96.4675 -20.7746
vn 0.998629 -3.9954e-06 0.0523367
v 2.76271 96.4675 -14.484
vn 0.998629 4.02518e-06 0.0523366
v -5.04477 -70.8092 -24.7842
vn -0.295574 0.699992 -0.650113
v -5.09269 -70.883 -24.8426
vn -0.321919 0.702468 -0.634749
v -5.04637 -70.883 -24.8839
vn -0.60427 0.712818 -0.356019
v -4.98439 -70.8338 -24.904
vn -0.679327 0.707689 -0.194142
v -5.01097 -70.8584 -24.9989
vn -0.601883 0.712138 0.361381
v -5.05191 -70.9076 -24.9659
vn -0.634014 0.715092 0.294398
v -5.05324 -70.8338 -25.0844
vn -0.333751 0.709135 0.621078
v -5.09269 -70.883 -25.0497
vn -0.335736 0.704941 0.624772
v -5.14788 -70.883 -25.0558
vn 0.109177 0.715949 0.689563
v -5.23178 -70.8092 -25.1081
vn 0.282624 0.703386 0.652206
v -5.20753 -70.9076 -25.0014
vn 0.550556 0.702341 0.451227
v -5.25689 -70.8584 -25.0095
vn 0.630721 0.716058 0.299085
v -5.30957 -70.8092 -25.0171
vn 0.658069 0.701897 0.272556
v -5.24076 -70.883 -24.9144
vn 0.670252 0.724544 -0.160617
v -5.20753 -70.9076 -24.8909
vn 0.550556 0.702341 -0.451227
v -5.30957 -70.8092 -24.8752
vn 0.658333 0.701759 -0.272271
v -5.20922 -70.8092 -24.7748
vn 0.272887 0.70163 -0.658216
v -5.17255 -70.8645 -24.8218
vn 0.207721 0.710796 -0.672027
v -5.13827 -70.9076 -24.8576
vn 0.0682794 0.705443 -0.70547
v -5.13828 -70.9076 -24.8663
vn 0.056094 -0.0314755 -0.997929
v -5.13827 -70.9667 -24.8601
vn -6.90551e-06 0.00369734 -0.999993
v -5.06902 -70.9076 -22.135
vn -0.549153 0.696866 -0.461312
v -4.9972 -70.8092 -22.0719
vn -0.549153 0.696866 -0.461312
v -5.06902 -70.9076 -22.2455
vn -0.549153 0.696866 0.461312
v -4.9972 -70.8092 -22.3087
vn -0.549153 0.696866 0.461312
v -5.27936 -70.8092 -22.3087
vn 0.549152 0.696867 0.461311
v -5.20753 -70.9076 -22.2455
vn 0.549152 0.696867 0.461311
v -5.27936 -70.8092 -22.0719
vn 0.549152 0.696867 -0.461311
v -5.20753 -70.9076 -22.135
vn 0.549152 0.696867 -0.461311
v -5.13828 -70.9076 -22.1104
vn 0.0560819 -0.0314595 -0.99793
v -5.13827 -70.9667 -22.1042
vn -6.90403e-06 0.0037058 -0.999993
v -5.06902 -70.9076 -27.6468
vn -0.549711 0.696736 -0.460844
v -4.9972 -70.8092 -27.5837
vn -0.549711 0.696736 -0.460844
v -5.06902 -70.9076 -27.7573
vn -0.54915 0.69687 0.461309
v -4.9972 -70.8092 -27.8205
vn -0.54915 0.69687 0.461309
v -5.27936 -70.8092 -27.8205
vn 0.549149 0.696872 0.461309
v -5.20753 -70.9076 -27.7573
vn 0.549149 0.696872 0.461309
v -5.27936 -70.8092 -27.5837
vn 0.54971 0.696737 -0.460843
v -5.20753 -70.9076 -27.6468
vn 0.54971 0.696737 -0.460843
v -5.13828 -70.9076 -27.6222
vn 0.0560818 -0.0314917 -0.997929
v -5.13827 -70.9667 -27.616
vn -6.90403e-06 0.00367353 -0.999993
v -4.95684 -70.9667 -27.7728
vn 0 -1 0
v -5.82725 -70.9667 -28.0958
vn 0 -1 0
v -5.13584 -70.9667 -24.9462
vn 0 -1 0
v -4.96176 -70.9667 -22.1185
vn 0 -1 0
v -5.82725 -70.9667 -21.7965
vn 0 -1 0
v -5.16797 -70.8092 -27.5408
vn 0 1 0
v -4.88237 -70.8092 -28.0958
vn 0 1 0
v -5.13826 -70.8092 -24.9462
vn 0 1 0
v -5.16797 -70.8092 -22.3515
vn 0 1 0
v -4.88237 -70.8092 -21.7965
vn 0 1 0
v -5.69511 -70.8092 -28.0958
vn 0 1 0
v -5.69511 -70.8092 -21.7965
vn 0 1 0
v -5.04477 6.98609 -25.1081
vn -0.295579 -0.699944 0.650163
v -5.09269 7.0599 -25.0497
vn -0.321938 -0.702414 0.634799
v -5.04637 7.0599 -25.0084
vn -0.604293 -0.712764 0.356086
v -4.98439 7.01069 -24.9884
vn -0.679216 -0.707723 0.194409
v -5.01097 7.0353 -24.8934
vn -0.601989 -0.712024 -0.361429
v -5.05191 7.08451 -24.9264
vn -0.634092 -0.715009 -0.29443
v -5.05324 7.01069 -24.8079
vn -0.333782 -0.70907 -0.621135
v -5.09269 7.0599 -24.8426
vn -0.335765 -0.70488 -0.624825
v -5.14788 7.0599 -24.8365
vn 0.109176 -0.715889 -0.689626
v -5.23178 6.98609 -24.7842
vn 0.282651 -0.703327 -0.652258
v -5.20753 7.08451 -24.8909
vn 0.550601 -0.702282 -0.451263
v -5.24076 7.0599 -24.9144
vn 0.670309 -0.724488 -0.160631
v -5.30957 6.98609 -24.8752
vn 0.658384 -0.701704 -0.272292
v -5.25689 7.0353 -25.0095
vn 0.630774 -0.716002 0.299109
v -5.20753 7.08451 -25.0014
vn 0.550601 -0.702282 0.451263
v -5.30957 6.98609 -25.0171
vn 0.658119 -0.701842 0.272577
v -5.20922 6.98609 -25.1175
vn 0.272898 -0.701579 0.658266
v -5.17255 7.04145 -25.0705
vn 0.207725 -0.710743 0.672083
v -5.13827 7.08451 -25.0347
vn 0.0682352 -0.705387 0.70553
v -5.13828 7.08451 -25.026
vn 0.0560939 0.0314953 0.997929
v -5.13827 7.14357 -25.0322
vn -6.90551e-06 -0.00369967 0.999993
v -5.06902 7.08451 -27.7573
vn -0.549192 -0.696813 0.461345
v -4.9972 6.98609 -27.8205
vn -0.549192 -0.696813 0.461345
v -5.06902 7.08451 -27.6468
vn -0.549754 -0.696678 -0.46088
v -4.9972 6.98609 -27.5837
vn -0.549754 -0.696678 -0.46088
v -5.27936 6.98609 -27.5837
vn 0.549753 -0.69668 -0.460879
v -5.20753 7.08451 -27.6468
vn 0.549753 -0.69668 -0.460879
v -5.27936 6.98609 -27.8205
vn 0.549191 -0.696814 0.461344
v -5.20753 7.08451 -27.7573
vn 0.549191 -0.696814 0.461344
v -5.13828 7.08451 -27.7819
vn 0.0560818 0.0314793 0.99793
v -5.13827 7.14357 -27.7881
vn -6.90403e-06 -0.00370814 0.999993
v -5.06902 7.08451 -22.2455
vn -0.549196 -0.696808 0.461348
v -4.9972 6.98609 -22.3087
vn -0.549196 -0.696808 0.461348
v -5.06902 7.08451 -22.135
vn -0.549196 -0.696808 -0.461348
v -4.9972 6.98609 -22.0719
vn -0.549196 -0.696808 -0.461348
v -5.27936 6.98609 -22.0719
vn 0.549195 -0.69681 -0.461347
v -5.20753 7.08451 -22.135
vn 0.549195 -0.69681 -0.461347
v -5.27936 6.98609 -22.3087
vn 0.549195 -0.69681 0.461347
v -5.20753 7.08451 -22.2455
vn 0.549195 -0.69681 0.461347
v -5.13828 7.08451 -22.2701
vn 0.0560939 0.0314953 0.997929
v -5.13827 7.14357 -22.2763
vn -6.90551e-06 -0.00369967 0.999993
v -4.95679 7.14357 -22.1196
vn 0 1 0
v -5.82725 7.14357 -21.7965
vn 0 1 0
v -5.13584 7.14357 -24.9461
vn 0 1 0
v -4.96176 7.14357 -27.7738
vn 0 1 0
v -5.82725 7.14357 -28.0958
vn 0 1 0
v -5.16797 6.98609 -22.3515
vn 0 -1 0
v -4.88237 6.98609 -21.7965
vn 0 -1 0
v -5.13826 6.98609 -24.9462
vn 0 -1 0
v -5.16797 6.98609 -27.5408
vn 0 -1 0
v -4.88237 6.98609 -28.0958
vn 0 -1 0
v -5.69511 6.98609 -21.7965
vn 0 -1 0
v -5.69511 6.98609 -28.0958
vn 0 -1 0
v 0.685585 8.71837 53.6832
vn -0.195262 0 0.980751
v 0.685585 8.54612 53.6832
vn -0.195262 0 0.980751
v 0.685585 8.30007 53.6832
vn -0.195262 0 0.980751
v 0.685585 8.12782 53.6832
vn -0.195262 0 0.980751
v 0.59457 8.71837 53.5922
vn -0.980789 0 0.195071
v 0.59457 8.54612 53.5922
vn -0.980789 0 0.195071
v 0.59457 8.30007 53.5922
vn -0.980789 0 0.195071
v 0.59457 8.12782 53.5922
vn -0.980789 0 0.195071
v 0.590075 -74.3655 52.9218
vn -1 0 0
v 0.590075 -75.1005 52.7724
vn -1 0 0
v 0.590075 -53.8387 52.934
vn -1 0 0
v 0.590075 8.71837 52.7724
vn -1 0 0
v 0.590075 -74.1506 53.1508
vn -1 0 0
v 0.590075 -53.8086 53.291
vn -1 0 0
v 0.590075 -75.1005 53.5696
vn -1 0 0
v 0.590075 -33.1046 52.9338
vn -1 0 0
v 0.590075 -33.351 53.107
vn -1 0 0
v 0.590075 -53.5923 53.107
vn -1 0 0
v 0.590075 -33.1346 53.2911
vn -1 0 0
v 0.590075 -12.5435 52.934
vn -1 0 0
v 0.590075 7.76989 53.1086
vn -1 0 0
v 0.590075 -12.79 53.107
vn -1 0 0
v 0.590075 -12.5737 53.291
vn -1 0 0
v 0.590075 8.71837 53.5696
vn -1 0 0
v 0.681066 7.73412 53.6823
vn -0.195262 0 0.980751
v 0.685585 1.85199 53.6832
vn -0.195262 0 0.980751
v 0.685585 -6.55106 53.6832
vn -0.195262 0 0.980751
v 0.693119 -12.4332 53.6847
vn -0.195262 0 0.980751
v 0.593072 7.73412 53.5847
vn -0.980789 0 0.195071
v 0.59457 1.85199 53.5922
vn -0.980789 0 0.195071
v 0.59457 -6.55106 53.5922
vn -0.980789 0 0.195071
v 0.595469 -12.4332 53.5967
vn -0.980789 0 0.195071
v 0.700652 7.73412 53.6272
vn 0.195346 0 -0.980734
v 0.696885 1.85199 53.6264
vn 0.195346 0 -0.980734
v 0.696885 -6.55106 53.6264
vn 0.195346 0 -0.980734
v 0.700652 -12.4332 53.6272
vn 0.195346 0 -0.980734
v 0.651377 1.85199 53.5809
vn 0.980792 0 -0.195057
v 0.651827 7.73412 53.5832
vn 0.980792 0 -0.195057
v 0.650628 -12.4332 53.5771
vn 0.980792 0 -0.195057
v 0.651377 -6.55106 53.5809
vn 0.980792 0 -0.195057
v 0.64913 7.81206 53.2102
vn 1 0 0
v 0.64913 8.71837 53.5696
vn 1 0 0
v 0.64913 -75.1005 53.5696
vn 1 0 0
v 0.64913 7.98357 52.9217
vn 1 0 0
v 0.64913 -12.5737 53.291
vn 1 0 0
v 0.64913 -33.1346 53.291
vn 1 0 0
v 0.64913 -12.79 53.107
vn 1 0 0
v 0.64913 8.71837 52.7724
vn 1 0 0
v 0.64913 -12.5436 52.9339
vn 1 0 0
v 0.64913 7.78335 53.0657
vn 1 0 0
v 0.64913 -75.1005 52.7724
vn 1 0 0
v 0.64913 -33.1046 52.9338
vn 1 0 0
v 0.64913 -53.7521 53.3244
vn 1 0 0
v 0.64913 -33.351 53.107
vn 1 0 0
v 0.64913 -74.1521 53.1086
vn 1 0 0
v 0.64913 -53.7521 52.8932
vn 1 0 0
v 0.696885 8.71837 53.6264
vn 0.195346 0 -0.980734
v 0.696885 8.54612 53.6264
vn 0.195346 0 -0.980734
v 0.696885 8.30007 53.6264
vn 0.195346 0 -0.980734
v 0.696885 8.12782 53.6264
vn 0.195346 0 -0.980734
v 0.651377 8.71837 53.5809
vn 0.980792 0 -0.195057
v 0.651377 8.54612 53.5809
vn 0.980792 0 -0.195057
v 0.651377 8.12782 53.5809
vn 0.980792 0 -0.195057
v 0.651377 8.30007 53.5809
vn 0.980792 0 -0.195057
v 0.641085 -12.8269 53.5964
vn 0 1 0
v 0.676006 -12.8269 53.6768
vn 0 1 0
v 0.708185 -12.4332 53.6582
vn 0 -1 0
v 0.747555 -12.4332 53.6877
vn 0 -1 0
v 0.770015 -74.1284 53.6877
vn 0 0 1
v 0.944352 -75.1005 53.6877
vn 0 0 1
v 0.852503 -53.7521 53.6877
vn 0 0 1
v 0.807022 -33.3191 53.6877
vn 0 0 1
v 0.72995 -32.9866 53.6877
vn 0 0 1
v 0.708185 -12.8269 53.6877
vn 0 0 1
v 0.786495 -12.8179 53.6877
vn 0 0 1
v 0.786497 -12.4422 53.6877
vn 0 0 1
v 0.708185 -12.4332 53.6877
vn 0 0 1
v 0.749864 7.738 53.6877
vn 0 0 1
v 0.942987 8.71837 53.6877
vn 0 0 1
v 0.697755 -12.8269 53.6856
vn -0.195262 0 0.980751
v 0.671204 -22.9106 53.6803
vn -0.195262 0 0.980751
v 0.685585 -27.1121 53.6832
vn -0.195262 0 0.980751
v 0.693119 -32.9942 53.6847
vn -0.195262 0 0.980751
v 0.593072 -12.8269 53.5847
vn -0.980789 0 0.195071
v 0.59457 -18.709 53.5922
vn -0.980789 0 0.195071
v 0.59457 -27.1121 53.5922
vn -0.980789 0 0.195071
v 0.595469 -32.9942 53.5967
vn -0.980789 0 0.195071
v 0.694626 -12.8269 53.626
vn 0.195346 0 -0.980734
v 0.69748 -22.9106 53.6266
vn 0.195346 0 -0.980734
v 0.696885 -27.1121 53.6264
vn 0.195346 0 -0.980734
v 0.700652 -32.9942 53.6272
vn 0.195346 0 -0.980734
v 0.650628 -12.8269 53.5771
vn 0.980792 0 -0.195057
v 0.651377 -18.709 53.5809
vn 0.980792 0 -0.195057
v 0.651377 -27.1121 53.5809
vn 0.980792 0 -0.195057
v 0.651827 -32.9942 53.5832
vn 0.980792 0 -0.195057
v 0.749034 7.73766 53.6287
vn 0 0 -1
v 0.944337 8.71837 53.6287
vn 0 0 -1
v 0.76726 -12.4378 53.6287
vn 0 0 -1
v 0.830501 -33.1911 53.6287
vn 0 0 -1
v 0.757457 -12.8303 53.6287
vn 0 0 -1
v 0.943364 -75.1005 53.6287
vn 0 0 -1
v 0.846406 -53.7594 53.6287
vn 0 0 -1
v 0.795848 -74.1389 53.6287
vn 0 0 -1
v 0.708185 -53.5552 53.6287
vn 0 0 -1
v 0.747555 8.12782 53.6582
vn 0 -1 0
v 0.641815 8.12782 53.6238
vn 0 -1 0
v 0.641815 7.73412 53.6238
vn 0 1 0
v 0.747555 7.73412 53.6582
vn 0 1 0
v 0.747555 7.73412 53.636
vn -0.175069 0.984228 -0.0254328
v 0.773618 7.74032 53.636
vn -0.327646 0.944794 0.0035951
v 0.747555 7.73412 53.6803
vn -0.17507 0.984232 0.0252626
v 0.773618 7.74032 53.6803
vn -0.327646 0.944794 -0.00357105
v 0.80661 7.79318 53.636
vn -0.984205 0.17519 -0.0254945
v 0.800407 7.76711 53.636
vn -0.944768 0.327721 0.00339891
v 0.80661 7.79318 53.6803
vn -0.984209 0.17519 0.0253238
v 0.800407 7.76711 53.6803
vn -0.944768 0.327721 -0.00337617
v 0.80661 8.06877 53.636
vn -0.984189 -0.175277 -0.0254793
v 0.800407 8.09483 53.636
vn -0.944756 -0.327756 0.00340782
v 0.789313 8.11052 53.636
vn -0.593199 -0.804794 -0.0205518
v 0.770058 8.1231 53.636
vn -0.382528 -0.923403 -0.0316095
v 0.80661 8.06877 53.6803
vn -0.984194 -0.175278 0.0253087
v 0.800407 8.09483 53.6803
vn -0.944756 -0.327757 -0.00338503
v 0.747555 8.12782 53.636
vn -0.149746 -0.988512 -0.0205201
v 0.789313 8.11052 53.6803
vn -0.5932 -0.804796 0.0204142
v 0.770058 8.1231 53.6803
vn -0.382531 -0.923409 0.0313978
v 0.747555 8.12782 53.6803
vn -0.149746 -0.988514 0.0203827
v 0.630344 -33.3879 53.583
vn 0 1 0
v 0.676006 -33.3879 53.6768
vn 0 1 0
v 0.708185 -32.9942 53.6582
vn 0 -1 0
v 0.747555 -32.9942 53.6287
vn 0 -1 0
v 0.681065 -33.3879 53.6823
vn -0.195262 0 0.980751
v 0.686775 -43.4716 53.6834
vn -0.195262 0 0.980751
v 0.685585 -47.6731 53.6832
vn -0.195262 0 0.980751
v 0.681066 -53.5552 53.6823
vn -0.195262 0 0.980751
v 0.593072 -33.3879 53.5847
vn -0.980789 0 0.195071
v 0.59457 -39.2701 53.5922
vn -0.980789 0 0.195071
v 0.593072 -53.5552 53.5847
vn -0.980789 0 0.195071
v 0.59457 -47.6731 53.5922
vn -0.980789 0 0.195071
v 0.69748 -33.3879 53.6266
vn 0.195346 0 -0.980734
v 0.694626 -43.4716 53.626
vn 0.195346 0 -0.980734
v 0.696885 -47.6731 53.6264
vn 0.195346 0 -0.980734
v 0.700652 -53.5552 53.6272
vn 0.195346 0 -0.980734
v 0.651377 -39.2701 53.5809
vn 0.980792 0 -0.195057
v 0.651827 -33.3879 53.5832
vn 0.980792 0 -0.195057
v 0.651377 -47.6731 53.5809
vn 0.980792 0 -0.195057
v 0.651827 -53.5552 53.5832
vn 0.980792 0 -0.195057
v 0.676006 -12.4332 53.6768
vn 0 -1 0
v 0.630344 -12.4332 53.583
vn 0 -1 0
v 0.747555 -12.8269 53.636
vn 0 1 0
v 0.708185 -12.8269 53.6287
vn 0 1 0
v 0.708185 -12.8269 53.6877
vn 0 1 0
v 0.747555 -12.8269 53.6729
vn 0 1 0
v 0.747555 -12.8269 53.636
vn -0.174935 0.984238 -0.0259512
v 0.773618 -12.8207 53.636
vn -0.327729 0.944769 0.00241507
v 0.789313 -12.8096 53.636
vn -0.804639 0.593384 -0.0212299
v 0.801882 -12.7903 53.636
vn -0.923595 0.381976 -0.032661
v 0.747555 -12.8269 53.6803
vn -0.174936 0.984242 0.0257775
v 0.773618 -12.8207 53.6803
vn -0.327729 0.944769 -0.00239891
v 0.80661 -12.7678 53.636
vn -0.988503 0.149789 -0.0206052
v 0.789313 -12.8096 53.6803
vn -0.804642 0.593386 0.0210878
v 0.805369 -12.7734 53.6803
vn -0.963192 0.267492 0.0266316
v 0.80661 -12.4923 53.636
vn -0.988504 -0.149787 -0.020603
v 0.801882 -12.4698 53.636
vn -0.923596 -0.381973 -0.0326578
v 0.781466 -12.445 53.636
vn -0.58822 -0.808242 -0.0272296
v 0.80661 -12.4923 53.6803
vn -0.984227 -0.175073 0.0254315
v 0.800407 -12.4662 53.6803
vn -0.945083 -0.32682 -0.0026569
v 0.747555 -12.4332 53.636
vn -0.174908 -0.984242 -0.0259793
v 0.789313 -12.4505 53.6803
vn -0.593422 -0.804625 0.0206927
v 0.753157 -12.4344 53.6803
vn -0.2676 -0.963159 0.0267317
v 0.641085 -53.949 53.5964
vn 0 1 0
v 0.676006 -53.949 53.6768
vn 0 1 0
v 0.708185 -53.5552 53.6582
vn 0 -1 0
v 0.747555 -53.5552 53.6877
vn 0 -1 0
v 0.671204 -53.949 53.6803
vn -0.195262 0 0.980751
v 0.697754 -64.0326 53.6856
vn -0.195262 0 0.980751
v 0.685585 -68.2341 53.6832
vn -0.195262 0 0.980751
v 0.681065 -74.1163 53.6823
vn -0.195262 0 0.980751
v 0.59457 -59.8311 53.5922
vn -0.980789 0 0.195071
v 0.595469 -53.949 53.5967
vn -0.980789 0 0.195071
v 0.59457 -68.2341 53.5922
vn -0.980789 0 0.195071
v 0.595469 -74.1163 53.5967
vn -0.980789 0 0.195071
v 0.70297 -53.949 53.6277
vn 0.195346 0 -0.980734
v 0.689695 -64.0326 53.625
vn 0.195346 0 -0.980734
v 0.696885 -68.2341 53.6264
vn 0.195346 0 -0.980734
v 0.694625 -74.1163 53.626
vn 0.195346 0 -0.980734
v 0.651377 -59.8311 53.5809
vn 0.980792 0 -0.195057
v 0.651827 -53.949 53.5832
vn 0.980792 0 -0.195057
v 0.650628 -74.1163 53.5771
vn 0.980792 0 -0.195057
v 0.651377 -68.2341 53.5809
vn 0.980792 0 -0.195057
v 0.676006 -32.9942 53.6768
vn 0 -1 0
v 0.630344 -32.9942 53.583
vn 0 -1 0
v 0.747555 -33.3879 53.636
vn 0 1 0
v 0.708185 -33.3879 53.6287
vn 0 1 0
v 0.708185 -33.3879 53.6877
vn 0 1 0
v 0.747555 -33.3879 53.6729
vn 0 1 0
v 0.747555 -33.3879 53.636
vn -0.175006 0.984226 -0.0259167
v 0.773618 -33.3817 53.636
vn -0.327664 0.944791 0.00243999
v 0.747555 -33.3879 53.6803
vn -0.175007 0.984231 0.0257432
v 0.773618 -33.3817 53.6803
vn -0.327664 0.944791 -0.00242367
v 0.80661 -33.3289 53.636
vn -0.984207 0.17517 -0.0255289
v 0.800407 -33.3549 53.636
vn -0.94455 0.328349 0.00354539
v 0.80661 -33.3289 53.6803
vn -0.984212 0.17517 0.025358
v 0.800407 -33.3549 53.6803
vn -0.94455 0.328349 -0.00352167
v 0.80661 -33.0533 53.636
vn -0.984205 -0.175182 -0.0255476
v 0.800407 -33.0273 53.636
vn -0.944546 -0.328362 0.00346736
v 0.80661 -33.0533 53.6803
vn -0.984209 -0.175183 0.0253766
v 0.800407 -33.0273 53.6803
vn -0.944546 -0.328362 -0.00344416
v 0.747555 -32.9942 53.636
vn -0.174832 -0.984256 -0.0259422
v 0.773618 -33.0004 53.636
vn -0.327772 -0.944754 0.00250003
v 0.747555 -32.9942 53.6803
vn -0.174833 -0.984261 0.0257686
v 0.773618 -33.0004 53.6803
vn -0.327772 -0.944754 -0.0024833
v 0.747555 -74.51 53.6877
vn 0 1 0
v 0.708185 -74.51 53.6582
vn 0 1 0
v 0.747555 -74.1163 53.6582
vn 0 -1 0
v 0.708185 -74.1163 53.6582
vn 0 -1 0
v 0.685585 -74.51 53.6832
vn -0.195262 0 0.980751
v 0.685585 -74.6822 53.6832
vn -0.195262 0 0.980751
v 0.685585 -74.9283 53.6832
vn -0.195262 0 0.980751
v 0.685585 -75.1005 53.6832
vn -0.195262 0 0.980751
v 0.59457 -74.6822 53.5922
vn -0.980789 0 0.195071
v 0.59457 -74.51 53.5922
vn -0.980789 0 0.195071
v 0.59457 -74.9283 53.5922
vn -0.980789 0 0.195071
v 0.59457 -75.1005 53.5922
vn -0.980789 0 0.195071
v 0.696885 -74.51 53.6264
vn 0.195346 0 -0.980734
v 0.696885 -74.6822 53.6264
vn 0.195346 0 -0.980734
v 0.696885 -74.9283 53.6264
vn 0.195346 0 -0.980734
v 0.696885 -75.1005 53.6264
vn 0.195346 0 -0.980734
v 0.651377 -74.6822 53.5809
vn 0.980792 0 -0.195057
v 0.651377 -74.51 53.5809
vn 0.980792 0 -0.195057
v 0.651377 -74.9283 53.5809
vn 0.980792 0 -0.195057
v 0.651377 -75.1005 53.5809
vn 0.980792 0 -0.195057
v 0.676006 -53.5552 53.6768
vn 0 -1 0
v 0.641085 -53.5552 53.5964
vn 0 -1 0
v 0.747555 -53.949 53.636
vn 0 1 0
v 0.708185 -53.949 53.6287
vn 0 1 0
v 0.708185 -53.949 53.6877
vn 0 1 0
v 0.747555 -53.949 53.6729
vn 0 1 0
v 0.769961 -53.944 53.6287
vn -0.382267 0.923207 0.0395106
v 0.770154 -53.9445 53.6434
vn -0.382267 0.923207 0.0395106
v 0.747555 -53.949 53.6803
vn -0.178283 0.983719 0.0226116
v 0.773618 -53.9428 53.6803
vn -0.327642 0.944761 -0.00875017
v 0.80661 -53.8899 53.636
vn -0.984205 0.175182 -0.0255476
v 0.800407 -53.9159 53.636
vn -0.944546 0.328362 0.00346736
v 0.80661 -53.8899 53.6803
vn -0.984209 0.175183 0.0253766
v 0.800407 -53.9159 53.6803
vn -0.944546 0.328362 -0.00344416
v 0.80661 -53.6143 53.636
vn -0.984205 -0.175182 -0.0255476
v 0.800407 -53.5883 53.636
vn -0.944546 -0.328362 0.00346736
v 0.789313 -53.5725 53.636
vn -0.570036 -0.821294 -0.0231367
v 0.80661 -53.6143 53.6803
vn -0.984209 -0.175183 0.0253766
v 0.800407 -53.5883 53.6803
vn -0.944546 -0.328362 -0.00344416
v 0.766497 -53.5585 53.636
vn -0.436387 -0.899717 0.00864029
v 0.789313 -53.5725 53.6803
vn -0.570038 -0.821297 0.0229818
v 0.766497 -53.5585 53.6803
vn -0.436387 -0.899718 -0.00858249
v 0.588576 -75.1005 52.7649
vn -0.980777 0 0.195131
v 0.587827 -50.6534 52.7611
vn -0.980777 0 0.195131
v 0.587827 -15.7288 52.7611
vn -0.980777 0 0.195131
v 0.587377 8.71837 52.7588
vn -0.980777 0 0.195131
v 0.553619 -54.1458 52.7178
vn -0.195346 0 0.980734
v 0.53102 -61.1307 52.7133
vn -0.195346 0 0.980734
v 0.553619 -12.2364 52.7178
vn -0.195346 0 0.980734
v 0.53102 -5.25144 52.7133
vn -0.195346 0 0.980734
v 0.176689 8.71837 52.6542
vn 0 0 -1
v 0.53102 8.71837 52.6542
vn 0 0 -1
v 0.176689 -75.1005 52.6542
vn 0 0 -1
v 0.53102 -75.1005 52.6542
vn 0 0 -1
v 0.563198 -75.1005 52.6651
vn 0 -1 0
v 0.608861 -75.1005 52.759
vn 0 -1 0
v 0.789313 -74.4927 53.636
vn -0.806221 0.591275 -0.0200394
v 0.801882 -74.4734 53.636
vn -0.923472 0.382391 -0.0312462
v 0.769961 -74.5051 53.6287
vn -0.382776 0.923241 0.0332885
v 0.770154 -74.5055 53.6434
vn -0.382776 0.923241 0.0332885
v 0.770154 -74.5055 53.6729
vn -0.382779 0.923248 -0.0330656
v 0.769961 -74.5051 53.6877
vn -0.382779 0.923248 -0.0330656
v 0.80661 -74.4509 53.636
vn -0.98851 0.149744 -0.0206062
v 0.80661 -74.4509 53.6803
vn -0.984217 0.175138 0.0253646
v 0.800407 -74.477 53.6803
vn -0.944555 0.328336 -0.00351461
v 0.80661 -74.1753 53.636
vn -0.984203 -0.175194 -0.0255275
v 0.79486 -74.1414 53.636
vn -0.807863 -0.588772 -0.0265394
v 0.766497 -74.1195 53.636
vn -0.471786 -0.881647 -0.010825
v 0.80661 -74.1753 53.6803
vn -0.984207 -0.175195 0.0253566
v 0.800407 -74.1493 53.6803
vn -0.944586 -0.328246 -0.00346507
v 0.789313 -74.1336 53.6803
vn -0.57236 -0.8196 0.0256843
v 0.766497 -74.1195 53.6803
vn -0.436289 -0.899803 -0.00261726
v 0.676006 -74.1163 53.6768
vn 0 -1 0
v 0.630344 -74.1163 53.583
vn 0 -1 0
v 0.630344 -74.51 53.583
vn 0 1 0
v 0.676006 -74.51 53.6768
vn 0 1 0
v 0.53102 -75.1005 52.7133
vn 0 0 1
v 0.176689 -75.1005 52.7133
vn 0 0 1
v 0.176689 8.71837 52.7133
vn 0 0 1
v 0.53102 8.71837 52.7133
vn 0 0 1
v 0.608861 8.71837 52.759
vn 0 1 0
v 0.563198 8.71837 52.6651
vn 0 1 0
v 0.646133 -75.1005 52.7573
vn 0.980785 0 -0.195092
v 0.644634 -50.6534 52.7498
vn 0.980785 0 -0.195092
v 0.644634 -15.7288 52.7498
vn 0.980785 0 -0.195092
v 0.646133 8.71837 52.7573
vn 0.980785 0 -0.195092
v 0.546086 -75.1005 52.6572
vn 0.195266 0 -0.98075
v 0.553619 -50.6534 52.6587
vn 0.195266 0 -0.98075
v 0.576218 -12.2364 52.6632
vn 0.195266 0 -0.98075
v 0.53102 -5.25144 52.6542
vn 0.195266 0 -0.98075
v 0.630344 -75.1005 53.583
vn 0 -1 0
v 0.676006 -75.1005 53.6768
vn 0 -1 0
v 0.676006 8.71837 53.6768
vn 0 1 0
v 0.630344 8.71837 53.583
vn 0 1 0
v 0.998965 -54.1458 53.7242
vn -0.980786 0 0.195088
v 1.00346 -61.1307 53.7468
vn -0.980786 0 0.195088
v 1.00121 -15.7288 53.7355
vn -0.980786 0 0.195088
v 1.00196 8.71837 53.7393
vn -0.980786 0 0.195088
v 0.967005 -54.1458 53.6922
vn -0.195338 0 0.980736
v 0.944405 -47.1609 53.6877
vn -0.195338 0 0.980736
v 0.944405 -19.2213 53.6877
vn -0.195338 0 0.980736
v 0.967005 -12.2364 53.6922
vn -0.195338 0 0.980736
v 1.05162 -75.1005 53.7146
vn 0 -1 0
v 0.963191 -75.1005 53.6743
vn 0 -1 0
v 0.963191 8.71837 53.6743
vn 0 1 0
v 1.05162 8.71837 53.7146
vn 0 1 0
v 0.957965 -75.1005 54.1968
vn -0.195338 0 -0.980736
v 0.955705 -50.6534 54.1973
vn -0.195338 0 -0.980736
v 0.955705 -15.7288 54.1973
vn -0.195338 0 -0.980736
v 0.951938 8.71837 54.198
vn -0.195338 0 -0.980736
v 1.00196 -75.1005 54.148
vn -0.980792 0 -0.195057
v 1.00121 -50.6534 54.1518
vn -0.980792 0 -0.195057
v 1.00121 -15.7288 54.1518
vn -0.980792 0 -0.195057
v 1.00076 8.71837 54.1541
vn -0.980792 0 -0.195057
v 1.05952 -75.1005 53.7317
vn 0.980789 0 -0.195072
v 1.05803 -50.6534 53.7242
vn 0.980789 0 -0.195072
v 1.05803 -15.7288 53.7242
vn 0.980789 0 -0.195072
v 1.05713 8.71837 53.7197
vn 0.980789 0 -0.195072
v 0.989604 -54.1458 53.6376
vn 0.193191 0 -0.981161
v 0.944405 -47.1609 53.6287
vn 0.193191 0 -0.981161
v 0.989604 -12.2364 53.6376
vn 0.193191 0 -0.981161
v 0.944405 -5.25144 53.6287
vn 0.193191 0 -0.981161
v 1.02225 -75.1005 54.1539
vn 0 -1 0
v 0.976584 -75.1005 54.2477
vn 0 -1 0
v 0.944405 8.71837 54.2586
vn 0 0 1
v 0.64913 8.71837 54.2586
vn 0 0 1
v 0.64913 -75.1005 54.2586
vn 0 0 1
v 0.944405 -75.1005 54.2586
vn 0 0 1
v 0.976584 8.71837 54.2477
vn 0 1 0
v 1.02225 8.71837 54.1539
vn 0 1 0
v 0.971524 -75.1005 54.2532
vn 0.195262 0 0.980751
v 0.967005 -50.6534 54.2541
vn 0.195262 0 0.980751
v 0.967005 -15.7288 54.2541
vn 0.195262 0 0.980751
v 0.971524 8.71837 54.2532
vn 0.195262 0 0.980751
v 1.05826 -75.1005 54.1619
vn 0.980789 0 0.195072
v 1.05713 -33.1911 54.1676
vn 0.980789 0 0.195072
v 1.05803 -15.7288 54.1631
vn 0.980789 0 0.195072
v 1.05713 8.71837 54.1676
vn 0.980789 0 0.195072
v 0.64913 -75.1005 54.1995
vn 0 0 -1
v 0.944405 -75.1005 54.1995
vn 0 0 -1
v 0.64913 8.71837 54.1995
vn 0 0 -1
v 0.944405 8.71837 54.1995
vn 0 0 -1
v 0.580233 7.76229 40.062
vn 0.170385 -0.826523 0.536496
v 0.580233 7.87585 40.5706
vn -3.14699e-07 -0.983478 0.181026
v 0.580232 7.20507 39.5667
vn 0.0314156 -0.572927 0.819004
v 0.580232 6.78924 39.484
vn -0.0151436 0.0201074 0.999683
v 0.53102 6.6346 39.495
vn 0.218098 0 0.975927
v 0.604839 6.35563 39.5744
vn 0.0541111 0.210304 0.976137
v 0.586384 5.81572 40.1101
vn 0.0159755 0.904583 0.425999
v 0.580232 6.02089 39.8022
vn -0.0421011 0.766854 0.64044
v 0.580233 5.70262 40.5706
vn -3.14644e-07 0.983474 0.18105
v 0.580233 5.81622 43.0478
vn 0.170291 0.826559 -0.536472
v 0.580233 5.70262 42.5391
vn -3.1424e-07 0.983471 -0.181066
v 0.591786 6.3883 43.556
vn -0.000407026 0.429363 -0.903132
v 0.580232 6.78924 43.6257
vn -0.0158485 0.0201167 -0.999672
v 0.53102 6.6346 43.6146
vn 0.220042 0 -0.97549
v 0.586384 7.76276 42.9996
vn 0.0159109 -0.904588 -0.42599
v 0.580232 7.55759 43.3074
vn -0.0417752 -0.766849 -0.640466
v 0.580233 7.87585 42.5391
vn -3.14296e-07 -0.983475 -0.181041
v 0.580233 7.76226 33.1574
vn 0.170144 -0.826583 0.536481
v 0.580233 7.87585 33.666
vn -3.14284e-07 -0.983476 0.18104
v 0.580232 7.20507 32.6622
vn 0.0318353 -0.572904 0.819004
v 0.580232 6.78924 32.5794
vn -0.0157751 0.0201401 0.999673
v 0.53102 6.6346 32.5905
vn 0.220042 0 0.97549
v 0.604839 6.35563 32.6699
vn 0.0541981 0.210233 0.976148
v 0.586384 5.81572 33.2055
vn 0.0158886 0.904576 0.426017
v 0.580232 6.02089 32.8977
vn -0.041847 0.766965 0.640323
v 0.580233 5.70262 33.666
vn -3.14229e-07 0.983471 0.181065
v 0.580233 5.81622 36.1432
vn 0.170097 0.826581 -0.536498
v 0.580233 5.70262 35.6346
vn -3.1424e-07 0.983471 -0.181066
v 0.591786 6.3883 36.6515
vn -0.000413001 0.42936 -0.903133
v 0.580232 6.78924 36.7212
vn -0.0158513 0.0201158 -0.999672
v 0.53102 6.94388 36.7101
vn 0.220042 0 -0.97549
v 0.586384 7.76276 36.0951
vn 0.0158971 -0.904579 -0.42601
v 0.580232 7.55759 36.4029
vn -0.0418564 -0.766961 -0.640327
v 0.580233 7.87585 35.6346
vn -3.14296e-07 -0.983475 -0.181041
v 0.580233 7.76226 26.2529
vn 0.170095 -0.826583 0.536497
v 0.580233 7.87585 26.7615
vn -3.1429e-07 -0.983476 0.181041
v 0.580232 7.20507 25.7576
vn 0.0314146 -0.572924 0.819006
v 0.53102 6.94388 25.686
vn 0.220042 0 0.97549
v 0.580232 6.78924 25.6749
vn -0.0158499 0.0201163 0.999672
v 0.604839 6.35563 25.7654
vn 0.0529789 0.210161 0.97623
v 0.586384 5.81572 26.301
vn 0.01589 0.904576 0.426017
v 0.580232 6.02089 25.9932
vn -0.0418517 0.766963 0.640325
v 0.580233 5.70262 26.7615
vn -3.14235e-07 0.983471 0.181065
v 0.580233 5.81619 29.2386
vn 0.170139 0.826541 -0.536546
v 0.580233 5.70262 28.73
vn -3.14347e-07 0.98348 -0.181018
v 0.59179 6.38833 29.7469
vn 6.97345e-05 0.429412 -0.903109
v 0.580232 6.78924 29.8166
vn -0.0151684 0.0201081 -0.999683
v 0.53102 6.6346 29.8056
vn 0.21817 0 -0.975911
v 0.586384 7.76276 29.1906
vn 0.0159094 -0.904577 -0.426014
v 0.580232 7.55759 29.4984
vn -0.0420964 -0.766843 -0.640453
v 0.580233 7.87585 28.73
vn -3.14402e-07 -0.983484 -0.180994
v 0.580233 7.76226 19.3483
vn 0.170294 -0.826559 0.536471
v 0.580233 7.87585 19.857
vn -3.14298e-07 -0.983476 0.181041
v 0.580232 7.20507 18.8531
vn 0.0314065 -0.572924 0.819006
v 0.53102 6.94388 18.7814
vn 0.21817 0 0.975911
v 0.580232 6.78924 18.7704
vn 0.109748 0 0.993959
v 0.629445 6.78924 18.7814
vn -0.218166 0 0.975912
v 0.586384 5.81572 19.3965
vn 0.015905 0.904596 0.425972
v 0.580232 6.02089 19.0886
vn -0.0421011 0.766854 0.64044
v 0.580233 5.70262 19.857
vn -3.14242e-07 0.983471 0.181065
v 0.580233 5.81622 22.3342
vn 0.17029 0.826559 -0.536471
v 0.580233 5.70262 21.8255
vn -3.14235e-07 0.983471 -0.181065
v 0.580232 6.37341 22.8294
vn 0.0314454 0.572935 -0.818997
v 0.580232 6.78924 22.9121
vn -0.0151552 -0.020108 -0.999683
v 0.53102 6.94388 22.9011
vn 0.218134 0 -0.975919
v 0.604839 7.22285 22.8216
vn 0.0540743 -0.21031 -0.976138
v 0.586384 7.76276 22.286
vn 0.0159094 -0.9046 -0.425965
v 0.580232 7.55759 22.5939
vn -0.0421011 -0.766854 -0.64044
v 0.580233 7.87585 21.8255
vn -3.1429e-07 -0.983476 -0.181041
v 0.580233 7.7623 12.4439
vn 0.170147 -0.826541 0.536544
v 0.580233 7.87585 12.9525
vn -3.14405e-07 -0.983484 0.180994
v 0.59179 7.19015 11.9356
vn 8.36355e-05 -0.429411 0.903109
v 0.580232 6.78924 11.8659
vn -0.0151559 -0.0201077 0.999683
v 0.53102 6.6346 11.8769
vn 0.218134 0 0.975919
v 0.586384 5.81572 12.4919
vn 0.0159044 0.904574 0.426021
v 0.580232 6.02089 12.1841
vn -0.0420979 0.766841 0.640456
v 0.580233 5.70262 12.9525
vn -3.14349e-07 0.98348 0.181019
v 0.580233 5.81622 15.4296
vn 0.170097 0.826582 -0.536498
v 0.580233 5.70262 14.921
vn -3.14242e-07 0.983471 -0.181065
v 0.580232 6.37341 15.9249
vn 0.0314413 0.572936 -0.818997
v 0.53102 6.6346 15.9965
vn 0.220042 0 -0.97549
v 0.580232 6.78924 16.0076
vn 0.110701 0 -0.993854
v 0.629445 6.78924 15.9965
vn -0.220038 0 -0.975491
v 0.586384 7.76276 15.3815
vn 0.0158974 -0.904579 -0.42601
v 0.580232 7.55759 15.6893
vn -0.041851 -0.766962 -0.640326
v 0.580233 7.87585 14.921
vn -3.14298e-07 -0.983476 -0.181041
v 0.580233 7.76227 -1.36521
vn 0.170198 -0.826563 0.536495
v 0.580233 7.87585 -0.856585
vn -3.14363e-07 -0.983478 0.181028
v 0.591787 7.19017 -1.87347
vn -0.000177169 -0.429394 0.903117
v 0.580232 6.78924 -1.9432
vn -0.0155629 -0.0201151 0.999677
v 0.53102 6.6346 -1.93214
vn 0.219272 0 0.975664
v 0.586384 5.81572 -1.3171
vn 0.0159069 0.904582 0.426004
v 0.580232 6.02089 -1.62494
vn -0.041967 0.766894 0.6404
v 0.580233 5.70262 -0.856585
vn -3.14307e-07 0.983474 0.181052
v 0.580233 5.81621 1.62056
vn 0.170192 0.826566 -0.536492
v 0.580233 5.70262 1.11192
vn -3.14273e-07 0.983474 -0.181051
v 0.580232 6.37341 2.11582
vn 0.0315316 0.572949 -0.818984
v 0.580232 6.78924 2.19853
vn -0.0155628 -0.0201151 -0.999677
v 0.53102 6.94388 2.18747
vn 0.219272 0 -0.975664
v 0.604839 7.22285 2.10808
vn 0.0536041 -0.210214 -0.976185
v 0.586384 7.76276 1.57243
vn 0.0159063 -0.904585 -0.425996
v 0.580232 7.55759 1.88027
vn -0.0419343 -0.766894 -0.640403
v 0.580233 7.87585 1.11192
vn -3.14328e-07 -0.983478 -0.181027
v 0.580233 7.76227 -8.26974
vn 0.170205 -0.826563 0.536493
v 0.580233 7.87585 -7.76111
vn -3.1437e-07 -0.983478 0.181025
v 0.580232 7.20507 -8.76501
vn 0.0315007 -0.572937 0.818994
v 0.580232 6.78924 -8.84773
vn 0.110307 0 0.993898
v 0.53102 6.6346 -8.83667
vn 0.219268 0 0.975665
v 0.629445 6.78924 -8.83667
vn -0.219264 0 0.975666
v 0.586384 5.81572 -8.22163
vn 0.0159079 0.904581 0.426005
v 0.580232 6.02089 -8.52946
vn -0.0419334 0.766893 0.640403
v 0.580233 5.70262 -7.76111
vn -3.14315e-07 0.983474 0.181049
v 0.580233 5.81621 -5.28398
vn 0.170201 0.826562 -0.536494
v 0.580233 5.70262 -5.79261
vn -3.14313e-07 0.983474 -0.18105
v 0.580232 6.37341 -4.78871
vn 0.0315317 0.572949 -0.818984
v 0.580232 6.78924 -4.70599
vn -0.0156256 -0.0201184 -0.999675
v 0.53102 6.94388 -4.71706
vn 0.219466 0 -0.97562
v 0.604839 7.22285 -4.79645
vn 0.0535286 -0.210223 -0.976187
v 0.586384 7.76276 -5.33209
vn 0.0159133 -0.904584 -0.425998
v 0.580232 7.55759 -5.02426
vn -0.0419349 -0.766893 -0.640403
v 0.580233 7.87585 -5.79261
vn -3.14368e-07 -0.983478 -0.181025
v 0.580233 7.76233 -15.1742
vn 0.170169 -0.826552 0.53652
v 0.580233 7.87585 -14.6656
vn -3.14405e-07 -0.983484 0.180994
v 0.59179 7.19019 -15.6825
vn -8.22302e-05 -0.429475 0.903079
v 0.580232 6.78924 -15.7523
vn -0.0157764 -0.0201396 0.999673
v 0.53102 6.6346 -15.7412
vn 0.220042 0 0.97549
v 0.586384 5.81572 -15.1262
vn 0.0159044 0.904574 0.426021
v 0.580232 6.02089 -15.434
vn -0.0420979 0.766841 0.640456
v 0.580233 5.70262 -14.6656
vn -3.14349e-07 0.98348 0.181019
v 0.580233 5.81622 -12.1885
vn 0.170095 0.826582 -0.536498
v 0.580233 5.70262 -12.6971
vn -3.14239e-07 0.983471 -0.181065
v 0.580232 6.37341 -11.6932
vn 0.0314413 0.572936 -0.818997
v 0.580232 6.78924 -11.6105
vn -0.0158439 -0.020116 -0.999672
v 0.53102 6.94388 -11.6216
vn 0.220024 0 -0.975495
v 0.604839 7.22285 -11.701
vn 0.052955 -0.210165 -0.976231
v 0.586384 7.76276 -12.2366
vn 0.0158966 -0.904579 -0.42601
v 0.580232 7.55759 -11.9288
vn -0.0418541 -0.766962 -0.640326
v 0.580233 7.87585 -12.6971
vn -3.14294e-07 -0.983476 -0.181041
v 0.580233 7.76226 -22.0788
vn 0.1701 -0.826581 0.536497
v 0.580233 7.87585 -21.5702
vn -3.14298e-07 -0.983476 0.181041
v 0.580232 7.20507 -22.5741
vn 0.0314065 -0.572924 0.819006
v 0.53102 6.94388 -22.6457
vn 0.220006 0 0.975499
v 0.580232 6.78924 -22.6568
vn 0.110683 0 0.993856
v 0.629445 6.78924 -22.6457
vn -0.220002 0 0.9755
v 0.586384 5.81572 -22.0307
vn 0.0158916 0.904576 0.426017
v 0.580232 6.02089 -22.3385
vn -0.0418502 0.766961 0.640328
v 0.580233 5.70262 -21.5702
vn -3.14242e-07 0.983471 0.181065
v 0.580233 5.81616 -19.0931
vn 0.170167 0.826552 -0.536522
v 0.580233 5.70262 -19.6017
vn -3.14352e-07 0.98348 -0.181019
v 0.591791 6.38829 -18.5848
vn -8.71905e-05 0.42948 -0.903077
v 0.580232 6.78924 -18.515
vn 0.143981 -0.0823713 -0.986146
v 0.53102 6.94388 -18.5261
vn 0.220042 0 -0.97549
v 0.604839 7.22285 -18.6055
vn 0.0438537 -0.25677 -0.965477
v 0.586384 7.76276 -19.1411
vn 0.0159108 -0.904577 -0.426014
v 0.580232 7.55759 -18.8333
vn -0.0421011 -0.766841 -0.640455
v 0.580233 7.87585 -19.6017
vn -3.14408e-07 -0.983484 -0.180995
v 0.580233 7.76226 -28.9834
vn 0.170298 -0.826559 0.536469
v 0.580233 7.87585 -28.4747
vn -3.14296e-07 -0.983475 0.181041
v 0.580232 7.20507 -29.4786
vn 0.0314146 -0.572924 0.819006
v 0.53102 6.94388 -29.5502
vn 0.220042 0 0.97549
v 0.580232 6.78924 -29.5613
vn 0.110701 0 0.993854
v 0.629445 6.78924 -29.5502
vn -0.220038 0 0.975491
v 0.586384 5.81572 -28.9352
vn 0.0159053 0.904585 0.425996
v 0.580232 6.02089 -29.243
vn -0.041769 0.766849 0.640467
v 0.580233 5.70262 -28.4747
vn -3.1424e-07 0.983471 0.181066
v 0.580233 5.81622 -25.9975
vn 0.170295 0.826559 -0.53647
v 0.580233 5.70262 -26.5062
vn -3.14242e-07 0.983471 -0.181065
v 0.591787 6.38832 -25.4893
vn 8.17471e-05 0.429427 -0.903102
v 0.580232 6.78924 -25.4196
vn 0.143984 -0.0823649 -0.986146
v 0.53102 6.6346 -25.4306
vn 0.218134 0 -0.975919
v 0.604839 7.22285 -25.51
vn 0.0430296 -0.256931 -0.965471
v 0.586384 7.76276 -26.0457
vn 0.0159111 -0.9046 -0.425965
v 0.580232 7.55759 -25.7378
vn -0.0420948 -0.766854 -0.64044
v 0.580233 7.87585 -26.5062
vn -3.14298e-07 -0.983476 -0.181041
v 0.580233 7.76226 46.9664
vn 0.170294 -0.826559 0.53647
v 0.580233 7.87585 47.4751
vn -3.143e-07 -0.983476 0.18104
v 0.591786 7.19018 46.4582
vn -0.000408242 -0.429356 0.903135
v 0.580232 6.78924 46.3885
vn -0.0158512 -0.0201158 0.999672
v 0.53102 6.6346 46.3996
vn 0.220042 0 0.97549
v 0.586384 5.81572 47.0146
vn 0.0159056 0.904585 0.425996
v 0.580232 6.02089 46.7068
vn -0.0417752 0.766849 0.640466
v 0.580233 5.70262 47.4751
vn -3.14245e-07 0.983471 0.181064
v 0.580233 5.81622 49.9523
vn 0.170289 0.82656 -0.536471
v 0.580233 5.70262 49.4436
vn -3.14229e-07 0.983471 -0.181065
v 0.591787 6.38832 50.4605
vn 7.59264e-05 0.429425 -0.903103
v 0.580232 6.78924 50.5302
vn -0.015167 0.0201086 -0.999683
v 0.53102 6.6346 50.5192
vn 0.21817 0 -0.975911
v 0.586384 7.76276 49.9041
vn 0.0159083 -0.9046 -0.425964
v 0.580232 7.55759 50.212
vn -0.0421011 -0.766854 -0.64044
v 0.580233 7.87585 49.4436
vn -3.14284e-07 -0.983476 -0.18104
v 0.580233 7.7623 -35.8878
vn 0.170149 -0.826541 0.536545
v 0.580233 7.87585 -35.3792
vn -3.1441e-07 -0.983484 0.180994
v 0.580232 7.20507 -36.3831
vn 0.0314136 -0.572907 0.819018
v 0.580232 6.78924 -36.4658
vn -0.015167 0.0201086 0.999683
v 0.53102 6.6346 -36.4548
vn 0.21817 0 0.975911
v 0.604839 6.35563 -36.3753
vn 0.054083 0.210308 0.976138
v 0.586384 5.81572 -35.8398
vn 0.0159052 0.904573 0.426022
v 0.580232 6.02089 -36.1476
vn -0.0420885 0.76684 0.640456
v 0.580233 5.70262 -35.3792
vn -3.14354e-07 0.98348 0.181018
v 0.580233 5.81622 -32.902
vn 0.170291 0.826559 -0.536471
v 0.580233 5.70262 -33.4107
vn -3.14245e-07 0.983471 -0.181064
v 0.591786 6.3883 -32.3938
vn -0.000413001 0.42936 -0.903133
v 0.580232 6.78924 -32.3241
vn -0.0158513 0.0201158 -0.999672
v 0.53102 6.94388 -32.3352
vn 0.220042 0 -0.97549
v 0.586384 7.76276 -32.9502
vn 0.0159114 -0.904588 -0.425989
v 0.580232 7.55759 -32.6424
vn -0.0417752 -0.766849 -0.640466
v 0.580233 7.87585 -33.4107
vn -3.143e-07 -0.983476 -0.18104
v 0.567929 5.86887 -4.28389
vn -0.042079 -0.913555 0.404533
v 0.592536 5.76576 -4.42619
vn 0.041365 -0.632816 0.773197
v 0.53102 5.64751 -4.46043
vn 0.0497228 0 0.998763
v 0.580232 5.64751 -4.46288
vn 0 0 1
v 0.629445 5.64751 -4.46043
vn -0.0497218 0 0.998763
v 0.574081 5.41344 -4.24957
vn -0.010226 0.958143 0.286107
v 0.555626 5.48329 -4.39812
vn -0.000424893 0.778943 0.627094
v 0.617142 6.01311 -2.9979
vn 0.0104117 -0.983142 0.182546
v 0.629445 6.02644 -2.89891
vn 0.109357 -0.987968 0.109363
v 0.555626 6.02644 -2.89891
vn -0.0246078 -0.992236 0.121908
v 0.555626 6.01311 -2.9979
vn 0.0153439 -0.985285 0.170232
v 0.580233 5.88865 -3.19122
vn -0.00353968 -0.726722 0.686923
v 0.586384 5.9497 -3.12717
vn 0.0013675 -0.756598 0.653879
v 0.617142 5.34134 -3.12164
vn -0.00474447 0.766444 0.642293
v 0.629445 5.40636 -3.19122
vn 0.066866 0.715772 0.695125
v 0.555626 5.40636 -3.19122
vn -0.0144566 0.719646 0.694191
v 0.567929 5.35061 -3.13438
vn 0.0178877 0.754977 0.655507
v 0.580233 5.26857 -2.89891
vn 0.00415722 0.992058 0.125713
v 0.57408 5.27979 -2.98972
vn -0.001784 0.985547 0.169391
v 0.592536 5.32735 -2.39819
vn 0.0967081 0.852048 -0.514454
v 0.580233 5.26857 -2.58395
vn -1.10978e-07 0.983482 -0.181007
v 0.580232 5.54548 -2.22554
vn -0.0263069 0.380405 -0.924446
v 0.53102 5.59358 -2.20887
vn 0.0781959 0 -0.996938
v 0.604839 5.79872 -2.23655
vn 0.0294652 -0.227438 -0.973347
v 0.580233 5.98869 -2.42814
vn 0.0081386 -0.916801 -0.399262
v 0.592536 5.90061 -2.30218
vn -0.0146654 -0.767374 -0.641032
v 0.580233 6.02644 -2.58395
vn -1.10969e-07 -0.983482 -0.181008
v 0.580233 5.26857 -2.58395
vn 0 1 0
v 0.580233 5.26857 -2.89891
vn 0 1 0
v 0.580233 6.02644 -2.89891
vn 0 -1 0
v 0.580233 6.02644 -2.58395
vn 0 -1 0
v -0.0259901 8.71099 -38.3071
vn -0.321623 -0.00151228 -0.946867
v 0.0476945 8.69869 -38.3279
vn -0.194035 0.158768 -0.968061
v 0.0782637 8.7725 -38.332
vn -0.207239 -0.0352427 -0.977655
v -0.0121338 8.7602 -38.314
vn -0.294861 0.0355805 -0.954878
v -0.157957 8.7479 -38.0958
vn -0.975229 0.00767498 -0.221065
v -0.139975 8.7479 -38.1862
vn -0.954796 0.00314909 -0.297244
v 0.432594 8.69869 52.3964
vn 0 -1 0
v -0.0728484 8.69869 52.3656
vn 0 -1 0
v -0.0728541 8.69869 -38.3012
vn 0 -1 0
v 0.432594 8.69869 -38.332
vn 0 -1 0
v -4.96185 9.01243 -38.3071
vn 0.321399 0.012777 -0.946858
v -5.03592 9.02215 -38.3279
vn 0.199461 -0.151853 -0.968068
v -5.0639 8.94731 -38.332
vn 0.205871 0.0424358 -0.977659
v -4.97398 8.96276 -38.314
vn 0.295905 -0.0253052 -0.954882
v -4.82868 8.98015 -38.0958
vn 0.974369 0.0416329 -0.221069
v -4.84665 8.97952 -38.1862
vn 0.954104 0.0364418 -0.297251
v -4.91209 9.02648 -38.2977
vn -0.0348827 0.999391 0
v -4.91207 9.02648 49.297
vn -0.0348783 0.999392 0
v -5.28294 9.01353 -38.332
vn -0.0349017 0.999391 0
v -5.28294 9.01353 49.3313
vn -0.0349017 0.999391 0
v -4.85477 9.01617 49.1993
vn 0.946429 0.0319909 0.321323
v -4.83442 9.02919 49.1256
vn 0.972827 -0.12764 0.193172
v -4.82782 8.95556 49.095
vn 0.975846 0.0701629 0.206884
v -4.84622 8.96723 49.1854
vn 0.955605 -0.000866287 0.294649
v -5.06475 8.9719 49.3313
vn 0.22152 0.000100229 0.975156
v -4.97441 8.97506 49.3133
vn 0.297177 0.0134656 0.954727
v -3.3127 8.66514 49.3575
vn 0.885242 0.457741 0.0825791
v -3.2919 8.59146 49.3452
vn 0.967877 0.193389 0.16067
v -3.4337 8.77913 49.3944
vn 0.478416 0.87695 0.0455687
v -3.28788 8.56089 49.419
vn 0.977701 0.206928 -0.0358097
v -3.30586 8.65129 49.4067
vn 0.95493 0.294773 0.0349028
v -3.5241 8.79711 49.3944
vn 0.221042 0.975234 0.00768637
v -4.8231 7.94431 49.3452
vn 0 0 -1
v -5.36057 8.79711 49.3452
vn 0 0 -1
v -3.93346 7.93693 49.3452
vn 0 0 -1
v -3.29231 8.79588 49.3452
vn 0 0 -1
v -5.36057 7.34042 49.3452
vn 0 0 -1
v -3.46296 8.78906 49.3452
vn 0 0 -1
v -3.28788 7.34042 49.3452
vn 0 0 -1
v -3.28788 8.56089 49.3944
vn 1 0 0
v -3.28788 7.34042 49.3944
vn 1 0 0
v 0.580232 5.04541 52.2505
vn -0.00320159 -0.954822 0.297162
v 0.580233 5.02743 52.1601
vn 0.0077071 -0.975267 0.220895
v 0.580233 5.26365 52.3964
vn -0.00762006 -0.221403 0.975153
v 0.580232 5.17325 52.3784
vn -0.00310348 -0.297489 0.95472
v 0.629445 5.80292 -36.0226
vn 1 0 0
v 0.629445 4.97821 -38.332
vn 1 0 0
v 0.629445 5.7319 -33.0564
vn 1 0 0
v 0.629445 5.75382 -22.0725
vn 1 0 0
v 0.629445 5.75403 -26.0087
vn 1 0 0
v 0.629445 4.97821 -23.2516
vn 1 0 0
v 0.629445 5.73163 -28.8317
vn 1 0 0
v 0.629445 5.83635 -8.35215
vn 1 0 0
v 0.629445 5.5708 -4.49106
vn 1 0 0
v 0.629445 5.7887 -12.158
vn 1 0 0
v 0.629445 5.75445 -19.1068
vn 1 0 0
v 0.629445 5.79089 -15.2115
vn 1 0 0
v 0.629445 5.9337 -5.02693
vn 1 0 0
v 0.629445 5.24632 -2.41123
vn 1 0 0
v 0.629445 5.78555 4.15278
vn 1 0 0
v 0.629445 4.97821 6.90916
vn 1 0 0
v 0.629445 5.80774 1.67519
vn 1 0 0
v 0.629445 6.06881 -2.42691
vn 1 0 0
v 0.629445 6.64091 -2.00999
vn 1 0 0
v 0.629445 6.47658 -29.5703
vn 1 0 0
v 0.629445 6.63381 -32.2571
vn 1 0 0
v 0.629445 6.78924 -36.4787
vn 1 0 0
v 0.629445 6.78923 -22.7094
vn 1 0 0
v 0.629445 6.78923 -25.3692
vn 1 0 0
v 0.629445 6.78984 -18.465
vn 1 0 0
v 0.629445 6.78856 -15.8052
vn 1 0 0
v 0.629445 6.78242 -8.89916
vn 1 0 0
v 0.629445 6.79605 -11.5591
vn 1 0 0
v 0.629445 5.78296 9.91605
vn 1 0 0
v 0.629445 5.68759 12.8111
vn 1 0 0
v 0.629445 6.24698 5.72283
vn 1 0 0
v 0.629445 5.99407 8.59579
vn 1 0 0
v 0.629445 5.7532 19.3519
vn 1 0 0
v 0.629445 4.97821 21.9895
vn 1 0 0
v 0.629445 5.68954 15.3347
vn 1 0 0
v 0.629445 5.75216 22.3241
vn 1 0 0
v 0.629445 5.75575 26.2601
vn 1 0 0
v 0.629445 5.75613 29.2318
vn 1 0 0
v 0.629445 6.49088 11.786
vn 1 0 0
v 0.629445 5.06469 52.3445
vn 1 0 0
v 0.629445 5.75167 33.1678
vn 1 0 0
v 0.629445 5.75605 43.0439
vn 1 0 0
v 0.629445 5.75615 36.1364
vn 1 0 0
v 0.629445 5.75165 40.0724
vn 1 0 0
v 0.629445 5.7709 46.9587
vn 1 0 0
v 0.629445 5.82706 50.1105
vn 1 0 0
v 0.629445 6.61651 18.7602
vn 1 0 0
v 0.629445 6.77713 2.2523
vn 1 0 0
v 0.629445 6.80134 3.52961
vn 1 0 0
v 0.629445 7.33147 8.34155
vn 1 0 0
v 0.629445 6.77714 10.5348
vn 1 0 0
v 0.629445 6.61802 16.0174
vn 1 0 0
v 0.629445 6.86043 25.6206
vn 1 0 0
v 0.629445 6.48052 29.7828
vn 1 0 0
v 0.629445 6.48443 32.6121
vn 1 0 0
v 0.629445 6.48027 36.6872
vn 1 0 0
v 0.629445 6.86506 22.9646
vn 1 0 0
v 0.629445 6.48028 43.5917
vn 1 0 0
v 0.629445 6.78923 46.3382
vn 1 0 0
v 0.629445 6.48466 39.5166
vn 1 0 0
v 0.629445 6.79058 50.5429
vn 1 0 0
v 0.629445 7.82681 -32.9125
vn 1 0 0
v 0.629445 7.76734 -29.1322
vn 1 0 0
v 0.629445 7.77556 -36.0226
vn 1 0 0
v 0.629445 8.60026 -38.332
vn 1 0 0
v 0.629445 7.82686 -19.1036
vn 1 0 0
v 0.629445 7.82681 -26.008
vn 1 0 0
v 0.629445 7.82232 -22.072
vn 1 0 0
v 0.629445 7.82238 -15.1673
vn 1 0 0
v 0.629445 6.94434 -4.68953
vn 1 0 0
v 0.629445 7.82681 -5.2944
vn 1 0 0
v 0.629445 7.82234 -1.35838
vn 1 0 0
v 0.629445 7.82398 -8.25608
vn 1 0 0
v 0.629445 7.84264 1.58577
vn 1 0 0
v 0.629445 7.7955 4.14831
vn 1 0 0
v 0.629445 7.58441 5.46861
vn 1 0 0
v 0.629445 7.82526 -12.1921
vn 1 0 0
v 0.629445 7.79878 9.91308
vn 1 0 0
v 0.629445 6.96046 16.0174
vn 1 0 0
v 0.629445 6.96197 18.7602
vn 1 0 0
v 0.629445 7.83703 12.4733
vn 1 0 0
v 0.629445 7.82444 15.4184
vn 1 0 0
v 0.629445 7.82397 26.2666
vn 1 0 0
v 0.629445 7.24063 25.7731
vn 1 0 0
v 0.629445 7.32778 22.8063
vn 1 0 0
v 0.629445 7.82466 19.3547
vn 1 0 0
v 0.629445 7.38029 29.7005
vn 1 0 0
v 0.629445 7.36928 32.6926
vn 1 0 0
v 0.629445 7.37094 39.596
vn 1 0 0
v 0.629445 7.37824 36.604
vn 1 0 0
v 0.629445 7.37827 43.5084
vn 1 0 0
v 0.629445 8.60026 52.3964
vn 1 0 0
v 0.629445 7.82632 46.9765
vn 1 0 0
v 0.629445 7.77555 50.087
vn 1 0 0
v 0.629445 7.87141 22.029
vn 1 0 0
v 0.629445 7.87136 28.9357
vn 1 0 0
v 0.629445 7.8709 33.4632
vn 1 0 0
v 0.629445 7.87084 35.8397
vn 1 0 0
v 0.629445 7.8714 40.367
vn 1 0 0
v 0.629445 7.87136 42.7446
vn 1 0 0
v 0.629445 5.02743 52.1552
vn 0 -1 0
v 0.53102 5.02743 52.1552
vn 0 -1 0
v 0.217763 6.72531 52.3471
vn 0.954767 0.297339 0.00315255
v 0.235744 6.63491 52.3472
vn 0.975233 0.221047 0.00767194
v -0.000476442 6.87113 52.3472
vn 0.221012 0.975241 -0.00769508
v 0.0899211 6.85315 52.3471
vn 0.297265 0.95479 -0.00317629
v -2.48655 5.95673 52.2979
vn 0 0 -1
v -3.07711 6.87113 52.2979
vn 0 0 -1
v 0.230383 6.87042 52.2979
vn 0 0 -1
v -0.260412 5.94875 52.2979
vn 0 0 -1
v -3.07711 4.97821 52.2979
vn 0 0 -1
v 0.235744 4.97821 52.2979
vn 0 0 -1
v 0.235744 6.63491 52.3471
vn 1 0 0
v 0.235744 4.97821 52.3471
vn 1 0 0
v -0.146953 8.71099 52.2206
vn -0.945774 0.140971 0.292642
v -0.0887696 8.71099 52.3272
vn -0.818602 0.0614135 0.571068
v -0.157957 8.7725 52.1601
vn -0.977701 -0.0360881 0.206876
v -0.139975 8.7602 52.2505
vn -0.954989 0.0341941 0.294664
v 0.0782637 8.7479 52.3964
vn -0.221406 0.00762199 0.975152
v -0.0121338 8.7479 52.3784
vn -0.297483 -0.00310334 0.954722
v -0.0728423 8.79711 -38.3012
vn 0 1 0
v 0.432594 8.79711 -38.332
vn 0 1 0
v -0.0728602 8.79711 52.3656
vn 0 1 0
v 0.432594 8.79711 52.3964
vn 0 1 0
v 0.580233 5.26365 52.3964
vn 0 0 1
v 0.578071 8.72948 52.3964
vn 0 0 1
v 0.0782637 8.7479 52.3964
vn 0 0 1
v 0.53102 4.98259 52.3549
vn -1 0 0
v 0.53102 4.97823 52.1503
vn -1 0 0
v 0.53102 5.7759 46.9513
vn -1 0 0
v 0.53102 5.75166 43.0373
vn -1 0 0
v 0.53102 5.82706 50.1105
vn -1 0 0
v 0.53102 5.75165 40.0724
vn -1 0 0
v 0.53102 5.75321 33.161
vn -1 0 0
v 0.53102 5.75615 36.1364
vn -1 0 0
v 0.53102 5.75448 29.225
vn -1 0 0
v 0.53102 5.75382 26.2592
vn -1 0 0
v 0.53102 6.78171 46.3368
vn -1 0 0
v 0.53102 6.48474 43.5924
vn -1 0 0
v 0.53102 6.78923 36.7738
vn -1 0 0
v 0.53102 6.61676 32.568
vn -1 0 0
v 0.53102 6.48466 39.5166
vn -1 0 0
v 0.53102 7.37094 39.596
vn -1 0 0
v 0.53102 6.61781 29.8253
vn -1 0 0
v 0.53102 6.79058 50.5429
vn -1 0 0
v 0.53102 5.75403 22.323
vn -1 0 0
v 0.53102 5.75368 19.3516
vn -1 0 0
v 0.53102 5.75408 15.4156
vn -1 0 0
v 0.53102 5.73582 12.4786
vn -1 0 0
v 0.53102 5.74308 9.98667
vn -1 0 0
v 0.53102 5.88955 1.82466
vn -1 0 0
v 0.53102 5.71833 4.21614
vn -1 0 0
v 0.53102 5.82364 5.24096
vn -1 0 0
v 0.53102 5.90219 8.66654
vn -1 0 0
v 0.53102 5.24632 -2.41123
vn -1 0 0
v 0.53102 6.78242 25.6235
vn -1 0 0
v 0.53102 6.79604 22.9636
vn -1 0 0
v 0.53102 6.79605 16.059
vn -1 0 0
v 0.53102 6.78243 18.7189
vn -1 0 0
v 0.53102 6.78923 11.814
vn -1 0 0
v 0.53102 7.25586 10.4617
vn -1 0 0
v 0.53102 6.94485 5.82399
vn -1 0 0
v 0.53102 7.34865 8.34842
vn -1 0 0
v 0.53102 8.60026 52.3964
vn -1 0 0
v 0.53102 7.36984 43.5117
vn -1 0 0
v 0.53102 7.8244 46.9805
vn -1 0 0
v 0.53102 7.77555 50.087
vn -1 0 0
v 0.53102 6.96197 29.8268
vn -1 0 0
v 0.53102 6.96046 32.5696
vn -1 0 0
v 0.53102 7.82232 36.1364
vn -1 0 0
v 0.53102 7.82631 33.1674
vn -1 0 0
v 0.53102 7.82275 29.2315
vn -1 0 0
v 0.53102 7.8709 42.7419
vn -1 0 0
v 0.53102 8.60026 -38.332
vn -1 0 0
v 0.53102 7.8714 40.367
vn -1 0 0
v 0.53102 7.82631 26.2629
vn -1 0 0
v 0.53102 7.82273 22.327
vn -1 0 0
v 0.53102 7.82241 15.4257
vn -1 0 0
v 0.53102 7.82671 19.3618
vn -1 0 0
v 0.53102 7.8418 12.4827
vn -1 0 0
v 0.53102 7.93742 4.85137
vn -1 0 0
v 0.53102 7.88112 9.56704
vn -1 0 0
v 0.53102 7.87274 1.31087
vn -1 0 0
v 0.53102 4.97821 -23.2516
vn -1 0 0
v 0.53102 6.06881 -2.42691
vn -1 0 0
v 0.53102 5.5708 -4.49106
vn -1 0 0
v 0.53102 5.7887 -12.158
vn -1 0 0
v 0.53102 5.9337 -5.02693
vn -1 0 0
v 0.53102 5.83635 -8.35215
vn -1 0 0
v 0.53102 6.64091 -2.00999
vn -1 0 0
v 0.53102 5.79432 -15.2098
vn -1 0 0
v 0.53102 5.75211 -19.1032
vn -1 0 0
v 0.53102 5.70908 -28.7885
vn -1 0 0
v 0.53102 5.80292 -36.0226
vn -1 0 0
v 0.53102 4.97821 -38.332
vn -1 0 0
v 0.53102 5.73159 -33.0567
vn -1 0 0
v 0.53102 5.82421 -25.9339
vn -1 0 0
v 0.53102 5.82319 -22.1497
vn -1 0 0
v 0.53102 6.78856 -8.90066
vn -1 0 0
v 0.53102 6.78923 -18.4647
vn -1 0 0
v 0.53102 6.78923 -15.8049
vn -1 0 0
v 0.53102 6.62406 -29.6289
vn -1 0 0
v 0.53102 6.78923 -25.3692
vn -1 0 0
v 0.53102 6.78923 -22.7094
vn -1 0 0
v 0.53102 6.48591 -32.3144
vn -1 0 0
v 0.53102 6.78924 -36.4787
vn -1 0 0
v 0.53102 6.78984 -11.5605
vn -1 0 0
v 0.53102 7.12079 3.5135
vn -1 0 0
v 0.53102 7.24458 2.18215
vn -1 0 0
v 0.53102 6.94434 -4.68953
vn -1 0 0
v 0.53102 7.8268 -12.1989
vn -1 0 0
v 0.53102 7.82681 -5.2944
vn -1 0 0
v 0.53102 7.82233 -8.26291
vn -1 0 0
v 0.53102 7.82234 -1.35838
vn -1 0 0
v 0.53102 7.82238 -15.1673
vn -1 0 0
v 0.53102 7.82686 -19.1036
vn -1 0 0
v 0.53102 7.82681 -26.008
vn -1 0 0
v 0.53102 7.77224 -32.7509
vn -1 0 0
v 0.53102 7.82398 -28.9697
vn -1 0 0
v 0.53102 7.77556 -36.0226
vn -1 0 0
v 0.53102 7.82232 -22.072
vn -1 0 0
v 0.528522 8.61282 -38.332
vn -0.980786 -0.195088 0
v 0.527274 8.61909 -11.8696
vn -0.980786 -0.195088 0
v 0.527274 8.61909 25.934
vn -0.980786 -0.195088 0
v 0.526524 8.62286 52.3964
vn -0.980786 -0.195088 0
v 0.451427 8.69495 -19.4303
vn -0.195038 -0.980796 0
v 0.455194 8.6942 7.03219
vn -0.195038 -0.980796 0
v 0.445149 8.69619 52.3964
vn -0.195038 -0.980796 0
v 0.451427 8.69495 25.934
vn -0.195038 -0.980796 0
v 0.455194 4.88428 -38.332
vn -0.195038 0.980796 0
v 0.451427 4.88353 -11.9413
vn -0.195038 0.980796 0
v 0.451427 4.88353 25.7596
vn -0.195038 0.980796 0
v 0.455194 4.88428 52.1503
vn -0.195038 0.980796 0
v 0.523527 4.94055 -15.7114
vn -0.980776 0.195138 0
v 0.53102 4.97821 -8.17122
vn -0.980776 0.195138 0
v 0.528522 4.96566 52.1503
vn -0.980776 0.195138 0
v 0.527274 4.95938 25.7596
vn -0.980776 0.195138 0
v 0.487379 4.79226 -15.0259
vn 0.195158 -0.980772 0
v 0.432594 4.78136 -23.2516
vn 0.195158 -0.980772 0
v 0.457705 4.78636 24.5029
vn 0.195158 -0.980772 0
v 0.477793 4.79035 52.1503
vn 0.195158 -0.980772 0
v 0.618548 4.92343 -15.0259
vn 0.980785 -0.19509 0
v 0.629445 4.97821 -23.2516
vn 0.980785 -0.19509 0
v 0.618548 4.92343 28.8442
vn 0.980785 -0.19509 0
v 0.629445 4.97821 37.0699
vn 0.980785 -0.19509 0
v 0.580233 5.02743 52.1503
vn 0 0 1
v 0.531693 4.8299 52.1503
vn 0 0 1
v 0.235744 4.83057 52.1503
vn 0 0 1
v -3.14478 7.05855 49.2468
vn 0 0 1
v -3.23425 7.22383 49.2468
vn 0 0 1
v -3.14478 7.05855 -21.7375
vn 0 0 -1
v -3.23425 7.22383 -21.7375
vn 0 0 -1
v -3.23425 7.22383 -28.1548
vn 0 0 1
v -3.14478 7.05855 -28.1548
vn 0 0 1
v -2.99235 4.87979 52.1987
vn 0 1 0
v -2.62578 4.87979 47.948
vn 0 1 0
v -2.97868 4.87979 52.1995
vn 0 1 0
v -2.54223 4.87979 48.2808
vn 0 1 0
v -2.98325 4.87979 27.4608
vn 0 1 0
v -1.95808 4.87979 48.1074
vn 0 1 0
v -1.50541 4.87979 52.1995
vn 0 1 0
v -1.80974 4.87979 27.6506
vn 0 1 0
v -0.44449 4.87979 50.9706
vn 0 1 0
v -0.460761 4.87979 50.0115
vn 0 1 0
v -1.67427 4.87979 47.9962
vn 0 1 0
v -2.61518 4.87979 27.6584
vn 0 1 0
v -2.57876 4.87979 27.3753
vn 0 1 0
v -2.64933 4.87979 7.02466
vn 0 1 0
v -1.7964 4.87979 27.3314
vn 0 1 0
v -1.86436 4.87979 6.96369
vn 0 1 0
v -0.440296 4.87979 46.9859
vn 0 1 0
v 0.43051 4.87979 52.1728
vn 0 1 0
v -0.0912387 4.87979 48.1311
vn 0 1 0
v 0.432594 4.87979 21.9895
vn 0 1 0
v -0.142549 4.87979 27.6624
vn 0 1 0
v -0.264309 4.87979 27.3205
vn 0 1 0
v -0.264063 4.87979 7.02934
vn 0 1 0
v -2.97663 4.87979 6.87332
vn 0 1 0
v -2.54124 4.87979 6.75216
vn 0 1 0
v -2.47095 4.87979 2.91802
vn 0 1 0
v -2.47095 4.87979 -4.22765
vn 0 1 0
v -2.1001 4.87979 3.76474
vn 0 1 0
v -2.10143 4.87979 -5.10646
vn 0 1 0
v -2.52347 4.87979 -13.6797
vn 0 1 0
v -1.7426 4.87979 2.91802
vn 0 1 0
v -1.7426 4.87979 -4.22765
vn 0 1 0
v -2.78185 4.87979 -13.9027
vn 0 1 0
v -2.96504 4.87979 -34.4419
vn 0 1 0
v -2.9926 4.87979 -38.332
vn 0 1 0
v -2.57676 4.87979 -34.2808
vn 0 1 0
v -1.95527 4.87979 -13.7291
vn 0 1 0
v -1.77028 4.87979 -34.2333
vn 0 1 0
v -1.79647 4.87979 -34.5614
vn 0 1 0
v -1.68794 4.87979 6.74279
vn 0 1 0
v -0.201027 4.87979 6.6913
vn 0 1 0
v -1.65279 4.87979 -13.875
vn 0 1 0
v -0.380148 4.87979 -13.8573
vn 0 1 0
v -0.226575 4.87979 -13.5998
vn 0 1 0
v -0.0933207 4.87979 -13.8761
vn 0 1 0
v 0.432594 4.87979 -23.2516
vn 0 1 0
v 0.432594 4.87979 -8.17122
vn 0 1 0
v -0.330461 4.87979 -34.2621
vn 0 1 0
v 0.432594 4.87979 -38.332
vn 0 1 0
v -0.0494122 4.87979 -34.4146
vn 0 1 0
v -5.34714 8.95671 49.3313
vn 0 0 1
v -5.41622 8.83334 49.3313
vn 0 0 1
v -5.34714 8.95671 -38.332
vn 0 0 -1
v -5.41622 8.83334 -38.332
vn 0 0 -1
v -5.36279 8.86282 49.3313
vn 0.81306 -0.58218 -5.47756e-05
v -5.33033 8.89249 27.4156
vn 0.673531 -0.739159 -1.14011e-05
v -5.3536 8.86839 -16.4163
vn 0.762262 -0.647269 1.14278e-05
v -5.32508 8.90186 -38.332
vn 0.610176 -0.792266 5.48049e-05
v -5.384 8.97492 49.3313
vn -0.60674 0.7949 7.93802e-05
v -5.43346 8.92153 27.4159
vn -0.670807 0.741632 3.81109e-05
v -5.38623 8.97044 -16.4166
vn -0.764578 0.644531 -3.8116e-05
v -5.43786 8.91914 -38.332
vn -0.815583 0.57864 -7.93487e-05
v -5.47292 8.22768 -32.3776
vn -1 0 0
v -5.47292 8.12516 -21.3072
vn -1 0 0
v -5.47292 8.8168 49.3313
vn -1 0 0
v -5.47292 8.12515 -10.188
vn -1 0 0
v -5.47292 8.8168 -38.332
vn -1 0 0
v -5.47292 8.12653 -33.3132
vn -1 0 0
v -5.47292 8.12516 0.931235
vn -1 0 0
v -5.47292 8.12516 12.0505
vn -1 0 0
v -5.47292 8.12515 23.1697
vn -1 0 0
v -5.47292 8.12527 34.289
vn -1 0 0
v -5.47292 8.12773 45.2994
vn -1 0 0
v -5.47292 8.12605 46.2827
vn -1 0 0
v -5.47292 7.34042 49.3313
vn -1 0 0
v -5.47292 8.0621 -32.3342
vn -1 0 0
v -5.47292 7.34042 -38.332
vn -1 0 0
v -5.37449 8.12605 46.2827
vn 1 0 0
v -5.37449 8.8168 49.3313
vn 1 0 0
v -5.37449 8.12773 45.2994
vn 1 0 0
v -5.37449 8.12528 34.289
vn 1 0 0
v -5.37449 8.12515 23.1697
vn 1 0 0
v -5.37449 8.12516 12.0505
vn 1 0 0
v -5.37449 8.12515 0.931255
vn 1 0 0
v -5.37449 7.34042 49.3313
vn 1 0 0
v -5.37449 8.12516 -10.188
vn 1 0 0
v -5.37449 8.12494 -21.3071
vn 1 0 0
v -5.37449 8.22798 -32.377
vn 1 0 0
v -5.37449 8.8168 -38.332
vn 1 0 0
v -5.37449 8.12535 -33.3125
vn 1 0 0
v -5.37449 8.0629 -32.3337
vn 1 0 0
v -5.37449 7.34042 -38.332
vn 1 0 0
v -5.4237 8.8168 49.3313
vn 0 0 1
v -5.4237 7.34042 49.3313
vn 0 0 1
v -3.17961 6.87113 50.2192
vn 0.0134531 0.965981 0.258264
v -3.17961 6.822 50.3335
vn 0.0114089 0.782623 0.622392
v -3.11564 6.86671 50.2558
vn 0.00612324 0.987803 0.155586
v -3.12056 6.87113 50.2192
vn -0.00355694 0.995015 0.0996612
v -3.14024 6.822 50.3335
vn 0 0.756802 0.653644
v -3.14024 6.84247 50.3098
vn 0 0.756802 0.653644
v -3.10333 6.84554 50.3051
vn 0.00212242 0.801181 0.598418
v -3.10087 6.822 50.3335
vn -0.0109747 0.750673 0.660583
v -3.14024 6.87113 49.2468
vn 0 1 0
v -3.14024 6.87113 50.2192
vn 0 1 0
v -3.09103 6.34586 51.333
vn 1 0 0
v -3.09103 6.87287 52.284
vn 1 0 0
v -3.09103 7.03294 -21.7375
vn 1 0 0
v -3.09103 5.51518 51.3568
vn 1 0 0
v -3.09103 7.0442 49.2468
vn 1 0 0
v -3.09103 5.83902 8.20921
vn 1 0 0
v -3.09103 4.97821 52.284
vn 1 0 0
v -3.09103 4.98431 -3.13214
vn 1 0 0
v -3.09103 5.81454 4.69637
vn 1 0 0
v -3.09103 5.99227 -2.72864
vn 1 0 0
v -3.09103 5.65391 -3.91703
vn 1 0 0
v -3.09103 5.64317 -1.81006
vn 1 0 0
v -3.09103 4.97821 -38.332
vn 1 0 0
v -3.09103 7.044 -28.1548
vn 1 0 0
v -3.09103 7.04514 -38.332
vn 1 0 0
v -3.09103 6.87113 51.7192
vn 0.00493497 0.988454 -0.151439
v -3.14516 6.86958 51.7036
vn -0.00123303 0.994579 -0.103976
v -3.17715 6.85833 51.657
vn 0.0113119 0.964878 -0.262454
v -3.17961 6.87113 51.7192
vn 0.00921071 0.997044 -0.0762825
v -3.10087 6.822 51.6049
vn -0.0108825 0.750828 -0.660408
v -3.10333 6.84554 51.6334
vn 0.00291468 0.802341 -0.596858
v -3.17715 6.84554 51.6334
vn -0.00291466 0.802341 -0.596858
v -3.17961 6.822 51.6049
vn 0.0108824 0.750828 -0.660408
v -3.14024 6.822 51.6049
vn 0 0.756802 -0.653644
v -3.14024 6.84247 51.6286
vn 0 0.756802 -0.653644
v -3.16976 6.87113 51.7192
vn 0 1 0
v -3.18945 6.87113 52.284
vn 0 1 0
v -3.09103 6.87113 52.284
vn 0 1 0
v -3.11072 6.87113 51.7192
vn 0 1 0
v -3.14024 6.822 51.6049
vn 2.28903e-07 0.797243 -0.603659
v -3.14024 6.61991 51.3152
vn -0.00808708 0.862054 -0.506751
v -3.17715 6.54869 50.9692
vn -0.184558 0.971051 0.151653
v -3.1833 6.61376 50.6528
vn -0.241 0.907439 0.3442
v -3.17961 6.822 50.3335
vn -0.206705 0.773449 0.599208
v -3.12547 6.822 50.3335
vn 0.0345575 0.808431 0.587576
v -3.12793 6.61991 50.6232
vn 0.038488 0.860226 0.508458
v -2.97896 4.87979 52.1909
vn -0.974914 0.000487936 0.222581
v -2.97886 4.78136 52.1858
vn -0.989088 -0.000577024 0.147326
v -2.99074 4.87979 52.1845
vn 0.536478 -0.00033826 0.843914
v -2.99074 4.78136 52.1845
vn 0.531261 0.000676406 0.847208
v -3.07711 6.87113 52.3471
vn 0 1 0
v -0.000476442 6.87113 52.3471
vn 0 1 0
v -3.07711 6.87113 52.3472
vn -1 0 0
v -3.07711 4.97821 52.3472
vn -1 0 0
v -2.97868 4.86338 52.1995
vn -0.756285 -0.0783397 -0.649535
v -3.03869 4.8903 52.2665
vn -0.783837 -0.312926 -0.536356
v -2.97868 4.78136 52.1995
vn -0.878641 -0.0754737 -0.47148
v -3.00764 4.82548 52.2466
vn -0.887256 -0.126321 -0.443643
v -3.0567 4.90327 52.297
vn -0.852981 -0.414426 -0.317294
v -3.05606 4.91811 52.2769
vn -0.849504 -0.418967 -0.320641
v -3.0712 4.95112 52.292
vn -0.969823 -0.236978 -0.057315
v -3.07452 4.95862 52.3193
vn -0.98691 -0.161161 0.0059436
v -3.07315 4.92783 52.3768
vn -0.985015 -0.169731 -0.0305996
v -3.06647 4.88937 52.3751
vn -0.985015 -0.169731 -0.0305996
v -3.18945 6.96709 -28.1548
vn -1 0 0
v -3.18945 7.04514 -38.332
vn -1 0 0
v -3.18945 5.65391 -3.91703
vn -1 0 0
v -3.18945 7.03863 -21.7375
vn -1 0 0
v -3.18945 5.99227 -2.72864
vn -1 0 0
v -3.18945 5.83955 8.20909
vn -1 0 0
v -3.18945 5.81318 4.69624
vn -1 0 0
v -3.18945 6.34586 51.333
vn -1 0 0
v -3.18945 4.97821 -38.332
vn -1 0 0
v -3.18945 5.51518 51.3568
vn -1 0 0
v -3.18945 7.0442 49.2468
vn -1 0 0
v -3.18945 6.87287 52.284
vn -1 0 0
v -3.18945 5.64317 -1.81006
vn -1 0 0
v -3.18945 4.98431 -3.13214
vn -1 0 0
v -3.18945 4.97821 52.284
vn -1 0 0
v -3.1491 4.85502 29.6302
vn -0.681196 -0.732101 -6.83617e-05
v -3.13841 4.84297 52.2623
vn -0.785972 -0.618262 -5.86579e-05
v -3.01773 4.78636 6.94323
vn -0.195163 -0.980771 0
v -3.03782 4.79036 -12.6725
vn -0.195163 -0.980771 0
v -3.01773 4.78636 -38.332
vn -0.195163 -0.980771 0
v -3.18446 4.9531 -38.332
vn -0.980795 -0.195041 0
v -3.18046 4.93301 -12.6575
vn -0.980795 -0.195041 0
v -3.06057 4.90787 52.2599
vn 0.802513 0.596634 2.31709e-05
v -3.05945 4.91177 29.6301
vn 0.744008 0.66817 2.16172e-05
v -3.00517 4.88229 -38.332
vn 0.195018 0.9808 0
v -3.01144 4.88353 -11.9187
vn 0.195018 0.9808 0
v -3.08354 4.94055 -15.678
vn 0.98079 0.195068 0
v -3.09103 4.97821 -23.2293
vn 0.98079 0.195068 0
v -3.16485 4.97837 52.284
vn 0 0 1
v -3.18945 6.87113 52.284
vn 0 0 1
v -3.09103 6.87113 52.284
vn 0 0 1
v -3.10333 4.97829 52.284
vn 0 0 1
v -3.1089 4.93819 52.2786
vn 0.125278 -0.301489 0.945203
v -3.08432 4.94448 52.2773
vn 0.125278 -0.301489 0.945203
v -3.16967 4.92722 52.2799
vn 0.0338562 -0.168657 0.985093
v -3.16817 4.88926 52.2734
vn 0.0338562 -0.168657 0.985093
v -2.9926 4.86338 52.1856
vn 0.638173 -0.0433968 0.768669
v -3.02631 4.87277 52.2157
vn 0.664094 -0.146252 0.733205
v -3.11168 4.8215 52.2451
vn 0.367324 -0.20038 0.908252
v -3.01615 4.80338 52.2001
vn 0.471324 -0.0975664 0.876547
v 0.235744 4.79046 52.2452
vn 0 -0.980755 0.195242
v -0.7141 4.78886 52.2372
vn 0 -0.980755 0.195242
v -2.25918 4.84479 52.3342
vn 0.00134215 -0.668268 0.743919
v -3.0544 4.84191 52.3422
vn 0.00166145 -0.587206 0.809435
v -0.730504 4.94055 52.3889
vn 0 -0.195283 0.980747
v 0.235744 4.9531 52.3914
vn 0 -0.195283 0.980747
v 0.235744 4.9648 52.3426
vn 1 0 0
v 0.235744 4.79952 52.2531
vn 1 0 0
v -2.48655 5.95673 52.3964
vn 0 0 1
v -3.07711 4.97821 52.3964
vn 0 0 1
v 0.235744 4.97821 52.3964
vn 0 0 1
v -0.260412 5.94875 52.3964
vn 0 0 1
v -3.07711 6.87113 52.3964
vn 0 0 1
v 0.230383 6.87042 52.3964
vn 0 0 1
v 0.235744 4.88353 52.2184
vn 0 0.98083 -0.194866
v -0.7141 4.88353 52.2184
vn 0 0.98083 -0.194866
v -2.16669 4.92414 52.3016
vn -0.00071867 0.852873 -0.522119
v -3.04463 4.89145 52.2588
vn -0.00115589 0.825227 -0.5648
v 0.235744 4.95938 52.2942
vn 0 0.195307 -0.980742
v -0.730504 4.95938 52.2942
vn 0 0.195307 -0.980742
v -5.26147 7.14357 49.2395
vn -0.996287 -9.24583e-05 0.0860931
v -5.26146 7.24199 49.2407
vn -0.991927 9.01603e-05 0.126809
v -5.27421 7.24199 49.2316
vn 0.535687 -0.000311123 0.844417
v -5.27421 7.14357 49.2316
vn 0.530891 0.00062215 0.84744
v -4.94142 7.14357 -28.1548
vn 0 -1 0
v -5.27605 7.14357 49.2284
vn 0 -1 0
v -5.27607 7.14357 -38.332
vn 0 -1 0
v -4.94142 7.14357 -21.7375
vn 0 -1 0
v -3.28788 7.14357 49.2468
vn 0 -1 0
v -3.28788 7.14357 -38.332
vn 0 -1 0
v -3.28788 7.14357 -28.1548
vn 0 -1 0
v -3.28788 7.14357 -21.7375
vn 0 -1 0
v -3.28788 7.14357 49.2468
vn 0 -1 0
v -5.36057 8.79711 49.3452
vn 0 1 0
v -3.52443 8.79711 49.3698
vn 0 1 0
v 0.62445 8.62537 -38.332
vn 0.980785 0.19509 0
v 0.620455 8.64546 -12.6256
vn 0.980785 0.19509 0
v 0.62445 8.62537 24.6738
vn 0.980785 0.19509 0
v 0.620455 8.64546 52.3964
vn 0.980785 0.19509 0
v 0.457705 8.79212 -10.6094
vn 0.195026 0.980798 0
v 0.477793 8.78812 -38.332
vn 0.195026 0.980798 0
v 0.457705 8.79212 52.3964
vn 0.195026 0.980798 0
v 0.477793 8.78812 26.69
vn 0.195026 0.980798 0
v -5.36057 7.34042 49.3575
vn -1 0 0
v -5.36057 8.79711 49.3452
vn -1 0 0
v -5.36057 8.79711 49.4436
vn -1 0 0
v -5.36057 7.34063 49.419
vn -1 0 0
v -5.27663 7.21838 49.2667
vn -0.777416 -0.124658 -0.61651
v -5.32216 7.25251 49.3138
vn -0.783915 -0.312921 -0.536245
v -5.26215 7.15998 49.2468
vn -0.880117 -0.0437535 -0.472736
v -5.29718 7.16885 49.3132
vn -0.896158 -0.10144 -0.431985
v -5.34017 7.26547 49.3443
vn -0.851991 -0.415421 -0.318649
v -5.33952 7.28032 49.3242
vn -0.848736 -0.419655 -0.32177
v -5.35466 7.31333 49.3393
vn -0.969745 -0.237276 -0.0574064
v -5.35799 7.32082 49.3666
vn -0.986902 -0.161212 0.00597974
v -5.35661 7.29004 49.424
vn -0.985066 -0.169395 -0.0308221
v -5.34994 7.25157 49.4223
vn -0.985066 -0.169395 -0.0308221
v -5.34403 7.27006 49.3071
vn 0.802595 0.596524 2.40574e-05
v -5.34292 7.27398 27.4156
vn 0.74408 0.66809 2.24506e-05
v -5.28863 7.24449 -38.332
vn 0.195307 0.980742 0
v -5.2949 7.24574 -12.78
vn 0.195307 0.980742 0
v -5.37199 7.32786 -38.332
vn 0.980802 0.195008 0
v -5.37074 7.32158 -12.7636
vn 0.980802 0.195008 0
v -5.43256 7.21722 27.4157
vn -0.681176 -0.73212 -7.06706e-05
v -5.30991 7.1344 49.2544
vn -0.448362 -0.893852 -5.99407e-05
v -5.32129 7.15256 5.47997
vn -0.195038 -0.980796 0
v -5.3012 7.14857 -11.5697
vn -0.195038 -0.980796 0
v -5.32129 7.15256 -38.332
vn -0.195038 -0.980796 0
v -5.47798 7.33455 49.3359
vn -0.970257 -0.242078 -4.45152e-05
v -5.46792 7.31531 -38.332
vn -0.980771 -0.195163 0
v -5.46393 7.29522 -13.4941
vn -0.980771 -0.195163 0
v -5.36255 7.27135 49.3096
vn 0.248884 -0.36513 0.897071
v -5.38205 7.30891 49.3272
vn 0.138342 -0.321056 0.936901
v -5.42692 7.21404 49.3083
vn 0.142515 -0.212882 0.966628
v -5.45314 7.28941 49.3272
vn 0.0658521 -0.183431 0.980824
v -5.32284 7.20042 49.264
vn 0.562405 -0.139715 0.814973
v -5.27607 7.19278 49.2328
vn 0.529766 -0.0495674 0.846694
v -5.38494 7.19149 49.2908
vn 0.317342 -0.227083 0.920721
v -5.36785 7.16632 49.2787
vn 0.317342 -0.227083 0.920721
v -3.28788 7.24574 49.2656
vn 0 0.980684 -0.1956
v -4.88331 7.25804 49.2958
vn -0.00138732 0.951008 -0.309162
v -3.87601 7.24574 49.2656
vn 0 0.980684 -0.1956
v -5.33634 7.27665 49.321
vn -0.0015224 0.533268 -0.845945
v -3.89242 7.32158 49.3414
vn 0 0.195259 -0.980752
v -3.28788 7.32158 49.3414
vn 0 0.195259 -0.980752
v -3.28788 7.14873 49.2727
vn 0 -0.980782 0.195107
v -3.87601 7.15106 49.2845
vn 0 -0.980782 0.195107
v -4.7152 7.21945 49.3885
vn 0.00160588 -0.445989 0.895037
v -5.35084 7.23574 49.4218
vn 0.00240426 -0.589567 0.807716
v -3.80605 7.26509 49.4286
vn 0 -0.195283 0.980747
v -3.97878 7.34042 49.4436
vn 0 -0.195283 0.980747
v -3.28788 7.21068 49.2691
vn 1 0 0
v -3.28788 7.28679 49.4255
vn 1 0 0
v -4.8231 7.94431 49.4436
vn 0 0 1
v -5.36057 7.34042 49.4436
vn 0 0 1
v -3.93346 7.93693 49.4436
vn 0 0 1
v -5.36057 8.79711 49.4436
vn 0 0 1
v -3.29231 8.79588 49.4436
vn 0 0 1
v -3.28788 7.34042 49.4436
vn 0 0 1
v -3.46296 8.78906 49.4436
vn 0 0 1
v -3.27532 7.14107 49.2468
vn -0.195019 -0.980799 0
v -3.26904 7.13982 28.543
vn -0.195019 -0.980799 0
v -3.26904 7.13982 -1.03375
vn -0.195019 -0.980799 0
v -3.27532 7.14107 -21.7375
vn -0.195019 -0.980799 0
v -3.19319 7.06397 28.543
vn -0.980801 -0.195012 0
v -3.19394 7.06774 49.2468
vn -0.980801 -0.195012 0
v -3.19195 7.0577 -21.7375
vn -0.980801 -0.195012 0
v -3.19319 7.06397 -1.03375
vn -0.980801 -0.195012 0
v -5.26593 7.24199 49.2467
vn 0 1 0
v -5.27607 7.24199 -38.332
vn 0 1 0
v -3.28788 7.24199 -21.7375
vn 0 1 0
v -3.28788 7.24199 49.2468
vn 0 1 0
v -4.94142 7.24199 -21.7375
vn 0 1 0
v -4.94142 7.24199 -28.1548
vn 0 1 0
v -3.28788 7.24199 -38.332
vn 0 1 0
v -3.28788 7.24199 -28.1548
vn 0 1 0
v 0.432594 8.79711 -38.332
vn 0 0 -1
v 0.0782637 8.7725 -38.332
vn 0 0 -1
v 0.611285 8.65389 -38.332
vn 0 0 -1
v 0.45493 8.73 -38.332
vn 0 0 -1
v -3.26277 7.237 49.2468
vn 0.195043 0.980795 0
v -3.24268 7.233 29.1345
vn 0.195043 0.980795 0
v -3.24268 7.233 -1.62529
vn 0.195043 0.980795 0
v -3.26277 7.237 -21.7375
vn 0.195043 0.980795 0
v -3.09602 7.07025 27.5571
vn 0.980801 0.195012 0
v -3.10002 7.09034 49.2468
vn 0.980801 0.195012 0
v -3.09602 7.07025 -21.7375
vn 0.980801 0.195012 0
v -3.10002 7.09034 -1.62529
vn 0.980801 0.195012 0
v -3.14024 5.85912 -3.17695
vn 0 -1 0
v -3.14024 5.85912 -3.67056
vn 0 -1 0
v -3.12794 5.45325 -3.7251
vn 0.0371178 0.913592 0.404933
v -3.15254 5.54373 -3.84998
vn -0.0364849 0.633009 0.773284
v -3.09103 5.64751 -3.88002
vn -0.0438481 0 0.999038
v -3.16484 5.63245 -3.8811
vn 0.00634617 -0.0399003 0.999184
v -3.16484 5.73195 -3.86456
vn -0.0163136 -0.227554 0.973629
v -3.14639 5.81915 -3.77238
vn 0.00591749 -0.883727 0.467965
v -3.09103 5.85912 -3.67056
vn 0.00663862 -0.959598 0.281297
v -3.18945 5.43589 -3.17695
vn 0 1 0
v -3.16484 5.43589 -3.67056
vn 0 1 0
v -3.15254 5.95565 -3.05756
vn -0.0234032 -0.928214 0.371311
v -3.14024 5.85912 -3.17695
vn 3.82943e-08 -0.758094 0.652146
v -3.14024 5.97032 -2.7652
vn -0.0119008 -0.906074 -0.422952
v -3.18945 5.96608 -2.76477
vn 0.0757528 -0.918958 -0.387011
v -3.11564 5.88789 -2.6455
vn 0.020148 -0.807846 -0.589049
v -3.14024 5.64751 -2.5495
vn 0.00613168 0.0196605 -0.999788
v -3.09103 5.59649 -2.55324
vn -0.075784 0 -0.997124
v -3.16484 5.5063 -2.57941
vn -0.0216788 0.23163 -0.972562
v -3.16484 5.40712 -2.6455
vn -0.020189 0.807807 -0.589101
v -3.14024 5.32469 -2.7652
vn 0.00594749 0.914019 -0.405627
v -3.14024 5.43589 -3.17695
vn 1.37669e-07 0.784542 0.620076
v -3.15254 5.32167 -3.02363
vn 0.0186982 0.865571 0.500438
v -3.09103 5.34873 -2.71775
vn -0.075762 0.918957 -0.387011
v -3.26277 7.237 -28.1548
vn 0.195043 0.980795 0
v -3.25021 7.2345 -31.1231
vn 0.195043 0.980795 0
v -3.25021 7.2345 -35.3636
vn 0.195043 0.980795 0
v -3.26277 7.237 -38.332
vn 0.195043 0.980795 0
v -3.09602 7.07025 -31.2645
vn 0.980801 0.195012 0
v -3.10002 7.09034 -28.1548
vn 0.980801 0.195012 0
v -3.09602 7.07025 -38.332
vn 0.980801 0.195012 0
v -3.09852 7.08281 -35.3636
vn 0.980801 0.195012 0
v -3.26528 7.13908 -28.1548
vn -0.195019 -0.980799 0
v -3.26904 7.13982 -31.1231
vn -0.195019 -0.980799 0
v -3.26904 7.13982 -35.3636
vn -0.195019 -0.980799 0
v -3.27532 7.14107 -38.332
vn -0.195019 -0.980799 0
v -3.19118 7.05383 -28.1548
vn -0.980801 -0.195012 0
v -3.19558 7.07596 -33.2434
vn -0.980801 -0.195012 0
v -3.19195 7.0577 -38.332
vn -0.980801 -0.195012 0
v -3.19319 7.06397 -35.3636
vn -0.980801 -0.195012 0
v -2.66183 4.78136 -34.227
vn 0 -1 0
v -2.9926 4.78136 -38.332
vn 0 -1 0
v -2.54606 4.78136 -34.5626
vn 0 -1 0
v -2.98494 4.78136 -13.784
vn 0 -1 0
v -2.58387 4.78136 -13.8883
vn 0 -1 0
v -1.77018 4.78136 -34.2333
vn 0 -1 0
v -2.5511 4.78136 -13.6167
vn 0 -1 0
v -2.47095 4.78136 -4.22765
vn 0 -1 0
v -2.10143 4.78136 -5.10646
vn 0 -1 0
v -1.95527 4.78136 -13.7291
vn 0 -1 0
v -2.89242 4.78136 6.86341
vn 0 -1 0
v -2.47095 4.78136 2.91802
vn 0 -1 0
v -2.1001 4.78136 3.76474
vn 0 -1 0
v -2.52374 4.78136 6.92055
vn 0 -1 0
v -1.79647 4.78136 -34.5614
vn 0 -1 0
v -1.65278 4.78136 -13.875
vn 0 -1 0
v -1.7426 4.78136 -4.22765
vn 0 -1 0
v -1.80714 4.78136 7.0063
vn 0 -1 0
v -1.7426 4.78136 2.91802
vn 0 -1 0
v -1.69783 4.78136 6.70644
vn 0 -1 0
v -2.98325 4.78136 27.4608
vn 0 -1 0
v -2.56392 4.78136 27.3852
vn 0 -1 0
v -2.66342 4.78136 27.6593
vn 0 -1 0
v -2.99235 4.78136 52.1987
vn 0 -1 0
v -2.86381 4.78136 48.1422
vn 0 -1 0
v -2.97868 4.78136 52.1995
vn 0 -1 0
v -2.56978 4.78136 48.0074
vn 0 -1 0
v -1.81015 4.78136 27.3197
vn 0 -1 0
v -1.7552 4.78136 27.6566
vn 0 -1 0
v -1.95812 4.78136 48.1075
vn 0 -1 0
v -1.50541 4.78136 52.1995
vn 0 -1 0
v 0.432594 4.78136 -38.332
vn 0 -1 0
v -0.0973271 4.78136 -34.554
vn 0 -1 0
v -0.235854 4.78136 -34.2318
vn 0 -1 0
v -0.272893 4.78136 -13.9163
vn 0 -1 0
v -0.101937 4.78136 -13.6058
vn 0 -1 0
v -0.200849 4.78136 6.69136
vn 0 -1 0
v -0.264124 4.78136 7.02935
vn 0 -1 0
v -0.142553 4.78136 27.6624
vn 0 -1 0
v -0.264248 4.78136 27.3205
vn 0 -1 0
v -1.67432 4.78136 47.9963
vn 0 -1 0
v -0.440296 4.78136 46.9859
vn 0 -1 0
v 0.432594 4.78136 -8.17122
vn 0 -1 0
v 0.432141 4.78136 52.1728
vn 0 -1 0
v 0.432594 4.78136 21.9895
vn 0 -1 0
v -0.465734 4.78136 49.9985
vn 0 -1 0
v -0.091223 4.78136 48.1311
vn 0 -1 0
v -0.580543 4.78136 50.9259
vn 0 -1 0
v -0.290846 4.78136 50.9894
vn 0 -1 0
v 0.486226 4.82413 -38.332
vn 0 0 -1
v 0.575692 4.9648 -38.332
vn 0 0 -1
v -3.1357 4.9648 -38.332
vn 0 0 -1
v -3.04623 4.79952 -38.332
vn 0 0 -1
v -3.23425 7.22383 -38.332
vn 0 0 -1
v -3.14478 7.05855 -38.332
vn 0 0 -1
v -5.30738 7.21966 -38.332
vn 0 0 -1
v -5.45476 7.28679 -38.332
vn 0 0 -1
v -5.2795 8.91516 -38.332
vn 0 0 -1
v -5.0639 8.94731 -38.332
vn 0 0 -1
v -4.90862 8.92811 49.297
vn 0.0349226 -0.99939 0
v -4.90864 8.92811 -38.2977
vn 0.0349065 -0.999391 0
v -5.2795 8.91516 49.3313
vn 0.0349033 -0.999391 0
v -5.2795 8.91516 -38.332
vn 0.0349033 -0.999391 0
v -5.28294 9.01353 49.3313
vn 0 0 1
v -5.06562 8.99649 49.3313
vn 0 0 1
v -4.11295 -75.6294 -38.009
vn 0.954782 -0.00316005 -0.297289
v -4.09496 -75.6294 -37.9186
vn 0.97522 -0.00768491 -0.221103
v -4.33119 -75.6294 -38.1548
vn 0.220859 0.0078119 -0.975274
v -4.24079 -75.6294 -38.1368
vn 0.297381 -0.00329099 -0.954753
v -5.39424 -75.6246 -38.1548
vn 0 0 -1
v -5.4237 -75.4818 -38.1548
vn 0 0 -1
v -4.33119 -75.6294 -38.1548
vn 0 0 -1
v -4.20162 -75.6786 -38.1458
vn 0 -1 0
v -4.19121 -75.6786 -31.4832
vn 0 -1 0
v -4.40357 -75.6786 -29.7664
vn 0 -1 0
v -4.3754 -75.6786 -16.5086
vn 0 -1 0
v -4.11824 -75.6786 -14.6953
vn 0 -1 0
v -4.47811 -75.6786 -1.60408
vn 0 -1 0
v -4.21261 -75.6786 0.000707016
vn 0 -1 0
v -4.54869 -75.6786 13.261
vn 0 -1 0
v -4.52302 -75.6786 -33.1396
vn 0 -1 0
v -4.58722 -75.6786 -34.1099
vn 0 -1 0
v -4.68869 -75.6786 -33.2389
vn 0 -1 0
v -4.58924 -75.6786 -22.0207
vn 0 -1 0
v -4.70047 -75.6786 -30.6989
vn 0 -1 0
v -4.58921 -75.6786 -10.7256
vn 0 -1 0
v -4.64456 -75.6786 -15.2885
vn 0 -1 0
v -4.58931 -75.6786 0.567057
vn 0 -1 0
v -4.55474 -75.6786 11.5961
vn 0 -1 0
v -4.40879 -75.6786 14.5939
vn 0 -1 0
v -4.36629 -75.6786 27.8477
vn 0 -1 0
v -4.41044 -75.6786 42.6822
vn 0 -1 0
v -4.51805 -75.6786 29.2408
vn 0 -1 0
v -4.62345 -75.6786 43.9238
vn 0 -1 0
v -4.20596 -75.6786 49.3232
vn 0 -1 0
v -4.58924 -75.6786 22.8995
vn 0 -1 0
v -4.58924 -75.6786 34.1946
vn 0 -1 0
v -4.60738 -75.6786 45.3447
vn 0 -1 0
v -4.58607 -75.6786 46.263
vn 0 -1 0
v -5.27607 -75.6786 -38.1548
vn 0 -1 0
v -5.27607 -75.6786 49.3313
vn 0 -1 0
v -4.71042 -75.6786 11.7423
vn 0 -1 0
v -4.11978 -75.5925 49.1993
vn 0.946979 -0.001287 0.321293
v -4.09899 -75.5802 49.1256
vn 0.967739 -0.16172 0.193205
v -4.24117 -75.6294 49.3124
vn 0.328604 0.00644704 0.944446
v -4.16415 -75.5925 49.2621
vn 0.592122 -0.048647 0.804379
v -4.09496 -75.654 49.095
vn 0.977684 0.0361937 0.206939
v -4.11295 -75.6417 49.1854
vn 0.954975 -0.0340293 0.294728
v -4.33119 -75.6294 49.3313
vn 0.183277 0.0152133 0.982944
v -4.16415 -75.6663 49.2621
vn 0.592122 0.048647 0.804379
v -4.09496 -75.654 49.095
vn 1 0 0
v -4.09496 -75.6458 44.577
vn 1 0 0
v 0.399053 -70.6694 52.3102
vn 0.321327 -0.946964 0.00283131
v 0.325368 -70.6902 52.2979
vn 0.192692 -0.967428 0.164173
v 0.294799 -70.6942 52.3718
vn 0.206899 -0.977667 -0.0368765
v 0.385197 -70.6762 52.3595
vn 0.294877 -0.954953 0.0333434
v 0.53102 -70.458 52.3472
vn 0.975228 -0.22107 0.0076579
v 0.513038 -70.5484 52.3471
vn 0.9548 -0.297232 0.00313512
v -2.48503 -69.7779 52.3964
vn 0 0 1
v 0.53102 -68.8013 52.3964
vn 0 0 1
v -3.07711 -68.8013 52.3964
vn 0 0 1
v -0.245302 -69.7745 52.3964
vn 0 0 1
v -3.07711 -70.6942 52.3964
vn 0 0 1
v 0.528057 -70.6935 52.3964
vn 0 0 1
v 0.53102 -68.6826 52.3397
vn 1 0 0
v 0.53102 -70.458 52.3471
vn 1 0 0
v -3.41985 -73.1072 49.3575
vn 0.321279 -0.94698 0.00289514
v -3.49353 -73.128 49.3452
vn 0.19275 -0.967432 0.164081
v -3.5241 -73.132 49.419
vn 0.206957 -0.977655 -0.0368686
v -3.4337 -73.114 49.4067
vn 0.294861 -0.95496 0.0332788
v -3.28788 -72.8958 49.3944
vn 0.975229 -0.221063 0.00767434
v -3.30586 -72.9862 49.3944
vn 0.954789 -0.297266 0.00314728
v -3.28788 -72.8958 49.3944
vn 1 0 0
v -3.28788 -71.1635 49.3944
vn 1 0 0
v -4.81848 -71.8007 49.3452
vn 0 0 -1
v -3.89114 -71.3642 49.3452
vn 0 0 -1
v -5.36057 -71.1635 49.3452
vn 0 0 -1
v -3.28788 -71.1635 49.3452
vn 0 0 -1
v -5.36057 -73.132 49.3452
vn 0 0 -1
v -3.28842 -73.1318 49.3452
vn 0 0 -1
v -5.4237 -72.8164 -5.49911
vn -0.123232 -0.799063 -0.588483
v -5.4237 -72.7259 -5.87356
vn 5.79143e-06 -0.9728 -0.231647
v -5.4237 -73.212 -5.14609
vn -0.0228889 -0.572877 -0.819322
v -5.4237 -73.5133 -5.08615
vn -0.0408415 0.0613532 -0.99728
v -5.37449 -73.6253 -5.09417
vn -0.160851 0 -0.986979
v -5.44831 -73.8275 -5.1517
vn -0.0313402 0.256787 -0.96596
v -5.42986 -74.2187 -5.53985
vn -0.0116786 0.904717 -0.425854
v -5.43601 -74.0392 -5.28806
vn 0.0306548 0.767108 -0.640785
v -5.4237 -74.3007 -5.87356
vn 2.41608e-06 0.983451 -0.181176
v -5.4237 -74.2101 -11.1692
vn -0.123608 0.798987 0.588508
v -5.4237 -74.3007 -10.7948
vn 5.92098e-06 0.972773 0.231759
v -5.4237 -73.8146 -11.5223
vn -0.0230471 0.573154 0.819124
v -5.37449 -73.6253 -11.5742
vn -0.160469 0 0.987041
v -5.4237 -73.5133 -11.5822
vn -0.0409991 -0.0613168 0.997276
v -5.44831 -73.1991 -11.5167
vn -0.0317314 -0.256719 0.965965
v -5.42986 -72.8078 -11.1285
vn -0.0114997 -0.904722 0.425847
v -5.43601 -72.9873 -11.3803
vn 0.030394 -0.76733 0.640531
v -5.4237 -72.7259 -10.7948
vn 2.40572e-06 -0.983493 0.180947
v -5.4237 -72.8164 9.28946
vn -0.123238 -0.799063 -0.588482
v -5.4237 -72.7259 8.915
vn 5.79392e-06 -0.972799 -0.231652
v -5.4237 -73.212 9.64246
vn -0.0228834 -0.572851 -0.81934
v -5.37449 -73.4012 9.69439
vn -0.160655 0 -0.987011
v -5.4237 -73.5133 9.7024
vn -0.0408995 0.0613556 -0.997278
v -5.44831 -73.8275 9.63685
vn -0.0314153 0.256818 -0.965949
v -5.42986 -74.2187 9.24871
vn -0.0116845 0.904717 -0.425853
v -5.43601 -74.0392 9.50051
vn 0.0306615 0.767126 -0.640764
v -5.4237 -74.3007 8.915
vn 2.4164e-06 0.98345 -0.181181
v -5.4237 -74.2101 3.6193
vn -0.123525 0.798987 0.588525
v -5.4237 -74.3007 3.99374
vn 5.89373e-06 0.972773 0.23176
v -5.4237 -73.8146 3.26627
vn -0.0229461 0.573069 0.819186
v -5.4237 -73.5133 3.20634
vn -0.0409687 -0.0613507 0.997275
v -5.37449 -73.4012 3.21435
vn -0.160655 0 0.987011
v -5.44831 -73.1991 3.27188
vn -0.0315304 -0.256865 0.965933
v -5.42986 -72.8078 3.66003
vn -0.0114352 -0.904722 0.42585
v -5.43601 -72.9873 3.40823
vn 0.0303788 -0.767289 0.640581
v -5.4237 -72.7259 3.99374
vn 2.40217e-06 -0.983493 0.180947
v -5.4237 -72.8164 24.078
vn -0.123282 -0.799027 -0.588522
v -5.4237 -72.7259 23.7036
vn 5.78763e-06 -0.972797 -0.231661
v -5.4237 -73.212 24.431
vn -0.0229904 -0.572945 -0.819271
v -5.37449 -73.4012 24.4829
vn -0.162388 0 -0.986727
v -5.4237 -73.5133 24.491
vn -0.0405185 0.0613896 -0.997291
v -5.44831 -73.8275 24.4254
vn -0.0312284 0.256725 -0.96598
v -5.42986 -74.2187 24.0373
vn -0.0116701 0.9047 -0.425888
v -5.43601 -74.0392 24.289
vn 0.0305986 0.766989 -0.64093
v -5.4237 -74.3007 23.7036
vn 2.41529e-06 0.983447 -0.181198
v -5.4237 -74.2101 18.4079
vn -0.123564 0.799021 0.588471
v -5.4237 -74.3007 18.7823
vn 5.89094e-06 0.97277 0.231772
v -5.4237 -73.8146 18.0548
vn 0.000199908 0.42949 0.903072
v -5.4237 -73.5133 17.9949
vn 0.0113863 0.0200233 0.999735
v -5.37449 -73.4012 18.0029
vn -0.16045 0 0.987044
v -5.42986 -72.8078 18.4486
vn -0.011429 -0.904739 0.425813
v -5.43601 -72.9873 18.1968
vn 0.0303963 -0.767329 0.640533
v -5.4237 -72.7259 18.7823
vn 2.40143e-06 -0.983489 0.18097
v -5.4237 -72.8165 -20.2876
vn -0.123221 -0.799084 -0.588456
v -5.4237 -72.7259 -20.6621
vn 5.78763e-06 -0.972797 -0.231661
v -5.4237 -73.212 -19.9346
vn -0.0225141 -0.572714 -0.819446
v -5.4237 -73.5133 -19.8747
vn -0.0804864 0 -0.996756
v -5.37449 -73.6253 -19.8827
vn -0.16045 0 -0.987044
v -5.47292 -73.5132 -19.8827
vn 0.160419 0 -0.987049
v -5.42986 -74.2187 -20.3284
vn -0.0116699 0.904733 -0.42582
v -5.43601 -74.0392 -20.0766
vn 0.0306756 0.767166 -0.640715
v -5.4237 -74.3007 -20.6621
vn 2.41529e-06 0.983447 -0.181198
v -5.4237 -74.2101 -25.9578
vn -0.123593 0.798948 0.588563
v -5.4237 -74.3007 -25.5834
vn 5.89037e-06 0.97277 0.231771
v -5.4237 -73.8146 -26.3108
vn -0.0230475 0.573137 0.819135
v -5.4237 -73.5133 -26.3708
vn -0.0411718 -0.0614141 0.997263
v -5.37449 -73.4012 -26.3628
vn -0.16045 0 0.987044
v -5.44831 -73.1991 -26.3052
vn -0.0321095 -0.257101 0.965851
v -5.42986 -72.8078 -25.9171
vn -0.0114278 -0.904707 0.425882
v -5.43601 -72.9873 -26.1688
vn 0.0303147 -0.767155 0.640745
v -5.4237 -72.7259 -25.5834
vn 2.40137e-06 -0.983489 0.180969
v -5.4237 -72.8164 38.8665
vn -0.123253 -0.7991 -0.588429
v -5.4237 -72.7259 38.4921
vn 5.78831e-06 -0.972797 -0.23166
v -5.4237 -73.212 39.2196
vn 9.92961e-05 -0.429417 -0.903106
v -5.4237 -73.5133 39.2795
vn 0.011348 -0.0200225 -0.999735
v -5.37449 -73.4012 39.2715
vn -0.16045 0 -0.987044
v -5.42986 -74.2187 38.8258
vn -0.0116716 0.904733 -0.425819
v -5.43601 -74.0392 39.0776
vn 0.0306804 0.767163 -0.640718
v -5.4237 -74.3007 38.4921
vn 2.41537e-06 0.983447 -0.181197
v -5.4237 -74.2101 33.1964
vn -0.123597 0.798959 0.588548
v -5.4237 -74.3007 33.5709
vn 5.89698e-06 0.972785 0.231708
v -5.4237 -73.8146 32.8434
vn -0.0230475 0.573138 0.819135
v -5.4237 -73.5133 32.7834
vn -0.0814646 0 0.996676
v -5.37449 -73.4012 32.7915
vn -0.162388 0 0.986727
v -5.47292 -73.5132 32.7915
vn 0.162356 0 0.986732
v -5.42986 -72.8078 33.2371
vn -0.011443 -0.90472 0.425853
v -5.43601 -72.9873 32.9854
vn 0.0303147 -0.767155 0.640745
v -5.4237 -72.7259 33.5709
vn 2.40262e-06 -0.983501 0.180905
v -4.11173 -75.6079 -14.6603
vn 0.967927 -0.0158337 -0.250733
v -4.09496 -75.6786 -14.5773
vn 0.993005 -0.00558305 -0.117939
v -4.16971 -75.6724 -14.7464
vn 0.699557 -0.00137498 -0.714576
v -4.16971 -75.5863 -14.7464
vn 0.699126 -0.000632518 -0.714998
v -4.19339 -75.6417 -16.6878
vn 0.715295 -2.22475e-06 0.698822
v -4.54866 -75.6294 -16.2699
vn 0.811112 -0.0183951 0.584601
v -4.55048 -75.6288 -15.1844
vn 0.812602 0.0726128 -0.578278
v -4.19339 -75.6212 -14.7691
vn 0.713868 0.234324 -0.659912
v -4.13736 -75.6048 -16.7478
vn 0.772506 -0.0193973 0.634711
v -4.19339 -75.6294 -16.6878
vn 0.675674 0.00574741 0.737178
v -4.0996 -75.6724 -16.8472
vn 0.987834 0.000425359 0.155514
v -4.0996 -75.5863 -16.8472
vn 0.989084 0.00153586 0.147344
v -4.0987 -75.6571 0.182157
vn 0.989152 0.00702195 -0.146729
v -4.09496 -75.5802 0.211287
vn 0.961287 -0.013759 -0.275205
v -4.16971 -75.6724 0.0421406
vn 0.702519 0.000594665 -0.711664
v -4.16971 -75.5863 0.0421406
vn 0.696602 0.00138262 -0.717457
v -4.19339 -75.6212 -1.89924
vn 0.713875 0.234123 0.659977
v -4.55047 -75.6288 -1.48402
vn 0.815455 0.0392724 0.577487
v -4.55047 -75.6288 -0.395802
vn 0.812578 0.0724891 -0.578327
v -4.19339 -75.6212 0.0194213
vn 0.713876 0.234126 -0.659974
v -4.15043 -75.6355 -1.9393
vn 0.780331 -0.0124003 0.625244
v -4.19339 -75.6294 -1.89924
vn 0.700547 -0.00408032 0.713595
v -4.0996 -75.6724 -2.05862
vn 0.988512 0.000607329 0.151142
v -4.0996 -75.5863 -2.05862
vn 0.988423 0.0013679 0.15172
v -4.09952 -75.6232 14.9599
vn 0.987151 -0.0179559 -0.158776
v -4.09496 -75.6786 14.9998
vn 0.990871 0.0145279 -0.134031
v -4.12101 -75.5802 14.892
vn 0.941674 -0.021083 -0.335864
v -4.16971 -75.6724 14.8307
vn 0.699561 -0.00136366 -0.714572
v -4.16971 -75.5863 14.8307
vn 0.699129 -0.00064544 -0.714995
v -4.19339 -75.6212 12.8893
vn 0.713876 0.234037 0.660006
v -4.55348 -75.6238 13.3063
vn 0.817984 0.20852 0.536118
v -4.68552 -75.5925 13.8486
vn 0.937019 0.305243 0.169769
v -4.54867 -75.6294 14.39
vn 0.811165 -0.0184606 -0.584526
v -4.19339 -75.6417 14.808
vn 0.715312 -2.22745e-06 -0.698805
v -4.13572 -75.6079 12.8273
vn 0.76815 -0.0162489 0.640064
v -4.19339 -75.6294 12.8893
vn 0.675664 0.00574893 0.737187
v -4.0996 -75.6724 12.7299
vn 0.989112 -0.00136951 0.147159
v -4.0996 -75.5863 12.7299
vn 0.987865 -0.000602915 0.155316
v -4.10244 -75.6355 29.7302
vn 0.963004 -0.0124605 -0.269199
v -4.09496 -75.6294 29.7884
vn 0.988238 -0.00409006 -0.152868
v -4.16971 -75.6724 29.6192
vn 0.700252 -0.00150984 -0.713894
v -4.16971 -75.5863 29.6192
vn 0.699845 -0.000453163 -0.714295
v -4.19339 -75.6171 27.6779
vn 0.715297 -2.22468e-06 0.69882
v -4.54866 -75.6294 28.0958
vn 0.811112 0.0183877 0.584602
v -4.55046 -75.6288 29.1813
vn 0.812569 0.0724266 -0.578347
v -4.19339 -75.6212 29.5965
vn 0.713878 0.234036 -0.660005
v -4.13572 -75.6079 27.6158
vn 0.768413 -0.0153437 0.63977
v -4.19339 -75.6294 27.6779
vn 0.674762 -0.0040298 0.738024
v -4.0996 -75.6724 27.5185
vn 0.987816 0.000832808 0.155623
v -4.0996 -75.5863 27.5185
vn 0.989072 0.00116942 0.147431
v -4.0987 -75.6571 -29.3949
vn 0.989146 0.007152 -0.146764
v -4.09496 -75.5802 -29.3658
vn 0.961481 -0.0149055 -0.274467
v -4.16971 -75.6724 -29.535
vn 0.699819 -0.00102485 -0.71432
v -4.16971 -75.5863 -29.535
vn 0.69937 -0.000982086 -0.714759
v -4.19339 -75.6212 -31.4763
vn 0.713875 0.234038 0.660006
v -4.55349 -75.6238 -31.0593
vn 0.822834 0.164307 0.54401
v -4.68552 -75.5925 -30.517
vn 0.936976 0.305398 0.169727
v -4.54866 -75.6294 -29.9756
vn 0.811112 0.0183877 -0.584602
v -4.19339 -75.6417 -29.5577
vn 0.715297 -2.22468e-06 -0.69882
v -4.13736 -75.6048 -31.5364
vn 0.772777 -0.0183899 0.634411
v -4.19339 -75.6294 -31.4763
vn 0.675849 0.00559019 0.737019
v -4.0996 -75.6724 -31.6357
vn 0.987816 0.000832808 0.155623
v -4.0996 -75.5863 -31.6357
vn 0.989072 0.00116942 0.147431
v -4.09496 -75.6458 -31.6682
vn 1 0 0
v -4.09496 -75.654 -37.9186
vn 1 0 0
v -4.098 -75.6663 44.5504
vn 0.987748 0.000951902 -0.156054
v -4.10287 -75.5894 44.537
vn 0.974465 -0.0202778 -0.22362
v -4.16971 -75.6724 44.4078
vn 0.699391 -0.00220956 -0.714736
v -4.16971 -75.5863 44.4078
vn 0.699062 0.000369939 -0.715061
v -4.19339 -75.6212 42.4664
vn 0.71387 0.23432 0.659913
v -4.5535 -75.6238 42.8835
vn 0.822894 0.16431 0.543918
v -4.68552 -75.5925 43.4258
vn 0.936976 0.305398 0.169727
v -4.54866 -75.6294 43.9672
vn 0.811112 -0.0183934 -0.584601
v -4.19339 -75.6417 44.3851
vn 0.715297 -2.22468e-06 -0.69882
v -4.15043 -75.6355 42.4264
vn 0.780239 -0.0129277 0.625348
v -4.19339 -75.6294 42.4664
vn 0.699621 -0.00249997 0.714509
v -4.0996 -75.6724 42.3071
vn 0.988428 -0.00140549 0.151685
v -4.0996 -75.5863 42.3071
vn 0.988518 -0.000555699 0.151102
v -5.37449 -74.8954 -30.703
vn 1 0 0
v -5.37449 -75.4766 -38.1548
vn 1 0 0
v -5.37449 -74.5606 -16.6765
vn 1 0 0
v -5.37449 -75.4818 -23.5738
vn 1 0 0
v -5.37449 -73.9706 -31.8576
vn 1 0 0
v -5.37449 -74.2584 -26.0061
vn 1 0 0
v -5.37449 -74.4647 -29.4936
vn 1 0 0
v -5.37449 -74.2584 -20.2392
vn 1 0 0
v -5.37449 -74.3007 -38.332
vn 1 0 0
v -5.37449 -73.1318 -29.1499
vn 1 0 0
v -5.37449 -73.5079 -27.5954
vn 1 0 0
v -5.37449 -73.5199 -33.559
vn 1 0 0
v -5.37449 -73.5132 -17.1023
vn 1 0 0
v -5.37449 -73.5079 -18.6501
vn 1 0 0
v -5.37449 -72.847 -20.0585
vn 1 0 0
v -5.37449 -74.8479 -15.3708
vn 1 0 0
v -5.37449 -74.6544 -1.79866
vn 1 0 0
v -5.37449 -74.2584 -11.2177
vn 1 0 0
v -5.37449 -74.2455 -14.5776
vn 1 0 0
v -5.37449 -74.2584 -5.45069
vn 1 0 0
v -5.37449 -73.8948 0.427193
vn 1 0 0
v -5.37449 -74.2584 3.57087
vn 1 0 0
v -5.37449 -74.7922 -0.467287
vn 1 0 0
v -5.37449 -74.7919 13.3772
vn 1 0 0
v -5.37449 -73.3285 -14.3461
vn 1 0 0
v -5.37449 -73.5079 -12.8069
vn 1 0 0
v -5.37449 -73.5079 -3.86153
vn 1 0 0
v -5.37449 -73.1318 -2.30703
vn 1 0 0
v -5.37449 -73.5079 1.98171
vn 1 0 0
v -5.37449 -72.847 3.39018
vn 1 0 0
v -5.37449 -72.847 -11.3984
vn 1 0 0
v -5.37449 -72.847 -26.1869
vn 1 0 0
v -5.37449 -72.847 -5.27
vn 1 0 0
v -5.37449 -71.1635 -38.332
vn 1 0 0
v -5.37449 -73.8948 12.4815
vn 1 0 0
v -5.37449 -74.2584 9.33787
vn 1 0 0
v -5.37449 -74.6707 14.6874
vn 1 0 0
v -5.37449 -74.6725 27.7987
vn 1 0 0
v -5.37449 -74.2584 18.3594
vn 1 0 0
v -5.37449 -74.2584 24.1264
vn 1 0 0
v -5.37449 -73.5079 10.927
vn 1 0 0
v -5.37449 -72.847 9.51856
vn 1 0 0
v -5.37449 -73.1319 15.2158
vn 1 0 0
v -5.37449 -73.5079 16.7703
vn 1 0 0
v -5.37449 -73.3285 27.2548
vn 1 0 0
v -5.37449 -73.5079 25.7156
vn 1 0 0
v -5.37449 -74.7919 29.1086
vn 1 0 0
v -5.37449 -74.6725 42.5873
vn 1 0 0
v -5.37449 -73.8948 30.0044
vn 1 0 0
v -5.37449 -74.2584 33.148
vn 1 0 0
v -5.37449 -74.7813 44.0084
vn 1 0 0
v -5.37449 -75.4818 49.3313
vn 1 0 0
v -5.37449 -74.2584 38.915
vn 1 0 0
v -5.37449 -73.5094 46.4593
vn 1 0 0
v -5.37449 -73.5079 31.5588
vn 1 0 0
v -5.37449 -73.5079 40.5041
vn 1 0 0
v -5.37449 -73.1319 42.0586
vn 1 0 0
v -5.37449 -73.6938 44.7989
vn 1 0 0
v -5.37449 -72.847 18.1787
vn 1 0 0
v -5.37449 -72.847 24.3071
vn 1 0 0
v -5.37449 -72.847 32.9673
vn 1 0 0
v -5.37449 -72.847 39.0957
vn 1 0 0
v -5.37449 -71.1635 49.3313
vn 1 0 0
v -5.37449 -72.5287 -31.5148
vn 1 0 0
v -5.37449 -72.509 -16.7107
vn 1 0 0
v -5.37449 -72.2408 -30.0219
vn 1 0 0
v -5.37449 -71.9413 -33.31
vn 1 0 0
v -5.37449 -71.925 -21.3311
vn 1 0 0
v -5.37449 -71.9096 -32.338
vn 1 0 0
v -5.37449 -72.2801 -15.0569
vn 1 0 0
v -5.37449 -71.9172 -10.1639
vn 1 0 0
v -5.37449 -72.1412 -1.2259
vn 1 0 0
v -5.37449 -72.6821 0.155505
vn 1 0 0
v -5.37449 -71.9898 0.95079
vn 1 0 0
v -5.37449 -72.6841 12.752
vn 1 0 0
v -5.37449 -71.1635 -9.1109
vn 1 0 0
v -5.37449 -71.9966 12.031
vn 1 0 0
v -5.37449 -71.1635 5.49964
vn 1 0 0
v -5.37449 -72.1435 14.1391
vn 1 0 0
v -5.37449 -72.2791 27.9666
vn 1 0 0
v -5.37449 -71.9247 23.1448
vn 1 0 0
v -5.37449 -72.5083 29.6191
vn 1 0 0
v -5.37449 -71.94 46.2787
vn 1 0 0
v -5.37449 -72.5276 44.4221
vn 1 0 0
v -5.37449 -72.2402 42.9317
vn 1 0 0
v -5.37449 -71.9251 34.312
vn 1 0 0
v -5.37449 -71.9104 45.3193
vn 1 0 0
v -5.46202 -75.5366 -16.9461
vn -0.980757 -0.195232 0
v -5.47292 -75.4818 -8.99279
vn -0.980757 -0.195232 0
v -5.46202 -75.5366 26.7969
vn -0.980757 -0.195232 0
v -5.47292 -75.4818 34.7503
vn -0.980757 -0.195232 0
v -5.33085 -75.6678 -16.9461
vn -0.19404 -0.980994 0
v -5.27607 -75.6786 -8.99279
vn -0.19404 -0.980994 0
v -5.30118 -75.6736 32.3201
vn -0.19404 -0.980994 0
v -5.32127 -75.6697 5.58823
vn -0.19404 -0.980994 0
v -4.20162 -75.5802 -38.1458
vn 0 1 0
v -4.57464 -75.5802 -31.0676
vn 0 1 0
v -4.37533 -75.5802 -16.5087
vn 0 1 0
v -4.40363 -75.5802 -29.7664
vn 0 1 0
v -4.5237 -75.5802 -15.1338
vn 0 1 0
v -4.47801 -75.5802 -1.60417
vn 0 1 0
v -4.21277 -75.5802 0.000555124
vn 0 1 0
v -4.25923 -75.5802 12.9537
vn 0 1 0
v -4.58757 -75.5802 -34.1104
vn 0 1 0
v -4.59879 -75.5802 -33.1643
vn 0 1 0
v -4.58924 -75.5802 -22.0207
vn 0 1 0
v -4.58921 -75.5802 -10.7256
vn 0 1 0
v -4.58906 -75.5802 0.567017
vn 0 1 0
v -4.5147 -75.5802 11.608
vn 0 1 0
v -4.48427 -75.5802 14.5039
vn 0 1 0
v -4.36622 -75.5802 27.8477
vn 0 1 0
v -4.51785 -75.5802 29.241
vn 0 1 0
v -4.41063 -75.5802 42.6824
vn 0 1 0
v -4.62345 -75.5802 43.9238
vn 0 1 0
v -4.20596 -75.5802 49.3232
vn 0 1 0
v -4.58924 -75.5802 22.8995
vn 0 1 0
v -4.70742 -75.5802 11.6803
vn 0 1 0
v -4.58924 -75.5802 34.1946
vn 0 1 0
v -4.60932 -75.5802 45.3446
vn 0 1 0
v -4.5849 -75.5802 46.2629
vn 0 1 0
v -5.27607 -75.5802 -38.1548
vn 0 1 0
v -5.27607 -75.5802 49.3313
vn 0 1 0
v -5.30738 -75.6025 49.3313
vn 0 0 1
v -5.45476 -75.5354 49.3313
vn 0 0 1
v -4.33247 -75.6541 49.3313
vn 0 0 1
v -5.37 -75.5044 -38.1548
vn 0.980738 0.195329 0
v -5.37074 -75.5006 -12.638
vn 0.980738 0.195329 0
v -5.37074 -75.5006 23.8145
vn 0.980738 0.195329 0
v -5.37 -75.5044 49.3313
vn 0.980738 0.195329 0
v -5.28862 -75.5777 -38.1548
vn 0.195307 0.980742 0
v -5.2949 -75.5765 -12.638
vn 0.195307 0.980742 0
v -5.29867 -75.5757 5.58823
vn 0.195307 0.980742 0
v -5.28862 -75.5777 49.3313
vn 0.195307 0.980742 0
v -5.47292 -74.8137 -31.0066
vn -1 0 0
v -5.47292 -75.4766 -38.1548
vn -1 0 0
v -5.47292 -75.4818 -23.5738
vn -1 0 0
v -5.47292 -73.9706 -31.8576
vn -1 0 0
v -5.47292 -74.6725 -29.6785
vn -1 0 0
v -5.47292 -74.7919 -16.1999
vn -1 0 0
v -5.47292 -73.8948 -17.0956
vn -1 0 0
v -5.47292 -74.2584 -20.2392
vn -1 0 0
v -5.47292 -74.2584 -26.0061
vn -1 0 0
v -5.47292 -74.3007 -38.332
vn -1 0 0
v -5.47292 -73.5199 -33.559
vn -1 0 0
v -5.47292 -73.1318 -29.1499
vn -1 0 0
v -5.47292 -73.5079 -27.5954
vn -1 0 0
v -5.47292 -73.5079 -18.6501
vn -1 0 0
v -5.47292 -72.847 -20.0585
vn -1 0 0
v -5.47292 -74.6562 -14.8702
vn -1 0 0
v -5.47292 -74.5606 -1.88799
vn -1 0 0
v -5.47292 -74.2584 -11.2177
vn -1 0 0
v -5.47292 -74.2584 -5.45069
vn -1 0 0
v -5.47292 -74.8482 -0.58437
vn -1 0 0
v -5.47292 -74.5611 12.9008
vn -1 0 0
v -5.47292 -73.8948 0.427193
vn -1 0 0
v -5.47292 -74.2584 3.57087
vn -1 0 0
v -5.47292 -73.5079 -12.8069
vn -1 0 0
v -5.47292 -73.3285 -14.3461
vn -1 0 0
v -5.47292 -73.1318 -2.30703
vn -1 0 0
v -5.47292 -73.5079 -3.86153
vn -1 0 0
v -5.47292 -73.5079 1.98171
vn -1 0 0
v -5.47292 -72.847 -11.3984
vn -1 0 0
v -5.47292 -72.847 -26.1869
vn -1 0 0
v -5.47292 -72.847 -5.27
vn -1 0 0
v -5.47292 -72.847 3.39018
vn -1 0 0
v -5.47292 -74.8482 14.2042
vn -1 0 0
v -5.47292 -74.2584 9.33787
vn -1 0 0
v -5.47292 -74.561 27.6893
vn -1 0 0
v -5.47292 -74.2455 14.9995
vn -1 0 0
v -5.47292 -74.2584 18.3594
vn -1 0 0
v -5.47292 -74.2584 24.1264
vn -1 0 0
v -5.47292 -73.5079 10.927
vn -1 0 0
v -5.47292 -73.5132 12.4748
vn -1 0 0
v -5.47292 -73.5079 16.7703
vn -1 0 0
v -5.47292 -73.1319 15.2158
vn -1 0 0
v -5.47292 -73.3285 27.2548
vn -1 0 0
v -5.47292 -73.5079 25.7156
vn -1 0 0
v -5.47292 -72.847 24.3071
vn -1 0 0
v -5.47292 -74.8484 28.9942
vn -1 0 0
v -5.47292 -74.5607 42.4777
vn -1 0 0
v -5.47292 -74.2584 33.148
vn -1 0 0
v -5.47292 -73.8948 30.0044
vn -1 0 0
v -5.47292 -74.8397 43.9274
vn -1 0 0
v -5.47292 -75.4818 49.3313
vn -1 0 0
v -5.47292 -74.2584 38.915
vn -1 0 0
v -5.47292 -73.5094 46.4593
vn -1 0 0
v -5.47292 -73.5079 31.5588
vn -1 0 0
v -5.47292 -73.5079 40.5041
vn -1 0 0
v -5.47292 -73.1319 42.0586
vn -1 0 0
v -5.47292 -73.6938 44.7989
vn -1 0 0
v -5.47292 -72.847 32.9673
vn -1 0 0
v -5.47292 -72.847 9.51856
vn -1 0 0
v -5.47292 -72.847 18.1787
vn -1 0 0
v -5.47292 -72.847 39.0957
vn -1 0 0
v -5.47292 -71.1635 49.3313
vn -1 0 0
v -5.47292 -71.9762 -33.2191
vn -1 0 0
v -5.47292 -72.5287 -31.5148
vn -1 0 0
v -5.47292 -72.509 -16.7107
vn -1 0 0
v -5.47292 -72.2408 -30.0219
vn -1 0 0
v -5.47292 -71.9251 -21.331
vn -1 0 0
v -5.47292 -72.2801 -15.0569
vn -1 0 0
v -5.47292 -71.9275 -10.168
vn -1 0 0
v -5.47292 -72.6821 0.155505
vn -1 0 0
v -5.47292 -72.1412 -1.2259
vn -1 0 0
v -5.47292 -72.6841 12.752
vn -1 0 0
v -5.47292 -72.0294 0.800356
vn -1 0 0
v -5.47292 -71.1635 -38.332
vn -1 0 0
v -5.47292 -71.9002 -32.3256
vn -1 0 0
v -5.47292 -71.1635 -9.1109
vn -1 0 0
v -5.47292 -71.9458 1.04606
vn -1 0 0
v -5.47292 -71.9897 12.0367
vn -1 0 0
v -5.47292 -71.1635 5.49964
vn -1 0 0
v -5.47292 -72.1435 14.1391
vn -1 0 0
v -5.47292 -72.2791 27.9666
vn -1 0 0
v -5.47292 -71.9248 23.1449
vn -1 0 0
v -5.47292 -72.5083 29.6191
vn -1 0 0
v -5.47292 -72.5276 44.4221
vn -1 0 0
v -5.47292 -71.94 46.2787
vn -1 0 0
v -5.47292 -72.2402 42.9317
vn -1 0 0
v -5.47292 -71.925 34.3121
vn -1 0 0
v -5.47292 -71.9104 45.3193
vn -1 0 0
v -5.42362 -75.4818 49.3313
vn 0 0 1
v -5.42362 -71.1635 49.3313
vn 0 0 1
v -2.97801 -68.6045 52.1922
vn -0.997515 0.000281515 0.070447
v -2.9789 -68.7029 52.1904
vn -0.977306 -0.000517619 0.211834
v -2.99074 -68.6045 52.1845
vn 0.536478 -0.000338334 0.843914
v -2.99074 -68.7029 52.1845
vn 0.531261 0.000676585 0.847208
v -1.01935 -68.7029 -34.513
vn 0 -1 0
v -2.9926 -68.7029 -8.15945
vn 0 -1 0
v -2.9926 -68.7029 -38.332
vn 0 -1 0
v -0.888426 -68.7029 -13.9342
vn 0 -1 0
v -1.04792 -68.7029 -13.6923
vn 0 -1 0
v -0.699295 -68.7029 -4.22765
vn 0 -1 0
v -1.02447 -68.7029 6.96337
vn 0 -1 0
v -0.836471 -68.7029 -34.2347
vn 0 -1 0
v 0.53102 -68.7029 -38.332
vn 0 -1 0
v -1.05271 -68.7029 27.4055
vn 0 -1 0
v -0.699295 -68.7029 2.91802
vn 0 -1 0
v -0.729166 -68.7029 6.86883
vn 0 -1 0
v -0.734923 -68.7029 27.3986
vn 0 -1 0
v -0.716838 -68.7029 -13.689
vn 0 -1 0
v -0.178184 -68.7029 -34.1785
vn 0 -1 0
v -0.337715 -68.7029 -5.10647
vn 0 -1 0
v -0.308796 -68.7029 -13.8467
vn 0 -1 0
v -0.33608 -68.7029 3.76433
vn 0 -1 0
v -0.245138 -68.7029 27.6077
vn 0 -1 0
v 0.0290511 -68.7029 -4.22765
vn 0 -1 0
v -0.237685 -68.7029 6.59377
vn 0 -1 0
v -2.9926 -68.7029 22.0131
vn 0 -1 0
v -2.19358 -68.7029 47.0079
vn 0 -1 0
v -2.98282 -68.7029 52.1975
vn 0 -1 0
v -1.07759 -68.7029 52.1995
vn 0 -1 0
v -0.890411 -68.7029 47.9495
vn 0 -1 0
v -0.91142 -68.7029 27.6547
vn 0 -1 0
v -1.00872 -68.7029 48.2806
vn 0 -1 0
v -0.266675 -68.7029 47.9967
vn 0 -1 0
v -0.417527 -68.7029 50.0166
vn 0 -1 0
v -0.401225 -68.7029 50.974
vn 0 -1 0
v 0.53102 -68.7029 52.1995
vn 0 -1 0
v -0.00459738 -68.7029 -34.6873
vn 0 -1 0
v 0.15719 -68.7029 -14.0354
vn 0 -1 0
v 0.0290511 -68.7029 2.91802
vn 0 -1 0
v 0.0283258 -68.7029 -13.4793
vn 0 -1 0
v 0.295208 -68.7029 -34.2217
vn 0 -1 0
v 0.284334 -68.7029 -13.6333
vn 0 -1 0
v 0.300196 -68.7029 6.75365
vn 0 -1 0
v -0.0851637 -68.7029 7.1484
vn 0 -1 0
v -0.215368 -68.7029 27.3389
vn 0 -1 0
v 0.139419 -68.7029 27.2014
vn 0 -1 0
v 0.222094 -68.7029 27.7626
vn 0 -1 0
v 0.180826 -68.7029 48.3959
vn 0 -1 0
v 0.269512 -68.7029 7.01094
vn 0 -1 0
v 0.157218 -68.7029 47.8485
vn 0 -1 0
v 0.53102 -68.8013 52.2979
vn 0 0 -1
v -2.48503 -69.7779 52.2979
vn 0 0 -1
v -3.07711 -68.8013 52.2979
vn 0 0 -1
v -0.245302 -69.7745 52.2979
vn 0 0 -1
v -3.07711 -70.6942 52.2979
vn 0 0 -1
v 0.528057 -70.6935 52.2979
vn 0 0 -1
v -3.05432 -68.7297 52.2717
vn -0.000381366 -0.592248 -0.805755
v -2.17753 -68.7358 52.2643
vn -0.000796287 -0.666537 -0.745472
v 0.53102 -68.7067 52.2184
vn 0 -0.980782 -0.195105
v -0.504947 -68.7067 52.2184
vn 0 -0.980782 -0.195105
v -0.521351 -68.7825 52.2942
vn 0 -0.195124 -0.980779
v 0.53102 -68.7825 52.2942
vn 0 -0.195124 -0.980779
v -3.07711 -68.8014 52.3102
vn -1 0 0
v -3.07711 -70.6942 52.2979
vn -1 0 0
v -3.07711 -70.6942 52.3964
vn -1 0 0
v -3.07711 -68.8015 52.3718
vn -1 0 0
v -3.07172 -68.7613 52.3158
vn -0.945363 0.300243 -0.127058
v -3.0704 -68.7675 52.2913
vn -0.945363 0.300243 -0.127058
v -3.07303 -68.7503 52.3766
vn -0.985009 0.169649 -0.0312503
v -3.06646 -68.7124 52.3751
vn -0.985009 0.169649 -0.0312503
v -2.97868 -68.6865 52.1995
vn -0.768673 0.0431727 -0.638183
v -3.00876 -68.6959 52.2332
vn -0.733446 0.14551 -0.663991
v -3.03822 -68.6446 52.3186
vn -0.908141 0.199301 -0.368182
v -2.99317 -68.6265 52.2231
vn -0.876631 0.0970141 -0.471282
v -3.09103 -70.8641 -28.1548
vn 1 0 0
v -3.09103 -70.8682 -38.332
vn 1 0 0
v -3.09103 -72.4234 -23.0958
vn 1 0 0
v -3.09103 -72.4234 -26.7965
vn 1 0 0
v -3.09103 -71.0848 -28.1351
vn 1 0 0
v -3.09103 -71.0848 -21.7572
vn 1 0 0
v -3.09103 -70.856 -21.7375
vn 1 0 0
v -3.09103 -69.8349 -2.80259
vn 1 0 0
v -3.09103 -68.8013 -38.332
vn 1 0 0
v -3.09103 -69.477 -3.91703
vn 1 0 0
v -3.09103 -69.6373 4.69614
vn 1 0 0
v -3.09103 -69.4765 -1.81003
vn 1 0 0
v -3.09103 -70.2265 51.3496
vn 1 0 0
v -3.09103 -70.8079 49.2468
vn 1 0 0
v -3.09103 -70.6942 52.284
vn 1 0 0
v -3.09103 -69.6622 8.20913
vn 1 0 0
v -3.09103 -69.3397 51.3535
vn 1 0 0
v -3.09103 -69.1528 -2.70477
vn 1 0 0
v -3.09103 -68.8013 18.303
vn 1 0 0
v -3.09103 -68.8013 52.284
vn 1 0 0
v -3.18945 -70.8657 -28.1548
vn -1 0 0
v -3.18945 -70.8682 -38.332
vn -1 0 0
v -3.18945 -72.4234 -23.0958
vn -1 0 0
v -3.18945 -71.0848 -28.1351
vn -1 0 0
v -3.18945 -72.4234 -26.7965
vn -1 0 0
v -3.18945 -71.0848 -21.7572
vn -1 0 0
v -3.18945 -70.7773 -21.7375
vn -1 0 0
v -3.18945 -70.8682 1.92393
vn -1 0 0
v -3.18945 -69.8349 -2.80259
vn -1 0 0
v -3.18945 -69.477 -3.91703
vn -1 0 0
v -3.18945 -68.8013 -38.332
vn -1 0 0
v -3.18945 -69.7429 4.71995
vn -1 0 0
v -3.18945 -69.4765 -1.81003
vn -1 0 0
v -3.18945 -70.8682 13.7546
vn -1 0 0
v -3.18945 -70.2265 51.3496
vn -1 0 0
v -3.18945 -70.8079 49.2468
vn -1 0 0
v -3.18945 -70.6942 52.284
vn -1 0 0
v -3.18945 -69.7423 8.18733
vn -1 0 0
v -3.18945 -69.3397 51.3535
vn -1 0 0
v -3.18945 -69.1528 -2.70477
vn -1 0 0
v -3.18945 -68.8013 18.303
vn -1 0 0
v -3.18945 -68.8013 52.284
vn -1 0 0
v -3.00517 -68.7054 -38.332
vn 0.195257 -0.980752 0
v -3.01144 -68.7067 -11.9187
vn 0.195257 -0.980752 0
v -3.01521 -68.7074 6.95635
vn 0.195257 -0.980752 0
v -3.05391 -68.7252 52.2547
vn 0.778238 -0.62797 1.4006e-05
v -3.06441 -68.7292 29.63
vn 0.773067 -0.634324 2.8163e-05
v -3.08853 -68.7887 -38.332
vn 0.980826 -0.194885 0
v -3.08729 -68.7825 -11.9023
vn 0.980826 -0.194885 0
v -3.08853 -68.7887 6.97602
vn 0.980826 -0.194885 0
v -3.01773 -68.6095 -38.332
vn -0.19404 0.980994 0
v -3.03782 -68.6134 -12.6725
vn -0.19404 0.980994 0
v -3.01773 -68.6095 6.94323
vn -0.19404 0.980994 0
v -3.13572 -68.6568 29.63
vn -0.772563 0.634939 -7.82182e-05
v -3.0581 -68.6021 52.2232
vn -0.40085 0.916144 -5.81616e-05
v -3.17856 -68.7465 -16.3645
vn -0.980781 0.19511 0
v -3.18945 -68.8013 -8.12665
vn -0.980781 0.19511 0
v -3.19121 -68.8004 52.2866
vn -0.986782 0.162056 -7.50227e-05
v -3.18046 -68.7561 6.97602
vn -0.980781 0.19511 0
v -3.12376 -70.6942 52.284
vn 0 0 1
v -3.12376 -68.8013 52.284
vn 0 0 1
v -2.9926 -68.7029 52.1856
vn 0.583072 0.154349 0.797624
v -3.08735 -68.7433 52.2661
vn 0.209922 0.303096 0.929551
v -3.01795 -68.6207 52.2001
vn 0.476827 0.0729614 0.875964
v -3.10081 -68.6419 52.2397
vn 0.298887 0.210122 0.930868
v -3.17669 -68.7684 52.2807
vn 0.0709222 0.128828 0.989128
v -2.18428 -68.6724 52.3336
vn 0.00194289 0.66888 0.743368
v -3.05612 -68.6616 52.3516
vn 0.000940705 0.609707 0.792626
v 0.53102 -68.6135 52.2452
vn 0 0.980978 0.194118
v -0.504947 -68.6119 52.2372
vn 0 0.980978 0.194118
v -0.521351 -68.7636 52.3889
vn 0 0.195352 0.980733
v 0.53102 -68.7561 52.3874
vn 0 0.195352 0.980733
v 0.294799 -70.6942 52.3471
vn 0 -1 0
v -3.07711 -70.6942 52.3471
vn 0 -1 0
v -5.26147 -70.9667 49.2395
vn -0.996287 9.24717e-05 0.086094
v -5.26146 -71.0651 49.2407
vn -0.991927 -9.01849e-05 0.126809
v -5.27421 -71.0651 49.2316
vn 0.535687 0.000311151 0.844417
v -5.27421 -70.9667 49.2316
vn 0.53089 -0.000622295 0.84744
v -4.94142 -71.0651 -28.1548
vn 0 -1 0
v -5.27607 -71.0651 -38.332
vn 0 -1 0
v -4.94142 -71.0651 -21.7375
vn 0 -1 0
v -5.27604 -71.0651 49.2284
vn 0 -1 0
v -3.28788 -71.0651 49.2468
vn 0 -1 0
v -3.28788 -71.0651 -38.332
vn 0 -1 0
v -3.28788 -71.0651 -28.1548
vn 0 -1 0
v -3.28788 -71.0651 -21.7375
vn 0 -1 0
v -3.28788 -71.0651 49.2468
vn 0 -1 0
v -5.35183 -71.1124 49.336
vn -0.00120409 -0.596211 -0.802827
v -4.84665 -71.0891 49.3045
vn -0.00136425 -0.670413 -0.741987
v -3.28788 -71.0689 49.2656
vn 0 -0.980684 -0.1956
v -3.87601 -71.0689 49.2656
vn 0 -0.980684 -0.1956
v -3.28788 -71.1447 49.3414
vn 0 -0.195619 -0.98068
v -3.89242 -71.1447 49.3414
vn 0 -0.195619 -0.98068
v -5.36057 -71.1637 49.3575
vn -1 0 0
v -5.36057 -73.132 49.4436
vn -1 0 0
v -5.36057 -71.1638 49.419
vn -1 0 0
v -5.36057 -71.1635 49.3575
vn -0.979853 0.193573 -0.0491626
v -5.34226 -71.0996 49.3469
vn -0.873202 0.318487 -0.368896
v -5.35412 -71.1233 49.42
vn -0.98516 0.136765 -0.103703
v -5.3245 -71.0223 49.3714
vn -0.929669 0.198944 -0.31006
v -5.26215 -71.0487 49.2468
vn -0.754491 0.0787906 -0.651564
v -5.27664 -70.9969 49.2703
vn -0.875395 0.0940528 -0.474171
v -5.29868 -71.0696 -38.332
vn 0.195307 -0.980742 0
v -5.2949 -71.0689 -12.78
vn 0.195307 -0.980742 0
v -5.29868 -71.0696 5.47997
vn 0.195307 -0.980742 0
v -5.33732 -71.0873 49.302
vn 0.778295 -0.627899 1.51395e-05
v -5.34783 -71.0914 27.4155
vn 0.773131 -0.634246 2.9754e-05
v -5.37074 -71.1447 -12.7636
vn 0.98073 -0.195367 0
v -5.37 -71.1409 -38.332
vn 0.98073 -0.195367 0
v -5.37199 -71.151 5.49964
vn 0.98073 -0.195367 0
v -5.3012 -70.9717 -38.332
vn -0.195283 0.980747 0
v -5.32129 -70.9757 -13.5092
vn -0.195283 0.980747 0
v -5.3229 -70.9591 49.2637
vn -0.404383 0.91459 -4.80217e-05
v -5.32129 -70.9757 5.47997
vn -0.195283 0.980747 0
v -5.41921 -71.0191 27.4155
vn -0.77255 0.634954 -8.15397e-05
v -5.46202 -71.1087 -17.0804
vn -0.980753 0.195251 0
v -5.47292 -71.1635 -9.1109
vn -0.980753 0.195251 0
v -5.47468 -71.1626 49.3338
vn -0.986751 0.162241 -7.74211e-05
v -5.46393 -71.1183 5.49964
vn -0.980753 0.195251 0
v -5.27607 -71.0487 49.2328
vn 0.65225 0.0863412 0.75307
v -5.37619 -71.0999 49.313
vn 0.353906 0.319157 0.879141
v -5.29961 -70.9969 49.2473
vn 0.471716 0.0964339 0.876461
v -5.38428 -71.0042 49.287
vn 0.29849 0.210925 0.930814
v -5.3868 -71.1635 49.3313
vn 0.0502104 0.193348 0.979845
v -5.46016 -71.1306 49.328
vn 0.0718513 0.128652 0.989083
v -4.76163 -71.0181 49.3804
vn 0.00165597 0.858475 0.512853
v -5.34012 -71.0316 49.3958
vn 0.00330988 0.804837 0.593487
v -3.87601 -70.9742 49.2845
vn 0 0.980733 0.195352
v -3.61692 -70.9667 49.2468
vn 0 0.980733 0.195352
v -3.28788 -71.1259 49.4361
vn 0 0.195371 0.980729
v -3.89242 -71.1259 49.4361
vn 0 0.195371 0.980729
v -3.28788 -71.1099 49.4255
vn 1 0 0
v -3.28788 -71.0338 49.2691
vn 1 0 0
v -3.5241 -73.132 49.3944
vn 0 -1 0
v -5.36057 -73.132 49.3944
vn 0 -1 0
v -4.81848 -71.8007 49.4436
vn 0 0 1
v -5.36057 -71.1635 49.4436
vn 0 0 1
v -3.89119 -71.3647 49.4436
vn 0 0 1
v -5.36057 -73.132 49.4436
vn 0 0 1
v -3.28964 -73.1312 49.4436
vn 0 0 1
v -3.28788 -71.1635 49.4436
vn 0 0 1
v -3.16638 -70.9764 49.2468
vn 0 0 1
v -3.14024 -70.6942 49.2468
vn 0 0 1
v -3.25706 -70.9606 -21.7375
vn -0.195258 0.980752 0
v -3.27919 -70.965 13.7546
vn -0.195258 0.980752 0
v -3.26904 -70.9629 28.543
vn -0.195258 0.980752 0
v -3.27532 -70.9642 49.2468
vn -0.195258 0.980752 0
v -3.19195 -70.8808 -21.7375
vn -0.980827 0.194879 0
v -3.19319 -70.8871 -1.03375
vn -0.980827 0.194879 0
v -3.19319 -70.8871 28.543
vn -0.980827 0.194879 0
v -3.19394 -70.8908 49.2468
vn -0.980827 0.194879 0
v -4.94142 -70.9667 -28.1548
vn 0 1 0
v -5.27607 -70.9667 -38.332
vn 0 1 0
v -4.94142 -70.9667 -21.7375
vn 0 1 0
v -5.27604 -70.9667 49.2284
vn 0 1 0
v -3.28788 -70.9667 49.2468
vn 0 1 0
v -3.28788 -70.9667 -38.332
vn 0 1 0
v -3.28788 -70.9667 -28.1548
vn 0 1 0
v -3.28788 -70.9667 -21.7375
vn 0 1 0
v -3.28788 -70.9667 49.2468
vn 0 1 0
v -3.24268 -71.0561 -21.7375
vn 0.195282 -0.980747 0
v -3.26277 -71.0601 -0.0478567
vn 0.195282 -0.980747 0
v -3.26277 -71.0601 27.5571
vn 0.195282 -0.980747 0
v -3.24268 -71.0561 49.2468
vn 0.195282 -0.980747 0
v -3.09602 -70.8933 -0.0478567
vn 0.980831 -0.19486 0
v -3.10002 -70.9134 -21.7375
vn 0.980831 -0.19486 0
v -3.09602 -70.8933 49.2468
vn 0.980831 -0.19486 0
v -3.10002 -70.9134 29.1345
vn 0.980831 -0.19486 0
v -1.01935 -68.6045 -34.513
vn 0 1 0
v -2.9926 -68.6045 -38.332
vn 0 1 0
v -2.9926 -68.6045 -8.15945
vn 0 1 0
v -0.888424 -68.6045 -13.9342
vn 0 1 0
v -1.04792 -68.6045 -13.6923
vn 0 1 0
v -1.02448 -68.6045 6.96337
vn 0 1 0
v -0.699295 -68.6045 -4.22765
vn 0 1 0
v -0.836472 -68.6045 -34.2348
vn 0 1 0
v 0.53102 -68.6045 -38.332
vn 0 1 0
v -0.888463 -68.6045 27.3217
vn 0 1 0
v -0.983825 -68.6045 27.613
vn 0 1 0
v -0.699295 -68.6045 2.91802
vn 0 1 0
v -0.729137 -68.6045 6.86883
vn 0 1 0
v -0.716838 -68.6045 -13.689
vn 0 1 0
v -0.178184 -68.6045 -34.1785
vn 0 1 0
v -0.337715 -68.6045 -5.10647
vn 0 1 0
v -0.308796 -68.6045 -13.8467
vn 0 1 0
v -0.33608 -68.6045 3.76433
vn 0 1 0
v -0.735089 -68.6045 27.5793
vn 0 1 0
v -0.32641 -68.6045 27.3806
vn 0 1 0
v 0.0290511 -68.6045 -4.22765
vn 0 1 0
v -0.294676 -68.6045 6.84691
vn 0 1 0
v -2.9926 -68.6045 22.0131
vn 0 1 0
v -2.19358 -68.6045 47.0079
vn 0 1 0
v -2.98282 -68.6045 52.1975
vn 0 1 0
v -1.07759 -68.6045 52.1995
vn 0 1 0
v -0.989742 -68.6045 47.9973
vn 0 1 0
v -0.705209 -68.6045 48.1092
vn 0 1 0
v -0.455361 -68.6045 50.0943
vn 0 1 0
v -0.266641 -68.6045 47.9966
vn 0 1 0
v -0.489418 -68.6045 51.0229
vn 0 1 0
v 0.53102 -68.6045 52.1995
vn 0 1 0
v -0.00459738 -68.6045 -34.6873
vn 0 1 0
v 0.0290511 -68.6045 2.91802
vn 0 1 0
v 0.0283258 -68.6045 -13.4793
vn 0 1 0
v 0.27619 -68.6045 6.60406
vn 0 1 0
v 0.15719 -68.6045 -14.0354
vn 0 1 0
v 0.295208 -68.6045 -34.2217
vn 0 1 0
v 0.284334 -68.6045 -13.6333
vn 0 1 0
v 0.100371 -68.6045 7.16678
vn 0 1 0
v 0.222148 -68.6045 27.7626
vn 0 1 0
v 0.180826 -68.6045 48.3959
vn 0 1 0
v 0.15706 -68.6045 47.8484
vn 0 1 0
v 0.214399 -68.6045 27.2598
vn 0 1 0
v -3.14024 -69.6822 -3.67056
vn 0 1 0
v -3.14024 -69.6822 -3.17695
vn 0 1 0
v -3.15254 -69.6648 -3.7251
vn -0.0582235 0.924551 0.376584
v -3.11564 -69.5605 -3.85854
vn -0.0261316 0.475106 0.879541
v -3.11564 -69.4555 -3.8811
vn -0.00634967 0.0399063 0.999183
v -3.18945 -69.4706 -3.88002
vn 0.0438479 0 0.999038
v -3.14639 -69.299 -3.77238
vn 0.00629248 -0.883812 0.4678
v -3.09103 -69.259 -3.67056
vn 0.0065086 -0.95957 0.281396
v -3.14024 -69.259 -3.17695
vn 0 -1 0
v -3.14024 -69.259 -3.67056
vn 0 -1 0
v -3.15254 -69.1625 -3.05756
vn -0.0234004 -0.928232 0.371266
v -3.14024 -69.259 -3.17695
vn 3.82155e-08 -0.757991 0.652265
v -3.14024 -69.1478 -2.7652
vn -0.0114842 -0.906108 -0.422891
v -3.18945 -69.152 -2.76477
vn 0.0750856 -0.919016 -0.387003
v -3.16484 -69.3294 -2.57941
vn -0.021694 -0.231619 -0.972565
v -3.11564 -69.2302 -2.6455
vn 0.0201699 -0.807815 -0.589091
v -3.14024 -69.4706 -2.5495
vn 0.00613717 -0.0196657 -0.999788
v -3.09103 -69.5216 -2.55324
vn -0.075784 0 -0.997124
v -3.16484 -69.711 -2.6455
vn -0.0201698 0.807815 -0.589091
v -3.14024 -69.7934 -2.7652
vn 0.00574327 0.914043 -0.405576
v -3.14024 -69.6822 -3.17695
vn 1.37076e-07 0.784457 0.620184
v -3.15254 -69.7964 -3.02363
vn 0.0188007 0.865467 0.500614
v -3.09103 -69.809 -2.81178
vn -0.0750859 0.919016 -0.387003
v -3.14399 -70.8871 -21.7375
vn 0 0 -1
v -3.23425 -71.0223 -21.7375
vn 0 0 -1
v -3.23425 -71.0223 -28.1548
vn 0 0 1
v -3.14399 -70.8871 -28.1548
vn 0 0 1
v -3.14669 -68.7477 -38.332
vn 0 0 -1
v -3.00601 -68.6582 -38.332
vn 0 0 -1
v -3.26277 -71.0601 -38.332
vn 0.195282 -0.980747 0
v -3.25021 -71.0576 -35.3636
vn 0.195282 -0.980747 0
v -3.25021 -71.0576 -31.1231
vn 0.195282 -0.980747 0
v -3.26277 -71.0601 -28.1548
vn 0.195282 -0.980747 0
v -3.09602 -70.8933 -38.332
vn 0.980831 -0.19486 0
v -3.09852 -70.9059 -35.3636
vn 0.980831 -0.19486 0
v -3.09852 -70.9059 -31.1231
vn 0.980831 -0.19486 0
v -3.09602 -70.8933 -28.1548
vn 0.980831 -0.19486 0
v -3.23425 -71.0223 -38.332
vn 0 0 -1
v -3.14478 -70.8816 -38.332
vn 0 0 -1
v -3.26528 -70.9622 -38.332
vn -0.195258 0.980752 0
v -3.26904 -70.9629 -35.3636
vn -0.195258 0.980752 0
v -3.26904 -70.9629 -31.1231
vn -0.195258 0.980752 0
v -3.26528 -70.9622 -28.1548
vn -0.195258 0.980752 0
v -3.19694 -70.9059 -35.7877
vn -0.980827 0.194879 0
v -3.18945 -70.8682 -36.6358
vn -0.980827 0.194879 0
v -3.19319 -70.8871 -31.1231
vn -0.980827 0.194879 0
v -3.19394 -70.8908 -28.1548
vn -0.980827 0.194879 0
v -5.4058 -71.1412 -38.332
vn 0 0 -1
v -5.3297 -70.9848 -38.332
vn 0 0 -1
v -5.49752 3.88642 51.1184
vn -0.0964158 0.594709 -0.798138
v -5.52213 4.19081 51.2153
vn 0 0.23191 -0.972737
v -5.52213 3.64521 50.8507
vn 0.000121507 0.903055 -0.429525
v -5.52213 3.60026 50.6247
vn 0.0172526 0.999053 -0.039947
v -5.47292 3.60627 50.6248
vn -0.12123 0.992624 0
v -5.52213 3.94798 50.093
vn -0.0126059 0.399204 0.916776
v -5.53443 3.75168 50.2303
vn 0.0230154 0.640942 0.767244
v -5.52213 4.19081 50.0342
vn 0 0.180855 0.98351
v -5.54674 7.64481 50.131
vn 0.0964462 -0.594673 0.798162
v -5.52213 7.34042 50.0342
vn 0 -0.231534 0.972827
v -5.52213 7.88602 50.3987
vn 0.00020541 -0.903076 0.429482
v -5.52213 7.93097 50.6247
vn 0.00867447 -0.999763 0.0199902
v -5.47292 7.92496 50.5407
vn -0.12123 -0.992624 0
v -5.52213 7.58325 51.1564
vn -0.0125607 -0.399359 -0.916709
v -5.53443 7.77955 51.0191
vn 0.0230223 -0.640968 -0.767222
v -5.52213 7.34042 51.2153
vn 0 -0.181312 -0.983426
v -5.53443 -73.2247 51.1236
vn -0.140003 0.506936 -0.850538
v -5.52213 -72.9352 51.2153
vn 0 0.181331 -0.983422
v -5.52213 -73.4808 50.8507
vn 0.269767 0.750613 -0.603163
v -5.47292 -73.5197 50.6248
vn -0.121116 0.992638 0
v -5.52213 -73.5257 50.6247
vn 0.0606698 0.998158 0
v -5.57134 -73.5197 50.5407
vn 0.121116 0.992638 0
v -5.52213 -73.178 50.093
vn 0.0124331 0.399206 0.916777
v -5.53443 -73.3743 50.2303
vn 0.0231574 0.640791 0.767366
v -5.52213 -72.9352 50.0342
vn 0 0.180874 0.983506
v -5.51473 -68.1266 50.0109
vn 0.0935695 -0.398373 0.912438
v -5.52213 -67.6652 50.3987
vn -0.178877 -0.725241 0.664852
v -5.47292 -67.6262 50.5407
vn -0.120964 -0.992657 0
v -5.52213 -67.6202 50.6247
vn -0.0308573 -0.997643 -0.0612846
v -5.54674 -67.6694 50.8603
vn -0.024085 -0.966065 -0.257174
v -5.52213 -67.968 51.1564
vn -0.0125617 -0.399355 -0.91671
v -5.50983 -67.7717 51.0191
vn -0.0231153 -0.641041 -0.767159
v -5.52213 -68.2108 51.2153
vn 0 -0.181303 -0.983427
v -5.52952 -53.0085 50.0109
vn -0.0935812 -0.398331 0.912455
v -5.52213 -52.5471 50.3987
vn 0.17894 -0.725351 0.664715
v -5.52213 -52.5021 50.6247
vn -0.0308419 -0.997643 -0.0612883
v -5.47292 -52.5081 50.7088
vn -0.12104 -0.992648 0
v -5.54674 -52.5513 50.8603
vn -0.0240713 -0.966064 -0.257178
v -5.52213 -52.8498 51.1564
vn 0.0126001 -0.399321 -0.916724
v -5.53443 -52.6535 51.0191
vn 0.0228558 -0.640796 -0.767371
v -5.52213 -53.0927 51.2153
vn 0 -0.1813 -0.983428
v -5.50983 -57.3191 51.1236
vn 0.139944 0.506962 -0.850532
v -5.52213 -57.0297 51.2153
vn 0 0.181331 -0.983422
v -5.52213 -57.5753 50.8507
vn -0.145227 0.880234 -0.451771
v -5.52213 -57.6202 50.6247
vn 0.00860158 0.999764 -0.0199687
v -5.47292 -57.6142 50.5407
vn -0.12104 0.992648 0
v -5.52213 -57.2724 50.093
vn 0.0125041 0.399244 0.916759
v -5.53443 -57.4688 50.2303
vn 0.0228317 0.640815 0.767356
v -5.52213 -57.0297 50.0342
vn 0 0.180874 0.983506
v -5.51473 -45.2919 50.0109
vn 0.0935714 -0.398372 0.912439
v -5.52213 -44.8305 50.3987
vn -0.178884 -0.725252 0.664839
v -5.52213 -44.7856 50.6247
vn -0.0306745 -0.997657 -0.0611584
v -5.47292 -44.7916 50.7088
vn -0.12104 -0.992648 0
v -5.54674 -44.8347 50.8603
vn -0.023698 -0.966208 -0.256672
v -5.52213 -45.1333 51.1564
vn -0.0125659 -0.399356 -0.91671
v -5.50983 -44.937 51.0191
vn -0.0230932 -0.641032 -0.767166
v -5.52213 -45.3761 51.2153
vn 0 -0.181303 -0.983427
v -5.49752 -49.6175 51.1184
vn -0.0964663 0.594728 -0.798118
v -5.52213 -49.3131 51.2153
vn 0 0.23189 -0.972742
v -5.52213 -49.8587 50.8507
vn -3.61252e-05 0.902992 -0.429656
v -5.52213 -49.9037 50.6247
vn 0.00852716 0.999763 -0.0200122
v -5.47292 -49.8977 50.7088
vn -0.12104 0.992648 0
v -5.52213 -49.556 50.093
vn -0.0126197 0.399196 0.916779
v -5.53443 -49.7522 50.2303
vn 0.0230881 0.641042 0.767158
v -5.52213 -49.3131 50.0342
vn 0 0.180842 0.983512
v -5.52953 -37.5754 50.0109
vn -0.0935716 -0.398372 0.912439
v -5.52213 -37.114 50.3987
vn 0.196063 -0.722829 0.662629
v -5.52213 -37.069 50.6247
vn -0.0308354 -0.997644 -0.0612833
v -5.47292 -37.075 50.7088
vn -0.12104 -0.992648 0
v -5.54674 -37.1182 50.8603
vn -0.0240569 -0.96607 -0.257159
v -5.52213 -37.4167 51.1564
vn 0.0125695 -0.399357 -0.916709
v -5.50983 -37.2205 51.0191
vn -0.0230932 -0.641032 -0.767166
v -5.52213 -37.6596 51.2153
vn 0 -0.181302 -0.983427
v -5.54674 -41.901 51.1184
vn 0.0964663 0.594728 -0.798118
v -5.52213 -41.5966 51.2153
vn 0 0.23189 -0.972742
v -5.52213 -42.1422 50.8507
vn 0.000125359 0.903073 -0.429488
v -5.52213 -42.1871 50.6247
vn 0.0171949 0.999056 -0.0399016
v -5.47292 -42.1811 50.6248
vn -0.12104 0.992648 0
v -5.52213 -41.8395 50.093
vn 0.0126225 0.399197 0.916778
v -5.50983 -42.0357 50.2303
vn -0.0230754 0.641043 0.767158
v -5.52213 -41.5966 50.0342
vn 0 0.180842 0.983512
v -5.52953 -29.8589 50.0109
vn -0.0935122 -0.39839 0.912437
v -5.52213 -29.3974 50.3987
vn 0.19571 -0.722972 0.662577
v -5.47292 -29.3585 50.6248
vn -0.121002 -0.992652 0
v -5.52213 -29.3525 50.6247
vn 0.0171681 -0.999056 -0.0399015
v -5.54674 -29.4016 50.8603
vn -0.0285492 -0.97715 -0.210626
v -5.52213 -29.7002 51.1564
vn 0.0125887 -0.399371 -0.916703
v -5.53443 -29.5039 51.0191
vn 0.0228511 -0.640791 -0.767375
v -5.52213 -29.943 51.2153
vn 0 -0.181385 -0.983412
v -5.50983 -34.1186 51.1599
vn 0.0323629 0.435599 -0.899559
v -5.52213 -33.8801 51.2153
vn 0 0.181388 -0.983412
v -5.52213 -34.4257 50.8507
vn 0.000158431 0.832194 -0.554485
v -5.52213 -34.4706 50.6247
vn 0.00860444 0.999764 -0.019967
v -5.47292 -34.4646 50.5407
vn -0.12104 0.992648 0
v -5.52213 -34.1228 50.093
vn 0.012642 0.399211 0.916772
v -5.53443 -34.3192 50.2303
vn 0.0228317 0.640786 0.76738
v -5.52213 -33.8801 50.0342
vn 0 0.18093 0.983496
v -5.51473 -22.1423 50.0109
vn 0.093571 -0.398372 0.912439
v -5.52213 -21.6809 50.3987
vn -0.178881 -0.725248 0.664844
v -5.52213 -21.636 50.6247
vn -0.0306712 -0.997657 -0.0611559
v -5.47292 -21.642 50.7088
vn -0.12104 -0.992648 0
v -5.54674 -21.6851 50.8603
vn -0.0236909 -0.966211 -0.256662
v -5.52213 -21.9837 51.1564
vn 0.0125662 -0.399357 -0.916709
v -5.50983 -21.7874 51.0191
vn -0.0230963 -0.641043 -0.767158
v -5.52213 -22.2265 51.2153
vn 0 -0.181302 -0.983428
v -5.54674 -26.4679 51.1184
vn 0.0964666 0.594727 -0.798119
v -5.52213 -26.1635 51.2153
vn 0 0.231892 -0.972742
v -5.52213 -26.7091 50.8507
vn -3.31263e-05 0.902994 -0.429654
v -5.52213 -26.7541 50.6247
vn 0.00852859 0.999763 -0.0200113
v -5.47292 -26.7481 50.7088
vn -0.12104 0.992648 0
v -5.52213 -26.4064 50.093
vn -0.0126219 0.399197 0.916778
v -5.53443 -26.6026 50.2303
vn 0.0230833 0.641037 0.767162
v -5.52213 -26.1635 50.0342
vn 0 0.180843 0.983512
v -5.51473 -14.4258 50.0109
vn 0.093573 -0.398371 0.912439
v -5.52213 -13.9644 50.3987
vn -0.196066 -0.722831 0.662626
v -5.47292 -13.9254 50.6248
vn -0.121021 -0.99265 0
v -5.52213 -13.9194 50.6247
vn 0.0170301 -0.999055 -0.0399905
v -5.54674 -13.9686 50.8603
vn -0.0297721 -0.977082 -0.21077
v -5.52213 -14.2671 51.1564
vn -0.0125673 -0.399355 -0.91671
v -5.53443 -14.0709 51.0191
vn 0.0230971 -0.64104 -0.76716
v -5.52213 -14.51 51.2153
vn 0 -0.181301 -0.983428
v -5.54674 -18.7514 51.1184
vn 0.0964663 0.594728 -0.798118
v -5.52213 -18.447 51.2153
vn 0 0.231892 -0.972742
v -5.52213 -18.9926 50.8507
vn 0.000122369 0.903071 -0.429491
v -5.52213 -19.0375 50.6247
vn 0.0171921 0.999056 -0.0399033
v -5.47292 -19.0315 50.6248
vn -0.12104 0.992648 0
v -5.52213 -18.6898 50.093
vn 0.0126208 0.399197 0.916778
v -5.50983 -18.8861 50.2303
vn -0.0230817 0.641043 0.767158
v -5.52213 -18.447 50.0342
vn 0 0.180844 0.983512
v -5.51473 -6.70928 50.0109
vn 0.0935413 -0.398373 0.912441
v -5.52213 -6.24784 50.3987
vn -0.178874 -0.72528 0.664811
v -5.47292 -6.2089 50.5407
vn -0.12123 -0.992624 0
v -5.52213 -6.20289 50.6247
vn -0.0306736 -0.997653 -0.061226
v -5.54674 -6.25205 50.8603
vn -0.0235625 -0.966136 -0.256956
v -5.52213 -6.55061 51.1564
vn -0.0125535 -0.399355 -0.91671
v -5.53443 -6.35431 51.0191
vn 0.0230544 -0.640963 -0.767225
v -5.52213 -6.79344 51.2153
vn 0 -0.181313 -0.983425
v -5.52127 -10.8168 51.2392
vn 0.125016 0.441259 -0.888629
v -5.52213 -11.276 50.8507
vn -0.145994 0.880128 -0.451731
v -5.52213 -11.321 50.6247
vn 0.00852859 0.999763 -0.0200113
v -5.47292 -11.315 50.5407
vn -0.12104 0.992648 0
v -5.52213 -10.9732 50.093
vn -0.0126568 0.399163 0.916793
v -5.50983 -11.1696 50.2303
vn -0.0228333 0.640791 0.767375
v -5.52213 -10.7304 50.0342
vn 0 0.180844 0.983512
v -5.51473 -60.725 50.0109
vn 0.0935711 -0.398371 0.912439
v -5.52213 -60.2636 50.3987
vn -0.178881 -0.725248 0.664844
v -5.47292 -60.2246 50.5407
vn -0.12104 -0.992648 0
v -5.52213 -60.2186 50.6247
vn -0.0308354 -0.997644 -0.0612833
v -5.54674 -60.2678 50.8603
vn -0.0240569 -0.96607 -0.257159
v -5.52213 -60.5663 51.1564
vn 0.0125678 -0.399357 -0.91671
v -5.53443 -60.3701 51.0191
vn 0.02309 -0.641043 -0.767157
v -5.52213 -60.8092 51.2153
vn 0 -0.1813 -0.983428
v -5.54674 -65.0506 51.1184
vn 0.0964646 0.594727 -0.798119
v -5.52213 -64.7462 51.2153
vn 0 0.231894 -0.972741
v -5.52213 -65.2918 50.8507
vn 0.00010772 0.903067 -0.429501
v -5.52213 -65.3367 50.6247
vn 0.0171413 0.999057 -0.0399014
v -5.47292 -65.3307 50.6248
vn -0.120964 0.992657 0
v -5.52213 -64.989 50.093
vn -0.0126164 0.399196 0.916779
v -5.50983 -65.1853 50.2303
vn -0.0231007 0.641041 0.767159
v -5.52213 -64.7462 50.0342
vn 0 0.180846 0.983512
v -5.52953 1.00726 50.0109
vn -0.0935239 -0.398374 0.912443
v -5.52213 1.4687 50.3987
vn 0.178839 -0.725282 0.664817
v -5.47292 1.50764 50.6248
vn -0.121227 -0.992625 0
v -5.52213 1.51365 50.6247
vn 0.0172509 -0.999053 -0.039947
v -5.54674 1.46449 50.8603
vn -0.0292964 -0.977137 -0.210585
v -5.52213 1.16593 51.1564
vn 0.0125515 -0.399362 -0.916708
v -5.50983 1.36223 51.0191
vn -0.0230303 -0.640942 -0.767243
v -5.52213 0.923097 51.2153
vn 0 -0.18131 -0.983426
v -5.54674 -3.3183 51.1184
vn 0.0964382 0.594707 -0.798138
v -5.52213 -3.01391 51.2153
vn 0 0.231906 -0.972738
v -5.52213 -3.55951 50.8507
vn 0.000105417 0.903051 -0.429533
v -5.52213 -3.60446 50.6247
vn 0.00863334 0.999763 -0.0199898
v -5.47292 -3.59845 50.5407
vn -0.12123 0.992624 0
v -5.52213 -3.25674 50.093
vn -0.0126152 0.3992 0.916777
v -5.50983 -3.45304 50.2303
vn -0.0230072 0.640968 0.767223
v -5.52213 -3.01391 50.0342
vn 0 0.180855 0.98351
v -3.26328 -9.73299 50.5785
vn 0.116881 0.590099 0.798826
v -3.23866 -9.35249 50.4574
vn -5.61147e-06 0.23171 0.972785
v -3.23867 -10.0345 50.9131
vn 0.0216421 0.819156 0.573162
v -3.28788 -10.0832 51.0905
vn 0.150663 0.988585 0
v -3.23867 -10.0907 51.1956
vn 0.0755473 0.997142 0
v -3.18945 -10.0832 51.1955
vn -0.150632 0.98859 0
v -3.23251 -9.66534 51.857
vn 0.010832 0.425876 -0.904717
v -3.22636 -9.9014 51.6887
vn -0.0286715 0.640787 -0.767183
v -3.23866 -9.35249 51.9338
vn -2.31484e-06 0.181048 -0.983474
v -3.26328 -7.7909 51.8127
vn 0.116853 -0.590137 -0.798801
v -3.23866 -8.17139 51.9338
vn -5.61387e-06 -0.231716 -0.972784
v -3.23867 -7.48939 51.4781
vn 0.0212408 -0.819324 -0.572937
v -3.28788 -7.44072 51.3006
vn 0.151065 -0.988524 0
v -3.23867 -7.4332 51.1956
vn 0.0383461 -0.997382 0.0613148
v -3.21406 -7.49465 50.901
vn 0.0295683 -0.966006 0.256823
v -3.23251 -7.85854 50.5342
vn 0.0108375 -0.425879 0.904715
v -3.22636 -7.62249 50.7025
vn -0.0287054 -0.640786 0.767183
v -3.23866 -8.17139 50.4574
vn -2.31515e-06 -0.181052 0.983473
v -3.26328 -17.4495 50.5785
vn 0.1169 0.590108 0.798816
v -3.23866 -17.069 50.4574
vn -5.62104e-06 0.231707 0.972786
v -3.23867 -17.751 50.9131
vn 0.0216316 0.819195 0.573107
v -3.28788 -17.7997 51.0905
vn 0.150663 0.988585 0
v -3.23867 -17.8072 51.1956
vn 0.038382 0.99738 -0.0613229
v -3.21406 -17.7457 51.4902
vn 0.0294823 0.965998 -0.256861
v -3.23251 -17.3819 51.857
vn 0.0108539 0.425876 -0.904716
v -3.22636 -17.6179 51.6887
vn -0.0287141 0.640762 -0.767202
v -3.23866 -17.069 51.9338
vn -2.3162e-06 0.181041 -0.983476
v -3.26328 -15.5074 51.8127
vn 0.116827 -0.590094 -0.798837
v -3.23866 -15.8879 51.9338
vn -5.58938e-06 -0.231718 -0.972783
v -3.23867 -15.2059 51.4781
vn 0.021326 -0.819324 -0.572934
v -3.23867 -15.1497 51.1956
vn 0.0379334 -0.997398 0.0613003
v -3.28788 -15.1573 51.0905
vn 0.152628 -0.988284 0
v -3.21406 -15.2112 50.901
vn 0.0292632 -0.966088 0.25655
v -3.23251 -15.5751 50.5342
vn 0.0107814 -0.425839 0.904735
v -3.22636 -15.339 50.7025
vn -0.0287141 -0.640762 0.767202
v -3.23866 -15.8879 50.4574
vn -2.3117e-06 -0.181063 0.983471
v -3.26328 -25.1661 50.5785
vn 0.116823 0.590096 0.798836
v -3.23866 -24.7856 50.4574
vn -5.58932e-06 0.231719 0.972783
v -3.23867 -25.4676 50.9131
vn 0.021156 0.819391 0.572845
v -3.23867 -25.5238 51.1956
vn 0.037676 0.997406 -0.0613359
v -3.28788 -25.5162 51.3006
vn 0.152647 0.988281 0
v -3.21406 -25.4623 51.4902
vn 0.0275412 0.966055 -0.256865
v -3.23251 -25.0984 51.857
vn 0.0107814 0.425876 -0.904717
v -3.22636 -25.3345 51.6887
vn -0.028386 0.640793 -0.767189
v -3.23866 -24.7856 51.9338
vn -2.31168e-06 0.181064 -0.983471
v -3.26328 -23.224 51.8127
vn 0.116874 -0.590135 -0.7988
v -3.23866 -23.6045 51.9338
vn -5.62104e-06 -0.231707 -0.972786
v -3.23867 -22.9225 51.4781
vn 0.021326 -0.819324 -0.572934
v -3.28788 -22.8738 51.3006
vn 0.150663 -0.988585 0
v -3.23867 -22.8663 51.1956
vn 0.038506 -0.997375 0.0613227
v -3.21406 -22.9278 50.901
vn 0.0299985 -0.965982 0.256863
v -3.23251 -23.2916 50.5342
vn 0.0108539 -0.425876 0.904716
v -3.22636 -23.0556 50.7025
vn -0.0287141 -0.640762 0.767202
v -3.23866 -23.6045 50.4574
vn -2.3162e-06 -0.181041 0.983476
v -3.26328 -32.8826 50.5785
vn 0.116898 0.590106 0.798818
v -3.23866 -32.5021 50.4574
vn -5.62056e-06 0.231706 0.972786
v -3.23867 -33.1841 50.9131
vn 0.0216224 0.819199 0.573102
v -3.23867 -33.2403 51.1956
vn 0.0383763 0.99738 -0.0613215
v -3.28788 -33.2328 51.3006
vn 0.150663 0.988585 0
v -3.21406 -33.1789 51.4902
vn 0.0294521 0.966 -0.25686
v -3.23251 -32.815 51.857
vn 0.0108527 0.425874 -0.904718
v -3.22636 -33.051 51.6887
vn -0.0287156 0.640758 -0.767206
v -3.23866 -32.5021 51.9338
vn -2.31614e-06 0.18104 -0.983476
v -3.26328 -30.9405 51.8127
vn 0.116873 -0.590134 -0.798801
v -3.23866 -31.321 51.9338
vn -5.62044e-06 -0.231707 -0.972786
v -3.23867 -30.639 51.4781
vn 0.021326 -0.819324 -0.572934
v -3.28788 -30.5903 51.3006
vn 0.150663 -0.988585 0
v -3.23867 -30.5828 51.1956
vn 0.038506 -0.997375 0.0613227
v -3.21406 -30.6442 50.901
vn 0.0299985 -0.965982 0.256863
v -3.23251 -31.0081 50.5342
vn 0.0108525 -0.425876 0.904717
v -3.22636 -30.7721 50.7025
vn -0.0287141 -0.640762 0.767202
v -3.23866 -31.321 50.4574
vn -2.31612e-06 -0.181041 0.983475
v -3.26328 -40.5991 50.5785
vn 0.1169 0.590108 0.798816
v -3.23866 -40.2186 50.4574
vn -5.62152e-06 0.231708 0.972785
v -3.23867 -40.9006 50.9131
vn 0.0216224 0.819199 0.573102
v -3.28788 -40.9493 51.0905
vn 0.150663 0.988585 0
v -3.23867 -40.9568 51.1956
vn 0.0755473 0.997142 0
v -3.18945 -40.9493 51.1955
vn -0.150632 0.98859 0
v -3.23251 -40.5315 51.857
vn 0.010855 0.425876 -0.904716
v -3.22636 -40.7675 51.6887
vn -0.0287156 0.640758 -0.767206
v -3.23866 -40.2186 51.9338
vn -2.31626e-06 0.181042 -0.983475
v -3.26328 -38.657 51.8127
vn 0.116796 -0.590122 -0.798821
v -3.23866 -39.0375 51.9338
vn -5.58921e-06 -0.23172 -0.972782
v -3.23867 -38.3555 51.4781
vn 0.0208413 -0.819523 -0.572667
v -3.28788 -38.3069 51.3006
vn 0.152609 -0.988287 0
v -3.23867 -38.2993 51.1956
vn 0.0378053 -0.997401 0.0613348
v -3.21406 -38.3608 50.901
vn 0.0280412 -0.966039 0.256871
v -3.23251 -38.7247 50.5342
vn 0.0107811 -0.425875 0.904718
v -3.22636 -38.4886 50.7025
vn -0.0283876 -0.640788 0.767193
v -3.23866 -39.0375 50.4574
vn -2.31166e-06 -0.181065 0.983471
v -3.26328 -48.3157 50.5785
vn 0.116854 0.590068 0.798852
v -3.23866 -47.9352 50.4574
vn -5.58944e-06 0.231718 0.972783
v -3.23867 -48.6172 50.9131
vn 0.0216407 0.819192 0.573111
v -3.23867 -48.6734 51.1956
vn 0.0377988 0.997403 -0.0613011
v -3.28788 -48.6658 51.3006
vn 0.152684 0.988275 0
v -3.21406 -48.6119 51.4902
vn 0.0287567 0.966105 -0.256542
v -3.23251 -48.248 51.857
vn 0.0107816 0.425877 -0.904717
v -3.22636 -48.4841 51.6887
vn -0.0283845 0.640797 -0.767185
v -3.23866 -47.9352 51.9338
vn -2.31171e-06 0.181063 -0.983472
v -3.26328 -46.3736 51.8127
vn 0.116874 -0.590135 -0.7988
v -3.23866 -46.7541 51.9338
vn -5.62056e-06 -0.231706 -0.972786
v -3.23867 -46.0721 51.4781
vn 0.0213352 -0.819321 -0.572938
v -3.28788 -46.0234 51.3006
vn 0.150663 -0.988585 0
v -3.23867 -46.0159 51.1956
vn 0.0385117 -0.997375 0.061324
v -3.21406 -46.0774 50.901
vn 0.0300287 -0.965981 0.256864
v -3.23251 -46.4412 50.5342
vn 0.0108528 -0.425876 0.904716
v -3.22636 -46.2052 50.7025
vn -0.0287125 -0.640766 0.767199
v -3.23866 -46.7541 50.4574
vn -2.31614e-06 -0.18104 0.983476
v -3.26328 -56.0322 50.5785
vn 0.1169 0.590108 0.798816
v -3.23866 -55.6517 50.4574
vn -5.62056e-06 0.231706 0.972786
v -3.23867 -56.3337 50.9131
vn 0.0216407 0.819192 0.573111
v -3.23867 -56.3899 51.1956
vn 0.0755473 0.997142 0
v -3.28788 -56.3824 51.3006
vn 0.150663 0.988585 0
v -3.18945 -56.3824 51.1955
vn -0.150632 0.98859 0
v -3.23251 -55.9646 51.857
vn 0.0108528 0.425876 -0.904716
v -3.22636 -56.2006 51.6887
vn -0.0287125 0.640766 -0.767199
v -3.23866 -55.6517 51.9338
vn -2.31614e-06 0.18104 -0.983476
v -3.26328 -54.0901 51.8127
vn 0.116874 -0.590135 -0.7988
v -3.23866 -54.4706 51.9338
vn -5.62056e-06 -0.231706 -0.972786
v -3.23867 -53.7886 51.4781
vn 0.0213352 -0.819321 -0.572938
v -3.23867 -53.7324 51.1956
vn 0.0385117 -0.997375 0.061324
v -3.28788 -53.7399 51.0905
vn 0.150663 -0.988585 0
v -3.21406 -53.7938 50.901
vn 0.0300287 -0.965981 0.256864
v -3.23251 -54.1577 50.5342
vn 0.0108528 -0.425876 0.904716
v -3.22636 -53.9217 50.7025
vn -0.0287125 -0.640766 0.767199
v -3.23866 -54.4706 50.4574
vn -2.31614e-06 -0.18104 0.983476
v -3.26328 -2.01645 50.5785
vn 0.116879 0.59011 0.798817
v -3.23866 -1.63596 50.4574
vn -5.61392e-06 0.231715 0.972784
v -3.23867 -2.31796 50.9131
vn 0.0215462 0.819195 0.57311
v -3.28788 -2.36663 51.0905
vn 0.151061 0.988525 0
v -3.23867 -2.37415 51.1956
vn 0.0757479 0.997127 0
v -3.18945 -2.36663 51.1955
vn -0.15103 0.988529 0
v -3.23251 -1.9488 51.857
vn 0.0108376 0.425879 -0.904715
v -3.22636 -2.18486 51.6887
vn -0.0287058 0.640785 -0.767184
v -3.23866 -1.63596 51.9338
vn -2.31516e-06 0.181052 -0.983474
v -3.26328 -0.0743649 51.8127
vn 0.116862 -0.590135 -0.798802
v -3.23866 -0.454856 51.9338
vn -5.61391e-06 -0.231713 -0.972784
v -3.23867 0.227142 51.4781
vn 0.0212465 -0.819334 -0.572922
v -3.23867 0.283333 51.1956
vn 0.0383857 -0.99738 0.0613165
v -3.28788 0.275819 51.0905
vn 0.150944 -0.988542 0
v -3.21406 0.221883 50.901
vn 0.0296415 -0.965999 0.25684
v -3.23251 -0.142008 50.5342
vn 0.0108376 -0.425877 0.904716
v -3.22636 0.0940522 50.7025
vn -0.028682 -0.640787 0.767183
v -3.23866 -0.454856 50.4574
vn -2.31514e-06 -0.181051 0.983474
v -3.26328 -63.7487 50.5785
vn 0.116899 0.590104 0.798819
v -3.23866 -63.3682 50.4574
vn -5.62056e-06 0.231706 0.972786
v -3.23867 -64.0502 50.9131
vn 0.0216407 0.819191 0.573112
v -3.28788 -64.0989 51.0905
vn 0.150663 0.988585 0
v -3.23867 -64.1064 51.1956
vn 0.0755473 0.997142 0
v -3.18945 -64.0989 51.1955
vn -0.150632 0.98859 0
v -3.23251 -63.6811 51.857
vn 0.0108527 0.425874 -0.904718
v -3.22636 -63.9171 51.6887
vn -0.0287156 0.640758 -0.767206
v -3.23866 -63.3682 51.9338
vn -2.31614e-06 0.18104 -0.983476
v -3.26328 -61.8066 51.8127
vn 0.116789 -0.590191 -0.798771
v -3.23866 -62.1871 51.9338
vn -5.58944e-06 -0.231718 -0.972783
v -3.23867 -61.5051 51.4781
vn 0.0208936 -0.819338 -0.57293
v -3.23867 -61.449 51.1956
vn 0.0382051 -0.997391 0.0612533
v -3.28788 -61.4565 51.0905
vn 0.150663 -0.988585 0
v -3.21406 -61.5104 50.901
vn 0.0283978 -0.966054 0.256776
v -3.23251 -61.8743 50.5342
vn 0.0107816 -0.425913 0.9047
v -3.22636 -61.6383 50.7025
vn -0.0286307 -0.640992 0.767013
v -3.23866 -62.1871 50.4574
vn -2.31171e-06 -0.181063 0.983472
v 0.747555 -12.3699 53.3813
vn 0.00373754 0.0796091 0.996819
v 0.718848 -12.3717 53.3816
vn 0.00478292 0.0885572 0.99606
v 0.735252 -12.4008 53.3876
vn -0.00397231 0.435641 0.900112
v 0.747555 -12.4437 53.4145
vn 0.00213708 0.607714 0.794153
v 0.698342 -12.3826 53.3826
vn -0.00107646 0.0909078 0.995859
v 0.64913 -12.3608 53.3806
vn -0.00438511 0.0826419 0.99657
v 0.64913 -12.4437 53.4145
vn -0.00213708 0.607714 0.794153
v 0.661433 -12.4008 53.3876
vn 0.00397231 0.435641 0.900112
v 0.731151 -12.8164 53.4145
vn -0.0382566 -0.559689 0.827819
v 0.735252 -12.7144 53.4765
vn 0.0166809 -0.443669 0.896036
v 0.686039 -12.7308 53.471
vn -0.0349885 -0.458746 0.887878
v 0.673736 -12.8164 53.4145
vn 0.0211476 -0.549726 0.835077
v 0.735252 -12.5457 53.4765
vn 0.0153305 0.443535 0.896126
v 0.731151 -12.4437 53.4145
vn -0.0387779 0.559455 0.827953
v 0.673736 -12.4437 53.4145
vn 0.0272728 0.550488 0.834398
v 0.686039 -12.5294 53.471
vn -0.0340228 0.458552 0.888016
v 0.735252 -12.8319 53.4017
vn 0.00580561 -0.635951 0.771708
v 0.731151 -12.8164 53.4145
vn 0.00104056 -0.63578 0.771869
v 0.735252 -12.8499 53.3915
vn -0.00333629 -0.319626 0.947538
v 0.747555 -12.8993 53.3806
vn 0.00146886 -0.125253 0.992124
v 0.661433 -12.8319 53.4017
vn -0.00580561 -0.635951 0.771708
v 0.665534 -12.8164 53.4145
vn -0.00104056 -0.63578 0.771869
v 0.64913 -12.8901 53.3813
vn -0.00566997 -0.08133 0.996671
v 0.677837 -12.8877 53.3818
vn -0.00709997 -0.0944166 0.995507
v 0.64913 -12.8547 53.3897
vn 0.0141996 -0.37799 0.925701
v 0.673736 -12.8536 53.3898
vn 0.0141996 -0.37799 0.925701
v 0.735252 -32.9419 53.3823
vn 0.00719251 0.0862461 0.996248
v 0.731151 -32.9219 53.3806
vn 0.00128927 0.0865271 0.996249
v 0.735252 -32.9618 53.3876
vn -0.00402855 0.434932 0.900454
v 0.747555 -33.0047 53.4145
vn 0.00275368 0.608783 0.793332
v 0.698342 -32.9436 53.3826
vn -0.00107135 0.0913337 0.99582
v 0.64913 -32.9219 53.3806
vn -0.00436577 0.0830646 0.996535
v 0.64913 -33.0047 53.4145
vn -0.001711 0.605566 0.795793
v 0.661433 -32.9618 53.3876
vn 0.00402855 0.434932 0.900454
v 0.731151 -33.3775 53.4145
vn -0.0381556 -0.559241 0.828127
v 0.735252 -33.2755 53.4765
vn 0.016315 -0.443854 0.895951
v 0.661433 -33.2755 53.4765
vn -0.016315 -0.443854 0.895951
v 0.665534 -33.3775 53.4145
vn 0.0381556 -0.559241 0.828127
v 0.735252 -33.1067 53.4765
vn 0.0153133 0.443527 0.89613
v 0.731151 -33.0047 53.4145
vn -0.038788 0.559455 0.827953
v 0.661433 -33.1067 53.4765
vn -0.0153133 0.443527 0.89613
v 0.665534 -33.0047 53.4145
vn 0.038788 0.559455 0.827953
v 0.735252 -33.393 53.4017
vn 0.00750714 -0.636885 0.770923
v 0.731151 -33.3775 53.4145
vn 0.00134564 -0.636675 0.771131
v 0.735252 -33.4109 53.3915
vn -0.00400989 -0.318535 0.947903
v 0.747555 -33.4603 53.3806
vn 0.00136651 -0.125283 0.99212
v 0.698342 -33.386 53.4076
vn -0.00111871 -0.632792 0.774321
v 0.64913 -33.3845 53.4086
vn -0.00522831 -0.640036 0.768327
v 0.64913 -33.4603 53.3806
vn -0.00136651 -0.125283 0.99212
v 0.661433 -33.4109 53.3915
vn 0.00400989 -0.318535 0.947903
v 0.747555 -53.4921 53.3813
vn 0.00383314 0.0796819 0.996813
v 0.718848 -53.4937 53.3816
vn 0.00491268 0.0888804 0.99603
v 0.735252 -53.5229 53.3876
vn -0.00446018 0.434755 0.900538
v 0.747555 -53.5657 53.4145
vn 0.00219587 0.609649 0.792668
v 0.698342 -53.4937 53.3816
vn -0.0011063 0.0913047 0.995822
v 0.64913 -53.4921 53.3813
vn -0.00516243 0.0820495 0.996615
v 0.64913 -53.5657 53.4145
vn -0.00219587 0.609649 0.792668
v 0.661433 -53.5229 53.3876
vn 0.00446018 0.434755 0.900538
v 0.731151 -53.9385 53.4145
vn -0.0381755 -0.559232 0.828132
v 0.735252 -53.8365 53.4765
vn 0.0162633 -0.443849 0.895954
v 0.735252 -53.7521 53.4909
vn -0.0542209 0.148631 0.987405
v 0.735252 -53.6518 53.47
vn -0.0768883 0.394281 0.915768
v 0.686039 -53.8528 53.471
vn -0.0345794 -0.458815 0.887859
v 0.673736 -53.9385 53.4145
vn 0.0211324 -0.549313 0.835349
v 0.731151 -53.5657 53.4145
vn -0.0227012 0.581693 0.813092
v 0.673736 -53.5657 53.4145
vn 0.0268105 0.550374 0.834487
v 0.686039 -53.6514 53.471
vn -0.0345794 0.458815 0.887859
v 0.747555 -53.9455 53.4086
vn 0.00385508 -0.64191 0.76677
v 0.718848 -53.9469 53.4076
vn 0.00493497 -0.634757 0.772696
v 0.735252 -53.9719 53.3915
vn -0.00400701 -0.318536 0.947902
v 0.747555 -54.0213 53.3806
vn 0.00137056 -0.125283 0.99212
v 0.698342 -53.9469 53.4076
vn -0.00111082 -0.632875 0.774253
v 0.64913 -53.9455 53.4086
vn -0.00519116 -0.640069 0.7683
v 0.64913 -54.0213 53.3806
vn -0.0023449 -0.121525 0.992586
v 0.661433 -53.9719 53.3915
vn 0.00400701 -0.318536 0.947902
v 0.747555 8.19104 53.3813
vn 0.00378226 0.0796944 0.996812
v 0.718848 8.18932 53.3816
vn 0.00484357 0.0887653 0.996041
v 0.735252 8.16022 53.3876
vn -0.00414499 0.43502 0.900411
v 0.747555 8.11735 53.4145
vn 0.00224706 0.608793 0.793326
v 0.698342 8.18932 53.3816
vn -0.00109041 0.0911517 0.995836
v 0.64913 8.19104 53.3813
vn -0.00509336 0.0820313 0.996617
v 0.64913 8.11735 53.4145
vn -0.00224706 0.608793 0.793326
v 0.661433 8.16022 53.3876
vn 0.00414499 0.43502 0.900411
v 0.731151 7.74459 53.4145
vn -0.0383682 -0.559392 0.828015
v 0.735252 7.84657 53.4765
vn 0.0160406 -0.443755 0.896005
v 0.735252 7.93097 53.4909
vn -0.0541968 0.148644 0.987405
v 0.735252 8.03125 53.47
vn -0.0770915 0.394279 0.915751
v 0.686039 7.83027 53.471
vn -0.0344689 -0.458752 0.887896
v 0.673736 7.74459 53.4145
vn 0.0212527 -0.549431 0.835269
v 0.731151 8.11735 53.4145
vn -0.0228001 0.581931 0.812918
v 0.673736 8.11735 53.4145
vn 0.0269599 0.550497 0.834401
v 0.686039 8.03167 53.471
vn -0.0344612 0.458751 0.887896
v 0.747555 7.73757 53.4086
vn 0.00358583 -0.64102 0.767516
v 0.718848 7.73614 53.4076
vn 0.00459225 -0.634368 0.773017
v 0.735252 7.71116 53.3915
vn -0.00396161 -0.318823 0.947806
v 0.747555 7.66175 53.3806
vn 0.0023213 -0.121481 0.992591
v 0.698342 7.73614 53.4076
vn -0.00103384 -0.632617 0.774464
v 0.64913 7.73757 53.4086
vn -0.00482886 -0.639309 0.768935
v 0.64913 7.67089 53.3813
vn -0.00563796 -0.0813457 0.99667
v 0.677837 7.67341 53.3818
vn -0.00705664 -0.0943555 0.995514
v 0.64913 7.70637 53.3897
vn 0.0148237 -0.376648 0.926238
v 0.673736 7.70747 53.3898
vn 0.0148237 -0.376648 0.926238
v 0.657332 8.20019 53.3806
vn 0 0 1
v 0.64913 8.48215 53.3806
vn 0 0 1
v 0.698342 8.48215 53.3806
vn 0 0 1
v 0.698343 8.20019 53.3806
vn 0 0 1
v 0.747555 8.48215 53.3806
vn 0 0 1
v 0.739353 8.20019 53.3806
vn 0 0 1
v 0.686039 -12.7337 53.2434
vn -0.0151151 0.951627 -0.306885
v 0.747555 -12.6786 53.3204
vn -0.0195699 0.454191 -0.89069
v 0.673736 -12.678 53.3197
vn -0.0609818 0.595039 -0.80138
v 0.673736 -12.5608 53.3033
vn 0.0102153 -0.722218 -0.69159
v 0.747555 -12.5695 53.3084
vn -0.0188395 -0.617034 -0.786711
v 0.722949 -12.5272 53.2542
vn 0.000930855 -0.978253 -0.207413
v 0.686039 -12.5264 52.9588
vn -0.0151127 -0.951796 0.306358
v 0.747555 -12.5815 52.8818
vn -0.0213554 -0.454174 0.890657
v 0.673736 -12.5821 52.8824
vn -0.0599195 -0.594786 0.801648
v 0.673736 -12.6993 52.8989
vn 0.00966058 0.721879 0.691951
v 0.747555 -12.6905 52.8937
vn -0.019048 0.616224 0.78734
v 0.722949 -12.7329 52.948
vn 0.000907518 0.978289 0.207244
v 0.698343 -33.2912 53.244
vn 0.0117037 0.946979 -0.321083
v 0.64913 -33.2456 53.3144
vn -0.0255684 0.562347 -0.826506
v 0.698342 -33.132 53.3134
vn 0.014764 -0.583843 -0.811733
v 0.747555 -33.1306 53.3084
vn -0.0188594 -0.617036 -0.786709
v 0.747555 -33.0855 53.2418
vn 0.00904833 -0.986273 -0.164873
v 0.64913 -33.0855 53.2418
vn -0.00452439 -0.984734 -0.174006
v 0.64913 -33.1154 53.3007
vn 0.028051 -0.708291 -0.705363
v 0.686039 -33.0874 52.9588
vn -0.0180114 -0.94874 0.315545
v 0.747555 -33.1425 52.8818
vn -0.0213532 -0.454163 0.890663
v 0.673736 -33.1431 52.8824
vn -0.0543022 -0.601783 0.796811
v 0.661433 -33.2802 52.9361
vn 0.00638994 0.863627 0.504092
v 0.747555 -33.2738 52.9211
vn -0.0130648 0.854509 0.519273
v 0.686039 -53.8557 53.2434
vn -0.0152579 0.951441 -0.307452
v 0.747555 -53.8006 53.3204
vn -0.0188712 0.455372 -0.890101
v 0.673736 -53.8001 53.3197
vn -0.061554 0.59536 -0.801098
v 0.698342 -53.6931 53.3134
vn 0.0146323 -0.583125 -0.812251
v 0.747555 -53.6916 53.3084
vn -0.0191029 -0.616372 -0.787223
v 0.747555 -53.6465 53.2418
vn 0.00958542 -0.986164 -0.165494
v 0.64913 -53.6465 53.2418
vn -0.00479296 -0.984527 -0.175167
v 0.64913 -53.6765 53.3007
vn 0.0287643 -0.706814 -0.706814
v 0.686039 -53.6485 52.9588
vn -0.0152543 -0.951607 0.306938
v 0.747555 -53.7036 52.8818
vn -0.0206644 -0.455356 0.89007
v 0.673736 -53.7041 52.8824
vn -0.060485 -0.59511 0.801365
v 0.722949 -53.7895 52.8755
vn 0.00119371 0.514201 0.857669
v 0.722949 -53.8342 52.9069
vn -0.00642567 0.67864 0.734443
v 0.747555 -53.8577 52.9604
vn 0.00949029 0.986183 0.165385
v 0.64913 -53.8577 52.9604
vn -0.00474539 0.984565 0.174952
v 0.64913 -53.8277 52.9014
vn 0.0279962 0.705364 0.708292
v 0.686039 7.82735 53.2434
vn -0.0152033 0.951594 -0.306983
v 0.747555 7.88242 53.3204
vn -0.0193345 0.454432 -0.890572
v 0.673736 7.88299 53.3197
vn -0.0613196 0.595039 -0.801354
v 0.698342 7.98997 53.3134
vn 0.0147741 -0.583511 -0.811971
v 0.747555 7.9915 53.3084
vn -0.0187383 -0.616608 -0.787047
v 0.747555 8.03659 53.2418
vn 0.00927126 -0.986231 -0.165113
v 0.64913 8.03659 53.2418
vn -0.00463586 -0.984652 -0.17447
v 0.64913 8.00659 53.3007
vn 0.027956 -0.707533 -0.706127
v 0.686039 8.0346 52.9588
vn -0.0151903 -0.951776 0.306418
v 0.747555 7.97952 52.8818
vn -0.021133 -0.454415 0.890539
v 0.673736 7.97895 52.8824
vn -0.0602145 -0.594771 0.801637
v 0.698342 7.87198 52.8888
vn 0.0141028 0.583723 0.81183
v 0.747555 7.87045 52.8937
vn -0.0189304 0.615802 0.787673
v 0.747555 7.82535 52.9604
vn 0.00922792 0.986239 0.165067
v 0.64913 7.82535 52.9604
vn -0.00461419 0.984669 0.174371
v 0.64913 7.85536 52.9014
vn 0.0271869 0.706091 0.707599
v 0.735252 -74.0639 53.3823
vn 0.00723707 0.0858234 0.996284
v 0.731151 -74.0439 53.3806
vn 0.00129724 0.0861069 0.996285
v 0.735252 -74.0839 53.3876
vn -0.00444359 0.434762 0.900534
v 0.747555 -74.1267 53.4145
vn 0.00128842 0.606747 0.794894
v 0.698342 -74.0548 53.3816
vn -0.0010783 0.090919 0.995858
v 0.64913 -74.0531 53.3813
vn -0.00504064 0.0819125 0.996627
v 0.64913 -74.1267 53.4145
vn -0.00128842 0.606747 0.794894
v 0.661433 -74.0839 53.3876
vn 0.00444359 0.434762 0.900534
v 0.731151 -74.4995 53.4145
vn -0.0387781 -0.559485 0.827933
v 0.735252 -74.3975 53.4765
vn 0.015339 -0.443552 0.896117
v 0.735252 -74.3131 53.4909
vn -0.0542157 0.148629 0.987406
v 0.735252 -74.2128 53.47
vn -0.0768443 0.394276 0.915774
v 0.686039 -74.4138 53.471
vn -0.0340305 -0.458571 0.888006
v 0.673736 -74.4995 53.4145
vn 0.0215244 -0.549444 0.835253
v 0.731151 -74.1267 53.4145
vn -0.0226903 0.581677 0.813103
v 0.673736 -74.1267 53.4145
vn 0.0211138 0.549307 0.835354
v 0.686039 -74.2124 53.471
vn -0.0346184 0.458814 0.887858
v 0.735252 -74.5149 53.4017
vn 0.00756033 -0.63683 0.770967
v 0.731151 -74.4995 53.4145
vn 0.00135517 -0.636619 0.771178
v 0.735252 -74.5329 53.3915
vn -0.00414044 -0.318412 0.947943
v 0.747555 -74.5823 53.3806
vn 0.00124925 -0.125299 0.992118
v 0.698342 -74.5164 53.4007
vn -0.0011266 -0.632708 0.774389
v 0.64913 -74.4995 53.4145
vn -0.00458791 -0.639419 0.768845
v 0.661433 -74.5616 53.3825
vn -0.010574 -0.0906862 0.995823
v 0.665534 -74.5823 53.3806
vn -0.00189705 -0.0908808 0.99586
v 0.64913 -74.5377 53.3897
vn 0.0149057 -0.375967 0.926513
v 0.673736 -74.5366 53.3898
vn 0.0149057 -0.375967 0.926513
v 0.673736 -74.8643 53.3806
vn 0 0 1
v 0.681938 -74.5823 53.3806
vn 0 0 1
v 0.739353 -74.5823 53.3806
vn 0 0 1
v 0.747555 -74.8643 53.3806
vn 0 0 1
v 0.686039 -74.4167 53.2434
vn -0.0152184 0.951479 -0.307338
v 0.747555 -74.3617 53.3204
vn -0.0195325 0.454225 -0.890673
v 0.673736 -74.3611 53.3197
vn -0.0613482 0.595217 -0.80122
v 0.698342 -74.2542 53.3134
vn 0.0147688 -0.58341 -0.812043
v 0.747555 -74.2526 53.3084
vn -0.0184042 -0.616152 -0.787412
v 0.747555 -74.2076 53.2418
vn 0.00905343 -0.986291 -0.164769
v 0.64913 -74.2076 53.2418
vn -0.00452693 -0.984752 -0.173907
v 0.64913 -74.2375 53.3007
vn 0.0272586 -0.7069 -0.706788
v 0.686039 -74.2095 52.9588
vn -0.0152077 -0.952061 0.305529
v 0.747555 -74.2646 52.8818
vn -0.0213796 -0.454117 0.890686
v 0.673736 -74.2651 52.8824
vn -0.0601696 -0.59453 0.801819
v 0.698342 -74.3722 52.8888
vn 0.0140953 0.584044 0.811599
v 0.747555 -74.3737 52.8937
vn -0.0190312 0.616205 0.787356
v 0.747555 -74.4188 52.9604
vn 0.00949029 0.986183 0.165385
v 0.64913 -74.4188 52.9604
vn -0.00474539 0.984565 0.174952
v 0.64913 -74.3888 52.9014
vn 0.0272587 0.706788 0.7069
v 0.710646 8.57255 53.3626
vn 0.0333075 0.294872 0.954956
v 0.722949 8.48215 53.3806
vn -0.0368653 0.206927 0.977662
v 0.704494 8.69992 53.2346
vn -0.0370286 0.950505 0.308496
v 0.735252 8.64919 53.3114
vn -0.0490109 0.804022 0.592577
v 0.64913 8.51272 53.3766
vn 0.164086 0.192721 0.967437
v 0.661433 8.5864 53.3558
vn 0.00286073 0.321307 0.946971
v 0.698343 8.71837 53.1444
vn 0.0203959 0.978962 0.203021
v 0.747555 7.83876 53.2878
vn 1 0 0
v 0.747555 -12.6302 53.3464
vn 1 0 0
v 0.747555 8.78685 52.5966
vn 1 0 0
v 0.747555 7.91729 52.8799
vn 1 0 0
v 0.747555 -33.1911 53.3499
vn 1 0 0
v 0.747555 -12.63 52.8625
vn 1 0 0
v 0.747555 -33.2177 52.8659
vn 1 0 0
v 0.747555 -61.1307 52.5932
vn 1 0 0
v 0.747555 -33.1911 53.4909
vn 1 0 0
v 0.747555 -33.123 53.482
vn 1 0 0
v 0.747555 -53.7267 53.3527
vn 1 0 0
v 0.747555 -74.2617 53.337
vn 1 0 0
v 0.747555 -75.1012 53.1944
vn 1 0 0
v 0.747555 -53.7521 52.8677
vn 1 0 0
v 0.747555 -74.2568 52.9073
vn 1 0 0
v 0.661433 -74.9685 53.3558
vn 0.00247408 -0.321233 0.946997
v 0.64913 -74.8949 53.3766
vn 0.163731 -0.19279 0.967483
v 0.722949 -74.8643 53.3806
vn -0.0367322 -0.206953 0.977661
v 0.710646 -74.9547 53.3626
vn 0.033514 -0.294789 0.954974
v 0.698343 -75.1005 53.1444
vn -0.00765788 -0.975364 0.22047
v 0.698343 -75.0826 53.2348
vn 0.00311307 -0.954908 0.296886
v -5.48522 -75.0896 51.6301
vn -0.139094 -0.945992 0.292836
v -5.48522 -75.0313 51.7366
vn -0.0604839 -0.818076 0.571921
v -5.54674 -75.1005 51.5696
vn 0.0354191 -0.977864 0.20622
v -5.53444 -75.0826 51.66
vn -0.0358423 -0.95505 0.294272
v -5.52213 -74.8643 51.8058
vn 0.00217716 -0.201005 0.979588
v -5.52828 -74.9545 51.7873
vn 0.0468031 -0.316693 0.947373
v -5.55904 -75.0313 51.7366
vn 0.0496082 -0.592982 0.803686
v -5.52213 -75.1005 51.5696
vn 0 -1 0
v -5.52213 -75.1005 49.6405
vn 0 -1 0
v -5.57134 -66.629 51.2425
vn -1 0 0
v -5.57134 -75.0514 51.8026
vn -1 0 0
v -5.57134 -58.8191 51.2604
vn -1 0 0
v -5.57134 -67.7101 50.9658
vn -1 0 0
v -5.57134 -73.3024 51.1431
vn -1 0 0
v -5.57134 -65.2449 50.9703
vn -1 0 0
v -5.57134 -60.2012 50.9081
vn -1 0 0
v -5.57134 -51.1026 51.2605
vn -1 0 0
v -5.57134 -52.4848 50.9082
vn -1 0 0
v -5.57134 -57.4985 51.0843
vn -1 0 0
v -5.57134 -59.0333 51.1653
vn -1 0 0
v -5.57134 -51.3168 51.1653
vn -1 0 0
v -5.57134 -43.386 51.2604
vn -1 0 0
v -5.57134 -49.7819 51.0843
vn -1 0 0
v -5.57134 -45.0779 51.1817
vn -1 0 0
v -5.57134 -43.6003 51.1654
vn -1 0 0
v -5.57134 -42.0655 51.0843
vn -1 0 0
v -5.57134 -35.7709 51.2201
vn -1 0 0
v -5.57134 -37.3541 51.1333
vn -1 0 0
v -5.57134 -29.4362 50.9553
vn -1 0 0
v -5.57134 -34.1851 51.1337
vn -1 0 0
v -5.57134 -27.953 51.2605
vn -1 0 0
v -5.57134 8.65909 51.8029
vn -1 0 0
v -5.57134 -73.4228 50.1097
vn -1 0 0
v -5.57134 -75.1005 49.6405
vn -1 0 0
v -5.57134 -65.1472 50.1175
vn -1 0 0
v -5.57134 -67.8212 50.0996
vn -1 0 0
v -5.57134 -57.4543 50.0958
vn -1 0 0
v -5.57134 -60.5519 50.0479
vn -1 0 0
v -5.57134 -49.7378 50.0959
vn -1 0 0
v -5.57134 -52.8353 50.0479
vn -1 0 0
v -5.57134 -61.1307 49.6405
vn -1 0 0
v -5.57134 -44.7604 50.3709
vn -1 0 0
v -5.57134 -42.0798 50.2127
vn -1 0 0
v -5.57134 -37.0496 50.5571
vn -1 0 0
v -5.57134 -34.4899 50.558
vn -1 0 0
v -5.57134 -37.5436 50.037
vn -1 0 0
v -5.57134 -34.0183 50.0463
vn -1 0 0
v -5.57134 -28.1672 51.1653
vn -1 0 0
v -5.57134 -26.6693 50.9568
vn -1 0 0
v -5.57134 -21.6161 50.9043
vn -1 0 0
v -5.57134 -20.2364 51.2604
vn -1 0 0
v -5.57134 -20.4506 51.1653
vn -1 0 0
v -5.57134 -12.5199 51.2605
vn -1 0 0
v -5.57134 -14.003 50.9552
vn -1 0 0
v -5.57134 -4.80336 51.2605
vn -1 0 0
v -5.57134 -19.0562 50.9118
vn -1 0 0
v -5.57134 -12.7341 51.1653
vn -1 0 0
v -5.57134 -11.2361 50.9569
vn -1 0 0
v -5.57134 -6.49517 51.1817
vn -1 0 0
v -5.57134 -5.01759 51.1653
vn -1 0 0
v -5.57134 -3.48276 51.0843
vn -1 0 0
v -5.57134 1.5311 50.9242
vn -1 0 0
v -5.57134 2.79827 51.243
vn -1 0 0
v -5.57134 7.70801 51.1378
vn -1 0 0
v -5.57134 3.57717 50.874
vn -1 0 0
v -5.57134 -29.4126 50.346
vn -1 0 0
v -5.57134 -26.6947 50.3454
vn -1 0 0
v -5.57134 -13.9141 50.5314
vn -1 0 0
v -5.57134 -11.3262 50.5319
vn -1 0 0
v -5.57134 -21.98 50.0376
vn -1 0 0
v -5.57134 -18.7054 50.0479
vn -1 0 0
v -5.57134 -10.989 50.0479
vn -1 0 0
v -5.57134 -14.2512 50.0489
vn -1 0 0
v -5.57134 -6.17835 50.3698
vn -1 0 0
v -5.57134 -3.49793 50.2113
vn -1 0 0
v -5.57134 7.81529 50.1055
vn -1 0 0
v -5.57134 3.93025 50.0515
vn -1 0 0
v -5.57134 -5.25144 49.6405
vn -1 0 0
v -5.57134 1.16843 50.039
vn -1 0 0
v -5.57134 8.71837 49.6405
vn -1 0 0
v -5.48522 8.5864 51.781
vn -0.00275125 0.321279 0.94698
v -5.47292 8.51272 51.8018
vn -0.163943 0.192754 0.967455
v -5.52213 8.69946 51.6596
vn -0.00651554 0.944496 0.328459
v -5.48522 8.64919 51.7366
vn -0.049005 0.804018 0.592583
v -5.54674 8.48215 51.8058
vn 0.0368206 0.206932 0.977662
v -5.53444 8.57255 51.7878
vn -0.0333637 0.294843 0.954963
v -5.52213 8.71837 51.5696
vn 0.0153154 0.982991 0.183013
v -5.55904 8.64919 51.7366
vn 0.049005 0.804018 0.592583
v -5.52213 8.71837 51.5696
vn 0 1 0
v -5.52213 8.71837 49.6405
vn 0 1 0
v -5.49525 -75.1005 49.6092
vn 0 -1 0
v -5.42812 -75.1005 49.4618
vn 0 -1 0
v -3.36397 -75.1005 49.5107
vn 0 -1 0
v -3.20761 -75.1005 49.5869
vn 0 -1 0
v -3.23412 -75.1005 52.3113
vn 0 -1 0
v -3.14466 -75.1005 52.452
vn 0 -1 0
v 0.68044 -75.1005 52.5709
vn 0 -1 0
v 0.604336 -75.1005 52.4145
vn 0 -1 0
v -5.42812 8.71837 49.4864
vn 0 1 0
v -5.51759 8.71837 49.6271
vn 0 1 0
v -3.36397 8.71837 49.5107
vn 0 1 0
v -3.20761 8.71837 49.5869
vn 0 1 0
v -3.26972 8.71837 52.3516
vn 0 1 0
v -3.11337 8.71837 52.4277
vn 0 1 0
v 0.683197 8.71837 52.4468
vn 0 1 0
v 0.698343 8.71837 53.1444
vn 0 1 0
v -3.09103 8.71837 52.4456
vn 0 1 0
v -5.46843 8.71837 49.6179
vn 0.98083 0 0.194866
v -5.46917 -15.7288 49.6216
vn 0.98083 0 0.194866
v -5.46917 -50.6534 49.6216
vn 0.98083 0 0.194866
v -5.46843 -75.1005 49.6179
vn 0.98083 0 0.194866
v -5.41216 -12.2364 49.5495
vn 0.195257 0 0.980752
v -5.37449 -19.2213 49.542
vn 0.195257 0 0.980752
v -5.38705 -75.1005 49.5445
vn 0.195257 0 0.980752
v -5.39332 -50.6534 49.5457
vn 0.195257 0 0.980752
v -4.84287 -71.8053 49.542
vn 0 0 1
v -5.37449 -75.1005 49.542
vn 0 0 1
v -4.75136 -69.8212 49.542
vn 0 0 1
v -5.37449 -27.0793 49.542
vn 0 0 1
v -4.38144 -70.7418 49.542
vn 0 0 1
v -3.92505 -71.8047 49.542
vn 0 0 1
v -4.38039 -69.6859 49.542
vn 0 0 1
v -3.3863 -75.1005 49.542
vn 0 0 1
v -4.01018 -69.8206 49.542
vn 0 0 1
v -4.38039 5.86257 49.542
vn 0 0 1
v -3.3863 -29.6987 49.542
vn 0 0 1
v -4.75039 5.99415 49.542
vn 0 0 1
v -4.84463 7.90395 49.542
vn 0 0 1
v -4.38144 6.91871 49.542
vn 0 0 1
v -5.37449 8.71837 49.542
vn 0 0 1
v -3.92705 7.90277 49.542
vn 0 0 1
v -4.01109 5.99364 49.542
vn 0 0 1
v -3.3863 8.71837 49.542
vn 0 0 1
v -3.3637 8.71837 49.5465
vn -0.195307 0 0.980742
v -3.36747 -15.7288 49.5457
vn -0.195307 0 0.980742
v -3.34864 -54.1458 49.5495
vn -0.195307 0 0.980742
v -3.3863 -61.1307 49.542
vn -0.195307 0 0.980742
v -3.29537 -12.2364 49.6028
vn -0.98083 0 0.194866
v -3.28788 -19.2213 49.6405
vn -0.98083 0 0.194866
v -3.28788 -47.1609 49.6405
vn -0.98083 0 0.194866
v -3.29537 -54.1458 49.6028
vn -0.98083 0 0.194866
v -3.28788 -73.8312 50.3823
vn -1 0 0
v -3.28788 -72.7959 50.1294
vn -1 0 0
v -3.28788 -75.1005 49.6405
vn -1 0 0
v -3.28788 -66.4266 50.4317
vn -1 0 0
v -3.28788 -63.7264 50.5093
vn -1 0 0
v -3.28788 -62.0422 50.463
vn -1 0 0
v -3.28788 -72.2104 50.9004
vn -1 0 0
v -3.28788 -67.2991 50.7864
vn -1 0 0
v -3.28788 -59.5134 50.6109
vn -1 0 0
v -3.28788 -55.9807 50.4831
vn -1 0 0
v -3.28788 -54.1416 50.4831
vn -1 0 0
v -3.28788 -51.8858 50.8034
vn -1 0 0
v -3.28788 8.71837 49.6405
vn -1 0 0
v -3.28788 -61.3306 51.1956
vn -1 0 0
v -3.28788 -58.2365 50.8034
vn -1 0 0
v -3.28788 -73.9276 51.4612
vn -1 0 0
v -3.28788 -65.826 51.3887
vn -1 0 0
v -3.28788 -64.1544 51.4005
vn -1 0 0
v -3.28788 -70.3222 51.3974
vn -1 0 0
v -3.28788 -69.4586 51.4651
vn -1 0 0
v -3.28788 -75.1005 52.2979
vn -1 0 0
v -3.28788 -56.4379 51.4005
vn -1 0 0
v -3.28788 -53.6844 51.4005
vn -1 0 0
v -3.28788 -58.3161 51.6726
vn -1 0 0
v -3.28788 -50.957 50.4575
vn -1 0 0
v -3.28788 -48.2642 50.4831
vn -1 0 0
v -3.28788 -46.4251 50.4831
vn -1 0 0
v -3.28788 -43.7323 50.4575
vn -1 0 0
v -3.28788 -40.5476 50.4831
vn -1 0 0
v -3.28788 -42.8035 50.8033
vn -1 0 0
v -3.28788 -38.7084 50.4831
vn -1 0 0
v -3.28788 -36.0157 50.4575
vn -1 0 0
v -3.28788 -32.8311 50.4831
vn -1 0 0
v -3.28788 -30.992 50.4831
vn -1 0 0
v -3.28788 -35.0869 50.8034
vn -1 0 0
v -3.28788 -50.41 51.1956
vn -1 0 0
v -3.28788 -48.7213 51.4006
vn -1 0 0
v -3.28788 -45.9679 51.4005
vn -1 0 0
v -3.28788 -44.2792 51.1956
vn -1 0 0
v -3.28788 -41.0048 51.4005
vn -1 0 0
v -3.28788 -42.883 51.6726
vn -1 0 0
v -3.28788 -38.2515 51.4006
vn -1 0 0
v -3.28788 -36.5627 51.1956
vn -1 0 0
v -3.28788 -33.2883 51.4005
vn -1 0 0
v -3.28788 -28.7362 50.8034
vn -1 0 0
v -3.28788 -30.5348 51.4005
vn -1 0 0
v -3.28788 -35.1665 51.6726
vn -1 0 0
v -3.28788 -28.6566 51.6726
vn -1 0 0
v -3.28788 -72.8559 51.8376
vn -1 0 0
v -3.28788 -70.3175 51.5263
vn -1 0 0
v -3.28788 -67.2182 51.6892
vn -1 0 0
v -3.28788 -59.5227 51.6726
vn -1 0 0
v -3.28788 -66.6458 51.9488
vn -1 0 0
v -3.28788 -63.5105 51.9292
vn -1 0 0
v -3.28788 8.71837 52.2979
vn -1 0 0
v -3.28788 -62.0449 51.9292
vn -1 0 0
v -3.28788 -59.0245 51.9263
vn -1 0 0
v -3.28788 -58.8144 51.9263
vn -1 0 0
v -3.28788 -55.794 51.9292
vn -1 0 0
v -3.28788 -51.8062 51.6726
vn -1 0 0
v -3.28788 -50.9597 51.936
vn -1 0 0
v -3.28788 -43.7296 51.9359
vn -1 0 0
v -3.28788 -36.013 51.936
vn -1 0 0
v -3.28788 -54.3283 51.9292
vn -1 0 0
v -3.28788 -48.0774 51.9292
vn -1 0 0
v -3.28788 -46.6118 51.9292
vn -1 0 0
v -3.28788 -40.3609 51.9292
vn -1 0 0
v -3.28788 -32.6444 51.9292
vn -1 0 0
v -3.28788 -38.8953 51.9292
vn -1 0 0
v -3.28788 -27.8074 50.4575
vn -1 0 0
v -3.28788 -25.1147 50.4831
vn -1 0 0
v -3.28788 -23.2755 50.4831
vn -1 0 0
v -3.28788 -20.5827 50.4575
vn -1 0 0
v -3.28788 -17.398 50.4831
vn -1 0 0
v -3.28788 -15.5589 50.4831
vn -1 0 0
v -3.28788 -12.8661 50.4575
vn -1 0 0
v -3.28788 -19.5268 51.0024
vn -1 0 0
v -3.28788 -11.9373 50.8034
vn -1 0 0
v -3.28788 -9.68146 50.4831
vn -1 0 0
v -3.28788 -27.2604 51.1956
vn -1 0 0
v -3.28788 -25.5716 51.4006
vn -1 0 0
v -3.28788 -22.8183 51.4005
vn -1 0 0
v -3.28788 -21.1467 51.3888
vn -1 0 0
v -3.28788 -17.8552 51.4005
vn -1 0 0
v -3.28788 -13.4131 51.1956
vn -1 0 0
v -3.28788 -15.1018 51.4006
vn -1 0 0
v -3.28788 -10.1387 51.4004
vn -1 0 0
v -3.28788 -7.84241 50.4831
vn -1 0 0
v -3.28788 -5.14683 50.4552
vn -1 0 0
v -3.28788 7.35775 49.9924
vn -1 0 0
v -3.28788 -1.99412 50.5093
vn -1 0 0
v -3.28788 -0.0966842 50.5093
vn -1 0 0
v -3.28788 -4.22076 50.8034
vn -1 0 0
v -3.28788 2.5841 50.445
vn -1 0 0
v -3.28788 6.497 50.9628
vn -1 0 0
v -3.28788 8.40729 51.2353
vn -1 0 0
v -3.28788 3.48748 50.7985
vn -1 0 0
v -3.28788 -7.39809 51.1955
vn -1 0 0
v -3.28788 -5.69657 51.1956
vn -1 0 0
v -3.28788 -2.40926 51.1955
vn -1 0 0
v -3.28788 -12.0169 51.6726
vn -1 0 0
v -3.28788 -4.30038 51.6726
vn -1 0 0
v -3.28788 0.318448 51.1955
vn -1 0 0
v -3.28788 2.01995 51.1956
vn -1 0 0
v -3.28788 5.46416 51.4616
vn -1 0 0
v -3.28788 3.40879 51.6782
vn -1 0 0
v -3.28788 -27.8101 51.936
vn -1 0 0
v -3.28788 -20.0935 51.9359
vn -1 0 0
v -3.28788 -12.8634 51.936
vn -1 0 0
v -3.28788 -31.1787 51.9292
vn -1 0 0
v -3.28788 -23.4622 51.9292
vn -1 0 0
v -3.28788 -24.9278 51.9292
vn -1 0 0
v -3.28788 -17.2113 51.9292
vn -1 0 0
v -3.28788 -9.49476 51.9292
vn -1 0 0
v -3.28788 -15.7457 51.9292
vn -1 0 0
v -3.28788 -7.82075 51.8887
vn -1 0 0
v -3.28788 -5.1469 51.936
vn -1 0 0
v -3.28788 7.23283 51.8642
vn -1 0 0
v -3.28788 -1.9866 51.8887
vn -1 0 0
v -3.28788 2.58617 51.9469
vn -1 0 0
v -3.28788 -0.104204 51.8887
vn -1 0 0
v 0.64913 -74.2358 52.914
vn -1 0 0
v 0.64913 -75.1691 52.5951
vn -1 0 0
v 0.64913 -53.7788 52.866
vn -1 0 0
v 0.64913 -74.3873 53.3639
vn -1 0 0
v 0.64913 -74.2099 53.2641
vn -1 0 0
v 0.64913 -53.8553 53.264
vn -1 0 0
v 0.64913 -33.1645 52.866
vn -1 0 0
v 0.64913 -33.2539 53.3192
vn -1 0 0
v 0.64913 -53.6834 53.3355
vn -1 0 0
v 0.64913 -33.3019 53.2271
vn -1 0 0
v 0.64913 -12.6042 53.354
vn -1 0 0
v 0.64913 -33.4032 53.4002
vn -1 0 0
v 0.64913 -32.979 53.4002
vn -1 0 0
v 0.64913 -12.6567 52.8678
vn -1 0 0
v 0.64913 7.91774 52.8791
vn -1 0 0
v 0.64913 -5.25144 52.5932
vn -1 0 0
v 0.64913 -33.0915 53.2763
vn -1 0 0
v 0.64913 7.8388 53.2878
vn -1 0 0
v 0.64913 8.7191 53.1944
vn -1 0 0
v 0.64913 -12.8082 53.4229
vn -1 0 0
v 0.64913 -12.4453 53.4209
vn -1 0 0
v 0.64913 -33.1911 53.4909
vn -1 0 0
v 0.64913 -33.2592 53.482
vn -1 0 0
v -3.27562 -75.1005 52.3596
vn -0.980804 0 0.194995
v -3.28442 -33.1911 52.3153
vn -0.980804 0 0.194995
v -3.28288 -16.893 52.323
vn -0.980804 0 0.194995
v -3.27889 8.71837 52.3431
vn -0.980804 0 0.194995
v -3.11614 -75.1005 52.4898
vn -0.195283 0 0.980747
v -3.13623 -51.3518 52.4858
vn -0.195283 0 0.980747
v -3.11614 -16.893 52.4898
vn -0.195283 0 0.980747
v -3.13623 8.71837 52.4858
vn -0.195283 0 0.980747
v 0.56326 8.71837 52.4973
vn -0.195282 0 0.980747
v 0.569538 -15.7288 52.4986
vn -0.195282 0 0.980747
v 0.569538 -50.6534 52.4986
vn -0.195282 0 0.980747
v 0.573304 -75.1005 52.4993
vn -0.195282 0 0.980747
v 0.641637 -12.2364 52.5556
vn -0.980718 0 0.195431
v 0.64913 -5.25144 52.5932
vn -0.980718 0 0.195431
v 0.641637 -54.1458 52.5556
vn -0.980718 0 0.195431
v 0.64913 -61.1307 52.5932
vn -0.980718 0 0.195431
v -2.55707 -69.8149 52.4948
vn 0 0 1
v -3.09103 -75.1005 52.4948
vn 0 0 1
v -3.09103 -61.1307 52.4948
vn 0 0 1
v -2.39202 -66.7288 52.4948
vn 0 0 1
v -2.16685 -66.4872 52.4948
vn 0 0 1
v -2.21532 -53.0236 52.4948
vn 0 0 1
v -0.188728 -69.8169 52.4948
vn 0 0 1
v -2.27799 -52.6868 52.4948
vn 0 0 1
v -2.39905 -38.9832 52.4948
vn 0 0 1
v -2.09996 -39.1545 52.4948
vn 0 0 1
v -2.39893 -25.2036 52.4948
vn 0 0 1
v -2.09956 -25.3748 52.4948
vn 0 0 1
v -0.630739 -52.8565 52.4948
vn 0 0 1
v -0.570282 -39.2407 52.4948
vn 0 0 1
v -0.446285 -66.5284 52.4948
vn 0 0 1
v -0.222982 -52.8564 52.4948
vn 0 0 1
v 0.550705 -75.1005 52.4948
vn 0 0 1
v -0.400433 -38.9163 52.4948
vn 0 0 1
v -0.425726 -25.4664 52.4948
vn 0 0 1
v 0.550705 -33.1911 52.4948
vn 0 0 1
v -2.38691 -11.6129 52.4948
vn 0 0 1
v -2.24494 2.70147 52.4948
vn 0 0 1
v -2.10172 -11.4382 52.4948
vn 0 0 1
v -0.578387 -11.3543 52.4948
vn 0 0 1
v -2.57033 5.94946 52.4948
vn 0 0 1
v -3.09103 -5.25144 52.4948
vn 0 0 1
v -3.09103 8.71837 52.4948
vn 0 0 1
v -0.203695 5.9575 52.4948
vn 0 0 1
v -0.436237 2.70133 52.4948
vn 0 0 1
v -0.417229 -11.6781 52.4948
vn 0 0 1
v -0.449474 -25.128 52.4948
vn 0 0 1
v 0.550705 -19.2213 52.4948
vn 0 0 1
v 0.550705 8.71837 52.4948
vn 0 0 1
v -5.56635 8.71837 49.6154
vn -0.980829 0 -0.194869
v -5.56235 -15.0304 49.5953
vn -0.980829 0 -0.194869
v -5.56635 -49.4892 49.6154
vn -0.980829 0 -0.194869
v -5.56235 -75.1005 49.5953
vn -0.980829 0 -0.194869
v -5.3996 8.71837 49.4486
vn -0.195282 0 -0.980747
v -5.41969 -15.0304 49.4526
vn -0.195282 0 -0.980747
v -5.3996 -75.1005 49.4486
vn -0.195282 0 -0.980747
v -5.41969 -51.3518 49.4526
vn -0.195282 0 -0.980747
v -4.84287 -71.8053 49.4436
vn 0 0 -1
v -5.37449 -75.1005 49.4436
vn 0 0 -1
v -4.75136 -69.8212 49.4436
vn 0 0 -1
v -5.37449 -46.2878 49.4436
vn 0 0 -1
v -4.38144 -70.7418 49.4436
vn 0 0 -1
v -3.92505 -71.8047 49.4436
vn 0 0 -1
v -4.38039 -69.6859 49.4436
vn 0 0 -1
v -4.38039 5.86257 49.4436
vn 0 0 -1
v -3.3863 -75.1005 49.4436
vn 0 0 -1
v -4.01018 -69.8206 49.4436
vn 0 0 -1
v -3.3863 -36.6836 49.4436
vn 0 0 -1
v -4.75039 5.99415 49.4436
vn 0 0 -1
v -4.84463 7.90395 49.4436
vn 0 0 -1
v -4.38144 6.91871 49.4436
vn 0 0 -1
v -5.37449 8.71837 49.4436
vn 0 0 -1
v -3.92705 7.90277 49.4436
vn 0 0 -1
v -4.01109 5.99364 49.4436
vn 0 0 -1
v -3.3863 8.71837 49.4436
vn 0 0 -1
v -3.36119 8.71837 49.4486
vn 0.195282 0 -0.980747
v -3.3411 -15.0304 49.4526
vn 0.195282 0 -0.980747
v -3.3411 -51.3518 49.4526
vn 0.195282 0 -0.980747
v -3.36119 -75.1005 49.4486
vn 0.195282 0 -0.980747
v -3.19445 -16.893 49.6154
vn 0.980804 0 -0.194998
v -3.19844 8.71837 49.5953
vn 0.980804 0 -0.194998
v -3.19445 -75.1005 49.6154
vn 0.980804 0 -0.194998
v -3.19844 -51.3518 49.5953
vn 0.980804 0 -0.194998
v -3.18945 -73.8312 50.3823
vn 1 0 0
v -3.18945 -75.1005 49.6405
vn 1 0 0
v -3.18945 -72.7959 50.1294
vn 1 0 0
v -3.18945 -63.7264 50.5093
vn 1 0 0
v -3.18945 -66.4266 50.4317
vn 1 0 0
v -3.18945 -62.0422 50.463
vn 1 0 0
v -3.18945 -72.2104 50.9004
vn 1 0 0
v -3.18945 -67.2991 50.7864
vn 1 0 0
v -3.18945 -59.5134 50.6109
vn 1 0 0
v -3.18945 -54.1416 50.4831
vn 1 0 0
v -3.18945 -55.9807 50.4831
vn 1 0 0
v -3.18945 8.71837 49.6405
vn 1 0 0
v -3.18945 -58.2365 50.8034
vn 1 0 0
v -3.18945 -61.3306 51.1956
vn 1 0 0
v -3.18945 -51.8858 50.8034
vn 1 0 0
v -3.18945 -73.9276 51.4612
vn 1 0 0
v -3.18945 -65.826 51.3887
vn 1 0 0
v -3.18945 -64.1544 51.4005
vn 1 0 0
v -3.18945 -70.2896 51.4626
vn 1 0 0
v -3.18945 -69.2873 51.4606
vn 1 0 0
v -3.18945 -75.1005 52.2979
vn 1 0 0
v -3.18945 -56.4379 51.4005
vn 1 0 0
v -3.18945 -53.6844 51.4005
vn 1 0 0
v -3.18945 -58.3161 51.6726
vn 1 0 0
v -3.18945 -50.957 50.4575
vn 1 0 0
v -3.18945 -48.2642 50.4831
vn 1 0 0
v -3.18945 -46.4251 50.4831
vn 1 0 0
v -3.18945 -43.7323 50.4575
vn 1 0 0
v -3.18945 -40.5476 50.4831
vn 1 0 0
v -3.18945 -42.8035 50.8033
vn 1 0 0
v -3.18945 -38.7084 50.4831
vn 1 0 0
v -3.18945 -36.0157 50.4575
vn 1 0 0
v -3.18945 -32.8311 50.4831
vn 1 0 0
v -3.18945 -30.992 50.4831
vn 1 0 0
v -3.18945 -35.0869 50.8034
vn 1 0 0
v -3.18945 -50.41 51.1956
vn 1 0 0
v -3.18945 -48.7213 51.4006
vn 1 0 0
v -3.18945 -45.9679 51.4005
vn 1 0 0
v -3.18945 -44.2792 51.1956
vn 1 0 0
v -3.18945 -41.0048 51.4005
vn 1 0 0
v -3.18945 -42.883 51.6726
vn 1 0 0
v -3.18945 -38.2515 51.4006
vn 1 0 0
v -3.18945 -36.5627 51.1956
vn 1 0 0
v -3.18945 -33.2883 51.4005
vn 1 0 0
v -3.18945 -28.7362 50.8034
vn 1 0 0
v -3.18945 -30.5348 51.4005
vn 1 0 0
v -3.18945 -35.1665 51.6726
vn 1 0 0
v -3.18945 -28.6566 51.6726
vn 1 0 0
v -3.18945 -72.8559 51.8376
vn 1 0 0
v -3.18945 -67.2182 51.6892
vn 1 0 0
v -3.18945 -59.5227 51.6726
vn 1 0 0
v -3.18945 -66.6458 51.9488
vn 1 0 0
v -3.18945 -63.5105 51.9292
vn 1 0 0
v -3.18945 8.71837 52.2979
vn 1 0 0
v -3.18945 -62.0449 51.9292
vn 1 0 0
v -3.18945 -59.0245 51.9263
vn 1 0 0
v -3.18945 -58.8144 51.9263
vn 1 0 0
v -3.18945 -55.794 51.9292
vn 1 0 0
v -3.18945 -51.8062 51.6726
vn 1 0 0
v -3.18945 -50.9597 51.936
vn 1 0 0
v -3.18945 -43.7296 51.9359
vn 1 0 0
v -3.18945 -36.013 51.936
vn 1 0 0
v -3.18945 -54.3283 51.9292
vn 1 0 0
v -3.18945 -48.0774 51.9292
vn 1 0 0
v -3.18945 -46.6118 51.9292
vn 1 0 0
v -3.18945 -40.3609 51.9292
vn 1 0 0
v -3.18945 -32.6444 51.9292
vn 1 0 0
v -3.18945 -38.8953 51.9292
vn 1 0 0
v -3.18945 -27.8074 50.4575
vn 1 0 0
v -3.18945 -25.1147 50.4831
vn 1 0 0
v -3.18945 -23.2755 50.4831
vn 1 0 0
v -3.18945 -21.1467 51.0024
vn 1 0 0
v -3.18945 -20.0908 50.4575
vn 1 0 0
v -3.18945 -17.398 50.4831
vn 1 0 0
v -3.18945 -15.5589 50.4831
vn 1 0 0
v -3.18945 -12.8661 50.4575
vn 1 0 0
v -3.18945 -11.9373 50.8034
vn 1 0 0
v -3.18945 -9.68146 50.4831
vn 1 0 0
v -3.18945 -27.2604 51.1956
vn 1 0 0
v -3.18945 -25.5716 51.4006
vn 1 0 0
v -3.18945 -22.8183 51.4005
vn 1 0 0
v -3.18945 -17.8552 51.4005
vn 1 0 0
v -3.18945 -19.5268 51.3888
vn 1 0 0
v -3.18945 -13.4131 51.1956
vn 1 0 0
v -3.18945 -15.1018 51.4006
vn 1 0 0
v -3.18945 -10.1387 51.4004
vn 1 0 0
v -3.18945 -7.84241 50.4831
vn 1 0 0
v -3.18945 -5.14683 50.4552
vn 1 0 0
v -3.18945 -1.99412 50.5093
vn 1 0 0
v -3.18945 7.35775 49.9924
vn 1 0 0
v -3.18945 -0.0966842 50.5093
vn 1 0 0
v -3.18945 -4.22076 50.8034
vn 1 0 0
v -3.18945 2.5841 50.445
vn 1 0 0
v -3.18945 8.40729 51.2353
vn 1 0 0
v -3.18945 3.48748 50.7985
vn 1 0 0
v -3.18945 6.49678 50.965
vn 1 0 0
v -3.18945 -7.39809 51.1955
vn 1 0 0
v -3.18945 -5.69657 51.1956
vn 1 0 0
v -3.18945 -2.40926 51.1955
vn 1 0 0
v -3.18945 -12.0169 51.6726
vn 1 0 0
v -3.18945 -4.30038 51.6726
vn 1 0 0
v -3.18945 2.01995 51.1956
vn 1 0 0
v -3.18945 0.318448 51.1955
vn 1 0 0
v -3.18945 3.40879 51.6782
vn 1 0 0
v -3.18945 5.46277 51.4642
vn 1 0 0
v -3.18945 -20.58 51.9359
vn 1 0 0
v -3.18945 -27.8101 51.936
vn 1 0 0
v -3.18945 -12.8634 51.936
vn 1 0 0
v -3.18945 -31.1787 51.9292
vn 1 0 0
v -3.18945 -23.4622 51.9292
vn 1 0 0
v -3.18945 -24.9278 51.9292
vn 1 0 0
v -3.18945 -17.2113 51.9292
vn 1 0 0
v -3.18945 -9.49476 51.9292
vn 1 0 0
v -3.18945 -15.7457 51.9292
vn 1 0 0
v -3.18945 -7.82075 51.8887
vn 1 0 0
v -3.18945 -5.1469 51.936
vn 1 0 0
v -3.18945 7.23283 51.8642
vn 1 0 0
v -3.18945 -1.9866 51.8887
vn 1 0 0
v -3.18945 2.58617 51.9469
vn 1 0 0
v -3.18945 -0.104204 51.8887
vn 1 0 0
v -3.18496 -75.1005 52.3205
vn 0.980831 0 -0.19486
v -3.18695 -33.1911 52.3105
vn 0.980831 0 -0.19486
v -3.18571 -15.7288 52.3168
vn 0.980831 0 -0.19486
v -3.18496 8.71837 52.3205
vn 0.980831 0 -0.19486
v -3.10986 -50.6534 52.3927
vn 0.195308 0 -0.980742
v -3.11363 -75.1005 52.3919
vn 0.195308 0 -0.980742
v -3.10986 -15.7288 52.3927
vn 0.195308 0 -0.980742
v -3.11363 8.71837 52.3919
vn 0.195308 0 -0.980742
v -2.55707 -69.8149 52.3964
vn 0 0 -1
v -3.09103 -75.1005 52.3964
vn 0 0 -1
v -3.09103 -61.1307 52.3964
vn 0 0 -1
v -2.34158 -66.4708 52.3964
vn 0 0 -1
v -2.22142 -66.8056 52.3964
vn 0 0 -1
v -2.39898 -52.9503 52.3964
vn 0 0 -1
v -2.09963 -52.7789 52.3964
vn 0 0 -1
v -0.188728 -69.8169 52.3964
vn 0 0 -1
v -2.39906 -38.9833 52.3964
vn 0 0 -1
v -2.09995 -39.1545 52.3964
vn 0 0 -1
v -2.39893 -25.2036 52.3964
vn 0 0 -1
v -2.09955 -25.3748 52.3964
vn 0 0 -1
v -0.596321 -52.8861 52.3964
vn 0 0 -1
v -0.576808 -39.1656 52.3964
vn 0 0 -1
v -0.436088 -66.5265 52.3964
vn 0 0 -1
v 0.550705 -75.1005 52.3964
vn 0 0 -1
v -0.268516 -52.8906 52.3964
vn 0 0 -1
v 0.550705 -47.1609 52.3964
vn 0 0 -1
v -0.419687 -38.9088 52.3964
vn 0 0 -1
v -0.531365 -25.4261 52.3964
vn 0 0 -1
v -0.339316 -39.1919 52.3964
vn 0 0 -1
v -0.233599 -25.2973 52.3964
vn 0 0 -1
v -2.38691 -11.6128 52.3964
vn 0 0 -1
v -2.24505 2.70145 52.3964
vn 0 0 -1
v -2.10177 -11.4382 52.3964
vn 0 0 -1
v -0.58032 -25.1873 52.3964
vn 0 0 -1
v -0.536918 -11.6437 52.3964
vn 0 0 -1
v -2.57033 5.94946 52.3964
vn 0 0 -1
v -3.09103 -5.25144 52.3964
vn 0 0 -1
v -3.09103 8.71837 52.3964
vn 0 0 -1
v -0.203695 5.9575 52.3964
vn 0 0 -1
v -0.43624 2.70134 52.3964
vn 0 0 -1
v -0.443686 -11.3506 52.3964
vn 0 0 -1
v -0.288769 -11.6072 52.3964
vn 0 0 -1
v 0.550705 -19.2213 52.3964
vn 0 0 -1
v 0.550705 8.71837 52.3964
vn 0 0 -1
v 0.575815 8.71837 52.4014
vn 0.19528 0 -0.980748
v 0.595904 -15.0304 52.4054
vn 0.19528 0 -0.980748
v 0.595904 -51.3518 52.4054
vn 0.19528 0 -0.980748
v 0.575815 -75.1005 52.4014
vn 0.19528 0 -0.980748
v 0.74256 8.71837 52.5681
vn 0.980772 0 -0.195159
v 0.738565 -15.0304 52.548
vn 0.980772 0 -0.195159
v 0.74256 -75.1005 52.5681
vn 0.980772 0 -0.195159
v 0.738565 -51.3518 52.548
vn 0.980772 0 -0.195159
v -5.47292 -66.6575 51.1744
vn 1 0 0
v -5.47292 -58.8191 51.2604
vn 1 0 0
v -5.47292 -75.0514 51.8026
vn 1 0 0
v -5.47292 -73.3024 51.1431
vn 1 0 0
v -5.47292 -65.2103 51.0889
vn 1 0 0
v -5.47292 -60.3401 51.084
vn 1 0 0
v -5.47292 -51.1026 51.2605
vn 1 0 0
v -5.47292 -52.4833 50.91
vn 1 0 0
v -5.47292 -57.4976 51.0836
vn 1 0 0
v -5.47292 -59.0333 51.1653
vn 1 0 0
v -5.47292 -67.5848 50.7351
vn 1 0 0
v -5.47292 -51.3168 51.1653
vn 1 0 0
v -5.47292 -43.386 51.2604
vn 1 0 0
v -5.47292 -49.7811 51.0835
vn 1 0 0
v -5.47292 -45.0799 51.1822
vn 1 0 0
v -5.47292 -43.6003 51.1654
vn 1 0 0
v -5.47292 -42.0645 51.0835
vn 1 0 0
v -5.47292 -37.3541 51.1333
vn 1 0 0
v -5.47292 -35.7709 51.2201
vn 1 0 0
v -5.47292 -29.3311 50.9061
vn 1 0 0
v -5.47292 -34.1851 51.1337
vn 1 0 0
v -5.47292 -27.953 51.2605
vn 1 0 0
v -5.47292 8.65909 51.8029
vn 1 0 0
v -5.47292 -73.4228 50.1097
vn 1 0 0
v -5.47292 -75.1005 49.6405
vn 1 0 0
v -5.47292 -65.1652 50.0853
vn 1 0 0
v -5.47292 -60.3183 50.2299
vn 1 0 0
v -5.47292 -57.5199 50.2289
vn 1 0 0
v -5.47292 -67.9562 50.0463
vn 1 0 0
v -5.47292 -49.7378 50.0949
vn 1 0 0
v -5.47292 -52.8481 50.0375
vn 1 0 0
v -5.47292 -61.1307 49.6405
vn 1 0 0
v -5.47292 -47.1609 49.6405
vn 1 0 0
v -5.47292 -44.7641 50.3939
vn 1 0 0
v -5.47292 -42.0875 50.2299
vn 1 0 0
v -5.47292 -37.0432 50.5056
vn 1 0 0
v -5.47292 -34.4969 50.5036
vn 1 0 0
v -5.47292 -41.5966 50.0342
vn 1 0 0
v -5.47292 -29.6942 50.0397
vn 1 0 0
v -5.47292 -37.6596 50.0342
vn 1 0 0
v -5.47292 -33.1911 49.6405
vn 1 0 0
v -5.47292 -28.1672 51.1653
vn 1 0 0
v -5.47292 -26.6315 51.0835
vn 1 0 0
v -5.47292 -21.921 51.1333
vn 1 0 0
v -5.47292 -20.3378 51.2201
vn 1 0 0
v -5.47292 -12.5199 51.2605
vn 1 0 0
v -5.47292 -14.003 50.9552
vn 1 0 0
v -5.47292 -4.80336 51.2605
vn 1 0 0
v -5.47292 -18.7521 51.1337
vn 1 0 0
v -5.47292 -12.7341 51.1653
vn 1 0 0
v -5.47292 -11.2361 50.9569
vn 1 0 0
v -5.47292 -6.18298 50.9042
vn 1 0 0
v -5.47292 -5.01759 51.1653
vn 1 0 0
v -5.47292 -3.48276 51.0843
vn 1 0 0
v -5.47292 1.5311 50.9242
vn 1 0 0
v -5.47292 2.79827 51.243
vn 1 0 0
v -5.47292 7.70801 51.1378
vn 1 0 0
v -5.47292 3.57717 50.874
vn 1 0 0
v -5.47292 -21.6072 50.7587
vn 1 0 0
v -5.47292 -19.0656 50.7622
vn 1 0 0
v -5.47292 -26.589 50.0946
vn 1 0 0
v -5.47292 -11.1517 50.1528
vn 1 0 0
v -5.47292 -14.0894 50.1533
vn 1 0 0
v -5.47292 8.71837 49.6405
vn 1 0 0
v -5.47292 -21.967 50.0484
vn 1 0 0
v -5.47292 -18.7046 50.0484
vn 1 0 0
v -5.47292 -3.4394 50.0946
vn 1 0 0
v -5.47292 7.81529 50.1055
vn 1 0 0
v -5.47292 3.9326 50.0483
vn 1 0 0
v -5.47292 -6.53459 50.0489
vn 1 0 0
v -5.47292 1.17898 50.0469
vn 1 0 0
v 0.698343 -75.1005 53.1444
vn 0 -1 0
v 0.698343 -75.1005 52.5932
vn 0 -1 0
v -0.34546 -68.7472 51.3428
vn -0.980016 0.00155481 -0.198911
v -0.354807 -68.7423 51.4079
vn -0.989148 -0.00396352 -0.146866
v -0.264396 -68.7078 51.2256
vn -0.642358 -0.0109134 -0.766327
v -0.260756 -68.7767 51.222
vn -0.638289 0.0209483 -0.769511
v -0.32316 -68.7718 51.2898
vn -0.81105 0.0299452 -0.58421
v -0.354807 -68.7422 51.4079
vn -1 0 0
v -0.354807 -68.7422 52.1777
vn -1 0 0
v 0.131815 -68.7816 -34.3519
vn 0 -1 0
v 0.590075 -68.7816 -38.2393
vn 0 -1 0
v 0.174164 -68.7816 -13.7937
vn 0 -1 0
v 0.590075 -68.7816 -8.1003
vn 0 -1 0
v -0.354807 -68.7816 -38.2393
vn 0 -1 0
v -0.184038 -68.7816 -5.78008
vn 0 -1 0
v -0.135071 -68.7816 -13.7706
vn 0 -1 0
v -0.0731219 -68.7816 -34.289
vn 0 -1 0
v -0.119675 -68.7816 6.77141
vn 0 -1 0
v -0.32633 -68.7816 4.55932
vn 0 -1 0
v 0.183248 -68.7816 6.79547
vn 0 -1 0
v 0.0111816 -68.7816 27.3178
vn 0 -1 0
v -0.0083766 -68.7816 7.02753
vn 0 -1 0
v 0.590075 -68.7816 22.0387
vn 0 -1 0
v 0.590075 -68.7816 37.1082
vn 0 -1 0
v 0.168506 -68.7816 27.6053
vn 0 -1 0
v 0.0400773 -68.7816 47.9837
vn 0 -1 0
v 0.553795 -68.7816 52.1776
vn 0 -1 0
v -0.163343 -68.7816 51.1299
vn 0 -1 0
v -0.105673 -68.7816 27.5871
vn 0 -1 0
v -0.350716 -68.7816 49.7143
vn 0 -1 0
v -0.343827 -68.7718 49.6756
vn -0.976246 -0.0023248 0.216652
v -0.354807 -68.7816 49.6053
vn -0.98804 0.0827001 0.130144
v -0.354807 -68.7226 49.6053
vn -0.990457 -0.0181199 0.136624
v -0.347093 -68.7325 49.6652
vn -0.980127 0.0194517 0.197414
v -0.260672 -68.7718 49.7916
vn -0.642024 0.00524823 0.766666
v -0.260756 -68.7078 49.7912
vn -0.642013 -0.0327585 0.765994
v -0.32316 -68.7128 49.7234
vn -0.81105 -0.0299452 0.58421
v -0.18158 -68.7128 49.8542
vn -0.675355 -0.00399611 0.737482
v -0.236697 -68.7029 49.8099
vn -0.606802 0.0772834 0.791087
v -0.236697 -68.762 49.8099
vn -0.612409 -0.0168254 0.790362
v -0.189309 -68.7521 49.8459
vn -0.660137 0.0195437 0.750891
v -0.118587 -68.7423 50.0145
vn -0.988834 -0.00451282 0.148952
v -0.128389 -68.7373 49.9477
vn -0.97966 0.00188832 0.200654
v -0.130282 -68.7128 51.0716
vn -0.976252 0.0106146 -0.216377
v -0.120381 -68.7029 51.0192
vn -0.984395 0.118733 -0.129883
v -0.118587 -68.762 50.9987
vn -0.98913 -0.0267125 -0.144595
v -0.130282 -68.762 51.0716
vn -0.97929 0.0172296 -0.201726
v -0.236697 -68.7423 51.2033
vn -0.621467 -0.00397257 -0.78343
v -0.185166 -68.7373 51.1628
vn -0.66209 0.00157063 -0.749423
v 0.096146 -68.7029 -34.5584
vn 0 1 0
v 0.590075 -68.7029 -38.2393
vn 0 1 0
v 0.191484 -68.7029 -13.7671
vn 0 1 0
v 0.00916094 -68.7029 -34.2253
vn 0 1 0
v -0.354807 -68.7029 -38.2393
vn 0 1 0
v 0.590075 -68.7029 -8.1003
vn 0 1 0
v -0.184038 -68.7029 -5.78008
vn 0 1 0
v -0.147472 -68.7029 -13.8407
vn 0 1 0
v -0.32633 -68.7029 4.55932
vn 0 1 0
v 0.173791 -68.7029 6.75234
vn 0 1 0
v -0.0463666 -68.7029 27.3339
vn 0 1 0
v -0.00511683 -68.7029 7.0273
vn 0 1 0
v 0.160991 -68.7029 27.5926
vn 0 1 0
v 0.590075 -68.7029 22.0387
vn 0 1 0
v 0.590075 -68.7029 37.1082
vn 0 1 0
v 0.0383144 -68.7029 48.0038
vn 0 1 0
v 0.553795 -68.7029 52.1776
vn 0 1 0
v -0.163343 -68.7029 51.1299
vn 0 1 0
v -0.350716 -68.7029 49.7143
vn 0 1 0
v 0.673736 -71.1214 14.2406
vn 0.00460494 -0.248469 -0.968629
v 0.742634 -71.1214 14.2406
vn -0.00173405 -0.248323 -0.968676
v 0.708185 -71.0293 14.1287
vn -0.00926101 -0.975081 -0.221656
v 0.713106 -71.04 14.1773
vn 0.00215408 -0.954247 -0.299012
v 0.737713 -73.1115 14.1513
vn 0.00668688 0.965681 -0.259646
v 0.673736 -73.1112 14.1512
vn -0.0307252 0.963516 -0.265882
v 0.678658 -73.0814 14.2122
vn -0.0299289 0.806011 -0.591144
v 0.742634 -73.0239 14.2406
vn -0.00177783 0.248304 -0.968681
v 0.673736 -73.0239 14.2406
vn 0.00464241 0.248449 -0.968634
v 0.72787 -73.0499 12.1725
vn -0.0226236 0.295898 0.954952
v 0.734432 -72.9978 12.1601
vn 0.0242958 0.206263 0.978195
v 0.681938 -72.9978 12.1601
vn -0.0307252 0.177366 0.983665
v 0.678658 -73.0499 12.1725
vn 0.0090298 0.329028 0.944277
v 0.734432 -73.116 12.2783
vn 0.0242868 0.978214 0.206173
v 0.72787 -73.1035 12.2262
vn -0.022697 0.954945 0.295913
v 0.681938 -73.116 12.2783
vn -0.0242868 0.978214 0.206173
v 0.678658 -73.1035 12.2262
vn 0.0150889 0.951906 0.306019
v 0.673736 -71.0355 12.2522
vn 0.00177513 -0.967 0.254772
v 0.742634 -71.0355 12.2522
vn -0.00464128 -0.970277 0.241953
v 0.737713 -71.1249 12.1646
vn 0.00379926 -0.26066 0.965423
v 0.673736 -71.1214 12.1663
vn -0.0153031 -0.259719 0.965563
v 0.713106 -73.0465 15.7535
vn 0.00244779 0.298649 0.95436
v 0.708185 -72.9978 15.7428
vn -0.00976461 0.22012 0.975424
v 0.708185 -73.116 15.8609
vn -0.0092171 0.975136 0.221414
v 0.713106 -73.1053 15.8122
vn 0.00209116 0.954282 0.2989
v 0.673736 -71.0355 15.8348
vn 0.00268792 -0.966975 0.254858
v 0.742634 -71.0355 15.8348
vn -0.00544925 -0.970239 0.242088
v 0.737713 -71.1249 15.7473
vn 0.010182 -0.258807 0.965875
v 0.673736 -71.1214 15.749
vn -0.019163 -0.258939 0.965704
v 0.708185 -71.0954 17.817
vn 0.00166709 -0.302132 -0.953264
v 0.708185 -71.1475 17.8294
vn 0.0102384 -0.206863 -0.978316
v 0.708185 -71.0293 17.7113
vn 0.00619322 -0.97549 -0.219955
v 0.703264 -71.04 17.76
vn -0.00216827 -0.954309 -0.298812
v 0.737713 -73.1115 17.7339
vn 0.00369173 0.965436 -0.260615
v 0.673736 -73.1112 17.7338
vn -0.0433882 0.964517 -0.260432
v 0.678658 -73.0814 17.7948
vn -0.0302122 0.804982 -0.59253
v 0.742634 -73.0239 17.8232
vn -0.00234175 0.240989 -0.970525
v 0.673736 -73.0239 17.8232
vn -0.000891603 0.254181 -0.967156
v 0.742634 -74.4611 26.9196
vn 0.0442699 0.259228 0.964801
v 0.678658 -74.4613 26.9194
vn -0.00852667 0.258473 0.965981
v 0.703264 -74.5619 26.9992
vn -0.00509731 0.915567 0.402133
v 0.708185 -74.5727 27.0519
vn 0.0147972 0.979041 0.203124
v 0.678658 -74.5323 26.9544
vn -0.0349295 0.804994 0.592253
v 0.740173 -69.584 27.0161
vn 0.0421944 -0.934216 0.354205
v 0.737713 -69.6579 26.9251
vn 0.026879 -0.30793 0.951029
v 0.678658 -69.5779 27.0255
vn -0.0134653 -0.966495 0.256333
v 0.708185 -69.7104 26.9141
vn 0.0016373 -0.20109 0.979571
v 0.737713 -69.6579 30.2692
vn 0.0340341 -0.316085 -0.94812
v 0.708185 -69.7104 30.2802
vn -0.0151386 -0.2031 -0.979041
v 0.705724 -69.5895 30.2045
vn 0.00426517 -0.915933 -0.401309
v 0.708185 -69.5727 30.1424
vn -0.00193447 -0.979927 -0.199347
v 0.678658 -69.613 30.2399
vn -0.0349295 -0.804994 -0.592253
v 0.703264 -74.5602 30.1992
vn 0.033238 0.877265 -0.478854
v 0.708185 -74.5727 30.1424
vn 0.00560495 0.975191 -0.221293
v 0.742634 -74.4611 30.2747
vn 0.0442736 0.259251 -0.964795
v 0.678658 -74.4613 30.275
vn -0.00853635 0.258477 -0.96598
v -0.340851 -69.3971 52.2359
vn -0.95568 -0.294397 -0.002578
v -0.354807 -69.3329 52.231
vn -0.975756 -0.218772 -0.00626249
v -0.200066 -69.4903 52.231
vn -0.235152 -0.971938 -0.0062699
v -0.264025 -69.4753 52.2261
vn -0.310964 -0.950418 0.00254654
v -0.125115 -69.5153 52.2212
vn -0.414357 -0.908027 -0.0616052
v 0.0649993 -69.6666 52.2409
vn -0.736025 -0.664849 0.127448
v 0.0900747 -69.7856 52.231
vn -0.999307 0 0.037225
v 0.0871354 -69.8271 52.1916
vn -0.997229 0 0.0743983
v 0.0871354 -69.7856 52.2704
vn -0.997229 0 -0.0743912
v -0.0991976 -70.0588 52.231
vn -0.373571 0.927588 0.00507238
v -0.200066 -70.0808 52.231
vn -0.165179 0.986264 0
v 0.015956 -69.981 52.2212
vn -0.622599 0.782525 -0.00503722
v 0.0577889 -69.6027 52.1916
vn 0 0 -1
v 0.551255 -68.7957 52.1916
vn 0 0 -1
v 0.590075 -75.3498 52.1916
vn 0 0 -1
v -0.231722 -70.1274 52.1916
vn 0 0 -1
v -0.354807 -75.3498 52.1916
vn 0 0 -1
v -0.340851 -70.174 52.2261
vn -0.955727 0.294245 0.00259051
v -0.354807 -70.2383 52.231
vn -0.975825 0.218461 0.00627774
v -0.200066 -70.0808 52.231
vn -0.235668 0.971812 -0.00643124
v -0.264025 -70.0959 52.2359
vn -0.311506 0.95024 -0.00273488
v 0.590075 -75.3498 52.2704
vn 0 0 1
v -0.354807 -75.3498 52.2704
vn 0 0 1
v -0.231722 -70.1274 52.2704
vn 0 0 1
v 0.0577889 -69.6027 52.2704
vn 0 0 1
v 0.551255 -68.7957 52.2704
vn 0 0 1
v -0.354807 -70.2383 52.231
vn -1 0 0
v -0.354807 -75.3498 52.231
vn -1 0 0
v 0.708185 -69.697 -3.18417
vn 0 1 0
v 0.708185 -69.697 -3.67056
vn 0 1 0
v 0.708185 -69.2442 -3.67056
vn 0 -1 0
v 0.708185 -69.2442 -3.18417
vn 0 -1 0
v 0.698343 -69.2628 -3.7289
vn -0.0490151 -0.913361 0.40419
v 0.718028 -69.3939 -3.88183
vn 0.0990132 -0.610194 0.786041
v 0.708185 -69.4706 -3.89694
vn -0.00829739 -0.0399163 0.999169
v 0.668815 -69.4706 -3.89464
vn 0.0583213 0 0.998298
v 0.708185 -69.6811 -3.74899
vn 0.00387429 0.932426 0.361341
v 0.708185 -69.697 -3.67056
vn 0 0.988614 0.150475
v 0.698343 -69.6218 -3.8389
vn -0.00384644 0.789267 0.614038
v 0.72787 -69.7957 -3.05873
vn 0.13266 0.889177 0.43791
v 0.708185 -69.697 -3.18417
vn -0.00893289 0.781908 0.623329
v 0.708185 -69.8071 -2.75955
vn 0.129618 0.973451 -0.188659
v 0.708185 -69.4706 -2.53473
vn 0.0225165 0.0613117 -0.997865
v 0.72787 -69.6172 -2.56563
vn 0.01203 0.260546 -0.965386
v 0.6885 -69.7204 -2.63407
vn -0.013159 0.815281 -0.578916
v 0.668815 -69.4179 -2.53857
vn 0.0970748 0 -0.995277
v 0.708185 -69.1342 -2.75955
vn 0.0231259 -0.892924 -0.449614
v 0.72787 -69.2208 -2.63407
vn 0.00518637 -0.785708 -0.618576
v 0.708185 -69.2442 -3.18417
vn 0 -0.795034 0.606565
v 0.708185 -69.1427 -3.05731
vn -0.024315 -0.873724 0.485814
v 0.668815 -69.1608 -2.7075
vn 0.0944598 -0.913641 -0.395395
v 0.0192086 -75.4031 29.7514
vn 0 0 -1
v -0.709138 -75.4031 29.7514
vn 0 0 -1
v -0.799536 -75.403 29.7693
vn -0.296932 -0.00394107 -0.95489
v -0.709138 -75.403 29.7514
vn -0.22042 -0.00963205 -0.975358
v -0.945358 -75.403 29.9876
vn -0.975226 -0.00966896 -0.220997
v -0.927377 -75.403 29.8972
vn -0.95472 0.00397866 -0.297479
v -0.927377 -75.403 28.9756
vn -0.954718 -0.00400632 0.297486
v -0.945358 -75.403 28.8852
vn -0.975225 0.00961438 0.221005
v -0.709138 -75.403 29.1214
vn -0.220427 0.00957345 0.975357
v -0.799536 -75.403 29.1035
vn -0.296913 0.00391004 0.954897
v 0.0192086 -75.4424 29.1214
vn 0 0 1
v -0.709138 -75.4227 29.1214
vn 0 0 1
v 0.146472 -75.4129 29.7219
vn -0.435935 -0.0216401 -0.899718
v 0.0192086 -75.403 29.7514
vn -0.181303 1.49425e-05 -0.983427
v 0.306829 -75.4129 29.5646
vn -0.777863 -0.0056907 -0.628408
v 0.330963 -75.3637 29.4812
vn -0.996689 -0.0813099 0
v 0.334169 -75.403 29.4364
vn -0.999172 -0.0406887 0
v 0.330963 -75.4424 29.4364
vn -0.996705 0.0811066 0
v 0.148716 -75.403 29.1528
vn -0.399274 -0.00846745 0.916793
v 0.25341 -75.4129 29.226
vn -0.641001 0.0149573 0.767394
v 0.0192086 -75.403 29.1214
vn -0.181287 1.49441e-05 0.98343
v 0.0192086 -75.4031 13.7935
vn 0 0 -1
v -0.709138 -75.4031 13.7935
vn 0 0 -1
v -0.799342 -75.3981 13.812
vn -0.316663 -0.0580628 -0.946759
v -0.709138 -75.403 13.7935
vn -0.201363 -0.00354696 -0.97951
v -0.876171 -75.3736 13.8627
vn -0.591749 -0.0605867 -0.803842
v -0.945358 -75.403 14.0297
vn -0.97522 -0.00962523 -0.221027
v -0.927377 -75.403 13.9393
vn -0.954814 0.0039275 -0.297178
v -0.927377 -75.403 13.0178
vn -0.954812 -0.00395503 0.297184
v -0.945358 -75.403 12.9274
vn -0.97522 0.00957114 0.221031
v -0.709138 -75.403 13.1636
vn -0.221369 -0.00955207 0.975143
v -0.799536 -75.403 13.1456
vn -0.297395 0.00386447 0.954747
v 0.0192086 -75.4424 13.1636
vn 0 0 1
v -0.709138 -75.4227 13.1636
vn 0 0 1
v 0.146472 -75.4129 13.764
vn -0.436064 -0.0220284 -0.899646
v 0.0192086 -75.403 13.7935
vn -0.181014 1.52474e-05 -0.98348
v 0.306829 -75.4129 13.6068
vn -0.777578 -0.00571234 -0.62876
v 0.330963 -75.3637 13.5234
vn -0.996689 -0.0813099 0
v 0.334169 -75.403 13.4786
vn -0.999172 -0.0406887 0
v 0.330963 -75.4424 13.4785
vn -0.996705 0.0811066 0
v 0.148716 -75.403 13.195
vn -0.399129 -0.00834475 0.916857
v 0.25341 -75.4129 13.2682
vn -0.640918 0.0154279 0.767454
v 0.0192086 -75.403 13.1636
vn -0.181303 1.49425e-05 0.983427
v 0.0192086 -75.4031 -2.16433
vn 0 0 -1
v -0.709138 -75.4031 -2.16433
vn 0 0 -1
v -0.799342 -75.408 -2.14587
vn -0.316528 0.0581802 -0.946797
v -0.709138 -75.403 -2.16433
vn -0.203033 -0.0257128 -0.978834
v -0.876171 -75.4325 -2.09514
vn -0.592028 0.0610821 -0.803599
v -0.945358 -75.403 -1.9281
vn -0.975227 0.00958853 -0.221
v -0.927377 -75.403 -2.0185
vn -0.954794 -0.00397857 -0.297242
v -0.927377 -75.403 -2.94007
vn -0.954784 -0.00397709 0.297274
v -0.945358 -75.403 -3.03047
vn -0.975224 0.0095885 0.22101
v -0.709138 -75.403 -2.79425
vn -0.220979 -0.00963868 0.975231
v -0.799536 -75.403 -2.81223
vn -0.297198 0.00394917 0.954808
v 0.0192086 -75.4424 -2.79425
vn 0 0 1
v -0.709138 -75.4227 -2.79425
vn 0 0 1
v 0.146472 -75.4129 -2.19385
vn -0.435978 -0.0216938 -0.899696
v 0.0192086 -75.403 -2.16433
vn -0.180983 1.50286e-05 -0.983486
v 0.306829 -75.4129 -2.35103
vn -0.777665 -0.00572631 -0.628653
v 0.334169 -75.403 -2.47929
vn -0.999784 0.00574223 0.0199776
v 0.330963 -75.3637 -2.52411
vn -0.996689 -0.0813099 0
v 0.30795 -75.4227 -2.60498
vn -0.973313 -0.0305324 0.22744
v 0.148716 -75.403 -2.76287
vn -0.399269 -0.00845585 0.916795
v 0.25341 -75.4129 -2.68966
vn -0.641029 0.0152274 0.767365
v 0.0192086 -75.403 -2.79425
vn -0.181071 1.50209e-05 0.98347
v 0.0192086 -75.4031 -18.1222
vn 0 0 -1
v -0.709138 -75.4031 -18.1222
vn 0 0 -1
v -0.799536 -75.403 -18.1042
vn -0.297388 0.00386267 -0.954749
v -0.709138 -75.403 -18.1222
vn -0.221375 0.00949616 -0.975143
v -0.945358 -75.403 -17.8859
vn -0.975249 0.00961451 -0.2209
v -0.927377 -75.403 -17.9763
vn -0.954815 -0.00402117 -0.297172
v -0.927377 -75.403 -18.8979
vn -0.954815 0.00392764 0.297175
v -0.945358 -75.403 -18.9883
vn -0.97522 -0.00962523 0.221026
v -0.709138 -75.403 -18.7521
vn -0.220828 0.00973466 0.975264
v -0.799536 -75.403 -18.7701
vn -0.297321 0.00409993 0.954769
v 0.0192086 -75.4424 -18.7521
vn 0 0 1
v -0.709138 -75.4227 -18.7521
vn 0 0 1
v 0.173603 -75.4129 -18.171
vn -0.514063 -0.0997685 -0.851931
v 0.0192086 -75.403 -18.1222
vn -0.180428 1.50264e-05 -0.983588
v 0.32106 -75.3932 -18.3743
vn -0.921844 0.0500185 -0.384319
v 0.330963 -75.3637 -18.482
vn -0.996689 -0.0813099 0
v 0.148716 -75.403 -18.7207
vn -0.399273 -0.00847155 0.916793
v 0.25341 -75.4129 -18.6475
vn -0.641002 0.0149482 0.767394
v 0.0192086 -75.403 -18.7521
vn -0.181303 1.49425e-05 0.983427
v 0.0192086 -75.4031 45.7092
vn 0 0 -1
v -0.709138 -75.4031 45.7092
vn 0 0 -1
v -0.799536 -75.403 45.7272
vn -0.296579 0.00391034 -0.955
v -0.709138 -75.403 45.7092
vn -0.220965 0.00949809 -0.975235
v -0.945358 -75.403 45.9454
vn -0.97522 -0.00962523 -0.221028
v -0.927377 -75.403 45.855
vn -0.954811 -0.00395489 -0.297187
v -0.92691 -75.3981 44.9333
vn -0.950128 -0.0462193 0.308417
v -0.945358 -75.403 44.8431
vn -0.979577 -0.00334584 0.201043
v -0.876171 -75.3736 45.0101
vn -0.803465 -0.0610415 0.592214
v -0.709138 -75.403 45.0793
vn -0.22138 0.00950366 0.975141
v -0.799536 -75.403 45.0613
vn -0.29741 0.00386983 0.954742
v 0.0192086 -75.4424 45.0793
vn 0 0 1
v -0.709138 -75.4227 45.0793
vn 0 0 1
v 0.146472 -75.4129 45.6796
vn -0.435915 -0.0216343 -0.899728
v 0.0192086 -75.403 45.7092
vn -0.18132 1.4941e-05 -0.983424
v 0.306829 -75.4129 45.5225
vn -0.777572 -0.00571295 -0.628768
v 0.334169 -75.403 45.3942
vn -0.999784 0.00575349 0.0199733
v 0.330963 -75.3637 45.3494
vn -0.996689 -0.0813099 0
v 0.30795 -75.4227 45.2686
vn -0.973304 -0.0304796 0.227486
v 0.148716 -75.403 45.1106
vn -0.39923 -0.00870172 0.91681
v 0.25341 -75.4129 45.1839
vn -0.640925 0.0154222 0.767448
v 0.0192086 -75.403 45.0793
vn -0.181001 1.5246e-05 0.983483
v -0.802992 -75.3637 -18.7598
vn 0 1 0
v -0.803042 -75.3637 -34.0723
vn 0 1 0
v -0.83739 -75.3637 -34.7173
vn 0 1 0
v 0.579722 -75.3637 -38.2393
vn 0 1 0
v -0.837893 -75.3637 -2.80183
vn 0 1 0
v -0.837781 -75.3637 -18.1146
vn 0 1 0
v -0.803024 -75.3637 13.1558
vn 0 1 0
v -0.80306 -75.3637 -2.15657
vn 0 1 0
v -0.802969 -75.3637 29.1137
vn 0 1 0
v -0.803073 -75.3637 13.8013
vn 0 1 0
v -0.803062 -75.3637 29.7591
vn 0 1 0
v -0.803024 -75.3637 45.0715
vn 0 1 0
v 0.588284 -75.3637 52.1777
vn 0 1 0
v -0.837864 -75.3637 45.7167
vn 0 1 0
v 0.170187 -75.3637 45.6999
vn 0 1 0
v 0.456868 -75.3637 -34.6008
vn 0 1 0
v 0.0414187 -75.3637 -34.066
vn 0 1 0
v 0.0413143 -75.3637 -18.7661
vn 0 1 0
v 0.334803 -75.3637 -18.5446
vn 0 1 0
v 0.168195 -75.3637 -2.78536
vn 0 1 0
v 0.168329 -75.3637 -18.1311
vn 0 1 0
v 0.165986 -75.3637 13.1898
vn 0 1 0
v 0.334426 -75.3637 -2.37134
vn 0 1 0
v 0.0414511 -75.3637 -2.15028
vn 0 1 0
v 0.166003 -75.3637 29.1476
vn 0 1 0
v 0.109888 -75.3637 13.798
vn 0 1 0
v 0.147662 -75.3637 45.094
vn 0 1 0
v 0.109976 -75.3637 29.7558
vn 0 1 0
v -0.945358 -75.4031 45.9454
vn -1 0 0
v -0.945358 -75.4031 52.1777
vn -1 0 0
v 0.0192086 -75.4031 -34.08
vn 0 0 -1
v -0.709138 -75.4031 -34.08
vn 0 0 -1
v -0.799536 -75.403 -34.062
vn -0.297316 0.00409542 -0.95477
v -0.709138 -75.403 -34.08
vn -0.220849 0.00972868 -0.97526
v -0.945358 -75.403 -33.8438
vn -0.97522 0.00957114 -0.221032
v -0.927377 -75.403 -33.9342
vn -0.954813 0.00392736 -0.297181
v -0.927377 -75.403 -34.8558
vn -0.954814 -0.00402237 0.297176
v -0.945358 -75.403 -34.9462
vn -0.97525 -0.00966991 0.220892
v -0.709138 -75.403 -34.7099
vn -0.201373 -0.00352791 0.979508
v -0.799342 -75.3981 -34.7284
vn -0.316671 -0.0580637 0.946757
v -0.876171 -75.3736 -34.7791
vn -0.591735 -0.0605984 0.803852
v 0.0192086 -75.4424 -34.7099
vn 0 0 1
v -0.709138 -75.4227 -34.7099
vn 0 0 1
v 0.146472 -75.4129 -34.1096
vn -0.435905 -0.0216365 -0.899732
v 0.0192086 -75.403 -34.08
vn -0.181287 1.49441e-05 -0.98343
v 0.306829 -75.4129 -34.2667
vn -0.777572 -0.00571295 -0.628768
v 0.334169 -75.403 -34.395
vn -0.999172 -0.0406887 0
v 0.330963 -75.3637 -34.4398
vn -0.996689 -0.0813099 0
v 0.330963 -75.4424 -34.395
vn -0.996705 0.0811066 0
v 0.148716 -75.403 -34.6786
vn -0.399323 -0.00825682 0.916773
v 0.25341 -75.4129 -34.6053
vn -0.640997 0.0154221 0.767388
v 0.0192086 -75.403 -34.7099
vn -0.180428 1.50264e-05 0.983588
v -0.945358 -75.4031 -34.9462
vn -1 0 0
v -0.945358 -75.4031 -38.2393
vn -1 0 0
v -0.338242 -68.7472 4.61221
vn -0.952379 0.0521899 -0.300418
v -0.354807 -68.7423 4.69787
vn -0.981684 0.00291343 -0.190496
v -0.29244 -68.7718 4.53795
vn -0.823421 0.0548016 -0.564778
v -0.138272 -68.7423 4.46247
vn -0.290241 -0.00859 -0.956915
v -0.222454 -68.7423 4.48571
vn -0.360931 0.00355734 -0.932586
v 0.0602825 -68.7423 4.31747
vn -0.958321 0.00464989 -0.285656
v 0.0782637 -68.7423 4.22708
vn -0.976815 -0.0102493 -0.213839
v -0.138272 -68.7423 4.46247
vn -0.285909 -0.00708348 -0.958231
v -0.0585365 -68.7423 4.44136
vn -0.357446 -0.00256337 -0.93393
v 0.0621203 -68.7423 -5.62417
vn -0.959408 -0.00356755 0.281999
v 0.0782637 -68.7423 -5.53835
vn -0.977775 -0.00864946 0.209477
v -0.138272 -68.7423 -5.77375
vn -0.271658 0.00286375 0.96239
v -0.0542884 -68.7373 -5.7501
vn -0.378691 0.0521535 0.924053
v 0.0158968 -68.7128 -5.69827
vn -0.631471 0.0548023 0.77346
v -0.331595 -68.7718 -5.90776
vn -0.952178 0.0179538 0.305017
v -0.351196 -68.7816 -5.98016
vn -0.957498 0.224152 0.181531
v -0.354807 -68.7226 -6.00914
vn -0.977794 -0.051545 0.203129
v -0.336826 -68.7325 -5.91875
vn -0.958278 0.0353881 0.283638
v -0.138272 -68.7423 -5.77375
vn -0.285955 0.00709947 0.958217
v -0.218007 -68.7423 -5.79487
vn -0.357482 -0.00256472 0.933916
v -0.354807 -68.7422 -6.00914
vn -1 0 0
v -0.354807 -68.7422 -38.2393
vn -1 0 0
v 0.747555 -68.8683 -38.1587
vn 0.000232434 0.0996073 -0.995027
v 0.668815 -68.8649 -38.1596
vn -0.000351437 -0.245278 -0.969453
v 0.747555 -68.8743 -38.1745
vn -0.000766883 0.844632 0.535347
v 0.668815 -68.8755 -38.1726
vn 0.000383448 0.845247 0.534376
v 0.668815 -75.2849 22.0125
vn -1 0 0
v 0.668815 -75.2747 -38.1745
vn -1 0 0
v 0.668815 -73.4408 9.5752
vn -1 0 0
v 0.668815 -74.0489 21.6195
vn -1 0 0
v 0.668815 -73.0688 8.81793
vn -1 0 0
v 0.668815 -72.9887 10.7505
vn -1 0 0
v 0.668815 -73.0939 12.1807
vn -1 0 0
v 0.668815 -73.293 13.2118
vn -1 0 0
v 0.668815 -73.2742 16.7378
vn -1 0 0
v 0.668815 -72.4495 14.4336
vn -1 0 0
v 0.668815 -72.4484 15.5597
vn -1 0 0
v 0.668815 -72.4454 8.43026
vn -1 0 0
v 0.668815 -71.6186 11.9774
vn -1 0 0
v 0.668815 -72.0736 11.0811
vn -1 0 0
v 0.668815 -71.6054 8.45049
vn -1 0 0
v 0.668815 -71.068 14.2331
vn -1 0 0
v 0.668815 -71.1547 10.7488
vn -1 0 0
v 0.668815 -74.4696 26.912
vn -1 0 0
v 0.668815 -73.0847 17.8081
vn -1 0 0
v 0.668815 -75.2771 52.0955
vn -1 0 0
v 0.668815 -74.4389 30.2876
vn -1 0 0
v 0.668815 -72.0727 52.1129
vn -1 0 0
v 0.668815 -71.0681 15.7565
vn -1 0 0
v 0.668815 -72.0666 18.0372
vn -1 0 0
v 0.668815 -70.0964 21.6195
vn -1 0 0
v 0.668815 -71.0602 17.8079
vn -1 0 0
v 0.668815 -69.7882 -2.65112
vn -1 0 0
v 0.668815 -70.7318 9.36324
vn -1 0 0
v 0.668815 -70.8485 13.2028
vn -1 0 0
v 0.668815 -69.4962 -3.93085
vn -1 0 0
v 0.668815 -70.8482 16.7474
vn -1 0 0
v 0.668815 -68.8605 -38.1566
vn -1 0 0
v 0.668815 -68.8604 14.4909
vn -1 0 0
v 0.668815 -69.1872 -2.61935
vn -1 0 0
v 0.668815 -69.6038 26.9515
vn -1 0 0
v 0.668815 -69.6969 30.2824
vn -1 0 0
v 0.668815 -68.8605 52.095
vn -1 0 0
v 0.668815 -71.0065 52.1129
vn -1 0 0
v 0.597174 -68.7732 -38.2379
vn 0.141245 -0.0232164 -0.989702
v 0.635973 -68.7733 -38.2302
vn 0.337403 -0.37392 -0.863911
v 0.700187 -68.7531 -38.2142
vn 0.16825 -0.198703 -0.96551
v 0.681938 -68.8604 -38.1606
vn 0.09815 -0.649961 -0.753603
v 0.723119 -68.8407 -38.1727
vn 0.100961 -0.469119 -0.877345
v 0.117634 -68.7955 -38.2926
vn 0 1 0
v 0.590075 -68.7955 -38.2926
vn 0 1 0
v 0.708185 -68.8743 -38.1745
vn 0.184863 0.851731 0.490286
v 0.716912 -68.8365 -38.246
vn 0.195835 0.915283 0.352002
v 0.617888 -68.7984 -38.3212
vn 0.137357 0.988442 0.064154
v 0.596646 -68.7961 -38.2696
vn 0.122625 0.9924 0.0102597
v 0.590075 -68.7226 -38.2393
vn 0 0 -1
v -0.354807 -68.7029 -38.2393
vn 0 0 -1
v 0.590075 -68.7718 -38.2393
vn 0 0 -1
v -0.354807 -68.7816 -38.2393
vn 0 0 -1
v 0.698566 -68.7445 -38.2216
vn 0.615122 0.788432 4.79782e-05
v 0.697328 -68.7537 -15.6354
vn 0.742515 0.669829 4.37345e-05
v 0.743555 -68.8403 6.9692
vn 0.980805 0.19499 0
v 0.688439 -68.7348 29.5736
vn 0.734468 0.678643 -5.64612e-05
v 0.703542 -68.7474 52.1589
vn 0.666627 0.745391 -5.36611e-05
v 0.643589 -75.3332 -38.2332
vn -0.795399 -0.000315962 0.606087
v 0.668945 -68.8339 -38.2013
vn -0.832071 0.000345409 0.554668
v 0.648794 -73.7118 -38.2262
vn -0.75434 -0.000242393 0.656483
v 0.633369 -70.4338 -38.2419
vn -0.735243 0.000518423 0.677803
v 0.71011 -73.715 -38.2655
vn 0.674963 0.00072769 -0.737851
v 0.674941 -75.3421 -38.3154
vn 0.611921 0.000614326 -0.790918
v 0.743494 -72.0727 -38.1949
vn 0.980808 0 -0.194978
v 0.673869 -70.4332 -38.3106
vn 0.732252 -0.000901527 -0.681033
v 0.727946 -68.8237 -38.2656
vn 0.840834 -0.000627295 -0.541293
v 0.747555 -75.2707 -38.165
vn 0.000841422 -0.975094 -0.221792
v 0.668815 -75.2709 -38.1684
vn -0.000451291 -0.998722 0.050533
v 0.668815 -75.2849 -38.1606
vn 0.00142197 0.540469 -0.841363
v 0.747555 -75.283 -38.1594
vn -0.000711024 0.538652 -0.842528
v 0.590075 -68.7955 -38.2532
vn 0 0 1
v 0.117634 -68.7955 -38.2532
vn 0 0 1
v 0.185126 -75.3498 -38.2532
vn 0 0 1
v 0.117634 -75.3498 -38.2926
vn 0 -1 0
v 0.590075 -75.3498 -38.2926
vn 0 -1 0
v 0.606084 -75.3476 -38.2653
vn 0.192436 -0.980708 0.0343639
v 0.646134 -75.3297 -38.2399
vn 0.340929 -0.886239 0.313605
v 0.622269 -75.3446 -38.3131
vn 0.137568 -0.985092 0.103295
v 0.701355 -75.3224 -38.2772
vn 0.200015 -0.930065 0.308177
v 0.681938 -75.271 -38.1745
vn 0.106768 -0.759029 0.642242
v 0.723385 -75.2826 -38.1933
vn 0.0963774 -0.875862 0.472839
v 0.674619 -75.3135 -38.1834
vn 0.202134 0.560623 -0.803021
v 0.623468 -75.3661 -38.2326
vn 0.228499 0.16677 -0.959154
v 0.734432 -75.2849 -38.1606
vn 0.0664029 0.465268 -0.882676
v 0.712416 -75.3544 -38.1983
vn 0.191143 0.383492 -0.903548
v 0.6527 -75.4158 -38.2301
vn 0.184133 0.135059 -0.973578
v 0.590075 -75.4326 -38.2393
vn 0.047121 0.011622 -0.998822
v 0.590075 -75.403 -38.2393
vn 0 0 -1
v -0.945358 -75.403 -38.2393
vn 0 0 -1
v -0.802992 -75.4424 -18.7598
vn 0 -1 0
v -0.803042 -75.4424 -34.0723
vn 0 -1 0
v -0.83739 -75.4424 -34.7173
vn 0 -1 0
v 0.588587 -75.4424 -38.2393
vn 0 -1 0
v -0.837893 -75.4424 -2.80183
vn 0 -1 0
v -0.837781 -75.4424 -18.1146
vn 0 -1 0
v -0.803024 -75.4424 13.1558
vn 0 -1 0
v -0.80306 -75.4424 -2.15657
vn 0 -1 0
v -0.802969 -75.4424 29.1137
vn 0 -1 0
v -0.803073 -75.4424 13.8013
vn 0 -1 0
v -0.803062 -75.4424 29.7591
vn 0 -1 0
v -0.803024 -75.4424 45.0715
vn 0 -1 0
v 0.58614 -75.4424 52.1777
vn 0 -1 0
v -0.837864 -75.4424 45.7167
vn 0 -1 0
v 0.170187 -75.4424 45.6999
vn 0 -1 0
v 0.17192 -75.4424 -34.7002
vn 0 -1 0
v 0.14084 -75.4424 -34.0904
vn 0 -1 0
v 0.165986 -75.4424 -18.7259
vn 0 -1 0
v 0.168195 -75.4424 -2.78536
vn 0 -1 0
v 0.168329 -75.4424 -18.1311
vn 0 -1 0
v 0.334802 -75.4424 13.3711
vn 0 -1 0
v 0.334426 -75.4424 -2.37134
vn 0 -1 0
v 0.0414511 -75.4424 -2.15028
vn 0 -1 0
v 0.166003 -75.4424 29.1476
vn 0 -1 0
v 0.109888 -75.4424 13.798
vn 0 -1 0
v 0.0413137 -75.4424 13.1496
vn 0 -1 0
v 0.147662 -75.4424 45.094
vn 0 -1 0
v 0.109976 -75.4424 29.7558
vn 0 -1 0
v 0.643984 -75.3433 52.1608
vn -0.759627 0.650359 2.21354e-05
v 0.662968 -75.3199 -38.2064
vn -0.785749 0.618545 -2.54977e-05
v 0.639286 -75.3476 29.5735
vn -0.731922 0.681388 2.53631e-05
v 0.64889 -75.3366 -15.6351
vn -0.757095 0.653305 -2.21065e-05
v 0.703601 -75.3978 52.1588
vn 0.606592 -0.795013 -5.55559e-05
v 0.697194 -75.3922 29.5738
vn 0.671802 -0.740731 -4.43366e-05
v 0.718667 -75.3772 -38.213
vn 0.612117 -0.790767 4.85774e-05
v 0.688404 -75.4104 -15.6352
vn 0.734316 -0.678808 5.45882e-05
v 0.740358 -75.3211 6.9692
vn 0.98081 -0.194966 0
v 0.668815 -75.2703 52.1056
vn -0.0010085 -0.997993 0.0633153
v 0.747555 -75.2709 52.1068
vn 0.000533586 -0.998849 -0.0479615
v 0.668815 -75.283 52.0978
vn 0.000377166 0.536462 0.843925
v 0.747555 -75.283 52.0978
vn -0.000754322 0.531805 0.846867
v 0.747555 -75.2849 22.0125
vn 1 0 0
v 0.747555 -75.2747 -38.1745
vn 1 0 0
v 0.747555 -73.4408 9.5752
vn 1 0 0
v 0.747555 -72.9887 10.7505
vn 1 0 0
v 0.747555 -73.0939 12.1807
vn 1 0 0
v 0.747555 -73.2741 13.2118
vn 1 0 0
v 0.747555 -73.0688 8.81793
vn 1 0 0
v 0.747555 -74.0489 21.6195
vn 1 0 0
v 0.747555 -73.2569 16.7362
vn 1 0 0
v 0.747555 -73.0966 14.2262
vn 1 0 0
v 0.747555 -73.0967 15.7631
vn 1 0 0
v 0.747555 -72.4454 8.43026
vn 1 0 0
v 0.747555 -71.6186 11.9774
vn 1 0 0
v 0.747555 -72.0736 11.0811
vn 1 0 0
v 0.747555 -71.6054 8.45049
vn 1 0 0
v 0.747555 -71.1547 10.7488
vn 1 0 0
v 0.747555 -72.075 14.411
vn 1 0 0
v 0.747555 -72.0762 15.578
vn 1 0 0
v 0.747555 -71.068 14.2331
vn 1 0 0
v 0.747555 -74.4696 26.912
vn 1 0 0
v 0.747555 -73.0847 17.8081
vn 1 0 0
v 0.747555 -75.2771 52.0955
vn 1 0 0
v 0.747555 -74.4389 30.2876
vn 1 0 0
v 0.747555 -72.0727 52.1129
vn 1 0 0
v 0.747555 -71.0681 15.7565
vn 1 0 0
v 0.747555 -72.0666 18.0372
vn 1 0 0
v 0.747555 -70.0964 21.6195
vn 1 0 0
v 0.747555 -71.0602 17.8079
vn 1 0 0
v 0.747555 -69.7882 -2.65112
vn 1 0 0
v 0.747555 -70.7318 9.36324
vn 1 0 0
v 0.747555 -70.8482 13.203
vn 1 0 0
v 0.747555 -69.4962 -3.93085
vn 1 0 0
v 0.747555 -70.8484 16.7476
vn 1 0 0
v 0.747555 -68.8605 -38.1566
vn 1 0 0
v 0.747555 -68.8604 14.4909
vn 1 0 0
v 0.747555 -69.1872 -2.61935
vn 1 0 0
v 0.747555 -69.6038 26.9515
vn 1 0 0
v 0.747555 -69.6969 30.2824
vn 1 0 0
v 0.747555 -68.8605 52.095
vn 1 0 0
v 0.747555 -71.0065 52.1129
vn 1 0 0
v -0.354807 -68.7955 52.231
vn -1 0 0
v -0.354807 -69.3329 52.231
vn -1 0 0
v 0.590075 -75.3498 52.2015
vn 0 -1 0
v -0.354807 -75.3498 52.1916
vn 0 -1 0
v -0.354807 -75.3498 52.2704
vn 0 -1 0
v 0.590075 -75.3498 52.2507
vn 0 -1 0
v 0.674383 -75.2871 52.1329
vn 0.21116 -0.829737 -0.516671
v 0.732223 -75.2899 52.1487
vn 0.106292 -0.903056 -0.416162
v 0.652786 -75.3406 52.2438
vn 0.185874 -0.97464 -0.124608
v 0.611945 -75.3464 52.1974
vn 0.171172 -0.984544 -0.0370579
v 0.590075 -75.3498 52.2606
vn 0.0687894 -0.997623 -0.0040562
v 0.606085 -75.3758 52.1756
vn 0.189705 0.0338044 0.981259
v 0.646137 -75.3504 52.1577
vn 0.338686 0.315535 0.886414
v 0.61089 -75.4241 52.1756
vn 0.104624 0.0376992 0.993797
v 0.704452 -75.3785 52.1474
vn 0.204702 0.292365 0.934141
v 0.681938 -75.2849 52.099
vn 0.104218 0.641845 0.759719
v 0.723396 -75.3037 52.1106
vn 0.0974643 0.472238 0.876066
v 0.65849 -68.8264 52.1498
vn -0.59899 0.000264303 -0.800756
v 0.648794 -70.4335 52.1646
vn -0.754342 0.000242686 -0.656481
v 0.744517 -74.9971 52.0489
vn -0.816674 -0.000429462 -0.5771
v 0.611679 -73.711 52.1913
vn -0.372944 -0.000482583 -0.927854
v 0.71011 -70.4303 52.2039
vn 0.674963 -0.000727693 0.737851
v 0.674939 -68.8032 52.2538
vn 0.611921 -0.000614329 0.790919
v 0.743494 -72.0727 52.1333
vn 0.980808 0 0.194978
v 0.697723 -75.3324 52.2294
vn 0.772573 0.000665032 0.634926
v 0.688382 -73.7127 52.2381
vn 0.734822 0.000724807 0.67826
v 0.589824 -75.4228 52.1777
vn 0 0 1
v -0.945358 -75.4424 52.1777
vn 0 0 1
v 0.590075 -75.3736 52.1777
vn 0 0 1
v -0.945358 -75.3637 52.1777
vn 0 0 1
v 0.668815 -68.8746 52.1034
vn -0.000968492 0.974368 0.224957
v 0.747555 -68.8744 52.1068
vn 0.000517617 0.998853 -0.0478732
v 0.747555 -68.8622 52.0978
vn -0.000360802 -0.536091 0.84416
v 0.668815 -68.8622 52.0978
vn 0.000721598 -0.531638 0.846971
v 0.590075 -68.7955 52.2015
vn 0 1 0
v -0.354807 -68.7955 52.1916
vn 0 1 0
v -0.354807 -68.7955 52.2704
vn 0 1 0
v 0.590075 -68.7955 52.2507
vn 0 1 0
v 0.606084 -68.7977 52.2037
vn 0.192295 0.980729 -0.034557
v 0.646134 -68.8156 52.1783
vn 0.340677 0.886102 -0.314264
v 0.622269 -68.8007 52.2515
vn 0.137691 0.985108 -0.102973
v 0.701355 -68.823 52.2156
vn 0.200527 0.930008 -0.308017
v 0.681938 -68.8743 52.1129
vn 0.105957 0.759049 -0.642354
v 0.723385 -68.8627 52.1318
vn 0.0966109 0.875888 -0.472743
v 0.639225 -68.7977 -15.6351
vn -0.734125 -0.679014 -3.10174e-05
v 0.655905 -68.8138 -38.2139
vn -0.776646 -0.629938 -2.58989e-05
v 0.648916 -68.8089 29.5735
vn -0.760298 -0.649574 9.76702e-06
v 0.653097 -68.8176 52.1501
vn -0.620864 -0.783918 1.54841e-07
v 0.681938 -68.8604 52.099
vn 0.103992 -0.637437 0.763453
v 0.638654 -68.7765 52.166
vn 0.344383 -0.326402 0.880262
v 0.713977 -68.7918 52.1363
vn 0.190627 -0.397368 0.897641
v 0.734432 -68.8604 52.099
vn 0.0676851 -0.464768 0.882842
v 0.668704 -68.7372 52.1648
vn 0.205111 -0.174824 0.962999
v 0.590075 -68.7718 52.1777
vn 0.182494 -0.0312336 0.982711
v 0.590075 -68.7029 52.1777
vn 0.0759089 -0.0385937 0.996368
v 0.590075 -68.7425 52.1777
vn 0 0 1
v -0.354807 -68.7425 52.1777
vn 0 0 1
v 0.590075 -75.3498 -38.332
vn 0 0 -1
v 0.117634 -75.3498 -38.332
vn 0 0 -1
v 0.590075 -68.7955 -38.332
vn 0 0 -1
v 0.117634 -68.7955 -38.332
vn 0 0 -1
v -0.690281 -75.7429 18.6192
vn -0.851333 -0.253495 0.459317
v -0.602839 -75.7278 19.0345
vn -0.98347 -2.81227e-05 0.181074
v -1.12723 -75.7095 18.1679
vn -0.647561 0.278595 0.709259
v -1.53591 -75.6786 18.111
vn 0 -0.189222 0.981934
v -1.53591 -75.7279 18.1015
vn 0 0.0952277 0.995456
v -1.40312 -75.7771 18.111
vn 0 0.18959 0.981863
v -2.37187 -75.7217 18.6391
vn 0.904648 0.013583 0.425942
v -2.19569 -75.7279 18.3748
vn 0.767028 -0.035882 0.640609
v -2.46898 -75.7278 19.0345
vn 0.983467 -2.81221e-05 0.181088
v -2.37209 -75.7278 25.3736
vn 0.82622 0.150396 -0.542901
v -2.46898 -75.7278 24.94
vn 0.983477 -2.81336e-05 -0.181034
v -1.88041 -75.7404 25.8132
vn 0.42945 0.000202751 -0.90309
v -1.53591 -75.7279 25.8731
vn 0.0400117 0.0270242 -0.998834
v -1.53591 -75.6786 25.8636
vn 0 -0.189222 -0.981934
v -0.699951 -75.7217 25.3355
vn -0.904658 0.0135935 -0.425922
v -0.876129 -75.7279 25.5998
vn -0.767031 -0.0358804 -0.640607
v -0.602839 -75.7278 24.94
vn -0.983479 -2.81342e-05 -0.181021
v -0.690272 -75.7429 3.08624
vn -0.851348 -0.253448 0.459316
v -0.602839 -75.7278 3.5016
vn -0.983476 -2.81309e-05 0.181036
v -1.12723 -75.7095 2.63494
vn -0.647554 0.278575 0.709274
v -1.53591 -75.6786 2.57803
vn 0 -0.189213 0.981936
v -1.53591 -75.7279 2.56853
vn 0.0400276 0.0269749 0.998834
v -1.90825 -75.7525 2.6462
vn 0.210334 -0.0461743 0.976539
v -2.37187 -75.7217 3.10616
vn 0.904654 0.0135899 0.42593
v -2.19569 -75.7279 2.84182
vn 0.76704 -0.0359576 0.64059
v -2.46898 -75.7278 3.5016
vn 0.983474 -2.81303e-05 0.18105
v -2.37209 -75.7278 9.8407
vn 0.826228 0.15035 -0.542901
v -2.46898 -75.7278 9.40711
vn 0.983475 -2.81313e-05 -0.181045
v -1.88041 -75.7404 10.2803
vn 0.429453 0.000204746 -0.903089
v -1.53591 -75.7279 10.3402
vn 0.0400111 0.0270256 -0.998834
v -1.53591 -75.6786 10.3307
vn 0 -0.189222 -0.981934
v -0.699951 -75.7217 9.80255
vn -0.904656 0.013588 -0.425926
v -0.876129 -75.7279 10.0669
vn -0.767071 -0.0359078 -0.640557
v -0.602839 -75.7278 9.40711
vn -0.983477 -2.81319e-05 -0.181031
v -0.690269 -75.7429 -12.4467
vn -0.851349 -0.253483 0.459294
v -0.602839 -75.7278 -12.0313
vn -0.983479 -2.81343e-05 0.18102
v -1.12723 -75.7095 -12.898
vn -0.647563 0.278595 0.709258
v -1.53591 -75.6786 -12.9549
vn 0 -0.189222 0.981934
v -1.53591 -75.7279 -12.9644
vn 0 0.0952277 0.995456
v -1.40312 -75.7771 -12.9549
vn 0 0.18959 0.981863
v -2.37187 -75.7217 -12.4268
vn 0.904659 0.0135966 0.425919
v -2.19569 -75.7279 -12.6911
vn 0.767027 -0.0358844 0.64061
v -2.46898 -75.7278 -12.0313
vn 0.983477 -2.81337e-05 0.181034
v -2.37209 -75.7278 -5.69223
vn 0.826213 0.150391 -0.542913
v -2.46898 -75.7278 -6.12582
vn 0.983474 -2.81347e-05 -0.181048
v -1.88041 -75.7404 -5.25266
vn 0.429452 0.000117386 -0.90309
v -1.53591 -75.7279 -5.19275
vn 0.0400214 0.0268512 -0.998838
v -1.53591 -75.6786 -5.20224
vn 0 -0.189021 -0.981973
v -0.699951 -75.7217 -5.73038
vn -0.904653 0.0135956 -0.425932
v -0.876129 -75.7279 -5.46604
vn -0.767043 -0.0359223 -0.640589
v -0.602839 -75.7278 -6.12582
vn -0.983477 -2.81353e-05 -0.181035
v -0.699718 -75.7278 34.1339
vn -0.82622 0.150379 0.542906
v -0.602839 -75.7278 34.5675
vn -0.98348 -2.81345e-05 0.181019
v -1.26277 -75.743 33.6569
vn -0.219184 -0.0991911 0.970629
v -1.40312 -75.6786 33.6439
vn 0 -0.189259 0.981927
v -1.90825 -75.7525 33.712
vn 0.210269 -0.0459315 0.976564
v -2.37187 -75.7217 34.172
vn 0.904659 0.0135967 0.425919
v -2.19569 -75.7279 33.9077
vn 0.767026 -0.0358867 0.640612
v -2.46898 -75.7278 34.5675
vn 0.983477 -2.81338e-05 0.181033
v -2.38153 -75.7429 40.8884
vn 0.851383 -0.253259 -0.459354
v -2.46898 -75.7278 40.473
vn 0.983477 -2.81338e-05 -0.181033
v -1.94461 -75.7095 41.3396
vn 0.647512 0.278349 -0.709401
v -1.53591 -75.6786 41.3966
vn 0 -0.189259 -0.981927
v -1.53591 -75.7279 41.4061
vn -0.0400679 0.026901 -0.998835
v -1.16357 -75.7525 41.3284
vn -0.210539 -0.0463464 -0.976486
v -0.699951 -75.7217 40.8684
vn -0.904647 0.0135804 -0.425945
v -0.876129 -75.7279 41.1328
vn -0.767158 -0.0359663 -0.640449
v -0.602839 -75.7278 40.473
vn -0.98348 -2.81345e-05 -0.181019
v -0.699732 -75.7278 -27.9978
vn -0.826213 0.150372 0.542919
v -0.602839 -75.7278 -27.5643
vn -0.98347 -2.81227e-05 0.181074
v -1.25946 -75.7337 -28.4718
vn -0.219184 -0.0991943 0.970628
v -1.6687 -75.6786 -28.4878
vn 0 -0.189186 0.981941
v -1.90825 -75.7525 -28.4197
vn 0.210272 -0.0459902 0.976561
v -2.37187 -75.7217 -27.9597
vn 0.904648 0.013583 0.425943
v -2.19569 -75.7279 -28.224
vn 0.767026 -0.0358867 0.640612
v -2.46898 -75.7278 -27.5643
vn 0.983467 -2.81221e-05 0.181088
v -2.38154 -75.7429 -21.2434
vn 0.851346 -0.253504 -0.459288
v -2.46898 -75.7278 -21.6588
vn 0.983477 -2.81336e-05 -0.181034
v -1.9446 -75.7095 -20.7921
vn 0.647561 0.278618 -0.70925
v -1.53591 -75.6786 -20.7352
vn 0 -0.189222 -0.981934
v -1.53591 -75.7279 -20.7257
vn -0.0400106 0.027027 -0.998834
v -1.16357 -75.7525 -20.8033
vn -0.210269 -0.0459687 -0.976562
v -0.699951 -75.7217 -21.2633
vn -0.904658 0.0135935 -0.425922
v -0.876129 -75.7279 -20.999
vn -0.767031 -0.0358804 -0.640607
v -0.602839 -75.7278 -21.6588
vn -0.983479 -2.81342e-05 -0.181021
v -5.52213 -74.7418 49.3133
vn 0.0031555 0.297206 0.954808
v -5.52213 -74.8322 49.3312
vn -0.00769773 0.220439 0.97537
v -5.52213 -74.596 49.095
vn 0.0077071 0.975372 0.220432
v -5.52213 -74.6139 49.1854
vn 0.00316489 0.954799 0.297237
v -5.47292 -74.6827 -38.1284
vn 1 0 0
v -5.47292 -75.5802 -38.1548
vn 1 0 0
v -5.47292 -74.6826 49.3048
vn 1 0 0
v -5.47292 -75.5802 49.3312
vn 1 0 0
v -5.50982 -74.6139 -38.009
vn 0.0357324 0.95504 -0.294316
v -5.49752 -74.596 -37.9186
vn -0.0355245 0.977863 -0.206209
v -5.52213 -74.7422 -38.1359
vn 0.00667988 0.328416 -0.94451
v -5.48522 -74.6651 -38.0856
vn -0.0493322 0.592272 -0.804227
v -5.57134 -74.6 -37.9491
vn 0.160014 0.968093 -0.19285
v -5.55904 -74.6208 -38.0229
vn -0.00137798 0.947003 -0.321222
v -5.52213 -74.8322 -38.1548
vn -0.0156254 0.182988 -0.982991
v -5.55904 -74.6651 -38.0856
vn 0.0493322 0.592272 -0.804227
v -5.47292 -75.5802 -38.1548
vn 0 0 -1
v -5.49752 -74.8322 -38.1548
vn 0 0 -1
v 0.513038 -75.7279 -38.2452
vn 0.954699 0.00319054 -0.297556
v 0.53102 -75.7278 -38.1548
vn 0.975234 0.00773062 -0.221042
v 0.38481 -75.7278 -38.3722
vn 0.328257 0.00652247 -0.944566
v 0.461832 -75.7648 -38.3218
vn 0.593066 0.0489633 -0.803664
v 0.294799 -75.7278 -38.391
vn 0.18215 0.0153573 -0.983151
v 0.461832 -75.6909 -38.3218
vn 0.593067 -0.0489482 -0.803664
v -3.97685 -75.7278 -38.391
vn 0 0 -1
v 0.294799 -75.7278 -38.391
vn 0 0 -1
v 0.531191 -75.7771 -38.3819
vn 0 -1 0
v -0.282526 -75.7771 -18.4577
vn 0 -1 0
v -0.360288 -75.7771 -34.1984
vn 0 -1 0
v -0.60111 -75.7771 -34.5393
vn 0 -1 0
v -0.635823 -75.7771 -21.1913
vn 0 -1 0
v -0.649894 -75.7771 -28.0032
vn 0 -1 0
v -1.47716 -75.7771 -28.5275
vn 0 -1 0
v -0.605144 -75.7771 -18.2897
vn 0 -1 0
v -1.5136 -75.7771 -20.6876
vn 0 -1 0
v -1.48655 -75.7771 -12.998
vn 0 -1 0
v -2.80596 -75.7771 -31.5445
vn 0 -1 0
v -3.97685 -75.7771 -38.391
vn 0 -1 0
v -0.255681 -75.7771 -2.39775
vn 0 -1 0
v -0.652024 -75.7771 -12.4861
vn 0 -1 0
v -0.604982 -75.7771 -5.95495
vn 0 -1 0
v -0.724688 -75.7771 -2.51723
vn 0 -1 0
v -0.650093 -75.7771 3.04727
vn 0 -1 0
v -1.34666 -75.7771 -5.14886
vn 0 -1 0
v -1.49757 -75.7771 2.53337
vn 0 -1 0
v -2.29014 -75.7771 -30.5673
vn 0 -1 0
v -2.44317 -75.7771 -27.982
vn 0 -1 0
v -3.06148 -75.7771 -29.3662
vn 0 -1 0
v -2.49912 -75.7771 -14.9849
vn 0 -1 0
v -2.42055 -75.7771 -21.2171
vn 0 -1 0
v -2.61841 -75.7771 -16.5578
vn 0 -1 0
v -2.43667 -75.7771 -12.4559
vn 0 -1 0
v -3.51918 -75.7771 -33.5514
vn 0 -1 0
v -3.50348 -75.7771 -16.9216
vn 0 -1 0
v -3.50103 -75.7771 -18.7994
vn 0 -1 0
v -3.50107 -75.7771 -27.4465
vn 0 -1 0
v -2.42543 -75.7771 -5.68932
vn 0 -1 0
v -2.62411 -75.7771 -1.77671
vn 0 -1 0
v -2.51528 -75.7771 -0.190082
vn 0 -1 0
v -2.4479 -75.7771 3.0889
vn 0 -1 0
v -3.50084 -75.7771 -12.6578
vn 0 -1 0
v -4.02717 -75.7771 -14.5843
vn 0 -1 0
v -3.50128 -75.7771 -4.01078
vn 0 -1 0
v -3.91641 -75.7771 -2.10577
vn 0 -1 0
v -3.50052 -75.7771 2.13083
vn 0 -1 0
v -3.84947 -75.7771 0.237858
vn 0 -1 0
v -2.51532 -75.7771 13.0987
vn 0 -1 0
v -3.5016 -75.7771 10.7779
vn 0 -1 0
v -0.252953 -75.7771 13.5471
vn 0 -1 0
v -0.641425 -75.7771 9.87115
vn 0 -1 0
v -0.606198 -75.7771 18.861
vn 0 -1 0
v -0.377348 -75.7771 29.2223
vn 0 -1 0
v -0.722792 -75.7771 13.4356
vn 0 -1 0
v -0.643729 -75.7771 25.402
vn 0 -1 0
v -1.27897 -75.7771 18.0954
vn 0 -1 0
v -1.38887 -75.7771 10.3483
vn 0 -1 0
v -0.508279 -75.7771 29.6533
vn 0 -1 0
v -1.38887 -75.7771 25.8812
vn 0 -1 0
v -0.646431 -75.7771 34.1101
vn 0 -1 0
v -0.369935 -75.7771 45.1806
vn 0 -1 0
v -0.639373 -75.7771 40.9009
vn 0 -1 0
v 0.531232 -75.7771 49.3217
vn 0 -1 0
v -0.501703 -75.7771 45.6119
vn 0 -1 0
v -1.50057 -75.7771 41.4427
vn 0 -1 0
v -3.51345 -75.7771 46.4464
vn 0 -1 0
v -1.38929 -75.7771 33.6264
vn 0 -1 0
v -1.67664 -75.7771 10.3405
vn 0 -1 0
v -1.67785 -75.7771 18.0995
vn 0 -1 0
v -2.4479 -75.7771 9.81982
vn 0 -1 0
v -2.62414 -75.7771 14.6855
vn 0 -1 0
v -2.42543 -75.7771 18.5981
vn 0 -1 0
v -2.43667 -75.7771 25.3646
vn 0 -1 0
v -2.49906 -75.7771 27.8938
vn 0 -1 0
v -1.67532 -75.7771 25.8718
vn 0 -1 0
v -3.89739 -75.7771 12.6884
vn 0 -1 0
v -3.50142 -75.7771 16.9194
vn 0 -1 0
v -3.91193 -75.7771 15.0169
vn 0 -1 0
v -3.50072 -75.7771 25.5664
vn 0 -1 0
v -3.50348 -75.7771 27.444
vn 0 -1 0
v -1.67901 -75.7771 33.6309
vn 0 -1 0
v -2.42055 -75.7771 34.1258
vn 0 -1 0
v -2.61843 -75.7771 29.4665
vn 0 -1 0
v -2.26048 -75.7771 43.5653
vn 0 -1 0
v -2.44314 -75.7771 40.8908
vn 0 -1 0
v -2.73481 -75.7771 42.5155
vn 0 -1 0
v -3.50101 -75.7771 31.7081
vn 0 -1 0
v -3.88406 -75.7771 29.8178
vn 0 -1 0
v -3.5011 -75.7771 40.3552
vn 0 -1 0
v -3.20199 -75.7771 44.6182
vn 0 -1 0
v -3.91309 -75.7771 42.2581
vn 0 -1 0
v -3.97032 -75.7771 -31.622
vn 0 -1 0
v -3.97685 -75.7771 -38.1548
vn 0 -1 0
v -4.59019 -75.7771 -34.1155
vn 0 -1 0
v -4.39737 -75.7771 -16.5509
vn 0 -1 0
v -4.51056 -75.7771 -21.9127
vn 0 -1 0
v -4.40727 -75.7771 -29.7082
vn 0 -1 0
v -4.58831 -75.7771 -10.7257
vn 0 -1 0
v -4.60188 -75.7771 -33.1672
vn 0 -1 0
v -4.65276 -75.7771 -22.0716
vn 0 -1 0
v -4.68606 -75.7771 -30.8557
vn 0 -1 0
v -5.37449 -75.7771 -38.1548
vn 0 -1 0
v -5.37449 -75.7771 49.3312
vn 0 -1 0
v -4.68819 -75.7771 -15.5357
vn 0 -1 0
v -4.65049 -75.7771 -1.33433
vn 0 -1 0
v -4.5909 -75.7771 0.567825
vn 0 -1 0
v -4.55611 -75.7771 11.5951
vn 0 -1 0
v -4.71121 -75.7771 11.7435
vn 0 -1 0
v -4.58829 -75.7771 22.8998
vn 0 -1 0
v -4.39407 -75.7771 27.8101
vn 0 -1 0
v -4.58828 -75.7771 34.1944
vn 0 -1 0
v -4.2495 -75.7771 44.3734
vn 0 -1 0
v -4.60309 -75.7771 46.2622
vn 0 -1 0
v -4.68783 -75.7771 14.177
vn 0 -1 0
v -4.64524 -75.7771 29.0462
vn 0 -1 0
v -4.61159 -75.7771 45.3464
vn 0 -1 0
v -4.68035 -75.7771 43.084
vn 0 -1 0
v 0.385004 -75.734 49.3128
vn 0.316312 0.0466788 0.947506
v 0.294799 -75.7278 49.3312
vn 0.200329 0.00273041 0.979725
v 0.513038 -75.7279 49.1854
vn 0.876978 0.0453646 0.478384
v 0.53102 -75.7278 49.095
vn 0.975233 0.0077315 0.221045
v 0.294799 -75.7278 49.3312
vn 0 0 1
v -5.37449 -75.7278 49.3312
vn 0 0 1
v -5.42927 -75.7662 26.7969
vn -0.195282 -0.980747 0
v -5.37449 -75.7771 34.7502
vn -0.195282 -0.980747 0
v -5.42927 -75.7662 -16.9461
vn -0.195282 -0.980747 0
v -5.37449 -75.7771 -8.99279
vn -0.195282 -0.980747 0
v -5.56235 -75.6254 49.3312
vn -0.980782 -0.195107 0
v -5.56635 -75.6053 22.5994
vn -0.980782 -0.195107 0
v -5.56424 -75.6159 -38.1548
vn -0.980782 -0.195107 0
v -5.56235 -75.6254 5.58822
vn -0.980782 -0.195107 0
v -5.52213 -75.5802 49.3312
vn 0 0 1
v -5.52213 -74.8322 49.3312
vn 0 0 1
v -5.3879 -75.7233 -38.1548
vn 0 0 -1
v -5.55318 -75.6338 -38.1548
vn 0 0 -1
v -5.3879 -75.7233 49.3312
vn 0 0 1
v -5.55318 -75.6338 49.3312
vn 0 0 1
v -5.57134 -74.6827 -38.1284
vn -1 0 0
v -5.57134 -75.5802 -38.1548
vn -1 0 0
v -5.57134 -75.5802 49.3312
vn -1 0 0
v -5.57134 -74.6826 49.3048
vn -1 0 0
v -5.38705 -75.6761 49.3312
vn 0.195257 0.980752 0
v -5.39332 -75.6748 23.8145
vn 0.195257 0.980752 0
v -5.38318 -75.6769 -38.1548
vn 0.195257 0.980752 0
v -5.40531 -75.6725 5.58822
vn 0.195257 0.980752 0
v -5.47042 -75.5928 49.3312
vn 0.980826 0.194885 0
v -5.46917 -75.599 23.8145
vn 0.980826 0.194885 0
v -5.47042 -75.5928 -38.1548
vn 0.980826 0.194885 0
v -5.46917 -75.599 -12.638
vn 0.980826 0.194885 0
v 0.531191 -75.6786 -38.3819
vn 0 1 0
v -0.282526 -75.6786 -18.4577
vn 0 1 0
v -0.360288 -75.6786 -34.1984
vn 0 1 0
v -0.60111 -75.6786 -34.5393
vn 0 1 0
v -0.649894 -75.6786 -28.0032
vn 0 1 0
v -0.635823 -75.6786 -21.1913
vn 0 1 0
v -1.47716 -75.6786 -28.5275
vn 0 1 0
v -0.605144 -75.6786 -18.2897
vn 0 1 0
v -1.5136 -75.6786 -20.6876
vn 0 1 0
v -1.48655 -75.6786 -12.998
vn 0 1 0
v -3.97685 -75.6786 -38.391
vn 0 1 0
v -2.80596 -75.6786 -31.5445
vn 0 1 0
v -0.652024 -75.6786 -12.4861
vn 0 1 0
v -0.255681 -75.6786 -2.39775
vn 0 1 0
v -0.604982 -75.6786 -5.95495
vn 0 1 0
v -0.724688 -75.6786 -2.51723
vn 0 1 0
v -0.650511 -75.6786 3.04543
vn 0 1 0
v -1.34677 -75.6786 -5.14833
vn 0 1 0
v -1.49563 -75.6786 2.5332
vn 0 1 0
v -2.29014 -75.6786 -30.5673
vn 0 1 0
v -2.44317 -75.6786 -27.982
vn 0 1 0
v -3.06148 -75.6786 -29.3662
vn 0 1 0
v -2.42055 -75.6786 -21.2171
vn 0 1 0
v -2.49912 -75.6786 -14.9849
vn 0 1 0
v -2.61841 -75.6786 -16.5578
vn 0 1 0
v -2.43667 -75.6786 -12.4559
vn 0 1 0
v -3.51918 -75.6786 -33.5514
vn 0 1 0
v -3.50077 -75.6786 -27.4463
vn 0 1 0
v -3.50133 -75.6786 -18.7993
vn 0 1 0
v -3.50348 -75.6786 -16.9216
vn 0 1 0
v -2.62411 -75.6786 -1.77671
vn 0 1 0
v -2.42543 -75.6786 -5.68932
vn 0 1 0
v -2.51528 -75.6786 -0.190082
vn 0 1 0
v -2.4479 -75.6786 3.0889
vn 0 1 0
v -4.02717 -75.6786 -14.5843
vn 0 1 0
v -3.50083 -75.6786 -12.6579
vn 0 1 0
v -3.50129 -75.6786 -4.01084
vn 0 1 0
v -3.50052 -75.6786 2.13083
vn 0 1 0
v -3.5016 -75.6786 10.7779
vn 0 1 0
v -3.91641 -75.6786 -2.10577
vn 0 1 0
v -3.84947 -75.6786 0.237858
vn 0 1 0
v -2.51532 -75.6786 13.0987
vn 0 1 0
v -0.252953 -75.6786 13.5471
vn 0 1 0
v -0.641135 -75.6786 9.8695
vn 0 1 0
v -0.606198 -75.6786 18.861
vn 0 1 0
v -0.377348 -75.6786 29.2223
vn 0 1 0
v -0.722792 -75.6786 13.4356
vn 0 1 0
v -0.643729 -75.6786 25.402
vn 0 1 0
v -1.07564 -75.6786 18.1843
vn 0 1 0
v -1.49755 -75.6786 10.3754
vn 0 1 0
v -0.508279 -75.6786 29.6533
vn 0 1 0
v -1.38887 -75.6786 25.8812
vn 0 1 0
v -0.646431 -75.6786 34.1101
vn 0 1 0
v -0.369935 -75.6786 45.1806
vn 0 1 0
v -0.639373 -75.6786 40.9009
vn 0 1 0
v 0.531232 -75.6786 49.3217
vn 0 1 0
v -0.501703 -75.6786 45.6119
vn 0 1 0
v -1.50057 -75.6786 41.4427
vn 0 1 0
v -3.51345 -75.6786 46.4464
vn 0 1 0
v -1.38929 -75.6786 33.6264
vn 0 1 0
v -2.4479 -75.6786 9.81982
vn 0 1 0
v -1.77428 -75.6786 18.1262
vn 0 1 0
v -2.62414 -75.6786 14.6855
vn 0 1 0
v -2.42543 -75.6786 18.5981
vn 0 1 0
v -2.43667 -75.6786 25.3646
vn 0 1 0
v -2.49906 -75.6786 27.8938
vn 0 1 0
v -1.67532 -75.6786 25.8718
vn 0 1 0
v -3.89739 -75.6786 12.6884
vn 0 1 0
v -3.91193 -75.6786 15.0169
vn 0 1 0
v -3.50114 -75.6786 16.9194
vn 0 1 0
v -3.50099 -75.6786 25.5664
vn 0 1 0
v -3.50348 -75.6786 27.444
vn 0 1 0
v -1.67901 -75.6786 33.6309
vn 0 1 0
v -2.42055 -75.6786 34.1258
vn 0 1 0
v -2.61843 -75.6786 29.4665
vn 0 1 0
v -2.26048 -75.6786 43.5653
vn 0 1 0
v -2.44314 -75.6786 40.8908
vn 0 1 0
v -2.73481 -75.6786 42.5155
vn 0 1 0
v -3.50051 -75.6786 31.7079
vn 0 1 0
v -3.88406 -75.6786 29.8178
vn 0 1 0
v -3.5016 -75.6786 40.355
vn 0 1 0
v -3.20199 -75.6786 44.6182
vn 0 1 0
v -3.91309 -75.6786 42.2581
vn 0 1 0
v -3.97032 -75.6786 -31.622
vn 0 1 0
v -3.97685 -75.6786 -38.1548
vn 0 1 0
v -4.59083 -75.6786 -34.1153
vn 0 1 0
v -4.39737 -75.6786 -16.5509
vn 0 1 0
v -4.51056 -75.6786 -21.9127
vn 0 1 0
v -4.40727 -75.6786 -29.7082
vn 0 1 0
v -4.58831 -75.6786 -10.7257
vn 0 1 0
v -4.60088 -75.6786 -33.1669
vn 0 1 0
v -4.65276 -75.6786 -22.0716
vn 0 1 0
v -4.68606 -75.6786 -30.8557
vn 0 1 0
v -5.37449 -75.6786 -38.1548
vn 0 1 0
v -5.37449 -75.6786 49.3312
vn 0 1 0
v -4.68819 -75.6786 -15.5357
vn 0 1 0
v -4.65049 -75.6786 -1.33433
vn 0 1 0
v -4.5909 -75.6786 0.567825
vn 0 1 0
v -4.55611 -75.6786 11.5951
vn 0 1 0
v -4.71121 -75.6786 11.7435
vn 0 1 0
v -4.58829 -75.6786 22.8998
vn 0 1 0
v -4.39407 -75.6786 27.8101
vn 0 1 0
v -4.58828 -75.6786 34.1944
vn 0 1 0
v -4.2495 -75.6786 44.3734
vn 0 1 0
v -4.60309 -75.6786 46.2622
vn 0 1 0
v -4.68783 -75.6786 14.177
vn 0 1 0
v -4.64524 -75.6786 29.0462
vn 0 1 0
v -4.68035 -75.6786 43.084
vn 0 1 0
v -4.61159 -75.6786 45.3464
vn 0 1 0
v 0.645193 4.41901 50.3489
vn 0.00973057 0.303011 0.952937
v 0.645193 4.32861 50.3668
vn -2.36512e-06 0.222552 0.974921
v 0.667338 4.49564 50.2977
vn -0.080656 0.802807 0.590758
v 0.645193 4.54592 50.2206
vn -0.0173924 0.93741 0.347793
v 0.645193 4.56483 50.1306
vn -1.77904e-07 0.98227 0.187473
v 0.623047 4.49564 50.2977
vn 0.0806505 0.802808 0.590758
v 0.615665 4.56483 49.4436
vn -1 0 0
v 0.615665 4.54544 50.2727
vn -1 0 0
v 0.615665 -68.4473 50.2727
vn -1 0 0
v 0.615665 -68.4667 49.4436
vn -1 0 0
v 0.67472 4.56483 49.4436
vn 1 0 0
v 0.67472 -68.4473 50.2727
vn 1 0 0
v 0.67472 -68.4667 49.4436
vn 1 0 0
v 0.67472 4.54544 50.2727
vn 1 0 0
v -1.08497 4.73216 49.7372
vn -0.304233 -0.0100648 -0.952545
v -0.994571 4.73215 49.7192
vn -0.223411 -2.27979e-05 -0.974724
v -1.23079 4.73215 49.9554
vn -0.974774 -2.20804e-05 -0.223196
v -1.21281 4.73216 49.865
vn -0.952853 -0.00973661 -0.303277
v -0.410973 4.70262 50.1109
vn 0 -1 0
v 0.619602 4.70262 49.7192
vn 0 -1 0
v 0.619602 4.70262 52.3353
vn 0 -1 0
v -0.431756 4.70262 50.9547
vn 0 -1 0
v -1.22965 4.70262 49.7253
vn 0 -1 0
v -1.2296 4.70262 52.3339
vn 0 -1 0
v -1.22274 4.70262 49.8943
vn 0 -1 0
v -1.22274 4.70262 52.1603
vn 0 -1 0
v -1.21281 4.73216 52.1895
vn -0.952757 -0.00986171 0.303574
v -1.23079 4.73215 52.0991
vn -0.97478 -2.23578e-05 0.223167
v -0.994571 4.73215 52.3353
vn -0.222569 -2.19997e-05 0.974917
v -1.08497 4.73216 52.3174
vn -0.303044 -0.00970158 0.952927
v -1.08497 -68.5552 52.3174
vn -0.303058 -0.00965986 0.952923
v -0.994571 -68.5553 52.3353
vn -0.222563 -3.51047e-06 0.974918
v -1.23079 -68.5553 52.0991
vn -0.974782 -3.73149e-06 0.223161
v -1.21281 -68.5552 52.1895
vn -0.952747 0.00992983 0.303601
v -1.22965 -68.5257 49.7253
vn 0 1 0
v -1.22274 -68.5257 49.8943
vn 0 1 0
v -0.419744 -68.5257 50.0762
vn 0 1 0
v -0.440277 -68.5257 50.9778
vn 0 1 0
v -1.22274 -68.5257 52.1603
vn 0 1 0
v -1.2296 -68.5257 52.3339
vn 0 1 0
v 0.619602 -68.5257 49.7192
vn 0 1 0
v 0.619602 -68.5257 52.3353
vn 0 1 0
v -1.21281 -68.5552 49.865
vn -0.952843 0.00980473 -0.303304
v -1.23079 -68.5553 49.9554
vn -0.974775 -3.58138e-06 -0.223191
v -0.994571 -68.5553 49.7192
vn -0.223406 -3.89138e-06 -0.974725
v -1.08497 -68.5552 49.7372
vn -0.304246 -0.0100212 -0.952541
v 0.704589 -68.5468 49.7192
vn 0 0 -1
v -0.994571 -68.5416 49.7192
vn 0 0 -1
v 0.645193 -68.3208 50.3489
vn 0.00983932 -0.302902 0.952971
v 0.645193 -68.2304 50.3668
vn -2.38949e-06 -0.222442 0.974946
v 0.623047 -68.3975 50.2977
vn 0.0800773 -0.803087 0.590457
v 0.645193 -68.4478 50.2206
vn -0.0171839 -0.937363 0.347929
v 0.645193 -68.4667 50.1306
vn -1.76511e-07 -0.982222 0.187723
v 0.667338 -68.3975 50.2977
vn -0.0800827 -0.803086 0.590457
v 0.650699 -68.4667 49.388
vn -0.3335 4.01541e-07 -0.94275
v 0.630738 4.56483 49.3996
vn -0.542934 -3.02856e-06 -0.839775
v 0.735377 4.56483 49.4323
vn 0.977389 2.81765e-06 -0.21145
v 0.734215 -68.4667 49.4283
vn 0.976075 -5.6352e-06 -0.217435
v 0.674888 -68.4667 49.4429
vn 0.675673 1.10526e-07 0.737202
v 0.675652 4.56483 49.442
vn 0.60327 -3.29061e-07 0.797537
v 0.677066 -31.9509 49.4417
vn -0.0970453 -1.12542e-07 0.99528
v 0.678616 -68.4667 49.4434
vn -0.973729 1.76219e-07 0.227709
v 0.67856 4.56483 49.4432
vn -0.973437 -8.81117e-08 0.228953
v 0.676689 4.56483 49.3841
vn 0 1 0
v 0.676689 4.56483 49.4436
vn 0 1 0
v 0.676689 -68.4667 49.3841
vn 0 -1 0
v 0.676689 -68.4667 49.4436
vn 0 -1 0
v 0.676409 4.65487 49.7192
vn -0.980789 -0.195072 0
v 0.676409 4.65487 50.4822
vn -0.980789 -0.195072 0
v 0.676409 4.65487 51.5723
vn -0.980789 -0.195072 0
v 0.676409 4.65487 52.3353
vn -0.980789 -0.195072 0
v 0.630902 4.70038 49.7192
vn -0.19486 -0.980831 0
v 0.630902 4.70038 50.4822
vn -0.19486 -0.980831 0
v 0.630902 4.70038 52.3353
vn -0.19486 -0.980831 0
v 0.630902 4.70038 51.5723
vn -0.19486 -0.980831 0
v 0.676409 -68.478 52.3353
vn -0.980798 0.195025 0
v 0.676409 -68.478 51.5723
vn -0.980798 0.195025 0
v 0.676409 -68.478 50.4822
vn -0.980798 0.195025 0
v 0.676409 -68.478 49.7192
vn -0.980798 0.195025 0
v 0.642202 -68.5212 51.6813
vn -0.195338 0.980736 0
v 0.619602 -68.5257 51.4633
vn -0.195338 0.980736 0
v 0.619602 -68.5257 51.0273
vn -0.195338 0.980736 0
v 0.642202 -68.5212 49.7192
vn -0.195338 0.980736 0
v 0.678657 4.56503 49.4438
vn -1 0 0
v 0.678657 -68.4667 49.4436
vn -1 0 0
v 0.678657 -68.4667 51.0273
vn -1 0 0
v 0.678657 4.64357 51.0273
vn -1 0 0
v 0.733217 4.66617 49.7192
vn 0.980784 0.195094 0
v 0.733217 4.66617 50.4822
vn 0.980784 0.195094 0
v 0.733217 4.66617 51.5723
vn 0.980784 0.195094 0
v 0.733217 4.66617 52.3353
vn 0.980784 0.195094 0
v 0.642202 4.75718 50.4822
vn 0.195083 0.980787 0
v 0.642202 4.75718 49.7192
vn 0.195083 0.980787 0
v 0.642202 4.75718 52.3353
vn 0.195083 0.980787 0
v 0.642202 4.75718 51.5723
vn 0.195083 0.980787 0
v 0.708185 4.56483 49.7192
vn 0 0 -1
v 0.619602 4.73215 49.7192
vn 0 0 -1
v -0.994571 4.73215 49.7192
vn 0 0 -1
v 0.692059 4.66235 52.3353
vn 0 0 1
v 0.651781 4.75078 52.3353
vn 0 0 1
v -0.412691 4.76168 50.0949
vn 0 1 0
v 0.619602 4.76168 49.7192
vn 0 1 0
v -0.43457 4.76168 50.9685
vn 0 1 0
v -1.22965 4.76168 49.7253
vn 0 1 0
v 0.619602 4.76168 52.3353
vn 0 1 0
v -1.2296 4.76168 52.3339
vn 0 1 0
v -1.22274 4.76168 49.8943
vn 0 1 0
v -1.22274 4.76168 52.1603
vn 0 1 0
v 0.733217 -68.4893 52.3353
vn 0.980788 -0.195076 0
v 0.733454 -68.4881 51.0273
vn 0.980788 -0.195076 0
v 0.733217 -68.4893 50.4822
vn 0.980788 -0.195076 0
v 0.733217 -68.4893 49.7192
vn 0.980788 -0.195076 0
v 0.642202 -68.5803 52.3353
vn 0.195342 -0.980735 0
v 0.642202 -68.5803 51.5723
vn 0.195342 -0.980735 0
v 0.642202 -68.5803 50.4822
vn 0.195342 -0.980735 0
v 0.642202 -68.5803 49.7192
vn 0.195342 -0.980735 0
v 0.697444 -68.4801 52.3353
vn 0 0 1
v 0.651781 -68.5739 52.3353
vn 0 0 1
v -1.22965 -68.5848 49.7253
vn 0 -1 0
v -1.22274 -68.5848 49.8943
vn 0 -1 0
v -0.409558 -68.5848 50.1113
vn 0 -1 0
v -0.433323 -68.5848 50.9551
vn 0 -1 0
v -1.22274 -68.5848 52.1603
vn 0 -1 0
v -1.2296 -68.5848 52.3339
vn 0 -1 0
v 0.619602 -68.5848 49.7192
vn 0 -1 0
v 0.619602 -68.5848 52.3353
vn 0 -1 0
v 0.737713 -68.4667 49.4436
vn 1 0 0
v 0.737713 -68.4667 51.0273
vn 1 0 0
v 0.737713 4.56503 49.4464
vn 1 0 0
v 0.737713 4.64357 51.0273
vn 1 0 0
v -4.781 8.65932 -23.1714
vn -0.182429 -0.000131577 0.983219
v -4.77666 8.56089 -23.1708
vn -0.0607704 -0.000170158 0.998152
v -4.76886 8.65932 -23.1581
vn -0.841232 -0.000753932 -0.540674
v -4.76886 8.56089 -23.1581
vn -0.841889 0.000670089 -0.53965
v -3.97974 8.65932 -23.1562
vn 0 1 0
v -3.98447 8.65932 -26.7364
vn 0 1 0
v -4.78387 8.65932 -23.1748
vn 0 1 0
v -4.781 8.65932 -23.1714
vn 0 1 0
v -4.91517 8.46247 -23.0367
vn 0 0.707112 0.707101
v -4.91517 7.24199 -21.8162
vn 0 0.707112 0.707101
v -4.78394 8.57319 -23.1701
vn 0.66753 0.0268526 0.744098
v -4.84032 8.55375 -23.1219
vn 0.516786 0.275338 0.81063
v -4.79616 8.64503 -23.1634
vn 0.439686 0.0679258 0.895579
v -4.92314 8.60166 -23.1034
vn 0.305489 0.216765 0.927194
v -4.86224 8.54076 -23.1034
vn 0.365266 0.41529 0.833136
v -4.88677 8.50353 -23.0717
vn 0.274762 0.537605 0.797174
v -4.91444 8.59296 -23.1034
vn 0.225495 0.287564 0.930838
v -4.95489 8.53197 -23.0724
vn 0.175031 0.373265 0.911064
v -4.88237 8.46247 -23.0367
vn 0.135032 0.680918 0.719804
v -4.89202 8.48631 -23.0574
vn 0.131458 0.677103 0.724051
v -4.96281 8.50696 -23.0592
vn 0.0720824 0.43218 0.898902
v -4.98079 8.46247 -23.0367
vn 0.0296863 0.449515 0.892779
v -4.81924 8.54647 -23.1214
vn -9.9336e-05 -0.904876 -0.425674
v -4.4487 8.55138 -23.1185
vn -0.000142025 -0.976181 -0.216959
v -3.6092 8.55874 -23.1358
vn -0.000783485 -0.931813 -0.362937
v -3.18945 8.5446 -23.112
vn -0.00248149 -0.892164 -0.451705
v -4.41024 8.63856 -23.062
vn 0.000537106 0.9723 0.233737
v -4.80778 8.64084 -23.1024
vn 0.000703988 0.947565 0.319563
v -3.60243 8.63323 -23.0623
vn 0.000300323 0.911626 0.411021
v -3.18945 8.65667 -23.1154
vn 0.00141271 0.948698 0.316181
v -4.78303 8.58411 -23.142
vn -0.692237 0.159386 -0.70385
v -4.86845 8.54076 -23.0779
vn -0.71069 0.446505 -0.543648
v -4.85714 8.60386 -23.0391
vn -0.831855 0.217201 -0.510726
v -4.85549 8.52608 -25.8972
vn 0.666437 -0.74556 -0.00130128
v -4.87129 8.51684 -26.8069
vn 0.787763 -0.615978 -0.000649451
v -4.85437 8.52905 -24.2444
vn 0.792018 -0.610498 0.00033793
v -4.85255 8.53597 -23.1061
vn 0.625695 -0.780067 0.00091165
v -4.92 8.62535 -26.7814
vn -0.511249 0.859433 0.000210305
v -4.95566 8.59176 -23.092
vn -0.835784 0.549058 -0.000152815
v -4.86845 7.26055 -21.7223
vn -1 0 0
v -4.86845 8.57846 -23.0402
vn -1 0 0
v -3.18945 8.53206 -23.0866
vn 0 -0.707107 -0.707107
v -3.18945 7.21416 -21.7687
vn 0 -0.707107 -0.707107
v -4.86845 7.21416 -21.7687
vn 0 -0.707107 -0.707107
v -4.86845 8.53206 -23.0866
vn 0 -0.707107 -0.707107
v -4.77666 8.56089 -26.7215
vn -0.0579515 -0.000123178 -0.998319
v -4.77177 8.65932 -26.722
vn 0.0585885 -7.86332e-05 -0.998282
v -4.76886 8.56089 -26.7343
vn -0.841756 0.000670947 0.539857
v -4.76886 8.65932 -26.7343
vn -0.841098 -0.0007549 0.540882
v -4.78389 8.56089 -26.7197
vn 0 -1 0
v -3.98321 8.56089 -23.1562
vn 0 -1 0
v -3.97974 8.56089 -26.7361
vn 0 -1 0
v -4.78394 8.56089 -26.7222
vn 0 -1 0
v -4.88237 7.24199 -21.8162
vn 1 0 0
v -4.88237 8.46247 -26.8556
vn 1 0 0
v -4.88237 8.46247 -23.0367
vn 1 0 0
v -4.88237 7.24199 -28.0761
vn 1 0 0
v -3.6092 8.55138 -26.7739
vn -0.000393175 -0.95239 0.304882
v -3.18945 8.55181 -26.7629
vn -0.00332056 -0.943223 0.332143
v -4.81924 8.54647 -26.7709
vn -9.89838e-05 -0.904871 0.425685
v -4.4487 8.55138 -26.7739
vn -0.000141699 -0.976181 0.216958
v -3.18945 7.21416 -28.1236
vn 0 -0.707107 0.707107
v -3.18945 8.53206 -26.8057
vn 0 -0.707107 0.707107
v -4.86845 8.53206 -26.8057
vn 0 -0.707107 0.707107
v -4.86845 7.21416 -28.1236
vn 0 -0.707107 0.707107
v -4.93158 7.24199 -28.0761
vn 0 0.707112 -0.707101
v -4.93158 8.46247 -26.8556
vn 0 0.707112 -0.707101
v -4.86224 8.54076 -26.7889
vn 0.451777 0.346035 -0.822288
v -4.78394 8.57319 -26.7222
vn 0.639298 0.0927648 -0.763343
v -4.92314 8.60166 -26.7889
vn 0.304642 0.217481 -0.927305
v -4.79624 8.645 -26.729
vn 0.439479 0.0674453 -0.895717
v -4.96841 8.49509 -26.8399
vn 0.105261 0.418203 -0.902234
v -4.91444 8.59296 -26.7889
vn 0.224344 0.287988 -0.930985
v -3.18945 8.65596 -26.7615
vn 0.000727366 0.988584 -0.150671
v -3.6092 8.64993 -26.7929
vn -0.000316026 0.98614 -0.165913
v -4.31226 8.64383 -26.8173
vn 0.000307289 0.898894 -0.438167
v -4.83702 8.6349 -26.8321
vn 0.000745986 0.94844 -0.316957
v -3.67916 8.6139 -26.8604
vn 0.00154473 0.778002 -0.628259
v -3.18945 8.6173 -26.8549
vn 0.00102987 0.790179 -0.612876
v -4.78303 8.58411 -26.7503
vn -0.692239 0.159395 0.703846
v -4.81924 8.62614 -26.8013
vn -0.846556 0.21143 0.488508
v -4.86845 8.54076 -26.8144
vn -0.710679 0.446524 0.543647
v -4.86845 8.56686 -26.8405
vn -1 0 0
v -4.86845 7.24894 -28.1584
vn -1 0 0
v -3.18945 7.28375 -28.1932
vn 0 0.707104 -0.707109
v -4.86845 8.60166 -26.8753
vn 0 0.707104 -0.707109
v -3.18945 8.60166 -26.8753
vn 0 0.707104 -0.707109
v -4.86845 7.28375 -28.1932
vn 0 0.707104 -0.707109
v -4.98079 7.24199 -21.8162
vn -1 0 0
v -4.98079 8.46247 -23.0367
vn -1 0 0
v -4.98079 7.24199 -28.0761
vn -1 0 0
v -4.98079 8.46247 -26.8556
vn -1 0 0
v -3.18945 8.63049 -23.0866
vn 1 0 0
v -3.18945 8.54647 -23.1214
vn 1 0 0
v -3.18945 8.56686 -23.0518
vn 1 0 0
v -3.18945 7.24896 -21.7339
vn 1 0 0
v -4.86845 8.60166 -23.017
vn 0 0.707104 0.707109
v -3.18945 7.28375 -21.6991
vn 0 0.707104 0.707109
v -3.18945 8.60166 -23.017
vn 0 0.707104 0.707109
v -4.86845 7.28375 -21.6991
vn 0 0.707104 0.707109
v -3.18945 8.63049 -26.8057
vn 1 0 0
v -3.18945 8.54647 -26.7709
vn 1 0 0
v -3.18945 8.61011 -26.7361
vn 1 0 0
v -3.18945 8.61011 -23.1562
vn 1 0 0
v -3.18945 7.24895 -28.1584
vn 1 0 0
v -3.18945 8.56686 -26.8405
vn 1 0 0
v -4.77177 -72.4824 -26.722
vn 0.0585881 7.86616e-05 -0.998282
v -4.77666 -72.384 -26.7215
vn -0.0579516 0.000123218 -0.998319
v -4.76886 -72.4824 -26.7343
vn -0.841914 0.000873122 0.539612
v -4.76886 -72.384 -26.7343
vn -0.840726 -0.000522066 0.541461
v -3.98447 -72.4824 -26.7364
vn 0 -1 0
v -3.97974 -72.4824 -23.1562
vn 0 -1 0
v -4.78387 -72.4824 -23.1748
vn 0 -1 0
v -4.781 -72.4824 -23.1714
vn 0 -1 0
v -4.91517 -72.2856 -26.8556
vn 0 -0.707107 -0.707106
v -4.91517 -71.0651 -28.0761
vn 0 -0.707107 -0.707106
v -4.78394 -72.3963 -26.7222
vn 0.667505 -0.0268543 -0.744121
v -4.84032 -72.3769 -26.7704
vn 0.516245 -0.275292 -0.81099
v -4.79616 -72.4681 -26.7289
vn 0.43969 -0.0678651 -0.895582
v -4.92314 -72.4248 -26.7889
vn 0.305793 -0.216684 -0.927113
v -4.86224 -72.3639 -26.7889
vn 0.364717 -0.414643 -0.833698
v -4.88677 -72.3267 -26.8205
vn 0.274344 -0.538264 -0.796874
v -4.91444 -72.4161 -26.7889
vn 0.225512 -0.287233 -0.930936
v -4.95489 -72.3551 -26.8199
vn 0.175508 -0.373009 -0.911077
v -4.88237 -72.2856 -26.8556
vn 0.135022 -0.680813 -0.719904
v -4.89202 -72.3094 -26.8349
vn 0.131578 -0.677139 -0.723996
v -4.96281 -72.33 -26.833
vn 0.072117 -0.432915 -0.898545
v -4.98079 -72.2856 -26.8556
vn 0.0293599 -0.449985 -0.892553
v -4.81924 -72.3696 -26.7709
vn -0.000114913 0.910744 0.412971
v -4.4487 -72.3745 -26.7739
vn -0.000143249 0.971057 0.238849
v -3.6092 -72.3818 -26.7565
vn -0.000762712 0.931819 0.362922
v -3.18945 -72.3677 -26.7803
vn -0.00242727 0.892527 0.450988
v -4.41023 -72.4616 -26.8302
vn 0.000576076 -0.972304 -0.233719
v -4.8098 -72.4627 -26.7928
vn 0.00084326 -0.936859 -0.349707
v -3.6092 -72.4639 -26.81
vn 0.000305739 -0.933704 -0.358046
v -3.18944 -72.4668 -26.8056
vn 0.00120285 -0.894105 -0.447855
v -4.78303 -72.4072 -26.7503
vn -0.69222 -0.159464 0.703849
v -4.86845 -72.3639 -26.8144
vn -0.710278 -0.447216 0.543602
v -4.85714 -72.427 -26.8532
vn -0.831787 -0.217328 0.510783
v -4.8634 -72.3388 -23.9968
vn 0.668692 0.743538 0.0014491
v -4.85765 -72.3578 -23.1025
vn 0.793259 0.608884 0.000501763
v -4.84993 -72.3562 -26.7863
vn 0.606257 0.795269 -0.000829706
v -4.85824 -72.3529 -25.6484
vn 0.791944 0.610594 -0.000333792
v -4.91998 -72.4485 -23.1109
vn -0.51077 -0.859717 -0.000219234
v -4.95567 -72.4149 -26.8003
vn -0.835718 -0.549158 0.000155003
v -4.86845 -71.0836 -28.17
vn -1 0 0
v -4.86845 -72.4016 -26.8521
vn -1 0 0
v -3.18945 -72.3552 -26.8057
vn 0 0.707106 0.707107
v -3.18945 -71.0373 -28.1236
vn 0 0.707106 0.707107
v -4.86845 -72.3552 -26.8057
vn 0 0.707106 0.707107
v -4.86845 -71.0373 -28.1236
vn 0 0.707106 0.707107
v -4.77666 -72.384 -23.1708
vn -0.061698 7.76368e-05 0.998095
v -4.781 -72.4824 -23.1714
vn -0.181603 3.86684e-05 0.983372
v -4.76886 -72.384 -23.1581
vn -0.841892 -0.000670544 -0.539645
v -4.76886 -72.4824 -23.1581
vn -0.841234 0.000754566 -0.54067
v -4.78389 -72.384 -26.7197
vn 0 1 0
v -3.97974 -72.384 -26.7361
vn 0 1 0
v -3.98321 -72.384 -23.1562
vn 0 1 0
v -4.78394 -72.384 -26.7222
vn 0 1 0
v -4.88237 -71.0651 -28.0761
vn 1 0 0
v -4.88237 -72.2856 -23.0367
vn 1 0 0
v -4.88237 -72.2856 -26.8556
vn 1 0 0
v -4.88237 -71.0651 -21.8162
vn 1 0 0
v -3.6092 -72.3745 -23.1185
vn -0.00038256 0.952178 -0.305545
v -3.18945 -72.3749 -23.1294
vn -0.00324312 0.943224 -0.332141
v -4.81924 -72.3696 -23.1214
vn -0.000115447 0.910745 -0.412968
v -4.4487 -72.3745 -23.1185
vn -0.000143412 0.971059 -0.238842
v -3.18945 -71.0373 -21.7687
vn 0 0.707106 -0.707107
v -3.18945 -72.3552 -23.0866
vn 0 0.707106 -0.707107
v -4.86845 -72.3552 -23.0866
vn 0 0.707106 -0.707107
v -4.86845 -71.0373 -21.7687
vn 0 0.707106 -0.707107
v -4.93158 -71.0651 -21.8162
vn 0 -0.707107 0.707106
v -4.93158 -72.2856 -23.0367
vn 0 -0.707107 0.707106
v -4.86224 -72.3639 -23.1034
vn 0.451827 -0.34627 0.822162
v -4.78394 -72.3963 -23.1701
vn 0.639337 -0.092638 0.763326
v -4.92314 -72.4248 -23.1034
vn 0.304761 -0.217694 0.927216
v -4.79624 -72.4681 -23.1633
vn 0.439462 -0.0674428 0.895726
v -4.96841 -72.3182 -23.0524
vn 0.105484 -0.418409 0.902113
v -4.91444 -72.4161 -23.1034
vn 0.224106 -0.287702 0.93113
v -3.18945 -72.479 -23.1308
vn 0.000704397 -0.988595 0.150598
v -3.6092 -72.473 -23.0993
vn -0.000337134 -0.986117 0.166052
v -4.80914 -72.4756 -23.1015
vn 0.000764041 -0.948272 0.317457
v -4.31506 -72.4562 -23.052
vn 0.000323036 -0.954526 0.298128
v -3.67916 -72.437 -23.0319
vn 0.00152826 -0.778896 0.627151
v -3.18945 -72.4404 -23.0374
vn 0.0010188 -0.790934 0.6119
v -4.78303 -72.4072 -23.142
vn -0.692218 -0.159455 -0.703853
v -4.81924 -72.4492 -23.091
vn -0.846547 -0.211508 -0.48849
v -4.86845 -72.3639 -23.0779
vn -0.710289 -0.447197 -0.543603
v -4.86845 -72.39 -23.0518
vn -1 0 0
v -4.86845 -71.072 -21.7339
vn -1 0 0
v -3.18945 -71.1068 -21.6991
vn 0 -0.70708 0.707134
v -3.18945 -72.4248 -23.017
vn 0 -0.70708 0.707134
v -4.86845 -71.1068 -21.6991
vn 0 -0.70708 0.707134
v -4.86845 -72.4248 -23.017
vn 0 -0.70708 0.707134
v -4.98079 -71.0651 -28.0761
vn -1 0 0
v -4.98079 -72.2856 -26.8556
vn -1 0 0
v -4.98079 -72.2856 -23.0367
vn -1 0 0
v -4.98079 -71.0651 -21.8162
vn -1 0 0
v -3.18945 -72.4536 -26.8057
vn 1 0 0
v -3.18945 -72.3696 -26.7709
vn 1 0 0
v -3.18945 -72.39 -26.8405
vn 1 0 0
v -3.18945 -71.0721 -28.1584
vn 1 0 0
v -4.86845 -72.4248 -26.8753
vn 0 -0.70708 -0.707134
v -3.18945 -71.1068 -28.1932
vn 0 -0.70708 -0.707134
v -3.18945 -72.4248 -26.8753
vn 0 -0.70708 -0.707134
v -4.86845 -71.1068 -28.1932
vn 0 -0.70708 -0.707134
v -3.18945 -72.4536 -23.0866
vn 1 0 0
v -3.18945 -72.3696 -23.1214
vn 1 0 0
v -3.18945 -72.4332 -23.1562
vn 1 0 0
v -3.18945 -72.4332 -26.7361
vn 1 0 0
v -3.18945 -71.072 -21.7339
vn 1 0 0
v -3.18945 -72.39 -23.0518
vn 1 0 0
v -0.0194215 -68.8473 6.47314
vn 0 0 1
v -3.07134 -71.0848 6.47314
vn 0 0 1
v -2.14915 -72.8022 6.47314
vn 0 0 1
v -3.00566 -68.8159 6.47314
vn 0 0 1
v -3.04062 -72.1561 6.47314
vn 0 0 1
v -0.000476442 -75.3637 6.47314
vn 0 0 1
v -2.11606 -73.9919 6.47314
vn 0 0 1
v -5.33051 -71.1219 6.47314
vn 0 0 1
v -4.27633 -72.7174 6.47314
vn 0 0 1
v -0.984728 -75.5537 6.47314
vn 0 0 1
v -3.35962 -74.6161 6.47314
vn 0 0 1
v -4.07528 -75.63 6.47314
vn 0 0 1
v -5.33365 -75.5049 6.47314
vn 0 0 1
v -4.2828 -73.9157 6.47314
vn 0 0 1
v -0.0194215 -68.8473 6.37471
vn 0 0 -1
v -2.14915 -72.8022 6.37471
vn 0 0 -1
v -3.07134 -71.0848 6.37471
vn 0 0 -1
v -3.00566 -68.8159 6.37471
vn 0 0 -1
v -3.04062 -72.1561 6.37471
vn 0 0 -1
v -0.000476442 -75.3637 6.37471
vn 0 0 -1
v -2.11606 -73.9919 6.37471
vn 0 0 -1
v -5.33051 -71.1219 6.37471
vn 0 0 -1
v -4.27633 -72.7174 6.37471
vn 0 0 -1
v -0.984728 -75.5537 6.37471
vn 0 0 -1
v -3.35962 -74.6161 6.37471
vn 0 0 -1
v -4.07528 -75.63 6.37471
vn 0 0 -1
v -5.33365 -75.5049 6.37471
vn 0 0 -1
v -4.2828 -73.9157 6.37471
vn 0 0 -1
v 0.483831 4.92761 6.37471
vn 0 0 -1
v -1.52104 5.85914 6.37471
vn 0 0 -1
v -0.43577 6.36278 6.37471
vn 0 0 -1
v -3.03078 4.92575 6.37471
vn 0 0 -1
v 0.511335 8.679 6.37471
vn 0 0 -1
v -2.20828 6.69213 6.37471
vn 0 0 -1
v -3.07134 7.26168 6.37471
vn 0 0 -1
v -0.558056 7.34764 6.37471
vn 0 0 -1
v -0.276067 8.76366 6.37471
vn 0 0 -1
v -1.56595 7.71241 6.37471
vn 0 0 -1
v -5.33764 7.36544 6.37471
vn 0 0 -1
v -5.34949 8.77485 6.37471
vn 0 0 -1
v 0.483831 4.92761 6.47314
vn 0 0 1
v -1.52104 5.85914 6.47314
vn 0 0 1
v -0.43577 6.36278 6.47314
vn 0 0 1
v -3.03078 4.92575 6.47314
vn 0 0 1
v 0.511335 8.679 6.47314
vn 0 0 1
v -2.20828 6.69213 6.47314
vn 0 0 1
v -3.07134 7.26168 6.47314
vn 0 0 1
v -0.558056 7.34764 6.47314
vn 0 0 1
v -0.276067 8.76366 6.47314
vn 0 0 1
v -1.56595 7.71241 6.47314
vn 0 0 1
v -5.33764 7.36544 6.47314
vn 0 0 1
v -5.34949 8.77485 6.47314
vn 0 0 1
v -3.07134 -71.0848 -38.1154
vn 0 0 1
v -3.00566 -68.8159 -38.1154
vn 0 0 1
v -0.0299975 -68.8501 -38.1154
vn 0 0 1
v -1.406 -74.2068 -38.1154
vn 0 0 1
v -3.4051 -72.3274 -38.1154
vn 0 0 1
v -5.34078 -71.1309 -38.1154
vn 0 0 1
v -5.35132 -75.4499 -38.1154
vn 0 0 1
v -4.07528 -75.6535 -38.1154
vn 0 0 1
v -0.000476442 -75.3637 -38.1154
vn 0 0 1
v -0.984728 -75.5973 -38.1154
vn 0 0 1
v -3.07134 -71.0848 -38.2139
vn 0 0 -1
v -3.00566 -68.8159 -38.2139
vn 0 0 -1
v -0.0299975 -68.8501 -38.2139
vn 0 0 -1
v -1.406 -74.2068 -38.2139
vn 0 0 -1
v -3.4051 -72.3274 -38.2139
vn 0 0 -1
v -5.34078 -71.1309 -38.2139
vn 0 0 -1
v -5.35132 -75.4499 -38.2139
vn 0 0 -1
v -4.07528 -75.6535 -38.2139
vn 0 0 -1
v -0.984728 -75.5973 -38.2139
vn 0 0 -1
v -0.000476442 -75.3637 -38.2139
vn 0 0 -1
v -2.04617 6.26665 -38.2139
vn 0 0 -1
v 0.463074 4.92927 -38.2139
vn 0 0 -1
v -3.03097 4.91853 -38.2139
vn 0 0 -1
v -0.308933 7.56394 -38.2139
vn 0 0 -1
v -3.07134 7.26168 -38.2139
vn 0 0 -1
v -5.33764 7.36544 -38.2139
vn 0 0 -1
v 0.511335 8.679 -38.2139
vn 0 0 -1
v -0.276067 8.76839 -38.2139
vn 0 0 -1
v -5.34944 8.77545 -38.2139
vn 0 0 -1
v -2.04617 6.26665 -38.1154
vn 0 0 1
v 0.463074 4.92927 -38.1154
vn 0 0 1
v -3.03097 4.91853 -38.1154
vn 0 0 1
v -0.308933 7.56394 -38.1154
vn 0 0 1
v -3.07134 7.26168 -38.1154
vn 0 0 1
v -5.33764 7.36544 -38.1154
vn 0 0 1
v 0.511335 8.679 -38.1154
vn 0 0 1
v -0.276067 8.76839 -38.1154
vn 0 0 1
v -5.34944 8.77545 -38.1154
vn 0 0 1
v -1.61295 -72.9541 -38.3615
vn 0.952855 -0.303267 -0.00981008
v -1.59496 -72.8637 -38.3615
vn 0.97476 -0.223255 0
v -1.66415 -73.0307 -38.3393
vn 0.590945 -0.802646 -0.0808971
v -1.74117 -73.081 -38.3615
vn 0.347964 -0.937343 -0.0175607
v -1.83119 -73.0999 -38.3615
vn 0.18759 -0.982247 0
v -1.66415 -73.0307 -38.3836
vn 0.590945 -0.802646 0.0808971
v -1.59496 -68.8313 -38.3419
vn 1 0 0
v -1.59496 -72.8637 -38.332
vn 1 0 0
v -1.59496 -72.8637 -38.391
vn 1 0 0
v -1.59496 -68.8313 -38.3811
vn 1 0 0
v -1.71618 -73.0956 -38.391
vn 0 0 -1
v -1.72919 -68.6372 -38.391
vn 0 0 -1
v -4.64221 -73.0999 -38.391
vn 0 0 -1
v -4.68318 -70.9503 -38.391
vn 0 0 -1
v -1.71311 4.81082 -38.391
vn 0 0 -1
v -5.92781 -70.9288 -38.391
vn 0 0 -1
v -6.42184 -72.0348 -38.391
vn 0 0 -1
v -6.43355 -19.3746 -38.391
vn 0 0 -1
v -4.72017 7.11965 -38.391
vn 0 0 -1
v -1.70862 7.70314 -38.391
vn 0 0 -1
v -5.92782 7.10572 -38.391
vn 0 0 -1
v -4.64221 7.71444 -38.391
vn 0 0 -1
v -6.42184 8.21165 -38.391
vn 0 0 -1
v -1.61295 7.56861 -38.3615
vn 0.952827 0.303352 0.0098705
v -1.59496 7.47821 -38.3615
vn 0.974766 0.223231 0
v -1.83119 7.71444 -38.3615
vn 0.205358 0.978435 0.0221885
v -1.74098 7.69599 -38.3578
vn 0.330656 0.939801 -0.0862576
v -1.66415 7.64525 -38.3393
vn 0.591216 0.802377 -0.081573
v -1.59496 7.47821 -38.3615
vn 1 0 0
v -1.59496 5.00822 -38.3615
vn 1 0 0
v -1.44771 -73.0746 -38.3615
vn -0.280646 0.959727 0.0127534
v -1.6737 -73.1196 -38.3615
vn -0.187691 0.982228 0
v -1.25612 -72.9466 -38.3836
vn -0.789371 0.582419 -0.194115
v -1.12811 -72.755 -38.3615
vn -0.945126 0.31162 -0.0981299
v -1.08315 -72.529 -38.3615
vn -0.982253 0.187561 0
v -1.44771 7.68917 -38.3615
vn -0.280587 -0.959746 0.0125682
v -1.6737 7.73412 -38.3615
vn -0.187531 -0.982259 0
v -1.25612 7.56115 -38.3393
vn -0.789417 -0.582427 0.193909
v -1.12811 7.36956 -38.3615
vn -0.940555 -0.338956 -0.0215728
v -1.08315 7.14357 -38.3615
vn -0.98225 -0.187575 0
v -1.25612 7.56115 -38.3836
vn -0.789417 -0.582427 -0.193909
v -4.64221 -74.006 -38.3615
vn -1 0 0
v -4.64221 -73.1196 -38.3615
vn -1 0 0
v 0.747491 -75.475 -38.391
vn 0 0 -1
v -0.964984 4.80647 -38.391
vn 0 0 -1
v -0.949224 -68.6348 -38.391
vn 0 0 -1
v -1.30246 -73.0957 -38.391
vn 0 0 -1
v -3.29889 -75.4796 -38.391
vn 0 0 -1
v -4.64467 -73.1196 -38.391
vn 0 0 -1
v 0.747424 8.8912 -38.391
vn 0 0 -1
v -1.27263 7.65638 -38.391
vn 0 0 -1
v -4.42441 8.92108 -38.391
vn 0 0 -1
v -4.59179 8.82157 -38.391
vn 0 0 -1
v 0.747491 -75.475 -38.332
vn 0 0 1
v -0.964984 4.80647 -38.332
vn 0 0 1
v -0.949224 -68.6348 -38.332
vn 0 0 1
v -1.30246 -73.0957 -38.332
vn 0 0 1
v -3.29889 -75.4796 -38.332
vn 0 0 1
v -4.64467 -73.1196 -38.332
vn 0 0 1
v 0.747424 8.8912 -38.332
vn 0 0 1
v -1.27263 7.65638 -38.332
vn 0 0 1
v -4.42441 8.92108 -38.332
vn 0 0 1
v -4.59179 8.82157 -38.332
vn 0 0 1
v -1.08315 -72.529 -38.3615
vn -1 0 0
v -1.08315 -68.8313 -38.3615
vn -1 0 0
v -1.59853 4.98822 -38.3357
vn 0.980361 -0.196782 -0.0130503
v -1.59768 4.991 -38.3873
vn 0.981138 -0.192174 0.0208979
v -1.61514 4.94219 -38.3836
vn 0.887043 -0.461092 0.0234443
v -1.66878 4.89873 -38.3615
vn 0.52466 -0.85128 0.00735652
v -1.63655 4.91841 -38.3578
vn 0.575773 -0.817607 -0.00180344
v -1.68613 4.8878 -38.3357
vn 0.547722 -0.83666 0.000875452
v -1.68613 4.8878 -38.3873
vn 0.539033 -0.842283 0.00172176
v -1.73913 4.80891 -38.3873
vn 0.980796 -0.19481 -0.00942273
v -1.74022 4.80584 -38.3393
vn 0.980969 -0.194129 0.00373962
v -1.71618 -73.0956 -38.332
vn 0 0 1
v -1.71311 -68.6431 -38.332
vn 0 0 1
v -4.68318 -70.9503 -38.332
vn 0 0 1
v -4.64221 -73.0999 -38.332
vn 0 0 1
v -5.92781 -70.9288 -38.332
vn 0 0 1
v -6.42184 -72.0348 -38.332
vn 0 0 1
v -6.43355 -19.3746 -38.332
vn 0 0 1
v -4.72017 7.11965 -38.332
vn 0 0 1
v -1.63392 7.62896 -38.332
vn 0 0 1
v -1.73006 4.80606 -38.332
vn 0 0 1
v -1.79488 7.71355 -38.332
vn 0 0 1
v -5.92782 7.10572 -38.332
vn 0 0 1
v -4.64221 7.71444 -38.332
vn 0 0 1
v -6.42184 8.21165 -38.332
vn 0 0 1
v -1.07772 4.97379 -38.3836
vn -0.971441 -0.236631 0.0175559
v -1.08315 5.00822 -38.3615
vn -0.988104 -0.15371 -0.00486795
v -1.06298 4.94219 -38.3836
vn -0.887043 -0.461092 0.0234443
v -1.02437 4.90759 -38.3836
vn -0.548113 -0.836319 0.0119397
v -1.00933 4.89873 -38.332
vn -0.555776 -0.831094 -0.0198897
v -1.06298 4.94219 -38.3393
vn -0.760078 -0.649403 -0.0235959
v -0.935516 4.78924 -38.391
vn -0.98039 -0.197056 -0.00216877
v -0.938106 4.80603 -38.3357
vn -0.982729 -0.183191 0.026183
v -0.955291 4.85466 -38.3393
vn -0.888993 -0.457515 0.0192469
v -0.992042 4.88785 -38.3873
vn -0.54745 -0.836838 -0.000405576
v -0.992042 4.88785 -38.3357
vn -0.538828 -0.842413 -0.00208514
v -1.59853 -68.8113 -38.3873
vn 0.980353 0.196805 0.0132702
v -1.59754 -68.814 -38.3393
vn 0.980455 0.196629 -0.00663261
v -1.65384 -68.7308 -38.3726
vn 0.550786 0.834451 0.0180843
v -1.61514 -68.7653 -38.3836
vn 0.760534 0.648834 0.0245453
v -1.6389 -68.7398 -38.3393
vn 0.591565 0.806002 -0.0203115
v -1.61514 -68.7653 -38.3393
vn 0.760534 0.648834 -0.0245453
v -1.7426 -68.6123 -38.391
vn 0.980445 0.196789 -0.00136134
v -1.74001 -68.6291 -38.3357
vn 0.982779 0.182981 0.0257745
v -1.72282 -68.6777 -38.3393
vn 0.889162 0.45714 0.0203368
v -1.68607 -68.7109 -38.3873
vn 0.538737 0.842473 0.00116744
v -1.68607 -68.7109 -38.3357
vn 0.54754 0.836778 0.00148568
v -1.07959 -68.8113 -38.3357
vn -0.980391 0.196608 -0.0133553
v -1.08057 -68.814 -38.3836
vn -0.952803 0.302494 0.0257793
v -1.02654 -68.7326 -38.3357
vn -0.549987 0.83505 -0.0143366
v -1.02428 -68.7308 -38.3873
vn -0.546898 0.836922 0.0215432
v -0.991983 -68.7109 -38.3357
vn -0.548079 0.836424 0.00196491
v -0.991983 -68.7109 -38.3873
vn -0.539209 0.842172 0.00079608
v -0.938985 -68.632 -38.3873
vn -0.980783 0.194886 -0.00919017
v -0.937896 -68.6289 -38.3393
vn -0.980782 0.195103 0.00140538
v -1.7426 -68.6084 -38.391
vn 1 0 0
v -1.7426 -68.6123 -38.3713
vn 1 0 0
v -1.7426 -68.6084 -38.332
vn 1 0 0
v -1.7426 -68.6123 -38.3517
vn 1 0 0
v -0.935516 4.7853 -38.391
vn -1 0 0
v -0.935516 4.78924 -38.3713
vn -1 0 0
v -0.935516 4.7853 -38.332
vn -1 0 0
v -0.935516 4.78924 -38.3517
vn -1 0 0
v -0.997221 4.78136 -38.3429
vn 0 1 0
v -1.04288 4.78136 -38.4367
vn 0 1 0
v -1.08275 4.78136 -38.7359
vn 0 1 0
v -1.05635 4.78136 -38.655
vn 0 1 0
v -1.53591 4.78136 -38.7355
vn 0 1 0
v -1.58825 4.78136 -38.6737
vn 0 1 0
v -1.59537 4.78136 -38.7359
vn 0 1 0
v -1.64597 4.78136 -38.4233
vn 0 1 0
v -1.68089 4.78136 -38.3429
vn 0 1 0
v -1.64313 -68.6045 -38.6791
vn 0 -1 0
v -1.54931 -68.6045 -38.7248
vn 0 -1 0
v -1.08987 -68.6045 -38.6737
vn 0 -1 0
v -1.08275 -68.6045 -38.7359
vn 0 -1 0
v -1.64597 -68.6045 -38.4233
vn 0 -1 0
v -1.68089 -68.6045 -38.3429
vn 0 -1 0
v -1.0509 -68.6045 -38.442
vn 0 -1 0
v -0.997221 -68.6045 -38.3576
vn 0 -1 0
v -1.0214 -68.6045 -38.4365
vn 0.980745 0 -0.195292
v -1.02185 -47.2003 -38.4388
vn 0.980745 0 -0.195292
v -1.02185 -16.6228 -38.4388
vn 0.980745 0 -0.195292
v -1.0214 4.78136 -38.4365
vn 0.980745 0 -0.195292
v -0.978603 -68.6045 -38.3937
vn 0.195338 0 -0.980736
v -0.976343 -47.2003 -38.3932
vn 0.195338 0 -0.980736
v -0.972576 4.78136 -38.3925
vn 0.195338 0 -0.980736
v -0.976343 -16.6228 -38.3932
vn 0.195338 0 -0.980736
v -1.12714 4.78136 -38.762
vn 0.193187 0 -0.981162
v -1.11961 -16.6228 -38.7605
vn 0.193187 0 -0.981162
v -1.11961 -47.2003 -38.7605
vn 0.193187 0 -0.981162
v -1.11509 -68.6045 -38.7597
vn 0.193187 0 -0.981162
v -1.0271 4.78136 -38.662
vn 0.980789 0 -0.195072
v -1.02859 -16.6228 -38.6695
vn 0.980789 0 -0.195072
v -1.0271 -31.9115 -38.662
vn 0.980789 0 -0.195072
v -1.02949 -68.6045 -38.674
vn 0.980789 0 -0.195072
v -1.64503 -13.5651 -38.6921
vn -0.980789 0 -0.195072
v -1.65402 -7.44961 -38.6469
vn -0.980789 0 -0.195072
v -1.64953 -47.2003 -38.6695
vn -0.980789 0 -0.195072
v -1.65102 -68.6045 -38.662
vn -0.980789 0 -0.195072
v -1.56303 4.78136 -38.7597
vn -0.193187 0 -0.981162
v -1.55851 -16.6228 -38.7605
vn -0.193187 0 -0.981162
v -1.55098 -31.9115 -38.762
vn -0.193187 0 -0.981162
v -1.56303 -68.6045 -38.7597
vn -0.193187 0 -0.981162
v -1.59346 4.78136 -38.6544
vn 0.980828 0 0.194874
v -1.59272 -16.6228 -38.6582
vn 0.980828 0 0.194874
v -1.59272 -47.2003 -38.6582
vn 0.980828 0 0.194874
v -1.59346 -68.6045 -38.6544
vn 0.980828 0 0.194874
v -1.54344 4.78136 -38.7045
vn 0.195337 0 0.980736
v -1.54721 -16.6228 -38.7038
vn 0.195337 0 0.980736
v -1.54344 -31.9115 -38.7045
vn 0.195337 0 0.980736
v -1.54721 -53.3158 -38.7038
vn 0.195337 0 0.980736
v -1.08765 -50.258 -38.6695
vn -0.980744 0 0.195297
v -1.08315 -56.3735 -38.6469
vn -0.980744 0 0.195297
v -1.0854 -16.6228 -38.6582
vn -0.980744 0 0.195297
v -1.08585 4.78136 -38.6605
vn -0.980744 0 0.195297
v -1.11961 -50.258 -38.7015
vn -0.195337 0 0.980736
v -1.14221 -56.3735 -38.706
vn -0.195337 0 0.980736
v -1.14221 -19.6806 -38.706
vn -0.195337 0 0.980736
v -1.11961 -13.5651 -38.7015
vn -0.195337 0 0.980736
v -1.69801 -68.6045 -38.335
vn 0.1953 0 0.980744
v -1.69047 -47.2003 -38.3365
vn 0.1953 0 0.980744
v -1.68596 -31.9115 -38.3374
vn 0.1953 0 0.980744
v -1.69166 4.78136 -38.3363
vn 0.1953 0 0.980744
v -1.60036 -68.6045 -38.423
vn 0.980747 0 0.195281
v -1.59946 -47.2003 -38.4275
vn 0.980747 0 0.195281
v -1.60396 -13.5651 -38.4049
vn 0.980747 0 0.195281
v -1.59496 -7.44961 -38.4501
vn 0.980747 0 0.195281
v -1.69952 -68.6045 -38.3937
vn -0.195421 0 -0.980719
v -1.70177 -47.2003 -38.3932
vn -0.195421 0 -0.980719
v -1.70177 -16.6228 -38.3932
vn -0.195421 0 -0.980719
v -1.69952 4.78136 -38.3937
vn -0.195421 0 -0.980719
v -1.65852 -50.258 -38.4275
vn -0.980745 0 -0.195292
v -1.65402 -44.1425 -38.4501
vn -0.980745 0 -0.195292
v -1.65402 -19.6806 -38.4501
vn -0.980745 0 -0.195292
v -1.65852 -13.5651 -38.4275
vn -0.980745 0 -0.195292
v -1.7426 4.7853 -38.391
vn 1 0 0
v -1.7426 4.7853 -38.332
vn 1 0 0
v 0.511334 -75.4818 -38.3615
vn 0 -1 0
v -3.16641 -75.4818 -38.3615
vn 0 -1 0
v -6.45913 -74.5216 -44.1177
vn -0.0102359 -0.303584 0.95275
v -6.45914 -74.4312 -44.0997
vn -2.43585e-05 -0.223001 0.974818
v -6.45914 -74.6675 -44.3359
vn -2.27637e-05 -0.974691 0.223556
v -6.45913 -74.6495 -44.2455
vn -0.00954669 -0.952815 0.303401
v -6.51283 -74.6675 -38.7158
vn 0 -1 0
v -6.51605 -74.6675 -44.6884
vn 0 -1 0
v -6.45914 -74.6675 -44.3359
vn 0 -1 0
v -6.48867 10.8444 -44.6292
vn -1 0 0
v -6.48867 10.8182 -44.1893
vn -1 0 0
v -6.48867 -74.6413 -44.1893
vn -1 0 0
v -6.48867 -74.6675 -44.6292
vn -1 0 0
v -6.52213 -74.5216 -38.4976
vn 0.00968112 -0.303694 0.95272
v -6.52213 -74.4312 -38.4796
vn 0 -0.223511 0.974701
v -6.54428 -74.5983 -38.5488
vn 0.0805853 -0.802487 0.591203
v -6.52213 -74.6486 -38.6258
vn -0.0171543 -0.937321 0.348044
v -6.52213 -74.6675 -38.7158
vn 0 -0.9822 0.18784
v -6.49998 -74.5983 -38.5488
vn -0.0805853 -0.802487 0.591203
v -6.4926 -74.6674 -38.5944
vn 1 0 0
v -6.4926 -72.0297 -38.4501
vn 1 0 0
v -6.4926 -74.6675 -44.6292
vn 1 0 0
v -6.4926 8.20656 -38.4549
vn 1 0 0
v -6.4926 10.8443 -38.5944
vn 1 0 0
v -6.4926 10.8444 -44.6292
vn 1 0 0
v -6.45913 10.6985 -44.1177
vn 0.0102753 0.303588 0.952748
v -6.45914 10.6081 -44.0997
vn -2.43509e-05 0.223006 0.974817
v -6.43699 10.7752 -44.1689
vn -0.0805161 0.802539 0.591141
v -6.45544 10.8259 -44.2457
vn -0.0591453 0.945941 0.3189
v -6.45914 10.8444 -44.3359
vn 0.0211512 0.978405 0.205612
v -6.45914 10.8444 -44.3359
vn 0 1 0
v -6.51605 10.8444 -44.6884
vn 0 1 0
v -6.51283 10.8444 -38.7158
vn 0 1 0
v -6.52213 10.6985 -38.4976
vn -0.0096778 0.303696 0.95272
v -6.52213 10.6081 -38.4796
vn 0 0.223516 0.9747
v -6.52213 10.8444 -38.7158
vn 0 0.974698 0.223527
v -6.52213 10.8264 -38.6254
vn -0.00955691 0.952818 0.303393
v -6.48916 10.8444 -44.6306
vn -0.667803 -6.1893e-08 0.744338
v -6.49003 -74.6675 -44.631
vn -0.305865 1.42622e-07 0.952075
v -6.49253 10.8444 -44.6296
vn 0.980348 -6.716e-08 0.197274
v -6.49251 -74.6675 -44.6297
vn 0.979345 1.34318e-07 0.202198
v -6.42961 -46.1635 -44.6292
vn 1 0 0
v -6.42961 -74.6754 -44.2776
vn 1 0 0
v -6.42961 -74.6675 -44.6292
vn 1 0 0
v -6.42961 10.8523 -44.2776
vn 1 0 0
v -6.42961 -17.6596 -44.6292
vn 1 0 0
v -6.42961 10.8444 -44.6292
vn 1 0 0
v -3.31589 -75.427 -38.3799
vn -0.616996 -0.786876 0.0119324
v -3.21948 -75.4751 -38.3615
vn -0.229215 -0.973375 0.0012869
v -3.33344 -75.4126 -38.332
vn -0.633098 -0.771315 -0.0652672
v -3.29143 -75.4458 -38.3393
vn -0.58165 -0.813439 0.000639431
v -3.16641 -75.4818 -38.3615
vn -0.10127 -0.994825 0.00817923
v -3.25681 -75.4638 -38.3393
vn -0.310874 -0.950211 -0.021346
v -4.6041 -74.1345 -38.3578
vn -0.805022 -0.593243 -0.00123094
v -4.57302 -74.173 -38.3615
vn -0.780717 -0.624877 -0.00307414
v -4.64221 -74.006 -38.3468
vn -0.994581 -0.103031 -0.013879
v -4.63783 -74.0512 -38.3541
vn -0.988792 -0.148597 0.0144663
v -4.62423 -74.0964 -38.3836
vn -0.95014 -0.311051 0.0219208
v -4.63876 -74.0401 -38.3836
vn -0.984463 -0.166643 0.0553345
v -4.62423 8.7694 -38.3615
vn -0.952838 0.303321 -0.0098246
v -4.64221 8.679 -38.3615
vn -0.974776 0.223187 0
v -4.57302 8.84604 -38.3393
vn -0.591235 0.80237 -0.0815075
v -4.496 8.89631 -38.3615
vn -0.347689 0.937448 -0.0174527
v -4.40599 8.91522 -38.3615
vn -0.187532 0.982259 0
v -4.57302 8.84604 -38.3836
vn -0.591235 0.80237 0.0815075
v -4.66019 7.25002 -38.3615
vn -0.952838 0.303319 -0.009824
v -4.64221 7.34042 -38.3615
vn -0.974776 0.223187 0
v -4.87843 7.1042 -38.3615
vn -0.223187 0.974776 0
v -4.78803 7.12218 -38.3615
vn -0.303321 0.952838 -0.0098246
v -4.78803 -70.9453 -38.3615
vn -0.303302 -0.95284 -0.0101806
v -4.87843 -70.9273 -38.3615
vn -0.223025 -0.974813 0
v -4.64221 -71.1635 -38.3615
vn -0.97477 -0.223211 0
v -4.66019 -71.0731 -38.3615
vn -0.952866 -0.303234 -0.00976372
v -4.87843 -70.9273 -38.3615
vn 0 -1 0
v -5.86662 -70.9273 -38.3615
vn 0 -1 0
v -6.46461 -74.6675 -44.6847
vn 0.333381 2.7556e-07 -0.942792
v -6.44466 10.8444 -44.6732
vn 0.542932 -2.42095e-06 -0.839776
v -6.54932 10.8444 -44.6406
vn -0.977421 2.48877e-06 -0.211302
v -6.54815 -74.6675 -44.6446
vn -0.976064 -4.97745e-06 -0.217482
v -5.91182 7.11319 -38.3541
vn 0.294878 0.955092 -0.0290916
v -5.86662 7.1042 -38.3468
vn 0.206966 0.977886 0.0300805
v -5.88191 7.10621 -38.391
vn 0.193783 0.971619 -0.135665
v -5.91875 7.11661 -38.3836
vn 0.321465 0.946921 -0.000223794
v -5.98473 7.22231 -38.3615
vn 0.975228 0.221111 0.00640028
v -5.97403 7.17365 -38.3652
vn 0.954768 0.297341 -0.00262325
v -5.86662 7.1042 -38.3615
vn 0 1 0
v -4.87843 7.1042 -38.3615
vn 0 1 0
v -6.18158 8.20656 -38.3615
vn 0 1 0
v -6.49301 8.20656 -38.3611
vn 0 1 0
v -6.51941 8.20656 -38.442
vn 0 1 0
v -6.10657 8.1908 -38.3431
vn 0.317139 0.946264 -0.063296
v -6.18158 8.20656 -38.3468
vn 0.18687 0.981462 -0.0425665
v -6.04238 8.1489 -38.3393
vn 0.591845 0.803166 -0.068141
v -6.15611 8.20321 -38.391
vn 0.191837 0.956458 0.219971
v -6.0947 8.18588 -38.3836
vn 0.32136 0.946957 -0.000220527
v -5.98473 8.00971 -38.3615
vn 0.975218 0.220986 -0.0106884
v -5.99971 8.08504 -38.3615
vn 0.954834 0.297109 0.00439844
v -6.51941 -72.0297 -38.442
vn 0 -1 0
v -6.49301 -72.0297 -38.3611
vn 0 -1 0
v -6.18158 -72.0297 -38.3615
vn 0 -1 0
v -5.97574 -71.0002 -38.3541
vn 0.954937 -0.295331 -0.0295909
v -5.98473 -71.0454 -38.3468
vn 0.977875 -0.207039 0.0299188
v -5.98271 -71.0301 -38.391
vn 0.971644 -0.194044 -0.13511
v -5.97232 -70.9933 -38.3836
vn 0.946716 -0.322069 0.000496106
v -5.86662 -70.9273 -38.3615
vn 0.220919 -0.97527 0.00652775
v -5.91528 -70.938 -38.3652
vn 0.297503 -0.954717 -0.00275231
v -5.99971 -71.9081 -38.3541
vn 0.954388 -0.294696 0.0479411
v -5.98473 -71.8328 -38.3468
vn 0.977095 -0.206818 -0.0501229
v -5.98808 -71.8583 -38.391
vn 0.956235 -0.191785 0.220983
v -6.0054 -71.9196 -38.3836
vn 0.946846 -0.321687 0.000938929
v -6.18158 -72.0297 -38.3615
vn 0.221371 -0.975134 0.0104515
v -6.10625 -72.0147 -38.3615
vn 0.296697 -0.954962 0.00420741
v -6.55166 -74.6674 -38.5944
vn -1 0 0
v -6.55166 -72.0297 -38.4501
vn -1 0 0
v -6.55166 -74.6675 -44.6292
vn -1 0 0
v -6.55166 8.20656 -38.4549
vn -1 0 0
v -6.55166 10.8443 -38.5944
vn -1 0 0
v -6.55166 10.8444 -44.6292
vn -1 0 0
v -6.44862 8.20656 -38.335
vn -0.195257 0 0.980752
v -6.45615 -15.1956 -38.3365
vn -0.195257 0 0.980752
v -6.45615 -48.6275 -38.3365
vn -0.195257 0 0.980752
v -6.46067 -72.0297 -38.3374
vn -0.195257 0 0.980752
v -6.54267 -11.8525 -38.4049
vn -0.98079 0 0.195067
v -6.55166 -5.16614 -38.4501
vn -0.98079 0 0.195067
v -6.54717 -48.6275 -38.4275
vn -0.98079 0 0.195067
v -6.54627 -72.0297 -38.423
vn -0.98079 0 0.195067
v -6.44711 8.20656 -38.3937
vn 0.195336 0 -0.980736
v -6.44485 -15.1956 -38.3932
vn 0.195336 0 -0.980736
v -6.45615 -51.9706 -38.3955
vn 0.195336 0 -0.980736
v -6.43355 -58.657 -38.391
vn 0.195336 0 -0.980736
v -6.48811 -11.8525 -38.4275
vn 0.980828 0 -0.194874
v -6.4926 -18.5388 -38.4501
vn 0.980828 0 -0.194874
v -6.4911 -72.0297 -38.4426
vn 0.980828 0 -0.194874
v -6.49036 -48.6275 -38.4388
vn 0.980828 0 -0.194874
v -0.992161 4.78136 -38.3374
vn -0.195271 0 0.980749
v -0.987641 -16.6228 -38.3365
vn -0.195271 0 0.980749
v -1.01024 -50.258 -38.341
vn -0.195271 0 0.980749
v -0.965043 -56.3735 -38.332
vn -0.195271 0 0.980749
v -1.07776 4.78136 -38.423
vn -0.980789 0 0.195072
v -1.07866 -16.6228 -38.4275
vn -0.980789 0 0.195072
v -1.07866 -47.2003 -38.4275
vn -0.980789 0 0.195072
v -1.08015 -68.6045 -38.435
vn -0.980789 0 0.195072
v -0.935516 -68.6084 -38.391
vn -1 0 0
v -0.935516 -68.6084 -38.332
vn -1 0 0
v -1.08315 5.00831 -38.3418
vn -1 0 0
v -1.08315 5.00831 -38.3812
vn -1 0 0
v 0.729574 8.7694 -38.3615
vn 0.95284 0.303313 0.00983551
v 0.747555 8.679 -38.3615
vn 0.974777 0.223182 0
v 0.511334 8.91522 -38.3615
vn 0.205284 0.978453 0.0220955
v 0.601539 8.89677 -38.3578
vn 0.330593 0.939825 -0.0862384
v 0.678368 8.84604 -38.3393
vn 0.59121 0.802387 -0.0815202
v 0.729574 -75.336 -38.3615
vn 0.952869 -0.303224 -0.00978676
v 0.747555 -75.2456 -38.3615
vn 0.974774 -0.223196 0
v 0.678368 -75.4126 -38.3393
vn 0.590987 -0.802609 -0.0809548
v 0.601346 -75.4629 -38.3615
vn 0.34785 -0.937392 0.0172435
v 0.511334 -75.4818 -38.3615
vn 0.187776 -0.982212 0
v 0.678368 -75.4126 -38.3836
vn 0.590987 -0.802609 0.0809548
v -1.67949 -68.5257 47.931
vn 0.970038 -0.00762186 0.242834
v -1.67949 -68.6045 47.931
vn 0.965996 0.0140913 0.258174
v -1.72187 -68.6045 48.0166
vn 0.707784 -0.0125474 0.706317
v -1.71673 -68.5454 48.0118
vn 0.693496 0.00164748 0.720458
v -1.75282 -68.5454 48.0424
vn 0.621246 -0.00473536 0.783602
v -1.81982 -68.5257 48.0658
vn 0.23941 0.00132593 0.970918
v -1.81282 -68.6045 48.0653
vn 0.21758 -0.000903996 0.976042
v -1.8264 -68.5454 46.1127
vn 0.283437 -0.00626992 -0.95897
v -1.72824 -68.575 46.1625
vn 0.614215 0.00311406 -0.789133
v -1.72187 -68.6045 46.1642
vn 0.705941 -0.0134728 -0.708143
v -1.66386 -68.5257 46.303
vn 0.988414 -0.00133556 -0.151777
v -1.67276 -68.5848 46.2621
vn 0.970289 0.0022002 -0.24194
v -2.84174 -68.5651 46.2859
vn -0.987945 0.00475255 -0.154731
v -2.81372 -68.5257 46.1966
vn -0.904007 -0.0107059 -0.427385
v -2.78695 -68.6045 46.1642
vn -0.705939 -0.0136522 -0.708141
v -2.7921 -68.5454 46.1689
vn -0.691693 0.00249301 -0.722187
v -2.75601 -68.5454 46.1384
vn -0.621702 -0.00500492 -0.783238
v -2.689 -68.5257 46.1151
vn -0.239361 0.00133729 -0.97093
v -2.696 -68.6045 46.1156
vn -0.217542 -0.00092082 -0.976051
v -2.67472 -68.5651 48.0669
vn -0.233125 0.000814784 0.972446
v -2.78464 -68.5454 48.018
vn -0.615423 -0.000232251 0.788197
v -2.78695 -68.6045 48.0166
vn -0.707783 -0.0127272 0.706316
v -2.84496 -68.5257 47.8778
vn -0.989612 -0.00207648 0.143751
v -2.83482 -68.6045 47.9291
vn -0.956566 0.000364796 0.291516
v -2.74319 -68.6045 46.3055
vn 0 -1 0
v -1.76633 -68.6045 46.3058
vn 0 -1 0
v -2.75417 -68.6045 47.8724
vn 0 -1 0
v -1.75364 -68.6045 47.8727
vn 0 -1 0
v -2.74187 -68.5257 46.306
vn 0 1 0
v -1.76588 -68.5257 46.3057
vn 0 1 0
v -2.74294 -68.5257 47.8752
vn 0 1 0
v -1.76597 -68.5257 47.8753
vn 0 1 0
v 77.6504 94.1922 51.7487
vn 0.88361 0.457133 -0.101311
v 77.6296 94.2659 51.7389
vn 0.961382 0.193123 -0.196081
v 77.6947 94.1294 51.7487
vn 0.8037 0.591942 -0.0605866
v 77.6255 94.2964 51.798
vn 0.977331 0.207115 0.0439101
v 77.6435 94.206 51.7881
vn 0.954568 0.294636 -0.0446016
v 77.8617 94.0602 51.7782
vn 0.221373 0.975143 -0.00948971
v 77.7713 94.0782 51.7782
vn 0.297343 0.954763 0.00387748
v 77.6255 96.4914 52.0342
vn 1 0 0
v 77.6255 96.4884 51.7807
vn 1 0 0
v 77.6255 94.2964 51.7782
vn 1 0 0
v -4.01638 94.0782 51.7684
vn -0.294715 0.954555 0.0443676
v -4.10678 94.0602 51.7586
vn -0.207111 0.977326 -0.0440294
v -3.88947 94.2064 51.7782
vn -0.944479 0.328473 -0.00810485
v -3.93974 94.1294 51.7487
vn -0.803441 0.59225 -0.0610195
v -4.07621 94.0643 51.8176
vn -0.193065 0.96131 0.196491
v -4.00252 94.0851 51.8078
vn -0.321678 0.946847 -0.00181504
v -3.87056 94.2964 51.7782
vn -0.982946 0.182893 0.0191695
v -3.93974 94.1294 51.8078
vn -0.803441 0.59225 0.0610195
v -5.50519 93.914 51.8029
vn -0.946595 0.317423 -0.0565717
v -5.5241 93.824 51.798
vn -0.981634 0.186894 -0.0382776
v -5.45491 93.991 51.8078
vn -0.80344 0.592251 -0.0610156
v -5.52007 93.8545 51.7389
vn -0.961083 0.192524 0.198124
v -5.49928 93.9282 51.7487
vn -0.946949 0.321383 -0.000641411
v -5.28788 94.0602 51.7782
vn -0.220865 0.975256 0.00972922
v -5.37828 94.0422 51.7782
vn -0.297311 0.954772 -0.00412647
v -5.53609 93.609 51.8176
vn 0 0 1
v 43.061 93.5878 51.8176
vn 0 0 1
v -3.89691 94.1548 51.8176
vn 0 0 1
v -3.16576 94.6232 51.8176
vn 0 0 1
v -3.87056 96.3732 51.8176
vn 0 0 1
v -2.5319 95.5883 51.8176
vn 0 0 1
v 3.43717 95.5862 51.8176
vn 0 0 1
v 77.6519 94.1547 51.8176
vn 0 0 1
v 76.9207 94.6232 51.8176
vn 0 0 1
v 79.2911 93.609 51.8176
vn 0 0 1
v 76.2869 95.5885 51.8176
vn 0 0 1
v 70.3122 95.5859 51.8176
vn 0 0 1
v 77.6255 96.3732 51.8176
vn 0 0 1
v 2.7275 95.7781 51.8176
vn 0 0 1
v 3.45228 95.5862 51.8176
vn 0 0 1
v 3.41291 96.3732 51.8176
vn 0 0 1
v 71.0302 95.7787 51.8176
vn 0 0 1
v 70.342 96.3732 51.8176
vn 0 0 1
v -3.72473 96.5012 52.2524
vn -0.294677 0.0443811 0.954566
v -3.63433 96.511 52.2704
vn -0.207147 -0.0439606 0.977322
v -3.85165 96.4913 52.1242
vn -0.94447 -0.00800498 0.3285
v -3.80137 96.5209 52.2012
vn -0.803441 -0.0610195 0.59225
v -3.6649 96.452 52.2663
vn -0.193106 0.197164 0.961164
v -3.73858 96.4618 52.2456
vn -0.321623 -0.00191769 0.946866
v -3.87056 96.4914 52.0342
vn -0.982928 -0.0190647 0.183001
v -3.80137 96.4618 52.2012
vn -0.803425 0.0613249 0.592239
v -3.91254 96.5307 52.0115
vn 0 1 0
v 3.46521 96.5307 51.989
vn 0 1 0
v 79.2542 93.9282 51.7487
vn 0.88361 0.457133 0.101311
v 79.2751 93.8545 51.7389
vn 0.961382 0.193123 0.196081
v 79.2099 93.991 51.7487
vn 0.8037 0.591942 0.0605866
v 79.2791 93.824 51.798
vn 0.977331 0.207115 -0.0439101
v 79.2611 93.9144 51.7881
vn 0.954568 0.294636 0.0446016
v 79.0428 94.0602 51.7782
vn 0.220857 0.975257 -0.00981443
v 79.1332 94.0422 51.7782
vn 0.297553 0.954696 -0.00415718
v 79.2791 93.5878 51.7782
vn 1 0 0
v 79.2791 93.824 51.7782
vn 1 0 0
v 77.4935 96.4618 52.2456
vn 0.321541 -0.00238452 0.946893
v 77.4198 96.452 52.2663
vn 0.193164 0.196752 0.961237
v 77.6066 96.4913 52.1242
vn 0.944466 -0.00820414 0.328506
v 77.5563 96.4618 52.2012
vn 0.803042 0.0622009 0.592667
v 77.3893 96.511 52.2704
vn 0.207158 -0.0438045 0.977326
v 77.4797 96.5012 52.2524
vn 0.294586 0.0446337 0.954582
v 77.6255 96.4914 52.0342
vn 0.982902 0.0195443 0.183087
v 77.5563 96.5209 52.2012
vn 0.803058 -0.0618914 0.592678
v 70.2779 96.5307 51.9628
vn 0 1 0
v 77.6174 96.5307 52.1237
vn 0 1 0
v 25.2946 94.1997 54.1798
vn 0.297246 0.954792 0.0040556
v 25.2042 94.2177 54.1798
vn 0.220722 0.975286 0.00998202
v 25.4405 93.9815 54.1798
vn 0.975135 0.2214 0.00968385
v 25.4225 94.0719 54.1798
vn 0.954779 0.297291 -0.00397196
v 0.767024 94.1799 54.1405
vn 0 0 -1
v 25.3305 94.1799 54.1405
vn 0 0 -1
v 0.657004 93.9815 54.1405
vn 0 0 -1
v 0.657004 93.5878 54.1405
vn 0 0 -1
v 25.4405 93.9815 54.1405
vn 0 0 -1
v 25.4405 93.5878 54.1405
vn 0 0 -1
v 48.4605 94.1992 54.1749
vn -0.308407 0.950132 0.0461958
v 48.5507 94.2177 54.1798
vn -0.200948 0.979598 0.00286442
v 48.3837 94.1485 54.1503
vn -0.592614 0.803088 0.0621073
v 48.3145 93.9815 54.1798
vn -0.975253 0.220869 0.00993501
v 48.3325 94.0719 54.1798
vn -0.954791 0.297248 -0.00420598
v 48.3477 94.1079 54.2192
vn 0 0 1
v 73.0647 94.108 54.2192
vn 0 0 1
v 48.3176 93.7845 54.2192
vn 0 0 1
v 60.7062 93.5878 54.2192
vn 0 0 1
v 73.0979 93.9815 54.2192
vn 0 0 1
v 64.8368 93.5878 54.2192
vn 0 0 1
v 73.0979 93.5878 54.2192
vn 0 0 1
v 48.2571 93.875 52.4259
vn 0.95463 0.29493 -0.0412023
v 48.2751 93.7846 52.416
vn 0.977286 0.20681 0.0462766
v 48.1289 94.0019 52.4358
vn 0.328702 0.944399 0.00806849
v 48.2059 93.9517 52.4062
vn 0.591942 0.8037 0.0605866
v 48.2711 93.8152 52.4751
vn 0.960155 0.191676 -0.203376
v 48.2503 93.8889 52.4653
vn 0.94689 0.321529 -0.00421311
v 48.0389 94.0209 52.4358
vn 0.183262 0.98288 0.0190448
v 48.2059 93.9517 52.4653
vn 0.591942 0.803701 -0.060575
v 48.2751 93.5878 52.3964
vn 0 0 -1
v 25.475 93.8392 52.3964
vn 0 0 -1
v 48.2363 93.947 52.3964
vn 0 0 -1
v 25.626 94.0019 52.4111
vn -0.317427 0.946594 0.0565742
v 25.7161 94.0209 52.416
vn -0.187114 0.981598 0.0381379
v 25.549 93.9517 52.4062
vn -0.59175 0.8038 0.0611372
v 25.6855 94.0168 52.4751
vn -0.192881 0.96119 -0.197258
v 25.6118 93.996 52.4653
vn -0.32151 0.946906 0.000548656
v 25.4798 93.7846 52.4358
vn -0.975144 0.221369 -0.00951924
v 25.4978 93.875 52.4357
vn -0.954679 0.297611 -0.0039008
v 25.4798 93.7846 52.4358
vn -1 0 0
v 25.4798 93.5878 52.4358
vn -1 0 0
v 0.802827 94.1997 54.1798
vn -0.297344 0.954761 -0.00422575
v 0.893224 94.2177 54.1798
vn -0.22083 0.975265 -0.00959415
v 0.675919 94.0715 54.1798
vn -0.944473 0.328491 -0.0080109
v 0.726192 94.1485 54.1503
vn -0.803423 0.592239 0.0613613
v 0.657004 93.9815 54.1798
vn -0.982926 0.183009 -0.0190684
v 0.726192 94.1485 54.2094
vn -0.803438 0.59225 -0.0610558
v -5.50565 93.4648 52.2228
vn -0.946814 0.0583264 0.31645
v -5.5241 93.4697 52.1326
vn -0.978845 -0.0256016 0.202996
v -5.45491 93.4401 52.2996
vn -0.80344 0.0610156 0.592251
v -5.28788 93.4697 52.3688
vn -0.220851 0.00958563 0.97526
v -5.37828 93.4697 52.3508
vn -0.297304 0.00421934 0.954773
v -5.28788 93.4696 52.3688
vn 0 0 1
v -0.130398 93.4696 52.3688
vn 0 0 1
v 2.92634 93.4303 53.6218
vn 0 -1 0
v 0.94766 93.4303 54.0362
vn 0 -1 0
v 1.22996 93.4303 53.5695
vn 0 -1 0
v 25.4405 93.4303 54.0617
vn 0 -1 0
v 0.533091 93.4303 52.6437
vn 0 -1 0
v 48.3145 93.4303 54.0617
vn 0 -1 0
v 70.8289 93.4303 53.6201
vn 0 -1 0
v 73.0979 93.4303 54.0617
vn 0 -1 0
v 72.4007 93.4303 53.6269
vn 0 -1 0
v 73.222 93.4303 52.6436
vn 0 -1 0
v 25.4408 93.4303 52.3175
vn 0 -1 0
v -5.55337 93.4303 51.9185
vn 0 -1 0
v 79.31 93.4303 51.9027
vn 0 -1 0
v 48.3142 93.4303 52.311
vn 0 -1 0
v 3.28095 96.4618 52.2456
vn 0.321623 -0.00191769 0.946866
v 3.20726 96.452 52.2663
vn 0.193106 0.197164 0.961164
v 3.39399 96.4913 52.1242
vn 0.944474 0.00828398 0.328481
v 3.34372 96.4618 52.2012
vn 0.803425 0.0613249 0.592239
v 3.17669 96.511 52.2704
vn 0.207147 -0.0439606 0.977322
v 3.26709 96.5012 52.2524
vn 0.294677 0.0443811 0.954566
v 3.41291 96.4914 52.0342
vn 0.982927 -0.0190654 0.183003
v 3.34372 96.5209 52.2012
vn 0.803441 -0.0610195 0.59225
v 3.4771 95.1513 52.3769
vn -0.883555 -0.284408 0.372078
v 3.45631 95.2015 52.3219
vn -0.961024 -0.0198481 0.275751
v 3.52147 95.1033 52.4172
vn -0.8036 -0.415326 0.426299
v 3.45228 95.2628 52.3475
vn -0.977358 -0.187053 0.0989096
v 3.47026 95.1873 52.3981
vn -0.954642 -0.197297 0.223008
v 3.6885 95.0693 52.4844
vn -0.220929 -0.753716 0.618953
v 3.5981 95.083 52.4727
vn -0.29732 -0.729012 0.616557
v 3.47877 95.0502 52.449
vn 4.46393e-06 -0.643057 -0.765819
v 5.48382 95.16 52.3568
vn 5.48716e-06 -0.642713 -0.766107
v 26.4293 95.1005 52.4067
vn 1.7247e-07 -0.642621 -0.766184
v 47.3396 95.0785 52.4252
vn -2.78205e-07 -0.643032 -0.76584
v 70.2759 95.0501 52.449
vn -1.30903e-06 -0.64308 -0.765799
v 47.2626 95.16 52.3568
vn -1.79393e-07 -0.64262 -0.766185
v 68.2717 95.1602 52.3566
vn -4.22833e-06 -0.642756 -0.766071
v 47.4814 95.2034 52.3204
vn 1.36608e-07 -0.642925 -0.765929
v 26.3006 95.2271 52.3005
vn 4.29479e-08 -0.64301 -0.765858
v 3.45228 95.6368 51.9567
vn 1.79871e-06 -0.6428 -0.766034
v 70.3027 95.6368 51.9567
vn -9.56677e-07 -0.64281 -0.766026
v 70.1707 95.0693 52.4457
vn 0.321658 -0.725238 0.608742
v 70.097 95.0471 52.4516
vn 0.192419 -0.607919 0.77033
v 70.2842 95.1779 52.3867
vn 0.946792 -0.20513 0.248004
v 70.2335 95.1033 52.4172
vn 0.803813 -0.415347 0.425876
v 70.0665 95.0819 52.4994
vn 0.206693 -0.777772 0.593589
v 70.1569 95.0894 52.4803
vn 0.294479 -0.703114 0.647234
v 70.3027 95.2502 52.3324
vn 0.978798 -0.171762 0.111589
v 70.3027 95.6368 51.9567
vn 1 0 0
v 70.3027 95.2375 52.3174
vn 1 0 0
v 70.4879 96.5012 52.2524
vn -0.294892 0.0440562 0.954514
v 70.5783 96.511 52.2704
vn -0.207135 -0.0442113 0.977313
v 70.361 96.4913 52.1242
vn -0.944422 -0.00790883 0.328641
v 70.4112 96.5209 52.2012
vn -0.8037 -0.0605866 0.591942
v 70.5477 96.452 52.2663
vn -0.193026 0.197837 0.961042
v 70.474 96.4618 52.2456
vn -0.321841 -0.00125362 0.946793
v 70.342 96.4914 52.0342
vn -0.982873 0.0190904 0.183293
v 70.4112 96.4618 52.2012
vn -0.803685 0.0608898 0.591931
v 70.342 95.5481 51.7608
vn -1 0 0
v 70.342 96.4889 51.802
vn -1 0 0
v 70.342 96.4914 52.0342
vn -1 0 0
v 79.2606 93.4746 52.2228
vn 0.950086 -0.0463722 0.308524
v 79.2791 93.4697 52.1326
vn 0.979505 -0.00367329 0.201388
v 79.2099 93.4992 52.2996
vn 0.803685 -0.0608898 0.591931
v 79.0428 93.4697 52.3688
vn 0.220847 0.00961258 0.975261
v 79.1332 93.4697 52.3508
vn 0.297546 0.00424923 0.954698
v 73.8854 93.4696 52.3688
vn 0 0 1
v 79.0428 93.4696 52.3688
vn 0 0 1
v 72.9521 94.1997 54.1798
vn 0.297558 0.954694 -0.00425014
v 72.8617 94.2177 54.1798
vn 0.220825 0.975266 -0.00961694
v 73.0791 94.0715 54.1798
vn 0.944628 0.328046 -0.00793736
v 73.0288 94.1485 54.2094
vn 0.8037 0.591942 -0.0605866
v 73.0979 93.9815 54.1798
vn 0.983078 0.182176 0.0192139
v 73.0288 94.1485 54.1503
vn 0.803685 0.591931 0.0608898
v 48.3116 94.0422 54.1405
vn 0 0 -1
v 73.101 94.0422 54.1405
vn 0 0 -1
v 60.7062 93.5878 54.1405
vn 0 0 -1
v 48.3145 93.5878 54.1405
vn 0 0 -1
v 73.0979 93.5878 54.1405
vn 0 0 -1
v 64.8368 93.5878 54.1405
vn 0 0 -1
v 73.0979 93.5085 54.1804
vn 1 0 0
v 73.0979 93.9815 54.1798
vn 1 0 0
v -3.87056 96.4914 52.0342
vn -1 0 0
v -3.87056 96.4884 51.7807
vn -1 0 0
v -3.87056 94.2964 51.7782
vn -1 0 0
v -3.91254 96.452 52.0115
vn 0 -1 0
v 3.46521 96.452 51.989
vn 0 -1 0
v -3.87056 96.3913 51.8212
vn 0 -0.194901 0.980823
v -1.74621 96.3883 51.8206
vn 0 -0.194901 0.980823
v -0.228823 96.3913 51.8212
vn 0 -0.194901 0.980823
v 3.41291 96.3833 51.8196
vn 0 -0.194901 0.980823
v -3.87056 96.45 51.8863
vn 0 -0.980804 0.194996
v -1.74621 96.449 51.8813
vn 0 -0.980804 0.194996
v 3.41291 96.45 51.8863
vn 0 -0.980804 0.194996
v 1.28856 96.449 51.8813
vn 0 -0.980804 0.194996
v 72.1629 96.4335 51.7509
vn 0 0.195185 -0.980766
v 71.556 96.3732 51.7389
vn 0 0.195185 -0.980766
v 75.8046 96.4335 51.7509
vn 0 0.195185 -0.980766
v 76.4116 96.3732 51.7389
vn 0 0.195185 -0.980766
v 72.4664 96.5247 51.8663
vn 0 0.980764 -0.195197
v 70.342 96.5235 51.8602
vn 0 0.980764 -0.195197
v 77.6255 96.5267 51.8763
vn 0 0.980764 -0.195197
v 75.5012 96.5247 51.8663
vn 0 0.980764 -0.195197
v -5.53609 93.609 51.7389
vn 0 0 -1
v 23.627 93.5878 51.7389
vn 0 0 -1
v -3.89691 94.1548 51.7389
vn 0 0 -1
v -3.87056 96.3732 51.7389
vn 0 0 -1
v -3.16576 94.6232 51.7389
vn 0 0 -1
v 3.43717 95.5862 51.7389
vn 0 0 -1
v -2.5319 95.5883 51.7389
vn 0 0 -1
v 77.6519 94.1547 51.7389
vn 0 0 -1
v 76.9207 94.6232 51.7389
vn 0 0 -1
v 79.2911 93.609 51.7389
vn 0 0 -1
v 76.2869 95.5885 51.7389
vn 0 0 -1
v 70.3122 95.5859 51.7389
vn 0 0 -1
v 77.6255 96.3732 51.7389
vn 0 0 -1
v 2.7275 95.7781 51.7389
vn 0 0 -1
v 3.45228 95.5862 51.7389
vn 0 0 -1
v 3.41291 96.3732 51.7389
vn 0 0 -1
v 71.0302 95.7787 51.7389
vn 0 0 -1
v 70.342 96.3732 51.7389
vn 0 0 -1
v 47.4798 95.1896 52.4091
vn -0.954184 0.272507 -0.123583
v 47.4513 95.1277 52.4353
vn -0.816918 0.471191 -0.332604
v 47.3762 95.13 52.4848
vn 0 0.748936 -0.662643
v 47.3762 95.1039 52.4553
vn 0 0.766556 -0.642178
v 47.3038 95.1384 52.452
vn 0.799226 0.464969 -0.380843
v 47.2761 95.1709 52.4248
vn 0.89632 0.338463 -0.286451
v 47.4803 95.1485 52.3664
vn -0.989904 0.108652 -0.0910165
v 47.4557 95.1072 52.4011
vn -0.756819 0.513384 -0.40455
v 47.3762 95.0794 52.4244
vn 0 0.783598 -0.621268
v 47.2805 95.1265 52.3849
vn 0.909532 0.333811 -0.247632
v 47.2761 95.225 52.3794
vn 0.896503 -0.340884 0.282986
v 47.3038 95.2575 52.3521
vn 0.799245 -0.456356 0.391083
v 47.3337 95.2726 52.3394
vn 0.227499 -0.739262 0.633826
v 47.3838 95.2789 52.334
vn 0.0398918 -0.768053 0.639142
v 47.4486 95.2575 52.3521
vn -0.799492 -0.455917 0.391092
v 47.4763 95.225 52.3794
vn -0.895266 -0.34322 0.284075
v 47.2805 95.1935 52.3288
vn 0.910298 -0.299937 0.2853
v 47.3762 95.2406 52.2892
vn 0 -0.747827 0.663894
v 47.4719 95.1935 52.3288
vn -0.909041 -0.301453 0.2877
v 73.584 93.4697 52.4287
vn 0.280531 -0.0122763 0.959766
v 73.8854 93.4697 52.3688
vn 0.187358 3.93352e-05 0.982292
v 73.1579 93.4697 52.8549
vn 0.959745 0.0127975 0.280581
v 73.0979 93.4697 53.1562
vn 0.982218 3.92804e-05 0.187742
v 0.597067 93.4697 52.8549
vn -0.959737 0.0128239 0.280608
v 0.657004 93.4697 53.1562
vn -0.982258 3.93687e-05 0.187534
v 0.170929 93.4697 52.4287
vn -0.280622 -0.012298 0.959739
v -0.130398 93.4697 52.3688
vn -0.187397 3.93671e-05 0.982284
v 0.657004 93.5085 54.1804
vn -1 0 0
v 0.657004 93.9815 54.1798
vn -1 0 0
v 0.767024 94.1799 54.2192
vn 0 0 1
v 25.3305 94.1799 54.2192
vn 0 0 1
v 0.657004 93.9815 54.2192
vn 0 0 1
v 0.657004 93.5878 54.2192
vn 0 0 1
v 25.4405 93.9815 54.2192
vn 0 0 1
v 25.4405 93.5878 54.2192
vn 0 0 1
v 0.657004 93.5516 54.212
vn 0 -0.195185 0.980766
v 8.22973 93.5677 54.2152
vn 0 -0.195185 0.980766
v 13.0487 93.5677 54.2152
vn 0 -0.195185 0.980766
v 25.4405 93.5516 54.212
vn 0 -0.195185 0.980766
v 0.657004 93.4343 54.0818
vn 0 -0.980766 0.195185
v 7.88552 93.4363 54.0919
vn 0 -0.980766 0.195185
v 19.2446 93.4423 54.122
vn 0 -0.980766 0.195185
v 21.3099 93.4303 54.0617
vn 0 -0.980766 0.195185
v -5.5241 93.4697 51.8964
vn -1 0 0
v -5.5241 93.4697 52.1326
vn -1 0 0
v 48.3145 93.5677 54.2152
vn 0 -0.195185 0.980766
v 55.5429 93.5576 54.2132
vn 0 -0.195185 0.980766
v 65.8694 93.5576 54.2132
vn 0 -0.195185 0.980766
v 73.0979 93.5677 54.2152
vn 0 -0.195185 0.980766
v 48.3145 93.4343 54.0818
vn 0 -0.980766 0.195185
v 55.5429 93.4363 54.0919
vn 0 -0.980766 0.195185
v 66.9021 93.4423 54.122
vn 0 -0.980766 0.195185
v 68.9674 93.4303 54.0617
vn 0 -0.980766 0.195185
v 48.3145 93.5777 54.1385
vn 0 0.194901 -0.980823
v 55.5429 93.5727 54.1375
vn 0 0.194901 -0.980823
v 60.7062 93.5697 54.1369
vn 0 0.194901 -0.980823
v 67.9347 93.5727 54.1375
vn 0 0.194901 -0.980823
v 54.5103 93.515 54.0919
vn 0 0.980851 -0.194758
v 56.5756 93.509 54.0617
vn 0 0.980851 -0.194758
v 60.7062 93.511 54.0718
vn 0 0.980851 -0.194758
v 67.9347 93.512 54.0768
vn 0 0.980851 -0.194758
v 3.45231 95.6197 51.7459
vn -2.78698e-05 0.217989 -0.975951
v 3.45228 95.7168 51.8083
vn 0.00013623 0.83184 -0.555015
v 25.7357 95.7146 51.8106
vn 0.00013623 0.83184 -0.555015
v 70.3027 95.6075 51.7445
vn 5.57335e-05 0.226559 -0.973997
v 48.0192 95.7275 51.838
vn -9.48361e-05 0.90584 -0.423619
v 70.3027 95.7298 51.8441
vn 5.88125e-05 0.933055 -0.359734
v 3.45229 95.7153 51.9802
vn -2.00082e-05 0.801646 0.597798
v 70.3027 95.6966 52.0041
vn 2.75198e-05 0.80273 0.596343
v 3.45228 95.6621 51.9868
vn -1 0 0
v 3.45228 95.2502 52.3324
vn -1 0 0
v 70.3027 95.6373 51.7805
vn 1 0 0
v 70.3027 95.7125 51.9673
vn 1 0 0
v 3.45228 95.6373 51.7805
vn -1 0 0
v 3.45228 95.7125 51.9673
vn -1 0 0
v 3.47877 95.1008 52.5093
vn -2.12791e-05 0.642921 0.765933
v 5.48381 95.2107 52.417
vn -2.83622e-06 0.643011 0.765857
v 26.4293 95.1511 52.467
vn 5.15822e-07 0.643033 0.765838
v 47.4814 95.1675 52.4533
vn 7.91872e-07 0.642808 0.766027
v 70.2759 95.1008 52.5093
vn 2.8211e-05 0.642852 0.76599
v 47.2626 95.2106 52.4171
vn -2.46767e-07 0.643181 0.765714
v 26.3006 95.2777 52.3608
vn -6.13764e-08 0.643056 0.76582
v 68.2717 95.2108 52.4169
vn 5.26603e-06 0.642984 0.76588
v 3.45228 95.6874 52.017
vn -1.79871e-06 0.6428 0.766034
v 70.3027 95.6874 52.017
vn 9.56677e-07 0.64281 0.766026
v 47.3399 95.2922 52.3487
vn -1.722e-07 0.642627 0.766179
v 3.45229 95.6062 51.8218
vn 1.74174e-05 -0.220593 0.975366
v 70.3027 95.5938 51.8196
vn -2.38407e-05 -0.223876 0.974618
v 3.45228 95.6515 51.8523
vn -6.78446e-05 -0.830595 0.556877
v 25.7357 95.6504 51.8534
vn -6.78446e-05 -0.830595 0.556877
v 48.0192 95.6569 51.8672
vn 4.74743e-05 -0.905764 0.423783
v 70.3027 95.658 51.8702
vn -3.0369e-05 -0.933161 0.359458
v 3.45228 95.6485 51.9413
vn 8.01379e-06 -0.800744 -0.599006
v 70.3027 95.6434 51.9475
vn -1.60271e-05 -0.80348 -0.595332
v 48.2751 93.4375 52.3538
vn 0 -0.980764 0.195197
v 41.3099 93.4343 52.3377
vn 0 -0.980764 0.195197
v 31.1787 93.4423 52.3779
vn 0 -0.980764 0.195197
v 29.2791 93.4303 52.3176
vn 0 -0.980764 0.195197
v 42.5763 93.5275 52.4631
vn 0 -0.195185 0.980766
v 40.6767 93.5878 52.4751
vn 0 -0.195185 0.980766
v 31.1787 93.5275 52.4631
vn 0 -0.195185 0.980766
v 29.2791 93.5878 52.4751
vn 0 -0.195185 0.980766
v 48.2751 93.7846 52.4358
vn 1 0 0
v 48.2751 93.5878 52.4358
vn 1 0 0
v 25.4798 93.4448 52.3605
vn -1 0 0
v 25.4798 93.5627 52.4142
vn -1 0 0
v 48.2751 93.4733 52.3283
vn 1 0 0
v 48.2751 93.5449 52.4606
vn 1 0 0
v 25.4798 93.6786 52.4751
vn 0 0 1
v 48.2417 93.9113 52.4751
vn 0 0 1
v 25.5133 93.9113 52.4751
vn 0 0 1
v 48.2751 93.6951 52.4751
vn 0 0 1
v 48.2751 93.511 52.3277
vn 0 0.980851 -0.194758
v 41.6265 93.512 52.3327
vn 0 0.980851 -0.194758
v 31.1787 93.515 52.3478
vn 0 0.980851 -0.194758
v 33.0783 93.509 52.3176
vn 0 0.980851 -0.194758
v 42.5763 93.5576 52.3904
vn 0 0.194901 -0.980823
v 40.6767 93.5878 52.3964
vn 0 0.194901 -0.980823
v 31.1787 93.5576 52.3904
vn 0 0.194901 -0.980823
v 29.2791 93.5878 52.3964
vn 0 0.194901 -0.980823
v 2.92634 93.509 53.6218
vn 0 1 0
v 1.34963 93.509 54.041
vn 0 1 0
v 25.4405 93.509 54.0617
vn 0 1 0
v 48.3145 93.509 54.0617
vn 0 1 0
v 70.8289 93.509 53.6201
vn 0 1 0
v 72.4007 93.509 53.6269
vn 0 1 0
v 73.0979 93.509 54.0617
vn 0 1 0
v 73.1629 93.509 52.7939
vn 0 1 0
v 25.4408 93.509 52.311
vn 0 1 0
v 0.528374 93.509 52.6397
vn 0 1 0
v -5.55505 93.509 51.9017
vn 0 1 0
v 48.3142 93.509 52.3175
vn 0 1 0
v 73.5656 93.509 52.429
vn 0 1 0
v 79.3037 93.509 51.9654
vn 0 1 0
v 25.4405 93.5085 54.1804
vn 1 0 0
v 25.4405 93.9815 54.1798
vn 1 0 0
v 48.3145 93.5085 54.1804
vn -1 0 0
v 48.3145 93.9815 54.1798
vn -1 0 0
v 0.657004 93.5777 54.1385
vn 0 0.194901 -0.980823
v 7.88552 93.5727 54.1375
vn 0 0.194901 -0.980823
v 19.2446 93.5576 54.1345
vn 0 0.194901 -0.980823
v 21.3099 93.5878 54.1405
vn 0 0.194901 -0.980823
v 6.85287 93.515 54.0919
vn 0 0.980851 -0.194758
v 8.91816 93.509 54.0617
vn 0 0.980851 -0.194758
v 19.2446 93.515 54.0919
vn 0 0.980851 -0.194758
v 21.3099 93.509 54.0617
vn 0 0.980851 -0.194758
v 3.41291 96.4889 51.802
vn 1 0 0
v 3.41291 96.4914 52.0342
vn 1 0 0
v 3.41291 95.5481 51.7608
vn 1 0 0
v -2.04969 96.4335 51.7509
vn 0 0.195185 -0.980766
v -1.44273 96.3732 51.7389
vn 0 0.195185 -0.980766
v -0.228823 96.3933 51.7429
vn 0 0.195185 -0.980766
v 1.89552 96.4034 51.7449
vn 0 0.195185 -0.980766
v -1.74621 96.5247 51.8663
vn 0 0.980764 -0.195197
v -3.87056 96.5235 51.8602
vn 0 0.980764 -0.195197
v 3.41291 96.5267 51.8763
vn 0 0.980764 -0.195197
v 1.28856 96.5247 51.8663
vn 0 0.980764 -0.195197
v 70.342 96.3802 51.819
vn 0 -0.194901 0.980823
v 73.9838 96.3979 51.8225
vn 0 -0.194901 0.980823
v 75.5012 96.3883 51.8206
vn 0 -0.194901 0.980823
v 77.6255 96.3833 51.8196
vn 0 -0.194901 0.980823
v 70.342 96.45 51.8863
vn 0 -0.980804 0.194996
v 72.4664 96.449 51.8813
vn 0 -0.980804 0.194996
v 75.5012 96.449 51.8813
vn 0 -0.980804 0.194996
v 77.6255 96.4484 51.8783
vn 0 -0.980804 0.194996
v 70.283 96.452 51.9737
vn 0 -1 0
v 77.6507 96.452 52.0493
vn 0 -1 0
v -5.5241 93.824 51.7782
vn -1 0 0
v -5.5241 93.5878 51.7782
vn -1 0 0
v -5.5241 93.4343 51.8763
vn 0 -0.980764 -0.195197
v 18.5035 93.4375 51.8602
vn 0 -0.980764 -0.195197
v 55.2515 93.4375 51.8602
vn 0 -0.980764 -0.195197
v 79.2791 93.4343 51.8763
vn 0 -0.980764 -0.195197
v -5.5241 93.5677 51.7429
vn 0 -0.195185 -0.980766
v 18.5035 93.5516 51.7461
vn 0 -0.195185 -0.980766
v 53.367 93.5677 51.7429
vn 0 -0.195185 -0.980766
v 79.2791 93.5516 51.7461
vn 0 -0.195185 -0.980766
v 79.2791 93.4733 51.8857
vn 1 0 0
v 79.2791 93.5449 51.7534
vn 1 0 0
v -5.5241 93.5627 51.7998
vn -1 0 0
v -5.5241 93.4448 51.8535
vn -1 0 0
v 15.6767 93.515 51.8662
vn 0 0.980851 0.194758
v 22.7436 93.509 51.8964
vn 0 0.980851 0.194758
v 36.8775 93.5118 51.8821
vn 0 0.980851 0.194758
v 79.2791 93.5126 51.8783
vn 0 0.980851 0.194758
v 15.6767 93.5576 51.8236
vn 0 0.194901 0.980823
v 8.60976 93.5878 51.8176
vn 0 0.194901 0.980823
v 36.8775 93.5777 51.8196
vn 0 0.194901 0.980823
v 79.2791 93.5697 51.8212
vn 0 0.194901 0.980823
v 79.2791 93.4303 51.8964
vn 1 0 0
v 79.2791 93.45 52.1326
vn 1 0 0
v 3.55873 95.3646 52.326
vn -0.303128 0.720815 -0.623329
v 3.64913 95.3783 52.3144
vn -0.223484 0.746272 -0.627004
v 3.4821 95.3158 52.3475
vn -0.799093 0.528527 -0.286549
v 3.43136 95.2649 52.4063
vn -0.944058 0.299596 -0.137827
v 3.41291 95.1973 52.4662
vn -0.978218 0.136461 -0.156421
v 5.48505 95.2416 52.4548
vn 9.09275e-06 0.642728 0.766094
v 3.4437 95.3868 52.333
vn 9.95835e-06 0.642893 0.765956
v 3.41291 94.8499 52.7835
vn -1.07744e-07 0.64282 0.766017
v 26.4403 95.1478 52.5335
vn 0 0.643244 0.765661
v 26.3227 95.3332 52.3779
vn 9.12623e-10 0.642681 0.766134
v 47.4377 95.1478 52.5335
vn 0 0.643289 0.765623
v 47.3201 95.3332 52.3779
vn -9.91641e-10 0.64267 0.766143
v 70.3113 95.3868 52.333
vn -9.95797e-06 0.642893 0.765956
v 68.2699 95.2415 52.4549
vn -8.0363e-06 0.64277 0.766059
v 70.342 94.8499 52.7835
vn 8.61961e-07 0.642823 0.766015
v 3.43089 93.8357 51.8373
vn -0.952906 0.302889 0.0151316
v 3.41291 93.7453 51.8373
vn -0.974815 0.223016 -0.000477601
v 3.64913 93.9815 51.8373
vn -0.223335 0.974742 -0.000470267
v 3.55873 93.9635 51.8373
vn -0.303054 0.952871 -0.013954
v 3.45465 93.9059 51.857
vn 0 0 1
v 70.3003 93.9059 51.857
vn 0 0 1
v 38.2718 93.5878 51.857
vn 0 0 1
v 3.41291 93.5878 51.857
vn 0 0 1
v 70.342 93.5878 51.857
vn 0 0 1
v 70.1962 93.9635 51.8373
vn 0.303273 0.9528 -0.0140686
v 70.1058 93.9815 51.8373
vn 0.223324 0.974744 -0.00047371
v 70.342 93.7453 51.8373
vn 0.978357 0.204429 -0.032042
v 70.3236 93.8355 51.8349
vn 0.944141 0.31757 0.0880141
v 70.2729 93.9123 51.8225
vn 0.79937 0.588982 0.118778
v 70.3241 95.2666 52.4081
vn 0.95294 0.241308 -0.18351
v 70.342 95.1973 52.4662
vn 0.974953 0.170315 -0.143039
v 70.1058 95.3783 52.3144
vn 0.223474 0.746272 -0.627007
v 70.1962 95.3646 52.326
vn 0.303347 0.720687 -0.62337
v 25.4995 94.1012 52.7983
vn 0 -0.194901 0.980823
v 36.8775 94.105 52.7991
vn 0 -0.194901 0.980823
v 41.6183 94.1042 52.7989
vn 0 -0.194901 0.980823
v 48.2554 94.1012 52.7983
vn 0 -0.194901 0.980823
v 32.1367 94.0435 52.7382
vn 0 -0.980804 0.194996
v 25.4995 94.0441 52.7412
vn 0 -0.980804 0.194996
v 48.2554 94.0425 52.7332
vn 0 -0.980804 0.194996
v 41.6183 94.0435 52.7382
vn 0 -0.980804 0.194996
v 25.4995 94.0799 52.4082
vn 0 1 0
v 25.4995 94.0799 52.7231
vn 0 1 0
v 48.2554 94.0799 52.7231
vn 0 1 0
v 48.2554 94.0799 52.4082
vn 0 1 0
v 48.2554 94.1068 52.7714
vn 1 0 0
v 48.2554 94.0478 52.7446
vn 1 0 0
v 25.4995 94.1068 52.7714
vn -1 0 0
v 25.4995 94.0478 52.7446
vn -1 0 0
v 25.4995 94.0405 52.4082
vn 0 -1 0
v 25.4995 94.0405 52.7231
vn 0 -1 0
v 48.2554 94.0405 52.4082
vn 0 -1 0
v 48.2554 94.0405 52.7231
vn 0 -1 0
v 25.4995 94.1069 52.76
vn 0 0.19502 -0.980799
v 36.8775 94.1158 52.7618
vn 0 0.19502 -0.980799
v 41.6183 94.1118 52.761
vn 0 0.19502 -0.980799
v 48.2554 94.1102 52.7607
vn 0 0.19502 -0.980799
v 32.1367 94.0814 52.7306
vn 0 0.980856 -0.194734
v 25.4995 94.0817 52.7322
vn 0 0.980856 -0.194734
v 41.6183 94.0814 52.7306
vn 0 0.980856 -0.194734
v 48.2554 94.0817 52.7322
vn 0 0.980856 -0.194734
v 25.3131 93.6628 52.8019
vn 0 0 1
v 3.41291 93.5878 52.8019
vn 0 0 1
v 3.41291 94.7993 52.8019
vn 0 0 1
v 48.272 94.119 52.8019
vn 0 0 1
v 48.3945 93.5891 52.8019
vn 0 0 1
v 70.342 93.5878 52.8019
vn 0 0 1
v 70.342 94.7993 52.8019
vn 0 0 1
v 25.3691 93.5981 52.7625
vn 0 0 -1
v 3.41291 93.5878 52.7625
vn 0 0 -1
v 3.41291 94.7993 52.7625
vn 0 0 -1
v 48.272 94.119 52.7625
vn 0 0 -1
v 48.4076 93.6022 52.7625
vn 0 0 -1
v 70.342 93.5878 52.7625
vn 0 0 -1
v 70.342 94.7993 52.7625
vn 0 0 -1
v 3.41291 93.5126 51.8783
vn 0 -0.980851 -0.194758
v 36.8775 93.5118 51.8821
vn 0 -0.980851 -0.194758
v 50.821 93.512 51.8813
vn 0 -0.980851 -0.194758
v 70.342 93.5126 51.8783
vn 0 -0.980851 -0.194758
v 3.41291 93.5777 51.8196
vn 0 -0.194901 -0.980823
v 22.9339 93.5727 51.8206
vn 0 -0.194901 -0.980823
v 50.821 93.5727 51.8206
vn 0 -0.194901 -0.980823
v 70.342 93.5697 51.8212
vn 0 -0.194901 -0.980823
v 70.342 93.5305 51.891
vn 1 0 0
v 70.342 93.5663 51.8347
vn 1 0 0
v 3.41291 93.5663 51.8347
vn -1 0 0
v 3.41291 93.5305 51.891
vn -1 0 0
v 3.45464 93.9059 51.8176
vn 0 0 -1
v 70.3003 93.9059 51.8176
vn 0 0 -1
v 3.41291 93.5878 51.8176
vn 0 0 -1
v 70.342 93.5878 51.8176
vn 0 0 -1
v 3.41291 93.5494 51.8914
vn 0 0.980847 0.194782
v 22.9339 93.5499 51.8889
vn 0 0.980847 0.194782
v 50.821 93.5499 51.8889
vn 0 0.980847 0.194782
v 70.342 93.5494 51.8914
vn 0 0.980847 0.194782
v 3.41291 93.5828 51.858
vn 0 0.19502 0.980799
v 22.9339 93.5802 51.8585
vn 0 0.19502 0.980799
v 50.821 93.5802 51.8585
vn 0 0.19502 0.980799
v 70.342 93.5787 51.8588
vn 0 0.19502 0.980799
v 25.4011 93.509 52.2113
vn 0 -1 0
v 3.41291 93.509 52.7231
vn 0 -1 0
v 3.41291 93.509 51.8964
vn 0 -1 0
v 70.342 93.509 51.8964
vn 0 -1 0
v 25.4011 93.509 52.7231
vn 0 -1 0
v 48.3539 93.509 52.2113
vn 0 -1 0
v 48.3539 93.509 52.7231
vn 0 -1 0
v 70.342 93.509 52.7231
vn 0 -1 0
v 25.4011 93.5484 52.2113
vn 0 1 0
v 3.41291 93.5484 51.8964
vn 0 1 0
v 3.41291 93.5484 52.7231
vn 0 1 0
v 25.4011 93.5484 52.7231
vn 0 1 0
v 48.3539 93.5484 52.2113
vn 0 1 0
v 70.342 93.5484 51.8964
vn 0 1 0
v 70.342 93.5484 52.7231
vn 0 1 0
v 48.3539 93.5484 52.7231
vn 0 1 0
v 70.342 93.5502 52.7322
vn 0 0.980856 -0.194734
v 63.9288 93.5499 52.7306
vn 0 0.980856 -0.194734
v 53.8509 93.5564 52.7476
vn -5.09981e-05 0.679774 -0.733422
v 48.3654 93.5631 52.7537
vn -5.12127e-05 0.600219 -0.799836
v 70.342 93.5828 52.7615
vn 0 0.19502 -0.980799
v 63.9354 93.5802 52.761
vn 0 0.19502 -0.980799
v 59.3558 93.5787 52.7607
vn 0 0.19502 -0.980799
v 25.3931 93.5578 52.7497
vn 5.76589e-05 0.598918 -0.80081
v 19.9042 93.561 52.7498
vn 3.99739e-05 0.664852 -0.746975
v 14.407 93.5509 52.7355
vn 0 0.980856 -0.194734
v 3.41291 93.5491 52.7266
vn 0 0.980856 -0.194734
v 3.41291 93.5828 52.7615
vn 0 0.19502 -0.980799
v 9.81958 93.5802 52.761
vn 0 0.19502 -0.980799
v 25.3973 93.5166 52.7675
vn -0.000122945 -0.836607 0.547803
v 19.9044 93.5414 52.7828
vn -0.000121347 -0.739376 0.673293
v 3.41291 93.5126 52.7412
vn 0 -0.980851 0.194758
v 14.407 93.511 52.7332
vn 0 -0.980851 0.194758
v 9.81958 93.5727 52.7989
vn 0 -0.194901 0.980823
v 3.41291 93.5697 52.7983
vn 0 -0.194901 0.980823
v 70.342 93.511 52.7332
vn 0 -0.980851 0.194758
v 63.9288 93.512 52.7382
vn 0 -0.980851 0.194758
v 48.3624 93.5281 52.779
vn 0.000128645 -0.613892 0.78939
v 53.8506 93.5344 52.7767
vn 9.66937e-05 -0.741416 0.671046
v 70.342 93.5777 52.7999
vn 0 -0.194901 0.980823
v 63.9354 93.5727 52.7989
vn 0 -0.194901 0.980823
v 25.4011 93.5287 52.2113
vn 1 0 0
v 25.4011 93.5287 52.7231
vn 1 0 0
v 25.4011 93.514 52.7231
vn 0.999578 0 0.0290618
v 25.4008 93.5097 52.7334
vn 0.999578 0 0.0290618
v 25.3987 93.5184 52.7467
vn 0.976266 0.106752 0.188439
v 25.4005 93.549 52.7278
vn 0.993089 0.0164751 0.116199
v 25.4004 93.5298 52.7309
vn 0.99526 0.0132297 0.0963417
v 25.3814 93.5504 52.7879
vn 0.931609 0.288689 0.220826
v 25.3814 93.5622 52.7674
vn 0.850698 0.449527 0.272466
v 25.3895 93.5531 52.758
vn 0.839947 0.424248 0.338382
v 25.379 93.5559 52.7874
vn 0.905287 0.38338 0.18296
v 25.3744 93.5625 52.7977
vn 0.906195 0.391201 0.160537
v 25.3814 93.5563 52.7777
vn 0.842108 0.48031 0.245267
v 25.3766 93.573 52.7596
vn 0.774675 0.560594 0.292595
v 25.3707 93.5699 52.7998
vn 0.899387 0.421625 0.115481
v 25.3719 93.57 52.7897
vn 0.899387 0.421625 0.115481
v 25.3643 93.5833 52.7917
vn 0.878888 0.476198 0.0281405
v 25.3643 93.5826 52.8015
vn 0.891068 0.453452 0.0194479
v 25.3617 93.5878 52.7625
vn 0.707105 0.707108 0
v 24.909 94.0405 52.7625
vn 0.707105 0.707108 0
v 48.846 94.0405 52.7625
vn -0.707026 0.707187 0
v 48.3932 93.5878 52.7625
vn -0.707026 0.707187 0
v 48.3932 93.5878 52.7969
vn -0.883441 0.468178 0.0184524
v 48.383 93.5687 52.7944
vn -0.889367 0.449167 0.0852972
v 48.3908 93.5854 52.7624
vn -0.714313 0.694593 0.0854262
v 48.3881 93.5814 52.7719
vn -0.714313 0.694593 0.0854262
v 48.3806 93.5625 52.7977
vn -0.904731 0.392483 0.165588
v 48.3759 93.5559 52.7874
vn -0.903737 0.386113 0.184868
v 48.3759 93.5666 52.7663
vn -0.784561 0.566141 0.25288
v 48.3759 93.5705 52.7584
vn -0.75913 0.576872 0.301563
v 48.3782 93.5652 52.7777
vn -0.854162 0.450869 0.259085
v 48.3735 93.5583 52.7743
vn -0.854162 0.450869 0.259085
v 48.3735 93.5504 52.7879
vn -0.920194 0.324534 0.218908
v 48.3593 93.5241 52.7604
vn -0.949819 0.202671 0.238263
v 48.3654 93.5531 52.758
vn -0.839947 0.424248 0.338382
v 48.3735 93.5622 52.7674
vn -0.850698 0.449527 0.272466
v 48.3539 93.509 52.7231
vn -0.996776 0.0195376 0.0778257
v 48.3553 93.5261 52.7402
vn -0.992191 0.03298 0.12029
v 48.3539 93.509 52.7231
vn -1 0 0
v 48.3539 93.509 52.2113
vn -1 0 0
v 53.6098 94.8155 52.7587
vn -6.55602e-06 -0.322923 -0.946425
v 70.342 94.8064 52.7618
vn -1.91316e-05 -0.282072 -0.959393
v 20.1452 94.8046 52.7619
vn 4.05732e-06 -0.157421 -0.987532
v 3.41291 94.8072 52.7611
vn 2.43766e-05 -0.180653 -0.983547
v 20.1452 94.8191 52.7571
vn 0 -0.56832 -0.822808
v 25.7226 94.8246 52.7533
vn 0 -0.56832 -0.822808
v 70.342 94.8246 52.7927
vn 1 0 0
v 70.342 94.812 52.7579
vn 1 0 0
v 5.48504 95.2162 52.4247
vn 9.2345e-06 -0.642607 -0.766196
v 3.41291 94.8246 52.7533
vn 1.39155e-07 -0.642815 -0.766022
v 3.44369 95.3614 52.3029
vn 8.74036e-06 -0.642774 -0.766056
v 26.3228 95.1255 52.5008
vn 0 -0.642692 -0.766124
v 47.3201 95.1254 52.5009
vn 0 -0.642692 -0.766124
v 26.4402 95.3109 52.3452
vn 2.44026e-08 -0.642586 -0.766214
v 47.4377 95.3109 52.3453
vn -2.24579e-08 -0.642607 -0.766196
v 68.2699 95.2163 52.4246
vn -9.23882e-06 -0.642585 -0.766214
v 70.342 94.8246 52.7533
vn -1.11325e-06 -0.642818 -0.766019
v 70.3113 95.3614 52.3029
vn -8.7443e-06 -0.642773 -0.766057
v 3.41291 94.8246 52.7927
vn -1 0 0
v 3.41291 94.812 52.7579
vn -1 0 0
v 53.6098 94.8193 52.7987
vn 1.31646e-05 0.324763 0.945796
v 70.342 94.8366 52.7922
vn 4.0119e-05 0.404571 0.914506
v 20.1452 94.8099 52.8007
vn -7.79985e-06 0.15727 0.987556
v 3.41291 94.815 52.7991
vn -4.90237e-05 0.180209 0.983628
v 22.9339 94.8444 52.7873
vn 0 0.576795 0.816889
v 3.41291 94.8499 52.7835
vn 0 0.576795 0.816889
v 70.342 93.5359 52.732
vn 1 0 0
v 70.342 93.5663 52.7946
vn 1 0 0
v 3.41291 93.5663 52.7946
vn -1 0 0
v 3.41291 93.5359 52.732
vn -1 0 0
v 73.1767 8.07986 53.8429
vn 0 -0.0874434 0.996169
v 73.0979 8.07986 53.8429
vn 0 -0.0874434 0.996169
v 73.0979 8.07986 53.2569
vn 0 -0.0874434 -0.996169
v 73.1767 8.07986 53.2569
vn 0 -0.0874434 -0.996169
v 73.0979 9.90279 53.2569
vn 0 0.0874434 -0.996169
v 73.1767 9.90279 53.2569
vn 0 0.0874434 -0.996169
v 73.1767 9.90279 53.8429
vn 0 0.0874434 0.996169
v 73.0979 9.90279 53.8429
vn 0 0.0874434 0.996169
v 73.0979 9.86416 53.4094
vn -1 0 0
v 73.0979 8.1193 53.4094
vn -1 0 0
v 73.1767 9.56517 53.7548
vn 1 0 0
v 73.1767 10.1821 53.2984
vn 1 0 0
v 73.1767 8.31114 53.3291
vn 1 0 0
v 73.1767 7.85268 53.8109
vn 1 0 0
v 79.0209 8.07986 52.3688
vn 0.996336 -0.085531 0
v 79.0209 8.07986 52.4475
vn 0.996336 -0.085531 0
v 78.4349 8.07986 52.4475
vn -0.996169 -0.0874434 0
v 78.4349 8.07986 52.3688
vn -0.996169 -0.0874434 0
v 78.4349 9.90279 52.4475
vn -0.996169 0.0874434 0
v 78.4349 9.90279 52.3688
vn -0.996169 0.0874434 0
v 79.0209 9.90279 52.4475
vn 0.996336 0.085531 0
v 79.0209 9.90279 52.3688
vn 0.996336 0.085531 0
v 78.5875 9.86413 52.4475
vn 0 0 1
v 78.5875 8.11934 52.4475
vn 0 0 1
v 78.9327 9.56517 52.3688
vn 0 0 -1
v 78.4764 10.1821 52.3688
vn 0 0 -1
v 78.525 8.39121 52.3688
vn 0 0 -1
v 78.954 7.80119 52.3688
vn 0 0 -1
v 79.2503 -75.4969 52.1201
vn 0.98958 0.00631457 0.143845
v 79.1917 -75.5067 52.2635
vn 0.8267 0.0184206 0.562341
v 79.1759 -75.4477 52.2814
vn 0.761151 -0.0150359 0.6484
v 79.2901 -75.4477 51.9106
vn 0 1 0
v 73.8265 -75.4477 52.6083
vn 0 1 0
v 77.5334 -75.4477 52.6294
vn 0 1 0
v 48.2952 -75.4477 52.1131
vn 0 1 0
v 50.7613 -75.4477 53.5991
vn 0 1 0
v 73.7964 -75.4477 53.2722
vn 0 1 0
v 77.2463 -75.4477 53.5226
vn 0 1 0
v 77.256 -75.4477 54.0617
vn 0 1 0
v 72.3345 -75.4477 53.6329
vn 0 1 0
v 49.2936 -75.4477 53.6448
vn 0 1 0
v 0.448343 -75.4477 51.8964
vn 0 1 0
v 25.4214 -75.4477 52.1131
vn 0 1 0
v 25.4602 -75.4477 52.8412
vn 0 1 0
v 22.9996 -75.4477 53.5932
vn 0 1 0
v 24.4603 -75.4477 53.6314
vn 0 1 0
v 25.4602 -75.4477 53.1857
vn 0 1 0
v 0.448343 -75.4477 54.0617
vn 0 1 0
v 48.2948 -75.4477 53.8747
vn 0 1 0
v 49.4541 -75.4477 54.0651
vn 0 1 0
v 48.2948 -75.4477 54.2192
vn 0 1 0
v 25.4602 -75.4477 53.8747
vn 0 1 0
v 24.279 -75.4477 54.0579
vn 0 1 0
v 77.0613 -76.2999 54.2094
vn 0.946997 -0.321236 0.0018068
v 77.0821 -76.2262 54.2192
vn 0.961286 -0.191957 -0.197693
v 77.0861 -76.1957 54.1601
vn 0.977513 -0.20613 0.0444804
v 77.0682 -76.2861 54.1699
vn 0.954715 -0.294123 -0.0448529
v 76.8499 -76.4319 54.1798
vn 0.22083 -0.975261 0.00996406
v 76.9403 -76.4139 54.1798
vn 0.297502 -0.954712 -0.00424077
v 77.0861 -76.1957 54.2192
vn 1 0 0
v 77.0861 -75.6051 54.2094
vn 1 0 0
v 77.0571 -76.3478 54.1405
vn 0 0 -1
v 49.505 -76.3478 54.1405
vn 0 0 -1
v 49.4759 -75.6051 54.1405
vn 0 0 -1
v 77.0861 -75.6051 54.1405
vn 0 0 -1
v 79.1057 -79.8177 50.6545
vn 0.297291 -0.00374032 -0.954779
v 79.0153 -79.8177 50.6365
vn 0.22139 -0.00968189 -0.975137
v 79.2325 -79.8177 50.7827
vn 0.944418 -0.00818523 -0.328645
v 79.1823 -79.7882 50.7057
vn 0.803656 -0.0609504 -0.591964
v 79.2515 -79.8177 50.8727
vn 0.982862 0.0189027 -0.183374
v 79.1823 -79.8473 50.7057
vn 0.803672 0.0606469 -0.591974
v 79.2515 -79.8178 51.6601
vn 1 0 0
v 79.2515 -79.8178 50.8727
vn 1 0 0
v 79.2255 -79.7784 50.7237
vn 0 1 0
v 0.474265 -79.7784 50.7237
vn 0 1 0
v 0.448343 -79.7784 51.6601
vn 0 1 0
v 79.2515 -79.7784 51.6601
vn 0 1 0
v 25.5782 -76.847 52.2981
vn 0.00384732 -0.954764 -0.297338
v 25.5782 -76.865 52.3885
vn -0.0095434 -0.975142 -0.221374
v 25.5733 -76.719 52.1707
vn 0.0460427 -0.308412 -0.950138
v 25.5487 -76.7958 52.2215
vn 0.0618448 -0.592651 -0.803081
v 25.5782 -76.6288 52.1523
vn 0.00272215 -0.200929 -0.979602
v 25.5782 -76.6288 52.1523
vn 0 0 -1
v 25.5782 -75.6051 52.1523
vn 0 0 -1
v 25.5389 -76.869 52.167
vn -1 0 0
v 25.5389 -76.5536 53.9611
vn -1 0 0
v 25.5389 -75.6051 52.1523
vn -1 0 0
v 25.5389 -75.6051 54.2192
vn -1 0 0
v 25.5782 -76.7192 54.2012
vn -0.00411173 -0.297266 0.954786
v 25.5782 -76.6288 54.2192
vn -0.00977742 -0.220854 0.975258
v 25.5782 -76.865 53.983
vn 0.0249063 -0.978801 0.203296
v 25.5832 -76.8465 54.0732
vn -0.046255 -0.950074 0.308576
v 25.6077 -76.7958 54.15
vn -0.0605756 -0.803721 0.591915
v 25.5782 -76.6288 54.2192
vn 0 0 1
v 25.5782 -75.6051 54.2192
vn 0 0 1
v 48.2062 -76.7331 52.1771
vn -0.00297765 -0.32119 -0.94701
v 48.2161 -76.6594 52.1563
vn -0.202191 -0.191802 -0.96038
v 48.157 -76.6288 52.1523
vn 0.0457809 -0.206807 -0.97731
v 48.1669 -76.7192 52.1703
vn -0.0418452 -0.294568 -0.954714
v 48.1767 -76.865 52.3885
vn 0.00950021 -0.975141 -0.221382
v 48.1767 -76.847 52.2981
vn 0.00386087 -0.954766 -0.297333
v 48.2161 -76.5536 53.9611
vn 1 0 0
v 48.2161 -75.6051 54.2192
vn 1 0 0
v 48.2161 -75.6051 52.1523
vn 1 0 0
v 48.2161 -76.869 52.167
vn 1 0 0
v 48.2062 -76.8401 54.0872
vn 0.0022863 -0.946873 0.3216
v 48.2161 -76.861 54.0136
vn -0.196069 -0.961383 0.193131
v 48.157 -76.865 53.983
vn 0.0438631 -0.97733 0.207131
v 48.1669 -76.847 54.0734
vn -0.0446113 -0.95457 0.294629
v 48.1767 -76.6288 54.2192
vn 0.00973301 -0.220861 0.975257
v 48.1767 -76.7192 54.2012
vn 0.00409641 -0.297256 0.954789
v 48.1767 -76.6288 54.2192
vn 0 0 1
v 48.1767 -75.6051 54.2192
vn 0 0 1
v 49.4939 -76.2861 54.1699
vn -0.954858 -0.29383 -0.0437016
v 49.4759 -76.1957 54.1601
vn -0.977345 -0.206974 0.0442558
v 49.6219 -76.4135 54.1749
vn -0.316417 -0.946812 0.0585395
v 49.5451 -76.3627 54.1503
vn -0.592595 -0.803105 0.0620742
v 49.4799 -76.2262 54.2192
vn -0.9614 -0.192797 -0.196315
v 49.5007 -76.2999 54.2094
vn -0.947253 -0.320485 0.000744975
v 49.7121 -76.4319 54.1798
vn -0.202922 -0.978842 -0.0262835
v 49.4759 -76.1957 54.1798
vn -1 0 0
v 49.4759 -75.6051 54.1798
vn -1 0 0
v 77.0571 -76.3477 54.2192
vn 0 0 1
v 77.0861 -75.6051 54.2192
vn 0 0 1
v 49.4759 -75.6051 54.2192
vn 0 0 1
v 49.505 -76.3478 54.2192
vn 0 0 1
v 24.1332 -76.4139 54.1798
vn 0.297504 -0.954711 -0.00423935
v 24.0428 -76.4319 54.1798
vn 0.220837 -0.97526 0.00996291
v 24.2791 -76.1957 54.1798
vn 0.975137 -0.221408 -0.00933936
v 24.2611 -76.2861 54.1798
vn 0.954778 -0.297292 -0.00396717
v 24.2791 -76.1957 54.1798
vn 1 0 0
v 24.2791 -75.6051 54.1798
vn 1 0 0
v 24.25 -76.3477 54.1405
vn 0 0 -1
v 0.477375 -76.3476 54.1405
vn 0 0 -1
v 24.2791 -75.6051 54.1405
vn 0 0 -1
v 0.448343 -75.6051 54.1405
vn 0 0 -1
v 0.466325 -79.8177 50.7823
vn -0.954816 -0.00383103 -0.297174
v 0.448343 -79.8177 50.8727
vn -0.975218 0.00943671 -0.221043
v 0.684564 -79.8177 50.6365
vn -0.22137 0.00936176 -0.975145
v 0.594165 -79.8177 50.6545
vn -0.297383 0.00399259 -0.95475
v 0.448343 -79.7784 51.6601
vn -1 0 0
v 0.448343 -79.798 50.8727
vn -1 0 0
v 0.473158 -76.2999 54.1503
vn -0.946953 -0.321372 -0.000541139
v 0.452367 -76.2262 54.1405
vn -0.960866 -0.192483 0.199217
v 0.448343 -76.1957 54.1995
vn -0.977356 -0.206859 -0.0445432
v 0.466325 -76.2861 54.1896
vn -0.95465 -0.294499 0.0437402
v 0.684564 -76.4319 54.1798
vn -0.220843 -0.975259 0.00993582
v 0.594165 -76.4139 54.1798
vn -0.29729 -0.954778 -0.0042111
v 0.448343 -76.1957 54.1798
vn -1 0 0
v 0.448343 -75.6051 54.1798
vn -1 0 0
v 77.2703 -75.4674 53.4563
vn -0.590922 -0.113072 -0.798765
v 76.976 -75.487 53.5499
vn -0.231559 6.48424e-05 -0.972821
v 77.5034 -75.487 53.1975
vn -0.903038 -2.07404e-05 -0.429561
v 77.5469 -75.487 52.979
vn -0.999748 0.0101296 -0.0200469
v 77.5411 -75.4477 53.0603
vn -0.98929 -0.145964 0
v 77.2179 -75.492 52.4676
vn -0.425874 -0.010256 0.904724
v 77.4005 -75.4969 52.5978
vn -0.640803 0.0276943 0.767206
v 76.976 -75.487 52.4082
vn -0.180808 2.69986e-05 0.983518
v 74.0163 -75.4674 52.5018
vn 0.590907 -0.113305 0.798743
v 74.3105 -75.487 52.4082
vn 0.231588 6.53404e-05 0.972814
v 73.7831 -75.487 52.7606
vn 0.819428 -0.0203101 0.572822
v 73.7397 -75.487 52.979
vn 0.997434 -0.0370444 -0.0612631
v 73.7455 -75.4477 53.0603
vn 0.98929 -0.145964 0
v 73.7872 -75.5067 53.2069
vn 0.96606 -0.0274368 -0.256857
v 74.0686 -75.492 53.4905
vn 0.425869 -0.0103509 -0.904726
v 73.886 -75.4969 53.3604
vn 0.640796 0.0272898 -0.767226
v 74.3105 -75.487 53.5499
vn 0.180871 2.70511e-05 -0.983507
v 49.4759 -75.5313 54.0864
vn 0 -0.980804 -0.194996
v 63.3659 -75.5278 54.0687
vn 0 -0.980804 -0.194996
v 77.1283 -75.5421 54.1159
vn 8.57218e-05 -0.784512 -0.620114
v 70.3111 -75.5423 54.1104
vn 7.65769e-05 -0.679356 -0.733809
v 57.5501 -75.59 54.1375
vn 0 -0.195471 -0.98071
v 49.4759 -75.587 54.1369
vn 0 -0.195471 -0.98071
v 63.3028 -75.5974 54.1386
vn 1.56094e-05 -0.193211 -0.981157
v 77.0861 -75.6051 54.2094
vn 0.993545 -0.10841 0.033403
v 77.1025 -75.5469 54.1951
vn 0.912422 -0.34251 0.223994
v 77.093 -75.5719 54.1751
vn 0.975333 -0.217463 0.0378871
v 77.0861 -75.6051 54.1602
vn 0.965919 -0.25803 0.0205331
v 77.1129 -75.5574 54.1363
vn 0.614758 -0.634531 0.468447
v 77.1577 -75.4857 54.1472
vn 0.734238 -0.349033 0.582298
v 77.2151 -75.465 54.0965
vn 0.673453 -0.189359 0.714566
v 77.2151 -75.5159 54.0839
vn 0.507791 -0.349164 0.787548
v 77.2203 -75.4513 54.0948
vn 0.680153 -0.164177 0.714449
v 77.2202 -75.4736 54.09
vn 0.648548 -0.162162 0.7437
v 77.2151 -75.5287 54.0807
vn 0.465886 -0.189973 0.864211
v 77.2253 -75.489 54.0831
vn 0.552484 -0.182326 0.813338
v 77.2508 -75.4871 54.0653
vn 0.593561 -0.033039 0.80411
v 77.251 -75.4478 54.0663
vn 0.652973 -0.0243073 0.756991
v 72.3345 -75.5264 53.6329
vn 0 -1 0
v 77.256 -75.5264 54.0617
vn 0 -1 0
v 77.2463 -75.5264 53.5226
vn 0 -1 0
v 49.4541 -75.5264 54.0651
vn 0 -1 0
v 50.7613 -75.5264 53.5991
vn 0 -1 0
v 73.7964 -75.5264 53.2722
vn 0 -1 0
v 49.2936 -75.5264 53.6448
vn 0 -1 0
v 48.2948 -75.5264 53.8747
vn 0 -1 0
v 48.2948 -75.5264 54.2192
vn 0 -1 0
v 79.2907 -75.5264 51.9068
vn 0 -1 0
v 77.5334 -75.5264 52.6294
vn 0 -1 0
v 73.8265 -75.5264 52.6083
vn 0 -1 0
v 48.2952 -75.5264 52.1131
vn 0 -1 0
v 24.4603 -75.5264 53.6314
vn 0 -1 0
v 25.4602 -75.5264 53.8747
vn 0 -1 0
v 22.9996 -75.5264 53.5932
vn 0 -1 0
v 25.4592 -75.5264 52.1131
vn 0 -1 0
v 24.279 -75.5264 54.0579
vn 0 -1 0
v 0.448343 -75.5264 54.0617
vn 0 -1 0
v 0.448343 -75.5264 51.8964
vn 0 -1 0
v 49.4759 -75.4548 54.0979
vn 0 0.981074 0.193633
v 63.3659 -75.4533 54.0903
vn 0 0.981074 0.193633
v 77.1198 -75.4959 54.1831
vn -0.000198863 0.74741 0.664363
v 70.3114 -75.4798 54.1602
vn -0.000195056 0.684869 0.728666
v 57.9234 -75.585 54.2152
vn 0 0.195495 0.980705
v 49.4759 -75.5689 54.212
vn 0 0.195495 0.980705
v 63.3094 -75.585 54.2152
vn 0 0.195495 0.980705
v 0.448343 -75.4517 54.0818
vn 0 0.981074 0.193633
v 7.39896 -75.4537 54.0919
vn 0 0.981074 0.193633
v 16.9975 -75.4517 54.0818
vn 0 0.981074 0.193633
v 24.2791 -75.4548 54.0979
vn 0 0.981074 0.193633
v 0.448343 -75.585 54.2152
vn 0 0.195495 0.980705
v 7.39896 -75.575 54.2132
vn 0 0.195495 0.980705
v 17.3285 -75.575 54.2132
vn 0 0.195495 0.980705
v 24.2791 -75.585 54.2152
vn 0 0.195495 0.980705
v 24.2791 -75.5622 54.2047
vn 1 0 0
v 24.2791 -75.5014 54.0796
vn 1 0 0
v 0.448343 -75.5014 54.0796
vn -1 0 0
v 0.448343 -75.5622 54.2047
vn -1 0 0
v 24.25 -76.3477 54.2192
vn 0 0 1
v 24.2791 -75.6051 54.2192
vn 0 0 1
v 0.477374 -76.3477 54.2192
vn 0 0 1
v 0.448343 -75.6051 54.2192
vn 0 0 1
v 0.448343 -75.5284 54.0718
vn 0 -0.980804 -0.194996
v 7.39896 -75.5294 54.0768
vn 0 -0.980804 -0.194996
v 17.3285 -75.5294 54.0768
vn 0 -0.980804 -0.194996
v 24.2791 -75.5284 54.0718
vn 0 -0.980804 -0.194996
v 7.39896 -75.59 54.1375
vn 0 -0.195471 -0.98071
v 0.448343 -75.587 54.1369
vn 0 -0.195471 -0.98071
v 17.3285 -75.59 54.1375
vn 0 -0.195471 -0.98071
v 24.2791 -75.587 54.1369
vn 0 -0.195471 -0.98071
v 49.4759 -75.5014 54.0796
vn -1 0 0
v 49.4759 -75.5622 54.2047
vn -1 0 0
v 79.2515 -75.4608 52.1082
vn 1 0 0
v 79.2515 -75.4477 51.8964
vn 1 0 0
v 79.2515 -75.5264 51.8964
vn 1 0 0
v 79.2515 -75.5132 52.1082
vn 1 0 0
v 19.5521 -79.7435 51.8089
vn 0 -0.195185 0.980766
v 26.7161 -79.6996 51.8176
vn 0 -0.195185 0.980766
v 56.9239 -79.7358 51.8104
vn 0 -0.195185 0.980766
v 79.2515 -79.7197 51.8136
vn 0 -0.195185 0.980766
v 19.5521 -79.8484 51.704
vn 0 -0.980766 0.195185
v 26.7161 -79.8571 51.6601
vn 0 -0.980766 0.195185
v 39.8499 -79.8531 51.6802
vn 0 -0.980766 0.195185
v 79.2515 -79.8499 51.6963
vn 0 -0.980766 0.195185
v 79.2515 -79.8034 51.678
vn 1 0 0
v 79.2515 -79.7425 51.8031
vn 1 0 0
v 0.448343 -79.8229 51.703
vn -1 0 0
v 0.448343 -79.6996 51.7782
vn -1 0 0
v 79.2515 -79.8571 51.6601
vn 0 -1 0
v 79.2255 -79.8571 50.7237
vn 0 -1 0
v 0.474265 -79.8571 50.7237
vn 0 -1 0
v 0.448343 -79.8571 51.6601
vn 0 -1 0
v 0.448343 -79.7097 51.7369
vn 0 0.194901 -0.980823
v 23.4326 -79.7147 51.7359
vn 0 0.194901 -0.980823
v 56.2673 -79.7147 51.7359
vn 0 0.194901 -0.980823
v 79.2515 -79.7097 51.7369
vn 0 0.194901 -0.980823
v 0.448343 -79.7764 51.6702
vn 0 0.980851 -0.194758
v 23.4326 -79.7754 51.6752
vn 0 0.980851 -0.194758
v 56.2673 -79.7754 51.6752
vn 0 0.980851 -0.194758
v 79.2515 -79.7748 51.6782
vn 0 0.980851 -0.194758
v 48.2345 -75.4596 52.1523
vn -0.193645 0.981072 0
v 48.2809 -75.4504 53.1857
vn -0.193645 0.981072 0
v 48.2647 -75.4537 53.6164
vn -0.193645 0.981072 0
v 48.2647 -75.4537 54.2192
vn -0.193645 0.981072 0
v 48.1433 -75.575 52.7551
vn -0.980705 0.195495 0
v 48.1433 -75.575 52.1523
vn -0.980705 0.195495 0
v 48.1433 -75.575 54.2192
vn -0.980705 0.195495 0
v 48.1433 -75.575 53.6164
vn -0.980705 0.195495 0
v 48.1767 -76.6288 52.1523
vn 0 0 -1
v 48.1767 -75.6051 52.1523
vn 0 0 -1
v 48.1518 -75.5622 54.2192
vn 0 0 1
v 48.2769 -75.5014 54.2192
vn 0 0 1
v 48.2769 -75.5014 52.1523
vn 0 0 -1
v 48.1518 -75.5622 52.1523
vn 0 0 -1
v 48.1373 -75.6051 52.1523
vn -1 0 0
v 48.1373 -76.869 52.167
vn -1 0 0
v 48.1373 -76.5536 53.9611
vn -1 0 0
v 48.1373 -75.6051 54.2192
vn -1 0 0
v 48.2948 -75.5264 52.1523
vn 0.195638 -0.980676 0
v 48.2647 -75.5324 53.1857
vn 0.195638 -0.980676 0
v 48.2798 -75.5294 53.6164
vn 0.195638 -0.980676 0
v 48.2798 -75.5294 54.2192
vn 0.195638 -0.980676 0
v 48.2191 -75.59 52.7551
vn 0.98071 -0.195471 0
v 48.2191 -75.59 52.1523
vn 0.98071 -0.195471 0
v 48.2191 -75.59 54.2192
vn 0.98071 -0.195471 0
v 48.2191 -75.59 53.6164
vn 0.98071 -0.195471 0
v 25.4903 -75.4537 54.2192
vn 0.193952 0.981011 0
v 25.4903 -75.4537 53.6164
vn 0.193952 0.981011 0
v 25.4903 -75.4537 52.7551
vn 0.193952 0.981011 0
v 25.4903 -75.4537 52.1523
vn 0.193952 0.981011 0
v 25.6116 -75.575 54.2192
vn 0.980711 0.195465 0
v 25.6116 -75.575 53.6164
vn 0.980711 0.195465 0
v 25.6116 -75.575 52.1523
vn 0.980711 0.195465 0
v 25.6116 -75.575 52.7551
vn 0.980711 0.195465 0
v 25.4799 -75.5067 52.1523
vn 0 0 -1
v 25.6031 -75.5622 52.1523
vn 0 0 -1
v 25.4781 -75.5014 54.2192
vn 0 0 1
v 25.6031 -75.5622 54.2192
vn 0 0 1
v 25.6176 -76.869 52.167
vn 1 0 0
v 25.6176 -76.5536 53.9611
vn 1 0 0
v 25.6176 -75.6051 54.2192
vn 1 0 0
v 25.6176 -75.6051 52.1523
vn 1 0 0
v 25.4752 -75.5294 54.2192
vn -0.195626 -0.980679 0
v 25.4752 -75.5294 53.6164
vn -0.195626 -0.980679 0
v 25.4752 -75.5294 52.7551
vn -0.195626 -0.980679 0
v 25.4752 -75.5294 52.1523
vn -0.195626 -0.980679 0
v 25.5359 -75.59 53.6164
vn -0.98071 -0.195471 0
v 25.5359 -75.59 54.2192
vn -0.98071 -0.195471 0
v 25.5359 -75.59 52.7551
vn -0.98071 -0.195471 0
v 25.5359 -75.59 52.1523
vn -0.98071 -0.195471 0
v 0.448343 -75.569 51.7461
vn 0 0.195495 -0.980705
v 24.5271 -75.585 51.7429
vn 0 0.195495 -0.980705
v 60.1477 -75.5613 51.7476
vn 0 0.195495 -0.980705
v 52.9838 -75.6051 51.7389
vn 0 0.195495 -0.980705
v 19.5521 -75.4564 51.8525
vn 0 0.981072 -0.193645
v 26.7161 -75.4477 51.8964
vn 0 0.981072 -0.193645
v 39.8499 -75.4533 51.8678
vn 0 0.981072 -0.193645
v 79.2515 -75.4548 51.8602
vn 0 0.981072 -0.193645
v 79.2515 -75.5157 51.8606
vn 1 0 0
v 79.2515 -75.5622 51.7534
vn 1 0 0
v 0.448343 -75.5157 51.8606
vn -1 0 0
v 0.448343 -75.5622 51.7534
vn -1 0 0
v 0.448343 -75.5951 51.8196
vn 0 -0.195471 0.98071
v 23.4326 -75.59 51.8206
vn 0 -0.195471 0.98071
v 56.2673 -75.59 51.8206
vn 0 -0.195471 0.98071
v 79.2515 -75.5951 51.8196
vn 0 -0.195471 0.98071
v 0.448343 -75.53 51.8783
vn 0 -0.980804 0.194996
v 23.4326 -75.5294 51.8813
vn 0 -0.980804 0.194996
v 39.8499 -75.5278 51.8894
vn 0 -0.980804 0.194996
v 79.2515 -75.5313 51.8717
vn 0 -0.980804 0.194996
v 79.0872 8.99133 52.3737
vn -0.194901 0 0.980823
v 79.0695 -33.2282 52.3702
vn -0.194901 0 0.980823
v 79.0776 -50.8196 52.3718
vn -0.194901 0 0.980823
v 79.0726 -75.4477 52.3708
vn -0.194901 0 0.980823
v 79.1383 -15.6367 52.4324
vn -0.980724 0 0.195399
v 79.1377 8.99133 52.4294
vn -0.980724 0 0.195399
v 79.1383 -50.8196 52.4324
vn -0.980724 0 0.195399
v 79.1393 -75.4477 52.4375
vn -0.980724 0 0.195399
v 79.22 -75.4477 54.1405
vn 1 0 0
v 79.22 -75.4477 52.4475
vn 1 0 0
v 79.22 8.99133 54.1405
vn 1 0 0
v 79.22 8.99133 52.4475
vn 1 0 0
v 79.0804 8.99133 52.3438
vn 0 1 0
v 79.2055 8.99133 52.4046
vn 0 1 0
v 78.8022 -74.7432 52.2901
vn 0 0 -1
v 78.5507 -75.4477 52.2901
vn 0 0 -1
v 78.5507 -48.1809 52.2901
vn 0 0 -1
v 79.0625 -75.4477 52.2901
vn 0 0 -1
v 79.0625 -36.7464 52.2901
vn 0 0 -1
v 78.8022 8.28681 52.2901
vn 0 0 -1
v 78.5507 8.99133 52.2901
vn 0 0 -1
v 79.0625 8.99133 52.2901
vn 0 0 -1
v 79.1413 -75.4477 54.1405
vn -1 0 0
v 79.1413 8.99133 52.4475
vn -1 0 0
v 79.1413 -75.4477 52.4475
vn -1 0 0
v 79.1413 8.99133 54.1405
vn -1 0 0
v 79.0804 -75.4477 52.3438
vn 0 -1 0
v 79.2055 -75.4477 52.4046
vn 0 -1 0
v 78.3972 -75.4477 52.2314
vn -0.980788 0 0.195078
v 78.4004 -51.5233 52.2475
vn -0.980788 0 0.195078
v 78.4004 -14.933 52.2475
vn -0.980788 0 0.195078
v 78.3972 8.99133 52.2314
vn -0.980788 0 0.195078
v 78.5306 -75.4477 52.3648
vn -0.195209 0 0.980762
v 78.5145 -51.5233 52.3616
vn -0.195209 0 0.980762
v 78.5306 8.99133 52.3648
vn -0.195209 0 0.980762
v 78.5145 -14.933 52.3616
vn -0.195209 0 0.980762
v 79.0826 8.99133 52.2941
vn 0.195185 0 -0.980766
v 79.0987 -14.933 52.2973
vn 0.195185 0 -0.980766
v 79.0826 -49.6468 52.2941
vn 0.195185 0 -0.980766
v 79.0987 -75.4477 52.2973
vn 0.195185 0 -0.980766
v 79.216 -16.8095 52.4274
vn 0.980702 0 -0.195507
v 79.2128 8.99133 52.4114
vn 0.980702 0 -0.195507
v 79.2128 -51.5233 52.4114
vn 0.980702 0 -0.195507
v 79.216 -75.4477 52.4274
vn 0.980702 0 -0.195507
v 78.5078 8.99133 52.3346
vn 0 1 0
v 78.4362 8.99133 52.222
vn 0 1 0
v 78.8022 -74.7432 52.3688
vn 0 0 1
v 78.5507 -75.4477 52.3688
vn 0 0 1
v 78.5507 -34.9873 52.3688
vn 0 0 1
v 79.0625 -34.9873 52.3688
vn 0 0 1
v 79.0625 -75.4477 52.3688
vn 0 0 1
v 78.8022 8.28681 52.3688
vn 0 0 1
v 78.5507 8.99133 52.3688
vn 0 0 1
v 79.0625 8.99133 52.3688
vn 0 0 1
v 78.4362 -75.4477 52.222
vn 0 -1 0
v 78.5078 -75.4477 52.3346
vn 0 -1 0
v 78.3245 8.99133 51.8196
vn -0.195519 0 0.9807
v 78.3295 -15.6367 51.8206
vn -0.195519 0 0.9807
v 78.3295 -50.8196 51.8206
vn -0.195519 0 0.9807
v 78.3245 -75.4477 51.8196
vn -0.195519 0 0.9807
v 78.3912 8.99133 51.8863
vn -0.980804 0 0.194996
v 78.3902 -15.6367 51.8813
vn -0.980804 0 0.194996
v 78.3902 -50.8196 51.8813
vn -0.980804 0 0.194996
v 78.3896 -75.4477 51.8783
vn -0.980804 0 0.194996
v 78.474 -75.4477 52.2214
vn 0.980851 0 -0.194758
v 78.475 -50.8196 52.2264
vn 0.980851 0 -0.194758
v 78.475 -15.6367 52.2264
vn 0.980851 0 -0.194758
v 78.4756 8.99133 52.2294
vn 0.980851 0 -0.194758
v 78.5407 -75.4477 52.2881
vn 0.195519 0 -0.9807
v 78.5356 -50.8196 52.2871
vn 0.195519 0 -0.9807
v 78.5407 8.99133 52.2881
vn 0.195519 0 -0.9807
v 78.5356 -15.6367 52.2871
vn 0.195519 0 -0.9807
v 78.429 8.99133 51.8857
vn 0 1 0
v 78.3574 8.99133 51.7731
vn 0 1 0
v 78.429 -75.4477 51.8857
vn 0 -1 0
v 78.3574 -75.4477 51.7534
vn 0 -1 0
v 73.1015 8.99133 51.8783
vn 0.980851 0 0.194758
v 73.1007 -33.2282 51.8821
vn 0.980851 0 0.194758
v 73.1009 -50.8196 51.8813
vn 0.980851 0 0.194758
v 73.0999 -75.4477 51.8863
vn 0.980851 0 0.194758
v 73.1616 -15.6367 51.8206
vn 0.195519 0 0.9807
v 73.1586 8.99133 51.8212
vn 0.195519 0 0.9807
v 73.1616 -50.8196 51.8206
vn 0.195519 0 0.9807
v 73.1667 -75.4477 51.8196
vn 0.195519 0 0.9807
v 78.3346 8.99133 51.7429
vn 0.195495 0 -0.980705
v 78.3506 -14.933 51.7461
vn 0.195495 0 -0.980705
v 78.3346 -49.6468 51.7429
vn 0.195495 0 -0.980705
v 78.3506 -75.4477 51.7461
vn 0.195495 0 -0.980705
v 78.468 8.99133 51.8763
vn 0.980764 0 -0.195197
v 78.4648 -14.933 51.8602
vn 0.980764 0 -0.195197
v 78.4633 -53.6982 51.8525
vn 0.980764 0 -0.195197
v 78.472 -61.3745 51.8964
vn 0.980764 0 -0.195197
v 73.0729 8.99133 51.8785
vn 0 1 0
v 73.1338 8.99133 51.7534
vn 0 1 0
v 73.0192 -74.7479 53.6083
vn -1 0 0
v 73.0192 -75.4477 54.0617
vn -1 0 0
v 73.0192 -34.9873 54.0617
vn -1 0 0
v 73.0192 -75.4477 51.8964
vn -1 0 0
v 73.0192 8.99133 51.8964
vn -1 0 0
v 73.0192 8.28852 53.6084
vn -1 0 0
v 73.0192 8.99133 54.0617
vn -1 0 0
v 73.0729 -75.4477 51.8785
vn 0 -1 0
v 73.1338 -75.4477 51.7534
vn 0 -1 0
v 73.1466 -12.1184 54.1345
vn 0.195519 0 -0.9807
v 73.1767 -19.155 54.1405
vn 0.195519 0 -0.9807
v 73.1466 -54.3379 54.1345
vn 0.195519 0 -0.9807
v 73.1767 -61.3745 54.1405
vn 0.195519 0 -0.9807
v 73.1039 -12.1184 54.0919
vn 0.980851 0 -0.194758
v 73.0979 -19.155 54.0617
vn 0.980851 0 -0.194758
v 73.1039 -54.3379 54.0919
vn 0.980851 0 -0.194758
v 73.0979 -61.3745 54.0617
vn 0.980851 0 -0.194758
v 73.0264 8.99133 51.8602
vn -0.980788 0 -0.195078
v 73.0232 -16.8095 51.8763
vn -0.980788 0 -0.195078
v 73.0232 -49.6468 51.8763
vn -0.980788 0 -0.195078
v 73.0264 -75.4477 51.8602
vn -0.980788 0 -0.195078
v 73.1566 -16.8095 51.7429
vn -0.195209 0 -0.980762
v 73.1405 8.99133 51.7461
vn -0.195209 0 -0.980762
v 73.1566 -49.6468 51.7429
vn -0.195209 0 -0.980762
v 73.1405 -75.4477 51.7461
vn -0.195209 0 -0.980762
v 73.1338 8.99133 54.2047
vn 0 1 0
v 73.0729 8.99133 54.0796
vn 0 1 0
v 73.1767 -75.4477 54.2192
vn 0 0 1
v 74.9877 -75.4477 54.2192
vn 0 0 1
v 74.9877 8.99133 54.2192
vn 0 0 1
v 73.1767 8.99133 54.2192
vn 0 0 1
v 73.0979 -74.7479 53.6083
vn 1 0 0
v 73.0979 -75.4477 54.0617
vn 1 0 0
v 73.0979 -34.9873 54.0617
vn 1 0 0
v 73.0979 -75.4477 51.8964
vn 1 0 0
v 73.0979 8.99133 51.8964
vn 1 0 0
v 73.0979 8.28852 53.6084
vn 1 0 0
v 73.0979 8.99133 54.0617
vn 1 0 0
v 73.0729 -75.4477 54.0796
vn 0 -1 0
v 73.1338 -75.4477 54.2047
vn 0 -1 0
v 73.1566 8.99133 54.2152
vn -0.195209 0 0.980762
v 73.1405 -14.933 54.212
vn -0.195209 0 0.980762
v 73.1405 -51.5233 54.212
vn -0.195209 0 0.980762
v 73.1566 -75.4477 54.2152
vn -0.195209 0 0.980762
v 73.0232 8.99133 54.0818
vn -0.98079 0 0.195066
v 73.0264 -14.933 54.0979
vn -0.98079 0 0.195066
v 73.0232 -75.4477 54.0818
vn -0.98079 0 0.195066
v 73.0264 -51.5233 54.0979
vn -0.98079 0 0.195066
v 73.1767 8.99133 54.1405
vn 0 0 -1
v 74.9877 -75.4477 54.1405
vn 0 0 -1
v 73.1767 -75.4477 54.1405
vn 0 0 -1
v 74.9877 8.99133 54.1405
vn 0 0 -1
v 79.0726 93.4303 52.3708
vn -0.194901 0 0.980823
v 79.0806 51.2108 52.3724
vn -0.194901 0 0.980823
v 79.0776 33.6194 52.3718
vn -0.194901 0 0.980823
v 79.0726 8.99133 52.3708
vn -0.194901 0 0.980823
v 79.1383 68.8023 52.4324
vn -0.980724 0 0.195399
v 79.1377 93.4303 52.4294
vn -0.980724 0 0.195399
v 79.1383 33.6194 52.4324
vn -0.980724 0 0.195399
v 79.1393 8.99133 52.4375
vn -0.980724 0 0.195399
v 79.22 8.99133 54.1405
vn 1 0 0
v 79.22 8.99133 52.4475
vn 1 0 0
v 79.22 93.4303 52.4475
vn 1 0 0
v 79.22 93.4303 54.1405
vn 1 0 0
v 79.0804 93.4303 52.3438
vn 0 1 0
v 79.2055 93.4303 52.4046
vn 0 1 0
v 78.8022 9.69584 52.2901
vn 0 0 -1
v 78.5507 8.99133 52.2901
vn 0 0 -1
v 78.5507 45.0538 52.2901
vn 0 0 -1
v 79.0625 8.99133 52.2901
vn 0 0 -1
v 79.0625 36.2581 52.2901
vn 0 0 -1
v 78.8021 92.7258 52.2901
vn 0 0 -1
v 78.5507 93.4303 52.2901
vn 0 0 -1
v 79.0625 93.4303 52.2901
vn 0 0 -1
v 79.1413 8.99133 54.1405
vn -1 0 0
v 79.1413 8.99133 52.4475
vn -1 0 0
v 79.1413 93.4303 54.1405
vn -1 0 0
v 79.1413 93.4303 52.4475
vn -1 0 0
v 79.0804 8.99133 52.3438
vn 0 -1 0
v 79.2055 8.99133 52.4046
vn 0 -1 0
v 78.3972 8.99133 52.2314
vn -0.980788 0 0.195078
v 78.4004 32.9157 52.2475
vn -0.980788 0 0.195078
v 78.4004 69.506 52.2475
vn -0.980788 0 0.195078
v 78.3972 93.4303 52.2314
vn -0.980788 0 0.195078
v 78.5306 34.7921 52.3648
vn -0.195209 0 0.980762
v 78.5145 8.99133 52.3616
vn -0.195209 0 0.980762
v 78.5306 67.6295 52.3648
vn -0.195209 0 0.980762
v 78.5145 93.4303 52.3616
vn -0.195209 0 0.980762
v 79.0826 93.4303 52.2941
vn 0.195185 0 -0.980766
v 79.0987 69.506 52.2973
vn 0.195185 0 -0.980766
v 79.0826 34.7921 52.2941
vn 0.195185 0 -0.980766
v 79.0987 8.99133 52.2973
vn 0.195185 0 -0.980766
v 79.216 93.4303 52.4274
vn 0.980702 0 -0.195507
v 79.2128 69.506 52.4114
vn 0.980702 0 -0.195507
v 79.2128 32.9157 52.4114
vn 0.980702 0 -0.195507
v 79.216 8.99133 52.4274
vn 0.980702 0 -0.195507
v 78.5078 93.4303 52.3346
vn 0 1 0
v 78.4362 93.4303 52.222
vn 0 1 0
v 78.8022 9.69584 52.3688
vn 0 0 1
v 78.5507 8.99133 52.3688
vn 0 0 1
v 78.5507 38.0172 52.3688
vn 0 0 1
v 79.0625 38.8968 52.3688
vn 0 0 1
v 79.0625 8.99133 52.3688
vn 0 0 1
v 78.8021 92.7258 52.3688
vn 0 0 1
v 78.5507 93.4303 52.3688
vn 0 0 1
v 79.0625 93.4303 52.3688
vn 0 0 1
v 78.4362 8.99133 52.222
vn 0 -1 0
v 78.5078 8.99133 52.3346
vn 0 -1 0
v 78.3326 93.4303 51.8212
vn -0.195519 0 0.9807
v 78.3295 68.8023 51.8206
vn -0.195519 0 0.9807
v 78.3295 33.6194 51.8206
vn -0.195519 0 0.9807
v 78.3326 8.99133 51.8212
vn -0.195519 0 0.9807
v 78.3912 93.4303 51.8863
vn -0.980804 0 0.194996
v 78.3902 68.8023 51.8813
vn -0.980804 0 0.194996
v 78.3902 33.6194 51.8813
vn -0.980804 0 0.194996
v 78.3896 8.99133 51.8783
vn -0.980804 0 0.194996
v 78.4756 8.99133 52.2294
vn 0.980851 0 -0.194758
v 78.475 33.6194 52.2264
vn 0.980851 0 -0.194758
v 78.475 68.8023 52.2264
vn 0.980851 0 -0.194758
v 78.474 93.4303 52.2214
vn 0.980851 0 -0.194758
v 78.5407 8.99133 52.2881
vn 0.195519 0 -0.9807
v 78.5356 33.6194 52.2871
vn 0.195519 0 -0.9807
v 78.5407 93.4303 52.2881
vn 0.195519 0 -0.9807
v 78.5356 68.8023 52.2871
vn 0.195519 0 -0.9807
v 78.429 93.4303 51.8857
vn 0 1 0
v 78.3574 93.4303 51.7731
vn 0 1 0
v 78.429 8.99133 51.8857
vn 0 -1 0
v 78.3574 8.99133 51.7534
vn 0 -1 0
v 73.1015 93.4303 51.8783
vn 0.980851 0 0.194758
v 73.1007 51.2108 51.8821
vn 0.980851 0 0.194758
v 73.1009 33.6194 51.8813
vn 0.980851 0 0.194758
v 73.0999 8.99133 51.8863
vn 0.980851 0 0.194758
v 73.1667 93.4303 51.8196
vn 0.195519 0 0.9807
v 73.1616 68.8023 51.8206
vn 0.195519 0 0.9807
v 73.1616 33.6194 51.8206
vn 0.195519 0 0.9807
v 73.1667 8.99133 51.8196
vn 0.195519 0 0.9807
v 78.3346 93.4303 51.7429
vn 0.195495 0 -0.980705
v 78.3506 69.506 51.7461
vn 0.195495 0 -0.980705
v 78.3346 34.7921 51.7429
vn 0.195495 0 -0.980705
v 78.3506 8.99133 51.7461
vn 0.195495 0 -0.980705
v 78.468 93.4303 51.8763
vn 0.980764 0 -0.195197
v 78.4648 69.506 51.8602
vn 0.980764 0 -0.195197
v 78.4633 30.7408 51.8525
vn 0.980764 0 -0.195197
v 78.472 23.0645 51.8964
vn 0.980764 0 -0.195197
v 73.0729 93.4303 51.8785
vn 0 1 0
v 73.1338 93.4303 51.7534
vn 0 1 0
v 73.0192 9.69109 53.6083
vn -1 0 0
v 73.0192 8.99133 54.0617
vn -1 0 0
v 73.0192 38.0172 54.0617
vn -1 0 0
v 73.0192 8.99133 51.8964
vn -1 0 0
v 73.0192 92.7275 53.6084
vn -1 0 0
v 73.0192 93.4303 54.0617
vn -1 0 0
v 73.0192 93.4303 51.8964
vn -1 0 0
v 73.0729 8.99133 51.8785
vn 0 -1 0
v 73.1338 8.99133 51.7534
vn 0 -1 0
v 73.1466 72.3206 54.1345
vn 0.195519 0 -0.9807
v 73.1767 65.284 54.1405
vn 0.195519 0 -0.9807
v 73.1466 30.1011 54.1345
vn 0.195519 0 -0.9807
v 73.1767 37.1376 54.1405
vn 0.195519 0 -0.9807
v 73.1039 72.3206 54.0919
vn 0.980851 0 -0.194758
v 73.0979 65.284 54.0617
vn 0.980851 0 -0.194758
v 73.0979 37.1376 54.0617
vn 0.980851 0 -0.194758
v 73.1039 30.1011 54.0919
vn 0.980851 0 -0.194758
v 73.0264 93.4303 51.8602
vn -0.980788 0 -0.195078
v 73.0232 67.6295 51.8763
vn -0.980788 0 -0.195078
v 73.0232 34.7921 51.8763
vn -0.980788 0 -0.195078
v 73.0264 8.99133 51.8602
vn -0.980788 0 -0.195078
v 73.1566 67.6295 51.7429
vn -0.195209 0 -0.980762
v 73.1405 93.4303 51.7461
vn -0.195209 0 -0.980762
v 73.1405 32.9157 51.7461
vn -0.195209 0 -0.980762
v 73.1566 8.99133 51.7429
vn -0.195209 0 -0.980762
v 73.1338 93.4303 54.2047
vn 0 1 0
v 73.0729 93.4303 54.0796
vn 0 1 0
v 73.1767 8.99133 54.2192
vn 0 0 1
v 74.9877 8.99133 54.2192
vn 0 0 1
v 73.1767 93.4303 54.2192
vn 0 0 1
v 74.9877 93.4303 54.2192
vn 0 0 1
v 73.0979 9.69109 53.6083
vn 1 0 0
v 73.0979 8.99133 54.0617
vn 1 0 0
v 73.0979 45.9334 54.0617
vn 1 0 0
v 73.0979 8.99133 51.8964
vn 1 0 0
v 73.0979 92.7275 53.6084
vn 1 0 0
v 73.0979 93.4303 54.0617
vn 1 0 0
v 73.0979 93.4303 51.8964
vn 1 0 0
v 73.0729 8.99133 54.0796
vn 0 -1 0
v 73.1338 8.99133 54.2047
vn 0 -1 0
v 73.1405 93.4303 54.212
vn -0.195209 0 0.980762
v 73.1566 67.6295 54.2152
vn -0.195209 0 0.980762
v 73.1405 32.9157 54.212
vn -0.195209 0 0.980762
v 73.1566 8.99133 54.2152
vn -0.195209 0 0.980762
v 73.0232 67.6295 54.0818
vn -0.98079 0 0.195066
v 73.0264 93.4303 54.0979
vn -0.98079 0 0.195066
v 73.0232 8.99133 54.0818
vn -0.98079 0 0.195066
v 73.0264 32.9157 54.0979
vn -0.98079 0 0.195066
v 73.1767 93.4303 54.1405
vn 0 0 -1
v 74.9877 8.99133 54.1405
vn 0 0 -1
v 73.1767 8.99133 54.1405
vn 0 0 -1
v 74.9877 93.4303 54.1405
vn 0 0 -1
v -5.32184 8.99133 52.3716
vn 0.195257 0 0.980752
v -5.32564 51.2108 52.3724
vn 0.195257 0 0.980752
v -5.32263 68.8023 52.3718
vn 0.195257 0 0.980752
v -5.31761 93.4303 52.3708
vn 0.195257 0 0.980752
v -5.38331 33.6194 52.4324
vn 0.980766 0 0.19519
v -5.38271 8.99133 52.4294
vn 0.980766 0 0.19519
v -5.38331 68.8023 52.4324
vn 0.980766 0 0.19519
v -5.3843 93.4303 52.4375
vn 0.980766 0 0.19519
v -5.46504 93.4303 54.1405
vn -1 0 0
v -5.46504 93.4303 52.4475
vn -1 0 0
v -5.46504 8.99133 52.4475
vn -1 0 0
v -5.46504 8.99133 54.1405
vn -1 0 0
v -5.42204 8.99133 52.4368
vn 0 -1 0
v -5.35047 8.99133 52.3243
vn 0 -1 0
v -5.0472 92.7258 52.2901
vn 0 0 -1
v -4.79575 93.4303 52.2901
vn 0 0 -1
v -4.79575 66.1635 52.2901
vn 0 0 -1
v -5.30756 93.4303 52.2901
vn 0 0 -1
v -5.30756 56.4882 52.2901
vn 0 0 -1
v -5.04724 9.69585 52.2901
vn 0 0 -1
v -4.79575 8.99133 52.2901
vn 0 0 -1
v -5.30756 8.99133 52.2901
vn 0 0 -1
v -5.3863 93.4303 54.1405
vn 1 0 0
v -5.3863 93.4303 52.4475
vn 1 0 0
v -5.3863 8.99133 54.1405
vn 1 0 0
v -5.3863 8.99133 52.4475
vn 1 0 0
v -5.35047 93.4303 52.3243
vn 0 1 0
v -5.42204 93.4303 52.4368
vn 0 1 0
v -4.64546 93.4303 52.2475
vn 0.980798 0 0.195026
v -4.64227 67.6295 52.2314
vn 0.980798 0 0.195026
v -4.64227 34.7921 52.2314
vn 0.980798 0 0.195026
v -4.64546 8.99133 52.2475
vn 0.980798 0 0.195026
v -4.77566 67.6295 52.3648
vn 0.195318 0 0.98074
v -4.75959 93.4303 52.3616
vn 0.195318 0 0.98074
v -4.77566 34.7921 52.3648
vn 0.195318 0 0.98074
v -4.75959 8.99133 52.3616
vn 0.195318 0 0.98074
v -5.32765 8.99133 52.2941
vn -0.195288 0 -0.980746
v -5.34372 32.9157 52.2973
vn -0.195288 0 -0.980746
v -5.34372 69.506 52.2973
vn -0.195288 0 -0.980746
v -5.32765 93.4303 52.2941
vn -0.195288 0 -0.980746
v -5.46105 8.99133 52.4274
vn -0.980768 0 -0.195178
v -5.45785 32.9157 52.4114
vn -0.980768 0 -0.195178
v -5.46105 67.6295 52.4274
vn -0.980768 0 -0.195178
v -5.45785 93.4303 52.4114
vn -0.980768 0 -0.195178
v -4.75285 8.99133 52.3346
vn 0 -1 0
v -4.68127 8.99133 52.222
vn 0 -1 0
v -5.0472 92.7258 52.3688
vn 0 0 1
v -4.79575 93.4303 52.3688
vn 0 0 1
v -4.79575 38.0172 52.3688
vn 0 0 1
v -5.30756 45.0538 52.3688
vn 0 0 1
v -5.30756 93.4303 52.3688
vn 0 0 1
v -5.04724 9.69585 52.3688
vn 0 0 1
v -4.79575 8.99133 52.3688
vn 0 0 1
v -5.30756 8.99133 52.3688
vn 0 0 1
v -4.68127 93.4303 52.222
vn 0 1 0
v -4.75285 93.4303 52.3346
vn 0 1 0
v -4.57761 8.99133 51.8212
vn 0.195319 0 0.98074
v -4.5746 33.6194 51.8206
vn 0.195319 0 0.98074
v -4.5746 68.8023 51.8206
vn 0.195319 0 0.98074
v -4.57761 93.4303 51.8212
vn 0.195319 0 0.98074
v -4.63627 8.99133 51.8863
vn 0.980893 0 0.194549
v -4.63527 33.6194 51.8813
vn 0.980893 0 0.194549
v -4.63527 68.8023 51.8813
vn 0.980893 0 0.194549
v -4.63468 93.4303 51.8783
vn 0.980893 0 0.194549
v -4.71901 93.4303 52.2214
vn -0.980831 0 -0.194862
v -4.72001 68.8023 52.2264
vn -0.980831 0 -0.194862
v -4.72001 33.6194 52.2264
vn -0.980831 0 -0.194862
v -4.71901 8.99133 52.2214
vn -0.980831 0 -0.194862
v -4.78069 68.8023 52.2871
vn -0.195319 0 -0.98074
v -4.77767 93.4303 52.2865
vn -0.195319 0 -0.98074
v -4.78571 8.99133 52.2881
vn -0.195319 0 -0.98074
v -4.78069 33.6194 52.2871
vn -0.195319 0 -0.98074
v -4.66332 8.99133 51.8785
vn 0 -1 0
v -4.60244 8.99133 51.7534
vn 0 -1 0
v -4.66332 93.4303 51.8785
vn 0 1 0
v -4.60244 93.4303 51.7534
vn 0 1 0
v 0.653408 8.99133 51.8783
vn -0.980868 0 0.194674
v 0.654165 51.2108 51.8821
vn -0.980868 0 0.194674
v 0.654007 68.8023 51.8813
vn -0.980868 0 0.194674
v 0.653408 93.4303 51.8783
vn -0.980868 0 0.194674
v 0.588308 8.99133 51.8196
vn -0.195306 0 0.980742
v 0.59333 33.6194 51.8206
vn -0.195306 0 0.980742
v 0.59333 68.8023 51.8206
vn -0.195306 0 0.980742
v 0.588308 93.4303 51.8196
vn -0.195306 0 0.980742
v -4.57962 8.99133 51.7429
vn -0.195288 0 -0.980746
v -4.59569 32.9157 51.7461
vn -0.195288 0 -0.980746
v -4.59569 69.506 51.7461
vn -0.195288 0 -0.980746
v -4.57962 93.4303 51.7429
vn -0.195288 0 -0.980746
v -4.71301 8.99133 51.8763
vn -0.980798 0 -0.195026
v -4.70982 32.9157 51.8602
vn -0.980798 0 -0.195026
v -4.71701 65.284 51.8964
vn -0.980798 0 -0.195026
v -4.70829 72.9603 51.8525
vn -0.980798 0 -0.195026
v 0.682052 8.99133 51.8785
vn 0 -1 0
v 0.621169 8.99133 51.7534
vn 0 -1 0
v 0.735744 92.7305 53.6083
vn 1 0 0
v 0.735744 93.4303 54.0617
vn 1 0 0
v 0.735744 36.2581 54.0617
vn 1 0 0
v 0.735744 93.4303 51.8964
vn 1 0 0
v 0.735744 8.99133 51.8964
vn 1 0 0
v 0.735744 9.69413 53.6084
vn 1 0 0
v 0.735744 8.99133 54.0617
vn 1 0 0
v 0.682052 93.4303 51.8785
vn 0 1 0
v 0.621169 93.4303 51.7534
vn 0 1 0
v 0.608396 30.1011 54.1345
vn -0.195306 0 -0.980742
v 0.578264 37.1376 54.1405
vn -0.195306 0 -0.980742
v 0.608396 72.3206 54.1345
vn -0.195306 0 -0.980742
v 0.578264 65.284 54.1405
vn -0.195306 0 -0.980742
v 0.65101 30.1011 54.0919
vn -0.980868 0 -0.194674
v 0.657004 23.0645 54.0617
vn -0.980868 0 -0.194674
v 0.657004 65.284 54.0617
vn -0.980868 0 -0.194674
v 0.65101 72.3206 54.0919
vn -0.980868 0 -0.194674
v 0.731748 8.99133 51.8763
vn 0.980805 0 -0.194993
v 0.728551 32.9157 51.8602
vn 0.980805 0 -0.194993
v 0.728551 69.506 51.8602
vn 0.980805 0 -0.194993
v 0.731748 93.4303 51.8763
vn 0.980805 0 -0.194993
v 0.598352 34.7921 51.7429
vn 0.195303 0 -0.980743
v 0.614423 8.99133 51.7461
vn 0.195303 0 -0.980743
v 0.614423 69.506 51.7461
vn 0.195303 0 -0.980743
v 0.598352 93.4303 51.7429
vn 0.195303 0 -0.980743
v 0.621169 8.99133 54.2047
vn 0 -1 0
v 0.682052 8.99133 54.0796
vn 0 -1 0
v 0.578264 93.4303 54.2192
vn 0 0 1
v -1.23276 93.4303 54.2192
vn 0 0 1
v -1.23276 8.99133 54.2192
vn 0 0 1
v 0.578264 8.99133 54.2192
vn 0 0 1
v 0.657004 92.7305 53.6083
vn -1 0 0
v 0.657004 93.4303 54.0617
vn -1 0 0
v 0.657004 36.2581 54.0617
vn -1 0 0
v 0.657004 93.4303 51.8964
vn -1 0 0
v 0.657004 8.99133 51.8964
vn -1 0 0
v 0.657004 9.69413 53.6084
vn -1 0 0
v 0.657004 8.99133 54.0617
vn -1 0 0
v 0.682052 93.4303 54.0796
vn 0 1 0
v 0.621169 93.4303 54.2047
vn 0 1 0
v 0.614423 8.99133 54.212
vn 0.195303 0 0.980743
v 0.598352 34.7921 54.2152
vn 0.195303 0 0.980743
v 0.598352 67.6295 54.2152
vn 0.195303 0 0.980743
v 0.614423 93.4303 54.212
vn 0.195303 0 0.980743
v 0.731748 8.99133 54.0818
vn 0.980807 0 0.194981
v 0.728551 32.9157 54.0979
vn 0.980807 0 0.194981
v 0.731748 67.6295 54.0818
vn 0.980807 0 0.194981
v 0.728551 93.4303 54.0979
vn 0.980807 0 0.194981
v 0.578264 93.4303 54.1405
vn 0 0 -1
v -1.23276 93.4303 54.1405
vn 0 0 -1
v -1.23276 8.99133 54.1405
vn 0 0 -1
v 0.578264 8.99133 54.1405
vn 0 0 -1
v 78.9315 95.9425 -35.6929
vn 0.0537934 0.0832998 0.995072
v 78.9219 95.9243 -35.6908
vn 0.0523974 0.0801146 0.995408
v 78.9049 95.9231 -35.9272
vn -0.0502275 -0.078451 -0.995652
v 78.918 95.9106 -35.9268
vn -0.0519056 -0.0805803 -0.995396
v -7.85984 20.4795 -35.8222
vn 0.988563 0.145115 0.041057
v -7.85925 20.5333 -36.0384
vn 0.984543 0.175107 0.00349059
v -7.90661 20.2968 -37.7183
vn 0.972445 0.225058 -0.0608199
v -7.91887 20.2546 -38.0747
vn 0.97456 0.216566 -0.0577212
v -7.91238 20.2744 -37.8928
vn 0.973702 0.220089 -0.0588671
v -7.89038 20.1763 -37.9226
vn 0.968979 0.238946 -0.0631284
v -7.90417 20.1708 -38.1551
vn 0.970621 0.232388 -0.0623716
v -7.9197 20.2594 -38.071
vn 0.975398 0.211971 -0.0605626
v -7.9197 20.2601 -38.0684
vn 0.975398 0.211971 -0.0605626
v -7.92496 20.2751 -38.1079
vn 0.980391 0.193244 -0.0385926
v -7.93181 20.3017 -38.1562
vn 0.981953 0.186197 -0.0331396
v -7.91023 20.1977 -38.145
vn 0.973022 0.223056 -0.0589387
v -7.91611 20.2345 -38.1033
vn 0.974643 0.216921 -0.0549141
v -7.94369 20.3902 -38.2391
vn 0.997312 0.0714352 -0.0162743
v -7.94337 20.3708 -38.3049
vn 0.997357 0.0708943 -0.0158892
v -7.94304 20.3554 -38.3537
vn 0.997147 0.073662 -0.0164643
v -7.94164 20.304 -38.4976
vn 0.996908 0.0765018 -0.0179409
v -7.94081 20.2771 -38.5627
vn 0.996511 0.0806669 -0.0214175
v -7.94144 20.293 -38.5319
vn 0.996511 0.0806669 -0.0214175
v -7.94007 20.2531 -38.6145
vn 0.996429 0.0802765 -0.0261894
v -7.93861 20.1995 -38.7178
vn 0.995893 0.0846419 -0.0321387
v -7.93753 20.1615 -38.7798
vn 0.994912 0.0912009 -0.0428006
v -7.92187 20.2663 -38.0835
vn 0.976391 0.208666 -0.0558411
v -7.91911 20.2818 -37.9782
vn 0.976498 0.20799 -0.0565027
v -7.90221 20.3467 -37.4633
vn 0.97309 0.222369 -0.0603912
v -7.87799 20.4847 -36.5658
vn 0.97421 0.217551 -0.0598813
v -7.92825 20.3228 -38.0031
vn 0.984274 0.170157 -0.0474543
v -7.92842 20.2894 -38.129
vn 0.983899 0.172373 -0.0472246
v -7.87439 20.5077 -36.4242
vn 0.972001 0.227742 -0.0578557
v -7.87008 20.538 -36.2279
vn 0.976502 0.209283 -0.0514306
v -7.86834 20.5548 -36.0977
vn 0.971868 0.234681 -0.0199152
v -7.87839 20.6138 -35.9195
vn 0.981346 0.184097 0.0553885
v -7.89519 20.6673 -35.7854
vn 0.98307 0.175596 0.0523429
v -7.90518 20.7546 -35.8987
vn 0.984528 0.169428 0.0447062
v -7.90362 20.7134 -35.7761
vn 0.984566 0.169224 0.0446368
v -7.91746 20.8225 -35.8937
vn 0.985685 0.164643 0.036293
v -7.9185 20.7997 -35.7591
vn 0.986792 0.157911 0.0361356
v -7.94266 20.4204 -38.0636
vn 0.996489 0.0812002 -0.0203815
v -7.94129 20.3652 -38.2182
vn 0.996716 0.0787659 -0.0188071
v -7.94275 20.5075 -37.7359
vn 0.995857 0.0878224 -0.0235663
v -7.94341 20.4961 -37.8072
vn 0.995877 0.0876641 -0.0233369
v -7.94114 20.578 -37.4158
vn 0.993474 0.110081 -0.02986
v -7.94099 20.5929 -37.3559
vn 0.993474 0.110081 -0.02986
v -7.94208 20.5437 -37.5754
vn 0.994895 0.0973983 -0.0263946
v -7.94188 20.5603 -37.5068
vn 0.994895 0.0973983 -0.0263946
v -7.9399 20.6207 -37.2191
vn 0.992753 0.115928 -0.0316719
v -7.94052 20.6092 -37.2808
vn 0.992753 0.115928 -0.0316719
v -7.93863 20.6524 -37.0665
vn 0.991344 0.126646 -0.0346033
v -7.93858 20.674 -36.9862
vn 0.991327 0.126762 -0.0346865
v -7.93663 20.7248 -36.7512
vn 0.988042 0.148511 -0.0414418
v -7.93776 20.6897 -36.9071
vn 0.989803 0.137328 -0.0378155
v -7.93759 20.7057 -36.8446
vn 0.989803 0.137328 -0.0378155
v -7.93499 20.7735 -36.5392
vn 0.986937 0.155065 -0.0437013
v -7.93094 20.9012 -35.8985
vn 0.991039 0.133306 0.00844009
v -7.92965 20.8708 -35.7457
vn 0.993181 0.114525 0.0218015
v -7.93247 20.8524 -36.2041
vn 0.983365 0.175491 -0.0468656
v -7.93329 20.835 -36.2866
vn 0.983365 0.175491 -0.0468656
v -7.95121 21.0154 -36.1768
vn 0.998511 0.0521795 -0.0158863
v -7.95138 21.0131 -36.1975
vn 0.998806 0.0470274 -0.0132264
v -7.95202 20.9993 -36.3081
vn 0.999035 0.043148 -0.00819405
v -7.95294 20.8728 -37.166
vn 0.999737 0.0225983 -0.00390197
v -7.94993 20.9994 -36.1565
vn 0.995846 0.0898285 -0.014912
v -7.94688 20.9729 -36.1275
vn 0.994676 0.102101 -0.0139817
v -7.93971 20.924 -36.0986
vn 0.989746 0.137819 -0.0375323
v -7.94181 20.9369 -36.1066
vn 0.989746 0.137819 -0.0375323
v -7.9401 20.6169 -37.2504
vn 0.996641 0.0785766 -0.0230592
v -7.95266 20.6946 -38.4458
vn 0.999948 0.0101322 -0.000969247
v -7.95276 20.7102 -38.2972
vn 0.999869 0.0161086 -0.00183831
v -7.9524 20.6597 -38.6565
vn 0.999979 0.00646535 3.52584e-05
v -7.9523 20.6445 -38.8497
vn 0.999977 0.0067606 -0.000117177
v -7.94414 20.397 -38.2379
vn 0.782379 -0.606121 0.143183
v -7.93303 20.861 -36.1838
vn 0.985997 0.161897 -0.0400001
v -7.93283 20.8823 -36.0914
vn 0.98641 0.15988 -0.0378687
v -7.93492 20.7968 -36.4566
vn 0.987377 0.152298 -0.0435021
v -7.93659 20.7366 -36.7082
vn 0.990176 0.134463 -0.0383465
v -7.94374 20.3905 -38.2423
vn 0.998006 0.0615844 -0.0138446
v -7.94181 20.2967 -38.5357
vn 0.996656 0.0792359 -0.0199757
v -7.94026 20.2485 -38.6374
vn 0.996402 0.0811793 -0.0243505
v -7.93864 20.1736 -38.7827
vn 0.996374 0.0779427 -0.0341139
v -7.93782 20.1594 -38.7896
vn 0.996121 0.0794999 -0.0377248
v -7.9391 20.2049 -38.7196
vn 0.99642 0.0795361 -0.0286724
v -7.93946 20.2248 -38.6769
vn 0.99642 0.0795361 -0.0286724
v -7.8898 20.4564 -35.6814
vn 0.929695 0.102259 0.353851
v -7.91181 20.5205 -35.6463
vn 0.901716 0.0756262 0.425662
v -7.93238 20.5763 -35.609
vn 0.925438 0.0516089 0.375368
v -7.88228 20.5034 -35.7192
vn 0.948696 0.143221 0.281892
v -7.87833 20.5258 -35.7496
vn 0.971862 0.137739 0.191081
v -7.87332 20.5514 -35.8085
vn 0.979318 0.156489 0.128248
v -7.88206 20.5964 -35.7978
vn 0.980625 0.164346 0.106611
v -7.87812 20.5767 -35.8036
vn 0.980625 0.164346 0.106611
v -7.88859 20.631 -35.7909
vn 0.981896 0.163738 0.0952384
v -7.90786 20.7357 -35.7698
vn 0.982943 0.161284 0.0883768
v -7.91637 20.7833 -35.7582
vn 0.984652 0.145675 0.0961178
v -7.91209 20.7607 -35.7667
vn 0.98415 0.148174 0.0974279
v -7.93608 20.8291 -35.6656
vn 0.983837 0.0871263 0.15644
v -7.93445 20.7504 -35.6401
vn 0.97703 0.0671756 0.202237
v -7.93336 20.6691 -35.622
vn 0.964999 0.0591058 0.255508
v -7.92965 20.8708 -35.7457
vn 0.987898 0.130021 0.084571
v -7.92494 20.8376 -35.7498
vn 0.987898 0.130021 0.084571
v -7.93411 20.9012 -35.7383
vn 0.990008 0.11967 0.0745937
v -7.93731 20.9263 -35.736
vn 0.990008 0.11967 0.0745937
v -7.93845 20.9011 -35.6978
vn 0.990002 0.0923611 0.10661
v -7.9407 20.954 -35.7303
vn 0.993195 0.0942736 0.0683833
v -7.94993 21.001 -36.1507
vn 0.997092 0.067283 -0.035771
v -7.94689 20.9742 -36.1228
vn 0.996294 0.0763853 -0.039534
v -7.95191 21.0453 -36.1364
vn 0.9992 0.037521 -0.0138609
v -7.95165 21.0333 -36.1497
vn 0.9992 0.037521 -0.0138609
v -7.94181 20.9382 -36.1012
vn 0.989549 0.141295 -0.0287946
v -7.93971 20.924 -36.0986
vn 0.989549 0.141295 -0.0287946
v -7.93291 20.893 -36.0436
vn 0.985211 0.167681 -0.0352429
v -7.93283 20.8829 -36.0885
vn 0.985098 0.167997 -0.0368725
v -7.9335 20.9045 -36.0007
vn 0.98623 0.162923 -0.0283863
v -7.93303 20.9052 -35.9785
vn 0.986215 0.163282 -0.0268191
v -7.95255 21.1136 -36.0713
vn 0.999919 0.0101107 -0.00767618
v -7.9525 21.112 -36.0663
vn 0.999919 0.0101107 -0.00767618
v -7.93432 20.9208 -35.9163
vn 0.987237 0.158384 -0.0166787
v -7.93329 20.9098 -35.9574
vn 0.985847 0.166413 -0.0202934
v -7.93563 20.9321 -35.8758
vn 0.989103 0.147187 -0.0033869
v -7.93444 20.9232 -35.895
vn 0.989195 0.146506 -0.00542185
v -7.93952 20.9536 -35.7684
vn 0.990936 0.133345 0.0162888
v -7.93678 20.9398 -35.8305
vn 0.989825 0.141902 0.0105299
v -7.94105 20.961 -35.74
vn 0.993967 0.103877 0.0351946
v -7.94124 20.9597 -35.7308
vn 0.993967 0.103877 0.0351946
v -7.95247 21.0984 -36.0823
vn 0.999929 0.0101282 -0.00630001
v -7.95256 21.1146 -36.0707
vn 0.999933 0.00969753 -0.00636211
v -7.95203 21.0592 -36.1226
vn 0.99964 0.0247972 -0.0101993
v -7.95236 21.0487 -36.1716
vn 0.999597 0.0264851 -0.0102349
v -7.95122 21.0158 -36.1762
vn 0.999235 0.0364369 -0.0142175
v -7.95141 21.0137 -36.1975
vn 0.998904 0.0449232 -0.0131676
v -7.95189 21.0167 -36.2274
vn 0.999162 0.0397925 -0.00962531
v -7.95232 21.0079 -36.3072
vn 0.99927 0.0370271 -0.0093809
v -7.95331 20.8781 -37.3621
vn 0.999959 0.008959 -0.00139908
v -7.95288 20.8511 -37.3386
vn 0.999953 0.00954171 -0.00155408
v -7.95296 20.9893 -36.5134
vn 0.999674 0.0250457 -0.00489059
v -7.95232 20.9864 -36.4044
vn 0.999673 0.0250582 -0.00509491
v -7.95304 20.7592 -38.1439
vn 0.999985 0.00541202 -0.000120198
v -7.95251 20.675 -38.5882
vn 0.999982 0.00605348 0.00014095
v -7.95245 20.6708 -38.8507
vn 0.999985 0.005524 4.81853e-05
v -7.95238 20.6579 -38.7233
vn 0.999985 0.005524 4.81853e-05
f 19//19 18//18 20//20
f 18//18 17//17 20//20
f 21//21 22//22 23//23
f 21//21 24//24 22//22
f 49//49 50//50 51//51
f 52//52 50//50 49//49
f 53//53 55//55 54//54
f 54//54 55//55 56//56
f 68//68 66//66 67//67
f 68//68 65//65 66//66
f 69//69 70//70 71//71
f 72//72 73//73 74//74
f 121//121 120//120 119//119
f 121//121 119//119 122//122
f 123//123 124//124 125//125
f 123//123 126//126 124//124
f 151//151 152//152 153//153
f 154//154 152//152 151//151
f 155//155 156//156 157//157
f 155//155 158//158 156//156
f 170//170 168//168 169//169
f 170//170 167//167 168//168
f 171//171 172//172 173//173
f 174//174 175//175 176//176
f 233//233 234//234 235//235
f 236//236 237//237 238//238
f 249//249 250//250 251//251
f 252//252 253//253 254//254
f 255//255 256//256 257//257
f 256//256 255//255 258//258
f 259//259 262//262 261//261
f 261//261 260//260 259//259
f 277//277 278//278 276//276
f 275//275 277//277 276//276
f 279//279 280//280 281//281
f 283//283 279//279 282//282
f 281//281 282//282 279//279
f 284//284 279//279 283//283
f 285//285 286//286 287//287
f 285//285 287//287 288//288
f 288//288 289//289 285//285
f 290//290 284//284 291//291
f 291//291 292//292 290//290
f 293//293 294//294 289//289
f 295//295 294//294 293//293
f 288//288 293//293 289//289
f 293//293 296//296 295//295
f 284//284 283//283 291//291
f 317//317 318//318 319//319
f 322//322 323//323 324//324
f 325//325 326//326 327//327
f 338//338 340//340 339//339
f 341//341 342//342 343//343
f 344//344 346//346 345//345
f 347//347 345//345 346//346
f 360//360 361//361 362//362
f 360//360 363//363 361//361
f 420//420 421//421 422//422
f 423//423 424//424 425//425
f 436//436 437//437 438//438
f 439//439 440//440 441//441
f 442//442 443//443 444//444
f 444//444 445//445 442//442
f 448//448 449//449 446//446
f 449//449 447//447 446//446
f 462//462 463//463 464//464
f 462//462 465//465 463//463
f 466//466 467//467 468//468
f 470//470 466//466 469//469
f 468//468 469//469 466//466
f 471//471 466//466 470//470
f 473//473 474//474 472//472
f 472//472 474//474 475//475
f 475//475 476//476 472//472
f 477//477 471//471 478//478
f 478//478 479//479 477//477
f 480//480 481//481 476//476
f 482//482 481//481 480//480
f 475//475 480//480 476//476
f 480//480 483//483 482//482
f 471//471 470//470 478//478
f 504//504 505//505 506//506
f 509//509 510//510 511//511
f 512//512 513//513 514//514
f 525//525 526//526 527//527
f 528//528 529//529 530//530
f 531//531 532//532 533//533
f 531//531 534//534 532//532
f 550//550 548//548 549//549
f 547//547 549//549 548//548
f 607//607 608//608 609//609
f 610//610 611//611 612//612
f 623//623 624//624 625//625
f 626//626 627//627 628//628
f 631//631 629//629 630//630
f 632//632 629//629 631//631
f 634//634 635//635 633//633
f 629//629 634//634 633//633
f 634//634 636//636 637//637
f 638//638 632//632 639//639
f 640//640 638//638 639//639
f 640//640 641//641 638//638
f 643//643 636//636 642//642
f 634//634 642//642 636//636
f 643//643 641//641 640//640
f 640//640 644//644 643//643
f 642//642 641//641 643//643
f 639//639 632//632 631//631
f 645//645 646//646 647//647
f 648//648 649//649 650//650
f 645//645 651//651 646//646
f 662//662 663//663 664//664
f 662//662 665//665 663//663
f 668//668 667//667 669//669
f 667//667 668//668 666//666
f 670//670 671//671 672//672
f 673//673 674//674 675//675
f 676//676 677//677 678//678
f 703//703 704//704 705//705
f 706//706 707//707 708//708
f 719//719 720//720 721//721
f 722//722 720//720 719//719
f 723//723 724//724 725//725
f 723//723 726//726 724//724
f 737//737 738//738 739//739
f 737//737 740//740 738//738
f 799//799 800//800 801//801
f 802//802 803//803 804//804
f 815//815 816//816 817//817
f 818//818 819//819 820//820
f 821//821 822//822 823//823
f 824//824 823//823 822//822
f 825//825 826//826 821//821
f 821//821 827//827 825//825
f 828//828 829//829 830//830
f 827//827 828//828 830//830
f 823//823 824//824 831//831
f 833//833 831//831 832//832
f 833//833 834//834 831//831
f 829//829 828//828 834//834
f 835//835 829//829 834//834
f 835//835 834//834 833//833
f 833//833 836//836 835//835
f 832//832 831//831 824//824
f 837//837 838//838 839//839
f 840//840 841//841 842//842
f 837//837 843//843 838//838
f 854//854 855//855 856//856
f 854//854 857//857 855//855
f 858//858 859//859 860//860
f 860//860 861//861 858//858
f 862//862 863//863 864//864
f 865//865 866//866 867//867
f 868//868 869//869 870//870
f 895//895 896//896 897//897
f 898//898 899//899 900//900
f 911//911 912//912 913//913
f 914//914 912//912 911//911
f 915//915 917//917 916//916
f 918//918 916//916 917//917
f 931//931 932//932 930//930
f 929//929 931//931 930//930
f 963//963 964//964 965//965
f 963//963 965//965 966//966
f 963//963 967//967 964//964
f 969//969 967//967 963//963
f 963//963 970//970 969//969
f 965//965 968//968 966//966
f 971//971 967//967 972//972
f 967//967 973//973 974//974
f 971//971 973//973 967//967
f 964//964 967//967 974//974
f 975//975 974//974 973//973
f 966//966 968//968 977//977
f 965//965 976//976 968//968
f 976//976 977//977 968//968
f 978//978 970//970 977//977
f 977//977 976//976 978//978
f 976//976 965//965 964//964
f 972//972 978//978 971//971
f 973//973 971//971 978//978
f 973//973 978//978 975//975
f 969//969 970//970 978//978
f 978//978 976//976 975//975
f 979//979 980//980 981//981
f 982//982 981//981 980//980
f 983//983 979//979 984//984
f 983//983 980//980 979//979
f 979//979 981//981 985//985
f 982//982 980//980 986//986
f 987//987 983//983 984//984
f 983//983 989//989 990//990
f 988//988 989//989 983//983
f 983//983 990//990 980//980
f 988//988 983//983 991//991
f 992//992 990//990 989//989
f 994//994 987//987 995//995
f 995//995 987//987 984//984
f 995//995 981//981 993//993
f 986//986 995//995 993//993
f 995//995 985//985 981//981
f 986//986 993//993 982//982
f 986//986 994//994 995//995
f 994//994 988//988 991//991
f 994//994 989//989 988//988
f 994//994 992//992 989//989
f 992//992 994//994 986//986
f 1000//1000 1001//1001 1002//1002
f 1003//1003 1001//1001 1004//1004
f 1000//1000 1004//1004 1001//1001
f 1005//1005 1004//1004 1000//1000
f 1005//1005 1000//1000 1006//1006
f 1002//1002 1006//1006 1000//1000
f 1003//1003 1004//1004 1007//1007
f 1006//1006 1007//1007 1004//1004
f 1007//1007 1006//1006 1002//1002
f 1008//1008 1009//1009 1010//1010
f 1011//1011 1010//1010 1009//1009
f 1009//1009 1013//1013 1012//1012
f 1011//1011 1009//1009 1012//1012
f 1012//1012 1013//1013 1014//1014
f 1015//1015 1010//1010 1011//1011
f 1008//1008 1010//1010 1013//1013
f 1010//1010 1015//1015 1013//1013
f 1013//1013 1015//1015 1014//1014
f 1020//1020 1021//1021 1022//1022
f 1023//1023 1020//1020 1022//1022
f 1024//1024 1021//1021 1025//1025
f 1024//1024 1022//1022 1021//1021
f 1026//1026 1021//1021 1020//1020
f 1023//1023 1022//1022 1027//1027
f 1024//1024 1025//1025 1028//1028
f 1024//1024 1029//1029 1031//1031
f 1030//1030 1029//1029 1024//1024
f 1024//1024 1031//1031 1022//1022
f 1024//1024 1032//1032 1030//1030
f 1033//1033 1028//1028 1025//1025
f 1034//1034 1033//1033 1025//1025
f 1023//1023 1034//1034 1020//1020
f 1027//1027 1034//1034 1023//1023
f 1026//1026 1020//1020 1034//1034
f 1027//1027 1033//1033 1034//1034
f 1032//1032 1033//1033 1030//1030
f 1033//1033 1035//1035 1029//1029
f 1029//1029 1030//1030 1033//1033
f 1035//1035 1033//1033 1027//1027
f 1031//1031 1029//1029 1035//1035
f 1036//1036 1037//1037 1038//1038
f 1039//1039 1037//1037 1036//1036
f 1039//1039 1041//1041 1037//1037
f 1040//1040 1038//1038 1037//1037
f 1038//1038 1042//1042 1036//1036
f 1043//1043 1041//1041 1039//1039
f 1042//1042 1038//1038 1044//1044
f 1046//1046 1040//1040 1047//1047
f 1040//1040 1045//1045 1048//1048
f 1046//1046 1045//1045 1040//1040
f 1040//1040 1048//1048 1038//1038
f 1037//1037 1049//1049 1040//1040
f 1040//1040 1049//1049 1050//1050
f 1042//1042 1044//1044 1039//1039
f 1044//1044 1043//1043 1039//1039
f 1051//1051 1049//1049 1043//1043
f 1044//1044 1051//1051 1043//1043
f 1051//1051 1046//1046 1047//1047
f 1048//1048 1045//1045 1052//1052
f 1051//1051 1050//1050 1049//1049
f 1051//1051 1052//1052 1045//1045
f 1045//1045 1046//1046 1051//1051
f 1052//1052 1051//1051 1044//1044
f 1058//1058 1059//1059 1060//1060
f 1057//1057 1059//1059 1058//1058
f 1062//1062 1059//1059 1057//1057
f 1058//1058 1061//1061 1057//1057
f 1063//1063 1064//1064 1058//1058
f 1063//1063 1058//1058 1060//1060
f 1062//1062 1057//1057 1064//1064
f 1064//1064 1057//1057 1061//1061
f 1062//1062 1064//1064 1063//1063
f 1065//1065 1066//1066 1067//1067
f 1068//1068 1066//1066 1065//1065
f 1069//1069 1067//1067 1066//1066
f 1065//1065 1070//1070 1071//1071
f 1068//1068 1065//1065 1071//1071
f 1067//1067 1071//1071 1070//1070
f 1072//1072 1067//1067 1069//1069
f 1072//1072 1071//1071 1067//1067
f 1068//1068 1071//1071 1072//1072
f 1077//1077 1079//1079 1078//1078
f 1094//1094 1093//1093 1092//1092
f 1092//1092 1095//1095 1094//1094
f 1104//1104 1105//1105 1106//1106
f 1107//1107 1108//1108 1109//1109
f 1110//1110 1111//1111 1112//1112
f 1143//1143 1144//1144 1145//1145
f 1143//1143 1146//1146 1144//1144
f 1153//1153 1154//1154 1152//1152
f 1151//1151 1153//1153 1152//1152
f 1171//1171 1173//1173 1172//1172
f 1182//1182 1183//1183 1184//1184
f 1182//1182 1185//1185 1183//1183
f 1186//1186 1187//1187 1188//1188
f 1189//1189 1187//1187 1186//1186
f 1202//1202 1203//1203 1204//1204
f 1209//1209 1210//1210 1211//1211
f 1212//1212 1213//1213 1214//1214
f 1233//1233 1234//1234 1235//1235
f 1233//1233 1236//1236 1234//1234
f 1247//1247 1249//1249 1248//1248
f 1250//1250 1248//1248 1249//1249
f 1255//1255 1256//1256 1257//1257
f 1258//1258 1259//1259 1260//1260
f 1261//1261 1262//1262 1263//1263
f 1295//1295 1293//1293 1294//1294
f 1292//1292 1294//1294 1293//1293
f 1301//1301 1302//1302 1303//1303
f 1300//1300 1302//1302 1301//1301
f 1320//1320 1321//1321 1322//1322
f 1329//1329 1331//1331 1330//1330
f 1332//1332 1330//1330 1331//1331
f 1333//1333 1334//1334 1335//1335
f 1348//1348 1349//1349 1350//1350
f 1351//1351 1349//1349 1348//1348
f 1356//1356 1357//1357 1358//1358
f 1359//1359 1357//1357 1356//1356
f 1371//1371 1370//1370 1372//1372
f 1395//1395 1396//1396 1397//1397
f 1395//1395 1398//1398 1396//1396
f 1409//1409 1410//1410 1411//1411
f 1409//1409 1412//1412 1410//1410
f 1417//1417 1418//1418 1419//1419
f 1419//1419 1420//1420 1417//1417
f 1421//1421 1422//1422 1423//1423
f 1449//1449 1450//1450 1448//1448
f 1456//1456 1454//1454 1455//1455
f 1453//1453 1455//1455 1454//1454
f 1461//1461 1462//1462 1463//1463
f 1461//1461 1464//1464 1465//1465
f 1461//1461 1463//1463 1464//1464
f 1466//1466 1467//1467 1468//1468
f 1469//1469 1466//1466 1470//1470
f 1466//1466 1469//1469 1467//1467
f 1471//1471 1472//1472 1473//1473
f 1474//1474 1472//1472 1471//1471
f 1487//1487 1488//1488 1489//1489
f 1496//1496 1495//1495 1494//1494
f 1496//1496 1494//1494 1497//1497
f 1503//1503 1505//1505 1504//1504
f 1516//1516 1517//1517 1518//1518
f 1516//1516 1519//1519 1517//1517
f 1520//1520 1519//1519 1516//1516
f 1526//1526 1527//1527 1528//1528
f 1526//1526 1529//1529 1527//1527
f 1540//1540 1542//1542 1541//1541
f 1543//1543 1541//1541 1542//1542
f 1548//1548 1549//1549 1550//1550
f 1549//1549 1548//1548 1551//1551
f 1552//1552 1553//1553 1554//1554
f 1586//1586 1584//1584 1585//1585
f 1583//1583 1585//1585 1584//1584
f 1594//1594 1592//1592 1593//1593
f 1591//1591 1593//1593 1592//1592
f 1595//1595 1596//1596 1597//1597
f 1598//1598 1597//1597 1596//1596
f 1613//1613 1615//1615 1614//1614
f 1620//1620 1621//1621 1622//1622
f 1635//1635 1636//1636 1637//1637
f 1638//1638 1636//1636 1635//1635
f 1643//1643 1644//1644 1645//1645
f 1646//1646 1644//1644 1643//1643
f 1652//1652 1654//1654 1653//1653
f 1655//1655 1653//1653 1654//1654
f 1670//1670 1669//1669 1668//1668
f 1668//1668 1671//1671 1670//1670
f 1674//1674 1672//1672 1673//1673
f 1676//1676 1675//1675 1677//1677
f 1677//1677 1678//1678 1676//1676
f 1679//1679 1680//1680 1681//1681
f 1682//1682 1683//1683 1684//1684
f 1680//1680 1679//1679 1685//1685
f 1682//1682 1686//1686 1683//1683
f 1708//1708 1707//1707 1709//1709
f 1713//1713 1714//1714 1712//1712
f 1719//1719 1720//1720 1721//1721
f 1719//1719 1722//1722 1720//1720
f 1727//1727 1729//1729 1728//1728
f 1728//1728 1729//1729 1730//1730
f 1757//1757 1758//1758 1759//1759
f 1757//1757 1760//1760 1758//1758
f 1761//1761 1762//1762 1763//1763
f 1776//1776 1777//1777 1778//1778
f 1784//1784 1783//1783 1785//1785
f 1786//1786 1787//1787 1788//1788
f 1789//1789 1790//1790 1791//1791
f 1829//1829 1830//1830 1831//1831
f 1832//1832 1833//1833 1834//1834
f 1845//1845 1846//1846 1847//1847
f 1848//1848 1849//1849 1850//1850
f 1848//1848 1851//1851 1849//1849
f 1852//1852 1853//1853 1854//1854
f 1853//1853 1852//1852 1855//1855
f 1856//1856 1858//1858 1859//1859
f 1857//1857 1856//1856 1859//1859
f 1873//1873 1871//1871 1872//1872
f 1870//1870 1872//1872 1871//1871
f 1876//1876 1875//1875 1877//1877
f 1875//1875 1876//1876 1874//1874
f 1878//1878 1879//1879 1880//1880
f 1878//1878 1880//1880 1881//1881
f 1882//1882 1883//1883 1884//1884
f 1885//1885 1887//1887 1888//1888
f 1887//1887 1885//1885 1886//1886
f 1909//1909 1910//1910 1911//1911
f 1914//1914 1915//1915 1916//1916
f 1917//1917 1918//1918 1919//1919
f 1932//1932 1931//1931 1930//1930
f 1932//1932 1930//1930 1933//1933
f 1934//1934 1935//1935 1936//1936
f 1934//1934 1937//1937 1935//1935
f 1951//1951 1949//1949 1950//1950
f 1948//1948 1950//1950 1949//1949
f 2010//2010 2011//2011 2012//2012
f 2013//2013 2014//2014 2015//2015
f 2026//2026 2027//2027 2028//2028
f 2029//2029 2030//2030 2031//2031
f 2029//2029 2032//2032 2030//2030
f 2033//2033 2034//2034 2035//2035
f 2034//2034 2033//2033 2036//2036
f 2039//2039 2040//2040 2037//2037
f 2040//2040 2038//2038 2037//2037
f 2054//2054 2052//2052 2053//2053
f 2051//2051 2053//2053 2052//2052
f 2055//2055 2056//2056 2057//2057
f 2057//2057 2058//2058 2055//2055
f 2059//2059 2060//2060 2061//2061
f 2059//2059 2061//2061 2062//2062
f 2063//2063 2064//2064 2065//2065
f 2066//2066 2068//2068 2069//2069
f 2068//2068 2066//2066 2067//2067
f 2090//2090 2091//2091 2092//2092
f 2095//2095 2096//2096 2097//2097
f 2098//2098 2099//2099 2100//2100
f 2111//2111 2112//2112 2113//2113
f 2114//2114 2112//2112 2111//2111
f 2115//2115 2117//2117 2116//2116
f 2118//2118 2116//2116 2117//2117
f 2131//2131 2132//2132 2130//2130
f 2129//2129 2131//2131 2130//2130
f 2184//2184 2183//2183 2182//2182
f 2182//2182 2185//2185 2184//2184
f 2186//2186 2187//2187 2183//2183
f 2182//2182 2183//2183 2187//2187
f 2184//2184 2185//2185 2186//2186
f 2186//2186 2183//2183 2184//2184
f 2207//2207 2205//2205 2206//2206
f 2208//2208 2206//2206 2205//2205
f 2205//2205 2204//2204 2208//2208
f 2221//2221 2222//2222 2224//2224
f 2225//2225 2227//2227 2221//2221
f 2227//2227 2222//2222 2221//2221
f 2228//2228 2221//2221 2224//2224
f 2228//2228 2224//2224 2229//2229
f 2224//2224 2222//2222 2229//2229
f 2225//2225 2230//2230 2227//2227
f 2230//2230 2231//2231 2227//2227
f 2232//2232 2227//2227 2231//2231
f 2249//2249 2250//2250 2251//2251
f 2253//2253 2250//2250 2252//2252
f 2250//2250 2249//2249 2252//2252
f 2257//2257 2258//2258 2256//2256
f 2258//2258 2259//2259 2256//2256
f 2257//2257 2256//2256 2260//2260
f 2258//2258 2257//2257 2260//2260
f 2259//2259 2262//2262 2261//2261
f 2264//2264 2261//2261 2265//2265
f 2262//2262 2265//2265 2261//2261
f 2262//2262 2258//2258 2260//2260
f 2258//2258 2262//2262 2259//2259
f 2261//2261 2256//2256 2259//2259
f 2272//2272 2270//2270 2271//2271
f 2272//2272 2273//2273 2268//2268
f 2270//2270 2272//2272 2268//2268
f 2286//2286 2290//2290 2287//2287
f 2289//2289 2288//2288 2290//2290
f 2290//2290 2288//2288 2287//2287
f 2308//2308 2307//2307 2305//2305
f 2306//2306 2305//2305 2310//2310
f 2309//2309 2305//2305 2307//2307
f 2309//2309 2311//2311 2310//2310
f 2305//2305 2309//2309 2310//2310
f 2308//2308 2311//2311 2309//2309
f 2349//2349 2350//2350 2351//2351
f 2349//2349 2352//2352 2350//2350
f 2354//2354 2353//2353 2352//2352
f 2355//2355 2352//2352 2353//2353
f 2355//2355 2350//2350 2352//2352
f 2356//2356 2349//2349 2355//2355
f 2355//2355 2353//2353 2356//2356
f 2389//2389 2390//2390 2391//2391
f 2392//2392 2390//2390 2389//2389
f 2391//2391 2394//2394 2389//2389
f 2389//2389 2394//2394 2392//2392
f 2394//2394 2391//2391 2395//2395
f 2395//2395 2392//2392 2394//2394
f 2418//2418 2416//2416 2417//2417
f 2419//2419 2416//2416 2418//2418
f 2420//2420 2416//2416 2419//2419
f 2420//2420 2419//2419 2418//2418
f 2420//2420 2418//2418 2421//2421
f 2420//2420 2421//2421 2422//2422
f 2423//2423 2416//2416 2420//2420
f 2423//2423 2424//2424 2416//2416
f 2420//2420 2425//2425 2423//2423
f 2425//2425 2426//2426 2423//2423
f 2422//2422 2425//2425 2420//2420
f 2436//2436 2437//2437 2439//2439
f 2438//2438 2436//2436 2439//2439
f 2436//2436 2440//2440 2437//2437
f 2438//2438 2440//2440 2436//2436
f 2439//2439 2441//2441 2438//2438
f 2447//2447 2448//2448 2449//2449
f 2448//2448 2450//2450 2449//2449
f 2466//2466 2467//2467 2464//2464
f 2465//2465 2466//2466 2464//2464
f 2479//2479 2477//2477 2480//2480
f 2478//2478 2480//2480 2477//2477
f 2477//2477 2479//2479 2481//2481
f 2478//2478 2477//2477 2481//2481
f 2489//2489 2486//2486 2487//2487
f 2489//2489 2488//2488 2486//2486
f 2490//2490 2488//2488 2489//2489
f 2492//2492 2489//2489 2487//2487
f 2494//2494 2492//2492 2487//2487
f 2492//2492 2495//2495 2493//2493
f 2493//2493 2489//2489 2492//2492
f 2489//2489 2493//2493 2490//2490
f 2530//2530 2531//2531 2532//2532
f 2530//2530 2532//2532 2533//2533
f 2538//2538 2539//2539 2540//2540
f 2541//2541 2539//2539 2538//2538
f 2544//2544 2542//2542 2543//2543
f 2543//2543 2545//2545 2544//2544
f 2542//2542 2546//2546 2543//2543
f 2546//2546 2545//2545 2543//2543
f 2574//2574 2575//2575 2576//2576
f 2576//2576 2577//2577 2574//2574
f 2577//2577 2576//2576 2578//2578
f 2578//2578 2576//2576 2575//2575
f 2574//2574 2577//2577 2579//2579
f 2585//2585 2586//2586 2584//2584
f 2584//2584 2587//2587 2585//2585
f 2588//2588 2584//2584 2589//2589
f 2587//2587 2584//2584 2588//2588
f 2588//2588 2589//2589 2590//2590
f 2607//2607 2608//2608 2609//2609
f 2610//2610 2609//2609 2608//2608
f 2637//2637 2638//2638 2636//2636
f 2637//2637 2636//2636 2639//2639
f 2661//2661 2658//2658 2660//2660
f 2661//2661 2663//2663 2658//2658
f 2658//2658 2664//2664 2660//2660
f 2660//2660 2664//2664 2661//2661
f 2663//2663 2661//2661 2665//2665
f 2665//2665 2661//2661 2664//2664
f 2776//2776 2777//2777 2778//2778
f 2778//2778 2779//2779 2776//2776
f 2803//2803 2802//2802 2800//2800
f 2803//2803 2800//2800 2805//2805
f 2800//2800 2802//2802 2806//2806
f 2802//2802 2803//2803 2806//2806
f 2815//2815 2816//2816 2817//2817
f 2817//2817 2816//2816 2818//2818
f 2819//2819 2818//2818 2816//2816
f 2822//2822 2820//2820 2821//2821
f 2819//2819 2821//2821 2820//2820
f 2820//2820 2818//2818 2819//2819
f 2816//2816 2815//2815 2823//2823
f 2823//2823 2824//2824 2816//2816
f 2824//2824 2823//2823 2825//2825
f 2824//2824 2825//2825 2821//2821
f 2827//2827 2825//2825 2823//2823
f 2826//2826 2822//2822 2821//2821
f 2826//2826 2821//2821 2825//2825
f 2826//2826 2825//2825 2827//2827
f 2822//2822 2826//2826 2827//2827
f 2828//2828 2830//2830 2829//2829
f 2831//2831 2832//2832 2828//2828
f 2828//2828 2832//2832 2830//2830
f 2834//2834 2829//2829 2835//2835
f 2829//2829 2830//2830 2835//2835
f 2829//2829 2833//2833 2828//2828
f 2837//2837 2832//2832 2836//2836
f 2836//2836 2832//2832 2831//2831
f 2838//2838 2832//2832 2837//2837
f 2834//2834 2835//2835 2839//2839
f 2833//2833 2829//2829 2834//2834
f 2834//2834 2839//2839 2833//2833
f 2840//2840 2835//2835 2838//2838
f 2835//2835 2840//2840 2839//2839
f 2840//2840 2838//2838 2837//2837
f 2849//2849 2848//2848 2847//2847
f 2848//2848 2849//2849 2850//2850
f 2847//2847 2848//2848 2851//2851
f 2852//2852 2850//2850 2849//2849
f 2850//2850 2851//2851 2848//2848
f 2852//2852 2851//2851 2850//2850
f 2865//2865 2863//2863 2864//2864
f 2865//2865 2862//2862 2863//2863
f 2867//2867 2864//2864 2863//2863
f 2867//2867 2868//2868 2864//2864
f 2868//2868 2866//2866 2864//2864
f 2864//2864 2866//2866 2865//2865
f 2865//2865 2869//2869 2862//2862
f 2868//2868 2865//2865 2866//2866
f 2865//2865 2868//2868 2870//2870
f 2884//2884 2881//2881 2882//2882
f 2881//2881 2885//2885 2882//2882
f 2884//2884 2882//2882 2883//2883
f 2886//2886 2883//2883 2882//2882
f 2882//2882 2885//2885 2886//2886
f 2896//2896 2895//2895 2894//2894
f 2896//2896 2894//2894 2893//2893
f 2898//2898 2894//2894 2895//2895
f 2898//2898 2895//2895 2899//2899
f 2899//2899 2895//2895 2897//2897
f 2895//2895 2896//2896 2897//2897
f 2896//2896 2900//2900 2897//2897
f 2899//2899 2897//2897 2900//2900
f 2900//2900 2901//2901 2899//2899
f 2914//2914 2915//2915 2916//2916
f 2918//2918 2915//2915 2914//2914
f 2917//2917 2918//2918 2914//2914
f 2916//2916 2917//2917 2914//2914
f 2918//2918 2917//2917 2919//2919
f 2919//2919 2917//2917 2916//2916
f 2992//2992 2990//2990 2989//2989
f 2989//2989 2990//2990 2993//2993
f 2992//2992 2991//2991 2990//2990
f 2993//2993 2990//2990 2991//2991
f 3005//3005 3006//3006 3007//3007
f 3043//3043 3044//3044 3042//3042
f 3044//3044 3045//3045 3042//3042
f 3051//3051 3050//3050 3052//3052
f 3053//3053 3055//3055 3054//3054
f 3053//3053 3056//3056 3055//3055
f 3063//3063 3062//3062 3064//3064
f 3061//3061 3062//3062 3063//3063
f 3086//3086 3085//3085 3087//3087
f 3085//3085 3088//3088 3087//3087
f 3092//3092 3091//3091 3090//3090
f 3089//3089 3090//3090 3091//3091
f 3098//3098 3097//3097 3099//3099
f 3099//3099 3097//3097 3100//3100
f 3117//3117 3116//3116 3115//3115
f 3118//3118 3115//3115 3116//3116
f 3116//3116 3119//3119 3118//3118
f 3119//3119 3116//3116 3120//3120
f 3121//3121 3119//3119 3120//3120
f 3122//3122 3121//3121 3120//3120
f 3122//3122 3120//3120 3123//3123
f 3124//3124 3123//3123 3120//3120
f 3117//3117 3118//3118 3119//3119
f 3118//3118 3117//3117 3115//3115
f 3124//3124 3121//3121 3122//3122
f 3123//3123 3124//3124 3122//3122
f 3137//3137 3136//3136 3135//3135
f 3137//3137 3138//3138 3136//3136
f 3135//3135 3139//3139 3137//3137
f 3140//3140 3138//3138 3141//3141
f 3142//3142 3136//3136 3138//3138
f 3142//3142 3138//3138 3140//3140
f 3143//3143 3144//3144 3142//3142
f 3140//3140 3143//3143 3142//3142
f 3141//3141 3145//3145 3140//3140
f 3143//3143 3140//3140 3146//3146
f 3143//3143 3147//3147 3144//3144
f 3149//3149 3138//3138 3137//3137
f 3149//3149 3137//3137 3148//3148
f 3137//3137 3139//3139 3150//3150
f 3139//3139 3135//3135 3150//3150
f 3137//3137 3150//3150 3148//3148
f 3141//3141 3148//3148 3145//3145
f 3148//3148 3150//3150 3145//3145
f 3151//3151 3143//3143 3146//3146
f 3151//3151 3146//3146 3145//3145
f 3145//3145 3150//3150 3151//3151
f 3147//3147 3152//3152 3144//3144
f 3151//3151 3152//3152 3147//3147
f 3151//3151 3150//3150 3152//3152
f 3203//3203 3204//3204 3205//3205
f 3203//3203 3205//3205 3206//3206
f 3203//3203 3206//3206 3207//3207
f 3203//3203 3209//3209 3204//3204
f 3205//3205 3208//3208 3206//3206
f 3210//3210 3208//3208 3205//3205
f 3211//3211 3210//3210 3205//3205
f 3207//3207 3206//3206 3208//3208
f 3203//3203 3211//3211 3209//3209
f 3207//3207 3211//3211 3203//3203
f 3210//3210 3211//3211 3208//3208
f 3211//3211 3207//3207 3208//3208
f 3214//3214 3212//3212 3213//3213
f 3215//3215 3213//3213 3212//3212
f 3216//3216 3213//3213 3217//3217
f 3217//3217 3213//3213 3215//3215
f 3217//3217 3218//3218 3216//3216
f 3216//3216 3218//3218 3219//3219
f 3220//3220 3216//3216 3219//3219
f 3216//3216 3220//3220 3221//3221
f 3214//3214 3217//3217 3215//3215
f 3215//3215 3212//3212 3214//3214
f 3221//3221 3219//3219 3218//3218
f 3220//3220 3219//3219 3221//3221
f 3244//3244 3242//3242 3243//3243
f 3244//3244 3243//3243 3246//3246
f 3242//3242 3244//3244 3247//3247
f 3248//3248 3249//3249 3246//3246
f 3250//3250 3246//3246 3243//3243
f 3250//3250 3248//3248 3246//3246
f 3251//3251 3250//3250 3252//3252
f 3248//3248 3250//3250 3251//3251
f 3249//3249 3248//3248 3253//3253
f 3251//3251 3254//3254 3248//3248
f 3251//3251 3252//3252 3255//3255
f 3246//3246 3256//3256 3244//3244
f 3256//3256 3257//3257 3244//3244
f 3244//3244 3258//3258 3247//3247
f 3247//3247 3258//3258 3242//3242
f 3244//3244 3257//3257 3258//3258
f 3249//3249 3253//3253 3257//3257
f 3257//3257 3253//3253 3258//3258
f 3259//3259 3254//3254 3251//3251
f 3259//3259 3253//3253 3254//3254
f 3253//3253 3259//3259 3258//3258
f 3255//3255 3252//3252 3260//3260
f 3259//3259 3255//3255 3260//3260
f 3259//3259 3260//3260 3258//3258
f 3263//3263 3264//3264 3262//3262
f 3263//3263 3262//3262 3261//3261
f 3261//3261 3262//3262 3266//3266
f 3264//3264 3263//3263 3265//3265
f 3267//3267 3264//3264 3265//3265
f 3268//3268 3264//3264 3267//3267
f 3266//3266 3268//3268 3261//3261
f 3263//3263 3261//3261 3268//3268
f 3267//3267 3265//3265 3268//3268
f 3268//3268 3265//3265 3263//3263
f 3290//3290 3291//3291 3292//3292
f 3299//3299 3302//3302 3300//3300
f 3300//3300 3301//3301 3299//3299
f 3299//3299 3303//3303 3305//3305
f 3301//3301 3303//3303 3299//3299
f 3303//3303 3304//3304 3305//3305
f 3300//3300 3302//3302 3306//3306
f 3306//3306 3302//3302 3307//3307
f 3310//3310 3308//3308 3306//3306
f 3310//3310 3306//3306 3307//3307
f 3308//3308 3310//3310 3311//3311
f 3308//3308 3309//3309 3312//3312
f 3308//3308 3311//3311 3309//3309
f 3339//3339 3337//3337 3338//3338
f 3340//3340 3339//3339 3338//3338
f 3347//3347 3348//3348 3345//3345
f 3346//3346 3347//3347 3345//3345
f 3362//3362 3363//3363 3364//3364
f 3366//3366 3365//3365 3363//3363
f 3363//3363 3365//3365 3364//3364
f 3363//3363 3362//3362 3366//3366
f 3377//3377 3378//3378 3380//3380
f 3378//3378 3377//3377 3379//3379
f 3379//3379 3377//3377 3381//3381
f 3381//3381 3377//3377 3382//3382
f 3378//3378 3383//3383 3380//3380
f 3383//3383 3384//3384 3380//3380
f 3383//3383 3386//3386 3385//3385
f 3385//3385 3384//3384 3383//3383
f 3386//3386 3387//3387 3385//3385
f 3386//3386 3389//3389 3388//3388
f 3386//3386 3388//3388 3387//3387
f 3442//3442 3443//3443 3444//3444
f 3443//3443 3445//3445 3444//3444
f 3446//3446 3444//3444 3445//3445
f 3444//3444 3446//3446 3442//3442
f 3451//3451 3453//3453 3452//3452
f 3494//3494 3492//3492 3495//3495
f 3493//3493 3492//3492 3494//3494
f 3516//3516 3515//3515 3514//3514
f 3557//3557 3555//3555 3556//3556
f 3555//3555 3557//3557 3558//3558
f 3555//3555 3559//3559 3556//3556
f 3559//3559 3560//3560 3556//3556
f 3557//3557 3560//3560 3558//3558
f 3560//3560 3557//3557 3556//3556
f 3579//3579 3578//3578 3576//3576
f 3580//3580 3576//3576 3578//3578
f 3580//3580 3581//3581 3576//3576
f 3592//3592 3595//3595 3593//3593
f 3598//3598 3592//3592 3593//3593
f 3596//3596 3592//3592 3598//3598
f 3599//3599 3595//3595 3592//3592
f 3599//3599 3600//3600 3595//3595
f 3595//3595 3600//3600 3593//3593
f 3596//3596 3598//3598 3601//3601
f 3601//3601 3598//3598 3600//3600
f 3598//3598 3593//3593 3600//3600
f 3613//3613 3615//3615 3614//3614
f 3617//3617 3616//3616 3614//3614
f 3614//3614 3616//3616 3613//3613
f 3618//3618 3613//3613 3616//3616
f 3616//3616 3617//3617 3618//3618
f 3622//3622 3621//3621 3623//3623
f 3623//3623 3621//3621 3624//3624
f 3622//3622 3625//3625 3621//3621
f 3623//3623 3625//3625 3622//3622
f 3624//3624 3626//3626 3627//3627
f 3629//3629 3627//3627 3626//3626
f 3630//3630 3625//3625 3623//3623
f 3623//3623 3624//3624 3630//3630
f 3630//3630 3624//3624 3627//3627
f 3626//3626 3624//3624 3621//3621
f 3636//3636 3635//3635 3634//3634
f 3636//3636 3633//3633 3637//3637
f 3634//3634 3633//3633 3636//3636
f 3652//3652 3651//3651 3650//3650
f 3650//3650 3653//3653 3652//3652
f 3650//3650 3651//3651 3654//3654
f 3654//3654 3651//3651 3655//3655
f 3652//3652 3653//3653 3655//3655
f 3655//3655 3651//3651 3652//3652
f 3673//3673 3670//3670 3672//3672
f 3671//3671 3675//3675 3670//3670
f 3674//3674 3672//3672 3670//3670
f 3674//3674 3675//3675 3676//3676
f 3670//3670 3675//3675 3674//3674
f 3673//3673 3674//3674 3676//3676
f 3716//3716 3717//3717 3718//3718
f 3716//3716 3718//3718 3719//3719
f 3721//3721 3719//3719 3720//3720
f 3722//3722 3720//3720 3719//3719
f 3722//3722 3719//3719 3718//3718
f 3723//3723 3722//3722 3716//3716
f 3722//3722 3723//3723 3720//3720
f 3730//3730 3726//3726 3725//3725
f 3731//3731 3726//3726 3730//3730
f 3757//3757 3758//3758 3759//3759
f 3760//3760 3757//3757 3759//3759
f 3758//3758 3757//3757 3762//3762
f 3757//3757 3760//3760 3762//3762
f 3762//3762 3763//3763 3758//3758
f 3763//3763 3762//3762 3760//3760
f 3786//3786 3785//3785 3784//3784
f 3787//3787 3786//3786 3784//3784
f 3788//3788 3787//3787 3784//3784
f 3787//3787 3789//3789 3786//3786
f 3788//3788 3789//3789 3787//3787
f 3788//3788 3790//3790 3789//3789
f 3791//3791 3788//3788 3784//3784
f 3788//3788 3791//3791 3792//3792
f 3792//3792 3791//3791 3793//3793
f 3790//3790 3788//3788 3792//3792
f 3801//3801 3804//3804 3802//3802
f 3803//3803 3804//3804 3801//3801
f 3801//3801 3802//3802 3805//3805
f 3803//3803 3801//3801 3805//3805
f 3804//3804 3803//3803 3806//3806
f 3812//3812 3814//3814 3813//3813
f 3815//3815 3813//3813 3814//3814
f 3831//3831 3832//3832 3830//3830
f 3830//3830 3829//3829 3831//3831
f 3844//3844 3845//3845 3842//3842
f 3843//3843 3842//3842 3845//3845
f 3842//3842 3846//3846 3844//3844
f 3843//3843 3846//3846 3842//3842
f 3854//3854 3852//3852 3851//3851
f 3854//3854 3851//3851 3853//3853
f 3855//3855 3854//3854 3853//3853
f 3857//3857 3852//3852 3854//3854
f 3859//3859 3852//3852 3857//3857
f 3857//3857 3858//3858 3860//3860
f 3858//3858 3857//3857 3854//3854
f 3854//3854 3855//3855 3858//3858
f 3896//3896 3897//3897 3895//3895
f 3898//3898 3896//3896 3895//3895
f 3903//3903 3904//3904 3905//3905
f 3906//3906 3903//3903 3905//3905
f 3909//3909 3908//3908 3907//3907
f 3908//3908 3909//3909 3910//3910
f 3907//3907 3908//3908 3911//3911
f 3911//3911 3908//3908 3910//3910
f 3938//3938 3939//3939 3940//3940
f 3940//3940 3941//3941 3938//3938
f 3941//3941 3942//3942 3938//3938
f 3942//3942 3939//3939 3938//3938
f 3940//3940 3943//3943 3941//3941
f 3948//3948 3949//3949 3950//3950
f 3949//3949 3948//3948 3951//3951
f 3952//3952 3949//3949 3951//3951
f 3952//3952 3953//3953 3954//3954
f 3952//3952 3954//3954 3949//3949
f 3971//3971 3972//3972 3973//3973
f 3974//3974 3973//3973 3972//3972
f 4004//4004 4003//4003 4005//4005
f 4003//4003 4004//4004 4002//4002
f 4023//4023 4022//4022 4020//4020
f 4023//4023 4020//4020 4025//4025
f 4026//4026 4027//4027 4022//4022
f 4020//4020 4022//4022 4027//4027
f 4022//4022 4023//4023 4026//4026
f 4025//4025 4026//4026 4023//4023
f 4134//4134 4135//4135 4136//4136
f 4134//4134 4133//4133 4135//4135
f 4160//4160 4157//4157 4159//4159
f 4160//4160 4162//4162 4157//4157
f 4159//4159 4163//4163 4164//4164
f 4157//4157 4163//4163 4159//4159
f 4159//4159 4164//4164 4160//4160
f 4162//4162 4160//4160 4164//4164
f 4173//4173 4175//4175 4174//4174
f 4175//4175 4176//4176 4174//4174
f 4177//4177 4174//4174 4176//4176
f 4180//4180 4179//4179 4178//4178
f 4177//4177 4178//4178 4179//4179
f 4178//4178 4177//4177 4176//4176
f 4174//4174 4181//4181 4173//4173
f 4181//4181 4174//4174 4182//4182
f 4182//4182 4183//4183 4181//4181
f 4182//4182 4179//4179 4183//4183
f 4184//4184 4181//4181 4183//4183
f 4185//4185 4179//4179 4180//4180
f 4183//4183 4179//4179 4185//4185
f 4185//4185 4184//4184 4183//4183
f 4180//4180 4184//4184 4185//4185
f 4187//4187 4188//4188 4186//4186
f 4189//4189 4186//4186 4190//4190
f 4186//4186 4188//4188 4190//4190
f 4186//4186 4191//4191 4187//4187
f 4192//4192 4193//4193 4187//4187
f 4187//4187 4193//4193 4188//4188
f 4195//4195 4194//4194 4190//4190
f 4194//4194 4189//4189 4190//4190
f 4196//4196 4195//4195 4190//4190
f 4192//4192 4197//4197 4193//4193
f 4191//4191 4192//4192 4187//4187
f 4192//4192 4191//4191 4197//4197
f 4198//4198 4196//4196 4193//4193
f 4193//4193 4197//4197 4198//4198
f 4198//4198 4195//4195 4196//4196
f 4205//4205 4206//4206 4204//4204
f 4204//4204 4207//4207 4205//4205
f 4208//4208 4204//4204 4206//4206
f 4209//4209 4208//4208 4206//4206
f 4206//4206 4205//4205 4207//4207
f 4209//4209 4206//4206 4207//4207
f 4223//4223 4224//4224 4222//4222
f 4223//4223 4222//4222 4226//4226
f 4227//4227 4226//4226 4222//4222
f 4223//4223 4221//4221 4228//4228
f 4222//4222 4225//4225 4227//4227
f 4222//4222 4224//4224 4225//4225
f 4223//4223 4228//4228 4224//4224
f 4227//4227 4225//4225 4229//4229
f 4229//4229 4225//4225 4224//4224
f 4244//4244 4242//4242 4241//4241
f 4241//4241 4242//4242 4245//4245
f 4244//4244 4243//4243 4242//4242
f 4245//4245 4242//4242 4243//4243
f 4255//4255 4254//4254 4256//4256
f 4258//4258 4254//4254 4255//4255
f 4258//4258 4259//4259 4254//4254
f 4255//4255 4260//4260 4253//4253
f 4254//4254 4259//4259 4257//4257
f 4256//4256 4254//4254 4257//4257
f 4255//4255 4256//4256 4260//4260
f 4261//4261 4256//4256 4259//4259
f 4259//4259 4256//4256 4257//4257
f 4274//4274 4276//4276 4275//4275
f 4277//4277 4275//4275 4278//4278
f 4277//4277 4274//4274 4275//4275
f 4276//4276 4274//4274 4277//4277
f 4278//4278 4279//4279 4277//4277
f 4279//4279 4276//4276 4277//4277
f 4341//4341 4338//4338 4339//4339
f 4338//4338 4342//4342 4339//4339
f 4341//4341 4339//4339 4340//4340
f 4342//4342 4340//4340 4339//4339
f 4353//4353 4354//4354 4355//4355
f 4391//4391 4392//4392 4390//4390
f 4392//4392 4393//4393 4390//4390
f 4399//4399 4398//4398 4400//4400
f 4402//4402 4404//4404 4403//4403
f 4403//4403 4404//4404 4405//4405
f 4412//4412 4411//4411 4413//4413
f 4410//4410 4411//4411 4412//4412
f 4433//4433 4434//4434 4435//4435
f 4433//4433 4436//4436 4434//4434
f 4439//4439 4438//4438 4440//4440
f 4437//4437 4438//4438 4439//4439
f 4446//4446 4445//4445 4447//4447
f 4447//4447 4445//4445 4448//4448
f 4465//4465 4464//4464 4463//4463
f 4466//4466 4463//4463 4464//4464
f 4464//4464 4467//4467 4466//4466
f 4469//4469 4467//4467 4468//4468
f 4468//4468 4467//4467 4464//4464
f 4470//4470 4468//4468 4464//4464
f 4471//4471 4472//4472 4464//4464
f 4470//4470 4464//4464 4472//4472
f 4473//4473 4472//4472 4471//4471
f 4470//4470 4472//4472 4474//4474
f 4465//4465 4466//4466 4467//4467
f 4466//4466 4465//4465 4463//4463
f 4469//4469 4468//4468 4474//4474
f 4474//4474 4468//4468 4470//4470
f 4473//4473 4469//4469 4474//4474
f 4472//4472 4473//4473 4474//4474
f 4487//4487 4486//4486 4485//4485
f 4487//4487 4489//4489 4486//4486
f 4485//4485 4490//4490 4487//4487
f 4487//4487 4492//4492 4489//4489
f 4494//4494 4486//4486 4489//4489
f 4494//4494 4489//4489 4491//4491
f 4496//4496 4497//4497 4494//4494
f 4491//4491 4496//4496 4494//4494
f 4493//4493 4491//4491 4489//4489
f 4496//4496 4498//4498 4497//4497
f 4487//4487 4490//4490 4499//4499
f 4490//4490 4485//4485 4499//4499
f 4487//4487 4499//4499 4492//4492
f 4492//4492 4493//4493 4489//4489
f 4492//4492 4499//4499 4500//4500
f 4496//4496 4491//4491 4501//4501
f 4500//4500 4496//4496 4501//4501
f 4500//4500 4499//4499 4502//4502
f 4500//4500 4493//4493 4492//4492
f 4500//4500 4502//4502 4496//4496
f 4498//4498 4502//4502 4497//4497
f 4496//4496 4502//4502 4498//4498
f 4552//4552 4553//4553 4554//4554
f 4552//4552 4554//4554 4555//4555
f 4552//4552 4555//4555 4556//4556
f 4552//4552 4558//4558 4553//4553
f 4554//4554 4557//4557 4555//4555
f 4559//4559 4557//4557 4554//4554
f 4560//4560 4559//4559 4554//4554
f 4556//4556 4555//4555 4557//4557
f 4552//4552 4560//4560 4558//4558
f 4556//4556 4560//4560 4552//4552
f 4559//4559 4560//4560 4557//4557
f 4560//4560 4556//4556 4557//4557
f 4563//4563 4561//4561 4562//4562
f 4564//4564 4562//4562 4561//4561
f 4565//4565 4562//4562 4564//4564
f 4567//4567 4566//4566 4565//4565
f 4565//4565 4566//4566 4562//4562
f 4562//4562 4566//4566 4568//4568
f 4569//4569 4562//4562 4570//4570
f 4570//4570 4562//4562 4568//4568
f 4569//4569 4570//4570 4571//4571
f 4572//4572 4570//4570 4568//4568
f 4563//4563 4565//4565 4564//4564
f 4564//4564 4561//4561 4563//4563
f 4567//4567 4572//4572 4566//4566
f 4571//4571 4572//4572 4567//4567
f 4570//4570 4572//4572 4571//4571
f 4572//4572 4568//4568 4566//4566
f 4595//4595 4593//4593 4594//4594
f 4595//4595 4594//4594 4596//4596
f 4593//4593 4595//4595 4597//4597
f 4595//4595 4596//4596 4599//4599
f 4601//4601 4596//4596 4594//4594
f 4601//4601 4598//4598 4596//4596
f 4602//4602 4601//4601 4603//4603
f 4598//4598 4601//4601 4602//4602
f 4600//4600 4596//4596 4598//4598
f 4602//4602 4603//4603 4604//4604
f 4595//4595 4605//4605 4597//4597
f 4597//4597 4605//4605 4593//4593
f 4595//4595 4599//4599 4605//4605
f 4599//4599 4596//4596 4600//4600
f 4599//4599 4606//4606 4605//4605
f 4598//4598 4602//4602 4607//4607
f 4606//4606 4607//4607 4602//4602
f 4606//4606 4608//4608 4605//4605
f 4606//4606 4599//4599 4600//4600
f 4606//4606 4602//4602 4608//4608
f 4604//4604 4603//4603 4608//4608
f 4602//4602 4604//4604 4608//4608
f 4609//4609 4610//4610 4611//4611
f 4612//4612 4610//4610 4609//4609
f 4609//4609 4611//4611 4614//4614
f 4610//4610 4612//4612 4613//4613
f 4615//4615 4610//4610 4613//4613
f 4616//4616 4610//4610 4615//4615
f 4616//4616 4612//4612 4614//4614
f 4612//4612 4609//4609 4614//4614
f 4615//4615 4613//4613 4616//4616
f 4616//4616 4613//4613 4612//4612
f 4635//4635 4637//4637 4636//4636
f 4647//4647 4644//4644 4645//4645
f 4645//4645 4644//4644 4646//4646
f 4644//4644 4650//4650 4648//4648
f 4646//4646 4644//4644 4648//4648
f 4648//4648 4650//4650 4649//4649
f 4645//4645 4651//4651 4647//4647
f 4651//4651 4652//4652 4647//4647
f 4651//4651 4654//4654 4653//4653
f 4654//4654 4656//4656 4657//4657
f 4653//4653 4652//4652 4651//4651
f 4654//4654 4655//4655 4653//4653
f 4654//4654 4657//4657 4655//4655
f 4688//4688 4687//4687 4686//4686
f 4698//4698 4695//4695 4697//4697
f 4696//4696 4695//4695 4698//4698
f 4715//4715 4716//4716 4717//4717
f 4717//4717 4716//4716 4718//4718
f 4719//4719 4717//4717 4718//4718
f 4717//4717 4719//4719 4715//4715
f 4735//4735 4733//4733 4732//4732
f 4733//4733 4734//4734 4732//4732
f 4738//4738 4732//4732 4736//4736
f 4734//4734 4737//4737 4732//4732
f 4737//4737 4736//4736 4732//4732
f 4733//4733 4735//4735 4739//4739
f 4739//4739 4735//4735 4740//4740
f 4743//4743 4744//4744 4739//4739
f 4744//4744 4742//4742 4741//4741
f 4743//4743 4739//4739 4740//4740
f 4744//4744 4743//4743 4745//4745
f 4744//4744 4745//4745 4742//4742
f 4798//4798 4799//4799 4800//4800
f 4802//4802 4801//4801 4799//4799
f 4799//4799 4801//4801 4800//4800
f 4799//4799 4798//4798 4802//4802
f 4807//4807 4808//4808 4809//4809
f 4851//4851 4850//4850 4848//4848
f 4849//4849 4851//4851 4848//4848
f 4872//4872 4870//4870 4871//4871
f 4873//4873 4872//4872 4871//4871
f 4900//4900 4901//4901 4902//4902
f 4903//4903 4902//4902 4901//4901
f 4905//4905 4900//4900 4902//4902
f 4906//4906 4903//4903 4904//4904
f 4903//4903 4901//4901 4904//4904
f 4907//4907 4903//4903 4906//4906
f 4908//4908 4901//4901 4900//4900
f 4909//4909 4901//4901 4908//4908
f 4908//4908 4900//4900 4905//4905
f 4908//4908 4905//4905 4909//4909
f 4909//4909 4904//4904 4901//4901
f 4906//4906 4904//4904 4909//4909
f 4909//4909 4907//4907 4906//4906
f 4905//4905 4907//4907 4909//4909
f 4913//4913 4911//4911 4910//4910
f 4914//4914 4910//4910 4912//4912
f 4912//4912 4910//4910 4911//4911
f 4913//4913 4916//4916 4915//4915
f 4911//4911 4913//4913 4915//4915
f 4913//4913 4914//4914 4917//4917
f 4917//4917 4916//4916 4913//4913
f 4914//4914 4913//4913 4910//4910
f 4912//4912 4918//4918 4914//4914
f 4918//4918 4917//4917 4914//4914
f 4912//4912 4911//4911 4918//4918
f 4915//4915 4916//4916 4919//4919
f 4917//4917 4919//4919 4916//4916
f 4918//4918 4919//4919 4917//4917
f 5057//5057 5059//5059 5058//5058
f 5057//5057 5060//5060 5059//5059
f 5063//5063 5062//5062 5061//5061
f 5062//5062 5063//5063 5064//5064
f 5067//5067 5068//5068 5066//5066
f 5070//5070 5068//5068 5067//5067
f 5117//5117 5118//5118 5119//5119
f 5118//5118 5120//5120 5119//5119
f 5129//5129 5130//5130 5131//5131
f 5130//5130 5132//5132 5131//5131
f 5133//5133 5134//5134 5135//5135
f 5136//5136 5134//5134 5133//5133
f 5278//5278 5277//5277 5276//5276
f 5278//5278 5279//5279 5277//5277
f 5280//5280 5281//5281 5282//5282
f 5282//5282 5281//5281 5283//5283
f 5287//5287 5286//5286 5288//5288
f 5286//5286 5287//5287 5285//5285
f 5336//5336 5334//5334 5335//5335
f 5334//5334 5336//5336 5337//5337
f 5346//5346 5347//5347 5348//5348
f 5347//5347 5349//5349 5348//5348
f 5351//5351 5352//5352 5353//5353
f 5354//5354 5352//5352 5351//5351
f 5494//5494 5496//5496 5495//5495
f 5494//5494 5497//5497 5496//5496
f 5499//5499 5498//5498 5500//5500
f 5499//5499 5500//5500 5501//5501
f 5504//5504 5503//5503 5505//5505
f 5503//5503 5504//5504 5502//5502
f 5552//5552 5553//5553 5554//5554
f 5553//5553 5555//5555 5554//5554
f 5564//5564 5565//5565 5566//5566
f 5565//5565 5567//5567 5566//5566
f 5572//5572 5571//5571 5569//5569
f 5570//5570 5569//5569 5571//5571
f 5711//5711 5713//5713 5712//5712
f 5711//5711 5714//5714 5713//5713
f 5716//5716 5715//5715 5717//5717
f 5715//5715 5718//5718 5717//5717
f 5721//5721 5720//5720 5722//5722
f 5720//5720 5721//5721 5719//5719
f 5772//5772 5770//5770 5771//5771
f 5770//5770 5772//5772 5773//5773
f 5783//5783 5781//5781 5782//5782
f 5781//5781 5783//5783 5784//5784
f 5785//5785 5786//5786 5787//5787
f 5789//5789 5786//5786 5785//5785
f 5797//5797 5798//5798 5796//5796
f 5810//5810 5811//5811 5809//5809
f 5811//5811 5812//5812 5809//5809
f 5813//5813 5811//5811 5810//5810
f 5823//5823 5825//5825 5826//5826
f 5822//5822 5824//5824 5823//5823
f 5825//5825 5823//5823 5824//5824
f 5852//5852 5853//5853 5851//5851
f 5870//5870 5871//5871 5872//5872
f 5873//5873 5871//5871 5870//5870
f 5879//5879 5878//5878 5880//5880
f 5879//5879 5880//5880 5881//5881
f 5890//5890 5891//5891 5892//5892
f 5892//5892 5891//5891 5893//5893
f 5894//5894 5893//5893 5891//5891
f 5895//5895 5893//5893 5894//5894
f 5901//5901 5900//5900 5898//5898
f 5898//5898 5899//5899 5902//5902
f 5904//5904 5905//5905 5896//5896
f 5897//5897 5903//5903 5896//5896
f 5902//5902 5901//5901 5898//5898
f 5903//5903 5904//5904 5896//5896
f 5912//5912 5910//5910 5911//5911
f 5913//5913 5914//5914 5915//5915
f 5930//5930 5931//5931 5929//5929
f 5929//5929 5928//5928 5930//5930
f 5933//5933 5932//5932 5934//5934
f 5953//5953 5952//5952 5954//5954
f 5951//5951 5952//5952 5953//5953
f 5959//5959 5960//5960 5961//5961
f 5962//5962 5959//5959 5961//5961
f 5974//5974 5975//5975 5973//5973
f 5980//5980 5981//5981 5982//5982
f 5980//5980 5983//5983 5981//5981
f 5984//5984 5986//5986 5983//5983
f 5984//5984 5983//5983 5980//5980
f 5987//5987 5981//5981 5983//5983
f 5985//5985 5986//5986 5984//5984
f 5988//5988 5989//5989 5990//5990
f 5994//5994 5988//5988 5993//5993
f 5992//5992 5994//5994 5993//5993
f 5995//5995 5996//5996 5993//5993
f 5990//5990 5987//5987 5983//5983
f 5990//5990 5989//5989 5991//5991
f 5987//5987 5991//5991 5997//5997
f 5990//5990 5991//5991 5987//5987
f 5992//5992 5993//5993 5998//5998
f 5988//5988 5994//5994 5989//5989
f 5987//5987 5999//5999 6000//6000
f 6001//6001 5987//5987 6002//6002
f 6000//6000 6002//6002 5987//5987
f 5997//5997 5999//5999 5987//5987
f 6003//6003 6004//6004 6005//6005
f 6005//6005 6004//6004 6001//6001
f 6004//6004 5987//5987 6001//6001
f 6006//6006 6007//6007 6008//6008
f 6009//6009 6008//6008 6007//6007
f 5998//5998 5993//5993 5996//5996
f 5998//5998 6006//6006 6008//6008
f 5996//5996 6006//6006 5998//5998
f 6004//6004 6003//6003 6007//6007
f 5987//5987 6004//6004 6010//6010
f 5987//5987 6010//6010 6011//6011
f 5987//5987 6011//6011 6012//6012
f 6003//6003 6009//6009 6007//6007
f 6013//6013 5987//5987 6012//6012
f 6016//6016 6017//6017 6014//6014
f 6018//6018 6019//6019 6020//6020
f 5993//5993 6020//6020 5995//5995
f 6021//6021 6018//6018 6020//6020
f 6023//6023 6022//6022 6021//6021
f 6017//6017 6015//6015 6014//6014
f 6025//6025 6026//6026 6027//6027
f 6025//6025 6015//6015 6017//6017
f 6015//6015 6025//6025 6027//6027
f 6023//6023 6015//6015 6028//6028
f 6015//6015 6027//6027 6028//6028
f 6031//6031 6029//6029 5995//5995
f 6032//6032 6029//6029 6030//6030
f 6030//6030 6033//6033 6032//6032
f 6013//6013 6034//6034 6028//6028
f 6032//6032 6035//6035 6036//6036
f 6036//6036 6028//6028 6038//6038
f 6032//6032 6033//6033 6035//6035
f 6028//6028 6034//6034 6038//6038
f 6029//6029 6031//6031 6030//6030
f 6020//6020 6031//6031 5995//5995
f 6021//6021 6022//6022 6018//6018
f 6023//6023 6024//6024 6022//6022
f 6036//6036 6039//6039 6028//6028
f 6037//6037 6039//6039 6036//6036
f 6028//6028 6040//6040 6041//6041
f 6028//6028 6042//6042 6043//6043
f 6040//6040 6028//6028 6043//6043
f 6039//6039 6042//6042 6028//6028
f 6028//6028 6041//6041 6024//6024
f 6035//6035 6037//6037 6036//6036
f 6024//6024 6023//6023 6028//6028
f 6031//6031 6020//6020 6019//6019
f 5987//5987 6013//6013 6028//6028
f 6046//6046 6045//6045 6044//6044
f 6050//6050 6051//6051 6052//6052
f 6053//6053 6054//6054 6055//6055
f 6057//6057 6053//6053 6055//6055
f 6050//6050 6052//6052 6056//6056
f 6076//6076 6078//6078 6077//6077
f 6087//6087 6088//6088 6089//6089
f 6092//6092 6091//6091 6090//6090
f 6093//6093 6094//6094 6095//6095
f 6098//6098 6097//6097 6096//6096
f 6099//6099 6100//6100 6101//6101
f 6099//6099 6101//6101 6102//6102
f 6105//6105 6103//6103 6104//6104
f 6108//6108 6107//6107 6106//6106
f 6111//6111 6112//6112 6110//6110
f 6109//6109 6110//6110 6112//6112
f 6121//6121 6122//6122 6123//6123
f 6126//6126 6125//6125 6127//6127
f 6133//6133 6132//6132 6134//6134
f 6137//6137 6135//6135 6136//6136
f 6139//6139 6138//6138 6140//6140
f 6146//6146 6145//6145 6147//6147
f 6148//6148 6149//6149 6150//6150
f 6148//6148 6150//6150 6151//6151
f 6152//6152 6153//6153 6154//6154
f 6155//6155 6153//6153 6152//6152
f 6158//6158 6159//6159 6160//6160
f 6158//6158 6161//6161 6159//6159
f 6162//6162 6164//6164 6161//6161
f 6162//6162 6161//6161 6158//6158
f 6165//6165 6159//6159 6161//6161
f 6163//6163 6164//6164 6162//6162
f 6166//6166 6167//6167 6168//6168
f 6172//6172 6166//6166 6171//6171
f 6170//6170 6172//6172 6171//6171
f 6168//6168 6165//6165 6161//6161
f 6168//6168 6167//6167 6169//6169
f 6165//6165 6169//6169 6173//6173
f 6168//6168 6169//6169 6165//6165
f 6170//6170 6171//6171 6174//6174
f 6166//6166 6172//6172 6167//6167
f 6165//6165 6175//6175 6176//6176
f 6177//6177 6165//6165 6178//6178
f 6176//6176 6178//6178 6165//6165
f 6173//6173 6175//6175 6165//6165
f 6179//6179 6180//6180 6181//6181
f 6181//6181 6180//6180 6177//6177
f 6180//6180 6165//6165 6177//6177
f 6182//6182 6183//6183 6184//6184
f 6185//6185 6184//6184 6183//6183
f 6174//6174 6171//6171 6186//6186
f 6174//6174 6182//6182 6184//6184
f 6186//6186 6182//6182 6174//6174
f 6180//6180 6179//6179 6183//6183
f 6165//6165 6180//6180 6187//6187
f 6165//6165 6187//6187 6188//6188
f 6165//6165 6188//6188 6189//6189
f 6179//6179 6185//6185 6183//6183
f 6190//6190 6165//6165 6189//6189
f 6171//6171 6191//6191 6186//6186
f 6194//6194 6195//6195 6192//6192
f 6196//6196 6197//6197 6191//6191
f 6191//6191 6198//6198 6186//6186
f 6199//6199 6196//6196 6191//6191
f 6201//6201 6200//6200 6199//6199
f 6195//6195 6193//6193 6192//6192
f 6203//6203 6204//6204 6205//6205
f 6203//6203 6193//6193 6195//6195
f 6193//6193 6203//6203 6205//6205
f 6201//6201 6193//6193 6206//6206
f 6193//6193 6205//6205 6206//6206
f 6209//6209 6207//6207 6198//6198
f 6210//6210 6207//6207 6208//6208
f 6208//6208 6211//6211 6210//6210
f 6190//6190 6212//6212 6206//6206
f 6210//6210 6213//6213 6214//6214
f 6214//6214 6206//6206 6216//6216
f 6210//6210 6211//6211 6213//6213
f 6206//6206 6212//6212 6216//6216
f 6207//6207 6209//6209 6208//6208
f 6191//6191 6209//6209 6198//6198
f 6199//6199 6200//6200 6196//6196
f 6201//6201 6202//6202 6200//6200
f 6214//6214 6217//6217 6206//6206
f 6215//6215 6217//6217 6214//6214
f 6206//6206 6218//6218 6219//6219
f 6206//6206 6220//6220 6221//6221
f 6218//6218 6206//6206 6221//6221
f 6217//6217 6220//6220 6206//6206
f 6206//6206 6219//6219 6202//6202
f 6213//6213 6215//6215 6214//6214
f 6202//6202 6201//6201 6206//6206
f 6209//6209 6191//6191 6197//6197
f 6165//6165 6190//6190 6206//6206
f 6265//6265 6264//6264 6263//6263
f 6265//6265 6266//6266 6267//6267
f 6264//6264 6265//6265 6267//6267
f 6265//6265 6263//6263 6266//6266
f 6270//6270 6269//6269 6268//6268
f 6271//6271 6272//6272 6270//6270
f 6269//6269 6270//6270 6272//6272
f 6269//6269 6273//6273 6268//6268
f 6273//6273 6270//6270 6268//6268
f 6270//6270 6273//6273 6274//6274
f 6272//6272 6271//6271 6274//6274
f 6271//6271 6270//6270 6274//6274
f 6318//6318 6317//6317 6316//6316
f 6318//6318 6319//6319 6320//6320
f 6317//6317 6318//6318 6320//6320
f 6318//6318 6316//6316 6319//6319
f 6323//6323 6322//6322 6321//6321
f 6324//6324 6325//6325 6323//6323
f 6322//6322 6323//6323 6325//6325
f 6326//6326 6323//6323 6321//6321
f 6323//6323 6326//6326 6327//6327
f 6326//6326 6321//6321 6322//6322
f 6325//6325 6324//6324 6327//6327
f 6324//6324 6323//6323 6327//6327
f 6371//6371 6370//6370 6369//6369
f 6371//6371 6372//6372 6373//6373
f 6370//6370 6371//6371 6373//6373
f 6371//6371 6369//6369 6372//6372
f 6376//6376 6375//6375 6374//6374
f 6377//6377 6378//6378 6376//6376
f 6375//6375 6376//6376 6378//6378
f 6379//6379 6376//6376 6374//6374
f 6376//6376 6379//6379 6380//6380
f 6379//6379 6374//6374 6375//6375
f 6378//6378 6377//6377 6380//6380
f 6377//6377 6376//6376 6380//6380
f 6424//6424 6423//6423 6422//6422
f 6424//6424 6425//6425 6426//6426
f 6423//6423 6424//6424 6426//6426
f 6424//6424 6422//6422 6425//6425
f 6429//6429 6428//6428 6427//6427
f 6430//6430 6431//6431 6429//6429
f 6428//6428 6429//6429 6431//6431
f 6432//6432 6429//6429 6427//6427
f 6429//6429 6432//6432 6433//6433
f 6432//6432 6427//6427 6428//6428
f 6431//6431 6430//6430 6433//6433
f 6430//6430 6429//6429 6433//6433
f 6443//6443 6442//6442 6445//6445
f 6446//6446 6444//6444 6442//6442
f 6444//6444 6446//6446 6447//6447
f 6444//6444 6445//6445 6442//6442
f 6448//6448 6442//6442 6443//6443
f 6450//6450 6449//6449 6444//6444
f 6445//6445 6444//6444 6449//6449
f 6451//6451 6450//6450 6444//6444
f 6448//6448 6446//6446 6442//6442
f 6447//6447 6446//6446 6448//6448
f 6447//6447 6450//6450 6451//6451
f 6450//6450 6447//6447 6452//6452
f 6447//6447 6448//6448 6452//6452
f 6453//6453 6445//6445 6449//6449
f 6455//6455 6449//6449 6452//6452
f 6455//6455 6453//6453 6449//6449
f 6456//6456 6454//6454 6453//6453
f 6454//6454 6457//6457 6445//6445
f 6445//6445 6453//6453 6454//6454
f 6456//6456 6455//6455 6452//6452
f 6452//6452 6448//6448 6456//6456
f 6457//6457 6456//6456 6448//6448
f 6456//6456 6457//6457 6454//6454
f 6474//6474 6475//6475 6476//6476
f 6475//6475 6474//6474 6477//6477
f 6474//6474 6476//6476 6478//6478
f 6479//6479 6478//6478 6476//6476
f 6480//6480 6478//6478 6479//6479
f 6475//6475 6477//6477 6481//6481
f 6482//6482 6483//6483 6474//6474
f 6478//6478 6482//6482 6474//6474
f 6482//6482 6477//6477 6483//6483
f 6481//6481 6477//6477 6484//6484
f 6482//6482 6484//6484 6477//6477
f 6479//6479 6485//6485 6480//6480
f 6485//6485 6482//6482 6480//6480
f 6482//6482 6485//6485 6484//6484
f 6476//6476 6486//6486 6479//6479
f 6487//6487 6479//6479 6486//6486
f 6486//6486 6476//6476 6488//6488
f 6486//6486 6489//6489 6487//6487
f 6485//6485 6487//6487 6489//6489
f 6485//6485 6489//6489 6484//6484
f 6488//6488 6489//6489 6486//6486
f 6489//6489 6488//6488 6484//6484
f 6484//6484 6488//6488 6476//6476
f 6502//6502 6503//6503 6504//6504
f 6505//6505 6504//6504 6503//6503
f 6508//6508 6507//6507 6506//6506
f 6510//6510 6509//6509 6511//6511
f 6508//6508 6506//6506 6505//6505
f 6508//6508 6505//6505 6503//6503
f 6503//6503 6509//6509 6508//6508
f 6512//6512 6509//6509 6503//6503
f 6511//6511 6509//6509 6512//6512
f 6531//6531 6529//6529 6530//6530
f 6530//6530 6532//6532 6531//6531
f 6533//6533 6531//6531 6532//6532
f 6532//6532 6530//6530 6534//6534
f 6535//6535 6532//6532 6534//6534
f 6534//6534 6536//6536 6535//6535
f 6535//6535 6537//6537 6532//6532
f 6697//6697 6696//6696 6698//6698
f 6695//6695 6696//6696 6697//6697
f 6722//6722 6721//6721 6723//6723
f 6723//6723 6721//6721 6724//6724
f 6770//6770 6771//6771 6769//6769
f 6771//6771 6772//6772 6769//6769
f 6785//6785 6786//6786 6784//6784
f 6783//6783 6785//6785 6784//6784
f 7031//7031 7033//7033 7034//7034
f 7033//7033 7031//7031 7032//7032
f 7041//7041 7043//7043 7044//7044
f 7044//7044 7042//7042 7041//7041
f 7060//7060 7057//7057 7058//7058
f 7059//7059 7057//7057 7060//7060
f 7057//7057 7061//7061 7058//7058
f 7063//7063 7061//7061 7057//7057
f 7059//7059 7063//7063 7057//7057
f 7060//7060 7063//7063 7059//7059
f 7070//7070 7072//7072 7071//7071
f 7075//7075 7076//7076 7074//7074
f 7073//7073 7075//7075 7074//7074
f 7077//7077 7078//7078 7079//7079
f 7073//7073 7080//7080 7075//7075
f 7081//7081 7075//7075 7080//7080
f 7078//7078 7075//7075 7081//7081
f 7078//7078 7081//7081 7079//7079
f 7082//7082 7078//7078 7077//7077
f 7078//7078 7083//7083 7075//7075
f 7087//7087 7086//7086 7083//7083
f 7085//7085 7075//7075 7083//7083
f 7089//7089 7072//7072 7090//7090
f 7089//7089 7076//7076 7072//7072
f 7091//7091 7070//7070 7071//7071
f 7092//7092 7073//7073 7074//7074
f 7093//7093 7092//7092 7074//7074
f 7080//7080 7094//7094 7095//7095
f 7081//7081 7080//7080 7095//7095
f 7087//7087 7078//7078 7082//7082
f 7079//7079 7096//7096 7077//7077
f 7079//7079 7097//7097 7096//7096
f 7082//7082 7088//7088 7087//7087
f 7084//7084 7098//7098 7085//7085
f 7086//7086 7084//7084 7083//7083
f 7084//7084 7085//7085 7083//7083
f 7098//7098 7099//7099 7085//7085
f 7084//7084 7100//7100 7101//7101
f 7084//7084 7101//7101 7098//7098
f 7102//7102 7103//7103 7104//7104
f 7103//7103 7105//7105 7106//7106
f 7102//7102 7105//7105 7103//7103
f 7107//7107 7103//7103 7106//7106
f 7098//7098 7108//7108 7099//7099
f 7107//7107 7110//7110 7103//7103
f 7109//7109 7103//7103 7111//7111
f 7112//7112 7103//7103 7110//7110
f 7103//7103 7113//7113 7111//7111
f 7111//7111 7114//7114 7109//7109
f 7114//7114 7115//7115 7109//7109
f 7103//7103 7112//7112 7113//7113
f 7104//7104 7116//7116 7102//7102
f 7117//7117 7084//7084 7086//7086
f 7101//7101 7100//7100 7119//7119
f 7120//7120 7108//7108 7098//7098
f 7121//7121 7116//7116 7104//7104
f 7117//7117 7118//7118 7084//7084
f 7105//7105 7122//7122 7106//7106
f 7123//7123 7110//7110 7107//7107
f 7123//7123 7124//7124 7110//7110
f 7112//7112 7125//7125 7113//7113
f 7122//7122 7105//7105 7126//7126
f 7127//7127 7114//7114 7111//7111
f 7127//7127 7128//7128 7114//7114
f 7129//7129 7113//7113 7125//7125
f 7130//7130 7109//7109 7115//7115
f 7131//7131 7132//7132 7090//7090
f 7135//7135 7095//7095 7094//7094
f 7093//7093 7136//7136 7092//7092
f 7092//7092 7136//7136 7137//7137
f 7095//7095 7135//7135 7138//7138
f 7132//7132 7089//7089 7090//7090
f 7133//7133 7091//7091 7134//7134
f 7082//7082 7139//7139 7088//7088
f 7139//7139 7140//7140 7088//7088
f 7141//7141 7088//7088 7140//7140
f 7097//7097 7142//7142 7096//7096
f 7143//7143 7118//7118 7117//7117
f 7143//7143 7144//7144 7118//7118
f 7145//7145 7119//7119 7100//7100
f 7134//7134 7131//7131 7133//7133
f 7134//7134 7136//7136 7132//7132
f 7131//7131 7134//7134 7132//7132
f 7135//7135 7137//7137 7134//7134
f 7137//7137 7136//7136 7134//7134
f 7134//7134 7138//7138 7135//7135
f 7146//7146 7142//7142 7097//7097
f 7134//7134 7146//7146 7138//7138
f 7140//7140 7142//7142 7134//7134
f 7146//7146 7134//7134 7142//7142
f 7134//7134 7141//7141 7140//7140
f 7134//7134 7143//7143 7141//7141
f 7147//7147 7145//7145 7144//7144
f 7143//7143 7134//7134 7144//7144
f 7134//7134 7091//7091 7071//7071
f 7147//7147 7144//7144 7134//7134
f 7108//7108 7120//7120 7147//7147
f 7108//7108 7147//7147 7150//7150
f 7151//7151 7149//7149 7148//7148
f 7152//7152 7153//7153 7154//7154
f 7149//7149 7151//7151 7155//7155
f 7156//7156 7157//7157 7124//7124
f 7158//7158 7125//7125 7159//7159
f 7156//7156 7124//7124 7123//7123
f 7129//7129 7125//7125 7158//7158
f 7109//7109 7130//7130 7161//7161
f 7160//7160 7128//7128 7127//7127
f 7128//7128 7160//7160 7162//7162
f 7161//7161 7130//7130 7163//7163
f 7152//7152 7154//7154 7164//7164
f 7150//7150 7147//7147 7134//7134
f 7164//7164 7155//7155 7134//7134
f 7151//7151 7134//7134 7155//7155
f 7150//7150 7134//7134 7151//7151
f 7165//7165 7152//7152 7134//7134
f 7152//7152 7164//7164 7134//7134
f 7147//7147 7119//7119 7145//7145
f 7159//7159 7167//7167 7168//7168
f 7168//7168 7158//7158 7159//7159
f 7166//7166 7157//7157 7156//7156
f 7166//7166 7156//7156 7165//7165
f 7168//7168 7167//7167 7134//7134
f 7166//7166 7134//7134 7167//7167
f 7169//7169 7168//7168 7134//7134
f 7169//7169 7162//7162 7160//7160
f 7161//7161 7162//7162 7169//7169
f 7162//7162 7161//7161 7163//7163
f 7161//7161 7169//7169 7134//7134
f 7166//7166 7165//7165 7134//7134
f 7178//7178 7176//7176 7177//7177
f 7179//7179 7176//7176 7178//7178
f 7181//7181 7180//7180 7176//7176
f 7180//7180 7177//7177 7176//7176
f 7179//7179 7181//7181 7176//7176
f 7178//7178 7181//7181 7179//7179
f 7191//7191 7192//7192 7193//7193
f 7192//7192 7191//7191 7190//7190
f 7197//7197 7199//7199 7200//7200
f 7197//7197 7201//7201 7199//7199
f 7197//7197 7200//7200 7202//7202
f 7203//7203 7197//7197 7204//7204
f 7197//7197 7202//7202 7204//7204
f 7197//7197 7203//7203 7205//7205
f 7205//7205 7206//7206 7197//7197
f 7207//7207 7208//7208 7200//7200
f 7207//7207 7200//7200 7199//7199
f 7204//7204 7202//7202 7209//7209
f 7210//7210 7205//7205 7203//7203
f 7209//7209 7211//7211 7212//7212
f 7209//7209 7202//7202 7211//7211
f 7213//7213 7205//7205 7210//7210
f 7214//7214 7201//7201 7197//7197
f 7215//7215 7216//7216 7197//7197
f 7217//7217 7197//7197 7216//7216
f 7217//7217 7218//7218 7197//7197
f 7197//7197 7206//7206 7215//7215
f 7197//7197 7219//7219 7221//7221
f 7224//7224 7197//7197 7221//7221
f 7197//7197 7218//7218 7219//7219
f 7215//7215 7206//7206 7225//7225
f 7225//7225 7226//7226 7215//7215
f 7217//7217 7228//7228 7227//7227
f 7217//7217 7216//7216 7228//7228
f 7219//7219 7218//7218 7229//7229
f 7230//7230 7219//7219 7229//7229
f 7222//7222 7223//7223 7231//7231
f 7223//7223 7232//7232 7231//7231
f 7197//7197 7233//7233 7214//7214
f 7234//7234 7208//7208 7207//7207
f 7234//7234 7207//7207 7235//7235
f 7233//7233 7236//7236 7214//7214
f 7209//7209 7212//7212 7239//7239
f 7240//7240 7241//7241 7237//7237
f 7238//7238 7240//7240 7237//7237
f 7234//7234 7235//7235 7242//7242
f 7235//7235 7236//7236 7233//7233
f 7242//7242 7235//7235 7233//7233
f 7243//7243 7242//7242 7233//7233
f 7244//7244 7242//7242 7243//7243
f 7239//7239 7212//7212 7244//7244
f 7244//7244 7243//7243 7239//7239
f 7240//7240 7239//7239 7243//7243
f 7243//7243 7241//7241 7240//7240
f 7245//7245 7241//7241 7243//7243
f 7246//7246 7226//7226 7245//7245
f 7225//7225 7245//7245 7226//7226
f 7247//7247 7227//7227 7248//7248
f 7248//7248 7227//7227 7228//7228
f 7229//7229 7249//7249 7230//7230
f 7232//7232 7250//7250 7231//7231
f 7245//7245 7243//7243 7246//7246
f 7248//7248 7246//7246 7243//7243
f 7243//7243 7247//7247 7248//7248
f 7251//7251 7230//7230 7249//7249
f 7251//7251 7250//7250 7232//7232
f 7249//7249 7243//7243 7251//7251
f 7250//7250 7251//7251 7243//7243
f 7252//7252 7250//7250 7243//7243
f 7247//7247 7243//7243 7249//7249
f 7224//7224 7220//7220 7254//7254
f 7220//7220 7224//7224 7221//7221
f 7253//7253 7224//7224 7255//7255
f 7255//7255 7254//7254 7257//7257
f 7259//7259 7257//7257 7254//7254
f 7258//7258 7256//7256 7255//7255
f 7255//7255 7257//7257 7258//7258
f 7256//7256 7260//7260 7255//7255
f 7260//7260 7261//7261 7253//7253
f 7261//7261 7262//7262 7253//7253
f 7253//7253 7255//7255 7260//7260
f 7263//7263 7264//7264 7265//7265
f 7256//7256 7258//7258 7268//7268
f 7269//7269 7261//7261 7270//7270
f 7260//7260 7270//7270 7261//7261
f 7265//7265 7262//7262 7271//7271
f 7272//7272 7266//7266 7273//7273
f 7267//7267 7273//7273 7266//7266
f 7271//7271 7274//7274 7265//7265
f 7263//7263 7275//7275 7264//7264
f 7253//7253 7197//7197 7224//7224
f 7256//7256 7268//7268 7276//7276
f 7220//7220 7277//7277 7278//7278
f 7220//7220 7221//7221 7277//7277
f 7259//7259 7279//7279 7257//7257
f 7268//7268 7280//7280 7276//7276
f 7281//7281 7279//7279 7259//7259
f 7280//7280 7268//7268 7282//7282
f 7259//7259 7283//7283 7281//7281
f 7252//7252 7278//7278 7277//7277
f 7252//7252 7243//7243 7283//7283
f 7243//7243 7282//7282 7281//7281
f 7283//7283 7243//7243 7281//7281
f 7280//7280 7243//7243 7284//7284
f 7282//7282 7243//7243 7280//7280
f 7252//7252 7277//7277 7250//7250
f 7286//7286 7272//7272 7273//7273
f 7269//7269 7270//7270 7285//7285
f 7287//7287 7271//7271 7288//7288
f 7274//7274 7271//7271 7287//7287
f 7243//7243 7275//7275 7289//7289
f 7273//7273 7290//7290 7286//7286
f 7285//7285 7270//7270 7284//7284
f 7243//7243 7290//7290 7285//7285
f 7285//7285 7284//7284 7243//7243
f 7243//7243 7286//7286 7290//7290
f 7287//7287 7243//7243 7289//7289
f 7288//7288 7243//7243 7287//7287
f 7286//7286 7243//7243 7288//7288
f 7243//7243 7264//7264 7275//7275
f 7324//7324 7327//7327 7325//7325
f 7325//7325 7328//7328 7324//7324
f 7329//7329 7324//7324 7330//7330
f 7332//7332 7333//7333 7330//7330
f 7334//7334 7329//7329 7330//7330
f 7324//7324 7329//7329 7327//7327
f 7330//7330 7331//7331 7334//7334
f 7328//7328 7325//7325 7335//7335
f 7328//7328 7336//7336 7337//7337
f 7331//7331 7329//7329 7334//7334
f 7331//7331 7327//7327 7329//7329
f 7339//7339 7327//7327 7331//7331
f 7331//7331 7330//7330 7340//7340
f 7339//7339 7331//7331 7338//7338
f 7330//7330 7341//7341 7332//7332
f 7333//7333 7342//7342 7340//7340
f 7332//7332 7341//7341 7342//7342
f 7332//7332 7342//7342 7333//7333
f 7342//7342 7341//7341 7343//7343
f 7340//7340 7344//7344 7331//7331
f 7333//7333 7340//7340 7330//7330
f 7343//7343 7344//7344 7342//7342
f 7340//7340 7342//7342 7344//7344
f 7344//7344 7346//7346 7345//7345
f 7345//7345 7331//7331 7344//7344
f 7337//7337 7347//7347 7328//7328
f 7327//7327 7339//7339 7348//7348
f 7349//7349 7347//7347 7348//7348
f 7347//7347 7349//7349 7350//7350
f 7348//7348 7351//7351 7349//7349
f 7348//7348 7339//7339 7351//7351
f 7352//7352 7353//7353 7350//7350
f 7355//7355 7352//7352 7350//7350
f 7349//7349 7351//7351 7354//7354
f 7356//7356 7347//7347 7353//7353
f 7356//7356 7357//7357 7347//7347
f 7353//7353 7357//7357 7356//7356
f 7353//7353 7352//7352 7360//7360
f 7359//7359 7357//7357 7353//7353
f 7360//7360 7359//7359 7353//7353
f 7358//7358 7357//7357 7359//7359
f 7361//7361 7359//7359 7360//7360
f 7361//7361 7358//7358 7359//7359
f 7361//7361 7362//7362 7358//7358
f 7350//7350 7353//7353 7347//7347
f 7354//7354 7339//7339 7363//7363
f 7363//7363 7346//7346 7364//7364
f 7352//7352 7355//7355 7360//7360
f 7339//7339 7354//7354 7351//7351
f 7365//7365 7360//7360 7355//7355
f 7366//7366 7365//7365 7355//7355
f 7361//7361 7365//7365 7366//7366
f 7364//7364 7355//7355 7363//7363
f 7354//7354 7363//7363 7355//7355
f 7364//7364 7346//7346 7344//7344
f 7367//7367 7364//7364 7368//7368
f 7369//7369 7368//7368 7370//7370
f 7366//7366 7364//7364 7367//7367
f 7366//7366 7355//7355 7364//7364
f 7365//7365 7361//7361 7360//7360
f 7366//7366 7371//7371 7361//7361
f 7361//7361 7371//7371 7372//7372
f 7361//7361 7372//7372 7362//7362
f 7366//7366 7368//7368 7371//7371
f 7371//7371 7368//7368 7373//7373
f 7372//7372 7371//7371 7373//7373
f 7372//7372 7358//7358 7362//7362
f 7386//7386 7387//7387 7388//7388
f 7386//7386 7388//7388 7390//7390
f 7391//7391 7386//7386 7390//7390
f 7389//7389 7392//7392 7388//7388
f 7387//7387 7389//7389 7388//7388
f 7393//7393 7388//7388 7392//7392
f 7393//7393 7394//7394 7388//7388
f 7395//7395 7388//7388 7394//7394
f 7396//7396 7388//7388 7395//7395
f 7397//7397 7388//7388 7396//7396
f 7398//7398 7388//7388 7397//7397
f 7399//7399 7387//7387 7386//7386
f 7391//7391 7399//7399 7386//7386
f 7399//7399 7391//7391 7400//7400
f 7400//7400 7398//7398 7399//7399
f 7398//7398 7387//7387 7399//7399
f 7398//7398 7392//7392 7389//7389
f 7387//7387 7398//7398 7389//7389
f 7400//7400 7391//7391 7390//7390
f 7398//7398 7394//7394 7393//7393
f 7396//7396 7395//7395 7398//7398
f 7394//7394 7398//7398 7395//7395
f 7397//7397 7396//7396 7398//7398
f 7393//7393 7392//7392 7398//7398
f 7403//7403 7402//7402 7401//7401
f 7404//7404 7402//7402 7403//7403
f 7404//7404 7405//7405 7402//7402
f 7405//7405 7406//7406 7402//7402
f 7403//7403 7401//7401 7408//7408
f 7408//7408 7404//7404 7403//7403
f 7405//7405 7404//7404 7408//7408
f 7402//7402 7408//7408 7401//7401
f 7405//7405 7408//7408 7406//7406
f 7406//7406 7407//7407 7402//7402
f 7402//7402 7407//7407 7409//7409
f 7410//7410 7402//7402 7409//7409
f 7411//7411 7402//7402 7410//7410
f 7402//7402 7411//7411 7412//7412
f 7411//7411 7413//7413 7412//7412
f 7409//7409 7407//7407 7408//7408
f 7407//7407 7406//7406 7408//7408
f 7408//7408 7410//7410 7409//7409
f 7414//7414 7411//7411 7410//7410
f 7413//7413 7411//7411 7414//7414
f 7415//7415 7414//7414 7408//7408
f 7408//7408 7414//7414 7410//7410
f 7414//7414 7415//7415 7413//7413
f 7415//7415 7412//7412 7413//7413
f 7431//7431 7428//7428 7429//7429
f 7432//7432 7428//7428 7430//7430
f 7430//7430 7428//7428 7433//7433
f 7434//7434 7431//7431 7429//7429
f 7435//7435 7433//7433 7431//7431
f 7433//7433 7428//7428 7431//7431
f 7434//7434 7435//7435 7431//7431
f 7435//7435 7436//7436 7433//7433
f 7437//7437 7430//7430 7436//7436
f 7430//7430 7433//7433 7436//7436
f 7437//7437 7438//7438 7430//7430
f 7436//7436 7439//7439 7437//7437
f 7430//7430 7438//7438 7441//7441
f 7438//7438 7440//7440 7441//7441
f 7440//7440 7442//7442 7441//7441
f 7435//7435 7437//7437 7439//7439
f 7439//7439 7436//7436 7435//7435
f 7435//7435 7440//7440 7438//7438
f 7485//7485 7484//7484 7486//7486
f 7485//7485 7486//7486 7488//7488
f 7485//7485 7482//7482 7484//7484
f 7488//7488 7487//7487 7485//7485
f 7489//7489 7485//7485 7487//7487
f 7483//7483 7490//7490 7482//7482
f 7487//7487 7491//7491 7489//7489
f 7489//7489 7492//7492 7485//7485
f 7493//7493 7489//7489 7491//7491
f 7488//7488 7486//7486 7494//7494
f 7490//7490 7495//7495 7484//7484
f 7495//7495 7494//7494 7486//7486
f 7488//7488 7494//7494 7495//7495
f 7484//7484 7482//7482 7490//7490
f 7487//7487 7488//7488 7495//7495
f 7487//7487 7495//7495 7491//7491
f 7493//7493 7491//7491 7496//7496
f 7491//7491 7495//7495 7496//7496
f 7499//7499 7498//7498 7497//7497
f 7530//7530 7531//7531 7532//7532
f 7530//7530 7532//7532 7533//7533
f 7531//7531 7530//7530 7534//7534
f 7535//7535 7534//7534 7530//7530
f 7535//7535 7533//7533 7532//7532
f 7533//7533 7535//7535 7530//7530
f 7546//7546 7547//7547 7548//7548
f 7547//7547 7549//7549 7550//7550
f 7546//7546 7549//7549 7547//7547
f 7546//7546 7548//7548 7551//7551
f 7551//7551 7552//7552 7546//7546
f 7553//7553 7550//7550 7549//7549
f 7587//7587 7586//7586 7585//7585
f 7585//7585 7586//7586 7590//7590
f 7615//7615 7619//7619 7618//7618
f 7616//7616 7615//7615 7618//7618
f 7617//7617 7615//7615 7616//7616
f 7620//7620 7617//7617 7616//7616
f 7619//7619 7617//7617 7620//7620
f 7617//7617 7619//7619 7615//7615
f 7630//7630 7633//7633 7632//7632
f 7631//7631 7630//7630 7634//7634
f 7630//7630 7632//7632 7634//7634
f 7634//7634 7635//7635 7631//7631
f 7631//7631 7635//7635 7636//7636
f 7635//7635 7637//7637 7636//7636
f 7692//7692 7690//7690 7691//7691
f 7691//7691 7690//7690 7693//7693
f 7693//7693 7690//7690 7694//7694
f 7692//7692 7691//7691 7695//7695
f 7697//7697 7693//7693 7696//7696
f 7698//7698 7697//7697 7696//7696
f 7699//7699 7698//7698 7696//7696
f 7693//7693 7697//7697 7700//7700
f 7703//7703 7701//7701 7702//7702
f 7701//7701 7700//7700 7697//7697
f 7699//7699 7696//7696 7692//7692
f 7692//7692 7695//7695 7699//7699
f 7704//7704 7695//7695 7691//7691
f 7705//7705 7699//7699 7695//7695
f 7699//7699 7706//7706 7698//7698
f 7698//7698 7706//7706 7697//7697
f 7708//7708 7702//7702 7701//7701
f 7709//7709 7702//7702 7708//7708
f 7710//7710 7693//7693 7700//7700
f 7710//7710 7700//7700 7703//7703
f 7710//7710 7703//7703 7711//7711
f 7710//7710 7714//7714 7713//7713
f 7716//7716 7714//7714 7710//7710
f 7712//7712 7716//7716 7710//7710
f 7702//7702 7709//7709 7707//7707
f 7703//7703 7702//7702 7707//7707
f 7701//7701 7703//7703 7700//7700
f 7716//7716 7712//7712 7711//7711
f 7717//7717 7718//7718 7711//7711
f 7711//7711 7718//7718 7716//7716
f 7716//7716 7719//7719 7713//7713
f 7714//7714 7716//7716 7713//7713
f 7719//7719 7716//7716 7718//7718
f 7713//7713 7719//7719 7720//7720
f 7695//7695 7721//7721 7722//7722
f 7705//7705 7706//7706 7699//7699
f 7723//7723 7724//7724 7695//7695
f 7705//7705 7695//7695 7724//7724
f 7706//7706 7705//7705 7724//7724
f 7722//7722 7723//7723 7695//7695
f 7721//7721 7695//7695 7704//7704
f 7724//7724 7725//7725 7726//7726
f 7709//7709 7708//7708 7706//7706
f 7717//7717 7707//7707 7718//7718
f 7727//7727 7709//7709 7726//7726
f 7726//7726 7709//7709 7706//7706
f 7706//7706 7724//7724 7726//7726
f 7728//7728 7718//7718 7729//7729
f 7707//7707 7709//7709 7718//7718
f 7728//7728 7731//7731 7718//7718
f 7732//7732 7725//7725 7721//7721
f 7722//7722 7721//7721 7725//7725
f 7727//7727 7726//7726 7728//7728
f 7733//7733 7728//7728 7734//7734
f 7729//7729 7727//7727 7728//7728
f 7721//7721 7704//7704 7691//7691
f 7719//7719 7718//7718 7730//7730
f 7720//7720 7718//7718 7731//7731
f 7731//7731 7736//7736 7735//7735
f 7720//7720 7719//7719 7730//7730
f 7735//7735 7720//7720 7731//7731
f 7718//7718 7720//7720 7730//7730
f 7735//7735 7737//7737 7720//7720
f 7733//7733 7720//7720 7737//7737
f 7731//7731 7728//7728 7736//7736
f 7733//7733 7736//7736 7728//7728
f 7737//7737 7738//7738 7733//7733
f 7738//7738 7735//7735 7736//7736
f 7738//7738 7736//7736 7733//7733
f 7750//7750 7751//7751 7752//7752
f 7750//7750 7749//7749 7751//7751
f 7763//7763 7770//7770 7771//7771
f 7772//7772 7771//7771 7770//7770
f 7770//7770 7763//7763 7774//7774
f 7762//7762 7763//7763 7771//7771
f 7767//7767 7775//7775 7766//7766
f 7775//7775 7776//7776 7766//7766
f 7765//7765 7773//7773 7764//7764
f 7768//7768 7778//7778 7777//7777
f 7785//7785 7779//7779 7780//7780
f 7783//7783 7788//7788 7787//7787
f 7784//7784 7788//7788 7783//7783
f 7781//7781 7786//7786 7782//7782
f 7778//7778 7768//7768 7769//7769
f 7772//7772 7770//7770 7774//7774
f 7773//7773 7774//7774 7764//7764
f 7772//7772 7789//7789 7771//7771
f 7790//7790 7772//7772 7774//7774
f 7774//7774 7773//7773 7790//7790
f 7790//7790 7789//7789 7772//7772
f 7777//7777 7767//7767 7768//7768
f 7773//7773 7765//7765 7776//7776
f 7775//7775 7790//7790 7776//7776
f 7790//7790 7773//7773 7776//7776
f 7777//7777 7790//7790 7775//7775
f 7767//7767 7777//7777 7775//7775
f 7762//7762 7771//7771 7789//7789
f 7791//7791 7778//7778 7769//7769
f 7769//7769 7779//7779 7785//7785
f 7790//7790 7791//7791 7769//7769
f 7791//7791 7777//7777 7778//7778
f 7780//7780 7782//7782 7785//7785
f 7782//7782 7790//7790 7785//7785
f 7785//7785 7790//7790 7769//7769
f 7786//7786 7781//7781 7783//7783
f 7783//7783 7790//7790 7786//7786
f 7790//7790 7782//7782 7786//7786
f 7787//7787 7790//7790 7783//7783
f 7788//7788 7784//7784 7790//7790
f 7787//7787 7788//7788 7790//7790
f 7777//7777 7791//7791 7790//7790
f 7808//7808 7809//7809 7810//7810
f 7808//7808 7811//7811 7809//7809
f 7810//7810 7812//7812 7808//7808
f 7813//7813 7808//7808 7812//7812
f 7813//7813 7809//7809 7811//7811
f 7811//7811 7808//7808 7813//7813
f 7824//7824 7826//7826 7825//7825
f 7829//7829 7824//7824 7825//7825
f 7828//7828 7824//7824 7829//7829
f 7828//7828 7826//7826 7824//7824
f 7827//7827 7829//7829 7825//7825
f 7999//7999 7997//7997 7996//7996
f 7997//7997 8000//8000 7996//7996
f 8001//8001 7998//7998 8002//8002
f 8002//8002 7998//7998 7996//7996
f 8001//8001 8003//8003 7998//7998
f 8000//8000 7997//7997 8004//8004
f 8005//8005 8006//8006 8001//8001
f 8002//8002 8005//8005 8001//8001
f 8007//8007 8000//8000 8004//8004
f 7998//7998 8003//8003 8008//8008
f 8003//8003 8009//8009 8008//8008
f 8009//8009 8003//8003 8010//8010
f 7996//7996 7998//7998 8011//8011
f 8013//8013 8011//8011 8014//8014
f 8011//8011 8013//8013 8015//8015
f 8016//8016 8017//8017 8018//8018
f 8011//8011 8015//8015 8012//8012
f 8013//8013 8020//8020 8021//8021
f 8022//8022 8023//8023 8015//8015
f 8014//8014 8020//8020 8013//8013
f 8015//8015 8023//8023 8012//8012
f 8024//8024 8017//8017 8016//8016
f 8025//8025 8017//8017 8024//8024
f 8013//8013 8021//8021 8026//8026
f 8022//8022 8015//8015 8028//8028
f 8001//8001 8006//8006 8027//8027
f 8007//8007 8004//8004 8029//8029
f 8030//8030 8019//8019 8031//8031
f 8018//8018 8017//8017 8031//8031
f 8018//8018 8031//8031 8019//8019
f 8035//8035 8033//8033 8034//8034
f 8032//8032 8034//8034 8033//8033
f 8030//8030 8031//8031 8036//8036
f 8031//8031 8037//8037 8036//8036
f 8034//8034 8032//8032 8038//8038
f 8033//8033 8035//8035 8040//8040
f 8035//8035 8041//8041 8040//8040
f 8034//8034 8038//8038 8039//8039
f 8044//8044 8045//8045 8042//8042
f 8042//8042 8045//8045 8043//8043
f 8049//8049 8047//8047 8046//8046
f 8045//8045 8048//8048 8043//8043
f 8044//8044 8050//8050 8045//8045
f 8052//8052 8048//8048 8051//8051
f 8048//8048 8052//8052 8043//8043
f 8046//8046 8053//8053 8049//8049
f 8041//8041 8035//8035 8055//8055
f 8034//8034 8039//8039 8054//8054
f 8048//8048 8057//8057 8051//8051
f 8045//8045 8050//8050 8056//8056
f 8058//8058 8047//8047 8049//8049
f 8059//8059 8000//8000 8007//8007
f 8006//8006 8005//8005 8027//8027
f 8010//8010 8008//8008 8009//8009
f 8008//8008 8010//8010 8060//8060
f 8061//8061 8027//8027 8005//8005
f 8061//8061 8063//8063 8060//8060
f 8061//8061 8059//8059 8064//8064
f 8060//8060 8010//8010 8027//8027
f 8061//8061 8060//8060 8027//8027
f 8066//8066 8067//8067 8065//8065
f 8065//8065 8060//8060 8063//8063
f 8007//8007 8062//8062 8059//8059
f 8026//8026 8021//8021 8020//8020
f 8028//8028 8023//8023 8022//8022
f 8016//8016 8068//8068 8025//8025
f 8024//8024 8016//8016 8025//8025
f 8023//8023 8028//8028 8067//8067
f 8026//8026 8065//8065 8028//8028
f 8065//8065 8026//8026 8020//8020
f 8028//8028 8065//8065 8067//8067
f 8067//8067 8069//8069 8068//8068
f 8068//8068 8070//8070 8025//8025
f 8063//8063 8061//8061 8064//8064
f 8059//8059 8062//8062 8064//8064
f 8029//8029 8064//8064 8062//8062
f 8063//8063 8064//8064 8071//8071
f 8064//8064 8029//8029 8071//8071
f 8069//8069 8067//8067 8066//8066
f 8066//8066 8065//8065 8063//8063
f 8066//8066 8063//8063 8071//8071
f 8070//8070 8068//8068 8069//8069
f 8062//8062 8007//8007 8029//8029
f 8073//8073 8072//8072 8069//8069
f 8030//8030 8036//8036 8037//8037
f 8054//8054 8039//8039 8038//8038
f 8037//8037 8070//8070 8030//8030
f 8055//8055 8040//8040 8041//8041
f 8070//8070 8072//8072 8074//8074
f 8075//8075 8074//8074 8076//8076
f 8025//8025 8070//8070 8037//8037
f 8054//8054 8038//8038 8074//8074
f 8054//8054 8075//8075 8055//8055
f 8074//8074 8075//8075 8054//8054
f 8056//8056 8050//8050 8044//8044
f 8056//8056 8044//8044 8077//8077
f 8051//8051 8057//8057 8052//8052
f 8049//8049 8053//8053 8079//8079
f 8080//8080 8056//8056 8077//8077
f 8080//8080 8077//8077 8081//8081
f 8057//8057 8080//8080 8052//8052
f 8080//8080 8057//8057 8056//8056
f 8079//8079 8078//8078 8049//8049
f 8075//8075 8040//8040 8055//8055
f 8072//8072 8070//8070 8069//8069
f 8072//8072 8076//8076 8074//8074
f 8073//8073 8076//8076 8072//8072
f 8075//8075 8076//8076 8081//8081
f 8081//8081 8076//8076 8073//8073
f 8079//8079 8082//8082 8078//8078
f 8080//8080 8081//8081 8082//8082
f 8080//8080 8082//8082 8079//8079
f 8082//8082 8081//8081 8073//8073
f 8058//8058 8082//8082 8073//8073
f 8078//8078 8082//8082 8058//8058
f 8049//8049 8078//8078 8058//8058
f 8075//8075 8081//8081 8077//8077
f 8092//8092 8099//8099 8100//8100
f 8091//8091 8099//8099 8092//8092
f 8102//8102 8096//8096 8095//8095
f 8103//8103 8104//8104 8097//8097
f 8093//8093 8094//8094 8101//8101
f 8111//8111 8106//8106 8105//8105
f 8112//8112 8098//8098 8104//8104
f 8109//8109 8114//8114 8115//8115
f 8110//8110 8109//8109 8115//8115
f 8108//8108 8107//8107 8113//8113
f 8104//8104 8098//8098 8097//8097
f 8101//8101 8094//8094 8092//8092
f 8100//8100 8099//8099 8116//8116
f 8116//8116 8092//8092 8100//8100
f 8092//8092 8116//8116 8101//8101
f 8103//8103 8097//8097 8096//8096
f 8101//8101 8095//8095 8093//8093
f 8102//8102 8095//8095 8116//8116
f 8116//8116 8095//8095 8101//8101
f 8102//8102 8103//8103 8096//8096
f 8102//8102 8116//8116 8103//8103
f 8091//8091 8116//8116 8099//8099
f 8104//8104 8103//8103 8112//8112
f 8098//8098 8112//8112 8105//8105
f 8117//8117 8105//8105 8112//8112
f 8116//8116 8117//8117 8112//8112
f 8106//8106 8111//8111 8107//8107
f 8107//8107 8111//8111 8117//8117
f 8111//8111 8105//8105 8117//8117
f 8113//8113 8109//8109 8108//8108
f 8109//8109 8113//8113 8117//8117
f 8117//8117 8113//8113 8107//8107
f 8114//8114 8109//8109 8117//8117
f 8115//8115 8117//8117 8110//8110
f 8114//8114 8117//8117 8115//8115
f 8103//8103 8116//8116 8112//8112
f 8131//8131 8129//8129 8130//8130
f 8130//8130 8129//8129 8132//8132
f 8134//8134 8135//8135 8136//8136
f 8137//8137 8133//8133 8134//8134
f 8137//8137 8134//8134 8136//8136
f 8132//8132 8138//8138 8130//8130
f 8133//8133 8137//8137 8140//8140
f 8141//8141 8140//8140 8137//8137
f 8139//8139 8138//8138 8132//8132
f 8136//8136 8135//8135 8142//8142
f 8142//8142 8143//8143 8136//8136
f 8144//8144 8147//8147 8146//8146
f 8145//8145 8144//8144 8148//8148
f 8144//8144 8145//8145 8147//8147
f 8150//8150 8148//8148 8151//8151
f 8153//8153 8146//8146 8152//8152
f 8144//8144 8146//8146 8153//8153
f 8147//8147 8154//8154 8155//8155
f 8156//8156 8150//8150 8151//8151
f 8145//8145 8154//8154 8147//8147
f 8146//8146 8157//8157 8152//8152
f 8147//8147 8155//8155 8159//8159
f 8151//8151 8160//8160 8156//8156
f 8137//8137 8158//8158 8141//8141
f 8149//8149 8148//8148 8161//8161
f 8151//8151 8149//8149 8162//8162
f 8148//8148 8149//8149 8151//8151
f 8164//8164 8161//8161 8165//8165
f 8163//8163 8166//8166 8165//8165
f 8161//8161 8163//8163 8165//8165
f 8168//8168 8167//8167 8162//8162
f 8169//8169 8170//8170 8165//8165
f 8162//8162 8149//8149 8168//8168
f 8165//8165 8170//8170 8164//8164
f 8171//8171 8172//8172 8166//8166
f 8166//8166 8172//8172 8173//8173
f 8163//8163 8171//8171 8166//8166
f 8161//8161 8174//8174 8163//8163
f 8174//8174 8176//8176 8177//8177
f 8174//8174 8175//8175 8176//8176
f 8175//8175 8174//8174 8178//8178
f 8176//8176 8175//8175 8180//8180
f 8181//8181 8178//8178 8179//8179
f 8182//8182 8177//8177 8176//8176
f 8184//8184 8183//8183 8180//8180
f 8180//8180 8175//8175 8184//8184
f 8178//8178 8181//8181 8185//8185
f 8176//8176 8186//8186 8182//8182
f 8187//8187 8162//8162 8167//8167
f 8188//8188 8169//8169 8165//8165
f 8183//8183 8189//8189 8180//8180
f 8190//8190 8181//8181 8179//8179
f 8191//8191 8139//8139 8192//8192
f 8139//8139 8132//8132 8192//8192
f 8158//8158 8140//8140 8141//8141
f 8143//8143 8142//8142 8135//8135
f 8135//8135 8193//8193 8143//8143
f 8194//8194 8140//8140 8158//8158
f 8194//8194 8193//8193 8195//8195
f 8194//8194 8191//8191 8192//8192
f 8193//8193 8158//8158 8143//8143
f 8193//8193 8194//8194 8158//8158
f 8196//8196 8195//8195 8193//8193
f 8153//8153 8152//8152 8157//8157
f 8159//8159 8155//8155 8154//8154
f 8150//8150 8160//8160 8198//8198
f 8156//8156 8160//8160 8150//8150
f 8196//8196 8157//8157 8159//8159
f 8159//8159 8199//8199 8196//8196
f 8196//8196 8153//8153 8157//8157
f 8159//8159 8154//8154 8199//8199
f 8198//8198 8160//8160 8200//8200
f 8197//8197 8196//8196 8199//8199
f 8199//8199 8198//8198 8201//8201
f 8194//8194 8203//8203 8191//8191
f 8195//8195 8203//8203 8194//8194
f 8202//8202 8191//8191 8203//8203
f 8195//8195 8204//8204 8203//8203
f 8203//8203 8204//8204 8202//8202
f 8191//8191 8202//8202 8139//8139
f 8201//8201 8198//8198 8200//8200
f 8199//8199 8201//8201 8197//8197
f 8197//8197 8204//8204 8195//8195
f 8197//8197 8195//8195 8196//8196
f 8202//8202 8138//8138 8139//8139
f 8168//8168 8187//8187 8167//8167
f 8187//8187 8168//8168 8200//8200
f 8173//8173 8172//8172 8171//8171
f 8170//8170 8169//8169 8188//8188
f 8200//8200 8208//8208 8206//8206
f 8208//8208 8209//8209 8210//8210
f 8160//8160 8187//8187 8200//8200
f 8188//8188 8208//8208 8170//8170
f 8173//8173 8209//8209 8188//8188
f 8188//8188 8209//8209 8208//8208
f 8171//8171 8209//8209 8173//8173
f 8186//8186 8177//8177 8182//8182
f 8186//8186 8211//8211 8177//8177
f 8189//8189 8183//8183 8184//8184
f 8212//8212 8185//8185 8181//8181
f 8214//8214 8215//8215 8211//8211
f 8214//8214 8211//8211 8186//8186
f 8184//8184 8214//8214 8189//8189
f 8186//8186 8189//8189 8214//8214
f 8212//8212 8181//8181 8213//8213
f 8209//8209 8211//8211 8215//8215
f 8200//8200 8206//8206 8201//8201
f 8210//8210 8206//8206 8208//8208
f 8207//8207 8206//8206 8210//8210
f 8209//8209 8215//8215 8210//8210
f 8215//8215 8207//8207 8210//8210
f 8212//8212 8213//8213 8216//8216
f 8214//8214 8216//8216 8215//8215
f 8214//8214 8212//8212 8216//8216
f 8216//8216 8207//8207 8215//8215
f 8190//8190 8207//8207 8216//8216
f 8213//8213 8190//8190 8216//8216
f 8181//8181 8190//8190 8213//8213
f 8207//8207 8205//8205 8206//8206
f 8223//8223 8224//8224 8225//8225
f 8227//8227 8224//8224 8223//8223
f 8227//8227 8223//8223 8226//8226
f 8228//8228 8229//8229 8227//8227
f 8223//8223 8230//8230 8226//8226
f 8229//8229 8228//8228 8234//8234
f 8235//8235 8229//8229 8234//8234
f 8232//8232 8229//8229 8235//8235
f 8227//8227 8236//8236 8228//8228
f 8230//8230 8237//8237 8236//8236
f 8230//8230 8223//8223 8231//8231
f 8236//8236 8226//8226 8230//8230
f 8238//8238 8236//8236 8239//8239
f 8236//8236 8238//8238 8228//8228
f 8234//8234 8228//8228 8233//8233
f 8235//8235 8234//8234 8241//8241
f 8234//8234 8240//8240 8243//8243
f 8233//8233 8240//8240 8234//8234
f 8238//8238 8242//8242 8228//8228
f 8223//8223 8225//8225 8231//8231
f 8246//8246 8244//8244 8245//8245
f 8232//8232 8247//8247 8245//8245
f 8244//8244 8232//8232 8245//8245
f 8245//8245 8247//8247 8246//8246
f 8232//8232 8250//8250 8247//8247
f 8248//8248 8251//8251 8252//8252
f 8248//8248 8249//8249 8235//8235
f 8248//8248 8247//8247 8250//8250
f 8251//8251 8248//8248 8235//8235
f 8252//8252 8253//8253 8247//8247
f 8248//8248 8252//8252 8247//8247
f 8254//8254 8247//8247 8253//8253
f 8237//8237 8256//8256 8239//8239
f 8255//8255 8237//8237 8231//8231
f 8257//8257 8240//8240 8233//8233
f 8238//8238 8239//8239 8258//8258
f 8240//8240 8257//8257 8243//8243
f 8238//8238 8258//8258 8242//8242
f 8237//8237 8239//8239 8236//8236
f 8259//8259 8256//8256 8237//8237
f 8231//8231 8259//8259 8255//8255
f 8231//8231 8260//8260 8259//8259
f 8242//8242 8261//8261 8257//8257
f 8261//8261 8243//8243 8257//8257
f 8260//8260 8242//8242 8258//8258
f 8259//8259 8260//8260 8256//8256
f 8260//8260 8261//8261 8242//8242
f 8261//8261 8260//8260 8231//8231
f 8237//8237 8230//8230 8231//8231
f 8251//8251 8235//8235 8241//8241
f 8262//8262 8264//8264 8263//8263
f 8251//8251 8253//8253 8252//8252
f 8254//8254 8251//8251 8266//8266
f 8251//8251 8254//8254 8253//8253
f 8251//8251 8241//8241 8265//8265
f 8241//8241 8234//8234 8243//8243
f 8264//8264 8262//8262 8267//8267
f 8265//8265 8261//8261 8254//8254
f 8251//8251 8265//8265 8268//8268
f 8266//8266 8268//8268 8265//8265
f 8266//8266 8265//8265 8254//8254
f 8254//8254 8261//8261 8231//8231
f 8269//8269 8270//8270 8271//8271
f 8270//8270 8273//8273 8271//8271
f 8270//8270 8269//8269 8272//8272
f 8274//8274 8270//8270 8272//8272
f 8274//8274 8273//8273 8270//8270
f 8269//8269 8274//8274 8272//8272
f 8295//8295 8296//8296 8297//8297
f 8297//8297 8298//8298 8295//8295
f 8293//8293 8301//8301 8302//8302
f 8302//8302 8300//8300 8299//8299
f 8293//8293 8302//8302 8299//8299
f 8303//8303 8300//8300 8304//8304
f 8299//8299 8300//8300 8303//8303
f 8301//8301 8293//8293 8294//8294
f 8305//8305 8306//8306 8299//8299
f 8306//8306 8305//8305 8307//8307
f 8305//8305 8299//8299 8308//8308
f 8309//8309 8305//8305 8308//8308
f 8308//8308 8299//8299 8303//8303
f 8309//8309 8307//8307 8305//8305
f 8300//8300 8310//8310 8304//8304
f 8301//8301 8310//8310 8302//8302
f 8303//8303 8304//8304 8310//8310
f 8310//8310 8301//8301 8311//8311
f 8308//8308 8303//8303 8311//8311
f 8309//8309 8308//8308 8311//8311
f 8310//8310 8311//8311 8303//8303
f 8312//8312 8309//8309 8311//8311
f 8309//8309 8312//8312 8307//8307
f 8315//8315 8316//8316 8317//8317
f 8316//8316 8315//8315 8318//8318
f 8313//8313 8322//8322 8323//8323
f 8322//8322 8319//8319 8321//8321
f 8313//8313 8319//8319 8322//8322
f 8324//8324 8325//8325 8321//8321
f 8320//8320 8324//8324 8321//8321
f 8319//8319 8320//8320 8321//8321
f 8323//8323 8314//8314 8313//8313
f 8327//8327 8326//8326 8328//8328
f 8328//8328 8329//8329 8327//8327
f 8327//8327 8330//8330 8326//8326
f 8331//8331 8330//8330 8327//8327
f 8331//8331 8327//8327 8329//8329
f 8321//8321 8325//8325 8332//8332
f 8323//8323 8322//8322 8332//8332
f 8324//8324 8332//8332 8325//8325
f 8332//8332 8333//8333 8323//8323
f 8330//8330 8333//8333 8324//8324
f 8331//8331 8333//8333 8330//8330
f 8332//8332 8324//8324 8333//8333
f 8334//8334 8333//8333 8331//8331
f 8331//8331 8329//8329 8334//8334
f 8337//8337 8338//8338 8339//8339
f 8342//8342 8339//8339 8338//8338
f 8346//8346 8347//8347 8345//8345
f 8347//8347 8346//8346 8350//8350
f 8346//8346 8351//8351 8350//8350
f 8374//8374 8372//8372 8373//8373
f 8374//8374 8373//8373 8375//8375
f 8371//8371 8373//8373 8372//8372
f 8371//8371 8372//8372 8376//8376
f 8376//8376 8377//8377 8371//8371
f 8378//8378 8375//8375 8373//8373
f 8397//8397 8398//8398 8399//8399
f 8402//8402 8399//8399 8398//8398
f 8407//8407 8405//8405 8406//8406
f 8405//8405 8407//8407 8410//8410
f 8407//8407 8411//8411 8410//8410
f 8428//8428 8430//8430 8429//8429
f 8429//8429 8431//8431 8428//8428
f 8428//8428 8431//8431 8432//8432
f 8430//8430 8432//8432 8433//8433
f 8430//8430 8428//8428 8432//8432
f 8447//8447 8446//8446 8445//8445
f 8447//8447 8448//8448 8446//8446
f 8444//8444 8445//8445 8446//8446
f 8444//8444 8449//8449 8445//8445
f 8449//8449 8444//8444 8450//8450
f 8451//8451 8446//8446 8448//8448
f 8461//8461 8462//8462 8463//8463
f 8465//8465 8461//8461 8463//8463
f 8465//8465 8464//8464 8461//8461
f 8465//8465 8466//8466 8467//8467
f 8461//8461 8464//8464 8468//8468
f 8470//8470 8466//8466 8471//8471
f 8466//8466 8473//8473 8467//8467
f 8473//8473 8466//8466 8470//8470
f 8465//8465 8467//8467 8474//8474
f 8468//8468 8474//8474 8475//8475
f 8468//8468 8469//8469 8461//8461
f 8474//8474 8468//8468 8464//8464
f 8476//8476 8477//8477 8474//8474
f 8474//8474 8467//8467 8476//8476
f 8473//8473 8472//8472 8467//8467
f 8479//8479 8473//8473 8470//8470
f 8479//8479 8480//8480 8473//8473
f 8473//8473 8482//8482 8478//8478
f 8472//8472 8473//8473 8478//8478
f 8476//8476 8467//8467 8481//8481
f 8461//8461 8469//8469 8462//8462
f 8485//8485 8484//8484 8483//8483
f 8471//8471 8484//8484 8486//8486
f 8483//8483 8484//8484 8471//8471
f 8484//8484 8485//8485 8486//8486
f 8471//8471 8486//8486 8487//8487
f 8488//8488 8487//8487 8486//8486
f 8488//8488 8471//8471 8487//8487
f 8471//8471 8488//8488 8479//8479
f 8488//8488 8489//8489 8490//8490
f 8490//8490 8479//8479 8488//8488
f 8489//8489 8486//8486 8491//8491
f 8488//8488 8486//8486 8489//8489
f 8492//8492 8491//8491 8486//8486
f 8493//8493 8469//8469 8475//8475
f 8478//8478 8494//8494 8472//8472
f 8476//8476 8495//8495 8477//8477
f 8478//8478 8482//8482 8496//8496
f 8494//8494 8478//8478 8496//8496
f 8476//8476 8481//8481 8495//8495
f 8475//8475 8477//8477 8497//8497
f 8475//8475 8474//8474 8477//8477
f 8498//8498 8475//8475 8497//8497
f 8469//8469 8493//8493 8498//8498
f 8469//8469 8498//8498 8499//8499
f 8499//8499 8495//8495 8481//8481
f 8496//8496 8481//8481 8494//8494
f 8481//8481 8496//8496 8499//8499
f 8499//8499 8498//8498 8497//8497
f 8496//8496 8469//8469 8499//8499
f 8475//8475 8469//8469 8468//8468
f 8480//8480 8500//8500 8482//8482
f 8490//8490 8480//8480 8479//8479
f 8490//8490 8501//8501 8480//8480
f 8492//8492 8489//8489 8491//8491
f 8492//8492 8502//8502 8490//8490
f 8490//8490 8489//8489 8492//8492
f 8490//8490 8503//8503 8501//8501
f 8480//8480 8482//8482 8473//8473
f 8500//8500 8480//8480 8504//8504
f 8501//8501 8492//8492 8496//8496
f 8502//8502 8501//8501 8503//8503
f 8502//8502 8492//8492 8501//8501
f 8492//8492 8469//8469 8496//8496
f 9113//9113 9112//9112 9110//9110
f 9113//9113 9115//9115 9112//9112
f 9112//9112 9115//9115 9116//9116
f 9117//9117 9112//9112 9116//9116
f 9117//9117 9116//9116 9123//9123
f 9122//9122 9124//9124 9121//9121
f 9140//9140 9141//9141 9142//9142
f 9143//9143 9144//9144 9140//9140
f 9141//9141 9140//9140 9144//9144
f 9140//9140 9142//9142 9146//9146
f 9147//9147 9148//9148 9142//9142
f 9145//9145 9140//9140 9146//9146
f 9149//9149 9142//9142 9148//9148
f 9142//9142 9150//9150 9146//9146
f 9147//9147 9142//9142 9141//9141
f 9149//9149 9150//9150 9142//9142
f 9147//9147 9152//9152 9154//9154
f 9152//9152 9147//9147 9141//9141
f 9153//9153 9147//9147 9154//9154
f 9152//9152 9155//9155 9154//9154
f 9148//9148 9147//9147 9151//9151
f 9152//9152 9157//9157 9158//9158
f 9159//9159 9160//9160 9157//9157
f 9156//9156 9152//9152 9158//9158
f 9157//9157 9152//9152 9141//9141
f 9153//9153 9151//9151 9147//9147
f 9152//9152 9156//9156 9155//9155
f 9157//9157 9141//9141 9162//9162
f 9144//9144 9163//9163 9141//9141
f 9143//9143 9140//9140 9145//9145
f 9141//9141 9163//9163 9164//9164
f 9149//9149 9146//9146 9150//9150
f 9149//9149 9167//9167 9146//9146
f 9167//9167 9168//9168 9146//9146
f 9166//9166 9164//9164 9163//9163
f 9168//9168 9167//9167 9171//9171
f 9165//9165 9168//9168 9171//9171
f 9171//9171 9167//9167 9170//9170
f 9156//9156 9172//9172 9154//9154
f 9153//9153 9148//9148 9151//9151
f 9148//9148 9153//9153 9169//9169
f 9154//9154 9155//9155 9156//9156
f 9157//9157 9160//9160 9158//9158
f 9172//9172 9156//9156 9173//9173
f 9169//9169 9171//9171 9170//9170
f 9176//9176 9171//9171 9169//9169
f 9177//9177 9171//9171 9176//9176
f 9169//9169 9170//9170 9148//9148
f 9159//9159 9161//9161 9178//9178
f 9180//9180 9161//9161 9181//9181
f 9182//9182 9180//9180 9181//9181
f 9179//9179 9161//9161 9180//9180
f 9157//9157 9161//9161 9159//9159
f 9184//9184 9181//9181 9183//9183
f 9183//9183 9181//9181 9162//9162
f 9183//9183 9187//9187 9184//9184
f 9184//9184 9186//9186 9181//9181
f 9181//9181 9161//9161 9162//9162
f 9179//9179 9178//9178 9161//9161
f 9186//9186 9182//9182 9181//9181
f 9188//9188 9187//9187 9183//9183
f 9189//9189 9185//9185 9190//9190
f 9192//9192 9185//9185 9193//9193
f 9183//9183 9189//9189 9188//9188
f 9192//9192 9191//9191 9185//9185
f 9183//9183 9185//9185 9189//9189
f 9183//9183 9162//9162 9185//9185
f 9194//9194 9193//9193 9162//9162
f 9194//9194 9195//9195 9193//9193
f 9193//9193 9185//9185 9162//9162
f 9191//9191 9190//9190 9185//9185
f 9162//9162 9161//9161 9157//9157
f 9179//9179 9159//9159 9178//9178
f 9180//9180 9182//9182 9186//9186
f 9177//9177 9200//9200 9171//9171
f 9201//9201 9200//9200 9180//9180
f 9201//9201 9180//9180 9186//9186
f 9202//9202 9203//9203 9198//9198
f 9199//9199 9202//9202 9198//9198
f 9200//9200 9201//9201 9171//9171
f 9171//9171 9201//9201 9203//9203
f 9203//9203 9202//9202 9171//9171
f 9190//9190 9191//9191 9189//9189
f 9191//9191 9204//9204 9189//9189
f 9204//9204 9191//9191 9205//9205
f 9207//9207 9192//9192 9195//9195
f 9194//9194 9162//9162 9206//9206
f 9195//9195 9192//9192 9193//9193
f 9188//9188 9184//9184 9187//9187
f 9208//9208 9202//9202 9209//9209
f 9171//9171 9202//9202 9208//9208
f 9207//9207 9209//9209 9192//9192
f 9207//9207 9206//9206 9210//9210
f 9210//9210 9206//9206 9162//9162
f 9246//9246 9249//9249 9247//9247
f 9246//9246 9247//9247 9251//9251
f 9248//9248 9246//9246 9250//9250
f 9248//9248 9249//9249 9246//9246
f 9252//9252 9249//9249 9248//9248
f 9251//9251 9247//9247 9253//9253
f 9251//9251 9254//9254 9250//9250
f 9256//9256 9254//9254 9253//9253
f 9251//9251 9253//9253 9254//9254
f 9256//9256 9252//9252 9254//9254
f 9251//9251 9250//9250 9246//9246
f 9249//9249 9252//9252 9255//9255
f 9258//9258 9257//9257 9259//9259
f 9257//9257 9258//9258 9249//9249
f 9257//9257 9249//9249 9255//9255
f 9258//9258 9260//9260 9249//9249
f 9261//9261 9260//9260 9258//9258
f 9256//9256 9262//9262 9255//9255
f 9262//9262 9256//9256 9263//9263
f 9262//9262 9261//9261 9259//9259
f 9261//9261 9262//9262 9263//9263
f 9255//9255 9252//9252 9256//9256
f 9261//9261 9263//9263 9260//9260
f 9261//9261 9258//9258 9259//9259
f 9272//9272 9273//9273 9274//9274
f 9273//9273 9275//9275 9276//9276
f 9275//9275 9273//9273 9278//9278
f 9278//9278 9279//9279 9275//9275
f 9276//9276 9277//9277 9273//9273
f 9274//9274 9273//9273 9277//9277
f 9274//9274 9277//9277 9280//9280
f 9274//9274 9281//9281 9282//9282
f 9274//9274 9280//9280 9281//9281
f 9282//9282 9284//9284 9274//9274
f 9285//9285 9280//9280 9277//9277
f 9280//9280 9286//9286 9281//9281
f 9274//9274 9287//9287 9272//9272
f 9276//9276 9288//9288 9289//9289
f 9276//9276 9275//9275 9288//9288
f 9291//9291 9279//9279 9278//9278
f 9292//9292 9287//9287 9274//9274
f 9293//9293 9281//9281 9286//9286
f 9282//9282 9294//9294 9283//9283
f 9293//9293 9286//9286 9295//9295
f 9296//9296 9297//9297 9284//9284
f 9297//9297 9298//9298 9284//9284
f 9299//9299 9284//9284 9298//9298
f 9299//9299 9300//9300 9284//9284
f 9284//9284 9282//9282 9296//9296
f 9301//9301 9300//9300 9299//9299
f 9282//9282 9283//9283 9296//9296
f 9284//9284 9300//9300 9302//9302
f 9303//9303 9304//9304 9284//9284
f 9305//9305 9284//9284 9304//9304
f 9302//9302 9303//9303 9284//9284
f 9304//9304 9303//9303 9306//9306
f 9307//9307 9297//9297 9296//9296
f 9297//9297 9307//9307 9308//9308
f 9309//9309 9310//9310 9298//9298
f 9310//9310 9299//9299 9298//9298
f 9311//9311 9301//9301 9312//9312
f 9313//9313 9314//9314 9302//9302
f 9301//9301 9311//9311 9300//9300
f 9303//9303 9302//9302 9314//9314
f 9304//9304 9306//9306 9315//9315
f 9306//9306 9318//9318 9315//9315
f 9320//9320 9321//9321 9278//9278
f 9278//9278 9321//9321 9290//9290
f 9285//9285 9323//9323 9280//9280
f 9279//9279 9291//9291 9322//9322
f 9291//9291 9278//9278 9290//9290
f 9321//9321 9320//9320 9291//9291
f 9320//9320 9322//9322 9291//9291
f 9292//9292 9320//9320 9287//9287
f 9324//9324 9320//9320 9292//9292
f 9320//9320 9324//9324 9322//9322
f 9325//9325 9288//9288 9324//9324
f 9326//9326 9324//9324 9292//9292
f 9326//9326 9327//9327 9325//9325
f 9324//9324 9326//9326 9325//9325
f 9329//9329 9328//9328 9326//9326
f 9328//9328 9327//9327 9326//9326
f 9330//9330 9329//9329 9326//9326
f 9330//9330 9295//9295 9329//9329
f 9323//9323 9327//9327 9328//9328
f 9327//9327 9323//9323 9285//9285
f 9288//9288 9325//9325 9289//9289
f 9331//9331 9283//9283 9294//9294
f 9332//9332 9308//9308 9307//9307
f 9309//9309 9333//9333 9310//9310
f 9313//9313 9334//9334 9314//9314
f 9294//9294 9335//9335 9331//9331
f 9336//9336 9308//9308 9332//9332
f 9332//9332 9331//9331 9335//9335
f 9335//9335 9326//9326 9332//9332
f 9326//9326 9337//9337 9336//9336
f 9337//9337 9326//9326 9333//9333
f 9332//9332 9326//9326 9336//9336
f 9330//9330 9326//9326 9335//9335
f 9295//9295 9330//9330 9293//9293
f 9338//9338 9311//9311 9312//9312
f 9315//9315 9318//9318 9339//9339
f 9334//9334 9313//9313 9340//9340
f 9334//9334 9339//9339 9318//9318
f 9338//9338 9333//9333 9326//9326
f 9338//9338 9312//9312 9333//9333
f 9340//9340 9326//9326 9334//9334
f 9334//9334 9326//9326 9339//9339
f 9338//9338 9326//9326 9340//9340
f 9309//9309 9337//9337 9333//9333
f 9342//9342 9284//9284 9341//9341
f 9305//9305 9316//9316 9341//9341
f 9284//9284 9342//9342 9343//9343
f 9284//9284 9305//9305 9341//9341
f 9344//9344 9345//9345 9284//9284
f 9346//9346 9284//9284 9345//9345
f 9343//9343 9344//9344 9284//9284
f 9346//9346 9347//9347 9284//9284
f 9344//9344 9348//9348 9345//9345
f 9349//9349 9350//9350 9347//9347
f 9317//9317 9316//9316 9305//9305
f 9351//9351 9342//9342 9341//9341
f 9351//9351 9352//9352 9342//9342
f 9354//9354 9343//9343 9353//9353
f 9355//9355 9345//9345 9348//9348
f 9344//9344 9343//9343 9354//9354
f 9346//9346 9356//9356 9347//9347
f 9346//9346 9357//9357 9356//9356
f 9359//9359 9284//9284 9350//9350
f 9284//9284 9359//9359 9360//9360
f 9362//9362 9363//9363 9361//9361
f 9360//9360 9362//9362 9361//9361
f 9360//9360 9361//9361 9284//9284
f 9364//9364 9362//9362 9360//9360
f 9284//9284 9347//9347 9350//9350
f 9361//9361 9365//9365 9366//9366
f 9361//9361 9363//9363 9365//9365
f 9361//9361 9367//9367 9284//9284
f 9368//9368 9366//9366 9365//9365
f 9369//9369 9370//9370 9359//9359
f 9370//9370 9360//9360 9359//9359
f 9349//9349 9372//9372 9358//9358
f 9371//9371 9364//9364 9373//9373
f 9358//9358 9350//9350 9349//9349
f 9374//9374 9375//9375 9363//9363
f 9364//9364 9371//9371 9362//9362
f 9375//9375 9365//9365 9363//9363
f 9366//9366 9368//9368 9376//9376
f 9368//9368 9377//9377 9376//9376
f 9326//9326 9284//9284 9367//9367
f 9319//9319 9316//9316 9317//9317
f 9378//9378 9352//9352 9351//9351
f 9379//9379 9355//9355 9348//9348
f 9356//9356 9357//9357 9380//9380
f 9381//9381 9319//9319 9317//9317
f 9381//9381 9378//9378 9319//9319
f 9354//9354 9353//9353 9382//9382
f 9378//9378 9383//9383 9352//9352
f 9381//9381 9326//9326 9378//9378
f 9326//9326 9383//9383 9378//9378
f 9379//9379 9354//9354 9382//9382
f 9379//9379 9382//9382 9326//9326
f 9382//9382 9383//9383 9326//9326
f 9355//9355 9379//9379 9384//9384
f 9385//9385 9358//9358 9372//9372
f 9380//9380 9357//9357 9386//9386
f 9372//9372 9380//9380 9385//9385
f 9380//9380 9386//9386 9326//9326
f 9384//9384 9326//9326 9386//9386
f 9384//9384 9379//9379 9326//9326
f 9385//9385 9380//9380 9326//9326
f 9387//9387 9385//9385 9326//9326
f 9339//9339 9326//9326 9381//9381
f 9388//9388 9370//9370 9387//9387
f 9369//9369 9387//9387 9370//9370
f 9390//9390 9371//9371 9373//9373
f 9388//9388 9387//9387 9326//9326
f 9390//9390 9388//9388 9326//9326
f 9326//9326 9392//9392 9390//9390
f 9373//9373 9388//9388 9390//9390
f 9391//9391 9392//9392 9326//9326
f 9391//9391 9375//9375 9392//9392
f 9376//9376 9389//9389 9366//9366
f 9376//9376 9377//9377 9389//9389
f 9374//9374 9392//9392 9375//9375
f 9391//9391 9389//9389 9377//9377
f 9391//9391 9326//9326 9389//9389
f 9367//9367 9389//9389 9326//9326
f 9396//9396 9393//9393 9394//9394
f 9395//9395 9394//9394 9393//9393
f 9394//9394 9395//9395 9399//9399
f 9402//9402 9401//9401 9400//9400
f 9401//9401 9403//9403 9400//9400
f 9394//9394 9399//9399 9406//9406
f 9406//9406 9408//9408 9394//9394
f 9400//9400 9403//9403 9409//9409
f 9411//9411 9407//9407 9410//9410
f 9433//9433 9432//9432 9434//9434
f 9435//9435 9434//9434 9432//9432
f 9432//9432 9436//9436 9435//9435
f 9435//9435 9436//9436 9437//9437
f 9438//9438 9432//9432 9433//9433
f 9435//9435 9437//9437 9439//9439
f 9439//9439 9441//9441 9440//9440
f 9444//9444 9439//9439 9437//9437
f 9440//9440 9441//9441 9443//9443
f 9445//9445 9441//9441 9439//9439
f 9443//9443 9441//9441 9445//9445
f 9438//9438 9446//9446 9436//9436
f 9438//9438 9433//9433 9448//9448
f 9446//9446 9438//9438 9447//9447
f 9436//9436 9432//9432 9438//9438
f 9444//9444 9446//9446 9447//9447
f 9445//9445 9444//9444 9447//9447
f 9448//9448 9447//9447 9438//9438
f 9445//9445 9447//9447 9449//9449
f 9449//9449 9448//9448 9451//9451
f 9448//9448 9449//9449 9447//9447
f 9444//9444 9445//9445 9439//9439
f 9454//9454 9453//9453 9452//9452
f 9454//9454 9442//9442 9443//9443
f 9455//9455 9443//9443 9445//9445
f 9452//9452 9442//9442 9454//9454
f 9455//9455 9454//9454 9443//9443
f 9458//9458 9457//9457 9456//9456
f 9456//9456 9457//9457 9453//9453
f 9456//9456 9459//9459 9458//9458
f 9460//9460 9453//9453 9454//9454
f 9453//9453 9459//9459 9456//9456
f 9452//9452 9453//9453 9457//9457
f 9462//9462 9450//9450 9463//9463
f 9461//9461 9463//9463 9464//9464
f 9463//9463 9461//9461 9462//9462
f 9460//9460 9455//9455 9461//9461
f 9459//9459 9453//9453 9460//9460
f 9464//9464 9459//9459 9460//9460
f 9460//9460 9461//9461 9464//9464
f 9464//9464 9458//9458 9459//9459
f 9460//9460 9454//9454 9455//9455
f 9442//9442 9440//9440 9443//9443
f 9473//9473 9474//9474 9476//9476
f 9478//9478 9474//9474 9473//9473
f 9475//9475 9477//9477 9473//9473
f 9475//9475 9473//9473 9476//9476
f 9476//9476 9479//9479 9475//9475
f 9474//9474 9478//9478 9481//9481
f 9473//9473 9477//9477 9478//9478
f 9478//9478 9477//9477 9482//9482
f 9483//9483 9481//9481 9482//9482
f 9478//9478 9482//9482 9481//9481
f 9483//9483 9482//9482 9479//9479
f 9476//9476 9480//9480 9479//9479
f 9485//9485 9486//9486 9484//9484
f 9484//9484 9476//9476 9485//9485
f 9484//9484 9480//9480 9476//9476
f 9485//9485 9476//9476 9487//9487
f 9488//9488 9485//9485 9487//9487
f 9483//9483 9480//9480 9489//9489
f 9489//9489 9490//9490 9483//9483
f 9488//9488 9490//9490 9489//9489
f 9489//9489 9486//9486 9488//9488
f 9480//9480 9483//9483 9479//9479
f 9488//9488 9487//9487 9490//9490
f 9488//9488 9486//9486 9485//9485
f 9499//9499 9500//9500 9501//9501
f 9501//9501 9502//9502 9503//9503
f 9503//9503 9505//9505 9501//9501
f 9505//9505 9503//9503 9506//9506
f 9502//9502 9501//9501 9504//9504
f 9500//9500 9504//9504 9501//9501
f 9500//9500 9507//9507 9504//9504
f 9500//9500 9508//9508 9509//9509
f 9500//9500 9509//9509 9507//9507
f 9508//9508 9500//9500 9510//9510
f 9511//9511 9507//9507 9509//9509
f 9512//9512 9504//9504 9507//9507
f 9500//9500 9499//9499 9514//9514
f 9502//9502 9516//9516 9515//9515
f 9502//9502 9515//9515 9503//9503
f 9518//9518 9505//9505 9506//9506
f 9519//9519 9500//9500 9514//9514
f 9520//9520 9511//9511 9509//9509
f 9508//9508 9513//9513 9521//9521
f 9520//9520 9522//9522 9511//9511
f 9524//9524 9523//9523 9510//9510
f 9524//9524 9510//9510 9525//9525
f 9526//9526 9525//9525 9510//9510
f 9526//9526 9510//9510 9527//9527
f 9510//9510 9523//9523 9508//9508
f 9528//9528 9526//9526 9527//9527
f 9508//9508 9523//9523 9513//9513
f 9510//9510 9529//9529 9527//9527
f 9530//9530 9529//9529 9510//9510
f 9530//9530 9510//9510 9531//9531
f 9532//9532 9531//9531 9510//9510
f 9530//9530 9531//9531 9533//9533
f 9534//9534 9523//9523 9524//9524
f 9524//9524 9535//9535 9534//9534
f 9536//9536 9525//9525 9537//9537
f 9537//9537 9525//9525 9526//9526
f 9538//9538 9539//9539 9528//9528
f 9540//9540 9529//9529 9541//9541
f 9528//9528 9527//9527 9538//9538
f 9530//9530 9541//9541 9529//9529
f 9531//9531 9542//9542 9533//9533
f 9533//9533 9542//9542 9545//9545
f 9547//9547 9505//9505 9517//9517
f 9512//9512 9507//9507 9549//9549
f 9506//9506 9548//9548 9518//9518
f 9518//9518 9517//9517 9505//9505
f 9547//9547 9517//9517 9518//9518
f 9547//9547 9518//9518 9548//9548
f 9514//9514 9547//9547 9519//9519
f 9519//9519 9547//9547 9550//9550
f 9547//9547 9548//9548 9550//9550
f 9551//9551 9550//9550 9515//9515
f 9552//9552 9519//9519 9550//9550
f 9552//9552 9551//9551 9553//9553
f 9550//9550 9551//9551 9552//9552
f 9555//9555 9552//9552 9554//9554
f 9554//9554 9552//9552 9553//9553
f 9556//9556 9552//9552 9555//9555
f 9556//9556 9555//9555 9522//9522
f 9549//9549 9554//9554 9553//9553
f 9553//9553 9512//9512 9549//9549
f 9515//9515 9516//9516 9551//9551
f 9521//9521 9513//9513 9557//9557
f 9534//9534 9535//9535 9558//9558
f 9536//9536 9537//9537 9559//9559
f 9541//9541 9560//9560 9540//9540
f 9521//9521 9557//9557 9561//9561
f 9522//9522 9520//9520 9556//9556
f 9535//9535 9562//9562 9558//9558
f 9558//9558 9561//9561 9557//9557
f 9561//9561 9558//9558 9552//9552
f 9552//9552 9562//9562 9563//9563
f 9563//9563 9559//9559 9552//9552
f 9558//9558 9562//9562 9552//9552
f 9556//9556 9561//9561 9552//9552
f 9564//9564 9539//9539 9538//9538
f 9542//9542 9565//9565 9545//9545
f 9560//9560 9566//9566 9540//9540
f 9560//9560 9545//9545 9565//9565
f 9564//9564 9559//9559 9539//9539
f 9559//9559 9564//9564 9552//9552
f 9566//9566 9560//9560 9552//9552
f 9560//9560 9565//9565 9552//9552
f 9564//9564 9566//9566 9552//9552
f 9536//9536 9559//9559 9563//9563
f 9568//9568 9567//9567 9510//9510
f 9532//9532 9567//9567 9543//9543
f 9510//9510 9569//9569 9568//9568
f 9570//9570 9569//9569 9571//9571
f 9567//9567 9532//9532 9510//9510
f 9572//9572 9571//9571 9510//9510
f 9569//9569 9510//9510 9571//9571
f 9510//9510 9573//9573 9572//9572
f 9510//9510 9574//9574 9573//9573
f 9575//9575 9574//9574 9576//9576
f 9544//9544 9532//9532 9543//9543
f 9577//9577 9568//9568 9578//9578
f 9567//9567 9568//9568 9577//9577
f 9570//9570 9579//9579 9569//9569
f 9580//9580 9581//9581 9572//9572
f 9573//9573 9574//9574 9582//9582
f 9573//9573 9582//9582 9583//9583
f 9571//9571 9572//9572 9581//9581
f 9585//9585 9576//9576 9510//9510
f 9585//9585 9510//9510 9586//9586
f 9510//9510 9576//9576 9574//9574
f 9587//9587 9588//9588 9589//9589
f 9588//9588 9587//9587 9586//9586
f 9586//9586 9510//9510 9588//9588
f 9590//9590 9586//9586 9587//9587
f 9588//9588 9591//9591 9589//9589
f 9588//9588 9510//9510 9592//9592
f 9593//9593 9591//9591 9594//9594
f 9594//9594 9591//9591 9588//9588
f 9595//9595 9585//9585 9596//9596
f 9586//9586 9596//9596 9585//9585
f 9597//9597 9590//9590 9587//9587
f 9575//9575 9584//9584 9598//9598
f 9599//9599 9590//9590 9597//9597
f 9584//9584 9575//9575 9576//9576
f 9589//9589 9600//9600 9601//9601
f 9589//9589 9591//9591 9600//9600
f 9602//9602 9593//9593 9603//9603
f 9594//9594 9603//9603 9593//9593
f 9552//9552 9592//9592 9510//9510
f 9544//9544 9543//9543 9546//9546
f 9570//9570 9604//9604 9579//9579
f 9605//9605 9577//9577 9578//9578
f 9582//9582 9606//9606 9583//9583
f 9607//9607 9544//9544 9546//9546
f 9607//9607 9546//9546 9605//9605
f 9604//9604 9608//9608 9579//9579
f 9605//9605 9578//9578 9609//9609
f 9607//9607 9605//9605 9552//9552
f 9552//9552 9605//9605 9609//9609
f 9604//9604 9552//9552 9608//9608
f 9608//9608 9552//9552 9609//9609
f 9580//9580 9610//9610 9581//9581
f 9611//9611 9598//9598 9584//9584
f 9606//9606 9612//9612 9583//9583
f 9598//9598 9611//9611 9606//9606
f 9606//9606 9552//9552 9612//9612
f 9610//9610 9612//9612 9552//9552
f 9610//9610 9552//9552 9604//9604
f 9611//9611 9552//9552 9606//9606
f 9613//9613 9552//9552 9611//9611
f 9610//9610 9604//9604 9581//9581
f 9565//9565 9607//9607 9552//9552
f 9614//9614 9613//9613 9596//9596
f 9595//9595 9596//9596 9613//9613
f 9616//9616 9599//9599 9597//9597
f 9614//9614 9552//9552 9613//9613
f 9616//9616 9552//9552 9614//9614
f 9552//9552 9616//9616 9618//9618
f 9599//9599 9616//9616 9614//9614
f 9617//9617 9552//9552 9618//9618
f 9617//9617 9618//9618 9600//9600
f 9615//9615 9603//9603 9594//9594
f 9603//9603 9615//9615 9602//9602
f 9601//9601 9600//9600 9618//9618
f 9617//9617 9602//9602 9615//9615
f 9617//9617 9615//9615 9552//9552
f 9592//9592 9552//9552 9615//9615
f 9628//9628 9629//9629 9627//9627
f 9630//9630 9627//9627 9629//9629
f 9630//9630 9631//9631 9627//9627
f 9634//9634 9628//9628 9627//9627
f 9636//9636 9633//9633 9632//9632
f 9632//9632 9635//9635 9636//9636
f 9630//9630 9632//9632 9633//9633
f 9635//9635 9638//9638 9636//9636
f 9636//9636 9639//9639 9633//9633
f 9638//9638 9640//9640 9636//9636
f 9641//9641 9630//9630 9633//9633
f 9628//9628 9634//9634 9642//9642
f 9634//9634 9631//9631 9641//9641
f 9631//9631 9630//9630 9641//9641
f 9634//9634 9644//9644 9642//9642
f 9641//9641 9643//9643 9634//9634
f 9631//9631 9634//9634 9627//9627
f 9639//9639 9643//9643 9641//9641
f 9641//9641 9633//9633 9639//9639
f 9644//9644 9634//9634 9643//9643
f 9639//9639 9636//9636 9640//9640
f 9651//9651 9649//9649 9650//9650
f 9652//9652 9640//9640 9638//9638
f 9637//9637 9651//9651 9638//9638
f 9653//9653 9638//9638 9651//9651
f 9637//9637 9649//9649 9651//9651
f 9656//9656 9654//9654 9655//9655
f 9654//9654 9650//9650 9655//9655
f 9654//9654 9656//9656 9657//9657
f 9658//9658 9651//9651 9650//9650
f 9650//9650 9654//9654 9657//9657
f 9649//9649 9655//9655 9650//9650
f 9646//9646 9648//9648 9645//9645
f 9658//9658 9659//9659 9653//9653
f 9660//9660 9652//9652 9653//9653
f 9653//9653 9652//9652 9638//9638
f 9660//9660 9648//9648 9652//9652
f 9661//9661 9648//9648 9660//9660
f 9658//9658 9660//9660 9659//9659
f 9657//9657 9658//9658 9650//9650
f 9661//9661 9658//9658 9657//9657
f 9658//9658 9661//9661 9660//9660
f 9661//9661 9657//9657 9662//9662
f 9662//9662 9657//9657 9656//9656
f 9658//9658 9653//9653 9651//9651
f 9637//9637 9638//9638 9635//9635
f 9671//9671 9672//9672 9673//9673
f 9673//9673 9674//9674 9671//9671
f 9671//9671 9676//9676 9672//9672
f 9677//9677 9672//9672 9678//9678
f 9675//9675 9676//9676 9671//9671
f 9679//9679 9678//9678 9672//9672
f 9672//9672 9676//9676 9680//9680
f 9677//9677 9673//9673 9672//9672
f 9679//9679 9672//9672 9680//9680
f 9677//9677 9685//9685 9683//9683
f 9683//9683 9673//9673 9677//9677
f 9684//9684 9685//9685 9677//9677
f 9683//9683 9685//9685 9686//9686
f 9678//9678 9682//9682 9677//9677
f 9683//9683 9688//9688 9689//9689
f 9690//9690 9689//9689 9691//9691
f 9687//9687 9688//9688 9683//9683
f 9689//9689 9673//9673 9683//9683
f 9684//9684 9677//9677 9682//9682
f 9683//9683 9686//9686 9687//9687
f 9689//9689 9693//9693 9673//9673
f 9674//9674 9673//9673 9694//9694
f 9675//9675 9671//9671 9681//9681
f 9673//9673 9695//9695 9694//9694
f 9696//9696 9675//9675 9681//9681
f 9679//9679 9680//9680 9676//9676
f 9697//9697 9698//9698 9676//9676
f 9679//9679 9676//9676 9698//9698
f 9696//9696 9681//9681 9699//9699
f 9699//9699 9694//9694 9695//9695
f 9696//9696 9702//9702 9701//9701
f 9703//9703 9701//9701 9702//9702
f 9687//9687 9685//9685 9704//9704
f 9684//9684 9682//9682 9678//9678
f 9678//9678 9700//9700 9684//9684
f 9685//9685 9687//9687 9686//9686
f 9689//9689 9688//9688 9691//9691
f 9704//9704 9705//9705 9687//9687
f 9700//9700 9701//9701 9703//9703
f 9708//9708 9700//9700 9703//9703
f 9709//9709 9710//9710 9711//9711
f 9700//9700 9678//9678 9701//9701
f 9690//9690 9712//9712 9692//9692
f 9714//9714 9715//9715 9692//9692
f 9713//9713 9714//9714 9692//9692
f 9689//9689 9690//9690 9692//9692
f 9717//9717 9716//9716 9715//9715
f 9716//9716 9693//9693 9715//9715
f 9716//9716 9717//9717 9720//9720
f 9717//9717 9715//9715 9719//9719
f 9715//9715 9693//9693 9692//9692
f 9713//9713 9692//9692 9712//9712
f 9721//9721 9716//9716 9720//9720
f 9722//9722 9723//9723 9718//9718
f 9725//9725 9726//9726 9718//9718
f 9716//9716 9721//9721 9722//9722
f 9725//9725 9718//9718 9724//9724
f 9716//9716 9722//9722 9718//9718
f 9716//9716 9718//9718 9693//9693
f 9727//9727 9693//9693 9726//9726
f 9727//9727 9726//9726 9728//9728
f 9726//9726 9693//9693 9718//9718
f 9724//9724 9718//9718 9723//9723
f 9693//9693 9689//9689 9692//9692
f 9715//9715 9714//9714 9719//9719
f 9713//9713 9690//9690 9731//9731
f 9721//9721 9720//9720 9717//9717
f 9713//9713 9712//9712 9690//9690
f 9731//9731 9690//9690 9709//9709
f 9731//9731 9709//9709 9711//9711
f 9734//9734 9731//9731 9711//9711
f 9735//9735 9731//9731 9734//9734
f 9736//9736 9729//9729 9735//9735
f 9736//9736 9730//9730 9729//9729
f 9734//9734 9736//9736 9735//9735
f 9734//9734 9733//9733 9736//9736
f 9732//9732 9733//9733 9734//9734
f 9724//9724 9723//9723 9722//9722
f 9722//9722 9737//9737 9724//9724
f 9739//9739 9728//9728 9725//9725
f 9727//9727 9738//9738 9693//9693
f 9728//9728 9726//9726 9725//9725
f 9740//9740 9737//9737 9722//9722
f 9734//9734 9740//9740 9732//9732
f 9741//9741 9737//9737 9734//9734
f 9737//9737 9740//9740 9734//9734
f 9741//9741 9739//9739 9725//9725
f 9739//9739 9734//9734 9738//9738
f 9741//9741 9734//9734 9739//9739
f 9734//9734 9693//9693 9738//9738
f 9754//9754 9751//9751 9752//9752
f 9754//9754 9753//9753 9751//9751
f 9757//9757 9753//9753 9756//9756
f 9761//9761 9756//9756 9753//9753
f 9760//9760 9761//9761 9759//9759
f 9756//9756 9761//9761 9760//9760
f 9752//9752 9751//9751 9755//9755
f 9761//9761 9762//9762 9763//9763
f 9764//9764 9765//9765 9766//9766
f 9762//9762 9761//9761 9766//9766
f 9767//9767 9768//9768 9769//9769
f 9767//9767 9770//9770 9766//9766
f 9758//9758 9755//9755 9751//9751
f 9755//9755 9758//9758 9757//9757
f 9757//9757 9756//9756 9755//9755
f 9760//9760 9759//9759 9770//9770
f 9767//9767 9769//9769 9771//9771
f 9770//9770 9767//9767 9771//9771
f 9771//9771 9760//9760 9770//9770
f 9793//9793 9791//9791 9794//9794
f 9792//9792 9791//9791 9793//9793
f 9792//9792 9793//9793 9796//9796
f 9794//9794 9798//9798 9793//9793
f 9798//9798 9797//9797 9793//9793
f 9800//9800 9793//9793 9797//9797
f 9792//9792 9795//9795 9791//9791
f 9797//9797 9799//9799 9800//9800
f 9801//9801 9800//9800 9802//9802
f 9804//9804 9803//9803 9805//9805
f 9801//9801 9803//9803 9800//9800
f 9806//9806 9808//9808 9807//9807
f 9794//9794 9791//9791 9795//9795
f 9802//9802 9800//9800 9799//9799
f 9795//9795 9798//9798 9794//9794
f 9798//9798 9795//9795 9797//9797
f 9799//9799 9801//9801 9802//9802
f 9806//9806 9809//9809 9808//9808
f 9801//9801 9809//9809 9806//9806
f 9809//9809 9801//9801 9799//9799
f 9878//9878 9879//9879 9880//9880
f 9880//9880 9882//9882 9881//9881
f 9881//9881 9878//9878 9880//9880
f 9888//9888 9887//9887 9889//9889
f 9891//9891 9890//9890 9887//9887
f 9890//9890 9889//9889 9887//9887
f 10037//10037 10036//10036 10035//10035
f 10038//10038 10026//10026 10025//10025
f 10040//10040 10041//10041 10039//10039
f 10028//10028 10042//10042 10043//10043
f 10038//10038 10039//10039 10041//10041
f 10035//10035 10026//10026 10038//10038
f 10035//10035 10038//10038 10041//10041
f 10045//10045 10041//10041 10043//10043
f 10041//10041 10045//10045 10035//10035
f 10043//10043 10042//10042 10045//10045
f 10044//10044 10045//10045 10046//10046
f 10044//10044 10048//10048 10047//10047
f 10035//10035 10044//10044 10047//10047
f 10049//10049 10035//10035 10047//10047
f 10050//10050 10049//10049 10047//10047
f 10037//10037 10035//10035 10049//10049
f 10044//10044 10035//10035 10045//10045
f 10028//10028 10027//10027 10042//10042
f 10105//10105 10104//10104 10103//10103
f 10105//10105 10103//10103 10106//10106
f 10104//10104 10105//10105 10107//10107
f 10108//10108 10105//10105 10110//10110
f 10108//10108 10110//10110 10109//10109
f 10109//10109 10110//10110 10112//10112
f 10111//10111 10112//10112 10110//10110
f 10110//10110 10105//10105 10106//10106
f 10107//10107 10114//10114 10104//10104
f 10109//10109 10115//10115 10108//10108
f 10117//10117 10104//10104 10114//10114
f 10108//10108 10115//10115 10116//10116
f 10103//10103 10120//10120 10106//10106
f 10111//10111 10106//10106 10121//10121
f 10110//10110 10106//10106 10111//10111
f 10122//10122 10124//10124 10123//10123
f 10112//10112 10111//10111 10113//10113
f 10121//10121 10113//10113 10111//10111
f 10106//10106 10126//10126 10121//10121
f 10127//10127 10126//10126 10106//10106
f 10128//10128 10126//10126 10127//10127
f 10128//10128 10121//10121 10126//10126
f 10129//10129 10117//10117 10130//10130
f 10104//10104 10117//10117 10129//10129
f 10130//10130 10131//10131 10127//10127
f 10131//10131 10130//10130 10119//10119
f 10132//10132 10104//10104 10129//10129
f 10115//10115 10119//10119 10116//10116
f 10119//10119 10115//10115 10131//10131
f 10118//10118 10131//10131 10115//10115
f 10129//10129 10130//10130 10127//10127
f 10104//10104 10132//10132 10134//10134
f 10135//10135 10136//10136 10129//10129
f 10132//10132 10136//10136 10134//10134
f 10134//10134 10136//10136 10135//10135
f 10127//10127 10135//10135 10129//10129
f 10133//10133 10118//10118 10125//10125
f 10133//10133 10125//10125 10128//10128
f 10118//10118 10133//10133 10131//10131
f 10133//10133 10128//10128 10127//10127
f 10131//10131 10133//10133 10127//10127
f 10137//10137 10135//10135 10127//10127
f 10139//10139 10138//10138 10140//10140
f 10138//10138 10135//10135 10137//10137
f 10138//10138 10139//10139 10135//10135
f 10158//10158 10159//10159 10160//10160
f 10161//10161 10162//10162 10163//10163
f 10163//10163 10162//10162 10164//10164
f 10167//10167 10168//10168 10169//10169
f 10175//10175 10176//10176 10174//10174
f 10207//10207 10205//10205 10206//10206
f 10208//10208 10195//10195 10196//10196
f 10198//10198 10212//10212 10211//10211
f 10209//10209 10208//10208 10196//10196
f 10196//10196 10210//10210 10209//10209
f 10214//10214 10212//10212 10210//10210
f 10210//10210 10196//10196 10214//10214
f 10212//10212 10214//10214 10211//10211
f 10213//10213 10215//10215 10214//10214
f 10218//10218 10215//10215 10213//10213
f 10213//10213 10216//10216 10217//10217
f 10196//10196 10205//10205 10213//10213
f 10205//10205 10216//10216 10213//10213
f 10219//10219 10216//10216 10205//10205
f 10220//10220 10216//10216 10219//10219
f 10207//10207 10219//10219 10205//10205
f 10213//10213 10214//10214 10196//10196
f 10198//10198 10211//10211 10197//10197
f 10221//10221 10222//10222 10223//10223
f 10222//10222 10224//10224 10223//10223
f 10229//10229 10228//10228 10227//10227
f 10236//10236 10234//10234 10235//10235
f 10240//10240 10236//10236 10235//10235
f 10236//10236 10241//10241 10234//10234
f 10237//10237 10239//10239 10236//10236
f 10237//10237 10238//10238 10239//10239
f 10238//10238 10243//10243 10239//10239
f 10239//10239 10241//10241 10236//10236
f 10240//10240 10235//10235 10245//10245
f 10238//10238 10237//10237 10246//10246
f 10248//10248 10245//10245 10235//10235
f 10237//10237 10247//10247 10246//10246
f 10243//10243 10250//10250 10251//10251
f 10252//10252 10250//10250 10243//10243
f 10234//10234 10241//10241 10253//10253
f 10242//10242 10254//10254 10241//10241
f 10239//10239 10242//10242 10241//10241
f 10255//10255 10256//10256 10257//10257
f 10254//10254 10242//10242 10244//10244
f 10244//10244 10251//10251 10258//10258
f 10241//10241 10254//10254 10259//10259
f 10251//10251 10244//10244 10243//10243
f 10260//10260 10241//10241 10259//10259
f 10261//10261 10260//10260 10259//10259
f 10235//10235 10262//10262 10248//10248
f 10248//10248 10262//10262 10263//10263
f 10263//10263 10260//10260 10264//10264
f 10265//10265 10262//10262 10235//10235
f 10264//10264 10249//10249 10263//10263
f 10246//10246 10247//10247 10249//10249
f 10249//10249 10264//10264 10246//10246
f 10252//10252 10246//10246 10264//10264
f 10262//10262 10260//10260 10263//10263
f 10235//10235 10267//10267 10265//10265
f 10268//10268 10262//10262 10269//10269
f 10265//10265 10267//10267 10269//10269
f 10267//10267 10268//10268 10269//10269
f 10260//10260 10262//10262 10268//10268
f 10261//10261 10259//10259 10254//10254
f 10266//10266 10258//10258 10252//10252
f 10266//10266 10261//10261 10258//10258
f 10252//10252 10264//10264 10266//10266
f 10266//10266 10260//10260 10261//10261
f 10264//10264 10260//10260 10266//10266
f 10270//10270 10260//10260 10268//10268
f 10272//10272 10273//10273 10271//10271
f 10271//10271 10270//10270 10268//10268
f 10271//10271 10268//10268 10272//10272
f 10292//10292 10291//10291 10293//10293
f 10298//10298 10297//10297 10299//10299
f 10320//10320 10319//10319 10321//10321
f 10318//10318 10319//10319 10320//10320
f 10332//10332 10333//10333 10331//10331
f 10332//10332 10334//10334 10333//10333
f 10426//10426 10425//10425 10424//10424
f 10426//10426 10427//10427 10425//10425
f 10446//10446 10448//10448 10449//10449
f 10451//10451 10448//10448 10447//10447
f 10447//10447 10448//10448 10446//10446
f 10449//10449 10448//10448 10451//10451
f 10451//10451 10452//10452 10449//10449
f 10450//10450 10451//10451 10447//10447
f 10453//10453 10450//10450 10447//10447
f 10454//10454 10450//10450 10455//10455
f 10449//10449 10456//10456 10457//10457
f 10458//10458 10459//10459 10447//10447
f 10460//10460 10458//10458 10461//10461
f 10447//10447 10459//10459 10453//10453
f 10462//10462 10461//10461 10458//10458
f 10446//10446 10458//10458 10447//10447
f 10458//10458 10460//10460 10459//10459
f 10450//10450 10453//10453 10459//10459
f 10450//10450 10459//10459 10455//10455
f 10463//10463 10460//10460 10461//10461
f 10463//10463 10462//10462 10464//10464
f 10463//10463 10461//10461 10462//10462
f 10465//10465 10452//10452 10466//10466
f 10449//10449 10452//10452 10465//10465
f 10466//10466 10467//10467 10465//10465
f 10454//10454 10468//10468 10469//10469
f 10470//10470 10469//10469 10468//10468
f 10454//10454 10455//10455 10468//10468
f 10469//10469 10467//10467 10466//10466
f 10457//10457 10456//10456 10472//10472
f 10456//10456 10449//10449 10465//10465
f 10467//10467 10469//10469 10470//10470
f 10473//10473 10474//10474 10470//10470
f 10475//10475 10467//10467 10470//10470
f 10470//10470 10474//10474 10475//10475
f 10471//10471 10468//10468 10455//10455
f 10468//10468 10471//10471 10476//10476
f 10464//10464 10478//10478 10463//10463
f 10477//10477 10476//10476 10478//10478
f 10464//10464 10479//10479 10478//10478
f 10476//10476 10463//10463 10478//10478
f 10480//10480 10481//10481 10468//10468
f 10477//10477 10468//10468 10476//10476
f 10468//10468 10482//10482 10480//10480
f 10468//10468 10477//10477 10482//10482
f 10484//10484 10485//10485 10478//10478
f 10486//10486 10484//10484 10478//10478
f 10483//10483 10482//10482 10477//10477
f 10457//10457 10446//10446 10449//10449
f 10488//10488 10491//10491 10490//10490
f 10489//10489 10488//10488 10492//10492
f 10462//10462 10458//10458 10488//10488
f 10492//10492 10488//10488 10490//10490
f 10489//10489 10462//10462 10488//10488
f 10489//10489 10492//10492 10494//10494
f 10495//10495 10489//10489 10494//10494
f 10496//10496 10493//10493 10491//10491
f 10491//10491 10493//10493 10490//10490
f 10497//10497 10493//10493 10498//10498
f 10494//10494 10492//10492 10490//10490
f 10498//10498 10491//10491 10499//10499
f 10501//10501 10499//10499 10491//10491
f 10496//10496 10491//10491 10498//10498
f 10501//10501 10502//10502 10499//10499
f 10488//10488 10501//10501 10491//10491
f 10499//10499 10500//10500 10498//10498
f 10493//10493 10496//10496 10498//10498
f 10502//10502 10503//10503 10500//10500
f 10502//10502 10500//10500 10499//10499
f 10502//10502 10501//10501 10504//10504
f 10505//10505 10497//10497 10498//10498
f 10486//10486 10506//10506 10507//10507
f 10506//10506 10486//10486 10508//10508
f 10509//10509 10486//10486 10510//10510
f 10510//10510 10486//10486 10507//10507
f 10511//10511 10513//10513 10512//10512
f 10508//10508 10478//10478 10479//10479
f 10487//10487 10484//10484 10486//10486
f 10486//10486 10514//10514 10487//10487
f 10486//10486 10478//10478 10508//10508
f 10510//10510 10511//10511 10512//10512
f 10515//10515 10516//10516 10509//10509
f 10515//10515 10509//10509 10512//10512
f 10515//10515 10512//10512 10517//10517
f 10509//10509 10510//10510 10512//10512
f 10512//10512 10513//10513 10519//10519
f 10521//10521 10512//10512 10520//10520
f 10519//10519 10520//10520 10512//10512
f 10502//10502 10522//10522 10503//10503
f 10503//10503 10522//10522 10523//10523
f 10524//10524 10523//10523 10522//10522
f 10520//10520 10524//10524 10521//10521
f 10521//10521 10524//10524 10525//10525
f 10526//10526 10521//10521 10525//10525
f 10523//10523 10524//10524 10520//10520
f 10504//10504 10528//10528 10522//10522
f 10529//10529 10527//10527 10524//10524
f 10524//10524 10527//10527 10525//10525
f 10502//10502 10504//10504 10522//10522
f 10512//10512 10518//10518 10517//10517
f 10472//10472 10456//10456 10530//10530
f 10472//10472 10531//10531 10457//10457
f 10530//10530 10532//10532 10531//10531
f 10472//10472 10530//10530 10531//10531
f 10474//10474 10535//10535 10475//10475
f 10467//10467 10475//10475 10535//10535
f 10533//10533 10535//10535 10474//10474
f 10473//10473 10533//10533 10474//10474
f 10534//10534 10535//10535 10533//10533
f 10480//10480 10482//10482 10483//10483
f 10481//10481 10480//10480 10483//10483
f 10481//10481 10483//10483 10536//10536
f 10487//10487 10485//10485 10484//10484
f 10532//10532 10530//10530 10537//10537
f 10535//10535 10534//10534 10538//10538
f 10537//10537 10540//10540 10532//10532
f 10539//10539 10540//10540 10537//10537
f 10539//10539 10535//10535 10538//10538
f 10541//10541 10540//10540 10539//10539
f 10538//10538 10541//10541 10539//10539
f 10538//10538 10542//10542 10541//10541
f 10532//10532 10540//10540 10531//10531
f 10542//10542 10481//10481 10536//10536
f 10483//10483 10543//10543 10536//10536
f 10543//10543 10485//10485 10544//10544
f 10538//10538 10534//10534 10533//10533
f 10536//10536 10541//10541 10542//10542
f 10538//10538 10533//10533 10542//10542
f 10543//10543 10544//10544 10541//10541
f 10543//10543 10541//10541 10536//10536
f 10545//10545 10544//10544 10485//10485
f 10537//10537 10530//10530 10539//10539
f 10541//10541 10544//10544 10546//10546
f 10514//10514 10485//10485 10487//10487
f 10548//10548 10547//10547 10516//10516
f 10515//10515 10517//10517 10516//10516
f 10518//10518 10548//10548 10517//10517
f 10549//10549 10526//10526 10529//10529
f 10516//10516 10517//10517 10548//10548
f 10501//10501 10541//10541 10504//10504
f 10525//10525 10527//10527 10526//10526
f 10529//10529 10526//10526 10527//10527
f 10551//10551 10550//10550 10504//10504
f 10504//10504 10550//10550 10528//10528
f 10514//10514 10545//10545 10485//10485
f 10552//10552 10516//10516 10547//10547
f 10552//10552 10545//10545 10514//10514
f 10549//10549 10553//10553 10526//10526
f 10541//10541 10546//10546 10552//10552
f 10546//10546 10544//10544 10545//10545
f 10541//10541 10552//10552 10547//10547
f 10553//10553 10547//10547 10548//10548
f 10553//10553 10541//10541 10547//10547
f 10552//10552 10546//10546 10545//10545
f 10549//10549 10529//10529 10555//10555
f 10550//10550 10554//10554 10555//10555
f 10554//10554 10550//10550 10551//10551
f 10541//10541 10549//10549 10555//10555
f 10541//10541 10553//10553 10549//10549
f 10554//10554 10551//10551 10541//10541
f 10541//10541 10555//10555 10554//10554
f 10504//10504 10541//10541 10551//10551
f 10576//10576 10577//10577 10578//10578
f 10579//10579 10576//10576 10578//10578
f 10588//10588 10591//10591 10590//10590
f 10592//10592 10589//10589 10590//10590
f 10589//10589 10588//10588 10590//10590
f 10590//10590 10591//10591 10592//10592
f 10591//10591 10594//10594 10592//10592
f 10592//10592 10593//10593 10589//10589
f 10595//10595 10589//10589 10593//10593
f 10596//10596 10597//10597 10593//10593
f 10591//10591 10598//10598 10599//10599
f 10601//10601 10589//10589 10600//10600
f 10602//10602 10603//10603 10601//10601
f 10600//10600 10589//10589 10595//10595
f 10588//10588 10589//10589 10601//10601
f 10600//10600 10602//10602 10601//10601
f 10593//10593 10600//10600 10595//10595
f 10593//10593 10597//10597 10600//10600
f 10605//10605 10604//10604 10603//10603
f 10605//10605 10606//10606 10604//10604
f 10602//10602 10605//10605 10603//10603
f 10604//10604 10601//10601 10603//10603
f 10607//10607 10594//10594 10591//10591
f 10607//10607 10608//10608 10594//10594
f 10599//10599 10607//10607 10591//10591
f 10608//10608 10607//10607 10609//10609
f 10610//10610 10608//10608 10609//10609
f 10596//10596 10610//10610 10611//10611
f 10612//10612 10611//10611 10610//10610
f 10596//10596 10611//10611 10597//10597
f 10609//10609 10612//10612 10610//10610
f 10599//10599 10598//10598 10614//10614
f 10616//10616 10617//10617 10612//10612
f 10612//10612 10615//10615 10616//10616
f 10609//10609 10615//10615 10612//10612
f 10613//10613 10597//10597 10611//10611
f 10605//10605 10619//10619 10620//10620
f 10618//10618 10620//10620 10619//10619
f 10606//10606 10620//10620 10621//10621
f 10605//10605 10620//10620 10606//10606
f 10611//10611 10618//10618 10619//10619
f 10622//10622 10623//10623 10611//10611
f 10611//10611 10623//10623 10618//10618
f 10613//10613 10611//10611 10619//10619
f 10623//10623 10624//10624 10618//10618
f 10625//10625 10620//10620 10628//10628
f 10629//10629 10620//10620 10625//10625
f 10627//10627 10618//10618 10624//10624
f 10598//10598 10591//10591 10588//10588
f 10630//10630 10632//10632 10633//10633
f 10631//10631 10634//10634 10630//10630
f 10604//10604 10630//10630 10601//10601
f 10630//10630 10634//10634 10632//10632
f 10631//10631 10630//10630 10604//10604
f 10631//10631 10636//10636 10634//10634
f 10636//10636 10631//10631 10637//10637
f 10638//10638 10633//10633 10635//10635
f 10633//10633 10632//10632 10635//10635
f 10639//10639 10640//10640 10635//10635
f 10636//10636 10632//10632 10634//10634
f 10640//10640 10641//10641 10633//10633
f 10643//10643 10633//10633 10641//10641
f 10640//10640 10633//10633 10638//10638
f 10643//10643 10641//10641 10644//10644
f 10630//10630 10633//10633 10643//10643
f 10641//10641 10640//10640 10642//10642
f 10635//10635 10640//10640 10638//10638
f 10644//10644 10642//10642 10645//10645
f 10644//10644 10641//10641 10642//10642
f 10644//10644 10646//10646 10643//10643
f 10647//10647 10640//10640 10639//10639
f 10629//10629 10637//10637 10648//10648
f 10649//10649 10637//10637 10629//10629
f 10650//10650 10651//10651 10629//10629
f 10637//10637 10649//10649 10636//10636
f 10651//10651 10649//10649 10629//10629
f 10652//10652 10653//10653 10654//10654
f 10648//10648 10621//10621 10620//10620
f 10626//10626 10629//10629 10625//10625
f 10629//10629 10626//10626 10655//10655
f 10629//10629 10648//10648 10620//10620
f 10652//10652 10651//10651 10653//10653
f 10656//10656 10657//10657 10650//10650
f 10653//10653 10657//10657 10658//10658
f 10653//10653 10650//10650 10657//10657
f 10650//10650 10653//10653 10651//10651
f 10653//10653 10660//10660 10654//10654
f 10662//10662 10661//10661 10653//10653
f 10660//10660 10653//10653 10661//10661
f 10644//10644 10645//10645 10663//10663
f 10645//10645 10664//10664 10663//10663
f 10665//10665 10663//10663 10664//10664
f 10661//10661 10662//10662 10665//10665
f 10662//10662 10666//10666 10665//10665
f 10667//10667 10666//10666 10662//10662
f 10664//10664 10661//10661 10665//10665
f 10646//10646 10663//10663 10669//10669
f 10670//10670 10665//10665 10668//10668
f 10665//10665 10666//10666 10668//10668
f 10644//10644 10663//10663 10646//10646
f 10653//10653 10658//10658 10659//10659
f 10599//10599 10614//10614 10671//10671
f 10614//10614 10598//10598 10672//10672
f 10671//10671 10672//10672 10673//10673
f 10614//10614 10672//10672 10671//10671
f 10616//10616 10615//10615 10676//10676
f 10609//10609 10676//10676 10615//10615
f 10674//10674 10616//10616 10676//10676
f 10617//10617 10616//10616 10674//10674
f 10675//10675 10674//10674 10676//10676
f 10624//10624 10623//10623 10622//10622
f 10622//10622 10627//10627 10624//10624
f 10627//10627 10622//10622 10677//10677
f 10626//10626 10625//10625 10628//10628
f 10673//10673 10678//10678 10671//10671
f 10676//10676 10679//10679 10675//10675
f 10678//10678 10673//10673 10681//10681
f 10680//10680 10678//10678 10681//10681
f 10680//10680 10679//10679 10676//10676
f 10682//10682 10680//10680 10681//10681
f 10679//10679 10680//10680 10682//10682
f 10679//10679 10682//10682 10683//10683
f 10673//10673 10672//10672 10681//10681
f 10683//10683 10677//10677 10622//10622
f 10627//10627 10677//10677 10684//10684
f 10684//10684 10685//10685 10628//10628
f 10679//10679 10674//10674 10675//10675
f 10677//10677 10683//10683 10682//10682
f 10679//10679 10683//10683 10674//10674
f 10682//10682 10685//10685 10684//10684
f 10684//10684 10677//10677 10682//10682
f 10686//10686 10628//10628 10685//10685
f 10678//10678 10680//10680 10671//10671
f 10682//10682 10687//10687 10685//10685
f 10655//10655 10626//10626 10628//10628
f 10689//10689 10656//10656 10688//10688
f 10689//10689 10658//10658 10657//10657
f 10659//10659 10658//10658 10689//10689
f 10690//10690 10670//10670 10667//10667
f 10657//10657 10656//10656 10689//10689
f 10643//10643 10646//10646 10682//10682
f 10666//10666 10667//10667 10668//10668
f 10670//10670 10668//10668 10667//10667
f 10692//10692 10646//10646 10691//10691
f 10646//10646 10669//10669 10691//10691
f 10655//10655 10628//10628 10686//10686
f 10693//10693 10688//10688 10656//10656
f 10693//10693 10655//10655 10686//10686
f 10690//10690 10667//10667 10694//10694
f 10693//10693 10686//10686 10687//10687
f 10682//10682 10693//10693 10687//10687
f 10687//10687 10686//10686 10685//10685
f 10682//10682 10688//10688 10693//10693
f 10694//10694 10689//10689 10688//10688
f 10694//10694 10688//10688 10682//10682
f 10695//10695 10670//10670 10690//10690
f 10695//10695 10696//10696 10691//10691
f 10696//10696 10692//10692 10691//10691
f 10682//10682 10695//10695 10690//10690
f 10682//10682 10690//10690 10694//10694
f 10696//10696 10682//10682 10692//10692
f 10682//10682 10696//10696 10695//10695
f 10646//10646 10692//10692 10682//10682
f 10705//10705 10704//10704 10703//10703
f 10703//10703 10706//10706 10705//10705
f 10707//10707 10708//10708 10709//10709
f 10707//10707 10710//10710 10708//10708
f 10717//10717 10715//10715 10716//10716
f 10715//10715 10717//10717 10718//10718
f 10719//10719 10716//10716 10715//10715
f 10720//10720 10718//10718 10717//10717
f 10719//10719 10715//10715 10718//10718
f 10719//10719 10718//10718 10720//10720
f 10731//10731 10734//10734 10733//10733
f 10734//10734 10731//10731 10736//10736
f 10738//10738 10737//10737 10733//10733
f 10733//10733 10737//10737 10731//10731
f 10738//10738 10733//10733 10734//10734
f 10736//10736 10738//10738 10734//10734
f 10755//10755 10757//10757 10756//10756
f 10780//10780 10781//10781 10782//10782
f 10782//10782 10783//10783 10780//10780
f 10797//10797 10799//10799 10798//10798
f 10798//10798 10800//10800 10797//10797
f 10798//10798 10799//10799 10801//10801
f 10802//10802 10801//10801 10799//10799
f 10797//10797 10800//10800 10799//10799
f 10799//10799 10800//10800 10802//10802
f 10815//10815 10817//10817 10818//10818
f 10818//10818 10820//10820 10815//10815
f 10815//10815 10821//10821 10817//10817
f 10818//10818 10817//10817 10821//10821
f 10820//10820 10818//10818 10822//10822
f 10822//10822 10818//10818 10821//10821
f 10823//10823 10825//10825 10826//10826
f 10824//10824 10823//10823 10826//10826
f 10831//10831 10832//10832 10833//10833
f 10869//10869 10870//10870 10868//10868
f 10870//10870 10871//10871 10868//10868
f 10877//10877 10876//10876 10878//10878
f 10880//10880 10881//10881 10882//10882
f 10880//10880 10883//10883 10881//10881
f 10888//10888 10889//10889 10890//10890
f 10888//10888 10890//10890 10891//10891
f 10911//10911 10912//10912 10913//10913
f 10911//10911 10914//10914 10912//10912
f 10917//10917 10916//10916 10918//10918
f 10915//10915 10916//10916 10917//10917
f 10923//10923 10924//10924 10925//10925
f 10924//10924 10923//10923 10926//10926
f 10937//10937 10938//10938 10939//10939
f 10975//10975 10976//10976 10974//10974
f 10975//10975 10977//10977 10976//10976
f 10983//10983 10982//10982 10984//10984
f 10986//10986 10987//10987 10988//10988
f 10986//10986 10989//10989 10987//10987
f 10994//10994 10995//10995 10996//10996
f 10994//10994 10996//10996 10997//10997
f 11018//11018 11019//11019 11020//11020
f 11017//11017 11019//11019 11018//11018
f 11021//11021 11022//11022 11023//11023
f 11021//11021 11023//11023 11024//11024
f 11029//11029 11030//11030 11031//11031
f 11030//11030 11029//11029 11032//11032
f 11039//11039 11040//11040 11041//11041
f 11040//11040 11039//11039 11042//11042
f 11041//11041 11045//11045 11044//11044
f 11040//11040 11043//11043 11041//11041
f 11039//11039 11041//11041 11044//11044
f 11047//11047 11043//11043 11040//11040
f 11040//11040 11046//11046 11047//11047
f 11048//11048 11044//11044 11045//11045
f 11048//11048 11045//11045 11049//11049
f 11049//11049 11050//11050 11048//11048
f 11050//11050 11049//11049 11052//11052
f 11051//11051 11052//11052 11047//11047
f 11051//11051 11050//11050 11052//11052
f 11046//11046 11051//11051 11047//11047
f 11053//11053 11054//11054 11055//11055
f 11055//11055 11056//11056 11053//11053
f 11054//11054 11058//11058 11059//11059
f 11055//11055 11054//11054 11057//11057
f 11053//11053 11058//11058 11054//11054
f 11061//11061 11055//11055 11057//11057
f 11055//11055 11061//11061 11060//11060
f 11062//11062 11059//11059 11058//11058
f 11062//11062 11063//11063 11059//11059
f 11063//11063 11062//11062 11064//11064
f 11064//11064 11066//11066 11063//11063
f 11065//11065 11061//11061 11066//11066
f 11065//11065 11066//11066 11064//11064
f 11060//11060 11061//11061 11065//11065
f 11069//11069 11067//11067 11068//11068
f 11070//11070 11068//11068 11067//11067
f 11069//11069 11071//11071 11067//11067
f 11070//11070 11072//11072 11068//11068
f 11073//11073 11072//11072 11070//11070
f 11074//11074 11071//11071 11069//11069
f 11076//11076 11075//11075 11074//11074
f 11075//11075 11071//11071 11074//11074
f 11076//11076 11072//11072 11073//11073
f 11073//11073 11077//11077 11078//11078
f 11078//11078 11076//11076 11073//11073
f 11078//11078 11075//11075 11076//11076
f 11081//11081 11080//11080 11079//11079
f 11082//11082 11079//11079 11080//11080
f 11081//11081 11079//11079 11083//11083
f 11082//11082 11080//11080 11084//11084
f 11085//11085 11082//11082 11084//11084
f 11086//11086 11081//11081 11083//11083
f 11088//11088 11086//11086 11087//11087
f 11087//11087 11086//11086 11083//11083
f 11088//11088 11085//11085 11084//11084
f 11085//11085 11090//11090 11089//11089
f 11090//11090 11085//11085 11088//11088
f 11090//11090 11088//11088 11087//11087
f 11092//11092 11091//11091 11093//11093
f 11093//11093 11091//11091 11094//11094
f 11091//11091 11095//11095 11094//11094
f 11095//11095 11091//11091 11096//11096
f 11097//11097 11095//11095 11096//11096
f 11099//11099 11094//11094 11100//11100
f 11094//11094 11099//11099 11093//11093
f 11094//11094 11095//11095 11098//11098
f 11098//11098 11095//11095 11097//11097
f 11094//11094 11098//11098 11100//11100
f 11102//11102 11103//11103 11101//11101
f 11103//11103 11104//11104 11101//11101
f 11101//11101 11104//11104 11105//11105
f 11105//11105 11106//11106 11101//11101
f 11107//11107 11106//11106 11105//11105
f 11110//11110 11109//11109 11104//11104
f 11104//11104 11103//11103 11110//11110
f 11104//11104 11108//11108 11105//11105
f 11108//11108 11107//11107 11105//11105
f 11104//11104 11109//11109 11108//11108
f 11113//11113 11111//11111 11112//11112
f 11114//11114 11111//11111 11115//11115
f 11113//11113 11115//11115 11111//11111
f 11111//11111 11114//11114 11112//11112
f 11118//11118 11117//11117 11114//11114
f 11117//11117 11112//11112 11114//11114
f 11115//11115 11116//11116 11119//11119
f 11115//11115 11118//11118 11114//11114
f 11119//11119 11118//11118 11115//11115
f 11122//11122 11121//11121 11120//11120
f 11123//11123 11124//11124 11120//11120
f 11122//11122 11120//11120 11124//11124
f 11120//11120 11121//11121 11123//11123
f 11127//11127 11123//11123 11126//11126
f 11126//11126 11123//11123 11121//11121
f 11124//11124 11128//11128 11125//11125
f 11124//11124 11123//11123 11127//11127
f 11128//11128 11124//11124 11127//11127
f 11139//11139 11141//11141 11142//11142
f 11142//11142 11143//11143 11140//11140
f 11139//11139 11142//11142 11140//11140
f 11146//11146 11144//11144 11145//11145
f 11146//11146 11142//11142 11144//11144
f 11146//11146 11143//11143 11142//11142
f 11143//11143 11147//11147 11148//11148
f 11146//11146 11149//11149 11147//11147
f 11148//11148 11147//11147 11150//11150
f 11149//11149 11146//11146 11151//11151
f 11143//11143 11146//11146 11147//11147
f 11174//11174 11172//11172 11175//11175
f 11173//11173 11172//11172 11174//11174
f 11176//11176 11177//11177 11175//11175
f 11172//11172 11176//11176 11175//11175
f 11173//11173 11179//11179 11178//11178
f 11178//11178 11172//11172 11173//11173
f 11184//11184 11185//11185 11182//11182
f 11183//11183 11184//11184 11182//11182
f 11186//11186 11185//11185 11187//11187
f 11182//11182 11185//11185 11186//11186
f 11183//11183 11188//11188 11189//11189
f 11188//11188 11183//11183 11182//11182
f 11203//11203 11205//11205 11206//11206
f 11203//11203 11204//11204 11205//11205
f 11209//11209 11208//11208 11207//11207
f 11209//11209 11207//11207 11205//11205
f 11209//11209 11205//11205 11204//11204
f 11204//11204 11212//11212 11213//11213
f 11211//11211 11213//11213 11212//11212
f 11204//11204 11213//11213 11210//11210
f 11209//11209 11210//11210 11214//11214
f 11213//11213 11215//11215 11210//11210
f 11214//11214 11216//11216 11209//11209
f 11204//11204 11210//11210 11209//11209
f 11339//11339 11342//11342 11341//11341
f 11341//11341 11340//11340 11339//11339
f 11349//11349 11351//11351 11350//11350
f 11352//11352 11350//11350 11353//11353
f 11353//11353 11350//11350 11351//11351
f 11353//11353 11351//11351 11354//11354
f 11371//11371 11372//11372 11373//11373
f 11375//11375 11376//11376 11374//11374
f 11442//11442 11443//11443 11444//11444
f 11445//11445 11446//11446 11443//11443
f 11446//11446 11444//11444 11443//11443
f 11446//11446 11447//11447 11444//11444
f 11511//11511 11514//11514 11513//11513
f 11511//11511 11512//11512 11514//11514
f 11518//11518 11515//11515 11517//11517
f 11515//11515 11518//11518 11516//11516
f 11546//11546 11547//11547 11548//11548
f 11544//11544 11545//11545 11546//11546
f 11547//11547 11546//11546 11545//11545
f 11545//11545 11550//11550 11547//11547
f 11550//11550 11549//11549 11547//11547
f 11545//11545 11552//11552 11550//11550
f 11545//11545 11553//11553 11551//11551
f 11552//11552 11554//11554 11555//11555
f 11545//11545 11551//11551 11552//11552
f 11551//11551 11556//11556 11552//11552
f 11556//11556 11554//11554 11552//11552
f 11549//11549 11550//11550 11557//11557
f 11559//11559 11548//11548 11557//11557
f 11559//11559 11557//11557 11550//11550
f 11557//11557 11548//11548 11549//11549
f 11547//11547 11549//11549 11548//11548
f 11560//11560 11555//11555 11554//11554
f 11555//11555 11550//11550 11552//11552
f 11560//11560 11561//11561 11555//11555
f 11556//11556 11560//11560 11554//11554
f 11561//11561 11560//11560 11556//11556
f 11598//11598 11597//11597 11599//11599
f 11599//11599 11600//11600 11598//11598
f 11610//11610 11611//11611 11612//11612
f 11623//11623 11621//11621 11622//11622
f 11649//11649 11647//11647 11646//11646
f 11650//11650 11648//11648 11647//11647
f 11646//11646 11647//11647 11648//11648
f 11651//11651 11652//11652 11653//11653
f 11654//11654 11653//11653 11652//11652
f 11653//11653 11654//11654 11655//11655
f 11650//11650 11656//11656 11649//11649
f 11650//11650 11646//11646 11648//11648
f 11650//11650 11649//11649 11646//11646
f 11656//11656 11650//11650 11657//11657
f 11656//11656 11657//11657 11658//11658
f 11655//11655 11654//11654 11652//11652
f 11659//11659 11655//11655 11651//11651
f 11655//11655 11652//11652 11651//11651
f 11656//11656 11658//11658 11659//11659
f 11658//11658 11655//11655 11659//11659
f 11675//11675 11676//11676 11677//11677
f 11679//11679 11675//11675 11677//11677
f 11680//11680 11678//11678 11677//11677
f 11681//11681 11678//11678 11682//11682
f 11681//11681 11679//11679 11678//11678
f 11677//11677 11678//11678 11679//11679
f 11677//11677 11676//11676 11683//11683
f 11684//11684 11676//11676 11675//11675
f 11685//11685 11676//11676 11684//11684
f 11682//11682 11677//11677 11683//11683
f 11676//11676 11685//11685 11683//11683
f 11685//11685 11682//11682 11683//11683
f 11682//11682 11680//11680 11677//11677
f 11685//11685 11681//11681 11682//11682
f 11679//11679 11681//11681 11685//11685
f 11719//11719 11721//11721 11722//11722
f 11720//11720 11723//11723 11724//11724
f 11750//11750 11751//11751 11752//11752
f 11748//11748 11750//11750 11749//11749
f 11749//11749 11752//11752 11753//11753
f 11754//11754 11753//11753 11752//11752
f 11749//11749 11750//11750 11752//11752
f 11755//11755 11749//11749 11756//11756
f 11749//11749 11755//11755 11757//11757
f 11753//11753 11756//11756 11749//11749
f 11759//11759 11758//11758 11756//11756
f 11760//11760 11756//11756 11758//11758
f 11755//11755 11756//11756 11760//11760
f 11753//11753 11754//11754 11761//11761
f 11763//11763 11761//11761 11751//11751
f 11763//11763 11753//11753 11761//11761
f 11761//11761 11754//11754 11751//11751
f 11752//11752 11751//11751 11754//11754
f 11753//11753 11759//11759 11756//11756
f 11758//11758 11759//11759 11764//11764
f 11764//11764 11759//11759 11765//11765
f 11760//11760 11758//11758 11764//11764
f 11765//11765 11760//11760 11764//11764
f 11798//11798 11799//11799 11797//11797
f 11799//11799 11798//11798 11800//11800
f 11841//11841 11843//11843 11842//11842
f 11845//11845 11843//11843 11841//11841
f 11847//11847 11842//11842 11843//11843
f 11848//11848 11844//11844 11845//11845
f 11843//11843 11845//11845 11844//11844
f 11846//11846 11843//11843 11844//11844
f 11849//11849 11841//11841 11842//11842
f 11850//11850 11849//11849 11842//11842
f 11851//11851 11847//11847 11843//11843
f 11842//11842 11847//11847 11850//11850
f 11846//11846 11851//11851 11843//11843
f 11850//11850 11847//11847 11851//11851
f 11848//11848 11851//11851 11844//11844
f 11850//11850 11851//11851 11848//11848
f 11845//11845 11850//11850 11848//11848
f 11886//11886 11887//11887 11888//11888
f 11891//11891 11890//11890 11892//11892
f 11890//11890 11889//11889 11892//11892
f 11892//11892 11893//11893 11891//11891
f 11895//11895 11888//11888 11894//11894
f 11895//11895 11887//11887 11886//11886
f 11895//11895 11886//11886 11888//11888
f 11894//11894 11896//11896 11895//11895
f 11897//11897 11896//11896 11894//11894
f 11893//11893 11890//11890 11891//11891
f 11897//11897 11889//11889 11893//11893
f 11893//11893 11889//11889 11890//11890
f 11893//11893 11898//11898 11897//11897
f 11896//11896 11897//11897 11898//11898
f 11898//11898 11899//11899 11896//11896
f 11964//11964 11962//11962 11963//11963
f 11962//11962 11965//11965 11966//11966
f 11964//11964 11965//11965 11962//11962
f 11962//11962 11966//11966 11963//11963
f 11968//11968 11966//11966 11965//11965
f 11969//11969 11963//11963 11966//11966
f 11968//11968 11965//11965 11967//11967
f 11971//11971 11970//11970 11964//11964
f 11971//11971 11969//11969 11970//11970
f 11970//11970 11967//11967 11964//11964
f 11968//11968 11967//11967 11970//11970
f 11970//11970 11969//11969 11968//11968
f 11966//11966 11968//11968 11969//11969
f 11964//11964 11967//11967 11965//11965
f 11978//11978 11976//11976 11979//11979
f 11977//11977 11978//11978 11980//11980
f 11978//11978 11977//11977 11976//11976
f 12000//12000 11998//11998 11999//11999
f 11998//11998 12000//12000 12001//12001
f 12006//12006 12008//12008 12007//12007
f 12007//12007 12008//12008 12009//12009
f 12019//12019 12018//12018 12020//12020
f 12021//12021 12020//12020 12018//12018
f 12021//12021 12022//12022 12023//12023
f 12020//12020 12021//12021 12024//12024
f 12021//12021 12023//12023 12024//12024
f 12026//12026 12027//12027 12025//12025
f 12028//12028 12025//12025 12027//12027
f 12028//12028 12030//12030 12029//12029
f 12027//12027 12031//12031 12028//12028
f 12028//12028 12031//12031 12030//12030
f 12044//12044 12047//12047 12046//12046
f 12047//12047 12044//12044 12045//12045
f 12056//12056 12057//12057 12058//12058
f 12058//12058 12059//12059 12056//12056
f 12060//12060 12057//12057 12056//12056
f 12059//12059 12063//12063 12061//12061
f 12059//12059 12061//12061 12056//12056
f 12061//12061 12063//12063 12062//12062
f 12064//12064 12065//12065 12066//12066
f 12064//12064 12066//12066 12067//12067
f 12068//12068 12069//12069 12065//12065
f 12070//12070 12068//12068 12071//12071
f 12069//12069 12068//12068 12070//12070
f 12065//12065 12064//12064 12068//12068
f 12075//12075 12078//12078 12074//12074
f 12145//12145 12146//12146 12147//12147
f 12149//12149 12148//12148 12150//12150
f 12146//12146 12145//12145 12148//12148
f 12150//12150 12145//12145 12147//12147
f 12150//12150 12148//12148 12145//12145
f 12151//12151 12150//12150 12147//12147
f 12149//12149 12151//12151 12152//12152
f 12153//12153 12146//12146 12152//12152
f 12153//12153 12152//12152 12154//12154
f 12152//12152 12146//12146 12149//12149
f 12149//12149 12150//12150 12151//12151
f 12152//12152 12151//12151 12154//12154
f 12147//12147 12154//12154 12151//12151
f 12146//12146 12148//12148 12149//12149
f 12179//12179 12178//12178 12177//12177
f 12180//12180 12179//12179 12177//12177
f 12193//12193 12192//12192 12191//12191
f 12194//12194 12193//12193 12191//12191
f 12198//12198 12201//12201 12199//12199
f 12200//12200 12198//12198 12199//12199
f 12204//12204 12198//12198 12200//12200
f 12203//12203 12201//12201 12202//12202
f 12201//12201 12203//12203 12199//12199
f 12202//12202 12206//12206 12203//12203
f 12205//12205 12198//12198 12204//12204
f 12198//12198 12208//12208 12201//12201
f 12202//12202 12201//12201 12207//12207
f 12201//12201 12208//12208 12209//12209
f 12209//12209 12208//12208 12210//12210
f 12213//12213 12211//12211 12212//12212
f 12214//12214 12211//12211 12213//12213
f 12207//12207 12201//12201 12215//12215
f 12206//12206 12204//12204 12203//12203
f 12216//12216 12206//12206 12202//12202
f 12216//12216 12205//12205 12206//12206
f 12202//12202 12207//12207 12215//12215
f 12216//12216 12202//12202 12215//12215
f 12204//12204 12206//12206 12205//12205
f 12218//12218 12213//12213 12212//12212
f 12215//12215 12217//12217 12216//12216
f 12211//12211 12218//12218 12212//12212
f 12218//12218 12211//12211 12219//12219
f 12219//12219 12211//12211 12214//12214
f 12230//12230 12231//12231 12228//12228
f 12229//12229 12230//12230 12228//12228
f 12240//12240 12242//12242 12243//12243
f 12242//12242 12240//12240 12241//12241
f 12254//12254 12253//12253 12252//12252
f 12251//12251 12252//12252 12253//12253
f 12268//12268 12270//12270 12269//12269
f 12268//12268 12271//12271 12270//12270
f 12289//12289 12290//12290 12291//12291
f 12292//12292 12289//12289 12291//12291
f 12301//12301 12300//12300 12302//12302
f 12300//12300 12301//12301 12299//12299
f 12337//12337 12336//12336 12340//12340
f 12357//12357 12356//12356 12355//12355
f 12355//12355 12356//12356 12358//12358
f 12359//12359 12355//12355 12358//12358
f 12357//12357 12355//12355 12360//12360
f 12358//12358 12362//12362 12359//12359
f 12364//12364 12357//12357 12365//12365
f 12357//12357 12364//12364 12356//12356
f 12364//12364 12365//12365 12366//12366
f 12359//12359 12360//12360 12355//12355
f 12367//12367 12366//12366 12360//12360
f 12360//12360 12359//12359 12367//12367
f 12364//12364 12366//12366 12367//12367
f 12358//12358 12363//12363 12362//12362
f 12362//12362 12361//12361 12359//12359
f 12369//12369 12370//12370 12368//12368
f 12369//12369 12368//12368 12371//12371
f 12362//12362 12367//12367 12361//12361
f 12370//12370 12369//12369 12372//12372
f 12373//12373 12370//12370 12372//12372
f 12359//12359 12361//12361 12367//12367
f 12373//12373 12371//12371 12370//12370
f 12374//12374 12364//12364 12371//12371
f 12371//12371 12364//12364 12367//12367
f 12368//12368 12370//12370 12371//12371
f 12374//12374 12371//12371 12373//12373
f 12381//12381 12377//12377 12378//12378
f 12396//12396 12394//12394 12395//12395
f 12397//12397 12396//12396 12395//12395
f 12426//12426 12424//12424 12427//12427
f 12424//12424 12426//12426 12425//12425
f 12451//12451 12452//12452 12450//12450
f 12453//12453 12450//12450 12452//12452
f 12476//12476 12474//12474 12477//12477
f 12476//12476 12475//12475 12474//12474
f 12516//12516 12515//12515 12517//12517
f 12514//12514 12515//12515 12516//12516
f 12522//12522 12520//12520 12521//12521
f 12523//12523 12521//12521 12520//12520
f 12520//12520 12524//12524 12523//12523
f 12525//12525 12520//12520 12522//12522
f 12520//12520 12525//12525 12524//12524
f 12522//12522 12526//12526 12525//12525
f 12525//12525 12526//12526 12527//12527
f 12524//12524 12525//12525 12527//12527
f 12528//12528 12529//12529 12530//12530
f 12528//12528 12531//12531 12529//12529
f 12553//12553 12552//12552 12554//12554
f 12553//12553 12556//12556 12552//12552
f 12556//12556 12555//12555 12552//12552
f 12557//12557 12554//12554 12552//12552
f 12552//12552 12555//12555 12557//12557
f 12554//12554 12557//12557 12558//12558
f 12557//12557 12559//12559 12558//12558
f 12555//12555 12559//12559 12557//12557
f 12602//12602 12600//12600 12601//12601
f 12601//12601 12600//12600 12603//12603
f 12604//12604 12603//12603 12600//12600
f 12604//12604 12600//12600 12602//12602
f 12602//12602 12606//12606 12605//12605
f 12604//12604 12602//12602 12605//12605
f 12605//12605 12606//12606 12604//12604
f 12628//12628 12629//12629 12627//12627
f 12629//12629 12630//12630 12627//12627
f 12633//12633 12632//12632 12631//12631
f 12632//12632 12634//12634 12631//12631
f 12634//12634 12635//12635 12631//12631
f 12635//12635 12633//12633 12631//12631
f 12633//12633 12636//12636 12637//12637
f 12635//12635 12636//12636 12633//12633
f 12636//12636 12635//12635 12637//12637
f 12648//12648 12649//12649 12650//12650
f 12649//12649 12648//12648 12651//12651
f 12660//12660 12661//12661 12662//12662
f 12660//12660 12662//12662 12663//12663
f 12668//12668 12666//12666 12667//12667
f 12669//12669 12667//12667 12666//12666
f 12670//12670 12669//12669 12666//12666
f 12671//12671 12666//12666 12668//12668
f 12666//12666 12671//12671 12670//12670
f 12668//12668 12672//12672 12671//12671
f 12671//12671 12672//12672 12673//12673
f 12670//12670 12671//12671 12673//12673
f 12676//12676 12677//12677 12675//12675
f 12674//12674 12676//12676 12675//12675
f 12700//12700 12699//12699 12698//12698
f 12699//12699 12702//12702 12698//12698
f 12702//12702 12701//12701 12698//12698
f 12703//12703 12700//12700 12698//12698
f 12698//12698 12701//12701 12703//12703
f 12700//12700 12703//12703 12704//12704
f 12703//12703 12705//12705 12704//12704
f 12701//12701 12705//12705 12703//12703
f 12748//12748 12746//12746 12747//12747
f 12747//12747 12746//12746 12749//12749
f 12749//12749 12746//12746 12748//12748
f 12748//12748 12751//12751 12750//12750
f 12749//12749 12748//12748 12750//12750
f 12749//12749 12750//12750 12752//12752
f 12750//12750 12751//12751 12752//12752
f 12775//12775 12773//12773 12776//12776
f 12774//12774 12776//12776 12773//12773
f 12779//12779 12778//12778 12777//12777
f 12778//12778 12780//12780 12777//12777
f 12780//12780 12779//12779 12777//12777
f 12779//12779 12781//12781 12782//12782
f 12780//12780 12783//12783 12781//12781
f 12780//12780 12781//12781 12779//12779
f 12781//12781 12783//12783 12782//12782
f 12794//12794 12795//12795 12796//12796
f 12795//12795 12794//12794 12797//12797
f 12807//12807 12808//12808 12806//12806
f 12806//12806 12808//12808 12809//12809
f 12814//12814 12812//12812 12813//12813
f 12815//12815 12813//12813 12812//12812
f 12816//12816 12815//12815 12812//12812
f 12817//12817 12812//12812 12814//12814
f 12812//12812 12817//12817 12816//12816
f 12814//12814 12818//12818 12817//12817
f 12817//12817 12818//12818 12819//12819
f 12816//12816 12817//12817 12819//12819
f 12822//12822 12823//12823 12821//12821
f 12820//12820 12822//12822 12821//12821
f 12846//12846 12845//12845 12844//12844
f 12845//12845 12848//12848 12844//12844
f 12848//12848 12847//12847 12844//12844
f 12849//12849 12846//12846 12844//12844
f 12844//12844 12847//12847 12849//12849
f 12846//12846 12849//12849 12850//12850
f 12849//12849 12851//12851 12850//12850
f 12847//12847 12851//12851 12849//12849
f 12894//12894 12892//12892 12893//12893
f 12893//12893 12892//12892 12895//12895
f 12892//12892 12896//12896 12895//12895
f 12896//12896 12892//12892 12894//12894
f 12894//12894 12898//12898 12897//12897
f 12896//12896 12894//12894 12897//12897
f 12897//12897 12898//12898 12896//12896
f 12920//12920 12921//12921 12919//12919
f 12921//12921 12922//12922 12919//12919
f 12925//12925 12924//12924 12923//12923
f 12924//12924 12926//12926 12923//12923
f 12926//12926 12927//12927 12923//12923
f 12927//12927 12925//12925 12923//12923
f 12925//12925 12928//12928 12929//12929
f 12927//12927 12928//12928 12925//12925
f 12928//12928 12927//12927 12929//12929
f 12941//12941 12940//12940 12942//12942
f 12942//12942 12940//12940 12943//12943
